tree
version=v4
num_class=1
num_tree_per_iteration=1
label_index=0
max_feature_idx=336
objective=regression
feature_names=Column_0 Column_1 Column_2 Column_3 Column_4 Column_5 Column_6 Column_7 Column_8 Column_9 Column_10 Column_11 Column_12 Column_13 Column_14 Column_15 Column_16 Column_17 Column_18 Column_19 Column_20 Column_21 Column_22 Column_23 Column_24 Column_25 Column_26 Column_27 Column_28 Column_29 Column_30 Column_31 Column_32 Column_33 Column_34 Column_35 Column_36 Column_37 Column_38 Column_39 Column_40 Column_41 Column_42 Column_43 Column_44 Column_45 Column_46 Column_47 Column_48 Column_49 Column_50 Column_51 Column_52 Column_53 Column_54 Column_55 Column_56 Column_57 Column_58 Column_59 Column_60 Column_61 Column_62 Column_63 Column_64 Column_65 Column_66 Column_67 Column_68 Column_69 Column_70 Column_71 Column_72 Column_73 Column_74 Column_75 Column_76 Column_77 Column_78 Column_79 Column_80 Column_81 Column_82 Column_83 Column_84 Column_85 Column_86 Column_87 Column_88 Column_89 Column_90 Column_91 Column_92 Column_93 Column_94 Column_95 Column_96 Column_97 Column_98 Column_99 Column_100 Column_101 Column_102 Column_103 Column_104 Column_105 Column_106 Column_107 Column_108 Column_109 Column_110 Column_111 Column_112 Column_113 Column_114 Column_115 Column_116 Column_117 Column_118 Column_119 Column_120 Column_121 Column_122 Column_123 Column_124 Column_125 Column_126 Column_127 Column_128 Column_129 Column_130 Column_131 Column_132 Column_133 Column_134 Column_135 Column_136 Column_137 Column_138 Column_139 Column_140 Column_141 Column_142 Column_143 Column_144 Column_145 Column_146 Column_147 Column_148 Column_149 Column_150 Column_151 Column_152 Column_153 Column_154 Column_155 Column_156 Column_157 Column_158 Column_159 Column_160 Column_161 Column_162 Column_163 Column_164 Column_165 Column_166 Column_167 Column_168 Column_169 Column_170 Column_171 Column_172 Column_173 Column_174 Column_175 Column_176 Column_177 Column_178 Column_179 Column_180 Column_181 Column_182 Column_183 Column_184 Column_185 Column_186 Column_187 Column_188 Column_189 Column_190 Column_191 Column_192 Column_193 Column_194 Column_195 Column_196 Column_197 Column_198 Column_199 Column_200 Column_201 Column_202 Column_203 Column_204 Column_205 Column_206 Column_207 Column_208 Column_209 Column_210 Column_211 Column_212 Column_213 Column_214 Column_215 Column_216 Column_217 Column_218 Column_219 Column_220 Column_221 Column_222 Column_223 Column_224 Column_225 Column_226 Column_227 Column_228 Column_229 Column_230 Column_231 Column_232 Column_233 Column_234 Column_235 Column_236 Column_237 Column_238 Column_239 Column_240 Column_241 Column_242 Column_243 Column_244 Column_245 Column_246 Column_247 Column_248 Column_249 Column_250 Column_251 Column_252 Column_253 Column_254 Column_255 Column_256 Column_257 Column_258 Column_259 Column_260 Column_261 Column_262 Column_263 Column_264 Column_265 Column_266 Column_267 Column_268 Column_269 Column_270 Column_271 Column_272 Column_273 Column_274 Column_275 Column_276 Column_277 Column_278 Column_279 Column_280 Column_281 Column_282 Column_283 Column_284 Column_285 Column_286 Column_287 Column_288 Column_289 Column_290 Column_291 Column_292 Column_293 Column_294 Column_295 Column_296 Column_297 Column_298 Column_299 Column_300 Column_301 Column_302 Column_303 Column_304 Column_305 Column_306 Column_307 Column_308 Column_309 Column_310 Column_311 Column_312 Column_313 Column_314 Column_315 Column_316 Column_317 Column_318 Column_319 Column_320 Column_321 Column_322 Column_323 Column_324 Column_325 Column_326 Column_327 Column_328 Column_329 Column_330 Column_331 Column_332 Column_333 Column_334 Column_335 Column_336
feature_infos=[2.6390573296152584:11.151467672855061] [1.6094379124341003:9.2677598628436684] [0.69314718055994529:6.692083742506628] none [0.69314718055994529:7.2093402566029097] [0:6.7912214627261855] [0:0.70930232558139539] [0:0.87128712871287128] [0:0.89473684210526316] [0:0.36781609195402298] [0:0.59999999999999998] [1.076086956521739:6.3571428571428568] [0:1] [0:1] [0:1] [0.00018571428571428572:0.99521428571428572] [0.06964623588996019:1.2435523125873147] none none [3:94] [0:1] [0:1] none none none none none none none none none none none none none none none none none none none none none none none none none [0:2.7080502011022101] none [0:2.3978952727983707] [0:4.219507705176107] [0:3.2580965380214821] [0:3.912023005428146] [0:1.9459101490553132] [0:1.9459101490553132] [0:2.4849066497880004] [0:3.0910424533583161] none none none none [0:7.6463537224459994] [0:1.6094379124341003] [0:2.8332133440562162] none [0:2.1972245773362196] none [0:4.5643481914678361] [0:3.0910424533583161] [0:1.0986122886681098] none [0:2.4849066497880004] [0:2.7725887222397811] [0:1.6094379124341003] none none none [0:3.4011973816621555] none [0:0.69314718055994529] [0:1.6094379124341003] [-0.83718011123231773:-0.096126464043361434] [-0.48768947341389235:0.65292774413704657] [-0.47465585475165384:0.44308320932525574] [-0.5633914865669124:0.48659167805718295] [-0.46425387854847094:0.40480475189761039] [-0.50947907324942732:0.37720831011682493] [-0.64064944999282747:0.22381868527659973] [-0.36665502801998384:0.38434868017919682] [-0.2868233118747423:0.5660099507391505] [-0.53840450666518858:0.46777429984411401] [-0.39552677813117976:0.25710451740523815] [-0.38106001024828035:0.41888882966754265] [-0.68702685043348566:0.14644660200273663] [-0.41854130986994925:0.2712536966192825] [-0.38953509441468015:0.28052180390621495] [-0.71381912188145769:0.20389781296247814] [-0.26961497078111873:0.56828893082118437] [-0.57287956940492324:0.23088470673663225] [-0.21161347590589974:0.27159748376358933] [-0.24743244048901814:0.24978295209923609] [-0.26737125090496883:0.51503209900233349] [-0.27694347255475138:0.25335980387158741] [-0.27888111746340244:0.24598388548329761] [-0.24362891767062017:0.20936602224500767] [-0.17296369727773417:0.23382208252318945] [-0.25252572776984528:0.2507244858093946] [-0.26393804542164928:0.24024573894563947] [-0.18226181652875584:0.28203433453792076] [-0.26889675527464557:0.19252414270207688] [-0.24186993356330827:0.20585442307067126] [-0.2304815901224975:0.23195786540122046] [-0.20736991814750119:0.16522226111450369] [-0.35990674637440784:0.33025588550692564] [-0.11406060543001521:0.44862105959583909] [-0.15411617040777795:0.18477967799909653] [-0.16282139910569315:0.15986384057212674] [-0.21906647444211874:0.18251823701834738] [-0.25333871893487214:0.33827069278414357] [-0.28479668941699032:0.2502599760735475] [-0.24110872859270058:0.16795878455553614] [-0.16856034725961952:0.18072679352592472] [-0.16171896580087461:0.16843523415122155] [-0.19842551719403065:0.17800629399241766] [-0.3678877701850391:0.19798066235064399] [-0.22146471431919618:0.19638134497825016] [-0.23313289982233723:0.21059044956059603] [-0.19483256481867586:0.17927482717788448] [-0.20294134058433452:0.20768142757041047] [-0.1845309584276901:0.15029511642329771] [-0.13362430601749017:0.26231557500423586] [-0.24778944206793618:0.33322839646146879] [-0.14235461977476971:0.15005904666569886] [-0.21947296631454252:0.15020216914881768] [-0.22911431583211123:0.30066212628613181] [-0.2460366072028366:0.20895996091666391] [-0.19063629510096503:0.21162293557957981] [-0.20599408812757442:0.17633876662606263] [-0.23340582900372867:0.20088096246649556] [-0.28505342007403367:0.19137919299526054] [-0.18270320492440245:0.18932849492282128] [-0.19813797637881866:0.2063778455519005] [-0.17242671776818796:0.18764558110023999] [-0.15941406935317973:0.23748543014593884] [-0.29572835535836722:0.14310190147903151] [-0.19042316444043417:0.17843939977593171] [-0.23325105703864815:0.1819678721089443] [-0.16734325182526105:0.20562950144659906] [-0.18380853936758101:0.30168843457069255] [-0.1388325216566052:0.18755532088413088] [-0.1846647666411233:0.23504146677792026] [-0.17135313392730492:0.18083241820422782] [-0.14648585027260244:0.16224420367064665] [-0.22663775416636389:0.16275794739923438] [-0.15609958479664915:0.17724748656111936] [-0.16841227193605174:0.15758666390654094] [-0.13843599827652048:0.19762142041552605] [-0.17682979783167219:0.24703355548507105] [-0.13384972206396428:0.21413643077076544] [-0.13571910804974166:0.20436035480835615] [-0.17225228479171409:0.10482638720454188] [-0.25614624434432132:0.13742514969070183] [-0.15468421960406714:0.15336275013970133] [-0.14352966315557653:0.15349079028729967] [-0.14779021897368719:0.15289836828485134] [-0.17633287701762834:0.13015895065404595] [-0.13187331959104343:0.1387169462874889] [-0.13371685420710885:0.12417156557745984] [-0.12930332650344412:0.14985726061633417] [-0.20496075444712233:0.13364859415812316] [-0.27247174692434206:0.15168523566312239] [-0.1391290126691955:0.10833741970440472] [-0.18924864245028852:0.14530298956576343] [-0.14063993148864032:0.13331194807536156] [-0.18899693698528017:0.11220064445469906] [-0.15052233571678594:0.11352685174425238] [-0.155961046175568:0.10960664825555663] [-0.17003784584306547:0.19539754027129261] [-0.17360219559593937:0.14139704133577069] [-0.13338674171643275:0.16599792994218707] [-0.18894116914263329:0.28078958325401171] [-0.13502322115321092:0.11653621180497643] [-0.1101842551162406:0.19431945395372568] [-0.11957196781663734:0.13144134497620491] [-0.16161328534474914:0.14715815789871103] [-0.132709274418392:0.16959700475933931] [-0.26627542946400395:0.17617585900598567] [-0.12034222991595213:0.21148615559081702] [-0.22296158028680657:0.18911189037235948] [-0.1269989028780148:0.1721374326279734] [-0.15358952725024044:0.1946115839461168] [-0.14390945718834669:0.12935150779968146] [-0.14499538976441878:0.23492051972655126] [-0.16093554680653235:0.13338215203772338] [-0.12829888425840444:0.13090896100773092] [-0.12700676774331854:0.14113313565559271] [-0.12401818534264235:0.16990371568066073] [-0.13436897122834179:0.15945102644318554] [-0.21299078077598491:0.16282522867969712] [-0.17918598117542267:0.17395095100701918] [-0.14596247772993184:0.14495911333875039] [-0.19315253066119253:0.10275897540829478] [-0.16265433849942834:0.20942567168730389] [-0.12730478377072191:0.14594409823810506] [-0.189010911509679:0.14993132914545468] [-0.15164302346234335:0.14488773810952435] [-0.14261574877139616:0.15223572980981076] [-0.18858389607841622:0.16968776814090789] [-0.12736251894781231:0.14364145765130942] [-0.016591501578839939:0.89352733093374903] [-0.73764436538032474:0.025504154146733411] [-0.26080794133088187:0.74458704616705196] [-0.24695489922389896:0.65511200728171481] [-0.4312982103783411:0.39504610365154164] [-0.14877649010973418:0.44951258096508157] [-0.16216456683975169:0.6967115555494664] [-0.61747928246984074:0.24482180563233999] [-0.33945036493120667:0.40972419291029982] [-0.35493429560288381:0.47285551191571101] [-0.13609676841870688:0.36983873977796028] [-0.31089308293396134:0.3374490523721107] [-0.16974723959573484:0.38321333064413016] [-0.70407974924786587:0.27008321191640705] [-0.18511560505461702:0.45969130065952363] [-0.27300774021692736:0.51375964820720788] [-0.25282963091957877:0.2920512300771349] [-0.33815651665825225:0.36679480755197341] [-0.24745747812034671:0.38768984357788483] [-0.35114005682997068:0.25709768435093511] [-0.38529733634886831:0.16112857809962625] [-0.30458481258427117:0.33857957959557849] [-0.31587303388611188:0.24497880602649727] [-0.21815828614530924:0.53972658007878094] [-0.1846893341334794:0.2784441724000154] [-0.32441828446256205:0.27479583535629531] [-0.33316919452077565:0.19843001905089777] [-0.19171312500438425:0.29515253121067436] [-0.1840208293823368:0.23052258030116624] [-0.19881297035746576:0.29509533687199241] [-0.30087802510302647:0.30873907563854786] [-0.37775450104114616:0.24985339812341431] [-0.228393129611626:0.30364171552494695] [-0.36259936920885388:0.16201611672426772] [-0.22538528542026406:0.31544097284873873] [-0.34134536756050571:0.19413214832899295] [-0.2101405099833937:0.21786317297567043] [-0.27167621660915958:0.16635083887157628] [-0.19863112137296116:0.2524129589831321] [-0.24487900021726222:0.25036574218396607] [-0.29179544674325519:0.28582430504305634] [-0.1910586059560522:0.19731847749444084] [-0.15336505935819919:0.25343435710083462] [-0.26768677447831624:0.22107907703986421] [-0.26745193050204719:0.20902123127108313] [-0.20786687162555006:0.21189369435341934] [-0.19435436382794838:0.19758108259870499] [-0.23006775926384393:0.20361242831908885] [-0.27338631875387487:0.22245808929328537] [-0.2182272519734012:0.20159869688016901] [-0.22122289509430521:0.20020563725571355] [-0.18121765262294828:0.16442142911026797] [-0.24854497273237783:0.17936704284353991] [-0.20721197224122934:0.2264353087596683] [-0.1530393356973456:0.16589787562041025] [-0.17730942912055137:0.28523414046661794] [-0.21299637240901251:0.20178101703142332] [-0.18502759439204472:0.1387218863345068] [-0.25216821407071133:0.20640411457753513] [-0.21786579118427352:0.19324722634790978] [-0.17802072505294458:0.18324506779129149] [-0.24461582278445609:0.1869403866397204] [-0.18627190960544454:0.23297303867731223] [-0.16221631924744742:0.26538806055265207] [-0.18132214554291068:0.19950094362197712] [-0.20912553317539662:0.18354015739756699] [-0.17107109994479286:0.14922905413970011] [-0.16404055058029349:0.14447947763238272] [-0.17874270773981329:0.18766154035764226] [-0.17519843566460624:0.17070650543376992] [-0.20197439652984486:0.17531071535693302] [-0.20241381550538856:0.14064084567756302] [-0.2561301079141633:0.15807903235117648] [-0.14840357822061973:0.17297430959080906] [-0.13835525213092181:0.19618136517746992] [-0.19512561736738021:0.20540135401378035] [-0.17107367382501129:0.2273498684204007] [-0.13182548397759647:0.1752061169390533] [-0.15574483407469811:0.15208191831281925] [-0.1663561994865779:0.25607779897261085] [-0.14719215426367602:0.17265139705651017] [-0.1625022941068581:0.15934761549299467] [-0.13004280951383621:0.16438062717549487] [-0.1593020884014133:0.15050714058530276] [-0.13650624332802344:0.18717363207036528] [-0.13941415532467613:0.16826507315380418] [-0.16956432882570385:0.18631803943307768] [-0.14321477796401941:0.16938483205060428] [-0.16404630786663413:0.20131530470662748] [-0.18440926213337422:0.19672748010946531] [-0.24331609771608786:0.18915320190153556] [-0.20241566073327266:0.16023224287981369] [-0.16600279269802293:0.16106334562921412] [-0.18676346265338006:0.19981830321958802] [-0.17618186918144246:0.1769484055803752] [-0.16718337229836486:0.15126135319165335] [-0.20807145053181469:0.16550183106459401] [-0.14717851914383279:0.15128045656377573] [-0.25215045997629387:0.1248082220239673] [-0.14823780312436752:0.1926312589870077] [-0.17207387336020735:0.15450345045308397] [-0.15638800699923019:0.19040279931735274] [-0.12544984088798714:0.18602801288599374] [-0.21480851843480336:0.1937449010648554] [-0.13116201892714799:0.17430017729887956] [-0.13866733650282459:0.1905033109028296] [-0.13176251472463127:0.15093889223749832] [-0.12268203586196218:0.14035086449181336] [-0.16476769628671578:0.1610839554016181] [-0.13124328010193378:0.1713688191520138] [-0.11564627247004036:0.15102156308156542] [-0.13347845440916389:0.13353204918616593] [-0.20573416741608494:0.14313624692473129] [-0.26752995325199186:0.12231797972318484] [-0.11400244959141995:0.16213494402172032] [-0.14643287692090126:0.14583300267128471] [-0.15587851621681523:0.14893766517477466] [-0.17388264841231463:0.12198916151675203] [-0.20385907142143556:0.17409956014041039] [-0.1331005057011386:0.1768934106600322] [-0.17077358220527158:0.12197748455433617] [-0.13430499128785603:0.13942766698836478] [-0.1781347365260334:0.17819186947007867] [-0.12634533068640993:0.15150015471178335] [-0.12730529547159963:0.12929718226744077] [-0.12514459118577889:0.19883086368104927] [-0.11181800634676768:0.12666304765376121] [-0.14293758496770664:0.13185611849321024]
tree_sizes=2654 2840 2838 2817 2850 2835 2855 2847 2848 2852 2855 2865 2838 2882 2852 2890 2863 2896 2867 2883 2875 2874 2900 2910 2887 2877 2914 2885 2896 2901 2905 2917 2914 2924 2932 2922 2919 2936 2942 2944 2926 2940 2946 2941 2942 2961 2960 2949 2942 2956 2962 2945 2953 2957 2955 2980 2957 2984 2980 2980 2970 2970 2984 2981 2978 2993 2969 2983 2979 2981 2985 2987 2997 3005 2990 3000 3014 3001 2998 2989 3012 3008 3007 3011 3013 3035 3020 3014 3020 3017 2992 3054 3038 3025 3022 3036 3048 3054 3038 3045 3055 3044 3057 3069 3061 3077 3066 3060 3051 3070 3063 3074 3050 3082 3065 3082 3064 3057 3079 3064 3057 3049 3073 3069 3063 3073 3084 3080 3058 3096 3073 3093 3081 3074 3078 3072 3075 3088 3094 3090 3077 3081 3096 3082 3080 3072 3070 3072 3059 3065 3082 3078 3075 3080 3089 3071 3087 3090 3069 3074 3081 3063 3085 3079 3082 3094 3084 3079 3079 3086 3086 3080 3079 3078 3083 3087 3075 3099 3089 3067 3093 3077 3077 3081 3079 3075 3104 3090 3088 3108 3088 3085 3089 3095 3083 3093 3103 3077 3100 3101 3096 3096 3105 3123 3113 3102 3098 3106 3099 3109 3136 3116 3097 3111 3097 3108 3110 3116 3116 3108 3097 3102 3096 3121 3123 3099 3113 3100 3099 3118 3100 3110 3118 3099 3117 3127 3112 3113 3112 3095 3103 3124 3125 3074 3106 3125 3117 3088 3111 3093 3108 3121 3117 3130 3115 3109 3101 3098 3109 3124 3098 3132 3130 3119 3112 3126 3125 3106 3113 3118 3104 3122 3110 3102 3115 3090 3120 3120 3124 3110 3115 3139 3122 3115 3119 3125 3110 3102 3105 3113 3121 3107 3126 3123 3123 3139 3099 3110 3104 3119

Tree=0
num_leaves=31
num_cat=0
split_feature=2 1 14 5 49 0 221 88 1 91 0 1 4 210 210 1 211 83 210 0 86 1 1 219 1 1 91 0 0 1
split_gain=2407.06 181.039 78.1611 68.5402 21.8334 29.2268 17.6835 9.07676 7.27999 5.6617 5.89466 4.71559 4.64661 2.57475 2.06735 1.87314 1.63085 1.45267 1.15589 2.459 0.933273 0.678493 0.594295 0.560626 0.556945 0.519933 0.504191 0.433793 0.41869 0.373652
threshold=3.7313945787062246 3.8176519431297078 1.0000000180025095e-35 1.0000000180025095e-35 1.0000000180025095e-35 5.8096417414785728 0.13822985503925153 -0.077222654837434818 2.8617925509761908 -0.093642454938020994 4.9593358439305844 4.9801701820644562 0.89587973461402759 0.0082702700058253347 0.000528892131814722 4.7405652883788738 -0.0035350948275324318 -0.2501926285770501 -0.0025038842228988574 4.6867395546766826 1.0000000180025095e-35 5.2310943182715759 4.1820210059610323 0.0079883345393328767 4.0517471391904856 3.5972184255501678 -0.019208132077672035 5.4743671128014944 4.166635176627655 4.5271940351011493
decision_type=2 2 2 2 2 2 2 2 2 2 2 2 2 2 2 2 2 2 2 2 2 2 2 2 2 2 2 2 2 2
left_child=1 3 -2 6 5 7 8 14 -1 -9 -11 12 29 17 26 -14 20 -10 -19 28 23 -13 -6 -12 -16 -8 -3 -18 -20 -7
right_child=2 4 -4 -5 22 11 25 9 13 10 16 21 15 -15 24 -17 27 18 19 -21 -22 -23 -24 -25 -26 -27 -28 -29 -30 -31
leaf_value=6.0137597388020216 6.2152945628671938 6.0529437555637191 6.2874800046790726 6.0799597114576178 6.0821811912573525 6.0834858963237792 6.0492082136921033 6.0327758342346405 6.0396425739124222 6.0375264426744515 6.0618511421188579 6.0813701729789713 6.0655636437157305 6.0455069167293951 6.0681296039111627 6.0736080074552348 6.0493261034128727 6.0230879394292973 6.0223216558614983 6.0456530452180992 6.0711418943310322 6.0897770987112416 6.0880726913307281 6.0527161620895971 6.0759175523332409 6.0594661127685594 6.0640363922423095 6.0558862147898473 6.0289474006869241 6.09303518824618
leaf_weight=122 60 21 100 71 76 21 21 34 21 43 71 60 126 20 48 170 42 152 38 20 22 40 98 22 44 30 20 63 64 20
leaf_count=122 60 21 100 71 76 21 21 34 21 43 71 60 126 20 48 170 42 152 38 20 22 40 98 22 44 30 20 63 64 20
internal_value=6.0755 6.05701 6.26041 6.03406 6.06934 6.06609 6.02738 6.05684 6.02413 6.05198 6.05446 6.0752 6.07237 6.02815 6.06769 6.07018 6.05777 6.02697 6.026 6.02962 6.06188 6.08473 6.0855 6.05969 6.07185 6.05524 6.05835 6.05326 6.02648 6.08814
internal_weight=1760 1600 160 559 1041 867 488 430 437 297 263 437 337 315 133 296 220 295 274 122 115 100 174 93 92 51 41 105 102 41
internal_count=1760 1600 160 559 1041 867 488 430 437 297 263 437 337 315 133 296 220 295 274 122 115 100 174 93 92 51 41 105 102 41
is_linear=0
shrinkage=1


Tree=1
num_leaves=31
num_cat=0
split_feature=1 1 14 5 49 0 221 88 1 91 82 1 4 210 210 1 19 83 210 0 83 1 0 1 1 91 1 0 7 1
split_gain=2172.55 162.529 73.0798 61.8575 18.9632 26.2905 15.9594 8.28096 6.57019 5.10968 5.34695 4.25582 4.19357 2.32371 1.85524 1.69051 1.50659 1.31103 1.04319 2.21925 0.739341 0.61234 0.548846 0.503269 0.469239 0.455032 0.43029 0.381549 0.388022 0.344599
threshold=5.9673287727711335 3.8176519431297078 1.0000000180025095e-35 1.0000000180025095e-35 0.89587973461402759 5.8096417414785728 0.13822985503925153 -0.077222654837434818 2.8617925509761908 -0.093642454938020994 0.37020914597827875 4.9801701820644562 0.89587973461402759 0.0082702700058253347 0.000528892131814722 4.7405652883788738 8.7321428571428594 -0.2501926285770501 -0.0025038842228988574 4.6867395546766826 0.10469856179684213 5.2310943182715759 4.7050052835523761 4.0517471391904856 3.5972184255501678 -0.019208132077672035 4.4127799275304271 4.0689902272260703 0.37858312858312865 4.1820210059610323
decision_type=2 2 2 2 2 2 2 2 2 2 2 2 2 2 2 2 2 2 2 2 2 2 2 2 2 2 2 2 2 2
left_child=1 3 -2 6 5 7 8 14 -1 -9 16 12 -7 17 25 -14 -11 -10 -19 27 26 -13 -12 -16 -8 -3 -18 -20 -29 -6
right_child=2 4 -4 -5 29 11 24 9 13 10 22 21 15 -15 23 -17 20 18 19 -21 -22 -23 -24 -25 -26 -27 -28 28 -30 -31
leaf_value=-0.058655000221533853 0.13193815116022453 -0.021430183095591412 0.20137926220893859 0.0042349757475804699 0.0067099825881824296 0.012010132593511628 -0.024978948065212794 -0.040589706161442925 -0.034066304138728548 -0.021496410081270099 -0.040593737789562774 0.0055749140572152103 -0.0094412890211161647 -0.028495180066674949 -0.0070494985474007475 -0.0017991432441083494 -0.017919954332504786 -0.049793209586488578 -0.051199716906393737 -0.028356357216835021 -0.0043629333110792303 0.013561493009328844 -0.030124712278766022 0.0002741851902101189 -0.015233944108088813 -0.010892177951755004 -0.011456234609851471 -0.041741405924161278 -0.049413861219699567 0.011240247373958838
leaf_weight=122 61 21 100 71 74 41 21 34 21 87 21 60 126 20 49 170 51 152 31 20 21 40 31 45 30 20 52 45 26 97
leaf_count=122 61 21 100 71 74 41 21 34 21 87 21 60 126 20 49 170 51 152 31 20 21 40 31 45 30 20 52 45 26 97
internal_value=1.68448e-10 -0.0176274 0.175069 -0.0393705 -0.00594043 -0.00893543 -0.0457147 -0.0176824 -0.0488037 -0.0223496 -0.0199916 -0.000288528 -0.00297638 -0.0449883 -0.00741455 -0.00505222 -0.0164524 -0.0461064 -0.0470292 -0.0435856 -0.0129134 0.00876955 -0.0343526 -0.00354348 -0.0192466 -0.0162897 -0.0146567 -0.0465717 -0.044551 0.00927978
internal_weight=1760 1599 161 559 1040 869 488 432 437 297 263 437 337 315 135 296 211 295 274 122 124 100 52 94 51 41 103 102 71 171
internal_count=1760 1599 161 559 1040 869 488 432 437 297 263 437 337 315 135 296 211 295 274 122 124 100 52 94 51 41 103 102 71 171
is_linear=0
shrinkage=0.05


Tree=2
num_leaves=31
num_cat=0
split_feature=2 1 14 5 49 0 221 88 1 1 4 91 1 210 1 83 0 1 1 1 92 214 1 61 210 83 1 295 0 1
split_gain=1960.95 147.435 63.5782 55.8264 17.7479 23.8416 14.4033 7.90414 5.93063 5.19385 4.27477 3.77635 2.96778 2.23602 1.96417 1.21465 1.08969 0.935701 0.857837 0.849015 0.81266 0.749667 0.564786 0.501379 0.480445 0.445371 0.423489 0.298396 0.263332 0.261961
threshold=3.7313945787062246 3.8176519431297078 1.0000000180025095e-35 1.0000000180025095e-35 1.0000000180025095e-35 5.6716020950760067 0.13822985503925153 -0.047631908800922267 2.9174053685313028 4.945201156493737 0.89587973461402759 -0.020772041024670347 4.0859410030639109 0.0071375206154012929 4.7405652883788738 -0.2501926285770501 5.3636340903656388 4.516324041782946 3.5972184255501678 5.2310943182715759 0.019056029897595899 0.01292356416363088 4.4601277074540464 2.524928003624769 -0.001071149313838615 0.11679101587879019 3.5972184255501678 -0.009471308341196855 5.4359006562387187 4.2696729980286863
decision_type=2 2 2 2 2 2 2 2 2 2 2 2 2 2 2 2 2 2 2 2 2 2 2 2 2 2 2 2 2 2
left_child=1 3 -2 6 5 7 8 11 -1 10 17 -3 20 15 22 -10 -14 29 25 -11 -9 28 -12 -6 -20 -17 -8 -27 -13 -7
right_child=2 4 -4 -5 23 9 26 12 13 19 14 21 16 -15 -16 18 -18 -19 24 -21 -22 -23 -24 -25 -26 27 -28 -29 -30 -31
leaf_value=-0.055514643305823924 0.12620617548624677 -0.025692730525444296 0.19131029939651489 0.0040232267952196197 0.0080113596617688541 -0.00098943285252475603 -0.023730000356833141 -0.027039418613602373 -0.032362988165446686 0.0041134625833528643 -0.016499305019776027 -0.010265257528850012 -0.028558314794843848 -0.028619347005867615 -0.0024634250881999708 -0.049117425416858457 -0.018011828292357295 0.015504534271630375 -0.043900605358860714 0.012883418723940849 -0.03792195437209947 0.0031077066186948549 -0.0090446891330451858 0.016250320275624595 -0.036843203380703925 -0.038872260706765312 -0.014472246269385021 -0.046371947725613913 -0.0047603468133861002 0.0069171110913157467
leaf_weight=126 60 29 100 71 153 22 21 29 21 89 30 42 33 26 142 103 95 22 66 40 42 21 166 21 38 21 30 36 45 20
leaf_count=126 60 29 100 71 153 22 21 29 21 89 30 42 33 26 142 103 95 22 66 40 42 21 166 21 38 21 30 36 45 20
internal_value=2.27711e-10 -0.0166896 0.166896 -0.037402 -0.00556743 -0.00849215 -0.043429 -0.0189155 -0.0463635 -0.0018966 -0.00469783 -0.00967287 -0.0252785 -0.042656 -0.00694143 -0.0439365 -0.0207308 0.00715116 -0.0448571 0.00683283 -0.033477 -0.00537125 -0.0101857 0.00900572 -0.0413219 -0.047155 -0.0182843 -0.0436089 -0.00741789 0.00277559
internal_weight=1760 1600 160 559 1041 867 488 336 437 531 402 137 199 311 338 285 128 64 264 129 71 108 196 174 104 160 51 57 87 42
internal_count=1760 1600 160 559 1041 867 488 336 437 531 402 137 199 311 338 285 128 64 264 129 71 108 196 174 104 160 51 57 87 42
is_linear=0
shrinkage=0.05


Tree=3
num_leaves=31
num_cat=0
split_feature=1 1 14 5 212 0 221 91 82 1 4 1 4 210 1 1 83 210 0 7 0 1 1 1 82 1 0 82 7 1
split_gain=1769.95 132.357 59.4349 50.3833 15.4377 21.5041 12.999 6.9207 6.97828 5.36397 4.22844 3.48986 3.30275 1.9114 1.46844 1.44913 1.06803 0.858966 1.94148 0.801586 0.478446 0.477845 0.416096 0.382198 0.365883 0.335897 0.332429 0.330101 0.326464 0.319525
threshold=5.9673287727711335 3.8176519431297078 1.0000000180025095e-35 1.0000000180025095e-35 0.1672567479758589 5.8096417414785728 0.13822985503925153 -0.072572206539367565 0.37020914597827875 2.8617925509761908 0.89587973461402759 5.0005792898547883 0.89587973461402759 0.0082702700058253347 4.7492611597348082 4.3882378946731615 -0.2501926285770501 -0.0025038842228988574 4.6867395546766826 0.75251954418296307 4.7050052835523761 4.135134555718313 5.2310943182715759 3.5972184255501678 0.078599784622423313 4.5271940351011493 4.0689902272260703 -0.1047822842104907 0.37858312858312865 8.039630215746401
decision_type=2 2 2 2 2 2 2 2 2 2 2 2 2 2 2 2 2 2 2 2 2 2 2 2 2 2 2 2 2 2
left_child=1 3 29 6 5 7 9 19 10 -1 21 12 25 16 27 -12 -11 -18 26 -3 -10 -9 -13 -8 -16 -7 -19 -14 -28 -2
right_child=2 4 -4 -5 -6 11 23 8 20 13 15 22 14 -15 24 -17 17 18 -20 -21 -22 -23 -24 -25 -26 -27 28 -29 -30 -31
leaf_value=-0.0529465199493971 0.11393981456756593 -0.024773055464029314 0.18174477910995485 0.0038220655332109562 0.008417005886816804 0.0063278919339857312 -0.022543500789574216 -0.005640134511775868 -0.036970461830496786 -0.030744838288852147 -0.019037570594212946 0.0054561360881052682 -0.010145532810825041 -0.025639453697949649 -0.0022208684408634017 -0.010429822963972886 -0.044952989977441342 -0.04643294407475379 -0.025075762122869494 -0.037388063616612378 -0.026986658374468488 0.0012866942985805081 0.012239247523248196 -0.01374863403538863 0.0046809620132659225 0.015280944705009462 -0.037649829718801708 -0.0048312710534611884 -0.044687422479574496 0.12164849682552059
leaf_weight=122 20 20 100 71 170 22 21 93 20 21 117 52 87 20 151 84 152 31 20 34 30 34 40 30 22 20 45 44 26 41
leaf_count=122 20 20 100 71 170 22 21 93 20 21 117 52 87 20 151 84 152 31 20 34 30 34 40 30 22 20 45 44 26 41
internal_value=-3.06754e-10 -0.0159105 0.158018 -0.0355319 -0.00536399 -0.00805682 -0.0412576 -0.0159721 -0.0135801 -0.0440453 -0.0109277 -0.000249967 -0.00255137 -0.0405979 -0.00436713 -0.0154403 -0.041612 -0.0424449 -0.0393201 -0.0327158 -0.0309802 -0.00378571 0.00840531 -0.01737 -0.00134318 0.0105913 -0.0421131 -0.00836059 -0.040227 0.119121
internal_weight=1760 1599 161 559 1040 870 488 432 378 437 328 438 346 315 304 201 295 274 122 54 50 127 92 51 173 42 102 131 71 61
internal_count=1760 1599 161 559 1040 870 488 432 378 437 328 438 346 315 304 201 295 274 122 54 50 127 92 51 173 42 102 131 71 61
is_linear=0
shrinkage=0.05


Tree=4
num_leaves=31
num_cat=0
split_feature=2 1 5 14 80 84 0 1 88 1 219 4 91 88 214 62 1 1 1 0 219 312 1 1 61 83 326 7 122 1
split_gain=1597.48 120.19 52.1529 51.7242 16.6717 11.6546 13.1199 5.37128 4.85279 3.23402 2.83553 2.76053 2.38212 2.67711 2.03133 1.72413 1.35022 1.18995 0.8993 0.786053 0.488695 0.461466 0.458316 0.421674 0.377251 0.355748 0.352996 0.351554 0.301282 0.293053
threshold=3.7313945787062246 3.9415346756528771 1.0000000180025095e-35 1.0000000180025095e-35 1.0000000180025095e-35 -0.11151288671975972 5.8096417414785728 3.4175922930736511 -0.047631908800922267 4.9732735209982879 0.046743585279573126 0.89587973461402759 -0.054350018201912077 -0.02092521003184147 0.0098980947653409031 0.89587973461402759 2.8029010331479989 4.7405652883788738 4.3882378946731615 4.5053345884235583 0.030211185869019636 -0.0088341094929740935 5.2310943182715759 4.1510089048756029 2.4414009612931857 -0.22886865127807546 -0.0044617806410287729 0.37858312858312865 0.021345667992881595 4.6001450180613412
decision_type=2 2 2 2 2 2 2 2 2 2 2 2 2 2 2 2 2 2 2 2 2 2 2 2 2 2 2 2 2 2
left_child=1 2 4 -2 7 24 8 16 15 11 -6 -8 27 -14 18 23 -1 29 20 -15 25 -18 -11 -7 -3 -10 -16 -9 -19 -13
right_child=3 5 -4 -5 10 6 9 12 14 22 -12 17 13 19 26 -17 21 28 -20 -21 -22 -23 -24 -25 -26 -27 -28 -29 -30 -31
leaf_value=-0.050447011046704994 0.11393550395965578 0.0075301122251034223 0.0039013881242527951 0.17265753841400147 -0.012651611124907714 -0.0039735008899255521 0.0099197149779157428 -0.034036108314991001 -0.017970563311661993 0.0047404693961086248 -0.034033344686031343 -0.011606115642935039 -0.013102510236203672 -0.039264999330043793 -0.031446230411529545 -0.014056485146284103 -0.038059309326733154 -0.0026059741113312802 -0.010209863961248076 -0.028160835901896161 -0.024930971637368203 -0.044889360062683688 0.011627285275608301 0.0038299587140183736 0.014446747772719549 -0.01040923286229372 -0.023103502381127329 -0.040494763806684694 0.003003873623875452 -0.0064258826084348354
leaf_weight=113 60 138 89 100 69 70 38 25 70 61 20 40 20 34 21 44 36 137 59 30 20 79 40 23 23 20 32 134 29 86
leaf_count=113 60 138 89 100 69 70 38 25 70 61 20 40 20 34 21 44 36 137 59 30 20 79 40 23 23 20 32 134 29 86
internal_value=-5.8497e-11 -0.0150637 -0.0316524 0.150637 -0.0373029 -0.00374289 -0.00624167 -0.0410531 -0.0133018 -0.000360945 -0.0174565 -0.00275705 -0.035881 -0.0290701 -0.0178685 -0.00590176 -0.0465654 -0.00440677 -0.0151901 -0.0340599 -0.0178613 -0.0427513 0.00746792 -0.00204361 0.0085182 -0.0162903 -0.0264091 -0.0394793 -0.00162594 -0.0080704
internal_weight=1760 1600 649 160 560 951 790 471 359 431 89 330 243 84 222 137 228 292 169 64 110 115 101 93 161 90 53 159 166 126
internal_count=1760 1600 649 160 560 951 790 471 359 431 89 330 243 84 222 137 228 292 169 64 110 115 101 93 161 90 53 159 166 126
is_linear=0
shrinkage=0.05


Tree=5
num_leaves=31
num_cat=0
split_feature=1 1 14 5 212 0 221 88 1 1 4 91 1 91 0 1 0 1 214 88 1 92 98 6 1 1 9 1 82 1
split_gain=1441.97 108.026 48.3364 41.0519 12.5555 17.4801 10.6099 5.96057 4.39615 3.85871 3.1274 2.95205 2.24892 1.6154 3.33632 1.45428 0.808482 0.750062 0.705713 0.636092 0.633952 0.603211 0.435915 0.400169 0.394483 0.321126 0.309545 0.295539 0.291367 0.285864
threshold=5.9673287727711335 3.8176519431297078 1.0000000180025095e-35 1.0000000180025095e-35 0.1672567479758589 5.6716020950760067 0.13822985503925153 -0.047631908800922267 2.8617925509761908 4.945201156493737 0.89587973461402759 -0.033548017312104016 4.0859410030639109 -0.05631574184048823 4.6867395546766826 4.6491756246494491 5.3636340903656388 4.516324041782946 0.018999720032628471 -0.028463066009932834 5.1732847621078006 0.019056029897595899 0.014167661582762643 0.48954409062669368 3.6505739029280164 3.5972184255501678 0.015836392405063297 4.1820210059610323 -0.013392361211259597 4.4601277074540464
decision_type=2 2 2 2 2 2 2 2 2 2 2 2 2 2 2 2 2 2 2 2 2 2 2 2 2 2 2 2 2 2
left_child=1 3 -2 6 5 7 8 11 -1 10 17 -3 21 24 22 29 -14 -7 23 -16 -11 -9 -15 -13 26 -8 -10 -6 -17 -12
right_child=2 4 -4 -5 27 9 25 12 13 20 15 18 16 14 19 28 -18 -19 -20 -21 -22 -23 -24 -25 -26 -27 -28 -29 -30 -31
leaf_value=-0.047832434783216388 0.10754978060722352 -0.025982230296358468 0.1640246639251709 0.0034358929252435626 0.0052206925953841334 0.0021808080597195858 -0.020416723794880368 -0.023292831999474559 -0.035161924716972173 0.0029871868982904986 -0.01419934888680776 -0.0053023250637731206 -0.02448579054890257 -0.04061376292396475 -0.014118165746331216 -0.0046998930631455167 -0.015401492234515516 0.013531693782318721 0.0033455704571679237 -0.02657757153113683 0.010111586840928726 -0.03266867083452997 -0.03226408670571717 -0.013078256909336365 -0.035761156015925936 -0.012355094874898593 -0.041730191431394441 0.0094255397697755455 -0.00075190878958286103 -0.0086876773275434971
leaf_weight=122 61 20 100 71 74 43 21 29 21 76 30 78 33 54 20 124 95 22 20 21 53 42 22 21 54 30 123 96 75 109
leaf_count=122 61 20 100 71 74 43 21 29 21 76 30 78 33 54 20 124 95 22 20 21 53 42 22 21 54 30 123 96 75 109
internal_value=-2.28854e-10 -0.0143609 0.142627 -0.0320873 -0.00483291 -0.00726139 -0.0372556 -0.016153 -0.0397742 -0.00161223 -0.00402145 -0.00820833 -0.0217023 -0.0366532 -0.0319953 -0.00595301 -0.0177435 0.00602265 -0.00522112 -0.0204998 0.00591427 -0.0288391 -0.0381968 -0.00695177 -0.0394056 -0.0156746 -0.0407723 0.00759519 -0.00321196 -0.00987725
internal_weight=1760 1599 161 559 1040 870 488 338 437 532 403 139 199 315 117 338 128 65 119 41 129 71 76 99 198 51 144 170 199 139
internal_count=1760 1599 161 559 1040 870 488 338 437 532 403 139 199 315 117 338 128 65 119 41 129 71 76 99 198 51 144 170 199 139
is_linear=0
shrinkage=0.05


Tree=6
num_leaves=31
num_cat=0
split_feature=2 1 5 14 80 84 0 1 88 1 219 4 214 91 11 1 62 1 1 210 219 0 222 219 1 8 83 61 326 84
split_gain=1301.4 98.1621 42.5242 42.0749 13.5703 9.45061 10.6626 4.3917 3.96727 2.63912 2.3538 2.28145 1.66688 1.52892 1.94622 1.44952 1.40885 0.999036 0.744602 0.60421 0.519102 0.939139 0.408858 0.403802 0.378947 0.347785 0.310147 0.309768 0.309176 0.300009
threshold=3.7313945787062246 3.9415346756528771 1.0000000180025095e-35 1.0000000180025095e-35 1.0000000180025095e-35 -0.11151288671975972 5.8096417414785728 3.5408542930527882 -0.047631908800922267 4.9732735209982879 0.046743585279573126 0.89587973461402759 0.0098980947653409031 -0.054350018201912077 1.7345344387755104 2.8029010331479989 0.89587973461402759 4.7664292796317111 4.3882378946731615 8.2149474144345425e-05 0.11018039280685434 4.2835627800822236 0.0014862399660717613 0.030211185869019636 5.2310943182715759 0.009991722408026758 -0.22886865127807546 2.524928003624769 -0.0044617806410287729 0.067394019656395895
decision_type=2 2 2 2 2 2 2 2 2 2 2 2 2 2 2 2 2 2 2 2 2 2 2 2 2 2 2 2 2 2
left_child=1 2 4 -2 7 27 8 15 16 11 -6 -8 18 29 -15 -1 22 25 23 -16 21 -17 -7 26 -11 -13 -10 -3 -14 -9
right_child=3 5 -4 -5 10 6 9 13 12 24 -12 17 28 14 19 20 -18 -19 -20 -21 -22 -23 -24 -25 -26 -27 -28 -29 -30 -31
leaf_value=-0.045533040086779976 0.10286123822132748 0.0068262728024274105 0.0035164755235067729 0.15582343435287477 -0.011406982733287673 -0.0035369851252092816 0.0090458520580891915 -0.03618362909182906 -0.016254482780184067 0.0042781708895641033 -0.030887928828597068 -0.0081279896963865322 -0.028560041245960056 -0.03474650470649495 -0.02437252226200971 -0.038878659720290198 -0.012660852955146271 -0.0011327350329253629 -0.009151343515111229 -0.012364758476614952 -0.041845657007168913 -0.027964464519862776 0.0045320406160317362 -0.022539998814463617 0.010540341734886169 -0.0016310802377411165 -0.0091943841753527513 0.01333846545645169 -0.020752289361553267 -0.030217776916645192
leaf_weight=113 60 140 89 100 69 73 38 96 70 61 20 117 21 34 22 73 44 150 59 20 59 27 20 20 40 25 20 21 32 27
leaf_count=113 60 140 89 100 69 73 38 96 70 61 20 117 21 34 22 73 44 150 59 20 59 27 20 20 40 25 20 21 32 27
internal_value=2.18927e-10 -0.0135963 -0.0285879 0.135963 -0.0336902 -0.00336536 -0.00561549 -0.0370737 -0.0119802 -0.000314008 -0.0157847 -0.00247854 -0.0161093 -0.031429 -0.0258536 -0.0412033 -0.00528932 -0.00397829 -0.013683 -0.0186545 -0.0381263 -0.0359318 -0.00180171 -0.0161136 0.00675824 -0.00698417 -0.0146856 0.00767569 -0.0238459 -0.0348741
internal_weight=1760 1600 649 160 560 951 790 471 359 431 89 330 222 199 76 272 137 292 169 42 159 100 93 110 101 142 90 161 53 123
internal_count=1760 1600 649 160 560 951 790 471 359 431 89 330 222 199 76 272 137 292 169 42 159 100 93 110 101 142 90 161 53 123
is_linear=0
shrinkage=0.05


Tree=7
num_leaves=31
num_cat=0
split_feature=1 1 14 5 212 0 221 88 1 1 4 91 0 221 1 91 211 81 8 1 1 218 96 335 1 1 0 1 118 82
split_gain=1174.76 88.1984 39.3102 33.4537 10.2093 14.2467 8.6945 4.88236 4.00759 3.15239 2.57021 2.21241 2.29317 2.07449 1.19111 1.04009 0.922773 0.800213 0.833729 0.641878 0.518432 0.476337 0.379516 0.356127 0.289372 0.272666 0.257088 0.252358 0.247615 0.242672
threshold=5.9673287727711335 3.8176519431297078 1.0000000180025095e-35 1.0000000180025095e-35 0.1672567479758589 5.6716020950760067 0.1404469841627782 -0.077222654837434818 2.9174053685313028 4.945201156493737 0.89587973461402759 -0.093642454938020994 4.9593358439305844 0.0683167826916527 4.6491756246494491 0.020139437290950232 -0.037432793276143524 -0.41320219115167006 0.032214823142783018 4.5271940351011493 5.1732847621078006 -0.00032191764188840898 0.059110153719174864 0.012368039904801792 3.5114340430413216 4.1971736807086968 5.4138732270297307 8.039630215746401 -0.0022791174430620508 -0.013392361211259597
decision_type=2 2 2 2 2 2 2 2 2 2 2 2 2 2 2 2 2 2 2 2 2 2 2 2 2 2 2 2 2 2
left_child=1 3 27 6 5 7 8 15 -1 10 19 -9 28 17 -12 -3 -14 18 -10 -7 -11 24 -17 -23 -19 -18 -6 -2 -13 -16
right_child=2 4 -4 -5 26 9 -8 11 13 20 14 12 16 -15 29 22 25 21 -20 -21 -22 23 -24 -25 -26 -27 -28 -29 -30 -31
leaf_value=-0.043232403369620448 0.092498027980327607 -0.014657351467758418 0.14803226089477539 0.0030882744566196395 0.0052857990514470644 0.0021726919220398286 -0.012704872190952302 -0.030716809043378542 -0.022879174377383859 0.0027131212085326917 -0.008922869648127784 -0.030795701202892125 -0.0048369830551867688 -0.017558321001983825 -0.0042486548224734445 -0.0050921954978548458 -0.018550373257157651 -0.039514431445037621 -0.033262324384574236 0.012938126549124719 0.0091557906272838711 -0.034861384899843306 0.002798575642518699 -0.027324095726013183 -0.034966210896770163 -0.01376298138020951 0.0092648455622925691 0.099348748893272595 -0.023205177350477738 -0.00064565033089214322
leaf_weight=128 20 26 100 71 103 45 45 33 29 76 139 21 24 21 124 64 47 68 58 20 53 42 20 25 72 81 67 41 22 75
leaf_count=128 20 26 100 71 103 45 45 33 29 76 139 21 24 21 124 64 47 68 58 20 53 42 20 25 72 81 67 41 22 75
internal_value=3.35356e-11 -0.0129622 0.128736 -0.0289794 -0.00435291 -0.00654276 -0.0336449 -0.01457 -0.035772 -0.00144276 -0.00362035 -0.018744 -0.0167178 -0.0327405 -0.00537141 -0.00591836 -0.0138339 -0.033825 -0.0298013 0.00548513 0.00536011 -0.0355161 -0.00321344 -0.032049 -0.0371753 -0.0155209 0.00685401 0.0971026 -0.0269122 -0.00289074
internal_weight=1760 1599 161 559 1040 870 488 338 443 532 403 228 195 315 338 110 152 294 87 65 129 207 84 67 140 128 170 61 43 199
internal_count=1760 1599 161 559 1040 870 488 338 443 532 403 228 195 315 338 110 152 294 87 65 129 207 84 67 140 128 170 61 43 199
is_linear=0
shrinkage=0.05


Tree=8
num_leaves=31
num_cat=0
split_feature=1 1 14 5 80 84 0 1 88 1 1 4 0 91 11 62 1 1 89 93 219 222 1 8 84 1 238 283 84 1
split_gain=1060.22 79.6597 35.4775 34.6506 11.0818 7.24399 8.69357 3.59927 3.2454 2.15008 1.97232 1.88661 1.37593 1.2742 1.63528 1.17006 1.16204 0.829498 0.78846 0.489434 0.448453 0.362616 0.324775 0.297853 0.264448 0.250551 0.246621 0.240463 0.229857 0.227753
threshold=5.9673287727711335 3.9415346756528771 1.0000000180025095e-35 1.0000000180025095e-35 1.0000000180025095e-35 -0.11151288671975972 5.8096417414785728 3.5408542930527882 -0.047631908800922267 4.9732735209982879 3.4811217321331038 0.89587973461402759 5.5928491800563487 -0.054350018201912077 2.1152144315861134 0.89587973461402759 2.8029010331479989 4.7664292796317111 -0.055073143362648486 0.0067355600600912807 -0.017252668693147455 0.0014862399660717613 5.3375265226150903 0.009991722408026758 0.067394019656395895 4.4601277074540464 -0.037507211264876279 -0.0023946037291034034 0.22289132212712789 8.039630215746401
decision_type=2 2 2 2 2 2 2 2 2 2 2 2 2 2 2 2 2 2 2 2 2 2 2 2 2 2 2 2 2 2
left_child=1 3 29 4 7 -3 8 16 15 11 -6 -8 18 24 -15 21 -1 23 -10 -14 -18 -7 -11 -13 -9 -17 -19 -5 -22 -2
right_child=2 5 -4 27 10 6 9 13 12 22 -12 17 19 14 -16 25 20 26 -20 -21 28 -23 -24 -25 -26 -27 -28 -29 -30 -31
leaf_value=-0.04109476810008024 0.087873130440711988 0.006611854868278897 0.14063065147399903 0.00028749945224262771 -0.028066620677709583 -0.0032061342632378875 0.0082582841130236992 -0.032743979648997383 -0.024097858996767748 0.0047067536664896735 -0.010234033100414968 -0.0073828554411745108 -0.015224360539154573 -0.030613911818516883 -0.01594529189169407 -0.015601264778524637 -0.029274349862878975 0.002550598720129504 -0.015401813532618514 -0.0078032972420367195 -0.037015809669780235 0.004392901884275489 0.011821580268442631 -0.0013703962033614517 -0.027142853758953235 -0.0080238043450663096 -0.0021525740326769588 0.0055121924386036638 -0.032001763482888544 0.09438131495219905
leaf_weight=113 20 160 100 40 20 73 38 96 38 81 69 117 33 38 38 20 33 37 83 68 96 20 20 25 27 24 113 49 30 41
leaf_count=113 20 160 100 40 20 73 38 96 38 81 69 117 33 38 38 20 33 37 83 68 96 20 20 25 27 24 113 49 30 41
internal_value=2.5631e-10 -0.012314 0.122299 -0.0258162 -0.030422 -0.00308991 -0.00505483 -0.0334795 -0.0108019 -0.000267817 -0.0142414 -0.00222154 -0.0145365 -0.0283695 -0.0232796 -0.00475027 -0.0372181 -0.00358535 -0.0181328 -0.010228 -0.034463 -0.00157193 0.00611563 -0.00632432 -0.0315145 -0.0114681 -0.000992458 0.00316402 -0.035822 0.0922475
internal_weight=1760 1599 161 649 560 950 790 471 359 431 89 330 222 199 76 137 272 292 121 101 159 93 101 142 123 44 150 89 126 61
internal_count=1760 1599 161 649 560 950 790 471 359 431 89 330 222 199 76 137 272 292 121 101 159 93 101 142 123 44 150 89 126 61
is_linear=0
shrinkage=0.05


Tree=9
num_leaves=31
num_cat=0
split_feature=2 1 14 4 214 91 84 221 0 1 83 1 1 210 4 0 4 1 219 214 61 1 1 82 1 8 214 283 1 83
split_gain=956.974 72.4233 30.8574 22.6793 11.0988 10.0399 6.72306 6.46269 5.63689 2.78611 2.56787 1.71881 1.31392 1.25379 1.24193 0.683337 0.828227 0.668611 0.52124 0.690776 0.503882 0.465001 0.35815 0.31166 0.293815 0.25383 0.233136 0.22402 0.204167 0.198694
threshold=3.7313945787062246 3.7494348669884658 1.0000000180025095e-35 1.4978661367769956 0.11919997144368687 -0.10315197680699943 -0.085141600546354154 0.1404469841627782 5.9148525341228533 2.8617925509761908 0.081453968681690039 5.0968083143154814 4.4367340276668159 0.0066039029623668364 0.89587973461402759 5.2230512493957635 0.89587973461402759 4.7405652883788738 0.12946069975798277 0.0025982559960908724 2.0126758453675748 4.166635176627655 4.135134555718313 0.07314378124617503 4.1971736807086968 0.017266222796382794 -0.001777002861929359 -0.01994998059678248 3.4811217321331038 -0.11801745700427164
decision_type=2 2 2 2 2 2 2 2 2 2 2 2 2 2 2 2 2 2 2 2 2 2 2 2 2 2 2 2 2 2
left_child=1 3 -2 7 5 -3 20 9 10 -1 12 14 15 18 -10 -8 -17 -16 19 -11 27 26 -6 -19 -18 -14 -12 -7 -20 -22
right_child=2 4 -4 -5 22 6 8 -9 11 13 21 -13 25 -15 17 16 24 23 28 -21 29 -23 -24 -25 -26 -27 -28 -29 -30 -31
leaf_value=-0.039236198726200294 0.088243189652760831 -0.02767564624780789 0.1335991153717041 0.0023824063481011413 -0.026038763808960821 0.0016979716789451073 -0.022148660346865655 -0.011923350095748901 0.009768595198250336 -0.022985238488763573 -0.0049021975160416934 0.0073234206485286576 -0.0082290883449869321 -0.020401745366639107 -0.0060915467874487726 -0.0030957884288259916 -0.017123721912503245 -0.0014208106724622725 -0.036913252547383306 -0.031253128622968994 0.0075950091830096576 0.0042469511390663683 -0.018234283157757349 0.0049311411979777574 -0.012138188067409728 -0.0033392595905369447 0.00096950572399443706 0.0057900731281238862 -0.032345730066299441 0.013459249958395959
leaf_weight=124 60 40 100 57 49 58 20 40 23 32 73 71 88 29 82 21 44 158 40 120 52 24 21 22 90 38 22 79 63 20
leaf_count=124 60 40 100 57 49 58 20 40 23 32 73 71 88 29 82 21 44 158 40 120 52 24 21 22 90 38 22 79 63 20
internal_value=1.26872e-10 -0.0116591 0.116591 -0.0273233 -0.0044349 -0.00311941 -0.0021222 -0.0311029 -0.00426597 -0.0329832 -0.00818934 0.000362727 -0.0106476 -0.030253 -0.00137134 -0.0134507 -0.0123283 -0.00234927 -0.0313734 -0.0295125 0.00583743 -0.00197147 -0.0236974 -0.000644461 -0.0137752 -0.00675438 -0.00354243 0.00405765 -0.0341195 0.00922396
internal_weight=1760 1600 160 505 1095 1025 985 448 776 408 420 356 301 284 285 175 155 262 255 152 209 119 70 180 134 126 95 137 103 72
internal_count=1760 1600 160 505 1095 1025 985 448 776 408 420 356 301 284 285 175 155 262 255 152 209 119 70 180 134 126 95 137 103 72
is_linear=0
shrinkage=0.05


Tree=10
num_leaves=31
num_cat=0
split_feature=1 1 14 4 214 91 9 221 0 0 19 210 86 83 1 1 219 0 256 8 82 214 0 91 0 1 7 1 82 1
split_gain=863.741 65.0431 28.8557 20.4681 9.9626 9.02091 5.837 5.83258 4.13036 2.56144 2.54152 1.51881 1.31883 1.08787 1.11 0.829721 0.694665 0.685086 0.466188 0.421295 0.401914 0.375072 0.368599 0.364837 0.325294 0.323231 0.281 0.256863 0.25231 0.209948
threshold=5.9673287727711335 3.7494348669884658 1.0000000180025095e-35 1.4978661367769956 0.11919997144368687 -0.10315197680699943 0.0085912935653868327 0.1404469841627782 5.9964489946266264 4.0689902272260703 9.029411764705884 0.0062923699309824508 -0.019854271828917174 0.12246919210136156 4.8713658868283671 4.0163424379838117 0.12946069975798277 5.7477980882242035 0.020526304260454493 0.0091428690845637029 0.13951166394684592 0.0025982559960908724 5.4531797844617023 -0.0040889068979658846 5.629416447756002 4.135134555718313 0.71702776930119028 5.1732847621078006 -0.069263609337272811 2.8029010331479989
decision_type=2 2 2 2 2 2 2 2 2 2 2 2 2 2 2 2 2 2 2 2 2 2 2 2 2 2 2 2 2 2
left_child=1 3 -2 7 5 -3 24 9 10 29 22 16 17 14 19 26 21 18 23 -10 -17 -11 -8 -12 -7 -6 -14 -16 -24 -1
right_child=2 4 -4 -5 25 6 8 -9 13 11 12 -13 15 -15 27 20 -18 -19 -20 -21 -22 -23 28 -25 -26 -27 -28 -29 -30 -31
leaf_value=-0.037478603576791697 0.083284245748988919 -0.026291864234954124 0.1269191632270813 0.00226328599556725 -0.024736825726470169 0.0054126800113611373 -0.015932540192680304 -0.011327182818204166 -0.0048059473633766184 -0.022234444296167746 -0.01052815819714676 -0.017038478950659432 -0.00035699220374226572 0.011408084031680357 0.0017675335943759002 -0.00020409823771896492 -0.032511871537872571 -0.0040200305648584326 -0.016680240205023438 0.0022325979226648254 0.0067146162171286125 -0.028620640816313499 -0.011630540997499512 -0.0036395380658836201 0.011234469223639063 -0.017322568950198947 -0.0073898988300744378 0.0064737867382241472 -0.0053817061975132679 -0.033196416497230534
leaf_weight=116 61 40 100 57 49 139 43 40 100 31 57 27 20 23 99 76 107 99 20 27 29 89 84 29 29 21 49 41 20 38
leaf_count=116 61 40 100 57 49 139 43 40 100 31 57 27 20 23 99 76 107 99 20 27 29 89 84 29 29 21 49 41 20 38
internal_value=1.77486e-10 -0.0111146 0.110387 -0.0259572 -0.00426314 -0.00301563 -0.00206944 -0.0295477 -0.00381677 -0.0313341 -0.00645812 -0.0282493 -0.00429359 0.000974077 7.52678e-05 -0.00109214 -0.0295827 -0.00701092 -0.00980431 -0.00330956 0.00170678 -0.0269709 -0.0120388 -0.00820525 0.00641763 -0.0225125 -0.00535138 0.00314579 -0.0104288 -0.036422
internal_weight=1760 1599 161 505 1094 1024 984 448 816 408 526 254 379 290 267 174 227 205 106 127 105 120 147 86 168 70 69 140 104 154
internal_count=1760 1599 161 505 1094 1024 984 448 816 408 526 254 379 290 267 174 227 205 106 127 105 120 147 86 168 70 69 140 104 154
is_linear=0
shrinkage=0.05


Tree=11
num_leaves=31
num_cat=0
split_feature=2 1 5 14 80 84 0 1 88 97 219 1 91 88 0 62 8 89 86 0 93 0 11 222 19 1 1 1 7 277
split_gain=779.613 59.2056 25.5283 25.1 8.24152 5.65123 6.41935 2.69384 2.42605 1.74619 1.51487 1.48047 1.23811 1.53933 1.01401 0.874121 0.793532 0.593296 0.585719 0.430621 0.368418 0.36095 0.308801 0.300557 0.259968 0.259453 0.256758 0.225949 0.218831 0.215515
threshold=3.7313945787062246 3.9415346756528771 1.0000000180025095e-35 1.0000000180025095e-35 1.0000000180025095e-35 -0.11151288671975972 5.8096417414785728 3.4175922930736511 -0.047631908800922267 0.064353238061501269 0.046743585279573126 4.9380581778699986 -0.054350018201912077 -0.02092521003184147 5.5928491800563487 0.89587973461402759 0.0045663052543786498 -0.055073143362648486 0.20451971826681881 4.5053345884235583 0.0067355600600912807 3.6762205501217919 2.9743966079582522 0.0014862399660717613 19.90260959916877 5.0968083143154814 4.6491756246494491 4.1820210059610323 0.37858312858312865 -0.0034689972135143235
decision_type=2 2 2 2 2 2 2 2 2 2 2 2 2 2 2 2 2 2 2 2 2 2 2 2 2 2 2 2 2 2
left_child=1 2 4 -2 7 27 8 18 15 11 -6 16 28 -14 17 23 26 -10 21 -15 -16 -1 -18 -7 -23 -13 -8 -3 -9 -4
right_child=3 5 29 -5 10 6 9 12 14 -11 -12 25 13 19 20 -17 22 -19 -20 -21 -22 24 -24 -25 -26 -27 -28 -29 -30 -31
leaf_value=-0.036419846959736039 0.07966681440671286 0.0034639975469527317 -0.00083058536753202955 0.12057319974899293 -0.008653602247004925 -0.0027646925150056384 -0.0075300441775470982 -0.023393068373203277 -0.020746919551962301 0.014222945966757834 -0.024281972479075195 0.0011105372779287822 -0.0080751873739063739 -0.027819463040898829 -0.013121392679485408 -0.0098304756125964406 -0.0010848911097458436 -0.013203510193633554 -0.024703423324085417 -0.019600676248470943 -0.0066828169757226375 -0.032884195068125004 0.0051171344740746118 0.0041535951360128819 -0.026719473116099835 0.0056690423560423267 -0.0035386872640371606 0.0073657104514937097 -0.028488734236626484 0.0044190541428361027
leaf_weight=69 60 58 29 100 69 73 65 25 38 20 20 57 20 34 33 44 88 83 21 30 68 118 26 20 20 69 106 103 134 60
leaf_count=69 60 58 29 100 69 73 65 25 38 20 20 57 20 34 33 44 88 83 21 30 68 118 26 20 20 69 106 103 134 60
internal_value=-5.6646e-11 -0.0105233 -0.0221662 0.105233 -0.0261195 -0.00257779 -0.0043178 -0.0287562 -0.00925628 -0.000204304 -0.0121656 -0.00090636 -0.0250934 -0.0201832 -0.0124852 -0.00402403 -0.00290168 -0.0155725 -0.0326599 -0.0239669 -0.00878651 -0.0334671 0.000329606 -0.00127689 -0.0319908 0.00360686 -0.00505587 0.00596012 -0.0276875 0.0027085
internal_weight=1760 1600 649 160 560 951 790 471 359 431 89 411 243 84 222 137 285 121 228 64 101 207 114 93 138 126 171 161 159 89
internal_count=1760 1600 649 160 560 951 790 471 359 431 89 411 243 84 222 137 285 121 228 64 101 207 114 93 138 126 171 161 159 89
is_linear=0
shrinkage=0.05


Tree=12
num_leaves=31
num_cat=0
split_feature=1 1 14 4 214 91 61 221 0 0 4 210 0 1 1 8 219 1 6 1 82 221 1 1 61 0 8 19 1 1
split_gain=703.693 53.1358 23.4651 16.6771 8.13399 7.39596 4.82817 4.76914 3.7881 2.13742 1.95829 1.28532 1.13997 1.08889 0.976085 0.843305 0.584242 0.458001 0.434561 0.357623 0.345972 0.322078 0.320327 0.289798 0.284593 0.231813 0.197617 0.193739 0.181825 0.178705
threshold=5.9673287727711335 3.7494348669884658 1.0000000180025095e-35 1.4978661367769956 0.11919997144368687 -0.10315197680699943 1.2424533248940004 0.1404469841627782 5.9148525341228533 4.0689902272260703 0.89587973461402759 0.0062923699309824508 4.816232960488728 4.4127799275304271 5.0657496176235997 0.0016886767959823135 0.12946069975798277 4.5591125415341898 0.52156995432244979 4.0342014792848504 0.087367333742116485 0.02339396580740569 4.1026092131977068 4.7999057951650004 3.0201273556387074 6.0980717572261449 0.017266222796382794 8.6458333333333339 8.039630215746401 3.5114340430413216
decision_type=2 2 2 2 2 2 2 2 2 2 2 2 2 2 2 2 2 2 2 2 2 2 2 2 2 2 2 2 2 2
left_child=1 3 28 7 5 -3 8 9 10 -1 19 16 -8 20 15 23 21 -14 -17 -7 22 27 -12 -10 -6 -20 -15 -11 -2 -18
right_child=2 4 -4 -5 24 6 12 -9 14 11 13 -13 17 26 -16 18 29 -19 25 -21 -22 -23 -24 -25 -26 -27 -28 -29 -30 -31
leaf_value=-0.032951571773011966 0.071287470459938052 -0.023788111857138576 0.11454453563690187 0.0020258729567694104 -0.022487616259604694 -0.0045412039316475531 -0.0062952349329225407 -0.01021257296204567 -0.0056929260857380287 -0.021492960304021837 -0.017607892905512162 -0.015172806658126689 0.0053267982593992345 -0.007257132659018996 0.0053156279829434227 0.0072337488483252199 -0.031621984316378221 0.012875576074356618 -0.0010945087040696913 0.00053123501045089494 -0.006112034484976903 -0.019136587576940658 -0.011769346846747644 -0.0014763323326805243 -0.015620112080465666 0.0045512235839851199 -0.0030474864918505775 -0.02683721275345699 0.077102536399190014 -0.027520710461098576
leaf_weight=154 20 40 100 57 48 70 20 40 81 22 31 27 159 92 72 29 49 23 75 69 20 24 97 82 22 24 40 74 41 58
leaf_count=154 20 40 100 57 48 70 20 40 81 22 31 27 159 92 72 29 49 23 75 69 20 24 97 82 22 24 40 74 41 58
internal_value=-1.94094e-10 -0.0100321 0.0996361 -0.0234475 -0.0038395 -0.00271227 -0.00185553 -0.0266885 -0.0036356 -0.0283038 -0.00687469 -0.0254859 0.00503562 -0.0092831 0.000103193 -0.00118648 -0.0267126 0.00628076 0.00185094 -0.00202323 -0.0122278 -0.0243173 -0.0131834 -0.00357169 -0.0203293 0.000274154 -0.00598148 -0.0256125 0.075196 -0.0293989
internal_weight=1760 1599 161 505 1094 1024 984 448 782 408 419 254 202 280 363 291 227 182 128 139 148 120 128 163 70 99 132 96 61 107
internal_count=1760 1599 161 505 1094 1024 984 448 782 408 419 254 202 280 363 291 227 182 128 139 148 120 128 163 70 99 132 96 61 107
is_linear=0
shrinkage=0.05


Tree=13
num_leaves=31
num_cat=0
split_feature=2 1 5 14 80 84 0 1 88 97 1 1 210 0 215 8 1 89 89 116 150 222 93 11 1 283 1 290 91 0
split_gain=635.106 48.3189 20.8507 20.4207 6.73754 4.60825 5.25404 2.22687 1.96781 1.50044 1.30963 1.22033 0.83611 0.830466 0.734201 0.692786 0.653296 0.495118 0.430936 0.335601 0.356752 0.309791 0.299286 0.247354 0.23867 0.194724 0.187126 0.18466 0.174414 0.142053
threshold=3.7313945787062246 3.9415346756528771 1.0000000180025095e-35 1.0000000180025095e-35 1.0000000180025095e-35 -0.11151288671975972 5.8096417414785728 3.5408542930527882 -0.047631908800922267 0.064353238061501269 3.4811217321331038 4.923617305492666 0.0038871253441490339 5.5928491800563487 -0.0099973380399242858 0.0045663052543786498 2.8029010331479989 -0.055073143362648486 -0.023520784992005057 -0.014568872825695765 -0.0090408985757911755 -0.0030857112967738343 0.0067355600600912807 2.9743966079582522 5.2704024240677017 -0.0023946037291034034 4.6001450180613412 0.011033515542550085 -0.017677195058086081 5.5353618778730294
decision_type=2 2 2 2 2 2 2 2 2 2 2 2 2 2 2 2 2 2 2 2 2 2 2 2 2 2 2 2 2 2
left_child=1 2 4 -2 7 27 8 16 14 11 -6 15 18 17 28 26 -1 -10 -9 -18 -21 29 -15 -17 -13 -4 -8 -3 -7 -16
right_child=3 5 25 -5 10 6 9 12 13 -11 -12 24 -14 22 21 23 19 -19 -20 20 -22 -23 -24 -25 -26 -27 -28 -29 -30 -31
leaf_value=-0.031820390815228493 0.071920421918233238 0.0039045973160362658 -0.00012416504236171022 0.10881731605529786 -0.022238082513213159 -0.011664783254265787 -0.0078200416051400594 -0.024619952936593751 -0.018788131522504907 0.013203588640317322 -0.0077069639214786935 0.0019994275891260143 -0.014106627116943228 -0.011827052000797157 -0.004899659860613091 -0.00098689307964970044 -0.029073905563209115 -0.01189707058077925 -0.018519330226086282 -0.019569007813930513 -0.02683720330779369 0.0044180586608126762 -0.0060239233655225051 0.0045785840546998845 0.0071846183655517445 0.0045774445406931014 -0.0038529580082744363 0.0073204518056341587 -0.0054003556253155692 -0.00045613951546869973
leaf_weight=113 60 91 40 100 20 25 39 133 38 20 69 107 29 33 35 86 82 83 37 25 52 20 68 26 28 49 125 70 20 37
leaf_count=113 60 91 40 100 20 25 39 133 38 20 69 107 29 33 35 86 82 83 37 25 52 20 68 26 28 49 125 70 20 37
internal_value=1.69877e-10 -0.0094981 -0.0200162 0.094981 -0.023589 -0.00232014 -0.0038914 -0.025973 -0.00835921 -0.000169956 -0.0109724 -0.000820737 -0.0219536 -0.0112672 -0.00364694 -0.0027262 -0.0289137 -0.0140612 -0.0232922 -0.0268479 -0.0244774 -0.001087 -0.00792 0.000305093 0.00307487 0.00246436 -0.00479635 0.00538975 -0.00888059 -0.00261618
internal_weight=1760 1600 649 160 560 951 790 471 359 431 89 411 199 222 137 276 272 121 170 159 77 92 101 112 135 89 164 161 45 72
internal_count=1760 1600 649 160 560 951 790 471 359 431 89 411 199 222 137 276 272 121 170 159 77 92 101 112 135 89 164 161 45 72
is_linear=0
shrinkage=0.05


Tree=14
num_leaves=31
num_cat=0
split_feature=1 1 14 4 214 91 61 221 0 0 4 210 1 0 1 8 219 97 214 1 82 6 1 1 8 1 1 214 129 0
split_gain=573.301 43.3928 19.0815 13.5687 6.68799 6.08324 3.96472 3.94541 3.08635 1.78607 1.52205 1.5012 1.18643 0.947507 0.680371 0.764462 0.515399 0.431814 0.428738 0.320304 0.281103 0.277651 0.265454 0.262944 0.215555 0.199622 0.19441 0.174515 0.160498 0.160211
threshold=5.9673287727711335 3.7494348669884658 1.0000000180025095e-35 1.4978661367769956 0.11919997144368687 -0.10315197680699943 1.2424533248940004 0.1404469841627782 5.9750802605835984 4.135134555718313 0.89587973461402759 0.0062923699309824508 4.4127799275304271 4.816232960488728 5.0657496176235997 0.0016886767959823135 0.11343984723747487 0.039927623394846005 0.0025982559960908724 4.2555875595453383 0.087367333742116485 0.48954409062669368 4.1510089048756029 4.135134555718313 0.009991722408026758 4.7999057951650004 3.4811217321331038 0.022343158211346505 0.0085980449445082954 3.6762205501217919
decision_type=2 2 2 2 2 2 2 2 2 2 2 2 2 2 2 2 2 2 2 2 2 2 2 2 2 2 2 2 2 2
left_child=1 3 -2 7 5 -3 8 9 10 27 19 16 20 -8 15 25 18 -15 -11 -7 22 -17 -12 -6 -14 -10 -18 -1 -20 -29
right_child=2 4 -4 -5 23 6 13 -9 14 11 12 -13 24 17 -16 21 26 -19 28 -21 -22 -23 -24 -25 -26 -27 -28 29 -30 -31
leaf_value=-0.033489203095436099 0.067893091576998355 -0.021550947697833181 0.10337644910812378 0.0017988124700965722 -0.020417458062269252 -0.0025799030801393996 -0.0057453130069188771 -0.0091160515509545806 -0.0049821406913300361 -0.01570823658257723 -0.015161242158639999 -0.010724171639784523 -0.0065467428118374544 0.0048642694506000868 0.0048453568894830023 0.0079100479682286586 -0.028933765706808674 0.01265147215453908 -0.024663951841451356 0.0039665421926077795 -0.0055289733462268488 0.0013759524125412604 -0.010311754143168761 -0.013730279107888542 -0.0030286641125390427 -0.0012777374355254674 -0.02478362762764709 -0.030972158176857129 -0.019573995382303283 -0.027503242939710616
leaf_weight=25 61 40 100 57 49 124 20 40 66 24 42 23 97 162 72 21 46 20 59 22 20 72 86 21 79 81 73 57 21 80
leaf_count=25 61 40 100 57 49 124 20 40 66 24 42 23 97 162 72 21 46 20 59 22 20 72 86 21 79 81 73 57 21 80
internal_value=1.7277e-10 -0.00905511 0.0899324 -0.0211783 -0.00345893 -0.0024368 -0.0016598 -0.0241017 -0.00327286 -0.0255709 -0.00583214 -0.0228863 -0.00774216 0.00458483 0.000582459 -0.00069641 -0.0241407 0.00572001 -0.0215695 -0.00159345 -0.0110416 0.00285139 -0.011903 -0.0184113 -0.00496761 -0.00294094 -0.0263879 -0.0296475 -0.0233278 -0.0289465
internal_weight=1760 1599 161 505 1094 1024 984 448 782 408 470 246 324 202 312 240 223 182 104 146 148 93 128 70 176 147 119 162 80 137
internal_count=1760 1599 161 505 1094 1024 984 448 782 408 470 246 324 202 312 240 223 182 104 146 148 93 128 70 176 147 119 162 80 137
is_linear=0
shrinkage=0.05


Tree=15
num_leaves=31
num_cat=0
split_feature=1 1 14 5 80 84 0 0 88 219 97 215 221 1 214 91 8 0 211 119 1 317 0 89 0 1 237 1 326 283
split_gain=517.404 39.2484 17.2211 17.0264 5.48625 3.56281 4.30154 1.82755 1.59815 1.31378 1.2772 1.09233 1.02669 1.00814 0.682607 0.622249 0.568601 0.404374 0.328333 0.297131 0.252363 0.237215 0.212856 0.208922 0.206716 0.205593 0.200385 0.195633 0.189649 0.175437
threshold=5.9673287727711335 3.9415346756528771 1.0000000180025095e-35 1.0000000180025095e-35 1.0000000180025095e-35 -0.11151288671975972 5.8096417414785728 4.1820210059610323 -0.047631908800922267 0.077754243167211176 0.064353238061501269 -0.0061454353070997522 0.033159940049472154 4.923617305492666 0.0098980947653409031 -0.0028321322248324341 0.0045663052543786498 4.5053345884235583 -0.0023116660145665485 0.0013361500764845189 3.4811217321331038 0.020246646693127819 6.0366761762234473 -0.0367969317961169 3.6762205501217919 5.313157443598743 -0.015930783772637819 4.2413008733233104 -0.0044617806410287729 -0.0023946037291034034
decision_type=2 2 2 2 2 2 2 2 2 2 2 2 2 2 2 2 2 2 2 2 2 2 2 2 2 2 2 2 2 2
left_child=1 3 -2 4 7 -3 8 24 15 12 13 -6 17 16 18 -7 -8 -9 26 -19 -11 -17 -18 -21 -1 -15 -10 -20 -16 -5
right_child=2 5 -4 29 11 6 10 9 14 20 -12 -13 -14 25 28 21 22 19 27 23 -22 -23 -24 -25 -26 -27 -28 -29 -30 -31
leaf_value=-0.029717731113944736 0.064498434203570015 0.004676209035410466 0.098207624197006238 -0.00022233125389902855 -0.019891318430503211 -0.0088413822728939159 -0.0043462075040712608 -0.022163135709706697 -0.0090210928602351085 -0.027231495320796967 0.012200210420414807 -0.0068452999516225915 -0.0071855180338025104 0.0019644546903069375 -0.018811976980595363 -0.0029609842472640216 -0.0011031391115511723 -0.011477410458028317 -0.013460851833224298 -0.022568388059735298 -0.022934999896420373 0.0022180283936022809 0.003721910066815326 -0.015427880805163158 -0.02616019071060784 0.0073481332510709763 -0.0043768289678458435 -0.0083802295072625092 -0.01269694225047715 0.0042403721333747471
leaf_weight=70 61 160 100 40 21 37 164 64 45 50 20 68 20 114 21 67 80 20 40 20 108 33 32 21 98 21 48 36 32 49
leaf_count=70 61 160 100 40 21 37 164 64 45 50 20 68 20 114 21 67 80 20 40 20 108 33 32 21 98 21 48 36 32 49
internal_value=-1.16213e-10 -0.00860236 0.0854358 -0.0180799 -0.0213085 -0.00212769 -0.0035057 -0.0234598 -0.00754829 -0.0211406 -0.000138434 -0.00992357 -0.0177038 -0.000738855 -0.010169 -0.00330162 -0.00247075 -0.0193867 -0.00861633 -0.0164738 -0.0242947 -0.00125191 0.000275446 -0.0189111 -0.0276425 0.00280192 -0.00662405 -0.0110542 -0.0151199 0.00223466
internal_weight=1760 1599 161 649 560 950 790 471 359 303 431 89 145 411 222 137 276 125 169 61 158 100 112 41 168 135 93 76 53 89
internal_count=1760 1599 161 649 560 950 790 471 359 303 431 89 145 411 222 137 276 125 169 61 158 100 112 41 168 135 93 76 53 89
is_linear=0
shrinkage=0.05


Tree=16
num_leaves=31
num_cat=0
split_feature=2 1 14 5 49 0 221 88 0 210 1 91 4 2 219 1 287 0 214 83 1 1 1 1 1 294 195 6 148 6
split_gain=467.042 35.6318 14.9712 13.3862 4.26305 5.83614 3.57157 2.01138 1.80566 1.58752 1.33014 1.24325 1.08119 0.852852 0.593538 0.496826 0.405506 0.39173 0.367238 0.354952 0.338569 0.269335 0.190726 0.186348 0.1736 0.141633 0.140275 0.140157 0.138123 0.135498
threshold=3.7313945787062246 3.8176519431297078 1.0000000180025095e-35 1.0000000180025095e-35 1.0000000180025095e-35 5.6716020950760067 0.1404469841627782 -0.047631908800922267 4.1820210059610323 0.0062923699309824508 4.945201156493737 -0.033548017312104016 0.89587973461402759 1.4978661367769956 0.11343984723747487 4.6395599436855051 -0.031112954521808261 5.4359006562387187 0.0025982559960908724 0.12813974683904503 4.5271940351011493 5.2310943182715759 2.8029010331479989 4.2413008733233104 3.4811217321331038 -0.019023569473949963 -0.012511770189366377 0.60124790534707773 -0.014578504765238783 0.49803149606299218
decision_type=2 2 2 2 2 2 2 2 2 2 2 2 2 2 2 2 2 2 2 2 2 2 2 2 2 2 2 2 2 2
left_child=1 3 -2 6 5 7 8 11 22 14 12 -3 20 19 18 27 -13 -15 -10 -9 -7 28 -1 -6 -16 -20 -19 -14 -12 -18
right_child=2 4 -4 -5 23 10 -8 13 9 -11 21 16 15 17 24 -17 29 26 25 -21 -22 -23 -24 -25 -26 -27 -28 -29 -30 -31
leaf_value=-0.02776951575330619 0.061704823573430378 -0.016125623243860902 0.093297244071960453 0.00195753251950086 0.0028842814405571622 0.0012421693410777318 -0.0078576406546764909 -0.021095746620134873 -0.013618038167004232 -0.008064808771014214 0.0052801567905892931 0.0036576730997434689 -0.007336522762974103 -0.013836763148958035 -0.026125502683546232 -0.0018493266571767448 -0.0030490671547963042 -0.0054695218904978705 -0.017154723713890867 -0.012654218208044769 0.0090880632959306241 0.0069780928920954478 -0.024277799336586969 0.0061587913943055485 -0.022270668819546702 -0.021530927391722798 -0.0097669462324120118 -0.0040879817589029701 0.00084165543067054108 -0.0076744740118738263
leaf_weight=116 60 20 100 71 90 44 45 33 27 25 24 21 69 55 46 205 76 27 26 20 20 40 59 84 80 64 64 64 65 20
leaf_count=116 60 20 100 71 90 44 45 33 27 25 24 21 69 55 46 205 76 27 26 20 20 40 59 84 80 64 64 64 65 20
internal_value=-2.14467e-11 -0.00814501 0.0814501 -0.0183274 -0.00267725 -0.00411066 -0.0212787 -0.0092677 -0.022642 -0.0200624 -0.000847441 -0.00460525 -0.00226504 -0.0124775 -0.0212968 -0.00339338 -0.00263596 -0.0105054 -0.0187324 -0.0179103 0.00369401 0.00357019 -0.0265923 0.00446508 -0.023678 -0.0202667 -0.00849189 -0.00577332 0.00203855 -0.00401269
internal_weight=1760 1600 160 559 1041 867 488 336 443 268 531 137 402 199 243 338 117 146 117 53 64 129 175 174 126 90 91 133 89 96
internal_count=1760 1600 160 559 1041 867 488 336 443 268 531 137 402 199 243 338 117 146 117 53 64 129 175 174 126 90 91 133 89 96
is_linear=0
shrinkage=0.05


Tree=17
num_leaves=31
num_cat=0
split_feature=1 1 14 5 80 84 0 1 88 19 1 0 1 215 214 215 0 93 89 117 93 116 221 89 91 277 1 91 290 1
split_gain=421.528 32.0665 14.0046 13.8877 4.45306 2.8891 3.52078 1.4888 1.30137 0.958395 0.951277 0.838817 0.674103 0.611819 0.885595 0.584467 0.42649 0.400794 0.358402 0.330731 0.300437 0.300007 0.281667 0.24406 0.207766 0.162575 0.146737 0.146532 0.140723 0.137019
threshold=5.9673287727711335 3.9415346756528771 1.0000000180025095e-35 1.0000000180025095e-35 1.0000000180025095e-35 -0.11151288671975972 5.9148525341228533 3.5408542930527882 -0.047631908800922267 19.407520325203254 3.4811217321331038 5.5928491800563487 5.0968083143154814 0.00022488277310751925 0.090807438299928073 -0.010793705791835292 3.9981586158983733 0.010798527317945934 -0.055073143362648486 0.037585360097741015 0.0025013565083298966 -0.021580207839748022 0.019490239244210356 -0.022910437282387692 0.012619701009470788 -0.0034689972135143235 8.039630215746401 -0.027635761552252242 0.016963545211115465 4.7050052835523761
decision_type=2 2 2 2 2 2 2 2 2 2 2 2 2 2 2 2 2 2 2 2 2 2 2 2 2 2 2 2 2 2
left_child=1 3 26 4 7 28 8 16 15 12 -6 18 17 23 -15 27 -1 29 -10 -17 -13 -18 -23 -9 -19 -5 -2 -7 -3 -8
right_child=2 5 -4 25 10 6 9 13 11 -11 -12 20 -14 14 -16 19 21 24 -20 -21 -22 22 -24 -25 -26 -27 -28 -29 -30 -31
leaf_value=-0.02583464670832418 0.054722624272108084 0.0030661687185638588 0.088632381916046152 -0.0010581418592884237 -0.018591499812901018 -0.010391229914966972 -0.0050189680859165373 -0.020760790132252235 -0.015474925896054821 0.011089969337917865 -0.0062069871881301857 -0.0092214757576584826 0.0042522106768455407 -0.0057198370891538538 -0.01820925371721387 -0.0018830388432486392 -0.024318973763900645 -0.00030629740513676964 -0.0096119634537811735 0.0052475373819470409 -0.0043094963179082886 -0.021668638313402894 -0.015274580451659858 -0.015296926811337472 0.0044917941147771976 0.0035013625277982401 0.059946567256276201 -0.0049018270200899532 0.006129095633732505 -0.0018850467261383496
leaf_weight=119 20 100 100 29 20 20 53 112 38 20 69 45 69 22 40 87 68 91 83 20 101 61 24 25 30 60 41 31 60 102
leaf_count=119 20 100 100 29 20 20 53 112 38 20 69 45 69 22 40 87 68 91 83 20 101 61 24 25 30 60 41 31 60 102
internal_value=-8.47393e-11 -0.00776454 0.0771149 -0.0163312 -0.019247 -0.00191216 -0.00315306 -0.0211852 -0.0062464 0.000448774 -0.00899002 -0.00837478 -0.000168107 -0.0178987 -0.0137775 -0.00264971 -0.0235897 -0.00127319 -0.0114532 -0.000550221 -0.00582346 -0.0218436 -0.0198633 -0.0197637 0.000883312 0.00201568 0.0582338 -0.00705453 0.00421477 -0.00295665
internal_weight=1760 1599 161 649 560 950 790 471 425 365 89 267 345 199 62 158 272 276 121 107 146 153 85 137 121 89 61 51 160 155
internal_count=1760 1599 161 649 560 950 790 471 425 365 89 267 345 199 62 158 272 276 121 107 146 153 85 137 121 89 61 51 160 155
is_linear=0
shrinkage=0.05


Tree=18
num_leaves=31
num_cat=0
split_feature=2 1 14 4 88 91 84 221 1 1 88 61 91 0 62 0 210 212 1 1 83 1 128 98 277 0 19 215 1 21
split_gain=380.472 29.1268 12.1802 8.9788 4.61376 4.25133 2.89267 2.64848 1.55943 1.22186 1.1313 0.854285 0.689226 1.20135 0.505571 0.422357 0.417334 0.327338 0.324522 0.324274 0.318968 0.318767 0.273261 0.205417 0.155624 0.149713 0.145768 0.143621 0.126569 0.121102
threshold=3.7313945787062246 3.7494348669884658 1.0000000180025095e-35 1.4978661367769956 0.14971249837438996 -0.10315197680699943 -0.013164086403083275 0.1404469841627782 4.5695295849856103 2.8617925509761908 -0.028463066009932834 2.0126758453675748 -0.05631574184048823 4.6867395546766826 0.89587973461402759 6.078787719222313 0.00033079886555920025 0.33400269398392685 4.2413008733233104 3.9981586158983733 0.074659411380014681 4.923617305492666 0.032560913175673785 0.015240174474732275 0.023797530119793655 5.7413980499943591 12.316666666666668 -0.052536670485036123 4.2413008733233104 1.0000000180025095e-35
decision_type=2 2 2 2 2 2 2 2 2 2 2 2 2 2 2 2 2 2 2 2 2 2 2 2 2 2 2 2 2 2
left_child=1 3 -2 7 5 -3 11 9 10 29 16 14 26 23 24 25 -8 -13 -12 -18 21 27 -6 -14 -7 -16 -11 -10 -21 -1
right_child=2 4 -4 -5 22 6 8 -9 20 12 18 17 13 -15 15 -17 19 -19 -20 28 -22 -23 -24 -25 -26 -27 -28 -29 -30 -31
leaf_value=-0.027078461878829532 0.055704965939124433 -0.017380277899115584 0.084200764656066907 0.0014057656917557644 -0.013299226322594813 0.0013808423008030285 -0.0074143074423773216 -0.0073853909876197589 -0.0004760012947196837 -0.022364571756786772 -0.01071847336920532 0.012570194881409409 -0.0216251366316004 -0.0085926976457640931 -0.008772039394825697 0.0031860249210149054 -0.0038948570606562333 0.0050820839764162016 -0.006515073809774655 -8.7051329034653951e-05 0.0054464987595565619 0.0018223562143144332 -0.020108616667298171 -0.015676954601492203 0.0043881588772637778 -0.0029146233166102323 -0.019510854307687685 -0.0031676645466406656 0.0046773910219781098 -0.023828809698925743
leaf_weight=45 60 43 100 57 34 152 32 40 83 90 74 20 47 37 20 20 53 54 121 46 20 70 26 21 60 24 89 123 20 79
leaf_count=45 60 43 100 57 34 152 32 40 83 90 74 20 47 37 20 20 53 54 121 46 20 70 26 21 60 24 89 123 20 79
internal_value=1.54087e-10 -0.00735148 0.0735148 -0.0172853 -0.00277011 -0.00198867 -0.0013215 -0.0196635 -0.00331506 -0.0208672 -0.00559431 0.00233526 -0.0190592 -0.0158431 0.00105618 -0.00283861 -0.00234531 0.0071059 -0.00811021 -0.000982218 -0.000650797 -0.00109263 -0.01625 -0.0197882 0.00223197 -0.00557709 -0.0209457 -0.00208316 0.00135672 -0.0250081
internal_weight=1760 1600 160 505 1095 1035 992 448 642 408 346 350 284 105 276 64 151 74 195 119 296 276 60 68 212 44 179 206 66 124
internal_count=1760 1600 160 505 1095 1035 992 448 642 408 346 350 284 105 276 64 151 74 195 119 296 276 60 68 212 44 179 206 66 124
is_linear=0
shrinkage=0.05


Tree=19
num_leaves=31
num_cat=0
split_feature=1 1 14 5 221 84 0 0 210 97 0 19 1 8 1 219 91 93 117 214 0 1 0 91 1 283 244 82 290 1
split_gain=343.398 26.1864 11.3933 11.3236 3.64026 2.35124 2.88438 1.31345 1.26839 1.0743 0.907018 0.823624 0.71708 0.715891 0.570562 0.543863 0.475009 0.348079 0.198928 0.185365 0.183922 0.183536 0.178984 0.177639 0.175027 0.145629 0.131552 0.12723 0.122459 0.113152
threshold=5.9673287727711335 3.9415346756528771 1.0000000180025095e-35 1.0000000180025095e-35 0.11384130104900021 -0.11151288671975972 5.9148525341228533 4.2268071048866842 0.0062923699309824508 0.096700702971999508 4.9663289649179552 19.407520325203254 3.5408542930527882 0.012309969325153375 5.0968083143154814 0.082086569004411095 -0.078115682007969797 0.010798527317945934 -0.0090832304337373788 0.15152217099279719 5.5740515676620417 3.4811217321331038 5.4445775410940529 0.012619701009470788 2.602003343538398 -0.0023946037291034034 -0.0026895609144794472 -0.19660115685597362 0.017466788339276569 4.7229433450037179
decision_type=2 2 2 2 2 2 2 2 2 2 2 2 2 2 2 2 2 2 2 2 2 2 2 2 2 2 2 2 2 2
left_child=1 3 26 4 7 28 9 24 15 10 -7 14 -6 16 17 18 -12 29 -9 -20 -18 -17 -15 -19 -1 -5 -2 -22 -3 -8
right_child=2 5 -4 25 12 6 11 8 -10 -11 13 -13 -14 22 -16 21 20 23 19 -21 27 -23 -24 -25 -26 -27 -28 -29 -30 -31
leaf_value=-0.023825238952317189 0.049480680714954033 0.0027505584353048561 0.079990721702575693 -0.0004213025451463182 -0.015224719015152557 -0.014412703621201218 -0.0044132068020398497 -0.017258985024892679 -0.006435283019135778 0.0033232349059319185 -0.014914642013609409 0.010285854908288457 -0.0048409878858365124 -0.0061644359664028711 0.0039160144579448346 -0.022390661716461185 -0.0092488594215225286 -0.00025765984981182636 -0.0099279348542913801 -0.016016691982746124 -0.0079187017927567164 -0.018721193708827563 -0.0021943903134297965 0.0041789464931935071 -0.020745734057643198 0.0036446313516293864 0.054316164667789761 -0.0046240208791589665 0.005617633194394284 -0.0016479373991271442
leaf_weight=97 22 101 100 40 23 32 61 59 26 31 20 20 60 37 69 50 54 91 25 25 45 107 122 30 88 49 39 84 59 94
leaf_count=97 22 101 100 40 23 32 61 59 26 31 20 20 60 37 69 50 54 91 25 25 45 107 122 30 88 49 39 84 59 94
internal_value=-1.33057e-10 -0.00700812 0.0696023 -0.0147496 -0.0173825 -0.00171947 -0.00283892 -0.0190641 -0.0169757 -0.00563877 -0.0063439 0.000421183 -0.00771841 -0.00563064 -0.000150682 -0.018006 -0.00759848 -0.00116736 -0.0152926 -0.0129723 -0.00679889 -0.0198898 -0.00311824 0.000842325 -0.0223604 0.00181725 0.0525722 -0.00577333 0.00380779 -0.0027362
internal_weight=1760 1599 161 649 560 950 790 477 292 425 394 365 83 362 345 266 203 276 109 50 183 157 159 121 185 89 61 129 160 155
internal_count=1760 1599 161 649 560 950 790 477 292 425 394 365 83 362 345 266 203 276 109 50 183 157 159 121 185 89 61 129 160 155
is_linear=0
shrinkage=0.05


Tree=20
num_leaves=31
num_cat=0
split_feature=2 1 14 4 88 91 84 221 1 0 88 61 91 0 62 91 0 1 83 214 0 1 19 91 0 98 7 128 277 0
split_gain=309.949 23.772 9.9094 7.29884 3.80618 3.47027 2.37006 2.18356 1.26926 1.03013 0.920846 0.721509 0.634028 0.992754 0.414485 0.352869 0.352113 0.324082 0.301204 0.276179 0.235047 0.211581 0.226672 0.184494 0.169911 0.157873 0.156993 0.137604 0.134289 0.124319
threshold=3.7313945787062246 3.7494348669884658 1.0000000180025095e-35 1.4978661367769956 0.14971249837438996 -0.10315197680699943 -0.013164086403083275 0.1404469841627782 4.6200466650627661 3.9981586158983733 -0.028463066009932834 2.0126758453675748 -0.054350018201912077 4.6867395546766826 0.89587973461402759 -0.0028321322248324341 6.078787719222313 4.2413008733233104 -0.11428313540620001 0.012135198893145955 4.7050052835523761 4.9732735209982879 11.651515151515154 0.0056984416682996928 5.5432204948189954 0.010965598983252408 0.32163382594417084 0.047519058539385907 0.023797530119793655 5.7413980499943591
decision_type=2 2 2 2 2 2 2 2 2 2 2 2 2 2 2 2 2 2 2 2 2 2 2 2 2 2 2 2 2 2
left_child=1 3 -2 7 5 -3 11 9 10 27 15 14 26 25 28 -8 29 -12 -13 24 -6 22 -10 -24 -17 -14 -11 -1 -7 -16
right_child=2 4 -4 -5 20 6 8 -9 21 12 17 18 13 -15 16 19 -18 -19 -20 -21 -22 -23 23 -25 -26 -27 -28 -29 -30 -31
leaf_value=-0.021688556640732048 0.050288531035184859 -0.015692674143369809 0.075991190433502206 0.0012424110181184422 -0.018085352304790702 0.001224627361616034 -0.0078240688218184831 -0.0066053363028913742 -0.0022330245548546628 -0.015172099601477385 -0.0096793911822542957 0.0045690437778830532 -0.019378582320430063 -0.0073261464072857056 -0.0079876979999244212 -0.003501278125559506 0.0029249939136207106 -0.0055984107258116415 0.011752021638676525 0.0044277494156267491 -0.011812447744887322 0.0024533527657249064 -0.000343485710052644 0.0052781791117740805 0.00044785769669235584 -0.014109383133195697 -0.019515990722590151 -0.025609366647128401 0.0040182000122634537 -0.0026501092613519482
leaf_weight=98 60 43 100 57 28 152 22 40 143 24 74 54 44 36 20 69 20 142 20 20 32 53 54 20 45 21 156 29 60 24
leaf_count=98 60 43 100 57 28 152 22 40 143 24 74 54 44 36 20 69 20 142 20 20 32 53 54 20 45 21 156 29 60 24
internal_value=1.34403e-10 -0.00663527 0.0663527 -0.0156096 -0.00249641 -0.00178664 -0.00118386 -0.0177538 -0.00298838 -0.0188467 -0.00488242 0.00212614 -0.0171577 -0.0139871 0.000950647 -0.00195519 -0.00257589 -0.00699652 0.00651039 -0.000991639 -0.0147398 -0.000378813 -0.00107054 0.00117588 -0.00194241 -0.0176762 -0.0189368 -0.0225839 0.00201526 -0.00507629
internal_weight=1760 1600 160 505 1095 1035 992 448 642 408 372 350 281 101 276 156 64 216 74 134 60 270 217 74 114 65 180 127 212 44
internal_count=1760 1600 160 505 1095 1035 992 448 642 408 372 350 281 101 276 156 64 216 74 134 60 270 217 74 114 65 180 127 212 44
is_linear=0
shrinkage=0.05


Tree=21
num_leaves=31
num_cat=0
split_feature=1 1 14 5 80 9 0 0 88 8 219 215 142 83 1 212 1 0 0 305 1 8 1 0 277 19 1 142 324 0
split_gain=279.748 21.3841 9.2692 9.23346 2.96773 1.92464 1.9393 0.99202 0.94324 1.01521 0.834069 0.676337 0.650097 0.497189 0.462139 0.421299 0.370949 0.289187 0.244441 0.226208 0.196584 0.183269 0.167597 0.142722 0.131249 0.126102 0.119206 0.118553 0.112615 0.106633
threshold=5.9673287727711335 3.9415346756528771 1.0000000180025095e-35 1.0000000180025095e-35 1.0000000180025095e-35 0.0074063432835820902 5.9750802605835984 4.1971736807086968 0.13691460199165528 0.0025895638629283495 0.066962504028045253 -0.0061454353070997522 0.041447068741938937 0.12246919210136156 4.863673427408628 0.033134576234703582 4.135134555718313 5.629416447756002 5.4445775410940529 -0.012682212338774571 4.2972622671762819 0.013652036156928527 3.5408542930527882 3.6762205501217919 -0.0034689972135143235 10.35416666666667 8.039630215746401 0.021794997921476971 0.0095436613311405821 6.7656153457204473
decision_type=2 2 2 2 2 2 2 2 2 2 2 2 2 2 2 2 2 2 2 2 2 2 2 2 2 2 2 2 2 2
left_child=1 3 26 4 7 17 8 23 9 16 12 -6 19 14 21 18 -7 -3 -11 -9 -17 -8 -12 -1 -5 -18 -2 -20 -21 -16
right_child=2 5 -4 24 11 6 13 10 -10 15 22 -13 -14 -15 29 20 25 -19 27 28 -22 -23 -24 -25 -26 -27 -28 -29 -30 -31
leaf_value=-0.022013993752854212 0.044296077787876136 0.0030507858192024805 0.072191626787185673 -0.0011229996312538098 -0.015168522666430191 -0.01163951377534578 -0.0029761395218146566 -0.010967302511040217 -0.012186085422419841 -0.0072368048073258254 -0.019857641106302087 -0.0049029634453986283 -0.004269024524837732 0.0072367484967869062 0.00134860456439087 -0.00056583312398288403 -0.0066613209325350033 0.0095735450834035871 -0.0030465815949355605 -0.017108450550585987 0.0045458800822066577 0.0018423828623781446 -0.016591465150572592 -0.019099311417057403 0.0029737477417802437 -0.0036408376893422643 0.04900452000338857 0.00071782477060332902 -0.013022650728145471 0.0051065029999749229
leaf_weight=70 20 113 100 29 21 31 111 39 36 32 66 68 20 26 133 68 103 20 128 48 26 24 97 105 60 52 41 25 26 22
leaf_count=70 20 113 100 29 21 31 111 39 36 32 66 68 20 26 133 68 103 20 128 48 26 24 97 105 60 52 41 25 26 22
internal_value=-1.25299e-10 -0.00632537 0.0628216 -0.0133211 -0.0156986 -0.00154621 -0.00245424 -0.0172809 -0.00438891 -0.00378525 -0.0155165 -0.00732517 -0.0125782 0.000613065 1.92178e-05 -0.0018777 -0.00664658 0.00403165 -0.00326267 -0.0140488 0.000848045 -0.00211951 -0.017914 -0.0202652 0.00163885 -0.005648 0.0474608 -0.00243148 -0.0156729 0.00188198
internal_weight=1760 1599 161 649 560 950 817 471 501 465 296 89 133 316 290 279 186 133 185 113 94 135 163 175 89 155 61 153 74 155
internal_count=1760 1599 161 649 560 950 817 471 501 465 296 89 133 316 290 279 186 133 185 113 94 135 163 175 89 155 61 153 74 155
is_linear=0
shrinkage=0.05


Tree=22
num_leaves=31
num_cat=0
split_feature=2 1 14 5 80 49 0 88 97 0 219 1 1 91 214 81 8 0 0 287 91 1 98 89 195 0 1 0 283 283
split_gain=252.496 19.4226 8.0622 8.02704 2.51904 1.94762 2.59671 0.988395 0.867679 0.770838 0.610521 0.603803 0.565738 0.51921 0.415726 0.394106 0.319646 0.321178 0.258336 0.251894 0.227861 0.173833 0.171575 0.125666 0.121185 0.118645 0.114175 0.113083 0.13025 0.10757
threshold=3.7313945787062246 3.9019216517693867 1.0000000180025095e-35 1.0000000180025095e-35 1.0000000180025095e-35 1.0000000180025095e-35 5.7413980499943591 -0.047631908800922267 0.064353238061501269 4.1820210059610323 -0.014755119500762784 3.4811217321331038 5.0657496176235997 -0.020772041024670347 0.1459467030678587 -0.32171886333974736 0.0016886767959823135 6.0567812709255842 4.9593358439305844 -0.031112954521808261 -0.14640105540276058 4.7999057951650004 -0.0083060609632788756 -0.097662194874678213 -0.014973800061958696 3.6762205501217919 3.4811217321331038 5.5274410133216039 0.034588930963867164 -0.0023946037291034034
decision_type=2 2 2 2 2 2 2 2 2 2 2 2 2 2 2 2 2 2 2 2 2 2 2 2 2 2 2 2 2 2
left_child=1 3 -2 4 9 6 7 13 12 25 14 -6 16 -3 -11 18 21 -18 -9 -15 26 -8 -22 -24 -20 -1 -12 28 -7 -5
right_child=2 5 -4 29 11 27 8 15 -10 10 20 -13 -14 19 -16 -17 17 -19 24 -21 22 -23 23 -25 -26 -27 -28 -29 -30 -31
leaf_value=-0.020913294149296626 0.045398428589105609 -0.0087702091500870185 0.068582046985626227 -0.00047266690132862616 -0.014810892017558218 0.0015984982189815357 -0.0038678475447187135 -0.011647746249519546 0.0099713533901376657 -0.0061658994969109012 -0.020217728146484922 -0.0048579272905044492 0.0033995244375546463 0.0040488211577758195 -0.015536290779709817 -0.014249995468265338 -0.0012467343361147734 0.0034518995958093841 -0.0044790834747254855 -0.0021741219439969303 -0.016505551655941152 -0.0009279914982560114 -0.015665875852108001 -0.011124721466778564 -0.0074608127588719547 -0.018218120164713081 -0.016694142257989344 0.0056982060358859599 0.0052104788805757253 0.0031487200409173969
leaf_weight=70 60 27 100 37 20 87 130 29 20 29 35 64 72 20 20 23 121 52 50 87 68 82 25 39 107 98 67 40 35 46
leaf_count=70 60 27 100 37 20 87 130 29 20 29 35 64 72 20 20 23 121 52 50 87 68 82 25 39 107 98 67 40 35 46
internal_value=-2.85982e-11 -0.00598882 0.0598882 -0.0129331 -0.0151775 -0.00161861 -0.00260834 -0.00592642 -0.000222387 -0.0166582 -0.0150656 -0.00722768 -0.000668503 -0.00257439 -0.00999055 -0.00807558 -0.00142928 0.000165572 -0.00731207 -0.00101096 -0.0161283 -0.00273073 -0.0147567 -0.0128986 -0.00651122 -0.0193411 -0.0179032 0.00339114 0.00263472 0.00153437
internal_weight=1760 1600 160 618 535 982 820 343 477 451 283 84 457 134 49 209 385 173 186 107 234 212 132 64 157 168 102 162 122 83
internal_count=1760 1600 160 618 535 982 820 343 477 451 283 84 457 134 49 209 385 173 186 107 234 212 132 64 157 168 102 162 122 83
is_linear=0
shrinkage=0.05


Tree=23
num_leaves=31
num_cat=0
split_feature=1 1 14 4 91 88 84 221 1 88 1 221 61 91 215 7 1 83 117 211 219 99 117 1 86 0 215 83 214 170
split_gain=227.908 17.4804 7.53832 3.82564 3.49588 3.16721 1.88169 1.43803 1.02371 0.76056 0.70019 0.499091 0.483746 0.313234 0.253214 0.249452 0.247389 0.235833 0.235445 0.217832 0.217335 0.213122 0.206776 0.179452 0.156435 0.144218 0.136525 0.120272 0.110471 0.110114
threshold=5.9673287727711335 3.6762205501217919 1.0000000180025095e-35 1.4978661367769956 -0.088820464798770274 0.14971249837438996 -0.013164086403083275 0.1404469841627782 4.5695295849856103 -0.028463066009932834 2.8617925509761908 0.064215234047715355 1.7005986908310777 -0.0028321322248324341 -0.008981756914399697 0.75251954418296307 4.1971736807086968 -0.058075957666363705 -0.023562666285211458 -0.019147924947852429 0.00046496868113518928 0.12711712685997348 0.040115056742925544 4.791641144189394 0.21309956851500347 5.5510178349084196 0.0087666882531618664 0.21565930975849493 0.022343158211346505 -0.0076714969007548152
decision_type=2 2 2 2 2 2 2 2 2 2 2 2 2 2 2 2 2 2 2 2 2 2 2 2 2 2 2 2 2 2
left_child=1 3 29 7 15 6 12 10 9 13 28 21 14 -8 20 -3 -11 -14 -7 -10 -6 24 25 -21 27 -15 -25 -12 -1 -2
right_child=2 4 -4 -5 5 18 8 -9 19 16 11 -13 17 22 -16 -17 -18 -19 -20 23 -22 -23 -24 26 -26 -27 -28 -29 -30 -31
leaf_value=-0.022484477579593661 0.040021904896606099 -0.0081031267304206272 0.065152944087982181 0.00066767322015948594 0.00012561310031742324 -0.017155807465314865 -0.0075601262750015375 -0.005845082466091429 0.0043052125658670608 -0.0090535670461562977 -0.017288815256365591 -0.0075401348061859613 0.0033467673165560293 -0.0031322502358816563 0.0016181690909051168 -0.01462387426332994 -0.005289904534627677 0.0092332636914215973 -0.010564508253619785 -0.0023372418482337045 -0.0054173535351375382 -0.011138623121466178 0.0035631455303657619 0.0011447140203049537 -0.012235622237557951 0.00055570540249424624 -0.002190015945095746 -0.014153972705109761 -0.018764689865738454 0.04444588438058511
leaf_weight=25 22 20 100 40 48 20 21 35 22 65 142 21 114 75 152 55 133 20 42 118 28 24 21 114 23 41 42 39 99 39
leaf_count=25 22 20 100 40 48 20 21 35 22 65 142 21 114 75 152 55 133 20 42 118 28 24 21 114 23 41 42 39 99 39
internal_value=-3.23802e-11 -0.0057093 0.0567029 -0.0140888 -0.00244776 -0.00172026 -0.00104948 -0.0155355 -0.00265441 -0.00446098 -0.0164448 -0.0149161 0.00184117 -0.00187387 0.000439935 -0.012885 -0.00652545 0.00422535 -0.0126907 -0.000481632 -0.00191653 -0.0155955 -0.00100225 -0.000865977 -0.0161198 -0.00182875 0.000246902 -0.0166134 -0.0195146 0.0428504
internal_weight=1760 1599 161 448 1151 1076 1014 408 652 356 373 249 362 158 228 75 198 134 62 296 76 228 137 274 204 116 156 181 124 61
internal_count=1760 1599 161 448 1151 1076 1014 408 652 356 373 249 362 158 228 75 198 134 62 296 76 228 137 274 204 116 156 181 124 61
is_linear=0
shrinkage=0.05


Tree=24
num_leaves=31
num_cat=0
split_feature=2 1 5 14 221 84 0 0 210 97 88 1 1 219 299 8 0 0 219 91 1 216 87 211 1 1 277 1 312 227
split_gain=205.693 15.9026 6.79326 6.55947 2.20865 1.48894 1.80432 0.794672 0.892649 0.74046 0.684467 0.480701 0.458371 0.334556 0.316919 0.272445 0.268007 0.242611 0.20402 0.147281 0.14658 0.146256 0.1476 0.116426 0.112911 0.110747 0.10911 0.106665 0.100853 0.0934716
threshold=3.7313945787062246 3.9415346756528771 1.0000000180025095e-35 1.0000000180025095e-35 0.11384130104900021 -0.12472100884295313 5.772996334337213 4.2268071048866842 0.0062923699309824508 0.064353238061501269 -0.047631908800922267 3.5408542930527882 5.0968083143154814 0.11343984723747487 -0.01893668931084146 0.0016886767959823135 4.9593358439305844 6.0980717572261449 0.044401715899221254 0.020139437290950232 4.7999057951650004 0.081286018633303161 -0.073659958334774775 -0.0031468200245839384 3.4811217321331038 2.602003343538398 -0.0034689972135143235 4.1820210059610323 -0.0040198154147698595 0.061235673565697514
decision_type=2 2 2 2 2 2 2 2 2 2 2 2 2 2 2 2 2 2 2 2 2 2 2 2 2 2 2 2 2 2
left_child=1 2 4 -2 7 27 10 25 13 12 14 -6 15 21 -7 20 -12 -17 23 -16 -8 22 -9 -18 -15 -1 -4 -3 -24 -27
right_child=3 5 26 -5 11 6 9 8 -10 -11 16 -13 -14 24 19 17 18 -19 -20 -21 -22 -23 28 -25 -26 29 -28 -29 -30 -31
leaf_value=-0.018517774512472839 0.040983631412188214 0.0014590416385356643 -0.0011258476794143368 0.06189529991149903 -0.012096938693329045 0.0020540705445455387 -0.0035794106189738768 -0.012880249364444844 -0.0043217219147034204 0.0093018540577031669 -0.011080407761037352 -0.0035952160071368172 0.0031992800425792085 -0.017740538554347079 -0.0059840364617565166 -0.00074844142992515122 -0.0039417047291062778 0.0039099081788056848 -0.010729624517261983 -0.0020058086710863184 -0.00085613313382228151 -0.014961521480889882 -0.0063296590646496039 -0.0066597298380963697 -0.014717384847871801 -0.014805926396088168 0.0026094272716970109 0.0041592662766101922 -0.011350941266864539 -0.018171917014952865
leaf_weight=97 60 58 29 100 23 34 120 52 26 20 30 60 69 46 38 125 75 36 20 60 84 34 20 83 94 55 60 99 20 33
leaf_count=97 60 58 29 100 23 34 120 52 26 20 30 60 69 46 38 125 75 36 20 60 84 34 20 83 94 55 60 99 20 33
internal_value=1.0919e-10 -0.00540534 -0.0114394 0.0540534 -0.0134788 -0.00128744 -0.00216719 -0.0147886 -0.0131642 -0.000104528 -0.00492145 -0.00595112 -0.000538001 -0.0140285 -0.00210533 -0.0012445 -0.00670861 0.000293177 -0.00597179 -0.00354839 -0.00245806 -0.0121593 -0.0111237 -0.00536953 -0.0157107 -0.0173526 0.00139232 0.00316173 -0.0088403 -0.0160682
internal_weight=1760 1600 649 160 560 951 794 477 292 454 340 83 434 266 132 365 208 161 178 98 204 126 92 158 140 185 89 157 40 88
internal_count=1760 1600 649 160 560 951 794 477 292 454 340 83 434 266 132 365 208 161 178 98 204 126 92 158 140 185 89 157 40 88
is_linear=0
shrinkage=0.05


Tree=25
num_leaves=31
num_cat=0
split_feature=1 1 14 4 88 91 61 221 0 0 8 97 91 0 5 19 0 221 0 128 118 83 1 128 19 8 283 211 244 1
split_gain=185.678 14.2841 6.13001 4.35655 2.35045 2.11354 1.45736 1.34945 1.09005 0.661738 0.527998 0.490028 0.434717 0.701256 0.410642 0.272642 0.193868 0.210497 0.193406 0.17956 0.173361 0.15129 0.135806 0.126138 0.1224 0.116673 0.114901 0.110551 0.102525 0.0866454
threshold=5.9673287727711335 3.7494348669884658 1.0000000180025095e-35 1.4978661367769956 0.14971249837438996 -0.10315197680699943 1.2424533248940004 0.1404469841627782 5.9750802605835984 3.9981586158983733 0.0097406704617330822 0.044340125716752395 -0.054350018201912077 4.6867395546766826 0.89587973461402759 8.309523809523812 5.4445775410940529 0.040296280358898734 5.7381826048292135 0.032560913175673785 -0.0084116480143837571 0.12246919210136156 5.0657496176235997 0.047519058539385907 12.316666666666668 0.0083771929824561411 0.024028676256796947 -0.012797619605117726 -0.0026895609144794472 4.8481086751891054
decision_type=2 2 2 2 2 2 2 2 2 2 2 2 2 2 2 2 2 2 2 2 2 2 2 2 2 2 2 2 2 2
left_child=1 3 28 7 5 -3 8 9 10 23 18 14 24 27 -8 29 17 -12 -7 -6 -18 22 25 -1 -11 -17 -16 -14 -2 -10
right_child=2 4 -4 -5 19 6 11 -9 15 12 16 -13 13 -15 26 21 20 -19 -20 -21 -22 -23 -24 -25 -26 -27 -28 -29 -30 -31
leaf_value=-0.016762669825432255 0.03595959903164344 -0.012236422906781353 0.058800531387329102 0.00091073062585405359 -0.0091715980211601548 -0.006341914495072553 -0.0045939839115211123 -0.0050012434669770307 -0.0031112329576883403 -0.015963647250706949 -0.0083909745560958992 0.010048880864910428 -0.015539844374398929 -0.0050472163027734497 0.0018756849999131569 -0.0011888549934762219 0.0034439083494362424 -0.002285612483683508 -0.0033482461053292072 -0.01469141600223688 -0.0014988275321339661 0.0050807582660733416 0.0029624309756660036 -0.020516575256298328 -0.013350152223193574 0.0017064391867234756 0.0046460346261594909 -0.011375676095485688 0.040228402920258352 0.00010812749625818636
leaf_weight=98 22 43 100 57 34 137 21 40 57 96 20 21 37 36 109 81 20 48 89 26 157 24 56 29 84 61 57 28 39 33
leaf_count=98 22 43 100 57 34 137 21 40 57 96 20 21 37 36 109 81 20 48 89 26 157 24 56 29 84 61 57 28 39 33
internal_value=-9.41389e-11 -0.00515327 0.0511806 -0.0121089 -0.0019425 -0.00138422 -0.000913339 -0.0137654 -0.00190159 -0.0146246 -0.00341996 0.00280686 -0.0132709 -0.0106455 0.00199358 0.00039057 -0.00181211 -0.00408131 -0.00516299 -0.0115635 -0.000940326 0.00133167 0.000877231 -0.0176199 -0.014744 5.48981e-05 0.00282695 -0.013746 0.0386888 -0.0019308
internal_weight=1760 1599 161 505 1094 1034 991 448 783 408 471 208 281 101 187 312 245 68 226 60 177 222 198 127 180 142 166 65 61 90
internal_count=1760 1599 161 505 1094 1034 991 448 783 408 471 208 281 101 187 312 245 68 226 60 177 222 198 127 180 142 166 65 61 90
is_linear=0
shrinkage=0.05


Tree=26
num_leaves=31
num_cat=0
split_feature=1 1 14 5 221 9 0 0 210 88 8 214 91 83 212 1 0 219 222 280 233 9 8 142 277 147 283 114 1 283
split_gain=167.574 12.9321 5.53234 5.33075 1.7073 1.28531 1.33314 0.856103 1.01143 0.680684 0.740802 0.600962 0.401124 0.32416 0.300143 0.294745 0.227982 0.211492 0.188791 0.168442 0.154539 0.138811 0.124963 0.118615 0.112877 0.101654 0.101479 0.0988686 0.0897215 0.0894491
threshold=5.9673287727711335 3.9019216517693867 1.0000000180025095e-35 1.0000000180025095e-35 0.1404469841627782 0.0076491605816638589 5.9964489946266264 4.2268071048866842 0.0038871253441490339 0.13691460199165528 0.0024155857795515414 0.10706520423412867 -0.088820464798770274 0.12246919210136156 0.033134576234703582 4.863673427408628 5.6401308701359305 0.12946069975798277 -0.00068093783399203109 -0.037592295234823499 0.092002269068447065 0.01590463542654778 0.013652036156928527 0.021794997921476971 0.017933490496378469 0.007227573908227247 0.0089693113012992345 -0.01373814655193111 4.0163424379838117 -0.0023946037291034034
decision_type=2 2 2 2 2 2 2 2 2 2 2 2 2 2 2 2 2 2 2 2 2 2 2 2 2 2 2 2 2 2
left_child=1 3 27 4 7 16 9 20 17 10 12 -10 -7 15 19 22 24 25 28 -12 -1 -14 -8 -21 26 -9 -3 -2 -16 -5
right_child=2 5 -4 29 -6 6 13 8 11 -11 14 -13 21 -15 18 -17 -18 -19 -20 23 -22 -23 -24 -25 -26 -27 -28 -29 -30 -31
leaf_value=-0.015450780860513276 0.033872279599308969 -0.00025057263602502644 0.055860508382320408 -0.00060122582095524155 -0.0042104972076087597 -0.012078917510807516 -0.0024467189388006874 -0.012634873920924043 -0.00050700817775013371 -0.0099977366136092885 -0.0065138159339160964 -0.011613315583339759 -0.0016310003940816387 0.0063311848870438074 -0.0027949150353670121 0.0016227910709039261 0.0080055029597133395 -0.014484354596929389 0.0051199622964486482 -0.0025945023051716738 -0.0199957570149785 -0.0052461276716292979 0.0017193377451886508 0.0010691786838623767 0.0042436700562636055 -0.0095923211383209996 0.0035090333050382993 0.038160302580856703 0.00081761894895779818 0.0027010798658011481
leaf_weight=171 20 50 100 37 57 20 99 73 29 38 24 21 32 23 25 151 20 119 20 147 21 156 22 26 45 44 28 41 55 46
leaf_count=171 20 50 100 37 57 20 99 73 29 38 24 21 32 23 25 151 20 119 20 147 21 156 22 26 45 44 28 41 55 46
internal_value=1.35959e-10 -0.0048956 0.0486215 -0.0105609 -0.0123899 -0.00132666 -0.00207428 -0.0133653 -0.0116316 -0.00354422 -0.00305861 -0.00517166 -0.00534695 0.000631386 -0.00145599 0.000149418 0.00305454 -0.0130002 0.000774954 -0.00258845 -0.0159479 -0.00463079 -0.00168925 -0.00204389 0.00224951 -0.0114907 0.00109903 0.0367544 -0.000311298 0.00122897
internal_weight=1760 1599 161 618 535 981 838 478 286 543 505 50 208 295 297 272 143 236 100 197 192 188 121 173 123 117 78 61 80 83
internal_count=1760 1599 161 618 535 981 838 478 286 543 505 50 208 295 297 272 143 236 100 197 192 188 121 173 123 117 78 61 80 83
is_linear=0
shrinkage=0.05


Tree=27
num_leaves=31
num_cat=0
split_feature=1 1 5 14 221 51 212 0 0 210 1 221 1 1 219 8 0 11 10 280 1 1 283 0 7 283 1 143 0 232
split_gain=151.284 11.8106 4.99396 4.62618 1.62084 1.14917 1.186 1.47536 0.577398 0.688492 0.477993 0.420875 0.378152 0.331017 0.247373 0.224895 0.210515 0.160929 0.154769 0.117288 0.111446 0.0998101 0.0913525 0.0906485 0.11069 0.0867998 0.0803733 0.0655669 0.0651591 0.0651377
threshold=7.6534920966593791 3.9415346756528771 1.0000000180025095e-35 1.0000000180025095e-35 0.11384130104900021 0.89587973461402759 0.1672567479758589 5.7413980499943591 4.2268071048866842 0.0062923699309824508 5.0657496176235997 0.048521372505368608 3.5408542930527882 4.0517471391904856 0.077754243167211176 0.0016886767959823135 6.0567812709255842 1.8908576533650985 0.062895569620253181 -0.02541513905840807 3.4811217321331038 4.8081027000528378 0.0047029158941934756 3.5114340430413216 0.4070031298904539 0.014650277649591972 5.3375265226150903 -0.014837999307679975 10.987521849191557 0.0047693588713066011
decision_type=2 2 2 2 2 2 2 2 2 2 2 2 2 2 2 2 2 2 2 2 2 2 2 2 2 2 2 2 2 2
left_child=1 2 4 -2 8 6 7 11 23 14 15 13 -6 -3 19 21 29 -15 -19 -10 -16 -9 -4 -1 -25 27 -12 -8 -5 -17
right_child=3 5 22 28 12 -7 25 10 9 -11 26 -13 -14 17 20 16 -18 18 -20 -21 -22 -23 -24 24 -26 -27 -28 -29 -30 -31
leaf_value=-0.017168303472655161 0.035413044842623052 -0.011280992896528915 -0.00051353996677789844 0.050732202763142803 -0.010571828946147277 0.0095043610546272257 0.0034551068634859159 -0.0029745383152970199 -0.0076152253986125993 -0.0035411277557544129 0.0023080759272151802 -0.0014517439275153613 -0.0030312807019799949 -0.0084091047615264397 -0.015271231293678285 -0.0014186106417644589 0.0028447129908104052 -0.0051996638046036808 -0.00096018721326254308 -0.011264454026853568 -0.012420193205049279 -0.00071520628200807176 0.00269532736014337 -0.01305476682661455 -0.015775128275575773 0.0042002455036332506 0.0060185531713068492 0.0007235124935505155 0.05376503312742556 0.0015785594790941105
leaf_weight=35 59 25 42 23 23 25 35 137 31 26 54 71 60 33 50 103 54 155 25 76 109 76 47 79 71 58 20 59 77 22
leaf_count=35 59 25 42 23 23 25 35 137 31 26 54 71 60 33 50 103 54 155 25 76 109 76 47 79 71 58 20 59 77 22
internal_value=7.80186e-11 -0.00461969 -0.00982091 0.0465165 -0.0115694 -0.00107389 -0.00135918 -0.00215121 -0.0126915 -0.0113069 -0.000374752 -0.00483026 -0.00512083 -0.00583814 -0.0120659 -0.00107051 0.000235899 -0.00519931 -0.00461085 -0.0102072 -0.0133167 -0.00216839 0.00118103 -0.014877 -0.0143424 0.00267915 0.00331091 0.0017406 0.0530675 -0.000891109
internal_weight=1760 1601 649 159 560 952 927 775 477 292 466 309 83 238 266 392 179 213 180 107 159 213 89 185 150 152 74 94 100 125
internal_count=1760 1601 649 159 560 952 927 775 477 292 466 309 83 238 266 392 179 213 180 107 159 213 89 185 150 152 74 94 100 125
is_linear=0
shrinkage=0.05


Tree=28
num_leaves=31
num_cat=0
split_feature=1 1 14 4 91 88 84 221 1 88 0 7 61 91 0 117 117 0 62 0 141 19 1 209 1 128 7 283 211 177
split_gain=136.539 10.5798 4.49541 2.25884 2.14898 1.90687 1.09032 0.881441 0.577162 0.516319 0.446765 0.339481 0.336372 0.323206 0.537974 0.187806 0.177727 0.176557 0.163365 0.153136 0.153126 0.145003 0.137337 0.127696 0.12255 0.117236 0.107024 0.0999064 0.0957187 0.087692
threshold=5.9673287727711335 3.6762205501217919 1.0000000180025095e-35 1.4978661367769956 -0.080603490551106813 0.14971249837438996 -0.013164086403083275 0.1404469841627782 4.5695295849856103 -0.028463066009932834 3.9981586158983733 0.56174750601995194 2.0126758453675748 -0.054350018201912077 4.6867395546766826 0.040115056742925544 -0.023562666285211458 5.4992132179189657 0.89587973461402759 6.078787719222313 0.00028407018903072725 14.29166666666667 4.2413008733233104 0.20828604404603443 4.923617305492666 0.047519058539385907 0.32163382594417084 -0.020304164544945751 -0.012797619605117726 0.0014367174806642462
decision_type=2 2 2 2 2 2 2 2 2 2 2 2 2 2 2 2 2 2 2 2 2 2 2 2 2 2 2 2 2 2
left_child=1 3 29 7 11 6 12 10 9 15 25 -3 18 26 28 17 -7 23 27 -20 -14 24 -11 -8 -10 -1 -12 -6 -15 -2
right_child=2 4 -4 -5 5 16 8 -9 21 22 13 -13 20 14 -16 -17 -18 -19 19 -21 -22 -23 -24 -25 -26 -27 -28 -29 -30 -31
leaf_value=-0.014369229622641389 0.034825297934668403 -0.0039576639182909972 0.050414106786251071 0.0004008711909409613 -4.7224368697753542e-05 -0.013715312629938126 -0.0063506604673770756 -0.0044629885668733297 -0.0013252579446814689 -0.0067270164616945157 -0.0097033615669478556 -0.011270077188427631 0.003098917692217843 -0.013539058011439113 -0.0037884312039691836 0.0030758924253115605 -0.0079661511793369198 0.00013765472996379624 -0.0032145261269084418 0.0020812532096169891 0.0082905807811766864 0.0033778526403087507 -0.0040016972650260812 -0.0020155066734759554 0.0010596004763273586 -0.018037768453359606 -0.013389290938575339 0.0021391908796027162 -0.0092248992901295436 0.030991809585919752
leaf_weight=98 35 21 100 40 82 20 26 35 198 76 23 65 49 36 31 22 41 59 43 20 20 24 118 49 74 28 137 144 20 26
leaf_count=98 35 21 100 40 82 20 26 35 198 76 23 65 49 36 31 22 41 59 43 20 20 24 118 49 74 28 137 144 20 26
internal_value=1.65895e-11 -0.00441906 0.0438887 -0.0109381 -0.00188168 -0.00126775 -0.000746246 -0.0120498 -0.00197285 -0.00334726 -0.0127617 -0.00948449 0.00146712 -0.0115257 -0.00907294 -0.00120568 -0.00985112 -0.00190862 0.000718241 -0.00153333 0.00460375 -0.00034771 -0.00506935 -0.00351836 -0.000676436 -0.0151845 -0.0128594 0.00134589 -0.0119983 0.0331914
internal_weight=1760 1599 161 448 1151 1065 1004 408 646 350 373 86 358 247 87 156 61 134 289 63 69 296 194 75 272 126 160 226 56 61
internal_count=1760 1599 161 448 1151 1065 1004 408 646 350 373 86 358 247 87 156 61 134 289 63 69 296 194 75 272 126 160 226 56 61
is_linear=0
shrinkage=0.05


Tree=29
num_leaves=31
num_cat=0
split_feature=1 1 5 14 80 51 212 0 1 1 128 91 88 215 82 90 151 0 86 0 10 9 277 0 8 283 1 1 91 0
split_gain=123.262 9.65246 4.08573 3.75915 1.31985 0.988415 0.974451 1.21633 0.455236 0.400806 0.40073 0.350817 0.294223 0.211798 0.331556 0.200979 0.181918 0.173402 0.131504 0.104302 0.0984233 0.0963847 0.0823397 0.0774567 0.0817963 0.0754421 0.0689908 0.0682308 0.0647105 0.0588059
threshold=7.6534920966593791 3.9415346756528771 1.0000000180025095e-35 1.0000000180025095e-35 1.0000000180025095e-35 0.89587973461402759 0.1672567479758589 5.7413980499943591 3.5694334999727624 5.0657496176235997 0.032014516279560847 -0.080603490551106813 -0.04524214426434655 0.00022488277310751925 0.28188430567396544 0.0080735620132663648 -0.03831126314511004 4.9663289649179552 0.20451971826681881 6.0980717572261449 0.047338935574229697 0.024987440792306592 0.0033129240255881398 3.5114340430413216 0.34150717703349287 0.014650277649591972 5.3375265226150903 4.6681339642869872 0.011470188284622658 10.987521849191557
decision_type=2 2 2 2 2 2 2 2 2 2 2 2 2 2 2 2 2 2 2 2 2 2 2 2 2 2 2 2 2 2
left_child=1 2 4 -2 8 6 7 11 16 15 -6 -3 20 -10 -15 21 -1 -14 23 -17 -13 28 -4 -18 -25 -8 -11 -23 -9 -5
right_child=3 5 22 29 10 -7 25 9 13 26 -12 12 17 14 -16 19 18 -19 -20 -21 -22 27 -24 24 -26 -27 -28 -29 -30 -31
leaf_value=-0.0087587510593808617 0.031979096491458053 -0.010618529575211663 -0.00085498239731190127 0.045674887169962347 -0.0030631712717139096 0.0088460465911775824 0.0015564689989758414 -0.0011761677922587132 -0.010717376528680326 0.0021119067281823072 -0.011101235575042665 -0.0042982691808814005 -0.008654381741459171 -0.0020435950297507505 -0.0099095596554311556 -0.00016782651579452923 -0.015571317962698034 -0.0044831435585736623 -0.0092471578530967241 0.003249873601563388 -0.00097967175101985058 -0.0036174564056896739 0.0022750506578251423 -0.013423140423939281 -0.010129356118185181 0.0038495576966569981 0.0055496199056506157 -0.00156473647718182 0.0016297089628306612 0.048556072951911333
leaf_weight=26 59 21 34 23 69 25 94 98 125 54 20 31 30 21 37 69 37 147 20 33 80 70 55 184 21 58 20 96 26 77
leaf_count=26 59 21 34 23 69 25 94 98 125 54 20 31 30 21 37 69 37 147 20 33 80 70 55 184 21 58 20 96 26 77
internal_value=-7.2841e-11 -0.00416996 -0.00887203 0.0419881 -0.0104536 -0.00096445 -0.00122903 -0.00194696 -0.0115088 -0.000333965 -0.00486948 -0.00437949 -0.00392456 -0.0095587 -0.00706154 -0.000971079 -0.0127479 -0.00519013 -0.0131437 0.0009379 -0.00190649 -0.00164251 0.00107931 -0.0134658 -0.0130857 0.00243146 0.00304102 -0.00243034 -0.000587839 0.0478934
internal_weight=1760 1601 649 159 560 952 927 775 471 466 89 309 288 183 58 392 288 177 262 102 111 290 89 242 205 152 74 166 124 100
internal_count=1760 1601 649 159 560 952 927 775 471 466 89 309 288 183 58 392 288 177 262 102 111 290 89 242 205 152 74 166 124 100
is_linear=0
shrinkage=0.05


Tree=30
num_leaves=31
num_cat=0
split_feature=1 1 14 4 91 88 84 221 211 0 1 287 7 91 0 0 215 117 101 218 1 227 82 8 185 10 1 0 211 1
split_gain=111.25 8.64549 3.65294 1.83481 1.74601 1.5675 0.893681 0.720217 0.477978 0.380423 0.356474 0.291407 0.288001 0.278714 0.450234 0.202835 0.157527 0.155354 0.153773 0.12468 0.111858 0.110764 0.10939 0.108749 0.104209 0.0954263 0.0878259 0.0865409 0.0813467 0.0787382
threshold=5.9673287727711335 3.6762205501217919 1.0000000180025095e-35 1.4978661367769956 -0.080603490551106813 0.14971249837438996 -0.013164086403083275 0.1404469841627782 -0.0064222843375331407 3.9981586158983733 4.4367340276668159 -0.047370988479519982 0.56174750601995194 -0.054350018201912077 4.6867395546766826 6.0509113120781883 -0.007121382554496695 -0.023562666285211458 -0.0016407588696815156 0.015292329517801915 5.0369315191558419 0.079128735089492683 0.0049767891772660418 0.013652036156928527 0.0044414112471100105 0.21719901719901721 4.1820210059610323 5.7477980882242035 -0.012797619605117726 8.039630215746401
decision_type=2 2 2 2 2 2 2 2 2 2 2 2 2 2 2 2 2 2 2 2 2 2 2 2 2 2 2 2 2 2
left_child=1 3 29 7 12 6 11 9 15 21 -10 18 -3 25 28 19 22 -7 -6 24 -12 -1 27 -17 -8 -11 -18 -13 -15 -2
right_child=2 4 -4 -5 5 17 8 -9 10 13 20 16 -14 14 -16 23 26 -19 -20 -21 -22 -23 -24 -25 -26 -27 -28 -29 -30 -31
leaf_value=-0.012825448840028711 0.027401432618498801 -0.003457641113172507 0.045498731493949895 0.00033750087197404355 0.002363166408560408 -0.012536740563809873 -0.00053052563639713151 -0.0040259322387698505 -0.0048725229454402172 -0.012259691238166795 -0.0020377901637031854 -0.0050665767583996067 -0.010192830920792545 -0.012205730709764693 -0.0032747492062739068 0.00048475948557951391 0.00030431263569350982 -0.0071616079998997649 0.0084208752634003774 0.0026810605239006692 0.0018553080094057977 -0.016107020589212578 0.0010400472084783313 0.0044853887641623331 -0.0027191412695232904 -0.0092747255502378233 0.0023081740110358017 -0.00082047708992225422 -0.0082286197412759065 0.031228099218228968
leaf_weight=90 20 21 100 40 22 20 131 35 154 126 152 20 65 36 31 49 91 41 20 20 21 36 38 26 93 34 137 30 20 41
leaf_count=90 20 21 100 40 22 20 131 35 154 126 152 20 65 36 31 49 91 41 20 20 21 36 38 26 93 34 137 30 20 41
internal_value=2.57211e-12 -0.0039889 0.0396165 -0.00988194 -0.00169517 -0.00114178 -0.000668964 -0.0108838 -0.00177947 -0.0115273 -0.00312279 0.0013349 -0.00854819 -0.0103869 -0.00810915 -0.000402459 0.000814836 -0.00892395 0.00524779 -0.00110147 -0.00156522 -0.013763 -0.000982092 0.00187164 -0.00143919 -0.0116254 0.00150839 -0.00251892 -0.0107853 0.0299735
internal_weight=1760 1599 161 448 1151 1065 1004 408 646 373 327 358 86 247 87 319 316 61 42 244 173 126 88 75 224 160 228 50 56 61
internal_count=1760 1599 161 448 1151 1065 1004 408 646 373 327 358 86 247 87 319 316 61 42 244 173 126 88 75 224 160 228 50 56 61
is_linear=0
shrinkage=0.05


Tree=31
num_leaves=31
num_cat=0
split_feature=1 1 5 14 221 51 212 0 0 210 214 91 1 88 19 0 128 219 91 10 1 147 0 7 280 283 228 143 107 1
split_gain=100.429 7.89512 3.22889 3.05505 1.04942 0.86995 0.87338 1.1262 0.538078 0.665851 0.458076 0.374168 0.341685 0.303298 0.164323 0.159687 0.124104 0.120588 0.105063 0.0954113 0.0822197 0.0796511 0.0722814 0.0778059 0.0713424 0.0712162 0.070776 0.0619473 0.0608444 0.0647006
threshold=7.6534920966593791 3.9019216517693867 1.0000000180025095e-35 1.0000000180025095e-35 0.1404469841627782 0.89587973461402759 0.1672567479758589 5.7413980499943591 4.1971736807086968 0.0038871253441490339 0.10706520423412867 -0.072572206539367565 5.1732847621078006 -0.019674354424029778 10.023809523809526 4.8322978221268906 0.045789864329108955 0.12946069975798277 0.020139437290950232 0.059004567736185391 4.6867395546766826 0.007227573908227247 3.5114340430413216 0.39339826839826847 0.0028780662053350553 0.014650277649591972 0.013019473171698112 -0.019390362481405885 0.025391220742495123 4.1971736807086968
decision_type=2 2 2 2 2 2 2 2 2 2 2 2 2 2 2 2 2 2 2 2 2 2 2 2 2 2 2 2 2 2
left_child=1 2 4 -2 8 6 7 11 16 17 -11 -3 14 19 20 -15 22 21 -16 -13 -9 -10 -1 -24 -4 27 -18 -8 29 -17
right_child=3 5 24 -5 -6 -7 25 12 9 10 -12 13 -14 15 18 28 26 -19 -20 -21 -22 -23 23 -25 -26 -27 -28 -29 -30 -31
leaf_value=-0.014047919600098222 0.028877109516475159 -0.0089219795333014603 0.0026179493719560875 0.043223795056343078 -0.003203031533038277 0.0082277744486927984 0.0032233279397526834 -0.0031386991858315203 -0.0099909384987880434 0.00026393798661643059 -0.0093038897606840532 -0.0033026266209032784 0.0034764906373929306 -0.0088146678111313478 -0.00044161885130348394 -0.0063596186538537342 -0.013071404158004694 -0.011284462303048422 0.0022071467459875535 -0.00058270730560731237 -0.00099121672434333819 -0.0073482122981328186 -0.0097884085661960104 -0.012472942092201927 -0.00033124377906737528 0.00351542673440131 -0.016965794712305068 0.00048951246995485823 -0.00197010502907569 -0.003925493387624812
leaf_weight=27 59 36 37 100 57 25 30 78 81 29 22 56 53 23 184 42 28 119 47 76 104 44 53 55 46 61 20 67 23 78
leaf_count=27 59 36 37 100 57 25 30 78 81 29 22 56 53 23 184 42 28 119 47 76 104 44 53 55 46 61 20 67 23 78
internal_value=-1.79222e-12 -0.00376398 -0.00819227 0.0379002 -0.00961579 -0.000979966 -0.00122025 -0.00189117 -0.0103805 -0.00905922 -0.00386336 -0.00410708 -0.000302946 -0.00352542 -0.000787959 -0.00494784 -0.0125104 -0.0101452 9.73075e-05 -0.00173661 -0.00191157 -0.0090607 -0.011734 -0.0111555 0.000983457 0.00217682 -0.0146941 0.00133502 -0.00432591 -0.00477744
internal_weight=1760 1601 618 159 535 983 958 800 478 295 51 334 466 298 413 166 183 244 231 132 182 125 135 108 83 158 48 97 143 120
internal_count=1760 1601 618 159 535 983 958 800 478 295 51 334 466 298 413 166 183 244 231 132 182 125 135 108 83 158 48 97 143 120
is_linear=0
shrinkage=0.05


Tree=32
num_leaves=31
num_cat=0
split_feature=0 1 5 14 221 51 5 0 0 91 88 91 87 1 212 19 126 101 290 219 88 7 1 207 1 283 11 0 91 7
split_gain=90.6594 7.20708 3.02072 2.54038 0.98039 0.75996 0.810391 0.766527 0.55409 0.721951 0.40603 0.297967 0.296822 0.212634 0.179903 0.148016 0.136134 0.125477 0.124665 0.112802 0.102208 0.0960725 0.0928574 0.0781802 0.0724394 0.0710865 0.0648308 0.0946371 0.062417 0.0575109
threshold=9.3095862527214734 3.9415346756528771 1.0000000180025095e-35 1.0000000180025095e-35 0.1404469841627782 0.89587973461402759 1.4978661367769956 5.9148525341228533 4.2835627800822236 -0.036955326510080093 -0.040992417947997302 -0.066444138009873491 0.004635523080089716 5.1732847621078006 -0.0022157378329369626 11.607692307692309 0.0078195585090347925 0.0078331560207436542 0.017466788339276569 0.013865829471641009 0.14971249837438996 0.4070031298904539 3.4175922930736511 0.0074674935336567468 4.6867395546766826 -0.041207701972154474 2.1458980044345903 5.5353618778730294 0.020786341659778221 0.34711565785734588
decision_type=2 2 2 2 2 2 2 2 2 2 2 2 2 2 2 2 2 2 2 2 2 2 2 2 2 2 2 2 2 2
left_child=1 2 4 -2 8 6 7 11 16 21 17 19 20 15 -14 24 29 -11 -8 -3 -13 -10 -23 -18 -9 -4 -16 -28 -17 -1
right_child=3 5 25 -5 -6 -7 18 13 9 10 -12 12 14 -15 26 28 23 -19 -20 -21 -22 22 -24 -25 -26 -27 27 -29 -30 -31
leaf_value=-0.0096017457166875635 0.027836503454467712 -0.0045164002282988462 -0.001145282290027743 0.041062605142593384 -0.0029368055494463381 0.0078163857087492957 0.0014232870208282214 -0.0028802767688152838 -0.0067015717737376693 -0.0037513626180589199 -0.0075999176065784466 -0.0037487312784651298 -0.0031446828900690118 0.0030505008044061609 0.0021423668122952221 0.0003147475331501115 -0.0123044724549566 0.0017823814397810826 0.0046136404220014811 -0.0097632250934839258 -0.0069953058969986163 -0.012547846687467477 -0.0097587368832968129 -0.015782879363922846 -0.00067925149536936919 0.0018978065475210794 -0.0025996351538696235 0.00014990517398181521 0.0029519237383889658 -0.011815993400181041
leaf_weight=69 57 21 28 100 60 25 79 51 20 20 51 100 113 52 20 89 70 21 50 20 32 38 139 21 140 61 51 81 30 51
leaf_count=69 57 21 28 100 60 25 79 51 20 20 51 100 113 52 20 89 70 21 50 20 32 38 139 21 140 61 51 81 30 51
internal_value=6.65915e-12 -0.00355143 -0.00761619 0.0362608 -0.00897608 -0.0007862 -0.0010177 -0.00161071 -0.00970079 -0.00827857 -0.00462166 -0.00301775 -0.00259865 9.17319e-05 -0.00163374 -0.000404578 -0.0116488 -0.000917006 0.00265986 -0.00707583 -0.00453578 -0.00998637 -0.0103575 -0.0131072 -0.00126696 0.00094043 -0.000510472 -0.000912417 0.000979582 -0.0105428
internal_weight=1760 1603 649 157 560 954 929 800 500 289 92 438 397 362 265 310 211 41 129 41 132 197 177 91 191 89 152 132 119 120
internal_count=1760 1603 649 157 560 954 929 800 500 289 92 438 397 362 265 310 211 41 129 41 132 197 177 91 191 89 152 132 119 120
is_linear=0
shrinkage=0.05


Tree=33
num_leaves=31
num_cat=0
split_feature=1 1 14 4 91 88 61 221 0 97 19 0 225 7 91 0 185 19 117 142 102 227 183 10 211 283 244 1 1 237
split_gain=81.874 6.3967 2.66436 1.33241 1.26885 1.17089 0.677379 0.519979 0.492822 0.382948 0.310361 0.283924 0.269896 0.222298 0.211058 0.34613 0.136459 0.132917 0.124395 0.101546 0.12513 0.0923198 0.0831074 0.0807623 0.0698416 0.0681166 0.0651328 0.0598676 0.0559962 0.0539455
threshold=5.9673287727711335 3.6762205501217919 1.0000000180025095e-35 1.4978661367769956 -0.080603490551106813 0.14971249837438996 1.2424533248940004 0.1404469841627782 6.0509113120781883 0.044340125716752395 8.8875000000000011 3.9981586158983733 -0.054204250566748116 0.56174750601995194 -0.054350018201912077 4.6867395546766826 0.040606706380804859 8.309523809523812 -0.023562666285211458 0.0017542313182010755 0.015149749828140628 0.079128735089492683 0.00034105354127927603 0.21719901719901721 -0.012797619605117726 0.024028676256796947 -0.0025162730543547124 3.3842466058243152 4.0859410030639109 -0.040083110126577969
decision_type=2 2 2 2 2 2 2 2 2 2 2 2 2 2 2 2 2 2 2 2 2 2 2 2 2 2 2 2 2 2
left_child=1 3 26 7 13 6 8 11 10 12 -6 21 -8 -3 23 24 19 -10 -7 29 -21 -1 -19 27 -16 -14 -2 -13 -20 -12
right_child=2 4 -4 -5 5 18 9 -9 17 -11 16 14 25 -15 15 -17 -18 22 28 20 -22 -23 -24 -25 -26 -27 -28 -29 -30 -31
leaf_value=-0.010966988632248507 0.023650296809880633 -0.0028186374626654603 0.039009473174810412 0.00021766592226413195 -0.0040439451361905685 -0.010936030875891449 -0.0040007991377602921 -0.0035176437281604321 -0.0011262047635107976 0.0083216741015868529 -0.0036511503246372508 -0.012257907841656659 0.0011592396455071458 -0.0087359029226578202 -0.010586781737705072 -0.0026853744687903073 -0.0042488448733992469 0.0024678869616178711 -0.0079294863833291908 -0.00063085561045578265 0.0035692056241844387 -0.013962907985680634 0.00024934957721087832 -0.0078215067329652169 -0.0069016334367915993 0.0032405798983139301 0.027021454353081554 -0.009864838157644433 -0.0042327665819175313 -0.0014024757368414523
leaf_weight=90 23 21 100 40 148 20 22 35 76 21 31 37 114 65 36 31 37 87 21 114 21 36 82 34 20 60 38 89 20 191
leaf_count=90 23 21 100 40 148 20 22 35 76 21 31 37 114 65 36 31 37 87 21 114 21 36 82 34 20 60 38 89 20 191
internal_value=-8.71998e-11 -0.00342196 0.0339858 -0.00849097 -0.00144897 -0.000977223 -0.000568573 -0.00934475 -0.00125054 0.00190473 -0.00209176 -0.00989153 0.0012172 -0.00729099 -0.00890627 -0.00692418 -0.00135845 0.000610454 -0.0077032 -0.00105889 2.24872e-05 -0.011823 0.00139144 -0.00998403 -0.00927066 0.00187694 0.0257504 -0.0105676 -0.00612621 -0.00171648
internal_weight=1760 1599 161 448 1151 1065 1004 408 787 217 542 373 196 86 247 87 394 245 61 357 135 126 169 160 56 174 61 126 41 222
internal_count=1760 1599 161 448 1151 1065 1004 408 787 217 542 373 196 86 247 87 394 245 61 357 135 126 169 160 56 174 61 126 41 222
is_linear=0
shrinkage=0.05


Tree=34
num_leaves=31
num_cat=0
split_feature=1 1 14 5 221 9 1 0 210 214 88 62 83 1 0 88 61 82 216 128 219 221 277 259 290 170 0 228 7 280
split_gain=73.8913 5.77407 2.40458 2.3718 0.770918 0.623259 0.659212 0.395159 0.518032 0.342402 0.329897 0.28329 0.226474 0.194237 0.182729 0.166888 0.157212 0.132213 0.117953 0.106928 0.0955944 0.0919414 0.0771282 0.0763979 0.0730302 0.0630699 0.0625767 0.0603061 0.0599182 0.0591393
threshold=5.9673287727711335 3.9019216517693867 1.0000000180025095e-35 1.0000000180025095e-35 0.1404469841627782 0.0074063432835820902 4.4367340276668159 4.2268071048866842 0.0038871253441490339 0.10706520423412867 -0.047631908800922267 0.89587973461402759 0.12246919210136156 4.923617305492666 5.629416447756002 0.14971249837438996 1.0000000180025095e-35 0.043417469745262234 0.020961177092438166 0.045789864329108955 0.12946069975798277 0.0030150806946534509 0.019536034235584341 -0.015371422406857998 0.017466788339276569 -0.0076714969007548152 3.5114340430413216 0.013019473171698112 0.37858312858312865 0.0028780662053350553
decision_type=2 2 2 2 2 2 2 2 2 2 2 2 2 2 2 2 2 2 2 2 2 2 2 2 2 2 2 2 2 2
left_child=1 3 25 4 7 14 10 19 20 -10 11 21 13 17 22 16 18 -8 -12 26 -9 -7 24 -14 -3 -2 -1 -21 -28 -5
right_child=2 5 -4 29 -6 6 12 8 9 -11 15 -13 23 -15 -16 -17 -18 -19 -20 27 -22 -23 -24 -25 -26 -27 28 -29 -30 -31
leaf_value=-0.012154938446150886 0.022322235933758997 -0.00063431144177836067 0.037059000581502917 0.0023159202836403573 -0.002760102072556548 0.0028436313020176302 -0.0016572009562324916 -0.0076985697254526603 0.00041014746750769171 -0.0079731412586711709 -0.003869860845371189 -0.0061262163265685867 0.0055506617727223784 0.0010815478814343695 0.0066681691538542504 -0.0077120334084611391 -0.00042408443219003325 0.00088132824208254793 -0.0080249088257551195 -0.011212345771491529 -0.0097112549922796863 -0.00083051345369312924 0.0032193194575873873 0.0011803669490473114 0.0025788187016067762 0.025670366256664964 -0.0083432811922554313 -0.014807165861129762 -0.010606374395853383 -0.00036922135042677048
leaf_weight=27 22 48 100 37 57 21 276 117 29 21 117 24 20 131 20 32 29 63 20 28 119 90 42 20 28 39 58 20 59 46
leaf_count=27 22 48 100 37 57 21 276 117 29 21 117 24 20 131 20 32 29 63 20 28 119 90 42 20 28 39 58 20 59 46
internal_value=-3.73032e-11 -0.00325087 0.0322865 -0.0070364 -0.00825645 -0.000866096 -0.00137601 -0.00891187 -0.00773396 -0.00311083 -0.00310635 -0.00120044 -0.000246197 -0.000553577 0.0022488 -0.00440584 -0.0037685 -0.00118544 -0.00447644 -0.0106665 -0.00871344 -0.000135405 0.00149976 0.00336551 0.000549473 0.0244628 -0.00998521 -0.0127102 -0.0094845 0.000827769
internal_weight=1760 1599 161 618 535 981 843 478 286 50 333 135 510 470 138 198 166 339 137 192 236 111 118 40 76 61 144 48 117 83
internal_count=1760 1599 161 618 535 981 843 478 286 50 333 135 510 470 138 198 166 339 137 192 236 111 118 40 76 61 144 48 117 83
is_linear=0
shrinkage=0.05


Tree=35
num_leaves=31
num_cat=0
split_feature=0 1 5 0 221 51 5 0 0 91 88 91 87 1 212 235 90 128 290 219 0 223 88 260 0 7 277 19 228 294
split_gain=66.7252 5.33194 2.21972 1.85316 0.723674 0.607003 0.604041 0.588224 0.408612 0.545438 0.317207 0.232197 0.228711 0.170643 0.141071 0.129739 0.120001 0.108248 0.0969848 0.0868561 0.0822389 0.0761282 0.0741653 0.0666749 0.0607941 0.0615722 0.0604421 0.0555058 0.0542543 0.0517262
threshold=9.3095862527214734 3.9415346756528771 1.0000000180025095e-35 10.864059113884283 0.1404469841627782 0.89587973461402759 1.4978661367769956 5.9148525341228533 4.2835627800822236 -0.036955326510080093 -0.02092521003184147 -0.066444138009873491 0.004635523080089716 5.1732847621078006 -0.0019823396735828918 -0.002506813985848472 0.001815250083968207 0.045789864329108955 0.017466788339276569 0.013865829471641009 6.1537953943602615 -0.037861919523204904 0.14971249837438996 -0.0035389357639054016 3.5114340430413216 0.41559608776103629 0.0033129240255881398 12.690476190476192 0.013019473171698112 -0.019395343881849627
decision_type=2 2 2 2 2 2 2 2 2 2 2 2 2 2 2 2 2 2 2 2 2 2 2 2 2 2 2 2 2 2
left_child=1 2 4 -2 8 6 7 11 17 21 15 19 22 16 -14 -11 27 24 -8 -3 -18 -10 -13 -23 -1 -26 -4 -9 -19 -25
right_child=3 5 26 -5 -6 -7 18 13 9 10 -12 12 14 -15 -16 -17 20 28 -20 -21 -22 23 -24 29 25 -27 -28 -29 -30 -31
leaf_value=-0.011547191579032827 0.024201293053726355 -0.0039562363354932696 -0.00086531309404081717 0.03538060117628157 -0.0025200462600817753 0.0070199422389268882 0.0012091000114944823 -0.0013001122608106027 -0.0097584480919489045 0.001885926121386464 -0.006681786312208492 -0.0032797893474344163 -0.0027003056179925114 0.0027547134451546863 -0.00037709912862860743 -0.0036084432919908853 0.00025735277826034226 -0.010681710777611569 0.0040230621322989461 -0.0085602599382400522 0.003662399469874799 -0.0088391958706779405 -0.006045343926598435 -0.0044333290681242941 -0.008116138855084068 -0.010318581803756603 0.0018164106982823632 0.00081942809361813449 -0.014066807590425015 -0.0076948077207611466
leaf_weight=27 60 21 34 97 60 25 79 187 82 22 49 100 117 52 148 21 61 29 50 20 25 64 32 20 84 51 55 37 20 31
leaf_count=27 60 21 34 97 60 25 79 187 82 22 49 100 117 52 148 21 61 29 50 20 25 64 32 20 84 51 55 37 20 31
internal_value=-4.92069e-11 -0.00304678 -0.006543 0.0311083 -0.00770873 -0.000668334 -0.00087523 -0.0013872 -0.00833137 -0.00711004 -0.00393146 -0.00261978 -0.00224981 0.000104148 -0.00140282 -0.000797371 -0.000340463 -0.0100042 0.00229978 -0.0062021 0.00124719 -0.00859445 -0.00395023 -0.00776447 -0.00938134 -0.00894817 0.000791932 -0.00095001 -0.0120634 -0.0064158
internal_weight=1760 1603 649 157 560 954 929 800 500 289 92 438 397 362 265 43 310 211 129 41 86 197 132 115 162 135 89 224 49 51
internal_count=1760 1603 649 157 560 954 929 800 500 289 92 438 397 362 265 43 310 211 129 41 86 197 132 115 162 135 89 224 49 51
is_linear=0
shrinkage=0.05


Tree=36
num_leaves=31
num_cat=0
split_feature=1 1 14 4 91 88 19 4 51 221 9 0 0 93 1 210 0 84 0 237 1 227 183 81 84 0 185 192 290 0
split_gain=60.23 4.73983 1.95594 0.971471 0.932372 0.867727 0.490389 0.474975 0.393645 0.375176 0.230028 0.20788 0.198941 0.195932 0.190622 0.171023 0.327699 0.128788 0.106068 0.0898256 0.0829372 0.0765981 0.0754324 0.0687559 0.0675938 0.0712128 0.0568044 0.053084 0.0511767 0.0502827
threshold=5.9673287727711335 3.6762205501217919 1.0000000180025095e-35 1.4978661367769956 -0.061080314984112073 0.14971249837438996 8.8875000000000011 1.4978661367769956 0.89587973461402759 0.1404469841627782 0.0074063432835820902 3.9981586158983733 6.0672668391739295 0.041737162820631321 4.8242976514536702 0.0040244511992947258 4.3882378946731615 -0.17517312810498098 4.7578820629520608 -0.071271273966510076 4.4829865921051741 0.079128735089492683 0.00034105354127927603 -0.36182014863204975 -0.017851584953227494 5.4531797844617023 -0.0088958897774194679 0.0031821431945445807 -0.026175560644496779 10.987521849191557
decision_type=2 2 2 2 2 2 2 2 2 2 2 2 2 2 2 2 2 2 2 2 2 2 2 2 2 2 2 2 2 2
left_child=1 3 27 9 7 6 14 -3 10 11 20 21 17 -9 24 23 -17 -12 -7 -19 28 -1 -14 -13 -6 -26 -21 -2 -8 -4
right_child=2 4 29 -5 5 18 8 13 -10 -11 12 15 22 -15 -16 16 -18 19 -20 26 -22 -23 -24 -25 25 -27 -28 -29 -30 -31
leaf_value=-0.0093648612540629169 0.02312351167201996 -0.0077385323799469266 0.031402340660924503 0.00013770271456451156 -0.00025251989834941925 -0.0084064127850745404 -0.00056232584498098332 0.00234111912897788 0.006327958200843288 -0.0030777541049090882 0.0021203987558575106 -0.0069928513839840889 0.0022868944131769239 -0.0040065180810709153 0.00037280913126075047 -0.0085314367781393237 -0.00080248240483342674 -0.0035374047351069749 -0.0040354385010331227 -0.00015504899761603717 0.0048325218074023726 -0.012093788178430664 -3.8416845674636654e-06 -0.0090189051330667146 -0.0052366284163374655 -0.0027922180815316416 -0.0014924058147533859 0.01998148448765278 0.001901676451113114 0.03406655931627596
leaf_weight=90 41 77 23 40 20 35 27 20 26 35 31 62 75 31 53 32 24 38 23 130 20 36 69 129 38 138 204 20 96 77
leaf_count=90 41 77 23 40 20 35 27 20 26 35 31 62 75 31 53 32 24 38 23 130 20 36 69 129 38 138 204 20 96 77
internal_value=-4.32768e-11 -0.002935 0.0291495 -0.00729841 -0.00123665 -0.000733272 -0.000376268 -0.00525974 0.000288424 -0.00802744 6.0847e-05 -0.00849189 -0.000405931 -0.00151725 -0.00228759 -0.00764883 -0.00521903 -0.000975921 -0.0066731 -0.00123395 0.00184635 -0.0101446 0.00118925 -0.00836123 -0.00300698 -0.00331999 -0.000971878 0.0220933 0.0013608 0.0334538
internal_weight=1760 1599 161 448 1151 1023 965 128 716 408 690 373 547 51 249 247 56 403 58 372 143 126 144 191 196 176 334 61 123 100
internal_count=1760 1599 161 448 1151 1023 965 128 716 408 690 373 547 51 249 247 56 403 58 372 143 126 144 191 196 176 334 61 123 100
is_linear=0
shrinkage=0.05


Tree=37
num_leaves=31
num_cat=0
split_feature=0 1 5 0 221 51 5 0 1 91 213 211 8 0 121 264 86 0 290 1 229 236 95 277 91 221 297 9 1 261
split_gain=54.381 4.35691 1.96243 1.50646 0.633781 0.483359 0.476592 0.45187 0.324629 0.326702 0.284607 0.284273 0.130773 0.113386 0.105422 0.105223 0.10025 0.0912827 0.0788787 0.078428 0.0765429 0.0765276 0.0729323 0.0638429 0.0544628 0.052709 0.0508299 0.0480042 0.0500117 0.0478112
threshold=9.3095862527214734 3.9607678160667752 1.0000000180025095e-35 10.864059113884283 0.1404469841627782 0.89587973461402759 1.4978661367769956 6.0567812709255842 3.3140206880897671 0.04780077308483776 0.061542177016253148 -0.0023116660145665485 0.013208589581425104 6.7968081130252491 -0.016596547811645355 -0.041672468009314477 -0.0058009285575612553 5.7477980882242035 0.017466788339276569 4.2835627800822236 -0.010090715493336523 -0.0029829711783151665 0.022849331282343736 -0.0034689972135143235 -0.072572206539367565 -0.017501417953674273 0.039819810103866378 0.01527995400458638 4.8559213341406453 -0.027561604128724927
decision_type=2 2 2 2 2 2 2 2 2 2 2 2 2 2 2 2 2 2 2 2 2 2 2 2 2 2 2 2 2 2
left_child=1 2 4 -2 8 6 7 11 14 15 -11 16 13 27 22 -10 17 25 -8 -13 -17 -19 -1 -4 -22 -3 -16 -9 -29 -18
right_child=3 5 23 -5 -6 -7 18 12 9 10 -12 19 -14 -15 26 20 29 21 -20 -21 24 -23 -24 -25 -26 -27 -28 28 -30 -31
leaf_value=-0.013381040245294571 0.021856249434252583 -0.0047150677619501955 -0.0010362560023269099 0.031935709254028874 -0.0023338816386416455 0.0063252399750053888 0.0011778545775450767 0.0015919770059796671 -0.003777628634790225 -0.0068264805222861468 0.0013289758510401717 -0.0046808875263774424 0.0034953009029028608 0.0036341485123903977 -0.0087647179494414369 -0.008252989864839173 0.0020746783455833791 0.00071622259143063838 0.0037903183615429605 -0.0025758692974684463 -0.0073040673593905842 -0.0017031341521384425 -0.0095545900477604431 0.0015957395425175492 -0.0049076308571809049 -0.0021507791738690908 -0.0060598290082998574 -0.0016809099146889315 0.00013971838325619985 -0.0004587966261418817
leaf_weight=20 60 25 36 97 66 25 75 30 21 20 23 88 34 21 132 135 25 52 47 89 66 88 33 64 37 101 20 63 94 73
leaf_count=20 60 25 36 97 66 25 75 30 21 20 23 88 34 21 132 135 25 52 47 89 66 88 33 64 37 101 20 63 94 73
internal_value=-5.08909e-11 -0.00275055 -0.00581482 0.0280837 -0.00694275 -0.000533081 -0.000722537 -0.00117545 -0.00754272 -0.00650032 -0.00246426 -0.0019788 0.000620466 0.000150542 -0.00907835 -0.0071704 -0.00117957 -0.00168322 0.0021843 -0.00362243 -0.00746977 -0.000804516 -0.0109985 0.000648221 -0.00644321 -0.00265957 -0.00840881 -0.000240666 -0.000590852 0.000187498
internal_weight=1760 1603 673 157 573 930 905 783 507 302 43 541 242 208 205 259 364 266 122 177 238 140 53 100 103 126 152 187 157 98
internal_count=1760 1603 673 157 573 930 905 783 507 302 43 541 242 208 205 259 364 266 122 177 238 140 53 100 103 126 152 187 157 98
is_linear=0
shrinkage=0.05


Tree=38
num_leaves=31
num_cat=0
split_feature=2 1 14 4 91 88 51 4 84 1 88 1 19 93 233 212 1 121 221 185 91 320 0 95 289 0 268 290 319 297
split_gain=49.0944 3.88715 1.53363 0.787034 0.774586 0.728781 0.436427 0.388547 0.34369 0.308651 0.443097 0.223686 0.16856 0.162616 0.114842 0.114257 0.132296 0.095598 0.0951762 0.0892216 0.0860944 0.0713768 0.0671516 0.0605721 0.055979 0.0548508 0.0545792 0.0519254 0.0477178 0.0449024
threshold=3.7313945787062246 3.6762205501217919 1.0000000180025095e-35 1.4978661367769956 -0.061080314984112073 0.14971249837438996 0.89587973461402759 1.4978661367769956 -0.013164086403083275 3.3140206880897671 -0.099794715457318037 4.6867395546766826 9.5857142857142872 0.041737162820631321 0.0065055229625596645 0.017126640547612454 4.8713658868283671 -0.016596547811645355 -0.0038756643876973669 0.034365849014241563 -0.061080314984112073 -0.0010864562934897028 5.4359006562387187 0.022849331282343736 -0.029284919785075889 4.7749040587885982 -0.012343011971421911 0.017912455401604164 -0.011579184927341292 0.039819810103866378
decision_type=2 2 2 2 2 2 2 2 2 2 2 2 2 2 2 2 2 2 2 2 2 2 2 2 2 2 2 2 2 2
left_child=1 3 26 9 7 6 8 28 15 17 14 12 22 -9 -11 16 -6 23 -7 -14 -12 27 -10 -1 -13 -22 -2 -17 -3 -19
right_child=2 4 -4 -5 5 18 -8 13 11 10 20 24 19 -15 -16 21 -18 29 -20 -21 25 -23 -24 -25 -26 -27 -28 -29 -30 -31
leaf_value=-0.01251193948444866 0.018032876331181752 -0.009045537507959776 0.030199434101581574 0.00010038051572337282 -0.0021256469624737896 -0.0045632782278934849 0.0059487581776920713 0.0021289694331062493 -0.0048649331275373705 -0.0039013160206377503 -0.0081016494847327754 0.0020878366743623893 -0.00056805236618992624 -0.0036538665994040424 0.00070880685128610246 -5.7987795378544324e-05 0.001142396124851075 -0.0082978681850254098 -0.0087776980318483855 -0.0040182036192466823 -0.0071772710109750436 0.0024626437427620975 -0.0025456189197606187 -0.0090768604116006329 -0.00026819585560738967 -0.0035185533296316867 0.021194551846919915 0.0022199541152480781 -0.0062507288763299588 -0.0057568376013659873
leaf_weight=21 21 21 100 40 60 37 27 20 40 35 103 29 174 31 22 82 64 133 21 21 21 98 142 33 193 20 39 36 56 20
leaf_count=21 21 21 100 40 60 37 27 20 40 35 103 29 174 31 22 82 64 133 21 21 21 98 142 33 193 20 39 36 56 20
internal_value=1.05836e-11 -0.00264076 0.0264076 -0.00659273 -0.00110389 -0.000645501 -0.000318654 -0.004771 -0.000498867 -0.00724891 -0.00585331 -0.00121955 -0.001961 -0.00138609 -0.00212197 0.000770815 -0.000438915 -0.00860406 -0.00608919 -0.000939607 -0.0073303 0.00146529 -0.00305536 -0.0104127 3.95742e-05 -0.00539253 0.020088 0.000636978 -0.00701295 -0.00796571
internal_weight=1760 1600 160 448 1152 1024 966 128 939 408 201 599 377 51 57 340 124 207 58 195 144 216 182 54 222 41 60 118 77 153
internal_count=1760 1600 160 448 1152 1024 966 128 939 408 201 599 377 51 57 340 124 207 58 195 144 216 182 54 222 41 60 118 77 153
is_linear=0
shrinkage=0.05


Tree=39
num_leaves=31
num_cat=0
split_feature=1 1 14 4 91 88 19 4 287 1 88 330 0 212 83 1 233 243 263 121 8 91 8 0 165 283 11 0 95 172
split_gain=44.3141 3.49258 1.43457 0.710298 0.694751 0.654741 0.370171 0.350664 0.315046 0.278557 0.399895 0.229736 0.150162 0.197843 0.147188 0.116669 0.103645 0.101446 0.0883428 0.0862772 0.0803634 0.0777002 0.0626736 0.0602489 0.0593653 0.0593604 0.0557924 0.0548633 0.0546664 0.050988
threshold=5.9673287727711335 3.6762205501217919 1.0000000180025095e-35 1.4978661367769956 -0.061080314984112073 0.14971249837438996 8.6458333333333339 1.4978661367769956 -0.045826653973698166 3.3140206880897671 -0.099794715457318037 0.013777299502425379 6.1537953943602615 0.13547879679992417 -0.19197253209191459 4.6200466650627661 0.0065055229625596645 -0.06929973499064089 0.030770198707546017 -0.016596547811645355 0.0013201612903225809 -0.061080314984112073 0.0091428690845637029 5.5432204948189954 0.01313939147078595 -0.038580228730931469 2.404233724807888 6.7551851539226675 0.022849331282343736 0.0048935564821664269
decision_type=2 2 2 2 2 2 2 2 2 2 2 2 2 2 2 2 2 2 2 2 2 2 2 2 2 2 2 2 2 2
left_child=1 3 -2 9 7 6 15 -3 11 19 16 24 13 17 -9 -6 -11 -10 -7 28 27 -12 -19 -24 -8 -15 -25 -14 -1 -23
right_child=2 4 -4 -5 5 18 8 14 12 10 21 -13 20 25 -16 -17 -18 22 -20 -21 -22 29 23 26 -26 -27 -28 -29 -30 -31
leaf_value=-0.011886342579410189 0.018960205294558261 -0.0066623020010044822 0.028689460754394533 9.5361488274647857e-05 -0.0030014849110696819 -0.004202856946337436 0.0030350346780883579 -0.0034743023195093676 -0.0044416330324020242 -0.0037062502526012918 -0.0076965670345477688 0.007671900593083013 -9.7674451458092169e-05 -0.00052359264333751306 0.0020273709003231491 -0.00067635502213654055 0.00067336649094200266 -0.0016976767079170084 -0.0081919265344091077 -0.0075674219648551588 0.0038160147867165508 -0.0069296907167881727 -0.0014515993619724393 -0.0014635884191929586 -0.00058834225332248023 0.0018083102960540253 0.00060593255105075147 0.0028644927179398527 -0.0086230174553665242 -0.0034021550301639811
leaf_weight=21 61 77 100 40 137 35 26 31 20 35 103 22 54 37 20 89 22 130 23 153 30 20 87 42 20 104 145 22 33 21
leaf_count=21 61 77 100 40 137 35 26 31 20 35 103 22 54 37 20 89 22 130 23 153 30 20 87 42 20 104 145 22 33 21
internal_value=-1.02205e-10 -0.00251752 0.0250032 -0.00626309 -0.00105965 -0.000625124 -0.000315013 -0.00453245 0.000226538 -0.00688647 -0.00556065 0.0034695 -0.000102107 -0.000426087 -0.00131678 -0.00208584 -0.00201587 -0.000965637 -0.00578473 -0.00817386 0.00162476 -0.00696379 -0.000793558 -0.000364597 0.00145965 0.00119639 0.00014112 0.000759795 -0.00989209 -0.0051229
internal_weight=1760 1599 161 448 1151 1023 965 128 739 408 201 68 671 565 51 226 57 424 58 207 106 144 404 274 46 141 187 76 54 41
internal_count=1760 1599 161 448 1151 1023 965 128 739 408 201 68 671 565 51 226 57 424 58 207 106 144 404 274 46 141 187 76 54 41
is_linear=0
shrinkage=0.05


Tree=40
num_leaves=31
num_cat=0
split_feature=0 1 5 0 221 1 9 1 0 210 214 88 2 62 1 128 83 8 88 61 83 128 83 126 277 11 1 0 8 139
split_gain=40.0249 3.22909 1.44171 1.10644 0.472524 0.388693 0.337108 0.268856 0.247157 0.330123 0.354103 0.161711 0.1613 0.137581 0.0907342 0.0768344 0.0758413 0.0732219 0.0724606 0.0699825 0.0689259 0.0616971 0.0588723 0.0561046 0.054759 0.0545434 0.0468806 0.0461004 0.0515225 0.0423164
threshold=9.3095862527214734 3.9607678160667752 1.0000000180025095e-35 10.864059113884283 0.1404469841627782 5.3470961927204401 0.0074063432835820902 4.4367340276668159 4.2268071048866842 0.0014931546364753631 0.09719698472287501 -0.012087203981726524 2.0126758453675748 0.89587973461402759 4.863673427408628 0.046842361989165436 -0.021044681354879 0.0097406704617330822 0.13691460199165528 1.0000000180025095e-35 0.21782732617466147 -0.00091974448874063261 -0.2501926285770501 0.028291066318040136 0.0018424513478810369 2.4377289377289384 3.4498615536424366 3.5114340430413216 0.31009615384615391 0.0072476020838734582
decision_type=2 2 2 2 2 2 2 2 2 2 2 2 2 2 2 2 2 2 2 2 2 2 2 2 2 2 2 2 2 2
left_child=1 2 4 -2 8 6 16 11 15 22 -11 13 21 23 17 27 -3 -14 19 -13 -12 -9 -10 -8 -4 -16 -24 -1 -29 -17
right_child=3 5 24 -5 -6 -7 7 12 9 10 20 18 14 -15 25 29 -18 -19 -20 -21 -22 -23 26 -25 -26 -27 -28 28 -30 -31
leaf_value=-0.0091909224788347885 0.018756288532167674 0.0012508321426101942 -0.00086169050560650851 0.027394479052307682 -0.0019849379819458011 0.0062744746672078258 -0.00079434495958430958 0.00081180145731195817 -0.0043941359553072183 0.00063944277016593054 -0.0077460578642785556 -0.0032984448780413143 -0.0015941847121410159 -0.003734642672284013 -0.0013393933464410819 -0.0083621841613893168 0.0044443083157681904 0.00016235603737489631 -0.0055537855092050699 -6.888064584927634e-05 -0.0038236548250660282 0.0047391754959244282 -0.008245375660286906 0.0017499830183805899 0.0015172285805712851 0.000856228143622888 -0.0064598221296242849 -0.0074970601273051819 -0.0050703641412587 -0.011396609582006931
leaf_weight=27 60 97 41 97 66 21 78 20 27 38 24 104 202 34 36 27 23 84 29 20 21 20 48 30 59 132 157 89 29 20
leaf_count=27 60 97 41 97 66 21 78 20 27 38 24 104 202 34 36 27 23 84 29 20 21 20 48 30 59 132 157 89 29 20
internal_value=-4.91381e-11 -0.00235973 -0.00499774 0.0240933 -0.00596451 -0.000450713 -0.00060608 -0.000981593 -0.00648256 -0.00562068 -0.0029145 -0.00217598 -0.000268348 -0.000960826 -0.000536527 -0.00789659 0.00186292 -0.00107828 -0.00330376 -0.00277755 -0.0059156 0.00277549 -0.00658884 -8.75872e-05 0.000541872 0.000385738 -0.0068779 -0.00732713 -0.00690067 -0.00965343
internal_weight=1760 1603 673 157 573 930 909 789 507 315 83 295 494 142 454 192 120 286 153 124 45 40 232 108 100 168 205 145 118 47
internal_count=1760 1603 673 157 573 930 909 789 507 315 83 295 494 142 454 192 120 286 153 124 45 40 232 108 100 168 205 145 118 47
is_linear=0
shrinkage=0.05


Tree=41
num_leaves=31
num_cat=0
split_feature=1 1 14 91 88 212 61 0 97 1 214 19 227 209 91 283 0 211 1 91 0 290 81 117 185 1 128 0 1 122
split_gain=36.1304 2.80334 1.41884 0.824283 0.578887 0.398146 0.31562 0.251894 0.241179 0.172804 0.172373 0.141516 0.180187 0.137837 0.129649 0.108245 0.105498 0.0875982 0.0837099 0.111325 0.082421 0.0737436 0.055802 0.0515418 0.0493298 0.0560769 0.0479174 0.0411083 0.0383025 0.0362616
threshold=5.4160608944707613 3.5972184255501678 1.0000000180025095e-35 -0.080603490551106813 0.17451451749128907 0.38795508726744438 1.0000000180025095e-35 5.7413980499943591 0.064353238061501269 8.0139983744141325 0.09719698472287501 13.472222222222223 0.061235673565697514 0.094890151727271763 0.059362991770750627 0.01959864381683547 4.3241107269113215 -0.0095246011548605226 3.4175922930736511 -0.058651059230032533 4.7050052835523761 0.018344229142411326 -0.35100109328941814 0.057329427474561469 -0.01434911915390007 3.9981586158983733 0.010457198903178816 10.987521849191557 5.0369315191558419 -0.00045243185234515127
decision_type=2 2 2 2 2 2 2 2 2 2 2 2 2 2 2 2 2 2 2 2 2 2 2 2 2 2 2 2 2 2
left_child=1 5 9 13 6 11 7 14 10 -2 15 18 16 -3 24 21 -13 29 23 -20 -6 -8 26 -1 -5 -26 -16 -4 -19 -9
right_child=2 3 27 4 20 -7 8 17 -10 -11 -12 12 -14 -15 22 -17 -18 28 19 -21 -22 -23 -24 -25 25 -27 -28 -29 -30 -31
leaf_value=-0.0074456707018313653 0.012602779250591995 -0.0014116725851116437 0.024043340721855995 -0.0017008240919275178 -0.0070902201001133251 -0.00020390348195528185 -0.00049906273295648553 -0.00010996058489320487 0.0058168642275797378 0.018151851473970616 -0.0039734998407463234 -0.0053481632713661643 -0.0086078235879540454 -0.0058675726507790389 -0.00084073429752606899 0.0020602131439518417 -0.0014848615648224951 -0.001199019435102855 -0.007101022525845717 -0.0026610087203152947 -0.0033313210355117918 0.0016483056232876455 -0.0026572335018919639 -0.009643781749588071 -0.0054362877272069454 -0.0029367865335229223 0.0019866240792907777 0.02645227754270876 0.00084589079286580759 0.0013006364173502717
leaf_weight=139 20 21 23 58 35 26 154 101 22 47 21 43 26 100 47 100 30 192 48 20 25 54 26 33 28 113 22 77 26 83
leaf_count=139 20 21 23 58 35 26 154 101 22 47 21 43 26 100 47 100 30 192 48 20 25 54 26 33 28 113 22 77 26 83
internal_value=-2.19019e-11 -0.00231953 0.0221258 -0.001176 -0.000747722 -0.00616681 -0.000474009 -0.0010905 0.000748438 0.0164954 0.000409516 -0.00662414 -0.00503354 -0.00509423 -0.00220278 0.000708358 -0.00376051 -0.000277044 -0.00728026 -0.00579514 -0.00552401 5.84271e-05 -0.000683125 -0.0078674 -0.00292824 -0.00343314 6.07423e-05 0.0258982 -0.000955131 0.000526341
internal_weight=1760 1593 167 1228 1107 365 1047 696 351 67 329 339 99 121 294 308 73 402 240 68 60 208 95 172 199 141 69 100 218 184
internal_count=1760 1593 167 1228 1107 365 1047 696 351 67 329 339 99 121 294 308 73 402 240 68 60 208 95 172 199 141 69 100 218 184
is_linear=0
shrinkage=0.05


Tree=42
num_leaves=31
num_cat=0
split_feature=0 1 67 0 221 51 5 0 0 210 214 211 8 179 237 0 81 231 290 232 277 83 262 242 82 312 1 219 133 1
split_gain=32.6239 2.63687 1.174 0.898574 0.384845 0.323119 0.297087 0.292887 0.200666 0.277649 0.297308 0.187742 0.10342 0.0710589 0.070876 0.0673472 0.0621963 0.0606757 0.0535358 0.0526252 0.0501721 0.0500849 0.0500135 0.0492943 0.0428452 0.0411886 0.0395462 0.0382848 0.038147 0.0380669
threshold=9.3095862527214734 3.9607678160667752 0.89587973461402759 10.864059113884283 0.1404469841627782 0.89587973461402759 1.4978661367769956 6.0567812709255842 4.2268071048866842 0.0014931546364753631 0.09719698472287501 -0.0023116660145665485 0.017660130209348566 0.025900778833496656 0.0041514777855119148 6.7968081130252491 -0.33425012289985878 -0.00051161440279358513 0.017466788339276569 -0.032890654190438309 -0.0034689972135143235 -0.2501926285770501 0.022179498842502216 0.023667861343989842 -0.24291694200001504 0.00090706389515376378 4.2835627800822236 -0.013232489219255242 -0.0010699472385220098 3.4498615536424366
decision_type=2 2 2 2 2 2 2 2 2 2 2 2 2 2 2 2 2 2 2 2 2 2 2 2 2 2 2 2 2 2
left_child=1 2 4 28 8 6 7 11 13 21 -11 14 15 23 19 24 26 -12 -8 -3 -4 -10 -21 -1 -9 -16 -13 -27 -2 -23
right_child=3 5 20 -5 -6 -7 18 12 9 10 17 16 -14 -15 25 -17 -18 -19 -20 22 -22 29 -24 -25 -26 27 -28 -29 -30 -31
leaf_value=-0.0072714979111245179 0.015839913290213139 -0.0040176163194701074 -0.0010101932042006583 0.024726976792222449 -0.0018007816510913527 0.0052021078942343594 0.00090566472831415013 -0.00054210337390553311 -0.0039490968333902188 0.00065528034633883332 -0.0071467574199904575 -0.0033746343311648087 0.0037966823353516783 -0.0099543794430792341 0.00062303954141609179 0.0028941890668301357 -0.0055263375694630671 -0.0034738633972169323 0.0030579134105442173 -0.001675149599905384 0.0013027821411014885 -0.0074719799663095429 0.00071142771378687871 -0.0052678768779151142 0.0010893911118078645 0.00010780702554682726 -0.001787251098576235 -0.0018997854237871555 0.01838410273194313 -0.0058617950113003673
leaf_weight=132 34 20 37 97 66 25 75 143 27 38 23 77 22 20 82 21 20 22 47 141 64 48 26 40 56 47 80 48 26 156
leaf_count=132 34 20 37 97 66 25 75 143 27 38 23 77 22 20 82 21 20 22 47 141 64 48 26 40 56 47 80 48 26 156
internal_value=2.27421e-11 -0.00213042 -0.00451428 0.021752 -0.0053918 -0.000405321 -0.000560223 -0.000917814 -0.0058602 -0.00508159 -0.0026012 -0.00156458 0.000528058 -0.00713354 -0.000915068 0.000201196 -0.0029003 -0.00535112 0.00173481 -0.00159386 0.000455455 -0.00597282 -0.00130359 -0.00680554 -8.29893e-05 -0.00019793 -0.00256578 -0.000906555 0.0169424 -0.00624066
internal_weight=1760 1603 673 157 572 930 905 783 506 314 83 541 242 192 364 220 177 45 122 187 101 231 167 172 199 177 157 95 60 204
internal_count=1760 1603 673 157 572 930 905 783 506 314 83 541 242 192 364 220 177 45 122 187 101 231 167 172 199 177 157 95 60 204
is_linear=0
shrinkage=0.05


Tree=43
num_leaves=31
num_cat=0
split_feature=1 1 14 91 88 212 61 1 97 214 1 19 227 4 209 283 214 1 0 1 91 290 2 254 289 1 180 220 119 11
split_gain=29.4824 2.29012 1.14551 0.670009 0.47862 0.321493 0.266402 0.210419 0.208963 0.137934 0.136661 0.120323 0.153893 0.116035 0.114505 0.0940825 0.0911606 0.0906398 0.070004 0.0681622 0.101033 0.0615725 0.0592054 0.0503199 0.0490434 0.0472274 0.0407279 0.0379794 0.0374055 0.0369561
threshold=5.4160608944707613 3.5972184255501678 1.0000000180025095e-35 -0.080603490551106813 0.17451451749128907 0.38795508726744438 1.0000000180025095e-35 4.6298509007569537 0.064353238061501269 0.09719698472287501 8.0139983744141325 13.472222222222223 0.061235673565697514 0.89587973461402759 0.094890151727271763 0.01959864381683547 0.12973736009149897 4.2835627800822236 4.816232960488728 3.3842466058243152 -0.044032826738840201 0.018344229142411326 1.4978661367769956 -0.017597343289007857 -0.0044662956588988169 4.923617305492666 -0.0044846736352981966 -0.017075212084924418 0.00016529244590619062 3.6788234026892632
decision_type=2 2 2 2 2 2 2 2 2 2 2 2 2 2 2 2 2 2 2 2 2 2 2 2 2 2 2 2 2 2
left_child=1 5 10 14 6 11 7 13 9 15 -2 19 16 22 -3 21 -13 -15 27 23 -21 -8 26 28 -18 -9 -5 -6 -1 -28
right_child=2 3 -4 4 18 -7 8 25 -10 -11 -12 12 -14 17 -16 -17 24 -19 -20 20 -22 -23 -24 -25 -26 -27 29 -29 -30 -31
leaf_value=-0.01023067306727171 0.011466078143566847 -0.00123786905869132 0.023376476407051087 -0.0033518068208966568 -0.0046855652425438167 -0.0002143671492096753 -0.00046711000599694298 -0.00049736774429489825 0.0054141473285695121 -0.0035398878511928378 0.016400838056777386 -0.0013404156041360695 -0.0078201052661125477 -0.0036281685511905543 -0.0052991666088346399 0.0019085438898582654 -0.0031293868925422429 -0.0016757744716804674 -0.002603303467622027 -0.0064354235306382183 -0.0023049928544787691 0.0014950648085047121 0.00041842100622994216 -0.0066584317433479867 -0.0065890012220257812 0.00079111253908195069 -0.0020782627737692869 -0.0077669358439743513 -0.0072092939168214801 0.00083190879231551671
leaf_weight=20 20 21 100 23 20 26 154 179 22 21 47 32 26 92 100 100 20 168 20 57 20 54 72 122 21 118 24 20 21 20
leaf_count=20 20 21 100 23 20 26 154 179 22 21 47 32 26 92 100 100 20 168 20 57 20 54 72 122 21 118 24 20 21 20
internal_value=-3.1745e-11 -0.0020953 0.0199869 -0.00106173 -0.000675604 -0.00557261 -0.000426722 -0.00099311 0.000696372 0.000380898 0.0149278 -0.00598357 -0.0045169 -0.00174318 -0.00459431 0.000648224 -0.00334041 -0.00236662 -0.0050186 -0.00658857 -0.00536258 4.23008e-05 -0.000577017 -0.00716771 -0.00490138 1.45537e-05 -0.00164674 -0.00622625 -0.00868314 -0.000755458
internal_weight=1760 1593 167 1228 1107 365 1047 696 351 329 67 339 99 399 121 308 73 260 60 240 77 208 139 163 41 297 67 40 41 44
internal_count=1760 1593 167 1228 1107 365 1047 696 351 329 67 339 99 399 121 308 73 260 60 240 77 208 139 163 41 297 67 40 41 44
is_linear=0
shrinkage=0.05


Tree=44
num_leaves=31
num_cat=0
split_feature=1 1 14 91 88 212 84 4 1 83 1 19 227 277 0 214 100 0 8 230 1 91 11 10 254 269 221 0 127 112
split_gain=26.6079 2.06683 1.03382 0.607149 0.438392 0.290147 0.243231 0.212888 0.15942 0.127118 0.123337 0.108591 0.138888 0.0924343 0.0860247 0.0826244 0.0750254 0.0738784 0.0946962 0.0648005 0.0615164 0.0911826 0.0486746 0.0526865 0.0454137 0.0413187 0.0373531 0.0357711 0.0350191 0.0347619
threshold=5.4160608944707613 3.5972184255501678 1.0000000180025095e-35 -0.072572206539367565 0.17451451749128907 0.38795508726744438 -0.034199903729235981 1.4978661367769956 4.7229433450037179 0.10276614920215615 8.0139983744141325 13.472222222222223 0.061235673565697514 0.024243608309449997 4.3241107269113215 0.0090878875410077588 -0.027999227894283524 5.4445775410940529 0.0097406704617330822 0.018516100113601438 3.3842466058243152 -0.044032826738840201 2.3991150442477882 0.040202020202020211 -0.017597343289007857 0.028228099177010166 0.070914167304404654 10.987521849191557 -0.017445675208145345 0.01880272826562494
decision_type=2 2 2 2 2 2 2 2 2 2 2 2 2 2 2 2 2 2 2 2 2 2 2 2 2 2 2 2 2 2
left_child=1 5 10 7 6 11 13 29 9 17 -2 20 14 25 -13 -15 -11 26 -19 -6 24 -22 -10 -24 28 -5 -8 -4 -1 -3
right_child=2 3 27 4 19 -7 8 -9 22 16 -12 12 -14 15 -16 -17 -18 18 -20 -21 21 -23 23 -25 -26 -27 -28 -29 -30 -31
leaf_value=-0.0067516246810555465 0.010892774164676667 -0.0045207021347739781 0.020477367289688277 -0.00025503177701580171 -0.0063047204428585248 -0.00020364877642490545 -0.0038393329892118101 -0.00040710375071891273 -0.0014484797983478088 0.0021450981885815664 0.015580796260148922 -0.0046070522368820603 -0.0074291000429254316 0.0012126989285221384 -0.0011184770854500432 0.0045186259576843841 -0.00068714279518902028 -0.0020485850723147864 6.4942183391532953e-06 -0.0030110439676458815 -0.006113652345773421 -0.0021897432173136624 0.00022078711447391425 0.0029154637444298716 -0.0063255101446153929 0.0013091412050435173 -0.0016217079379462771 0.022724491299746873 -0.0096750337275720785 -0.0064108843990677115
leaf_weight=20 20 71 23 128 32 26 59 30 39 30 47 43 26 63 30 27 106 193 79 28 57 20 195 20 122 63 28 77 21 37
leaf_count=20 20 71 23 128 32 26 59 30 39 30 47 43 26 63 30 27 106 193 79 28 57 20 195 20 122 63 28 77 21 37
internal_value=-1.45374e-11 -0.00199053 0.0189875 -0.00100864 -0.000613055 -0.00529398 -0.000371039 -0.00413323 -0.000841662 -0.0013642 0.0141814 -0.00568439 -0.00429105 0.000883398 -0.00317339 0.00220448 -6.23838e-05 -0.00185736 -0.00145171 -0.00476767 -0.00625914 -0.00509446 0.000176662 0.000471455 -0.00680933 0.0002609 -0.00312561 0.0222077 -0.00824898 -0.00516826
internal_weight=1760 1593 167 1228 1090 365 1030 138 749 495 67 339 99 281 73 90 136 359 272 60 240 77 254 215 163 191 87 100 41 108
internal_count=1760 1593 167 1228 1090 365 1030 138 749 495 67 339 99 281 73 90 136 359 272 60 240 77 254 215 163 191 87 100 41 108
is_linear=0
shrinkage=0.05


Tree=45
num_leaves=31
num_cat=0
split_feature=0 1 67 0 51 0 91 5 0 211 88 8 265 128 237 1 112 81 9 277 223 137 290 232 262 186 0 8 312 150
split_gain=24.0154 1.95891 0.870087 0.658109 0.288267 0.277929 0.417166 0.230804 0.217079 0.134842 0.106081 0.0908362 0.075728 0.0662615 0.0595145 0.0580534 0.051797 0.0480565 0.0438354 0.0436364 0.0418289 0.0453455 0.0415072 0.039915 0.0423287 0.0380404 0.0375656 0.0414644 0.0362904 0.0343543
threshold=9.3095862527214734 3.9796379800581989 0.89587973461402759 10.864059113884283 0.89587973461402759 4.2835627800822236 -0.036955326510080093 1.4978661367769956 6.0567812709255842 -0.0023116660145665485 -0.02092521003184147 0.013208589581425104 0.030876888184104317 0.046842361989165436 0.0041514777855119148 5.0657496176235997 0.019732356006914951 -0.36182014863204975 0.01527995400458638 -0.0034689972135143235 -0.041179695965261158 -0.0079390609679829242 -0.013659124625782167 -0.032890654190438309 0.022179498842502216 0.0081130491829128348 3.4175922930736511 0.36992481203007527 0.00090706389515376378 0.0018416204132662114
decision_type=2 2 2 2 2 2 2 2 2 2 2 2 2 2 2 2 2 2 2 2 2 2 2 2 2 2 2 2 2 2
left_child=1 2 5 -2 7 13 16 8 9 14 12 15 25 26 23 18 20 -11 -10 -4 -7 -22 -9 -3 -25 -8 -1 -28 -16 -12
right_child=3 4 19 -5 -6 6 10 22 11 17 29 -13 -14 -15 28 -17 -18 -19 -20 -21 21 -23 -24 24 -26 -27 27 -29 -30 -31
leaf_value=-0.007540212864322323 0.014546703128144146 -0.0035211965665803294 -0.00098290274796262989 0.021208745640577731 0.0052127496005319393 -0.0059186327311655752 -0.0028787299310682681 0.00010472598715911293 0.0013838538689597045 -0.0021136099672094772 -0.0048478223092388367 0.0028639357662862443 0.0011497333022686821 -0.0076800231899445256 0.00065918288732063962 0.0012618915257179113 -0.0063758618338671455 -0.0043458611471578479 -0.00092803829580696785 0.0011439995809324143 -0.0019647334670298733 -0.0046974267207573689 0.0021683658528863182 -0.0015023597399285399 0.00069567887705768681 -0.00082232573451778009 -0.0056304422753655223 -0.0032235883431331741 -0.00078969448640759288 -0.0022061905357986691
leaf_weight=21 60 20 38 97 23 46 44 34 25 143 32 34 28 48 80 69 73 29 114 66 20 63 86 139 26 46 121 21 94 20
leaf_count=21 60 20 38 97 23 46 44 34 25 143 32 34 28 48 80 69 73 29 114 66 20 63 86 139 26 46 121 21 94 20
internal_value=1.7133e-11 -0.00182785 -0.00384613 0.0186627 -0.000314148 -0.00459768 -0.00377548 -0.000456498 -0.000773212 -0.00133886 -0.00195031 0.000467952 -0.00112117 -0.00604722 -0.000787356 7.63005e-05 -0.00531152 -0.00248998 -0.00051223 0.000366862 -0.00470922 -0.00403895 0.00158367 -0.0014117 -0.001156 -0.00182768 -0.0055664 -0.0052745 -0.000123544 -0.00383181
internal_weight=1760 1603 687 157 916 583 372 893 773 531 170 242 118 211 359 208 202 172 139 104 129 83 120 185 165 90 163 142 174 52
internal_count=1760 1603 687 157 916 583 372 893 773 531 170 242 118 211 359 208 202 172 139 104 129 83 120 185 165 90 163 142 174 52
is_linear=0
shrinkage=0.05


Tree=46
num_leaves=31
num_cat=0
split_feature=1 1 14 91 88 212 82 0 4 10 19 83 1 19 154 84 19 220 109 336 1 296 107 295 241 100 238 308 295 283
split_gain=21.7171 1.69054 0.834381 0.492354 0.361984 0.234495 0.201609 0.178826 0.173806 0.137614 0.123632 0.103808 0.096561 0.0936699 0.124007 0.0751219 0.0688354 0.0585976 0.0545315 0.0526537 0.0514984 0.0490566 0.0473482 0.0460579 0.0417321 0.0405835 0.0394758 0.0390187 0.0364292 0.0317503
threshold=5.4160608944707613 3.5972184255501678 1.0000000180025095e-35 -0.072572206539367565 0.17451451749128907 0.38795508726744438 0.1202643903767366 6.0075831725221649 1.4978661367769956 0.19345138656866023 26.700617283950621 0.12246919210136156 8.0139983744141325 14.944444444444446 -0.005504160439486646 0.17303090007462293 9.029411764705884 -0.020370382051887917 0.10396706988124199 0.017745207796611037 4.863673427408628 0.022880449545524238 -0.051495756370793587 0.033643901367210537 0.020469185565605095 0.069737203399952319 0.0093703762957830193 0.013262555240563757 0.017495725240858951 0.030075165261545085
decision_type=2 2 2 2 2 2 2 2 2 2 2 2 2 2 2 2 2 2 2 2 2 2 2 2 2 2 2 2 2 2
left_child=1 5 12 8 6 13 7 16 -3 10 21 20 -2 18 24 -16 -5 -6 22 26 -9 28 -1 27 -15 -24 -18 -21 -8 -30
right_child=2 3 -4 4 17 -7 9 11 -10 -11 -12 -13 -14 14 15 -17 19 -19 -20 23 -22 -23 25 -25 -26 -27 -28 -29 29 -31
leaf_value=-0.0066500381533322597 0.0099263677699491376 -0.0046592402344147023 0.02004682567715645 -0.002310153404571305 -0.0026588552564914738 -0.00020976434859151663 0.0016483349456910383 -0.00083895618327803454 -0.0003572508153350403 -0.0031149472686506454 0.0048698201449587945 0.003609968085254964 0.014074421309410258 -0.0070603811626576574 0.00049289052622043534 -0.0038407549168914556 -0.00079941849731994812 -0.0057909249444492161 -0.0079361707215075909 -0.00021675701916931158 0.00058571005978261714 -0.00033843718739392771 -0.0053040146390163669 -0.0019818648780611427 -0.0039806799740869214 -0.0031972019575294795 -0.0021179609937070042 0.0022281011764425786 -0.0010911542646310948 0.0015372730136732572
leaf_weight=56 20 108 100 138 28 26 132 114 30 21 20 21 47 22 20 20 128 32 23 47 143 70 149 22 22 27 102 25 27 20
leaf_count=56 20 108 100 138 28 26 132 114 30 21 20 21 47 22 20 20 128 32 23 47 143 70 149 22 22 27 102 25 27 20
internal_value=-2.94121e-11 -0.00179831 0.0171539 -0.00091029 -0.000554056 -0.00478595 -0.000334139 -0.000772054 -0.00372403 0.000783298 0.00108762 0.000229946 0.0128362 -0.00513692 -0.00368882 -0.00167393 -0.00137499 -0.00432929 -0.00561395 -0.000976678 -4.62431e-05 0.000783831 -0.00538373 2.03609e-05 -0.00552053 -0.00498081 -0.00138416 0.000632152 0.00122271 2.73254e-05
internal_weight=1760 1593 167 1228 1090 365 1030 740 138 290 269 278 67 339 84 40 462 60 255 324 257 249 232 94 44 176 230 72 179 47
internal_count=1760 1593 167 1228 1090 365 1030 740 138 290 269 278 67 339 84 40 462 60 255 324 257 249 232 94 44 176 230 72 179 47
is_linear=0
shrinkage=0.05


Tree=47
num_leaves=31
num_cat=0
split_feature=1 1 4 91 88 212 19 4 97 82 0 128 80 19 0 19 154 268 277 0 2 81 214 161 165 0 118 319 316 234
split_gain=19.5996 1.52572 0.753248 0.444736 0.331166 0.211632 0.178443 0.154782 0.13935 0.109269 0.0979896 0.0872018 0.111564 0.0859297 0.0798787 0.0714623 0.0932888 0.0713797 0.0673393 0.0621865 0.0541886 0.045658 0.035483 0.035119 0.0346088 0.0343418 0.0341441 0.0317962 0.0315512 0.0288679
threshold=5.4160608944707613 3.5972184255501678 5.7635916683584645 -0.066444138009873491 0.17020394372840209 0.38795508726744438 8.392045454545455 1.4978661367769956 0.21148667865716259 0.1202643903767366 6.0075831725221649 0.052223974038175601 1.0000000180025095e-35 12.690476190476192 5.4743671128014944 14.944444444444446 -0.004833927047389489 1.0000000180025095e-35 -0.0048504955876302958 4.816232960488728 2.9700856263602158 -0.42614448098081686 0.0090878875410077588 -0.0041704400544971178 0.0049769996362136132 10.987521849191557 0.01426490252854022 -0.011579184927341292 0.037644167310885789 0.022916470465186117
decision_type=2 2 2 2 2 2 2 2 2 2 2 2 2 2 2 2 2 2 2 2 2 2 2 2 2 2 2 2 2 2
left_child=1 5 17 7 6 11 20 27 9 10 21 12 15 -9 18 -1 -17 -2 26 -6 -5 23 -16 -8 -20 -4 -11 -3 -12 -23
right_child=2 3 25 4 19 -7 8 13 -10 14 28 -13 -14 -15 22 16 -18 -19 24 -21 -22 29 -24 -25 -26 -27 -28 -29 -30 -31
leaf_value=-0.0053551100574209974 0.010686472618348293 -0.0056089280545711523 0.017359325413902602 -0.0020052007980866176 -0.0052785440467489073 -0.00019927612106235195 0.00084427448415557273 -0.0028398093301802876 0.0039861265993253753 -0.00024709241804789358 0.00021759601051654141 -0.0071711334274024586 -0.0014005082286894322 0.0015572550892829894 0.0014712334377567828 -0.0051344203046308117 -0.0014597305536763968 0.013999534321242367 0.0018856055683240164 -0.0019539453787729144 -0.00017906428690400424 -0.0013028403044796134 0.0038644922240304632 -0.00084826286549629217 2.3416713294055729e-05 0.019525487662909867 -0.0025660487010926857 -0.0037876416365370939 0.0023204394467757085 -0.0033169770496897402
leaf_weight=207 37 35 24 164 39 26 44 25 22 57 165 37 25 20 59 39 31 29 56 22 54 161 21 101 45 77 22 76 20 20
leaf_count=207 37 35 24 164 39 26 44 25 22 57 165 37 25 20 59 39 31 29 56 22 54 161 21 101 45 77 22 76 20 20
internal_value=-2.77246e-11 -0.00170839 0.0162962 -0.000864776 -0.000501792 -0.00454665 -0.000285926 -0.00335912 6.23595e-05 -4.96028e-05 -0.00047419 -0.00488008 -0.00459939 -0.000885558 0.000784875 -0.00488809 -0.00350706 0.0121422 0.000200613 -0.00407951 -0.00155286 -0.000995777 0.00209946 -0.000334665 0.00105592 0.0190108 -0.000892878 -0.00436192 0.00044493 -0.0015254
internal_weight=1760 1593 167 1228 1072 365 1011 156 793 771 511 339 302 45 260 277 70 66 180 61 218 326 80 145 101 101 79 111 185 181
internal_count=1760 1593 167 1228 1072 365 1011 156 793 771 511 339 302 45 260 277 70 66 180 61 218 326 80 145 101 101 79 111 185 181
is_linear=0
shrinkage=0.05


Tree=48
num_leaves=31
num_cat=0
split_feature=0 1 67 0 51 0 91 5 1 211 104 214 9 86 121 81 0 82 112 8 0 7 19 277 290 281 11 90 1 133
split_gain=17.6918 1.45324 0.645099 0.479711 0.228195 0.211943 0.31746 0.170638 0.16606 0.0979591 0.0878208 0.0827858 0.0784156 0.064624 0.0570462 0.0528628 0.0520361 0.0500284 0.0448361 0.0411278 0.0410637 0.0392497 0.0374642 0.0366938 0.0346798 0.0345484 0.0339336 0.0322329 0.0303061 0.0290778
threshold=9.3095862527214734 3.9796379800581989 0.89587973461402759 10.864059113884283 0.89587973461402759 4.2835627800822236 -0.036955326510080093 1.4978661367769956 4.516324041782946 -0.0023116660145665485 -0.051239619553286792 0.09719698472287501 0.01083435064325289 -0.0058009285575612553 -0.03761106935605997 -0.36182014863204975 6.7025064036640183 0.087367333742116485 0.019732356006914951 0.021202472373103579 3.5114340430413216 0.39339826839826847 12.651515151515154 0.0018424513478810369 -0.013659124625782167 0.0005619935352127733 3.2284161490683236 0.0075493895044935946 4.1510089048756029 -0.0010699472385220098
decision_type=2 2 2 2 2 2 2 2 2 2 2 2 2 2 2 2 2 2 2 2 2 2 2 2 2 2 2 2 2 2
left_child=1 2 5 29 7 14 18 8 9 13 -8 19 -10 27 -1 -11 17 -14 22 -12 -16 -22 -7 -4 -9 -24 -21 28 -3 -2
right_child=3 4 23 -5 -6 6 10 24 12 15 11 -13 16 -15 20 -17 -18 -19 -20 26 21 -23 25 -25 -26 -27 -28 -29 -30 -31
leaf_value=-0.0069467066094661377 0.011541625567684498 -0.0037813087279209867 -0.00079821293001323078 0.018192024022033536 0.0046523333020994199 -0.0047275157571819272 0.0010927216340787709 1.0628927060786416e-05 0.0030338267132174225 -0.0020784121821248139 -0.0028002472128719094 -0.0046136533393076173 -0.00054106971810998882 0.00030501396839099476 -0.0063302907290764994 -0.0046622225898317994 0.0014985741831229204 0.0014436617946817674 -0.0055665635006272628 -0.002405794537238156 -0.0036651722194316486 -0.0053730701813932327 -0.0040710100363339149 0.0011089334194739273 0.0018969277562614164 -0.0014802348510618852 -0.0001328736442911367 -0.00029413819461802227 -0.0015384722867461502 0.013762888255027625
leaf_weight=39 34 20 43 97 23 76 25 34 20 113 42 27 342 80 36 24 42 35 73 24 75 61 31 61 86 22 52 36 61 26
leaf_count=39 34 20 43 97 23 76 25 34 20 113 42 27 342 80 36 24 42 35 73 24 75 61 31 61 86 22 52 36 61 26
internal_value=5.05782e-12 -0.00156886 -0.00330722 0.0160183 -0.000265082 -0.00395435 -0.00323636 -0.000391734 -0.000664057 -0.00150424 -0.00164417 -0.00211605 -2.48315e-05 -0.000790157 -0.00522018 -0.00253105 -0.00017083 -0.000356811 -0.00457632 -0.00154457 -0.0048287 -0.00443121 -0.00401595 0.000320402 0.00136248 -0.00299559 -0.000850638 -0.00153899 -0.00209226 0.0125042
internal_weight=1760 1603 687 157 916 583 372 893 773 334 170 145 439 197 211 137 419 377 202 118 172 136 129 104 120 53 76 117 81 60
internal_count=1760 1603 687 157 916 583 372 893 773 334 170 145 439 197 211 137 419 377 202 118 172 136 129 104 120 53 76 117 81 60
is_linear=0
shrinkage=0.05


Tree=49
num_leaves=31
num_cat=0
split_feature=1 1 14 91 88 212 61 19 4 0 225 82 1 128 80 19 8 19 81 263 214 0 290 207 86 321 11 128 8 120
split_gain=15.9953 1.24509 0.607493 0.361987 0.274295 0.17057 0.155185 0.140575 0.127544 0.0962719 0.0893857 0.0790806 0.0746563 0.074214 0.0878243 0.0743657 0.0716663 0.07156 0.0593877 0.0529601 0.0479166 0.0471795 0.0436371 0.0424829 0.0395909 0.0335661 0.033495 0.0316307 0.0302186 0.0337362
threshold=5.4160608944707613 3.5972184255501678 1.0000000180025095e-35 -0.066444138009873491 0.14971249837438996 0.38795508726744438 1.2424533248940004 25.791707380626672 1.4978661367769956 6.1537953943602615 -0.057350426348022544 -0.18362694371156255 8.0139983744141325 0.047519058539385907 1.0000000180025095e-35 24.725620567375891 0.0013201612903225809 12.690476190476192 -0.49991037261360072 0.030770198707546017 0.010771512481971007 5.6002703899390385 -0.003122566544552468 0.0023822476627507146 0.1553450767459055 0.037470220437393217 2.4144599303135892 0.010457198903178816 0.030395417590539545 0.019263035472050136
decision_type=2 2 2 2 2 2 2 2 2 2 2 2 2 2 2 2 2 2 2 2 2 2 2 2 2 2 2 2 2 2
left_child=1 5 12 8 6 13 9 10 -3 11 -8 -5 -2 14 15 24 -11 -10 27 -6 21 25 -12 -15 -1 28 -23 -13 29 -20
right_child=2 3 -4 4 19 -7 7 -9 17 16 22 18 -14 23 -16 -17 -18 -19 20 -21 -22 26 -24 -25 -26 -27 -28 -29 -30 -31
leaf_value=-0.0048675578170874661 0.0084789390256628395 -0.003941894183669508 0.017190164014697074 -0.0019004026073392672 -0.0024381357744507688 -0.00020441552187548952 -0.0026331027792323206 0.0042385658689974145 -0.0025695830802433192 2.3229305506902166e-05 -0.0002134686287876869 9.5745775922152565e-05 0.012126283997550925 -0.0048376696103292968 -0.0012857811911962927 -0.0016641488541727482 0.002794245123992109 0.001443022193852812 -0.0011890101996966853 -0.0053667087430277699 0.0013600512640550733 -0.0015226373556028452 0.0014510467882306937 -0.0079481686509790869 -0.0029010816332723562 -0.0030113348140730525 -0.00012517724991865112 0.00255232966177573 -0.00010219069926755591 -0.0035373222353518941
leaf_weight=218 20 111 100 142 38 26 21 28 25 140 63 38 47 23 25 23 28 20 65 26 25 56 105 21 29 32 183 20 42 20
leaf_count=218 20 111 100 142 38 26 21 28 25 140 63 38 47 23 25 23 28 20 65 26 25 56 105 21 29 32 183 20 42 20
internal_value=5.73653e-12 -0.00154333 0.0147217 -0.000781237 -0.000453759 -0.00410732 -0.000252228 0.00093224 -0.0030316 -0.000577171 0.000442414 -0.000863616 0.0110375 -0.00440666 -0.00412095 -0.00438346 0.000485065 -0.000786203 -0.000557538 -0.00362787 -0.000763264 -0.000896638 0.000826854 -0.00632223 -0.00463668 -0.00156407 -0.000452616 0.000942844 -0.0011994 -0.00174155
internal_weight=1760 1593 167 1228 1072 365 1008 217 156 791 189 623 67 339 295 270 168 45 481 64 423 398 168 44 247 159 239 58 127 85
internal_count=1760 1593 167 1228 1072 365 1008 217 156 791 189 623 67 339 295 270 168 45 481 64 423 398 168 44 247 159 239 58 127 85
is_linear=0
shrinkage=0.05


Tree=50
num_leaves=31
num_cat=0
split_feature=1 1 0 91 88 212 82 0 212 225 83 1 19 128 80 19 154 11 19 263 336 1 295 93 283 308 142 277 300 217
split_gain=14.4357 1.1237 0.549863 0.326693 0.247551 0.153939 0.140268 0.120477 0.115298 0.0957686 0.0820468 0.0730173 0.0690501 0.0674109 0.080545 0.0574685 0.0611711 0.0741775 0.0504219 0.0477965 0.0448435 0.039296 0.0383969 0.0372078 0.0367392 0.030175 0.0294079 0.02712 0.0280181 0.0270902
threshold=5.4160608944707613 3.5972184255501678 10.864059113884283 -0.066444138009873491 0.14971249837438996 0.38795508726744438 0.1202643903767366 6.0075831725221649 0.12413070348036852 -0.058321632059667991 0.12246919210136156 8.0139983744141325 26.700617283950621 0.052223974038175601 1.0000000180025095e-35 12.894444444444447 -0.005504160439486646 2.1617921935129196 9.029411764705884 0.030770198707546017 0.017745207796611037 4.863673427408628 0.033643901367210537 0.029199201389507771 -0.048642316959305126 0.013262555240563757 -0.044541107261518338 0.031116413111974557 -0.0030554538338808776 -0.0027294413092416561
decision_type=2 2 2 2 2 2 2 2 2 2 2 2 2 2 2 2 2 2 2 2 2 2 2 2 2 2 2 2 2 2
left_child=1 5 11 8 6 13 7 18 23 -8 21 -2 24 14 15 -1 -17 -18 -5 -6 26 -9 25 -3 -11 -22 -20 28 -26 -28
right_child=2 3 -4 4 19 -7 9 10 -10 12 -12 -13 -14 -15 -16 16 17 -19 20 -21 22 -23 -24 -25 27 -27 29 -29 -30 -31
leaf_value=-0.004664027634620046 0.0080549920536577696 -0.0038600407516171872 0.016422913768856795 -0.0019180315217855585 -0.0023162289902278355 -0.00019419474287692888 -0.0023852698970586064 -0.00072755637982406074 0.00066463134950026873 -0.00046576199604896827 0.0032153773224092132 0.011629628762602807 0.0037297439872331565 -0.0062006885739597124 -0.0012214920879341663 -0.0044596448205300567 -0.0039023720171479956 0.00025213447251272474 -0.0027665254124440257 -0.0050983732781158045 -4.1802250115838635e-05 0.00051693018601193358 -0.0017156391094128292 -0.0019103534094938369 -0.00016234393255568617 0.002116310959798284 0.00052501196785636204 0.0020052020375496121 0.0013000326445810014 -0.0011812951176710029
leaf_weight=192 20 104 97 136 38 26 23 114 20 50 21 50 21 37 25 42 21 22 25 26 46 143 21 32 57 25 27 54 77 168
leaf_count=192 20 104 97 136 38 26 23 114 20 50 21 50 21 37 25 42 21 22 25 26 46 143 21 32 57 25 27 54 77 168
internal_value=-4.44485e-11 -0.00146617 0.0139857 -0.000742175 -0.000431071 -0.00390195 -0.000239617 -0.000607216 -0.00288002 0.000706756 0.000210441 0.0106083 0.000981337 -0.00418632 -0.00393953 -0.00418484 -0.00310245 -0.00177681 -0.0011146 -0.00344648 -0.000764388 -3.50989e-05 0.00016257 -0.00340129 0.000738831 0.000718097 -0.00115202 0.0010592 0.000677977 -0.000945037
internal_weight=1760 1593 167 1228 1072 365 1008 726 156 282 278 70 259 339 302 277 85 43 448 64 312 257 92 136 238 71 220 188 134 195
internal_count=1760 1593 167 1228 1072 365 1008 726 156 282 278 70 259 339 302 277 85 43 448 64 312 257 92 136 238 71 220 188 134 195
is_linear=0
shrinkage=0.05


Tree=51
num_leaves=31
num_cat=0
split_feature=1 1 67 0 51 0 4 5 1 221 179 10 109 244 114 123 221 212 0 1 122 85 283 278 9 112 7 9 281 8
split_gain=13.0288 1.09905 0.478019 0.320858 0.181538 0.16781 0.267753 0.139761 0.115191 0.0772568 0.0731314 0.0654068 0.0596816 0.0550834 0.0512158 0.0504029 0.0444501 0.0439563 0.047095 0.0426264 0.0406809 0.0393486 0.0383286 0.0362295 0.0361689 0.0328484 0.0322262 0.0305817 0.030241 0.0296719
threshold=7.7570108019200266 3.9981586158983733 0.89587973461402759 10.916273326314245 0.89587973461402759 4.6867395546766826 0.89587973461402759 1.4978661367769956 4.516324041782946 0.037251143471601481 -0.0106908766439657 0.060737812911725968 0.093837300994678116 -0.027250481722321598 0.02274303147674667 -0.042515324782015758 0.077657273666517437 0.088364590550058797 4.863673427408628 5.0657496176235997 0.02288555224291566 1.0000000180025095e-35 0.0047029158941934756 -0.035873589186901512 0.019257257893621534 0.018465522464555056 0.36745234977447988 0.011902380952380954 -0.011755587963574635 0.0016886767959823135
decision_type=2 2 2 2 2 2 2 2 2 2 2 2 2 2 2 2 2 2 2 2 2 2 2 2 2 2 2 2 2 2
left_child=1 2 5 -2 7 10 15 8 9 17 13 19 14 -1 26 -7 -17 18 -3 20 27 -11 -4 -9 28 -8 -12 -10 -20 -22
right_child=3 4 22 -5 -6 6 25 23 11 21 12 -13 -14 -15 -16 16 -18 -19 24 -21 29 -23 -24 -25 -26 -27 -28 -29 -30 -31
leaf_value=-0.0006336831906810403 0.01109415287418025 -0.0042319891741499308 -0.00073762817687734409 0.015725721880469636 0.0043072313789955597 -0.002976385052104227 -0.0032701051437130598 0.0031987700755486178 0.001179194518564535 -0.0014126235526857964 -0.0031130476925980803 0.0027816667564911769 -0.0069389803048509821 -0.0036978670678482479 -0.0058008216049832608 0.001713169601030781 -0.00085871539839510154 0.00047557593290028832 0.00087322657636832455 0.00096201223984988056 -0.0007227866856264882 0.00087826992066594657 0.0011293403535741423 0.00090606144801010178 -0.0020667475188538027 -0.0046755046672949585 -0.0046126386973184431 -0.00080647059154079952 -0.0016455565812066198 0.0014015029829655154
leaf_weight=20 63 20 54 92 22 22 107 21 21 29 67 20 26 55 48 21 84 21 22 72 25 53 56 96 151 68 77 253 26 48
leaf_count=20 63 20 54 92 22 22 107 21 21 29 67 20 26 55 48 21 84 21 22 72 25 53 56 96 151 68 77 253 26 48
internal_value=5.49728e-12 -0.00133688 -0.0028152 0.0138432 -0.000178868 -0.00337501 -0.00254792 -0.000291276 -0.000538628 -0.0012569 -0.0042275 -1.17842e-05 -0.00469083 -0.00288075 -0.00438639 -0.000800283 -0.000344338 -0.0017096 -0.00191914 -0.000145123 -0.000374846 6.80759e-05 0.000212829 0.00131757 -0.0016867 -0.0038162 -0.00391491 -0.000654285 -0.000491114 0.000674007
internal_weight=1760 1605 705 155 900 595 302 878 761 322 293 439 218 75 192 127 105 240 219 419 347 82 110 117 199 175 144 274 48 73
internal_count=1760 1605 705 155 900 595 302 878 761 322 293 439 218 75 192 127 105 240 219 419 347 82 110 117 199 175 144 274 48 73
is_linear=0
shrinkage=0.05


Tree=52
num_leaves=31
num_cat=0
split_feature=1 1 4 67 0 4 9 1 86 2 179 82 216 196 265 156 83 245 191 8 221 312 1 214 303 283 112 0 7 189
split_gain=11.7862 0.921481 0.448823 0.431412 0.151937 0.240653 0.122473 0.096481 0.0795225 0.0785013 0.0722285 0.0650879 0.0548016 0.0525881 0.0523286 0.0497497 0.0495161 0.0484393 0.0409115 0.0396556 0.0466488 0.0390314 0.0388569 0.0375989 0.0361471 0.0345916 0.0329919 0.0288402 0.0279321 0.0271565
threshold=5.4160608944707613 3.9981586158983733 5.7635916683584645 0.89587973461402759 4.5798392285869785 1.2424533248940004 0.0074063432835820902 4.516324041782946 -0.050563790859956485 2.0126758453675748 -0.0106908766439657 -0.21524485127861279 -0.063021378214576262 0.0048784356895134719 -0.014083594869202454 0.0086298108795081364 -0.021044681354879 0.027465086297983093 -0.02133488335874029 0.012896385408581885 0.041148279735407065 -0.032783047255829499 5.0657496176235997 0.020377699427980473 1.0000000180025095e-35 0.0047029158941934756 0.019732356006914951 5.2067464199591091 0.32163382594417084 0.0027701205451687435
decision_type=2 2 2 2 2 2 2 2 2 2 2 2 2 2 2 2 2 2 2 2 2 2 2 2 2 2 2 2 2 2
left_child=1 3 13 4 10 12 16 8 17 -9 15 -10 -6 24 -12 -1 -3 -8 -13 -14 -21 -11 -23 -20 -2 -5 27 -7 29 -16
right_child=2 6 -4 25 5 26 7 9 11 21 14 18 19 -15 28 -17 -18 -19 23 20 -22 22 -24 -25 -26 -27 -28 -29 -30 -31
leaf_value=-0.00387887712935672 0.0090193368028849367 0.0007578871710280878 0.014732565693926104 -0.00070074676898204625 -0.0034893889101857154 -0.0039802634368578975 -0.0015591665635885741 0.0027891261173256985 -0.0019069927883683703 0.0010287937305596038 -0.0057161971051810367 -0.0018450880656018854 -0.0023080787765245663 0.0072901941998861734 -0.0041112990231450767 -0.0011551269257324749 0.0033604013607027418 -0.0039969500202763205 0.00013518545729092725 0.0018301093045738526 -0.00083423456565904662 -0.00059224400293857312 0.00076726467195840095 0.0024600732415406544 0.011825215071439743 0.0010728733361507435 -0.0048563931702769233 -0.0022315770898933044 -0.0046224931459276719 -0.0019265885176137092
leaf_weight=38 24 89 101 54 22 65 135 24 50 60 66 20 34 20 33 30 23 24 83 20 92 294 64 22 22 56 56 37 77 25
leaf_count=38 24 89 101 54 22 65 135 24 50 60 66 20 34 20 33 30 23 24 83 20 92 294 64 22 22 56 56 37 77 25
internal_value=-2.71034e-11 -0.0013248 0.0126372 -0.00267444 -0.00320626 -0.00248047 -0.0002533 -0.000476381 -0.00111774 8.26211e-06 -0.00408584 -0.000382339 -0.00116303 0.00943065 -0.00456238 -0.00267722 0.00129233 -0.00192713 0.000227522 -0.00081248 -0.000358459 -0.000151405 -0.000349203 0.000622305 0.0103613 0.000202187 -0.00388129 -0.00334594 -0.00399829 -0.00316961
internal_weight=1760 1593 167 705 595 326 888 776 334 442 269 175 168 66 201 68 112 159 125 146 112 418 358 105 46 110 158 102 135 58
internal_count=1760 1593 167 705 595 326 888 776 334 442 269 175 168 66 201 68 112 159 125 146 112 418 358 105 46 110 158 102 135 58
is_linear=0
shrinkage=0.05


Tree=53
num_leaves=31
num_cat=0
split_feature=1 1 67 4 0 4 84 211 287 179 109 268 86 1 312 244 114 123 83 1 286 247 112 283 7 0 189 138 8 1
split_gain=10.6371 0.831662 0.406919 0.405063 0.152529 0.229147 0.117306 0.0821205 0.0651123 0.061518 0.0513942 0.0512768 0.0505512 0.050096 0.0479683 0.0477494 0.0473696 0.042734 0.0449526 0.042333 0.0392325 0.0342005 0.0335229 0.0333828 0.0264684 0.0251059 0.0241954 0.0237593 0.0234655 0.0228494
threshold=5.4160608944707613 4.0342014792848504 0.89587973461402759 5.7635916683584645 4.6867395546766826 1.2424533248940004 -0.044276026671493107 -0.0062072525965288549 -0.047370988479519982 -0.0106908766439657 0.093837300994678116 1.0000000180025095e-35 -0.012927030228802308 4.516324041782946 -0.018766199336383082 -0.027250481722321598 0.02274303147674667 -0.042515324782015758 0.21839013756199879 4.4716224665663962 0.03044021359901802 0.051815467019995808 0.019732356006914951 0.0047029158941934756 0.36745234977447988 10.987521849191557 0.021146584805796498 -0.01398913641708747 0.012309969325153375 5.0657496176235997
decision_type=2 2 2 2 2 2 2 2 2 2 2 2 2 2 2 2 2 2 2 2 2 2 2 2 2 2 2 2 2 2
left_child=1 2 4 11 9 17 8 12 -3 15 16 -2 14 -9 -8 -1 24 -6 28 -16 -14 26 -7 -4 -11 -5 -10 -24 -19 -21
right_child=3 6 23 25 5 22 7 13 21 10 -12 -13 20 -15 19 -17 -18 18 -20 29 -22 -23 27 -25 -26 -27 -28 -29 -30 -31
leaf_value=-0.00050705999950878316 0.0077252815660038918 0.0035341254992610109 -0.00069154004460167992 0.012583928865691027 -0.0026759544877374237 -0.0030882018683622285 0.0010341515819683471 -0.0016653392023092536 -0.00012344094172086833 -0.0027935884246574859 -0.0063452489387530557 0.010533315521375888 0.0004756271595619999 -0.00042381295278339062 -0.0021992967623685089 -0.0033599722099395216 -0.0053200780851196273 -0.002268953830935061 0.0015361664661516748 -0.00056907485134205689 0.0031035023718141022 0.0020157044026277481 -0.0034296999995907154 0.00098483559855418613 -0.0041526297376454843 0.014436043760219178 0.0015802491642086984 -0.005510835768654943 -0.00058391184153895831 0.00084706545144269641
leaf_weight=20 37 21 57 24 30 99 56 172 105 67 26 29 49 154 35 55 49 27 21 153 20 33 24 62 77 77 26 32 88 35
leaf_count=20 37 21 57 24 30 99 56 172 105 67 26 29 49 154 35 55 49 27 21 153 20 33 24 62 77 77 26 32 88 35
internal_value=-2.95282e-11 -0.00125856 -0.00249447 0.0120053 -0.00301232 -0.00225874 -0.000202507 -0.000508626 0.000912757 -0.00383511 -0.00425837 0.00895911 2.55509e-05 -0.00107885 -0.000274136 -0.0025992 -0.00397724 -0.000967862 -0.000591077 -0.000602675 0.00123733 0.000577094 -0.00364124 0.000181866 -0.0035203 0.0139959 0.000214696 -0.00461892 -0.00097953 -0.000305432
internal_weight=1760 1593 734 167 615 321 859 674 185 294 219 66 348 326 279 75 193 166 136 223 69 164 155 119 144 101 131 56 115 188
internal_count=1760 1593 734 167 615 321 859 674 185 294 219 66 348 326 279 75 193 166 136 223 69 164 155 119 144 101 131 56 115 188
is_linear=0
shrinkage=0.05


Tree=54
num_leaves=31
num_cat=0
split_feature=1 1 67 0 51 97 141 0 4 5 0 211 215 7 207 242 86 8 82 233 165 1 283 316 112 278 1 0 10 88
split_gain=9.61157 0.807215 0.367244 0.233548 0.138184 0.133995 0.22515 0.120477 0.171433 0.111375 0.0719196 0.0550575 0.0509421 0.0492888 0.0527479 0.0463345 0.0420844 0.0394396 0.0339079 0.0328704 0.0307532 0.0302016 0.0301279 0.0288572 0.0275342 0.0259084 0.0254172 0.0247209 0.0242565 0.0215238
threshold=7.7570108019200266 4.0342014792848504 0.89587973461402759 10.916273326314245 1.0000000180025095e-35 0.064353238061501269 -0.00057801128796485196 4.5798392285869785 1.2424533248940004 1.7005986908310777 6.0567812709255842 -0.0023116660145665485 0.018141394406908571 0.31726674409601247 0.013656879789709545 0.0061185807934748234 -0.017415094253762042 0.0091428690845637029 -0.14816180204592672 0.010147272246105725 0.0097194776530239255 5.0205801788306017 0.0047029158941934756 0.025363957551588674 0.019732356006914951 0.0035420208055325555 4.2835627800822236 5.173316863805991 0.0049722179754120048 0.039729931513998819
decision_type=2 2 2 2 2 2 2 2 2 2 2 2 2 2 2 2 2 2 2 2 2 2 2 2 2 2 2 2 2 2
left_child=1 2 4 28 7 9 -7 13 12 10 11 16 18 15 29 -1 19 21 -9 20 -3 -12 -4 -20 27 -11 -13 -10 -2 -15
right_child=3 5 22 -5 -6 6 -8 8 24 25 17 26 -14 14 -16 -17 -18 -19 23 -21 -22 -23 -24 -25 -26 -27 -28 -29 -30 -31
leaf_value=-0.0038308683017297001 0.0087749835055990107 -0.00081227399823264863 -0.00065696303979820465 0.013496103704623556 0.00050737433946402416 -0.00094452059739047575 0.0064681271254085002 -0.0022932841757973359 -0.0037284946514358911 0.002322536749416031 -0.00053497145910557818 -0.0022754900488661418 -0.0035429161367937926 -0.003623487996635959 -0.0066422475247897893 -0.0017361752546011387 0.00048154047081122066 0.0016801768125151283 -0.00092333590586541085 -0.001698468478571158 0.00069350269964754425 0.00072677369976307279 0.00093559382243725965 0.00093056300784469237 -0.0043958004155572042 0.00065013381582420236 -0.001010180992889218 -0.0021795624218128146 0.0107952859873573 -0.0050350154624194711
leaf_weight=66 39 129 57 92 29 21 20 31 57 40 121 71 20 100 22 44 90 40 76 70 46 78 62 29 57 55 90 47 24 37
leaf_count=66 39 129 57 92 29 21 20 31 57 40 121 71 20 100 22 44 90 40 76 70 46 78 62 29 57 55 90 47 24 37
internal_value=-1.32272e-11 -0.00114826 -0.00236974 0.01189 -0.00286171 -0.0001189 0.00267141 -0.00302844 -0.00236802 -0.000256735 -0.000464964 -0.000808291 -0.00118678 -0.0038067 -0.00436965 -0.00299299 -0.000443094 0.000247548 -0.000840287 -0.000782755 -0.00041647 -4.04181e-05 0.000172772 -0.000411307 -0.00351257 0.0013543 -0.00156817 -0.0030285 0.00954462 -0.0040047
internal_weight=1760 1605 734 155 615 871 41 586 317 830 735 496 156 269 159 110 335 239 136 245 175 199 119 105 161 95 161 104 63 137
internal_count=1760 1605 734 155 615 871 41 586 317 830 735 496 156 269 159 110 335 239 136 245 175 199 119 105 161 95 161 104 63 137
is_linear=0
shrinkage=0.05


Tree=55
num_leaves=31
num_cat=0
split_feature=1 1 67 4 51 0 4 84 211 287 215 233 202 105 2 1 157 151 247 82 308 210 0 8 283 316 324 310 191 128
split_gain=8.68242 0.675926 0.331438 0.328347 0.124711 0.108731 0.154718 0.0959092 0.0670772 0.0565076 0.0459753 0.0452234 0.0445455 0.0434784 0.0484408 0.0416871 0.0368399 0.0308397 0.0306022 0.0306019 0.0282454 0.0272628 0.0280161 0.0378646 0.0271905 0.0261343 0.0258448 0.0252064 0.024961 0.022581
threshold=5.4160608944707613 4.0342014792848504 0.89587973461402759 5.7635916683584645 1.0000000180025095e-35 4.5798392285869785 1.2424533248940004 -0.044276026671493107 -0.0062072525965288549 -0.047370988479519982 0.018141394406908571 0.11584639981128102 0.0038053835300116859 0.042239480434417505 1.4978661367769956 4.516324041782946 0.027137099921686648 -0.014179211555967198 0.051815467019995808 -0.14816180204592672 -0.0012487230848275222 0.0079019957360120813 3.3140206880897671 0.36992481203007527 0.0047029158941934756 0.028388576460627628 0.0065617212080474495 0.0045839883426752595 0.015838561590789297 0.002955392746216787
decision_type=2 2 2 2 2 2 2 2 2 2 2 2 2 2 2 2 2 2 2 2 2 2 2 2 2 2 2 2 2 2
left_child=1 2 4 12 5 11 10 9 13 -3 19 17 20 14 -9 -10 27 26 -11 -7 -2 22 -19 -24 -4 -21 -1 -16 -8 -15
right_child=3 7 24 -5 -6 6 28 8 15 18 -12 -13 -14 29 16 -17 -18 21 -20 25 -22 -23 23 -25 -26 -27 -28 -29 -30 -31
leaf_value=-0.0012992248136600082 0.010146477694312733 0.003265452894958712 -0.00062411489723895658 0.012638563500477538 0.0004820056616906719 -0.002178620000279719 -0.0029789915327839015 -0.0022530204195600864 -0.0015121638913453439 0.00016792679697858129 -0.0033657703734934334 -0.0056877142827336993 0.0061337355320574723 0.00028069107953342608 -0.00057332726029794053 -0.00037961964754426201 0.0020710665316437372 -0.0052302612716448498 0.00187155862875057 -0.00084327807785542332 0.0076661681925708604 -0.0052421721294522291 -0.0035777969862378781 -0.0013716699515023958 0.00088881413492697078 0.00098427406685984279 -0.0035612565364040762 0.00042707516708173063 -0.0044197516085114335 0.0025778803802297815
leaf_weight=28 24 21 57 101 29 31 121 26 172 131 20 24 20 20 151 154 20 20 33 79 22 25 126 23 62 26 23 108 40 23
leaf_count=28 24 21 57 101 29 31 121 26 172 131 20 24 20 20 151 154 20 20 33 79 22 25 126 23 62 26 23 108 40 23
internal_value=-6.93629e-12 -0.00113706 -0.00225125 0.0108464 -0.00271862 -0.00287702 -0.00224962 -0.000185005 -0.000461801 0.000823429 -0.00112744 -0.00361637 0.00810373 2.09758e-05 -0.00018887 -0.000977158 3.48757e-06 -0.00341346 0.000510731 -0.000798273 0.00896024 -0.00370108 -0.00347311 -0.00323725 0.000164134 -0.000390741 -0.00231936 -0.000156171 -0.00333694 0.00150942
internal_weight=1760 1593 734 167 615 586 317 859 674 185 156 269 66 348 305 326 279 245 164 136 46 194 169 149 119 105 51 259 161 43
internal_count=1760 1593 734 167 615 586 317 859 674 185 156 269 66 348 305 326 279 245 164 136 46 194 169 149 119 105 51 259 161 43
is_linear=0
shrinkage=0.05


Tree=56
num_leaves=31
num_cat=0
split_feature=1 1 67 0 97 141 51 0 4 5 0 85 85 8 219 210 215 144 0 8 83 1 283 112 278 0 81 138 225 157
split_gain=7.84385 0.656286 0.299123 0.189899 0.117026 0.19608 0.112552 0.0981295 0.139633 0.09062 0.0603216 0.052293 0.0457981 0.0431886 0.0428163 0.0451878 0.0414927 0.0413415 0.0393044 0.0480691 0.0287211 0.0251171 0.0245394 0.0242663 0.0231984 0.0224554 0.0220998 0.020342 0.0198391 0.0198337
threshold=7.7570108019200266 4.0342014792848504 0.89587973461402759 10.916273326314245 0.064353238061501269 -0.00057801128796485196 1.0000000180025095e-35 4.5798392285869785 1.2424533248940004 1.7005986908310777 6.1537953943602615 -0.16229024220206553 -0.013009915713553382 0.0091428690845637029 0.069197600737142373 0.0079019957360120813 0.018141394406908571 0.0054164591952237133 3.4175922930736511 0.38047619047619052 0.22595524659729446 5.1590387842106482 0.0047029158941934756 0.019732356006914951 0.0035420208055325555 5.07203900872703 -0.49545881394997077 -0.013417473560412578 0.018541533547158904 0.023995136511831234
decision_type=2 2 2 2 2 2 2 2 2 2 2 2 2 2 2 2 2 2 2 2 2 2 2 2 2 2 2 2 2 2
left_child=1 2 6 28 9 -6 7 14 16 10 11 -3 21 -13 15 18 20 26 -1 -20 -9 -12 -4 25 -11 -10 -15 -25 -2 -28
right_child=3 4 22 -5 5 -7 -8 8 23 24 12 13 -14 17 -16 -17 -18 -19 19 -21 -22 -23 -24 27 -26 -27 29 -29 -30 -31
leaf_value=-0.0047010138313735616 0.0079988309936154453 -0.001944662504468743 -0.00059290913859991927 0.012189370555722195 -0.00087592960113570806 0.0060416463944784485 0.00045790535413884909 -0.0010600670643506076 -0.0037698552728055376 0.0021314266925037371 -0.0005158611884183025 -0.00096731211599911126 0.0020079049293417485 0.0016206843961245956 -0.0056613340321928262 -0.0049505652462625335 -0.003197481853421778 -0.00081021368165994946 -0.0030239118675221377 -0.00058215772429400165 0.00099154847091995177 0.00090319499195175019 0.00084437342067699762 -0.0029678647585499747 0.00054890597821213307 -0.0022036132745311731 -0.00013598093513443948 -0.0048642950553086503 0.0098810348127569489 0.0015980021882569418
leaf_weight=29 42 71 57 92 21 20 29 116 34 40 89 243 35 34 20 34 20 101 163 23 20 48 62 26 55 70 94 31 21 20
leaf_count=29 42 71 57 92 21 20 29 116 34 40 89 243 35 34 20 34 20 101 163 23 20 48 62 26 55 70 94 31 21 20
internal_value=-4.11402e-12 -0.00103731 -0.00213869 0.0107411 -0.000109156 0.0024985 -0.00258269 -0.00273316 -0.00213714 -0.000237968 -0.000425796 -0.00067616 0.000393712 -0.000493104 -0.00343555 -0.00325677 -0.00107107 -3.03232e-05 -0.00298891 -0.00272197 -0.000758359 -1.86736e-05 0.000155927 -0.0031701 0.00121523 -0.00271565 0.000501899 -0.00399926 0.00862623 0.000168227
internal_weight=1760 1605 734 155 871 41 615 586 317 830 735 563 172 492 269 249 156 249 215 186 136 137 119 161 95 104 148 57 63 114
internal_count=1760 1605 734 155 871 41 615 586 317 830 735 563 172 492 269 249 156 249 215 186 136 137 119 161 95 104 148 57 63 114
is_linear=0
shrinkage=0.05


Tree=57
num_leaves=31
num_cat=0
split_feature=1 1 67 4 51 0 4 84 0 82 287 233 268 215 1 309 9 104 151 82 247 101 316 324 179 117 283 112 0 250
split_gain=7.08634 0.549399 0.269958 0.267323 0.101578 0.0885618 0.126019 0.0800098 0.0563703 0.0504657 0.0495702 0.0392762 0.0388503 0.0374472 0.0346956 0.0344141 0.0288122 0.0290032 0.0272377 0.0271244 0.0269511 0.0237519 0.0235735 0.0228962 0.0223051 0.0239922 0.0221468 0.0219003 0.0210651 0.0206624
threshold=5.4160608944707613 4.0342014792848504 0.89587973461402759 5.7635916683584645 1.0000000180025095e-35 4.5798392285869785 1.2424533248940004 -0.044276026671493107 5.5353618778730294 0.055447294614908001 -0.047370988479519982 0.11584639981128102 1.0000000180025095e-35 0.018141394406908571 5.0205801788306017 -0.033034595663979788 0.01348752598752599 0.034488604851963249 -0.014179211555967198 -0.14816180204592672 0.051815467019995808 0.0027140517399369371 0.025363957551588674 0.0065617212080474495 -0.009509305710743236 -0.055453564409163943 0.0047029158941934756 0.019732356006914951 5.2067464199591091 -0.027893254459737508
decision_type=2 2 2 2 2 2 2 2 2 2 2 2 2 2 2 2 2 2 2 2 2 2 2 2 2 2 2 2 2 2
left_child=1 2 4 12 5 11 13 10 15 14 -3 18 -2 19 16 -9 -10 -18 23 -7 -12 -11 29 -1 -20 -26 -4 28 -8 -21
right_child=3 7 26 -5 -6 6 27 8 9 21 20 -13 -14 -15 -16 -17 17 -19 24 22 -22 -23 -24 -25 25 -27 -28 -29 -30 -31
leaf_value=-0.0010862730703852972 0.0062501779109289919 0.0030393659048491999 -0.00056326367742721018 0.011415947044249808 0.000435010100522175 -0.0020199946938983856 -0.0031310733173114179 0.00013165606349637663 0.00053136531818131962 0.00045306115739392758 0.00013757184363780755 -0.0051941211335361009 0.0086943916719535302 -0.0030376077373512091 0.00062334410417991303 -0.0019089724111836404 -0.00087863365661067336 0.00069836808170293814 -0.0025437685513558486 0.00031108186446578693 0.0017363462312266966 0.0024512553843669595 0.00087605376440227825 -0.0032153617590665821 -0.0052132933739234104 -0.0034072141811650782 0.00080215475487244886 -0.0037992938576887052 -0.0016612010342307772 -0.0014115286041858929
leaf_weight=28 37 21 57 101 29 31 65 27 51 58 131 24 29 20 70 88 328 32 60 27 33 20 29 23 22 112 62 57 39 49
leaf_count=28 37 21 57 101 29 31 65 27 51 58 131 24 29 20 70 88 328 32 60 27 33 20 29 23 22 112 62 57 39 49
internal_value=1.05624e-11 -0.00102725 -0.00203176 0.00979883 -0.00245356 -0.00259651 -0.00203028 -0.000168911 -0.000421725 -0.000214325 0.000752151 -0.00326377 0.00732415 -0.00101751 -0.000405635 -0.00142987 -0.000580887 -0.000738456 -0.00307468 -0.000720441 0.000459276 0.000965419 -0.000336763 -0.00204645 -0.00334498 -0.00370373 0.000148131 -0.00301159 -0.00257987 -0.000799549
internal_weight=1760 1593 734 167 615 586 317 859 674 559 185 269 66 156 481 115 411 360 245 136 164 78 105 51 194 134 119 161 104 76
internal_count=1760 1593 734 167 615 586 317 859 674 559 185 269 66 156 481 115 411 360 245 136 164 78 105 51 194 134 119 161 104 76
is_linear=0
shrinkage=0.05


Tree=58
num_leaves=31
num_cat=0
split_feature=1 1 67 0 97 141 51 0 4 5 0 7 207 85 221 242 216 8 301 8 222 139 289 319 0 278 208 283 168 0
split_gain=6.40174 0.533535 0.243637 0.154302 0.102692 0.17387 0.0916743 0.079927 0.113732 0.0737908 0.053338 0.0378263 0.0410291 0.0370482 0.0400319 0.0349097 0.0341111 0.0296266 0.0311651 0.0282016 0.0232803 0.0229153 0.0251528 0.0210552 0.0227362 0.0209034 0.0200831 0.0200653 0.0194434 0.0180482
threshold=7.7570108019200266 4.0342014792848504 0.89587973461402759 10.916273326314245 0.064353238061501269 -0.00057801128796485196 1.0000000180025095e-35 4.5798392285869785 1.2424533248940004 1.7005986908310777 5.9148525341228533 0.31726674409601247 0.013656879789709545 -0.16520086611372836 0.048521372505368608 0.003372721063695093 -0.074498825030085813 0.021202472373103579 0.032401448503804976 0.024213217016087429 -0.0079772355476835817 0.0024190681333219762 0.0086228811323061493 -0.043239257040877124 4.9870196042435371 0.0035420208055325555 0.030433057443585865 -0.0023946037291034034 -0.015963465876960042 5.5073599362801708
decision_type=2 2 2 2 2 2 2 2 2 2 2 2 2 2 2 2 2 2 2 2 2 2 2 2 2 2 2 2 2 2
left_child=1 2 6 -2 9 -6 7 11 16 10 13 15 -13 -3 19 -1 -9 -18 -19 21 -12 -15 -23 -10 -25 29 -22 -4 -21 -11
right_child=3 4 27 -5 5 -7 -8 8 23 25 20 12 -14 14 -16 -17 17 18 -20 28 26 22 -24 24 -26 -27 -28 -29 -30 -31
leaf_value=-0.0031714797091309827 0.0077972372106852985 -0.0020887463598284035 -0.00058380033844754645 0.011009104436506397 -0.00083508714590044243 0.0056789444538298999 0.00041325957803376795 -0.0028946522367186847 -0.0043792200191091982 0.00089803755749016999 0.00060322038788865209 -0.0032718822275913818 -0.0055980610915205703 -0.0017051946327209155 0.00095839534476706637 -0.0013754116088724308 -0.0015786825449057773 -0.00065522367551845186 0.0015827851062307934 0.0011879512908585046 -0.00038933525356189298 -0.0012411791439004827 0.00031950121199423892 -0.0038416733785021692 -0.0023086069481426173 0.00045791277863000605 0.0012306559203092808 0.00072253945783648478 -0.00050356945737103866 0.0030221936802263373
leaf_weight=62 63 49 53 92 21 20 29 20 20 20 123 137 22 94 36 48 55 60 21 23 215 67 42 31 110 55 21 66 65 20
leaf_count=62 63 49 53 92 21 20 29 20 20 20 123 137 22 94 36 48 55 60 21 23 215 67 42 31 110 55 21 66 65 20
internal_value=-1.80041e-11 -0.000937111 -0.00193017 0.00970364 -0.000100251 0.00234249 -0.00233088 -0.00246668 -0.00192877 -0.000220917 -0.000390409 -0.00310058 -0.00359374 -0.000806606 -0.000614481 -0.00238774 -0.000966638 -0.000683106 -7.49992e-05 -0.000809063 4.54953e-05 -0.00113314 -0.000639816 -0.00286101 -0.00264566 0.00109042 -0.000245183 0.000140724 -6.14674e-05 0.00196012
internal_weight=1760 1605 734 155 871 41 615 586 317 830 735 269 159 376 327 110 156 136 81 291 359 203 109 161 141 95 236 119 88 40
internal_count=1760 1605 734 155 871 41 615 586 317 830 735 269 159 376 327 110 156 136 81 291 359 203 109 161 141 95 236 119 88 40
is_linear=0
shrinkage=0.05


Tree=59
num_leaves=31
num_cat=0
split_feature=1 1 67 4 0 91 84 104 1 85 214 214 287 316 202 148 0 125 172 238 246 227 1 247 95 110 0 8 189 320
split_gain=5.78388 0.446537 0.219883 0.217522 0.082965 0.12766 0.0668611 0.0612293 0.0500957 0.0504556 0.0514899 0.0451666 0.0433706 0.0365472 0.0346995 0.0333721 0.032718 0.0298761 0.025873 0.0255379 0.0247291 0.0246548 0.0236438 0.0233311 0.0225689 0.0223778 0.0209168 0.0210638 0.019947 0.0191271
threshold=5.4160608944707613 4.0342014792848504 0.89587973461402759 5.7635916683584645 4.2835627800822236 -0.041630766326145867 -0.044276026671493107 -0.051239619553286792 4.8559213341406453 -0.079240303765639841 0.012135198893145955 0.069411474642936469 -0.047370988479519982 0.014982334060537556 0.0038053835300116859 0.036558518896503696 5.5353618778730294 0.047859226731515291 -0.036800233407472883 0.041300154918167652 -0.037884093992258942 -0.005071634427998014 4.2696729980286863 0.051815467019995808 -0.017914405471311911 -0.048799388831388159 3.5114340430413216 0.36515151515151517 0.021146584805796498 -0.0092101166155307331
decision_type=2 2 2 2 2 2 2 2 2 2 2 2 2 2 2 2 2 2 2 2 2 2 2 2 2 2 2 2 2 2
left_child=1 2 4 14 15 17 12 -7 9 22 16 25 -3 -10 21 26 -11 18 -6 -18 -20 -2 24 28 -8 -9 -1 -28 29 -14
right_child=3 6 -4 -5 5 7 8 11 13 10 -12 -13 23 -15 -16 -17 19 -19 20 -21 -22 -23 -24 -25 -26 -27 27 -29 -30 -31
leaf_value=-0.0039001513413293451 0.0086961139366030695 0.0028271645684504795 0.00013368804247569521 0.010311368565158088 -0.0038665850750274132 0.0012748760052740441 -0.003549843004439026 0.00061196734697494491 -1.8493240349926057e-06 -0.0015211301520547092 0.0020021141547223796 -0.0029091781583812201 -0.0010028621830928768 0.0018543626086532394 0.0048816457344219091 -0.0049611369753256446 0.00010754594555771253 -0.004254124886714495 -0.00063665625718633905 -0.00099770029355318937 -0.0024493019173118789 0.0063610541777542016 -0.0009502945803891885 0.00160201962747978 -0.0013955021866657322 -0.0011273462291212818 -0.0027866182825743669 -0.0010479291254887359 0.0013543706141018238 0.0003694679691820526
leaf_weight=36 20 21 119 101 27 28 20 22 135 58 23 33 43 33 20 20 184 26 22 73 130 26 117 33 31 116 135 20 26 62
leaf_count=36 20 21 119 101 27 28 20 22 135 58 23 33 43 33 20 20 184 26 22 73 130 26 117 33 31 116 135 20 26 62
internal_value=3.06438e-12 -0.000928055 -0.00183366 0.00885264 -0.00221434 -0.00179464 -0.00015423 -0.000892539 -0.000385339 -0.00063372 -0.000281718 -0.00124744 0.000687755 0.000362764 0.00662034 -0.00301792 -0.000448474 -0.00267035 -0.0024403 -0.000206396 -0.00218695 0.0073763 -0.00134192 0.000413806 -0.00224034 -0.000850064 -0.00281444 -0.00256227 0.000114485 -0.000192534
internal_weight=1760 1593 734 167 615 404 859 199 674 506 338 171 185 168 66 211 315 205 179 257 152 46 168 164 51 138 191 155 131 105
internal_count=1760 1593 734 167 615 404 859 199 674 506 338 171 185 168 66 211 315 205 179 257 152 46 168 164 51 138 191 155 131 105
is_linear=0
shrinkage=0.05


Tree=60
num_leaves=31
num_cat=0
split_feature=1 1 5 0 97 141 51 1 221 5 229 83 1 86 10 305 109 122 8 234 9 263 86 1 1 283 158 104 291 283
split_gain=5.22357 0.433836 0.198461 0.126391 0.0877737 0.151654 0.0755359 0.0667601 0.0646063 0.0593992 0.0516121 0.0470691 0.0457162 0.0498786 0.0438845 0.0334614 0.032014 0.0280738 0.0273374 0.0254268 0.0246859 0.0232342 0.0223772 0.022366 0.019906 0.0190936 0.0188919 0.0176085 0.0166449 0.0162937
threshold=7.7570108019200266 4.0342014792848504 1.0000000180025095e-35 10.942224625098026 0.064353238061501269 -0.00057801128796485196 1.0000000180025095e-35 3.4175922930736511 0.064215234047715355 1.7005986908310777 -0.049317909699108174 0.22595524659729446 4.4601277074540464 -0.047020819802960016 0.033615819209039555 0.023394530889917293 -0.020369001503172144 0.017062269610778235 0.004182613168724281 -0.0077381740660238353 0.012165891939345502 0.015345895913999966 -0.11586327336944303 3.8176519431297078 5.1590387842106482 0.021895829959566515 0.0061404274427633325 0.032288514062554223 0.0063632782352608169 0.0081480353217877506
decision_type=2 2 2 2 2 2 2 2 2 2 2 2 2 2 2 2 2 2 2 2 2 2 2 2 2 2 2 2 2 2
left_child=1 2 6 18 9 -6 7 15 10 12 23 27 13 19 -15 16 -1 20 -2 -3 -14 -17 -21 -9 -22 -11 29 -12 -19 -4
right_child=3 4 26 -5 5 -7 -8 8 -10 25 11 -13 17 14 -16 21 -18 28 -20 22 24 -23 -24 -25 -26 -27 -28 -29 -30 -31
leaf_value=-0.0013733683736386918 0.0065032358727573113 -0.0027869730961837752 -0.0010873998037392372 0.010027624820840769 -0.0008011582551435345 0.0052824946981854734 0.00038919666749906955 -0.0027284367119260054 -0.00058989320103898729 0.00049154096334509982 -0.0016705773306206206 0.00041248339086609042 0.00089648827716270097 -0.0010194218521726063 0.00079285104234181984 -0.0031481997719513149 -0.0029050924061634082 9.7448170924541996e-05 0.0087034633755683904 -0.0022581692860131303 -0.00059803626855007956 -0.005240916580493961 -0.0005890156357756432 -0.0046285234125597137 0.00068544104275026574 0.0020164996890040736 0.00090051510245151207 -0.0028446477641248043 0.001237127711811929 0.00044390512230165771
leaf_weight=45 48 34 38 87 21 20 29 59 86 65 110 23 38 77 59 36 141 81 20 31 271 21 57 21 34 30 48 45 53 32
leaf_count=45 48 34 38 87 21 20 29 59 86 65 110 23 38 77 59 36 141 81 20 31 271 21 57 21 34 30 48 45 53 32
internal_value=6.73708e-12 -0.000846497 -0.00174198 0.00876534 -9.18668e-05 0.00216648 -0.00210182 -0.00222488 -0.00177672 -0.000203424 -0.00217233 -0.00169823 -0.000355492 -0.000891672 -0.000233215 -0.00285932 -0.00253451 -6.54826e-05 0.00715036 -0.00162569 -0.000305237 -0.0039192 -0.00117701 -0.00322721 -0.00045496 0.000973107 0.000136513 -0.00201144 0.000548217 -0.000387375
internal_weight=1760 1605 734 155 871 41 616 587 344 830 258 178 735 258 136 243 186 477 68 122 343 57 88 80 305 95 118 155 134 70
internal_count=1760 1605 734 155 871 41 616 587 344 830 258 178 735 258 136 243 186 477 68 122 343 57 88 80 305 95 118 155 134 70
is_linear=0
shrinkage=0.05


Tree=61
num_leaves=31
num_cat=0
split_feature=1 1 67 4 0 91 315 117 84 1 85 214 214 277 306 316 196 8 157 191 0 82 0 260 241 272 321 1 176 269
split_gain=4.72147 0.36288 0.179153 0.1762 0.0689506 0.0978153 0.0558011 0.0601107 0.0555718 0.0428361 0.0427423 0.0414106 0.038965 0.0384581 0.042498 0.0318967 0.0305551 0.0302 0.0295007 0.0280571 0.0272373 0.0279985 0.0261396 0.0258842 0.0235432 0.020834 0.020163 0.0197887 0.0196494 0.0186051
threshold=5.4160608944707613 4.0342014792848504 0.89587973461402759 5.7635916683584645 4.2268071048866842 -0.041630766326145867 0.020979489465990916 0.00043843694665028106 -0.044276026671493107 4.8559213341406453 -0.079240303765639841 0.012135198893145955 0.069411474642936469 0.023048733701949504 -0.0029652894293853674 0.014982334060537556 0.0048784356895134719 0.19538706256627789 -0.00093586991200395899 0.016601537109404655 5.4827179284163234 0.043417469745262234 3.5972184255501678 -0.0035389357639054016 -0.0037782973512042154 0.010864711682500229 0.0044464690314666997 4.2696729980286863 -0.0059823473085176731 0.014279830036696946
decision_type=2 2 2 2 2 2 2 2 2 2 2 2 2 2 2 2 2 2 2 2 2 2 2 2 2 2 2 2 2 2
left_child=1 2 4 16 17 19 12 -8 13 10 27 20 25 -3 -15 -11 18 24 -2 23 -12 -22 -19 -6 -1 -7 -25 28 -10 -21
right_child=3 8 -4 -5 5 6 7 -9 9 15 11 -13 -14 14 -16 -17 -18 22 -20 29 21 -23 -24 26 -26 -27 -28 -29 -30 -31
leaf_value=-0.005126052908599377 0.005588101375346574 0.00014562718159254475 0.00012093729001055119 0.009311263370189336 -0.0027752213520239799 -0.0014991993320754905 -0.00089939342120267231 0.002430412738462822 -0.003055904655630002 -4.6334271448560888e-07 -0.0016812961888373703 0.0017908223074577425 -0.0027887424932339709 0.00062458678098794608 0.0034290285929190843 0.0017336344912605871 0.0043577052239561452 -0.0032545262868025979 0.0081423494219779978 -0.0044652288857226574 -0.00053667314877313356 0.00060363375120425495 -0.0018769884034261998 -0.0021349721792470315 -0.0028938584650556251 -0.00016648286723020469 -0.0005885913711140997 -0.00087483832246970205 -0.0010926667591915108 -0.0024273579141923362
leaf_weight=21 26 128 119 101 77 69 33 23 25 135 37 23 37 35 22 33 20 57 20 24 205 73 87 53 27 51 35 117 26 21
leaf_count=21 26 128 119 101 77 69 33 23 25 135 37 23 37 35 22 33 20 57 20 24 205 73 87 53 27 51 35 117 26 21
internal_value=-7.23224e-12 -0.000838499 -0.00165488 0.00799838 -0.00199849 -0.00164181 -0.000886851 0.000468206 -0.000140917 -0.000351613 -0.000581294 -0.000257313 -0.00137018 0.0006267 0.001707 0.000340163 0.00598927 -0.00278431 0.00669864 -0.00240755 -0.000406859 -0.00023724 -0.00242226 -0.00210573 -0.00387044 -0.000932795 -0.00151993 -0.00123311 -0.00205504 -0.00351422
internal_weight=1760 1593 734 167 615 423 213 56 859 674 506 338 157 185 57 168 66 192 46 210 315 278 144 165 48 120 88 168 51 45
internal_count=1760 1593 734 167 615 423 213 56 859 674 506 338 157 185 57 168 66 192 46 210 315 278 144 165 48 120 88 168 51 45
is_linear=0
shrinkage=0.05


Tree=62
num_leaves=31
num_cat=0
split_feature=1 1 2 1 212 19 1 221 287 212 211 107 301 109 229 82 1 283 207 0 121 147 240 204 258 238 165 294 314 184
split_gain=4.26113 0.328168 0.159964 0.0993877 0.0966414 0.0646527 0.0622893 0.0580102 0.0606113 0.0548334 0.0505411 0.0368374 0.0510794 0.0329554 0.0318797 0.028181 0.0257532 0.0249732 0.024752 0.0219271 0.0216389 0.0215395 0.0211944 0.0204104 0.0200958 0.0195492 0.0191017 0.0186997 0.0183163 0.0179756
threshold=5.4160608944707613 3.6242520361853052 5.3057863027301417 4.2972622671762819 0.13547879679992417 16.708333333333339 4.6298509007569537 0.054529294438948807 -0.045826653973698166 0.38795508726744438 0.019585887396020806 -0.046962257305699993 0.02884126393861831 -0.024935696546401782 -0.062360107014885181 0.087367333742116485 5.0205801788306017 0.0081480353217877506 -0.0025380131044895012 10.987521849191557 -0.037077887253223321 -0.031397175647531313 -0.013570503044413857 0.0021000169540472818 0.038853972989276474 0.035963000594099584 -0.0030525943461614398 0.0064615327818665852 0.039511187214256192 -0.0059608187163004171
decision_type=2 2 2 2 2 2 2 2 2 2 2 2 2 2 2 2 2 2 2 2 2 2 2 2 2 2 2 2 2 2
left_child=1 9 13 4 7 15 -7 8 10 11 -3 23 20 -2 18 16 28 26 -10 -4 29 -9 -23 -1 -22 27 -6 -16 -5 -13
right_child=2 3 19 5 17 6 -8 21 14 -11 -12 12 -14 -15 25 -17 -18 -19 -20 -21 24 22 -24 -25 -26 -27 -28 -29 -30 -31
leaf_value=-0.0040585689156109259 0.0071549400873482235 0.0019545867829583586 0.0076193974743927681 -0.00059255950990121521 0.00077518388813283923 0.00055975852893253269 0.0036451700088080199 0.00090981484261444881 -0.0019194412450103658 -9.9893340534022585e-05 -0.00155745328797604 -0.0023018473842447355 2.7731735789184944e-05 0.0046585533036611598 -0.00096286659168944965 0.00071567512890656623 0.00052678765343061021 0.00097854115786807005 -0.0042148226872086528 0.0091942749336942457 -0.0021516348809779051 -0.0018179580290271934 -0.00019995158806672571 -0.0024532416782511229 -0.00066242659948049837 -0.0025606315286811725 -0.00095854193410907995 -0.0020595295958628413 0.00053604810156684837 -0.0042370236257002472
leaf_weight=36 20 20 31 355 24 74 21 27 23 33 21 28 29 39 99 77 76 66 24 77 176 29 67 44 26 46 47 64 40 21
leaf_count=36 20 20 31 355 24 74 21 27 23 33 21 28 29 39 99 77 76 66 24 77 176 29 67 44 26 46 47 64 40 21
internal_value=-1.87501e-12 -0.000796574 0.00759846 -0.000385883 -0.000874787 3.76312e-05 0.0012418 -0.00125094 -0.00162909 -0.00205059 0.000155737 -0.00222941 -0.00195906 0.00550479 -0.00191494 -0.00017112 -0.000316095 0.00027837 -0.00309155 0.00874223 -0.00218861 -0.000337826 -0.000688724 -0.00317564 -0.00195995 -0.00165035 -0.000372494 -0.00139346 -0.00047827 -0.00313121
internal_weight=1760 1593 167 1200 557 643 95 420 297 393 41 360 280 59 256 548 471 137 47 108 251 123 96 80 202 209 71 163 395 49
internal_count=1760 1593 167 1200 557 643 95 420 297 393 41 360 280 59 256 548 471 137 47 108 251 123 96 80 202 209 71 163 395 49
is_linear=0
shrinkage=0.05


Tree=63
num_leaves=31
num_cat=0
split_feature=1 1 67 0 97 141 51 0 8 5 0 8 203 310 301 85 81 221 218 166 165 296 83 8 193 213 1 123 144 278
split_gain=3.85187 0.320907 0.146414 0.0930438 0.0702236 0.128635 0.0588627 0.0511245 0.0531709 0.0436726 0.0350665 0.0351823 0.0341343 0.0339436 0.0330885 0.0321264 0.0320523 0.0302041 0.0271381 0.0257103 0.0215694 0.0215645 0.0273711 0.0211109 0.0191149 0.0189207 0.019646 0.0200702 0.0181986 0.017314
threshold=7.7570108019200266 4.0342014792848504 0.89587973461402759 10.942224625098026 0.064353238061501269 -0.00057801128796485196 1.0000000180025095e-35 4.9870196042435371 0.019960159362549804 1.7005986908310777 6.1537953943602615 0.0013201612903225809 -0.0040147213129252696 -0.024163482283034065 0.026640536488521761 -0.16520086611372836 -0.49991037261360072 0.073041660048181509 0.031709489356216917 0.015884109926010481 0.011537117033576638 -0.019670477657614951 0.22936595290976083 0.004182613168724281 -0.035066478685307913 -0.0057103389381814341 4.2972622671762819 0.01499450920513353 0.0031382919955415486 0.0035420208055325555
decision_type=2 2 2 2 2 2 2 2 2 2 2 2 2 2 2 2 2 2 2 2 2 2 2 2 2 2 2 2 2 2
left_child=1 2 6 23 9 -6 7 12 24 10 15 -12 13 -1 -10 -3 28 25 19 20 -14 -15 -23 -2 -9 -18 -27 -28 -17 -11
right_child=3 4 -4 -5 5 -7 -8 8 14 29 11 -13 18 21 -16 16 17 -19 -20 -21 -22 22 -24 -25 -26 26 27 -29 -30 -31
leaf_value=0.00018190819564985024 0.0055726608992699772 -0.0015012992907057717 0.00010830747739396239 0.0086100177903627537 -0.00079103756052929732 0.0048119167971890425 0.00039118093334074169 -0.0032702043594326825 -0.00089640500347899364 0.0016226796892442508 8.1968029478267794e-06 0.0019739563645863978 -0.0022305213542574125 -0.0028917405494423803 0.0014988796114699828 0.0016937337823817091 0.00018981601789987292 0.00094317017732571586 -0.0016450900338822975 -0.0042722079549886048 -0.0035292160599872621 -0.0020690256460242115 9.6285024919779975e-05 0.0075061511434614666 -0.0016169790690471653 -0.0014394608042493928 -0.00082383532259355937 0.00012871728417033012 -0.00028102950265747497 0.00025551845800443764
leaf_weight=21 48 70 119 87 21 20 29 20 46 40 145 27 92 43 21 28 63 34 50 31 49 54 20 20 139 80 190 78 20 55
leaf_count=21 48 70 119 87 21 20 29 20 46 40 145 27 92 43 21 28 63 34 50 31 49 54 20 20 139 80 190 78 20 55
internal_value=1.14946e-11 -0.000726905 -0.00149707 0.00752698 -7.78804e-05 0.00194211 -0.0018077 -0.00191652 -0.00132709 -0.000177663 -0.000308056 0.000316775 -0.00228655 -0.00166903 -0.000145644 -0.000498946 -0.000356624 -0.000489032 -0.00267042 -0.00296848 -0.00268184 -0.00200125 -0.00148381 0.00614133 -0.00182493 -0.000607511 -0.000751855 -0.0005466 0.000870916 0.000831165
internal_weight=1760 1605 734 155 871 41 615 586 226 830 735 172 360 138 67 563 493 445 222 172 141 117 74 68 159 411 348 268 48 95
internal_count=1760 1605 734 155 871 41 615 586 226 830 735 172 360 138 67 563 493 445 222 172 141 117 74 68 159 411 348 268 48 95
is_linear=0
shrinkage=0.05


Tree=64
num_leaves=31
num_cat=0
split_feature=1 1 5 4 96 1 19 0 86 263 221 229 83 278 82 305 1 1 107 139 161 309 191 1 212 213 258 158 165 269
split_gain=3.47834 0.268716 0.13216 0.129075 0.0533762 0.052069 0.0422106 0.0497827 0.0517573 0.0373997 0.0373162 0.0405713 0.0378272 0.0368244 0.0275655 0.0263999 0.025506 0.0247155 0.0240266 0.0234613 0.0228356 0.0205658 0.0192579 0.0192308 0.0167246 0.0212439 0.0166097 0.0165984 0.0164275 0.0157764
threshold=5.4160608944707613 4.0342014792848504 1.0000000180025095e-35 5.7635916683584645 0.075991429263859239 3.4175922930736511 12.607692307692309 6.1537953943602615 -0.012927030228802308 0.031623197755992836 0.064215234047715355 -0.049317909699108174 0.22595524659729446 0.0035420208055325555 -0.27592467084813188 0.023394530889917293 4.886575525404063 8.0524555578499353 0.024037798609646822 -0.0041105441958558895 0.00098200595254008651 -0.011083913208708633 -0.020959837670902787 3.8176519431297078 -0.0042471324759972631 0.00064103352515331152 -0.007685601665201003 0.0061404274427633325 0.012087601794591821 0.0055484801297110845
decision_type=2 2 2 2 2 2 2 2 2 2 2 2 2 2 2 2 2 2 2 2 2 2 2 2 2 2 2 2 2 2
left_child=1 2 4 14 5 15 16 8 9 -8 11 23 29 21 17 19 18 -2 24 -1 -17 -10 -15 -7 -3 -26 -24 -4 -28 -13
right_child=3 6 27 -5 -6 10 7 -9 13 -11 -12 12 -14 22 -16 20 -18 -19 -20 -21 -22 -23 26 -25 25 -27 28 -29 -30 -31
leaf_value=-0.0029002792472935849 0.0031248817741288803 -0.0011029106631697202 -0.00038034562158697685 0.0079888188418480426 0.00034117397338074326 -0.0022430470611868522 -0.00025242817904264878 0.0022429051212384367 0.002864718337410263 -0.0025775998736554313 -0.00064452321428830458 -0.0020944749196739093 0.00054225343932478643 -0.0013308327408594778 0.0065906548893756483 -0.0025933597188936 0.00024313592136217442 0.0055047928200413791 0.00053213758616369562 -0.0016776833548316395 -0.0047225693892687564 0.0010107923652797651 -0.00080737785669043665 -0.0040049359418584838 0.00036087997676429134 -0.0007302821672604999 0.0016252482828173426 0.00082684114392274442 -0.00016124439650659704 -0.0010820313119067168
leaf_weight=61 20 154 70 101 30 59 98 31 21 21 103 84 23 20 22 34 124 24 44 110 20 52 20 21 62 159 31 48 22 71
leaf_count=61 20 154 70 101 30 59 98 31 21 21 103 84 23 20 22 34 124 24 44 110 20 52 20 21 62 159 31 48 22 71
internal_value=-4.70198e-13 -0.000719697 -0.00142222 0.00686514 -0.00171586 -0.00182117 -0.000119408 0.000340044 0.000133066 -0.000662753 -0.00144908 -0.00177028 -0.00134993 0.000703563 0.00514556 -0.00241817 -0.000386788 0.00442302 -0.000573209 -0.00211381 -0.00338196 0.00154411 4.37754e-05 -0.00270554 -0.000702903 -0.000424164 0.00042038 0.000110713 0.000883685 -0.00163071
internal_weight=1760 1593 734 167 616 586 859 316 285 119 361 258 178 166 66 225 543 44 419 171 54 73 93 80 375 221 73 118 53 155
internal_count=1760 1593 734 167 616 586 859 316 285 119 361 258 178 166 66 225 543 44 419 171 54 73 93 80 375 221 73 118 53 155
is_linear=0
shrinkage=0.05


Tree=65
num_leaves=31
num_cat=0
split_feature=1 1 5 0 1 321 0 91 104 8 86 1 278 214 148 125 121 269 8 226 172 0 246 110 207 92 277 294 8 295
split_gain=3.14495 0.264019 0.119275 0.0701957 0.0611127 0.0552912 0.0508994 0.0789028 0.0480358 0.0429658 0.0539059 0.0534514 0.0345817 0.0282959 0.0278651 0.0242195 0.0241095 0.0234578 0.0221531 0.0212613 0.0200227 0.0195114 0.0193917 0.0190234 0.0173026 0.0162764 0.0157579 0.0185486 0.0155547 0.0147413
threshold=7.9053753627207444 4.0342014792848504 1.0000000180025095e-35 10.968067845939002 5.2176457913436556 -0.0015169291472918983 4.2835627800822236 -0.041630766326145867 -0.051239619553286792 0.0091428690845637029 -0.011970876671595283 4.2696729980286863 -0.006142876964359072 0.069411474642936469 -0.0068177992367637061 0.047859226731515291 -0.044352137182208366 -0.0078407862291582173 0.0045663052543786498 -0.026377565845696546 -0.036800233407472883 3.5114340430413216 -0.032470288033806645 -0.052040602536605342 -0.054508160276288263 0.032265871462138454 0.070732222615933191 -0.0044493489046865771 0.3615900383141763 0.038008636328598883
decision_type=2 2 2 2 2 2 2 2 2 2 2 2 2 2 2 2 2 2 2 2 2 2 2 2 2 2 2 2 2 2
left_child=1 2 6 18 9 -6 16 15 -9 24 11 25 17 23 -13 20 -1 -12 -2 -14 -8 -18 -22 -10 -3 -11 27 -4 -23 -26
right_child=3 4 26 -5 5 -7 7 8 13 10 12 14 19 -15 -16 -17 21 -19 -20 -21 22 28 -24 -25 29 -27 -28 -29 -30 -31
leaf_value=-0.0035986848143411093 0.0051458440428855372 0.00086130121225406499 0.00072528246083118793 0.0078464319475176868 0.0036554306190919304 0.00032374571542690816 -0.003037227388402378 0.0013278012361427371 0.00079389035052459124 -0.00074587743671145296 0.0032344394659792838 0.0008502865005539207 -0.0010585539927706123 -0.0022215677928849771 -0.00040167749779357109 -0.0034144330612504675 -0.0030712564227271927 0.0011135191286882674 0.0071092772297561176 0.00078424125024159565 -0.00028666402224916969 -0.0020155279510625647 -0.0018091353115323727 -0.00084048157848797911 -0.00044811835826844633 -0.0025163923135820641 0.0011920675380119625 -0.00074555841314702723 -0.00062209175836566537 -0.0012570975168517777
leaf_weight=29 51 22 34 82 20 33 27 28 21 25 22 80 20 33 100 26 37 32 20 72 25 121 128 117 353 27 26 58 24 67
leaf_count=29 51 22 34 82 20 33 27 28 21 25 22 80 20 33 100 26 37 32 20 72 25 121 128 117 353 27 26 58 24 67
internal_value=1.54683e-11 -0.000652166 -0.0013511 0.00684988 -6.45135e-05 0.00158099 -0.00163007 -0.00130201 -0.000591949 -0.000170869 0.000220503 -0.000253165 0.000973182 -0.000906295 0.000154751 -0.00198794 -0.00225975 0.0019776 0.00569892 0.000383634 -0.00178189 -0.0020464 -0.00156037 -0.000591773 -0.000505572 -0.00166518 0.000105178 -0.000201987 -0.00178489 -0.00057717
internal_weight=1760 1607 734 153 873 53 616 405 199 820 378 232 146 171 180 206 211 54 71 92 180 182 153 138 442 52 118 92 145 420
internal_count=1760 1607 734 153 873 53 616 405 199 820 378 232 146 171 180 206 211 54 71 92 180 182 153 138 442 52 118 92 145 420
is_linear=0
shrinkage=0.05


Tree=66
num_leaves=31
num_cat=0
split_feature=1 1 67 97 0 0 210 214 299 336 10 0 288 7 1 148 277 84 89 8 1 301 98 269 0 8 311 0 280 327
split_gain=2.83832 0.238701 0.112724 0.0716974 0.0633516 0.059054 0.0788755 0.0731423 0.0496129 0.0432228 0.0351133 0.04168 0.028359 0.0269882 0.0239415 0.0228411 0.0223353 0.0214308 0.020212 0.0199932 0.0176194 0.0172335 0.0158587 0.0148691 0.0142547 0.0146297 0.0141689 0.0137139 0.0136315 0.0120574
threshold=7.9053753627207444 4.1820210059610323 0.89587973461402759 0.050484012445291562 10.968067845939002 4.2835627800822236 0.000528892131814722 0.22178604406589944 -0.049256171866867447 0.027927259426545805 0.026906370656370662 6.1235881002042971 -0.006093075997712573 0.77783888888888908 4.863673427408628 0.036558518896503696 -0.0034689972135143235 0.067394019656395895 0.0014296563191906395 0.0045663052543786498 3.9019216517693867 0.010968273417635911 -0.023070899721820338 0.0055484801297110845 3.4175922930736511 0.36992481203007527 -0.043158161503606296 5.173316863805991 -0.013713657184156274 -0.0059569212349006419
decision_type=2 2 2 2 2 2 2 2 2 2 2 2 2 2 2 2 2 2 2 2 2 2 2 2 2 2 2 2 2 2
left_child=1 2 5 10 19 15 17 8 -8 13 14 12 28 21 26 24 -4 20 -14 -2 27 29 -19 -24 -1 -26 -3 -7 -12 -10
right_child=4 3 16 -5 -6 6 7 -9 9 -11 11 -13 18 -15 -16 -17 -18 22 -20 -21 -22 -23 23 -25 25 -27 -28 -29 -30 -31
leaf_value=-0.0029993406250563067 0.0048885517991056632 0.00052744078940512352 -0.00068162857290911337 0.0023899593961334998 0.007454109800661482 -0.002233592355649149 0.0019394716434180737 -0.0026835920095133288 -0.0016157160855073017 0.0015426533083276203 0.0019862597662798484 0.0025040158380182798 -0.00086542248803501336 -0.0021129547152668239 0.00021993284690200213 -0.0037544052669545636 0.00058219755736362542 -0.0021393504172192482 0.00034217728870517732 0.0067538134194910539 -0.0033237542901188135 0.00035186680944879417 -0.00148168601436838 -3.4391449631324838e-05 -0.0019790380275874326 -0.00056446275072327505 -0.00064813645113336016 -0.0011762450675988753 0.00054121167523393809 -0.00038215991865469666
leaf_weight=29 51 28 58 31 82 92 25 33 32 24 24 22 63 29 146 20 88 30 77 20 25 46 36 35 141 21 303 46 51 52
leaf_count=29 51 28 58 31 82 92 25 33 32 24 24 22 63 29 146 20 88 30 77 20 25 46 36 35 141 21 303 46 51 52
internal_value=-1.19962e-11 -0.000619558 -0.00118608 3.59307e-05 0.00650738 -0.00144427 -0.00115075 -0.000496735 -0.000149782 -0.000435199 -6.62751e-05 0.000431166 0.000219061 -0.000733742 -0.000313431 -0.00214676 8.01296e-05 -0.00174779 -0.000201243 0.00541398 -0.0021024 -0.000426072 -0.00117549 -0.000768231 -0.00197842 -0.00179567 -0.000548692 -0.00188114 0.00100363 -0.000852086
internal_weight=1760 1607 862 745 153 716 505 241 208 183 714 237 215 159 477 211 146 264 140 71 163 130 101 71 191 162 331 138 75 84
internal_count=1760 1607 862 745 153 716 505 241 208 183 714 237 215 159 477 211 146 264 140 71 163 130 101 71 191 162 331 138 75 84
is_linear=0
shrinkage=0.05


Tree=67
num_leaves=31
num_cat=0
split_feature=1 1 4 1 212 19 117 90 215 299 0 62 101 315 110 288 1 123 19 158 298 283 0 218 118 161 290 165 332 8
split_gain=2.56475 0.198159 0.0941952 0.0645949 0.0612611 0.0505679 0.0468994 0.0380786 0.0380921 0.0377835 0.036235 0.0401104 0.0408187 0.0329475 0.0311092 0.0252468 0.0239008 0.0236008 0.0227204 0.0219864 0.0208333 0.020384 0.0192651 0.0183782 0.0166455 0.0165704 0.0163866 0.0160289 0.0159943 0.0144298
threshold=5.4160608944707613 3.6242520361853052 5.7635916683584645 4.3372693810700085 0.13547879679992417 16.708333333333339 0.011667374772874979 0.052034122075005608 -0.0075544452683281556 -0.016836778841688101 3.9981586158983733 0.89587973461402759 0.022528538220554655 0.013121728060774794 0.04153931296743156 0.0094330949783210574 8.0524555578499353 -0.0018402344952648433 15.958333333333334 0.0066810110438750006 -0.040851175056674648 0.0081480353217877506 5.0271592211193568 0.004542091278998934 0.017720225008372805 -0.007904592125348827 -0.006095457607911115 -0.0012262228652582779 -0.0068029857747331536 0.0091428690845637029
decision_type=2 2 2 2 2 2 2 2 2 2 2 2 2 2 2 2 2 2 2 2 2 2 2 2 2 2 2 2 2 2
left_child=1 10 15 4 7 17 -7 8 18 13 19 12 14 -10 24 16 -2 -5 -3 -1 -19 27 -11 -21 28 -24 -9 -6 -12 -22
right_child=2 3 -4 5 21 6 -8 26 9 22 11 -13 -14 -15 -16 -17 -18 20 -20 23 29 -23 25 -25 -26 -27 -28 -29 -30 -31
leaf_value=-0.0017990487792966083 0.0024817528121639045 -0.0011056325347992781 0.0068549530728176091 -0.000449321770179008 0.00052388963208613857 0.00022062157831316382 0.0026798146286499546 -0.0033835237345192582 -0.000442563727384285 -0.0019271882074518188 -0.00031121431625251721 -0.0022165937435765486 0.0011555431876331568 0.00158183850061677 -0.0027248478118473522 0.0059091340668965134 0.0047808315031803578 0.0012709764817191171 -0.0026268551787749558 -0.0043071915674954648 -0.00025538881867317754 0.00081407371375539258 0.00023324866612840978 -0.0022737009590491652 0.00045604071402478787 -0.0010196654876189072 -0.0015231583713165462 -0.00091488168299274177 -0.0015090840179063413 0.00059220395603101924
leaf_weight=81 20 135 101 263 32 47 33 20 44 33 44 78 22 37 26 20 26 40 30 20 148 71 42 25 21 71 29 49 76 76
leaf_count=81 20 135 101 263 32 47 33 20 44 33 44 78 22 37 26 20 26 40 30 20 148 71 42 25 21 71 29 49 76 76
internal_value=1.12993e-11 -0.000617997 0.00589503 -0.000298862 -0.000670009 6.3724e-05 0.00123504 -0.000968367 -0.000804102 -0.000383885 -0.00159245 -0.00126264 -0.000868947 0.000482163 -0.00113565 0.00442605 0.00378123 -0.000114085 -0.00138222 -0.00229134 0.000219883 0.000195622 -0.000864363 -0.00317747 -0.000842603 -0.000553981 -0.00228249 -0.000346478 -0.00106987 3.21873e-05
internal_weight=1760 1593 167 1200 593 607 80 441 392 227 393 267 189 81 167 66 46 527 165 126 264 152 146 45 141 113 49 81 120 224
internal_count=1760 1593 167 1200 593 607 80 441 392 227 393 267 189 81 167 66 46 527 165 126 264 152 146 45 141 113 49 81 120 224
is_linear=0
shrinkage=0.05


Tree=68
num_leaves=31
num_cat=0
split_feature=1 1 212 61 1 0 96 0 4 203 88 193 207 8 295 245 11 291 87 11 19 123 277 7 294 319 248 265 145 172
split_gain=2.31725 0.194635 0.0929734 0.0610247 0.0964993 0.0521452 0.0505209 0.0540415 0.0472539 0.0272923 0.0259829 0.0234335 0.0235464 0.0222073 0.0218842 0.0218654 0.0239145 0.0214847 0.021381 0.0193664 0.0216176 0.0209145 0.0185902 0.016274 0.0161715 0.0168315 0.0160941 0.0164724 0.015788 0.0206682
threshold=7.9053753627207444 4.1820210059610323 0.30241186882295618 1.4978661367769956 4.6395599436855051 10.987521849191557 0.087434146755950556 4.9870196042435371 0.89587973461402759 -0.0040147213129252696 -0.062684002593380042 0.033266231836874681 0.0074674935336567468 0.0047827065577810369 0.054856316244448096 0.004805823231074373 2.6494680851063834 -0.021630390981626793 -0.053791846755560827 2.404233724807888 8.392045454545455 -0.028061929986548936 0.0018424513478810369 0.77396841693556284 -0.0049554041515742255 -0.026186066704429928 -0.01632173894574632 -0.022526535268186775 0.0078375600058476127 0.0025251889996888983
decision_type=2 2 2 2 2 2 2 2 2 2 2 2 2 2 2 2 2 2 2 2 2 2 2 2 2 2 2 2 2 2
left_child=1 2 6 14 18 13 7 9 10 15 23 12 28 -2 19 16 -1 -14 -5 -3 -21 -22 -4 -9 -10 -26 27 -23 -11 -30
right_child=5 3 22 4 -6 -7 -8 8 24 11 -12 -13 17 -15 -16 -17 -18 -19 -20 20 21 26 -24 -25 25 -27 -28 -29 29 -31
leaf_value=-0.0014417361201984544 0.0044399009252499254 -0.00084124806832589546 -0.00055860762602664656 -0.00086391956749139361 0.0041222351531143347 0.0067968443229600986 0.0011748459655791521 -0.00026329277507543736 -0.00090694665365092858 -0.0016074434301730147 0.0013489410895007577 -0.00066687664560352762 -0.0019539839286484163 0.0063808550499379647 -0.001321298100400525 -0.001876795003094953 0.00037259533664837365 -0.003947989835536906 0.00080404454794521607 -0.00049683410959989658 -0.00036226304338993464 0.0001739704842454076 0.00059177214796947723 -0.0018218998826341705 -0.0030768412540386307 -0.0015213231429884054 0.00018435409551254616 0.0015892982477313266 -0.0037467105935017268 -0.001598820746654556
leaf_weight=42 56 76 62 25 21 77 20 103 81 95 22 24 22 20 39 73 32 35 83 146 106 34 81 20 22 83 163 52 24 21
leaf_count=42 56 76 62 25 21 77 20 103 81 95 22 24 22 20 39 73 32 35 83 146 106 34 81 20 22 83 163 52 24 21
internal_value=-1.16489e-11 -0.000559806 -0.00107137 3.20936e-05 0.00102097 0.00587979 -0.00130295 -0.00137384 -0.000910282 -0.00179079 -0.000233658 -0.00214197 -0.00232168 0.00495068 -0.000174992 -0.00126283 -0.00065716 -0.00317837 0.000417942 -9.75118e-05 1.53105e-05 0.000225939 9.30061e-05 -0.000516725 -0.00143776 -0.00184724 0.000476338 0.00102975 -0.00197288 -0.00274436
internal_weight=1760 1607 862 745 129 153 719 699 331 368 145 221 197 76 616 147 74 57 108 577 501 355 143 123 186 105 249 86 140 45
internal_count=1760 1607 862 745 129 153 719 699 331 368 145 221 197 76 616 147 74 57 108 577 501 355 143 123 186 105 249 86 140 45
is_linear=0
shrinkage=0.05


Tree=69
num_leaves=31
num_cat=0
split_feature=1 1 67 97 0 0 96 221 83 212 107 97 207 0 220 265 10 277 147 286 130 0 104 276 90 0 118 196 174 213
split_gain=2.09132 0.175658 0.0840092 0.0578941 0.0474119 0.045756 0.0625262 0.049702 0.0307655 0.027255 0.0236604 0.0225113 0.0220943 0.0213816 0.0207143 0.0229811 0.0184818 0.0176071 0.015865 0.0154043 0.0153903 0.015112 0.0147746 0.0146441 0.014311 0.0131209 0.0148718 0.0166856 0.0127193 0.0122299
threshold=7.9053753627207444 4.1820210059610323 0.89587973461402759 0.050484012445291562 10.968067845939002 4.2835627800822236 0.071421645762607858 0.070914167304404654 0.22038375562503995 0.086739686795297102 -0.07299689130685251 0.079411815104260278 -0.059922610137814997 5.5353618778730294 -0.0089896524953238972 -0.034944138731372955 0.056873315363881412 -0.0034689972135143235 -0.026484380752777818 0.01303312132463995 0.0040127106378180935 6.6437888854364511 0.0071836348102866637 0.0093938468281312953 0.0098685080096512102 5.173316863805991 0.038512121911764327 -0.013626229937568709 -0.0059245667864029983 0.029109825606440331
decision_type=2 2 2 2 2 2 2 2 2 2 2 2 2 2 2 2 2 2 2 2 2 2 2 2 2 2 2 2 2 2
left_child=1 2 5 9 19 14 7 8 10 12 -7 18 -3 22 29 -16 20 -4 -9 -2 24 -22 -14 -11 -15 -12 27 -27 -20 -1
right_child=4 3 17 -5 -6 6 -8 11 -10 23 25 -13 13 16 15 -17 -18 -19 28 -21 21 -23 -24 -25 -26 26 -28 -29 -30 -31
leaf_value=-0.00066662342869676654 0.0041464167323951818 0.0010103316539850009 -0.00060103847354184845 0.0021458154566766272 0.0064048170225649353 -0.0030173710023518653 0.0017574233718914913 0.0008427067295614459 -6.642187179654444e-05 0.0013108163290391011 -0.0017299209825879704 -0.001705097795828529 -0.0022303890704113822 -0.00017182269815421529 -0.0036770633499448504 -0.0019454096694358958 0.0010526421545866218 0.00052107094151407102 0.00035787269533161197 0.0057390336963263431 -0.00068805300262905051 0.00069191117892676796 -0.00046983234060462566 0.0001367821680293579 0.00074464946236782101 -0.0023757469631231357 6.9585095540484573e-05 -0.00090962310122963777 -0.00097075364035337653 -0.0018239765141333918
leaf_weight=42 49 36 58 31 82 26 20 38 38 49 166 23 22 217 24 95 29 88 31 22 202 22 26 58 53 27 24 69 43 50
leaf_count=42 49 36 58 31 82 26 20 38 38 49 166 23 22 217 24 95 29 88 31 22 202 22 26 58 53 27 24 69 43 50
internal_value=1.52175e-12 -0.000531816 -0.0010178 3.04889e-05 0.0055858 -0.00124069 -0.000982329 -0.00109531 -0.00140966 -6.1353e-05 -0.00157326 -0.000280317 -0.000191053 -0.000266797 -0.00185905 -0.00229465 -0.000174105 7.53014e-05 1.22723e-05 0.0046399 -0.000246121 -0.000552521 -0.00127675 0.000674424 8.07739e-06 -0.00144198 -0.00104366 -0.00132197 -0.000414167 -0.00129562
internal_weight=1760 1607 862 745 153 716 505 485 350 714 312 135 607 571 211 119 523 146 112 71 494 224 48 107 270 286 120 96 74 92
internal_count=1760 1607 862 745 153 716 505 485 350 714 312 135 607 571 211 119 523 146 112 71 494 224 48 107 270 286 120 96 74 92
is_linear=0
shrinkage=0.05


Tree=70
num_leaves=31
num_cat=0
split_feature=1 0 219 2 97 87 89 19 288 214 214 114 109 121 212 161 95 229 238 1 207 254 0 295 8 228 164 1 277 296
split_gain=1.89114 0.149064 0.124157 0.0745772 0.0742871 0.038409 0.0336189 0.0471909 0.0333163 0.0315169 0.0288984 0.0281956 0.0258769 0.0244688 0.0241755 0.0233655 0.0223428 0.0197665 0.0176151 0.0179304 0.0166021 0.0170155 0.0159583 0.0151543 0.01489 0.0147262 0.0146016 0.0138371 0.0134926 0.0133914
threshold=5.3936172156671276 4.3241107269113215 0.082935182659421541 5.3057863027301417 0.21148667865716259 -0.069549049722107584 -0.12333938730926476 24.495856353591162 -0.044253359055865464 -0.00084420263200882782 0.13760786144512441 0.032619193484266409 -0.024935696546401782 -0.044352137182208366 0.066630122944744199 0.0032748226463978816 0.01301281922008562 -0.024761104118716414 0.065290450773414457 4.6491756246494491 -0.064042546219028093 0.040845533724484982 3.5114340430413216 0.041182159145657801 0.36515151515151517 -0.013384197119232865 0.0074969070343729252 4.5798392285869785 0.070732222615933191 -0.0046787058238901766
decision_type=2 2 2 2 2 2 2 2 2 2 2 2 2 2 2 2 2 2 2 2 2 2 2 2 2 2 2 2 2 2
left_child=1 13 4 12 5 11 15 8 16 -9 18 23 -2 -1 -14 26 -8 25 20 -20 -10 28 -15 -3 -24 -4 -7 -23 29 -22
right_child=3 2 17 -5 -6 6 7 9 10 -11 -12 -13 14 22 -16 -17 -18 -19 19 -21 21 27 24 -25 -26 -27 -28 -29 -30 -31
leaf_value=-0.0030639923237686163 0.0051057336851954467 -0.00041121232114612634 -0.0027765347147718647 0.0058182102058910662 0.0026728301083810795 -0.0013255016126839277 0.00039350659313236572 0.00037882176303272983 0.0014502422220539302 0.0031212789968412835 -0.001912619334920733 -0.0025392592043499466 0.0016678830818273129 -0.00246151218983672 0.0040968713749732289 -0.0021949236817558164 0.0024778347217943521 -0.0010617138432280626 -0.0013033382602939297 1.0676753387087955e-05 0.0003311372023641265 -0.0011614494005938605 -0.0014998094006936733 -0.0015131730995907109 -6.7882997176465802e-05 -0.0014558065476075687 0.00042472098183889801 0.00021264773734271461 0.0012521833545179107 -0.00020948585421599943
leaf_weight=30 20 199 39 108 23 22 36 22 20 20 22 20 20 37 21 28 20 118 54 50 210 53 134 37 21 46 26 28 24 252
leaf_count=30 20 199 39 108 23 22 36 22 20 20 22 20 20 37 21 28 20 118 54 50 210 53 134 37 21 46 26 28 24 252
internal_value=3.64211e-13 -0.000534176 -0.000339282 0.00502884 -0.000140603 -0.000197217 -4.15047e-05 5.27269e-05 -3.64086e-05 0.00168475 -0.000128641 -0.000736734 0.00363126 -0.00173602 0.002912 -0.00104705 0.00113791 -0.00148046 -7.1843e-05 -0.0006716 3.44173e-05 -1.55236e-05 -0.00152852 -0.000583977 -0.00130581 -0.00206179 -0.000377464 -0.000686453 9.62979e-05 3.62519e-05
internal_weight=1760 1591 1369 169 1166 1143 887 811 769 42 713 256 61 222 41 76 56 203 691 104 587 567 192 236 155 85 48 81 486 462
internal_count=1760 1591 1369 169 1166 1143 887 811 769 42 713 256 61 222 41 76 56 203 691 104 587 567 192 236 155 85 48 81 486 462
is_linear=0
shrinkage=0.05


Tree=71
num_leaves=31
num_cat=0
split_feature=1 0 219 2 97 87 89 19 288 214 214 114 109 121 212 133 214 229 263 238 1 194 276 0 272 0 197 295 8 5
split_gain=1.70676 0.134531 0.112051 0.0673059 0.0670441 0.0346641 0.0303411 0.0425898 0.0300679 0.028444 0.0260808 0.0254465 0.0233539 0.0220831 0.0218184 0.0217095 0.0211806 0.0178392 0.0160495 0.0158976 0.0161822 0.0160064 0.0161669 0.0188476 0.0163819 0.0144024 0.0141204 0.0136767 0.0135481 0.0128157
threshold=5.3936172156671276 4.3241107269113215 0.082935182659421541 5.3057863027301417 0.21148667865716259 -0.069549049722107584 -0.12333938730926476 24.495856353591162 -0.044253359055865464 -0.00084420263200882782 0.13760786144512441 0.032619193484266409 -0.024935696546401782 -0.044352137182208366 0.066630122944744199 0.035977042233479757 1.0000000180025095e-35 -0.024761104118716414 0.012462114840403297 0.065290450773414457 4.6491756246494491 -0.0086190184527511829 -0.015962855925309726 5.5740515676620417 -0.013352311643362076 3.5114340430413216 -0.0071650380518380923 0.041182159145657801 0.31009615384615391 2.8888261616113287
decision_type=2 2 2 2 2 2 2 2 2 2 2 2 2 2 2 2 2 2 2 2 2 2 2 2 2 2 2 2 2 2
left_child=1 13 4 12 5 11 15 8 16 -9 19 27 -2 -1 -14 18 -8 26 -7 21 -21 22 24 -24 -10 -15 -4 -3 -27 -5
right_child=3 2 17 29 -6 6 7 9 10 -11 -12 -13 14 25 -16 -17 -18 -19 -20 20 -22 -23 23 -25 -26 28 -28 -29 -30 -31
leaf_value=-0.0029107926696694147 0.0048504470009356742 -0.00039065170441707366 -0.0027676616636612876 0.0059703027256406277 0.0025391885941644433 0.00014123274854177404 0.00023889125313871775 0.00035988065514671198 0.0021141061868073176 0.0029652151184563994 -0.0018169883540725676 -0.0024122962128603834 0.0015844889194704594 -0.0023384365895007912 0.0038920278527906967 -0.0024087591614807024 0.0022038443489388253 -0.0010086281525680965 -0.0016253271385789959 -0.0012381713484905454 1.0142913000890987e-05 -0.00015428932109682944 -0.00045981673174537723 0.00073633751555462373 0.00046090646078376924 -0.0015069212669976311 -0.0014453177316821756 -0.0014375144605543715 -0.00042026880391380191 0.0048576436546999358
leaf_weight=30 20 199 33 65 23 36 32 22 23 20 22 20 20 37 21 20 24 118 20 54 50 388 73 60 43 117 52 37 38 43
leaf_count=30 20 199 33 65 23 36 32 22 23 20 22 20 20 37 21 20 24 118 20 54 50 388 73 60 43 117 52 37 38 43
internal_value=-7.11915e-12 -0.000507467 -0.000322318 0.00477739 -0.000133573 -0.000187356 -3.94295e-05 5.00905e-05 -3.45881e-05 0.00160052 -0.000122209 -0.000699897 0.00344969 -0.00164922 0.0027664 -0.000994702 0.00108101 -0.00140644 -0.000489681 -6.82508e-05 -0.00063802 3.26964e-05 0.000397272 7.98017e-05 0.00103702 -0.00145209 -0.0019587 -0.000554778 -0.00124052 0.0055273
internal_weight=1760 1591 1369 169 1166 1143 887 811 769 42 713 256 61 222 41 76 56 203 56 691 104 587 199 133 66 192 85 236 155 108
internal_count=1760 1591 1369 169 1166 1143 887 811 769 42 713 256 61 222 41 76 56 203 56 691 104 587 199 133 66 192 85 236 155 108
is_linear=0
shrinkage=0.05


Tree=72
num_leaves=31
num_cat=0
split_feature=1 0 219 4 82 121 0 277 220 314 8 202 328 7 11 238 213 7 267 239 139 229 198 290 0 96 84 193 219 116
split_gain=1.54035 0.122027 0.0754171 0.0618087 0.040317 0.0364784 0.0350982 0.0329664 0.0330607 0.0292983 0.0256262 0.0245875 0.0227391 0.0227184 0.031129 0.0203972 0.0195468 0.0212082 0.0187774 0.0186836 0.0182039 0.0180117 0.0178624 0.0175664 0.0171778 0.0160055 0.015818 0.0183758 0.015167 0.0149502
threshold=5.3936172156671276 4.6867395546766826 0.082935182659421541 5.4843749307613434 0.1202643903767366 -0.03761106935605997 6.0980717572261449 -0.035834211650194271 0.038100133868781257 -0.036673252336520128 0.01328918322295806 0.0047010526827577651 0.0071163032205540213 0.77396841693556284 3.6022667647832676 0.011067850407132684 -0.042490541406766495 0.36184668989547047 -0.03497262370535266 -0.0066955969865302636 0.0040817894907529467 -0.026122171371985119 -0.0012624223208799654 -0.017782392424302167 5.0530509062989237 0.057657506300536059 0.081117403417867953 -0.011610461730487204 0.0097121024276883589 -0.013203374011230605
decision_type=2 2 2 2 2 2 2 2 2 2 2 2 2 2 2 2 2 2 2 2 2 2 2 2 2 2 2 2 2 2
left_child=1 5 4 11 6 12 13 24 23 -7 -8 22 -1 14 15 18 -11 20 -3 -19 28 -4 -2 -9 -6 -17 27 -20 -18 -15
right_child=3 2 21 -5 7 9 10 8 -10 16 -12 -13 -14 29 -16 25 17 19 26 -21 -22 -23 -24 -25 -26 -27 -28 -29 -30 -31
leaf_value=-0.0033503371203551071 0.0050910650007426747 -0.0012682654334836313 -0.0018046628672793207 0.0052944720722734933 -0.0012402813300345648 0.00048453260355422068 0.00010970477441752409 -0.00019840459542331808 0.0023692047436876845 -0.0001816121197456645 0.0020036176440771671 0.0018703245487995447 -0.0013596226729882452 -0.0005513060839991246 0.00078144733318213358 -0.00072658400613521198 -0.0025188979541417213 -0.0029113936259818731 0.0015758193059949778 -0.0014984018416893295 6.9362199362579062e-05 -0.00077998473435560731 0.0030863115321844818 0.00083798190360304884 0.00019336364603077529 -0.002158401686888696 -0.00038821679659880226 1.6108000708945969e-05 -0.00089429020927305901 -0.0021073925330049614
leaf_weight=32 20 37 74 104 37 27 167 61 27 37 20 20 26 29 53 173 20 32 26 87 33 102 25 124 48 22 144 69 51 33
leaf_count=32 20 37 74 104 37 27 167 61 27 37 20 20 26 29 53 173 20 32 26 87 33 102 25 124 48 22 144 69 51 33
internal_value=-3.78448e-12 -0.000482093 -0.000251677 0.00453852 -9.39118e-05 -0.00131427 -0.000284156 0.000401235 0.000734791 -0.00108314 0.000312262 0.00332901 -0.00245795 -0.00047448 -0.000367392 -0.000496667 -0.00124593 -0.00142253 -0.000220095 -0.00187837 -0.00090094 -0.00121082 0.00397731 0.000496254 -0.000430694 -0.000888122 -5.78262e-05 0.000442976 -0.00135193 -0.00137955
internal_weight=1760 1591 1246 169 1070 345 773 297 212 287 187 65 58 586 524 471 260 223 276 119 104 176 45 185 85 195 239 95 71 62
internal_count=1760 1591 1246 169 1070 345 773 297 212 287 187 65 58 586 524 471 260 223 276 119 104 176 45 185 85 195 239 95 71 62
is_linear=0
shrinkage=0.05


Tree=73
num_leaves=31
num_cat=0
split_feature=1 1 212 97 303 0 201 125 145 81 0 229 8 121 8 311 307 290 315 205 221 10 144 164 200 97 275 123 135 215
split_gain=1.39106 0.127466 0.065094 0.0630772 0.033859 0.0318062 0.0286384 0.0294824 0.0294625 0.0236988 0.0230314 0.0210933 0.0198738 0.019659 0.0194116 0.018965 0.0184377 0.0179341 0.0187978 0.0176919 0.0167171 0.0165669 0.0155453 0.0153212 0.0150034 0.0147119 0.0130871 0.0125637 0.0123411 0.0114263
threshold=7.9601379881799934 4.2555875595453383 0.31926603061632375 0.050484012445291562 0.055717953508154665 10.987521849191557 -0.027695305704203827 -0.079351140457317351 -0.0091340348068146473 -0.50853409005428885 5.0271592211193568 0.013308071081080047 0.36992481203007527 -0.044352137182208366 0.017162122359673487 -0.043158161503606296 -0.055211460794945356 0.00046832370587354834 -0.034580698387620713 -0.029378036700298042 0.025702665875712728 0.0080322580645161307 -0.0044618295402826013 0.049785178105911897 0.0026288604859927593 -0.066084809619777099 0.063679703571030741 -0.0018402344952648433 0.0010586423076730958 0.0014605900741304684
decision_type=2 2 2 2 2 2 2 2 2 2 2 2 2 2 2 2 2 2 2 2 2 2 2 2 2 2 2 2 2 2
left_child=1 2 4 9 6 21 8 -8 -1 14 11 13 -13 -9 -3 29 -12 18 -4 -18 -21 -2 24 26 -15 -24 27 -17 -10 -11
right_child=5 3 17 -5 -6 -7 7 10 28 15 16 12 -14 22 -16 23 19 -19 -20 20 -22 -23 25 -25 -26 -27 -28 -29 -30 -31
leaf_value=0.0011726500820189428 0.0033930383570906194 0.00020846793520052287 0.0009093413039227016 0.0024484513161479736 0.00064002664682144929 0.0052999522778894997 0.00042331385166444646 -0.0029899210011975694 -0.0013871105346016778 0.0017206052196256463 -0.0023666409408906477 -0.0012925642540093042 0.00038977677080159387 -0.0032510148137807845 0.001784611347829923 -0.00043397597022226919 -0.0019922785996675011 0.00068705990891651937 -0.00087640986327772088 -0.0010311303310842604 -0.00014000641852984891 0.0050776273570954803 -0.00022773739813904592 0.0011148440206722756 -0.001579564649627769 -0.0015887357913251161 -0.001077668015172498 8.0067638243591608e-05 -2.513190553019803e-05 5.0706616311799737e-05
leaf_weight=26 54 56 20 27 30 77 27 31 39 21 20 107 21 25 30 246 27 74 56 118 95 20 24 21 29 115 45 230 29 20
leaf_count=26 54 56 20 27 30 77 27 31 39 21 20 107 21 25 30 246 27 74 56 118 95 20 24 21 29 115 45 230 29 20
internal_value=-4.66784e-12 -0.000430623 -0.000819184 7.90829e-05 -0.00100638 0.00458856 -0.00107376 -0.00119363 -0.000258907 -1.65418e-05 -0.00126496 -0.00152858 -0.00101656 -0.00182116 0.000758285 -0.000130839 -0.00090807 0.000133002 -0.000406475 -0.000786523 -0.000633681 0.00384833 -0.00163344 -0.000209273 -0.00235338 -0.00135374 -0.000262644 -0.000185594 -0.000806267 0.000906021
internal_weight=1760 1609 913 696 763 151 733 639 94 669 612 352 128 224 86 583 260 150 76 240 213 74 193 542 54 139 521 476 68 41
internal_count=1760 1609 913 696 763 151 733 639 94 669 612 352 128 224 86 583 260 150 76 240 213 74 193 542 54 139 521 476 68 41
is_linear=0
shrinkage=0.05


Tree=74
num_leaves=31
num_cat=0
split_feature=1 0 219 97 0 93 87 89 19 288 214 214 114 161 0 214 121 1 194 298 254 315 185 164 308 0 213 103 267 8
split_gain=1.25904 0.102019 0.0851189 0.0566805 0.0504898 0.0358954 0.0277931 0.0250587 0.0368241 0.0255686 0.024385 0.0207117 0.0206792 0.0193187 0.0188353 0.0186473 0.0169133 0.0154257 0.01335 0.0167019 0.0143747 0.0128784 0.0128076 0.012461 0.0119142 0.0118675 0.01157 0.0152115 0.0108306 0.0108157
threshold=5.3936172156671276 4.3241107269113215 0.082935182659421541 0.21148667865716259 10.942224625098026 -0.029102238784171338 -0.069549049722107584 -0.12333938730926476 24.495856353591162 -0.044253359055865464 -0.00084420263200882782 0.13760786144512441 0.032619193484266409 0.0032748226463978816 9.5405776836567195 1.0000000180025095e-35 -0.044352137182208366 3.3842466058243152 -0.0053712572168787614 -0.06922010040694615 0.042466043503329859 0.020979489465990916 0.045269063993547208 0.0074969070343729252 0.045708782692500054 3.5114340430413216 -0.0024527704766364841 0.026702590436664921 0.010007161672866749 0.30429292929292934
decision_type=2 2 2 2 2 2 2 2 2 2 2 2 2 2 2 2 2 2 2 2 2 2 2 2 2 2 2 2 2 2
left_child=1 16 3 6 5 -2 12 13 9 15 -10 18 24 23 -7 -9 -1 -4 19 -11 -21 -19 -20 -8 26 -18 27 -3 -22 -27
right_child=4 2 17 -5 -6 14 7 8 10 11 -12 -13 -14 -15 -16 -17 25 21 22 20 28 -23 -24 -25 -26 29 -28 -29 -30 -31
leaf_value=-0.0025341905079161128 0.0050549292052164676 0.001059760052177288 -0.0021912514985374669 0.0023473991875779697 0.0049422550807310933 0.0013559807365527378 -0.0011621967022868128 0.00021409680942099387 0.00034719580249987884 0.0015965891443192959 0.0027594885148573669 -0.0016155884865756065 -0.0021621925271756485 -0.001938998688274296 0.0032202655649078748 0.0020578006620780797 -0.0020621757340818845 -0.00073707223740619439 -0.00016305983908141352 0.00027841482212049109 -0.001241491305371446 -0.0016879345624628889 -0.0012369047970666241 0.00045464958759391895 -0.0016244147294422703 -0.0013201824431250953 -0.0005733045057758193 -0.00074567941133864236 0.00022914892871908491 -0.00038045953344754664
leaf_weight=30 20 28 34 23 87 20 22 32 22 20 20 22 20 28 42 24 37 118 373 216 31 51 30 26 21 113 167 20 21 42
leaf_count=30 20 28 34 23 87 20 22 32 22 20 20 22 20 28 42 24 37 118 373 216 31 51 30 26 21 113 167 20 21 42
internal_value=-1.99608e-12 -0.000435855 -0.000274623 -0.000110118 0.00410323 0.00321304 -0.000159569 -2.71129e-05 5.4242e-05 -2.44965e-05 0.00149591 -0.000105296 -0.000618511 -0.000895255 0.00261888 0.00100426 -0.00143012 -0.00121952 -5.72116e-05 0.000202761 9.87444e-05 -0.00102402 -0.000242999 -0.000286405 -0.00048769 -0.00125761 -0.000376661 0.000307494 -0.000647579 -0.00106555
internal_weight=1760 1591 1369 1166 169 82 1143 887 811 769 42 713 256 76 62 56 222 203 691 288 268 169 403 48 236 192 215 48 52 155
internal_count=1760 1591 1369 1166 169 82 1143 887 811 769 42 713 256 76 62 56 222 203 691 288 268 169 403 48 236 192 215 48 52 155
is_linear=0
shrinkage=0.05


Tree=75
num_leaves=31
num_cat=0
split_feature=1 1 212 0 288 109 96 221 211 1 82 275 303 294 251 198 11 1 81 290 315 114 103 249 256 136 319 312 156 273
split_gain=1.13629 0.0932878 0.0523489 0.0455671 0.0347895 0.0309632 0.0328044 0.0326231 0.0305818 0.0214595 0.0191791 0.0190408 0.0185542 0.0179565 0.0180423 0.0174691 0.0164773 0.0175021 0.0166416 0.0156263 0.0161944 0.0155741 0.0171239 0.0149646 0.0145392 0.0144819 0.0126907 0.0125903 0.0125268 0.0123981
threshold=5.3936172156671276 4.2268071048866842 0.31926603061632375 10.942224625098026 0.013751437018196958 0.093837300994678116 0.087434146755950556 0.070914167304404654 -0.10543926925172549 8.0483089226670437 0.087367333742116485 0.040474063602501768 0.055717953508154665 -0.0049554041515742255 -0.073496517229468025 -0.0047174838408015896 2.404233724807888 4.6491756246494491 -0.36466084572040031 0.00046832370587354834 -0.034580698387620713 0.028514294950318816 0.010794298920187054 -0.024966028607349682 -0.0013915898583587735 0.023913410878644122 0.0065033243570650238 0.0046928630296334079 0.0080942456898943516 0.0052669430014714285
decision_type=2 2 2 2 2 2 2 2 2 2 2 2 2 2 2 2 2 2 2 2 2 2 2 2 2 2 2 2 2 2
left_child=1 2 5 4 9 6 7 12 -3 -2 16 26 13 14 -1 -16 27 -18 -19 20 -4 -15 -23 -17 28 -25 -12 -10 -9 -26
right_child=3 8 19 -5 -6 -7 -8 24 10 -11 11 -13 -14 21 15 23 17 18 -20 -21 -22 22 -24 25 29 -27 -28 -29 -30 -31
leaf_value=-0.0022171357111074033 0.0012131513953632252 0.0016703961874116905 0.00082472173875430604 0.0046951424009327239 0.0048656819714233282 -0.0022074002735197693 0.0011557922861538828 -0.00027949729604491343 -0.00021942010516795563 0.0031573229003697637 0.0012606747945087152 -0.00045613897412739217 0.00034062843346460302 -0.0012144268049761181 -0.0012019622542720756 0.00084400610858574522 -0.00045341178059688761 6.2297957150232706e-05 0.0015306148740429697 0.00063756615539508254 -0.00083672639749817227 -0.0013781732399806832 -0.0031130099896108732 -0.00015373185384623145 -0.0015828199799957307 -0.0016196122276596727 0.00019586804642755191 -0.0016012229547948877 0.00107162789795909 -0.00026220285992447034
leaf_weight=20 22 27 20 87 20 44 20 42 32 40 62 43 22 244 80 25 187 238 21 72 55 33 25 63 27 23 51 34 29 52
leaf_count=20 22 27 20 87 20 44 20 42 32 40 62 43 22 244 80 25 187 238 21 72 55 33 25 63 27 23 51 34 29 52
internal_value=3.39999e-12 -0.000414062 -0.000751261 0.00389807 0.00305239 -0.000920573 -0.00084026 -0.000898539 2.0657e-05 0.00246746 -4.60241e-05 0.000439341 -0.00108125 -0.00114222 -0.000788321 -0.000638707 -0.000193909 -8.47941e-05 0.000181351 0.000111423 -0.000393674 -0.00138949 -0.00212595 -0.000232757 -0.000246882 -0.00054577 0.000780098 -0.000931258 0.000272371 -0.000713553
internal_weight=1760 1591 896 169 82 749 705 685 695 62 668 156 535 513 211 191 512 446 259 147 75 302 58 111 150 86 113 66 71 79
internal_count=1760 1591 896 169 82 749 705 685 695 62 668 156 535 513 211 191 512 446 259 147 75 302 58 111 150 86 113 66 71 79
is_linear=0
shrinkage=0.05


Tree=76
num_leaves=31
num_cat=0
split_feature=1 0 219 97 0 93 87 312 81 211 114 94 7 121 170 174 288 1 128 201 19 275 252 330 210 106 315 295 237 19
split_gain=1.0255 0.0842489 0.0706122 0.0487937 0.0411243 0.0316387 0.0235128 0.0229363 0.029741 0.026705 0.0178829 0.0164023 0.0163436 0.0156043 0.0148986 0.0178539 0.0146012 0.013328 0.0130362 0.0155459 0.0118462 0.0125633 0.0120284 0.0126129 0.0118256 0.0111261 0.0111056 0.0108528 0.0106713 0.0119835
threshold=5.3936172156671276 4.3241107269113215 0.082935182659421541 0.21148667865716259 10.942224625098026 -0.029102238784171338 -0.069549049722107584 -0.0042490035460090629 -0.50645241268469188 -0.0078956704290036473 0.032619193484266409 -0.0047880503294668499 0.78819637679749388 -0.044352137182208366 -0.034503934452609471 0.014412968075560187 -0.043071663310036333 3.3842466058243152 -0.010999222666135676 -0.013665361554085721 12.316666666666668 -0.042757550734095852 -0.013372829625880021 0.0028948843099761081 0.0053767435030675432 0.015198975196856854 0.020979489465990916 0.041182159145657801 -0.0061321127105150143 9.7573529411764728
decision_type=2 2 2 2 2 2 2 2 2 2 2 2 2 2 2 2 2 2 2 2 2 2 2 2 2 2 2 2 2 2
left_child=1 13 3 6 5 -2 10 8 9 -8 27 -7 14 -1 15 -9 25 -4 19 -18 21 -10 -23 -24 -22 -16 -19 28 -3 -30
right_child=4 2 17 -5 -6 11 7 12 20 -11 -12 -13 -14 -15 16 -17 18 26 -20 -21 24 22 23 -25 -26 -27 -28 -29 29 -31
leaf_value=-0.0023573763722864291 0.0046290016174316403 -0.00070837556248245007 -0.002010708975435324 0.0021831333579029888 0.004460385175229147 0.0030104440058002606 0.0028509585949359467 0.0011803325967048297 0.00077755076965938018 0.00035279204679207634 -0.0020005378720816223 0.0013525852608727291 -0.0013696828610651817 -0.0011311876912884599 0.0012836179859004916 -0.00064931530865578683 -0.001947887752232972 -0.00065927103905161894 -0.00015218070383761425 -0.00052286605314333303 0.00070226133058050831 -0.00093175817833980558 0.00053250013896853057 -0.00062288948644312445 -0.00032875257431343825 -0.00029858496971428398 -0.0015422677797009695 -0.0012296993417957975 -0.00041635007820559625 0.0006350910308878582
leaf_weight=30 20 88 34 23 87 37 20 40 30 23 20 25 30 192 25 20 23 118 243 114 112 55 51 44 37 20 51 37 64 47
leaf_count=30 20 88 34 23 87 37 20 40 30 23 20 25 30 192 25 20 23 118 243 114 112 55 51 44 37 20 51 37 64 47
internal_value=-2.02975e-12 -0.000393359 -0.000246841 -9.70082e-05 0.00370316 0.00289977 -0.00014289 -2.10595e-05 0.000278099 0.00151473 -0.000565015 0.00234195 -0.000237151 -0.00129689 -0.000167098 0.00057045 -0.000271222 -0.00110746 -0.000372074 -0.000762103 0.000116473 -0.000156499 -0.000343309 -2.62769e-06 0.000446238 0.000580417 -0.000925738 -0.00044336 -0.000297157 2.88547e-05
internal_weight=1760 1591 1369 1166 169 82 1143 887 372 43 256 62 515 222 485 60 425 203 380 137 329 180 150 95 149 45 169 236 199 111
internal_count=1760 1591 1369 1166 169 82 1143 887 372 43 256 62 515 222 485 60 425 203 380 137 329 180 150 95 149 45 169 236 199 111
is_linear=0
shrinkage=0.05


Tree=77
num_leaves=31
num_cat=0
split_feature=1 1 67 193 107 301 8 19 1 336 0 11 117 9 231 290 180 148 128 216 194 165 315 104 206 218 124 190 1 118
split_gain=0.925512 0.0784127 0.0455847 0.0381009 0.0297453 0.0354042 0.0429057 0.0269231 0.029442 0.026195 0.0348674 0.0173605 0.0206359 0.0179417 0.0166526 0.0160896 0.0154021 0.0141661 0.0166381 0.0139155 0.0137462 0.0128635 0.0123911 0.0116958 0.0114336 0.0112051 0.0115092 0.0107065 0.0106392 0.00968963
threshold=5.3936172156671276 4.3372693810700085 0.89587973461402759 0.011350792832544459 -0.045422886661242737 0.02884126393861831 0.028763288887663229 18.366666666666671 4.6001450180613412 0.0097884394019182811 10.987521849191557 2.5393703499586668 -0.012935965856582052 0.021655324909747295 0.005999319099674329 0.00065428324601937574 -0.018613672767571351 -0.022142901170770706 -0.01168460287614673 0.1037796073257891 -0.0055682909936719529 -0.033768870594158777 -0.034580698387620713 0.017155577802576798 -0.029631878846952221 -0.00023722613313707392 1.0000000180025095e-35 0.051718380409215864 5.0466405620843924 -0.027144227178549592
decision_type=2 2 2 2 2 2 2 2 2 2 2 2 2 2 2 2 2 2 2 2 2 2 2 2 2 2 2 2 2 2
left_child=1 2 4 9 16 11 -7 17 -9 10 -2 12 20 23 21 22 -1 18 -3 29 -6 -13 -4 -14 -23 -26 -27 28 -19 -16
right_child=3 7 15 -5 5 6 -8 8 -10 -11 -12 14 13 -15 19 -17 -18 27 -20 -21 -22 24 -24 -25 25 26 -28 -29 -30 -31
leaf_value=-0.0027424317121040077 0.0026215872874826795 -0.0003151707493177638 0.00063611056844127328 0.001577379477252676 -0.0028915023580193522 -0.0005626823988054701 0.0015090589261442227 0.00031630243041597187 0.002568205179635524 0.0051844285002776557 0.0043333811406046155 -0.0018945041287224741 0.00058284170821328496 -0.0016600078080572485 -0.00073566707639744692 0.00050772985428011459 -0.0012504242224053996 -0.00033742213712382747 0.00097108133128271084 -0.0012057798670741312 -0.0013738027964938886 -0.0019088354034465739 -0.00075337819700293683 -0.0008587860570782248 -0.00093059016911429355 0.00044149977122862386 -0.00089445839569504779 0.00081192522999257426 0.00040499113230388117 0.00029864577457677419
leaf_weight=20 59 41 21 22 25 73 38 47 21 28 60 29 24 38 31 96 128 349 65 29 37 20 68 34 125 38 28 26 56 84
leaf_count=20 59 41 21 22 25 73 38 47 21 28 60 29 24 38 31 96 128 349 65 29 37 20 68 34 125 38 28 26 56 84
internal_value=-5.71581e-12 -0.000373691 -0.00064865 0.00351801 -0.000812034 -0.000666978 0.000146562 7.44232e-05 0.00101174 0.00380844 0.00348468 -0.000833589 -0.00127474 -0.000815529 -0.000652073 5.87604e-05 -0.00145205 -4.42691e-05 0.000473569 -0.000226993 -0.00198578 -0.000907121 -0.000425521 -0.00026225 -0.000771414 -0.000652312 -0.00012527 -0.000171626 -0.000234767 1.9831e-05
internal_weight=1760 1591 986 169 801 653 111 605 68 147 119 542 158 96 384 185 148 537 106 144 62 240 89 58 211 191 66 431 405 115
internal_count=1760 1591 986 169 801 653 111 605 68 147 119 542 158 96 384 185 148 537 106 144 62 240 89 58 211 191 66 431 405 115
is_linear=0
shrinkage=0.05


Tree=78
num_leaves=31
num_cat=0
split_feature=1 1 10 67 303 141 0 10 229 8 193 145 0 172 130 61 277 298 0 107 196 181 279 294 117 10 142 88 90 122
split_gain=0.837127 0.0810959 0.055912 0.0411402 0.0279964 0.0243467 0.0223143 0.0201804 0.0195636 0.0215924 0.0196576 0.0205354 0.0187886 0.0183609 0.0180203 0.0204943 0.0191744 0.0157229 0.0151279 0.0149516 0.0148741 0.0148966 0.014855 0.0147999 0.0142645 0.0130083 0.0120703 0.0167304 0.0144943 0.00996185
threshold=7.9601379881799934 4.3372693810700085 0.12429775280898878 0.89587973461402759 0.055717953508154665 0.10121221227309303 5.07203900872703 0.078689370485036131 0.013308071081080047 0.38047619047619052 0.031760604310559548 0.0078375600058476127 10.987521849191557 -0.0074549021878690695 0.0040127106378180935 0.89587973461402759 -0.0062389020277456922 -0.039911848300785931 4.7578820629520608 -0.0036241013171631671 -0.043661597879960393 -0.0063380005416174877 -0.025039034149407727 0.018021917686404706 -0.01795869432905663 0.0080322580645161307 -0.0011322788705884739 -0.060677327922843742 -0.0034135651588743069 0.038824270710885407
decision_type=2 2 2 2 2 2 2 2 2 2 2 2 2 2 2 2 2 2 2 2 2 2 2 2 2 2 2 2 2 2
left_child=1 3 14 4 5 6 8 20 10 18 11 22 25 -13 15 17 -17 19 -10 -3 -8 -22 -1 -5 -9 -2 27 28 -23 -16
right_child=12 2 -4 23 -6 -7 7 24 9 -11 -12 13 -14 -15 29 16 -18 -19 -20 -21 21 26 -24 -25 -26 -27 -28 -29 -30 -31
leaf_value=-0.0023986060678472987 0.0025872098152629206 0.00016782443458214405 0.0027134016994386913 0.00040473240002503863 0.00063255357847939362 0.00088795127288904046 -0.002051432312111415 0.00098119890354874165 -0.001157734269833203 0.00073425195169756602 -0.0002096648665986234 -0.0031406430392962648 0.0041063441120862193 -0.0015425143844700739 -0.00039642476454746232 0.00023954515719586719 0.0023762113126438288 -3.5131123232791931e-05 0.00033719208993716171 0.0020019737145048565 -0.00017916852275116452 -0.0030578686576336624 -0.0010216454061313044 -0.0005173870035131196 -0.0004640771984237577 0.0040799497580155733 -0.00042974317674937388 -0.00072795676809322204 -0.0011543021498073359 0.00045715160857071172
leaf_weight=23 54 25 20 115 34 20 21 31 110 23 31 32 77 41 235 21 21 241 20 20 96 20 132 70 38 20 60 49 20 40
leaf_count=23 54 25 20 115 34 20 21 31 110 23 31 32 77 41 235 21 21 241 20 20 96 20 132 70 38 20 60 49 20 40
internal_value=-1.71851e-12 -0.000334056 0.00011251 -0.000616218 -0.000771433 -0.000833669 -0.000879764 -0.000576704 -0.00112618 -0.000677903 -0.001391 -0.00155162 0.00355958 -0.00224306 2.62448e-05 0.000276522 0.00130788 0.000125065 -0.000927746 0.000983002 -0.000774354 -0.00066489 -0.00122597 5.58224e-05 0.00018525 0.00299065 -0.000977838 -0.00134734 -0.00210609 -0.000272268
internal_weight=1760 1609 623 986 801 767 747 335 412 153 259 228 151 73 603 328 42 286 130 45 266 245 155 185 69 74 149 89 40 275
internal_count=1760 1609 623 986 801 767 747 335 412 153 259 228 151 73 603 328 42 286 130 45 266 245 155 185 69 74 149 89 40 275
is_linear=0
shrinkage=0.05


Tree=79
num_leaves=31
num_cat=0
split_feature=1 1 10 67 96 0 8 229 0 131 130 61 328 186 121 204 7 4 121 123 332 298 290 281 126 0 161 8 215 94
split_gain=0.755507 0.0731891 0.0504606 0.037129 0.0278123 0.0255515 0.0280725 0.0176213 0.0169567 0.0162634 0.0162633 0.0184961 0.0174482 0.0160563 0.0166238 0.0157428 0.0152918 0.0150307 0.0156235 0.0147041 0.0145623 0.0141899 0.0141886 0.0146093 0.0139278 0.013593 0.0128686 0.0118234 0.0108686 0.00987608
threshold=7.9601379881799934 4.3372693810700085 0.12429775280898878 0.89587973461402759 0.089378318744158025 5.0594204191876377 0.038544073951799283 -0.043028118765449978 10.987521849191557 -0.0045901494179812824 0.0040127106378180935 0.89587973461402759 0.0019167242411427718 0.0088936704518160267 -0.0068591012598325082 -0.00069713784905473095 0.35355392156862753 1.2424533248940004 0.017725963610602042 -0.020658549328377997 0.026887834861870148 -0.039911848300785931 0.017912455401604164 -0.030804837504549983 0.00059629376613946938 4.2696729980286863 0.019028574234316056 0.0045663052543786498 -0.046764920505552719 -0.043977383354926701
decision_type=2 2 2 2 2 2 2 2 2 2 2 2 2 2 2 2 2 2 2 2 2 2 2 2 2 2 2 2 2 2
left_child=1 3 10 4 5 7 17 19 27 -8 11 21 -13 16 -15 -16 25 20 -19 -1 -7 24 23 -5 -3 -9 -18 -2 -20 -23
right_child=8 2 -4 22 -6 6 9 13 -10 -11 -12 12 -14 14 15 -17 26 18 28 -21 -22 29 -24 -25 -26 -27 -28 -29 -30 -31
leaf_value=-0.0022698387194065041 0.002456489533910321 7.3547036592334854e-05 0.0025777315530285706 0.00072051842268722665 0.0011082620412344113 -0.00054874214621570487 0.001547061763703823 -0.00093078126578018724 0.0039010269603655711 -0.00036585889160051016 -0.00025865478843810374 0.00027080098410475664 0.0023113360122806628 0.00069782497167276839 -0.001763164916875489 -4.8209181341007937e-05 -0.0011462286849839151 -0.00064390163517067907 -0.0011171233214052588 -0.0011503800731258128 0.00060989653891952269 0.00061691351410774321 0.00063413965933671254 -0.000587234369918911 0.0018332613367502662 0.00052886425136503847 -0.0023818075838789813 0.0038796237576752901 -0.0026322193001396955 -0.00019091858604633203
leaf_weight=44 54 23 20 28 20 134 25 58 77 20 275 22 20 30 23 32 96 99 29 88 34 47 67 90 22 22 27 20 20 194
leaf_count=44 54 23 20 28 20 134 25 58 77 20 275 22 20 30 23 32 96 99 29 88 34 47 67 90 22 22 27 20 20 194
internal_value=2.20403e-12 -0.000317354 0.000106884 -0.000585407 -0.000732861 -0.000780009 -0.000471531 -0.00104515 0.0033816 0.000696875 2.49326e-05 0.000262696 0.00124248 -0.000825895 -0.00024895 -0.000765372 -0.00106747 -0.000637918 -0.00100532 -0.00152353 -0.000314256 0.000118811 5.30312e-05 -0.00027692 0.000933852 -0.000529379 -0.00141745 0.00284112 -0.00173553 -3.33746e-05
internal_weight=1760 1609 623 986 801 781 361 420 151 45 603 328 42 288 85 55 203 316 148 132 168 286 185 118 45 80 123 74 49 241
internal_count=1760 1609 623 986 801 781 361 420 151 45 603 328 42 288 85 55 203 316 148 132 168 286 185 118 45 80 123 74 49 241
is_linear=0
shrinkage=0.05


Tree=80
num_leaves=31
num_cat=0
split_feature=1 1 96 89 193 210 0 216 0 8 288 318 213 7 198 0 287 129 214 290 97 252 223 102 280 295 199 279 93 252
split_gain=0.684042 0.0593314 0.0464615 0.0367994 0.0304986 0.0224593 0.0235709 0.021809 0.0198264 0.0352072 0.0214577 0.0234989 0.0175873 0.0163359 0.015912 0.0140303 0.0154033 0.0145229 0.013872 0.0206269 0.0123468 0.0122294 0.0117975 0.0109351 0.0106988 0.0105468 0.0159098 0.0116048 0.0102686 0.00969683
threshold=5.3936172156671276 3.3140206880897671 0.10630283631224409 -0.11394676999448881 0.010889039557722713 0.01321974774362345 11.055853368301584 0.13003124791671669 6.1537953943602615 0.0013201612903225809 -0.041527266168901907 0.024679320964888628 0.0051004238344069591 0.77154105736782908 0.0095404075554798452 5.625819309938989 0.022207187990649992 0.038994042128472378 0.056216653739293548 -0.006095457607911115 -0.0022605109873643048 0.0091092076035942261 0.0023423019030626886 0.11247374345437099 -0.0013037659512916773 0.038008636328598883 -0.016201519546809807 0.048879930329707562 0.064994915155157776 -0.015103214760521688
decision_type=2 2 2 2 2 2 2 2 2 2 2 2 2 2 2 2 2 2 2 2 2 2 2 2 2 2 2 2 2 2
left_child=1 7 3 15 5 -2 -7 22 10 -10 11 12 24 14 18 16 17 -3 25 -20 -16 -15 -1 -24 -5 26 -12 -28 -27 -22
right_child=4 2 -4 8 -6 6 -8 -9 9 -11 13 -13 -14 21 20 -17 -18 -19 19 -21 29 -23 23 -25 -26 28 27 -29 -30 -31
leaf_value=-0.0012536089880149091 0.004730898730011414 -0.00047567353004379696 0.0019788551326200832 0.001316547696478665 0.0013734590635673765 0.0025330740762989461 0.0040043833688264939 -0.0026730297808535402 5.2559208526635422e-05 0.0020268290376946056 -0.00070320450348149545 0.0017911121543729678 -0.00083245648334816322 -0.00049595325866437967 0.00052453775464333756 0.00035816143333379714 -0.0017533493090013509 -0.0018605561400561231 -0.0018082470504734189 -0.00032626848354130606 -0.0010156764291580124 -0.001838683252156313 -7.2433435693879063e-05 -0.0014170732360244507 -0.00015094427634840428 -0.00042141781865074387 -8.3716304224997824e-05 0.00095193248654444086 -0.0016865371610037983 2.6365724337215539e-05
leaf_weight=116 23 107 24 27 24 81 41 20 138 27 102 25 34 43 103 21 50 23 39 59 29 28 54 21 23 53 275 30 23 97
leaf_count=116 23 107 24 27 24 81 41 20 138 27 102 25 34 43 103 21 50 23 39 59 29 28 54 21 23 53 275 30 23 97
internal_value=2.74073e-12 -0.000321265 -0.000201872 -0.000240469 0.00302445 0.00329772 0.00302753 -0.00110213 -0.000131809 0.000375622 -0.000216381 0.000445407 4.48994e-05 -0.00029826 -0.000234516 -0.000864855 -0.00100754 -0.000720691 -0.000373645 -0.000916035 0.000118473 -0.00102548 -0.000937637 -0.000448933 0.000641501 -0.000263595 -0.000162631 1.81508e-05 -0.000804283 -0.000213469
internal_weight=1760 1591 1380 1356 169 145 122 211 1155 165 990 109 84 881 810 201 180 130 581 98 229 71 191 75 50 483 407 305 76 126
internal_count=1760 1591 1380 1356 169 145 122 211 1155 165 990 109 84 881 810 201 180 130 581 98 229 71 191 75 50 483 407 305 76 126
is_linear=0
shrinkage=0.05


Tree=81
num_leaves=31
num_cat=0
split_feature=1 1 10 67 301 99 227 250 282 111 312 237 0 129 83 295 276 248 277 294 173 275 333 126 97 97 89 162 118 7
split_gain=0.617465 0.0595964 0.0455563 0.0302819 0.0247172 0.0486385 0.020669 0.0178399 0.017322 0.0154327 0.0149676 0.0143299 0.0135209 0.0130978 0.0130601 0.0134195 0.0131692 0.0132612 0.0127954 0.0159754 0.0120225 0.0116689 0.0111045 0.0108214 0.0104514 0.014784 0.0112878 0.0146301 0.0100033 0.00984609
threshold=7.9601379881799934 4.3372693810700085 0.12429775280898878 0.89587973461402759 0.01439789213860323 0.1182809507199295 0.069877680874846845 0.028374459974245189 0.046004614093927351 -0.028648855002712234 -0.0037267594631077848 -0.027020743726706358 10.987521849191557 -0.070676020783529261 -0.33865784609544153 0.032007187321681778 0.029537051920389652 -0.053975790059202076 0.070732222615933191 -0.0044493489046865771 0.016178835768290926 0.043043276013475913 -0.025827696106958998 -0.0017625532278338482 -0.041666459217749183 -0.09791556595772484 -0.099255942125487356 0.0054356755709674487 0.008763651692882771 0.78464559106057441
decision_type=2 2 2 2 2 2 2 2 2 2 2 2 2 2 2 2 2 2 2 2 2 2 2 2 2 2 2 2 2 2
left_child=1 3 10 4 6 9 8 -8 13 -6 14 -11 23 -1 -3 16 17 -16 19 -5 -10 22 -12 -2 25 -15 -26 -28 -18 -13
right_child=12 2 -4 18 5 -7 7 -9 20 11 21 29 -14 24 15 -17 28 -19 -20 -21 -22 -23 -24 -25 26 -27 27 -29 -30 -31
leaf_value=0.00033787602609884225 0.0032484258098217349 -0.00053420053571148621 0.0024436273212018024 0.00046665067324459911 0.00027496259012528193 0.0019003984023584055 -0.00089718261390375222 -0.0024641373708351134 -0.0010026352568612701 -0.0016108066240641556 0.00074011574800573045 -0.0002695131496044009 0.0035209234767629733 -0.0014169197308365256 0.0015919824060983958 -0.00043467061580432692 0.0021582715831093744 0.00019424939857474652 0.00092410250491572218 -0.0005787760359126378 -0.0025393716176040472 -0.00088893713888383522 -0.00018373818862481089 0.002032017603902737 -0.001212402474190963 0.00012698844855523034 -0.00093970778024176521 -4.4379579982912245e-05 0.00061323458983679306 -0.0014555082030017815
leaf_weight=33 33 38 20 62 52 24 39 34 35 35 37 105 77 20 20 34 22 112 34 89 20 51 269 41 121 69 119 74 20 21
leaf_count=33 33 38 20 62 52 24 39 34 35 35 37 105 77 20 20 34 22 112 34 89 20 51 269 41 121 69 119 74 20 21
internal_value=2.82039e-12 -0.0002869 9.59218e-05 -0.000528784 -0.00066195 -0.000233482 -0.000841998 -0.001627 -0.000725287 -0.000473919 1.80543e-05 -0.000715794 0.0030571 -0.000619808 0.000318146 0.000473863 0.000651392 0.000406027 4.77879e-05 -0.000149528 -0.00156145 -0.000188731 -7.20304e-05 0.00257447 -0.000698229 -0.000219957 -0.00083379 -0.000596421 0.00142254 -0.000467179
internal_weight=1760 1609 623 986 801 237 564 73 491 213 603 161 151 436 246 208 174 132 185 151 55 357 306 74 403 89 314 193 42 126
internal_count=1760 1609 623 986 801 237 564 73 491 213 603 161 151 436 246 208 174 132 185 151 55 357 306 74 403 89 314 193 42 126
is_linear=0
shrinkage=0.05


Tree=82
num_leaves=31
num_cat=0
split_feature=1 1 97 89 61 168 216 0 1 107 262 90 313 207 254 130 296 265 275 233 295 82 287 111 250 297 261 215 299 86
split_gain=0.560405 0.04833 0.0413906 0.0295114 0.0261072 0.0210224 0.0193349 0.018984 0.0176071 0.0167057 0.0215629 0.0165178 0.0258555 0.0137731 0.0137518 0.0134854 0.0194565 0.0159245 0.0129893 0.0126424 0.0158748 0.0121621 0.0110755 0.0105569 0.0103758 0.0102824 0.0101151 0.0100823 0.00986742 0.00908975
threshold=5.3589392201907193 3.3140206880897671 0.21148667865716259 -0.10121767015633616 2.9700856263602158 0.007903447552361902 0.13003124791671669 10.942224625098026 4.1026092131977068 0.062714326821224672 -0.02453198129122441 0.09196179240776757 -0.0054313452129666493 -0.059922610137814997 0.029917068382277073 0.0040127106378180935 0.028235553065791456 0.057225439809659835 0.034342013826327601 -0.026351493896122295 0.0052366873949904061 0.1202643903767366 0.03170733570162465 -0.0069564985351300629 0.037680678462193952 0.030457719731945301 0.011583130705252473 -0.097372736804606549 0.0091972711338342561 -0.01444788361641128
decision_type=2 2 2 2 2 2 2 2 2 2 2 2 2 2 2 2 2 2 2 2 2 2 2 2 2 2 2 2 2 2
left_child=1 6 3 8 -2 7 25 -6 19 11 -11 13 -13 -5 15 17 21 -15 26 20 -3 -17 24 -18 -21 -1 -12 -16 -25 -10
right_child=4 2 -4 9 5 -7 -8 -9 29 10 18 12 -14 14 27 16 23 -19 -20 22 -22 -23 -24 28 -26 -27 -28 -29 -30 -31
leaf_value=-0.00098097081567820083 0.00099415396180120292 -0.0023203234719638261 0.0019158675203747725 0.00081127127203600193 0.0020277503347460881 0.0044264940638095145 -0.0024792236130451784 0.0032245599497990637 -0.00058683911490294601 0.0019428566719094913 0.0013450180608990858 -0.0023911906971729232 -0.0002150840038386657 6.6915858985860041e-05 -0.0014007317350694427 -0.00031321042458918837 -0.0002280671567725087 0.0013499842942110265 -0.00096067820501048121 -5.2569915346069047e-05 -0.00080446005285454865 0.00044088720850339038 -0.0014317592856968988 -0.0023064507171511651 -0.0013218802677112678 0.0001462687707870551 -0.00011170490268761148 -0.00037315830336013379 -0.00081642766366712754 0.00079047385812737046
leaf_weight=168 20 31 23 38 60 20 20 74 23 21 22 21 39 346 27 170 27 26 20 69 39 78 32 20 21 23 26 206 25 25
leaf_count=168 20 31 23 38 60 20 20 74 23 21 22 21 39 346 27 170 27 26 20 69 39 78 32 20 21 23 26 206 25 25
internal_value=-9.42625e-13 -0.00029552 -0.000187398 -0.000223178 0.00269365 0.00291437 -0.00100011 0.00268868 -0.000726011 -0.000114653 0.000542388 -0.000171815 -0.000976721 -0.000121665 -0.000159991 -4.81237e-05 -0.000286107 0.000156593 0.00010989 -0.000940141 -0.00147577 -7.60346e-05 -0.000632812 -0.00100969 -0.000348742 -0.00084523 0.00055596 -0.000492233 -0.00147866 0.000130511
internal_weight=1760 1586 1375 1352 174 154 211 134 240 1112 89 1023 60 963 925 692 320 372 68 192 70 248 122 72 90 191 48 233 45 48
internal_count=1760 1586 1375 1352 174 154 211 134 240 1112 89 1023 60 963 925 692 320 372 68 192 70 248 122 72 90 191 48 233 45 48
is_linear=0
shrinkage=0.05


Tree=83
num_leaves=31
num_cat=0
split_feature=1 1 96 89 193 210 0 107 189 216 1 90 313 207 219 19 97 334 11 233 295 295 287 275 223 323 100 250 223 238
split_gain=0.505765 0.0436178 0.0382417 0.0277178 0.0245751 0.0210502 0.0204742 0.0178142 0.0243811 0.0174497 0.0161821 0.0147666 0.0233346 0.0125376 0.0132408 0.0162579 0.0139043 0.0126478 0.0124124 0.0118496 0.0167104 0.0109309 0.00999563 0.00992102 0.00989769 0.0103695 0.00967708 0.00936416 0.0090941 0.00849614
threshold=5.3589392201907193 3.3140206880897671 0.10630283631224409 -0.10121767015633616 0.011350792832544459 0.01321974774362345 11.055853368301584 0.062714326821224672 -0.011985006744927045 0.13003124791671669 4.1026092131977068 0.09196179240776757 -0.0054313452129666493 -0.059922610137814997 0.082935182659421541 24.495856353591162 0.072487683138193579 0.0059494245232720134 3.8116554054054057 -0.026351493896122295 0.0052366873949904061 0.085035319206162627 0.03170733570162465 0.021324649384712537 0.0023423019030626886 -0.011970749190054164 0.024819930611015405 0.037680678462193952 -0.017511978613488664 0.071731347462587441
decision_type=2 2 2 2 2 2 2 2 2 2 2 2 2 2 2 2 2 2 2 2 2 2 2 2 2 2 2 2 2 2
left_child=1 9 3 10 5 -2 -7 11 -9 24 19 13 -13 -5 15 16 18 -16 21 20 -3 29 27 -10 28 -26 -17 -21 -1 -15
right_child=4 2 -4 7 -6 6 -8 8 23 -11 -12 12 -14 14 17 26 -18 -19 -20 22 -22 -23 -24 -25 25 -27 -28 -29 -30 -31
leaf_value=-0.00087820924674544712 0.0041488965216558427 -0.0022616696791374125 0.0018003492761636153 0.00077070771064762476 0.0010364338591107693 0.0020959015482752198 0.0034536980047095117 0.0017915156919376127 0.00048294538792106325 -0.0023552624176954853 0.0001239858215588659 -0.0022716311679687354 -0.00020432979208402313 -5.9125675374788844e-05 -0.00016536814688671649 0.0016592898685485126 -0.0011562258815639795 -0.001529764217257528 0.00081182067224290228 -4.994142050631838e-05 -0.00072872918884968384 -0.0013047588663175702 -0.0013601713046227815 -0.00083896715924228465 -0.0012981075560674071 1.1293239387871129e-05 0.00010388932190835477 -0.0012557862700694907 -0.0020074944015835753 -0.00060245642056049107
leaf_weight=94 24 32 24 38 23 86 41 28 40 20 48 21 39 644 35 20 33 33 35 69 40 20 32 22 21 54 20 21 22 81
leaf_count=94 24 32 24 38 23 86 41 28 40 20 48 21 39 644 35 20 33 33 35 69 40 20 32 22 21 54 20 21 22 81
internal_value=1.36871e-12 -0.000280744 -0.000178028 -0.000213173 0.00255897 0.00279088 0.00253425 -0.000107378 0.000566922 -0.000950105 -0.000697993 -0.000166934 -0.000927885 -0.000119325 -0.000156047 -0.00010252 -0.000150938 -0.000827502 -0.000108407 -0.000901369 -0.00141004 -0.000151639 -0.000601172 1.38796e-05 -0.000802968 -0.000355339 0.00088159 -0.000331305 -0.00109238 -0.000119829
internal_weight=1760 1586 1375 1351 174 151 127 1109 90 211 242 1019 60 959 921 853 813 68 780 194 72 745 122 62 191 75 40 90 116 725
internal_count=1760 1586 1375 1351 174 151 127 1109 90 211 242 1019 60 959 921 853 813 68 780 194 72 745 122 62 191 75 40 90 116 725
is_linear=0
shrinkage=0.05


Tree=84
num_leaves=31
num_cat=0
split_feature=2 51 0 212 8 219 109 229 291 199 161 130 185 306 324 211 2 0 123 215 193 189 112 0 122 89 146 146 287 121
split_gain=0.45674 0.0490687 0.0455232 0.0321729 0.0319172 0.0254768 0.0188039 0.0143906 0.0128533 0.0121052 0.0120462 0.0118647 0.0202641 0.0145327 0.013452 0.0119033 0.0113924 0.0117481 0.0111357 0.0109266 0.012029 0.0169639 0.0159253 0.0123132 0.0139135 0.0100325 0.00934251 0.0130679 0.00929767 0.00926252
threshold=4.4476778084981978 0.89587973461402759 5.4138732270297307 0.31926603061632375 0.038034960819770959 -0.011932566266197217 0.093837300994678116 -0.049317909699108174 -0.021630390981626793 -0.013272156410065615 -0.0069816397984600025 0.0040127106378180935 -0.0077009769226763147 0.056273799460415212 -0.030487984805083728 -0.0095246011548605226 5.996439712534567 11.055853368301584 0.026887454832836815 -0.055472775218510774 0.031760604310559548 0.025890097875858626 0.042504964301712821 4.5053345884235583 0.019858265992828982 -0.0050241269372589626 -0.007710790827371335 0.0060367282814099794 0.026753999414251137 0.044342321806153696
decision_type=2 2 2 2 2 2 2 2 2 2 2 2 2 2 2 2 2 2 2 2 2 2 2 2 2 2 2 2 2 2
left_child=1 2 3 6 11 -6 7 10 -8 -5 18 12 15 14 -13 -4 17 25 -1 -9 21 22 23 -21 26 -2 -25 -28 -12 -16
right_child=16 -3 4 9 5 -7 8 19 -10 -11 28 13 -14 -15 29 -17 -18 -19 -20 20 -22 -23 -24 24 -26 -27 27 -29 -30 -31
leaf_value=-0.0020719676528398586 0.0017253642380960482 0.0018253675156821765 0.0011988715213031838 -0.00067562427266238962 0.0026001967443153263 0.00024571746352766813 -0.00085080616238132211 -0.0011122095184381594 -0.0025223907050372953 0.0003277131581673214 -0.00041837223971794761 0.00068900748579936693 -0.0001679070343851617 -0.0016117509597097523 -0.00022706767083146781 0.0002213878770817246 0.0034408180417813128 0.0031103671969551789 -0.00063287982353358533 -0.00055777789143371382 0.00050616338789148045 -0.0015953169449330158 -0.0010206487984962425 -0.00079448498755801998 0.00093502261981484494 0.0029681780968200079 0.0011322575955368256 -0.00047622239674508041 -0.0016407751188671682 -0.0010525761997436907
leaf_weight=41 62 28 51 40 20 27 23 61 23 121 70 36 246 20 264 80 32 38 20 111 34 31 72 37 40 22 23 28 20 39
leaf_count=41 62 28 51 40 20 27 23 61 23 121 70 36 246 20 264 80 32 38 20 111 34 31 72 37 40 22 23 28 20 39
internal_value=4.60742e-13 -0.000249423 -0.000286238 -0.000552758 -1.56327e-05 0.00124762 -0.000713045 -0.000636883 -0.0016866 7.84368e-05 -0.00105768 -9.63026e-05 9.95977e-05 -0.000302025 -0.000224755 0.000601935 0.00260112 0.00238087 -0.00160014 -0.000491482 -0.000390778 -0.000479948 -0.00036877 -0.000172388 0.000161818 0.00205086 -0.000189639 0.000249171 -0.000690017 -0.000333321
internal_weight=1760 1606 1578 795 783 47 634 588 46 161 151 736 377 359 339 131 154 122 61 437 376 342 311 239 128 84 88 51 90 303
internal_count=1760 1606 1578 795 783 47 634 588 46 161 151 736 377 359 339 131 154 122 61 437 376 342 311 239 128 84 88 51 90 303
is_linear=0
shrinkage=0.05


Tree=85
num_leaves=31
num_cat=0
split_feature=1 1 96 102 123 193 336 0 8 83 216 81 290 227 205 199 314 171 281 252 99 85 294 120 328 295 277 90 7 160
split_gain=0.413957 0.0359055 0.0323398 0.0239884 0.0249994 0.0211052 0.0182952 0.0175965 0.016569 0.0156097 0.0154497 0.0151061 0.0162677 0.0124932 0.0139712 0.0111901 0.0142079 0.0150652 0.0140497 0.0129213 0.0113218 0.0102277 0.00960756 0.00938673 0.00935591 0.00911582 0.0088615 0.0133834 0.00833218 0.00829978
threshold=5.3589392201907193 3.3140206880897671 0.10630283631224409 -0.0053760771482701444 -0.049023027727032674 0.011350792832544459 0.0097884394019182811 10.987521849191557 0.024860171193720842 0.23424332749861784 0.13003124791671669 -0.49991037261360072 -0.01173805713866133 -0.024926647790499721 -0.014889023118582574 0.00047375508765092614 -0.00046971355628581908 0.020441208906184664 -0.043187452999333804 -0.060232674846240515 -0.010740763651128063 -0.038574569705722782 0.013573169596143004 0.0014199764633452893 0.0098910031168131102 0.011083344766669638 -0.026068378795487502 -0.00024443087258541372 0.73968549890573076 0.0037181053705426072
decision_type=2 2 2 2 2 2 2 2 2 2 2 2 2 2 2 2 2 2 2 2 2 2 2 2 2 2 2 2 2 2
left_child=1 10 3 11 8 6 7 -2 21 13 24 12 -3 14 -6 16 19 22 20 -13 -17 -5 28 -20 25 -1 -15 -28 -18 -29
right_child=5 2 -4 4 9 -7 -8 -9 -10 -11 -12 15 -14 26 -16 18 17 -19 23 -21 -22 -23 -24 -25 -26 -27 27 29 -30 -31
leaf_value=-0.00067346827033491416 0.0016709550984218839 0.0018878314522139375 0.0016585279032976059 -0.00014895378620261409 -0.0017798378859879449 0.00090413158739703126 0.0036588417213602831 0.0028720880656813584 -0.002355731715700434 0.00092215452250093218 -0.0021834759728517387 0.00051444874742351797 0.00017652565545243462 -0.00063302379302816313 -0.00051982327194137902 0.00013722882773119796 0.00056717409271386267 0.00083624281206816104 0.0003168183978630168 -0.00076119439343215326 0.0016743714273907244 -0.0015978421783074737 -0.00082348471779517061 -0.00027764276859459745 -0.0002356287727889139 -0.0015756393164684552 -0.00026873113136038847 0.00012158428328872945 -0.00063901775945189674 0.0012021054071805406
leaf_weight=84 62 21 24 29 26 23 29 60 24 25 20 23 41 90 143 23 41 46 128 145 25 21 43 138 65 42 218 52 22 27
leaf_count=84 62 21 24 29 26 23 29 60 24 25 20 23 41 90 143 23 41 46 128 145 25 21 43 138 65 42 218 52 22 27
internal_value=-2.1154e-12 -0.000253989 -0.000160794 -0.000193114 -0.000410297 0.00231509 0.00253001 0.00226168 -0.00127584 -0.000300057 -0.000861297 1.12756e-05 0.000756161 -0.000355012 -0.000713672 -6.15681e-05 -0.000269649 8.06123e-05 0.000150489 -0.000586553 0.000937824 -0.000757487 -0.000247303 8.41373e-06 -0.000722848 -0.000974192 -0.000198388 -6.66807e-05 0.000145964 0.000490876
internal_weight=1760 1586 1375 1351 655 174 151 122 74 581 211 696 62 556 169 634 320 152 314 168 48 50 106 266 191 126 387 297 63 79
internal_count=1760 1586 1375 1351 655 174 151 122 74 581 211 696 62 556 169 634 320 152 314 168 48 50 106 266 191 126 387 297 63 79
is_linear=0
shrinkage=0.05


Tree=86
num_leaves=31
num_cat=0
split_feature=1 51 0 8 212 219 109 229 291 165 82 0 10 161 165 7 283 215 123 2 189 172 19 182 109 204 0 305 158 327
split_gain=0.373805 0.041785 0.0386005 0.0275746 0.0269505 0.0228028 0.0167361 0.0124798 0.0114852 0.0110739 0.0106315 0.0126556 0.0140437 0.0105485 0.0103164 0.0137436 0.00992407 0.00988481 0.00957955 0.00935702 0.00911954 0.0112565 0.0101407 0.00987914 0.0100738 0.00877188 0.00876139 0.0086261 0.00850929 0.00847069
threshold=7.9601379881799934 0.89587973461402759 5.4138732270297307 0.038034960819770959 0.31926603061632375 -0.011932566266197217 0.093837300994678116 -0.049317909699108174 -0.021630390981626793 0.0025375237273454914 0.087367333742116485 6.1537953943602615 0.0055869575264593067 -0.0069816397984600025 0.010600369265332282 0.77506355629316093 0.0081480353217877506 -0.066972088961467738 0.026887454832836815 5.996439712534567 0.041011952471334441 -0.00054888215561867419 19.90260959916877 0.018908092320283735 0.02133213779687013 -0.0010414385386434651 11.055853368301584 0.0023921094665467755 0.0061404274427633325 0.031058573684458943
decision_type=2 2 2 2 2 2 2 2 2 2 2 2 2 2 2 2 2 2 2 2 2 2 2 2 2 2 2 2 2 2
left_child=1 2 4 10 6 -5 7 13 -8 28 11 14 -13 18 15 29 -11 -9 -1 26 21 23 -23 24 -19 -26 -2 -12 -6 -4
right_child=19 -3 3 5 9 -7 8 17 -10 16 27 12 -14 -15 -16 -17 -18 20 -20 -21 -22 22 -24 -25 25 -27 -28 -29 -30 -31
leaf_value=-0.0019147455891049129 0.0018806639974678144 0.0016914212411003457 -0.00020783544012884636 0.0024452774351811971 -0.00014336378552453144 0.00021778321717175897 -0.00077789670170244326 -0.0013689041559161895 -0.0023580208797837894 -0.00072499380750943806 2.7522469973886026e-05 3.1871745475927425e-06 0.0011902604117252245 -0.00062545906657760506 6.3737059883325705e-05 -0.0013982904879787171 0.00037558397884960432 -0.00051502996375186745 -0.00057999399941763838 0.0031376348542835331 -0.0014225280392565764 -0.00021746106533187967 0.00076722509996128086 0.00017255892538849046 -0.0020240232786163689 -0.0006191482212307165 0.0028008923816837763 0.0010079217948824974 0.00095495238036771 -0.00090147757166252832
leaf_weight=41 81 28 238 20 29 27 23 27 23 54 57 147 30 90 142 34 33 113 20 32 20 167 31 34 25 20 38 37 45 54
leaf_count=41 81 28 238 20 29 27 23 27 23 54 57 147 30 90 142 34 33 113 20 32 20 167 31 34 25 20 38 37 45 54
internal_value=-9.41521e-13 -0.000223227 -0.000257136 -8.66657e-06 -0.000502792 0.00116565 -0.000649495 -0.000577642 -0.00156796 7.49063e-05 -8.33527e-05 -0.000155751 0.000204386 -0.000969508 -0.000291957 -0.000446891 -0.000307533 -0.000442238 -0.00147712 0.00237862 -0.000381213 -0.000327813 -6.3293e-05 -0.000600599 -0.000766974 -0.00139963 0.00217452 0.000413424 0.000524531 -0.000336112
internal_weight=1760 1609 1581 786 795 47 634 588 46 161 739 645 177 151 468 326 87 437 61 151 410 390 198 192 158 45 119 94 74 292
internal_count=1760 1609 1581 786 795 47 634 588 46 161 739 645 177 151 468 326 87 437 61 151 410 390 198 192 158 45 119 94 74 292
is_linear=0
shrinkage=0.05


Tree=87
num_leaves=31
num_cat=0
split_feature=1 97 0 89 104 1 107 276 219 288 214 121 0 328 221 296 210 0 8 135 250 263 295 130 9 248 307 1 195 104
split_gain=0.338168 0.0305426 0.0337605 0.0203626 0.0203191 0.0322088 0.0167846 0.0185366 0.0141032 0.0146424 0.0158021 0.0137146 0.0127021 0.0126781 0.0112089 0.00964525 0.00962325 0.011654 0.013751 0.0092393 0.0106576 0.0103716 0.00922167 0.0101533 0.0115144 0.0127269 0.0120781 0.00918521 0.00865445 0.00865216
threshold=5.3589392201907193 0.21148667865716259 4.5798392285869785 -0.11394676999448881 0.025423545425656464 7.9601379881799934 0.060901229938666292 -0.015962855925309726 0.082935182659421541 -0.044253359055865464 1.0000000180025095e-35 -0.03761106935605997 10.968067845939002 0.0071163032205540213 0.025702665875712728 -0.0073076306391058584 0.0079019957360120813 3.3140206880897671 0.40138888888888896 -0.05534267650451808 0.0073921415030868392 0.025890733002749102 0.046931010710204529 0.0040127106378180935 0.018681893977585608 -0.030127713893942702 -0.021904537248872379 4.8713658868283671 0.0085973473341511963 -0.016142416440521737
decision_type=2 2 2 2 2 2 2 2 2 2 2 2 2 2 2 2 2 2 2 2 2 2 2 2 2 2 2 2 2 2
left_child=1 2 11 19 5 -2 8 -8 9 10 -5 13 -7 -1 29 -9 17 -13 -19 -4 21 -21 23 24 25 -11 -27 -26 -25 -10
right_child=4 -3 3 6 -6 12 7 15 14 22 -12 16 -14 -15 -16 -17 -18 18 -20 20 -22 -23 -24 28 27 26 -28 -29 -30 -31
leaf_value=-0.0021121004190776619 4.138813092140481e-06 0.0015792212702090973 -0.0015759865245358511 8.1163794675376263e-06 0.0034115385338664055 0.0016029685123628537 0.0019416327498038299 0.00092819609760356667 -0.00063995060488749645 0.0013896566886732247 0.001556836435650309 -0.0015753407444042914 0.0026020471258865049 -0.00054266800791744822 -0.00010546940910798084 -0.00027567602395187931 -0.0015995642838312223 -0.00050187422519972836 0.00084788326431797551 0.00011177803537089236 -0.001041882991708478 -0.00090261898050713989 -0.00058091410046663921 -0.00043173839237525775 -0.0002488588041110518 0.0012529927760955286 -8.1380958845083773e-05 0.00042737402786502469 9.7967631085464681e-05 -0.0020619115757290274
leaf_weight=31 20 23 22 40 25 57 20 28 23 31 28 22 72 22 36 41 21 186 21 79 58 37 95 230 192 22 74 68 116 20
leaf_count=31 20 23 22 40 25 57 20 28 23 31 28 22 72 22 36 41 21 186 21 79 58 37 95 230 192 22 74 68 116 20
internal_value=-2.23451e-12 -0.000229564 -0.00025618 -0.000142226 0.00209246 0.00187114 -5.59562e-05 0.000601342 -0.000115956 -5.94897e-05 0.000645825 -0.00073005 0.00216059 -0.00146064 -0.00075638 0.000212852 -0.000575166 -0.000481225 -0.000364942 -0.000610548 -0.000488481 -0.00021178 -0.000117414 -5.73425e-05 0.000118614 0.000508843 0.000224413 -7.19979e-05 -0.000254149 -0.00130133
internal_weight=1760 1586 1563 1260 174 149 1064 89 975 896 68 303 129 53 79 69 250 229 207 196 174 116 828 733 387 127 96 260 346 43
internal_count=1760 1586 1563 1260 174 149 1064 89 975 896 68 303 129 53 79 69 250 229 207 196 174 116 828 733 387 127 96 260 346 43
is_linear=0
shrinkage=0.05


Tree=88
num_leaves=31
num_cat=0
split_feature=1 61 218 96 1 92 7 11 0 148 277 303 199 125 186 277 297 192 305 138 139 11 210 249 97 213 105 242 253 91
split_gain=0.305388 0.0558205 0.030555 0.0289742 0.0278423 0.0162493 0.015763 0.029057 0.0153522 0.0139222 0.0128436 0.011279 0.0121811 0.0111534 0.0117442 0.0106498 0.0103253 0.0101528 0.0100256 0.012083 0.0107427 0.0101786 0.0116794 0.0109249 0.00993554 0.00901889 0.00910263 0.00806105 0.007836 0.00755032
threshold=5.2176457913436556 2.4414009612931857 0.0024357187033472957 0.10630283631224409 3.4175922930736511 0.22598830389169097 0.76563062645011615 3.6895003903200627 10.916273326314245 -0.022142901170770706 0.076416675952971677 0.072014367344325994 -0.043132184972164075 -0.01089976838167458 0.0022393352785165786 -0.013238988984410659 -0.047894517852787255 -0.011318475934560715 0.023394530889917293 0.006691555082633807 -0.0041105441958558895 3.1417410714285716 -0.00032897527670856455 -0.019046043577870559 0.072487683138193579 0.076429723577131417 0.033736024643594924 0.0061185807934748234 -0.022906674137384227 -0.046631158513524
decision_type=2 2 2 2 2 2 2 2 2 2 2 2 2 2 2 2 2 2 2 2 2 2 2 2 2 2 2 2 2 2
left_child=3 -2 -3 4 18 6 7 9 -4 15 11 12 -11 14 -14 -6 -8 -18 20 -20 27 23 -23 -22 28 26 -17 -1 -15 -30
right_child=1 2 8 -5 5 -7 16 -9 -10 10 -12 -13 13 24 -16 25 17 -19 19 -21 21 22 -24 -25 -26 -27 -28 -29 29 -31
leaf_value=-0.001465609549648232 0.00027394834722382141 0.0040783885761629798 0.0013665672156815258 0.0014840145551715978 -0.00015757347843502526 -0.0015510253818883074 -0.0015611874609021471 0.0015095814799584834 0.0024294806161622813 -0.0011716715952167539 0.00070150123654840217 0.0005956394881458868 -0.00030829920765077429 0.00010525237169691964 0.00044867669624515058 0.00050177889488016566 -0.00085811983239923229 -0.00019506831848238067 -0.00079880437957686621 -0.0023171275001368486 -0.0016272049158578738 -0.00054516653355676683 0.0011069334992814971 -0.00026583309826427079 -0.0012947799832285715 -0.00033838607601069273 0.0016218363844717925 -0.0004275319783118903 -0.00093018285298321942 -0.00031353491700925756
leaf_weight=45 46 20 58 24 76 21 20 29 82 37 38 38 104 85 101 60 81 201 38 20 20 20 23 56 28 20 26 32 62 249
leaf_count=45 46 20 58 24 76 21 20 29 82 37 38 38 104 85 101 60 81 201 38 20 20 20 23 56 28 20 26 32 62 249
internal_value=-1.98085e-12 0.00180897 0.00225029 -0.000239799 -0.000266839 -0.000171676 -0.000148595 -4.88428e-05 0.00198913 -9.77543e-05 -0.000193876 -0.000242206 -0.000290011 -0.000238149 6.46499e-05 0.000294127 -0.000463378 -0.000385519 -0.000744902 -0.00132236 -0.000574021 -0.000276257 0.000338515 -0.000624089 -0.000384549 0.000617988 0.000840401 -0.0010342 -0.00032019 -0.000436468
internal_weight=1760 206 160 1554 1530 1276 1255 953 140 924 742 704 666 629 205 182 302 282 254 58 196 119 43 76 424 106 86 77 396 311
internal_count=1760 206 160 1554 1530 1276 1255 953 140 924 742 704 666 629 205 182 302 282 254 58 196 119 43 76 424 106 86 77 396 311
is_linear=0
shrinkage=0.05


Tree=89
num_leaves=31
num_cat=0
split_feature=1 61 107 97 0 7 11 170 7 295 148 311 219 210 107 275 214 0 8 95 264 92 197 115 90 185 333 196 192 330
split_gain=0.275691 0.0511893 0.0302437 0.0268552 0.0252871 0.0194982 0.0246806 0.0128168 0.0151113 0.0125571 0.01189 0.0139162 0.0117553 0.0137063 0.0104499 0.0103527 0.010146 0.0101202 0.0119377 0.00984229 0.00883295 0.0109161 0.0101364 0.00876754 0.00846557 0.00830147 0.00827137 0.00796767 0.00932767 0.00747364
threshold=5.1956962464587759 2.4414009612931857 0.03841932413016607 0.21148667865716259 4.5798392285869785 0.76563062645011615 3.6895003903200627 0.0097805697012050361 0.76384298672443052 0.037203800205741828 -0.022142901170770706 -0.047067529632194328 0.069197600737142373 0.0079019957360120813 -0.064736202077270585 0.043043276013475913 -0.010163860460634137 3.4175922930736511 0.31009615384615391 0.022849331282343736 0.015996158679760387 0.040562464988611165 1.0000000180025095e-35 -0.024529309911967265 0.22177446495947448 0.0095036075236371118 0.0016781629220910439 -0.043661597879960393 -0.016394237121756625 0.024266260066478824
decision_type=2 2 2 2 2 2 2 2 2 2 2 2 2 2 2 2 2 2 2 2 2 2 2 2 2 2 2 2 2 2
left_child=3 -2 7 4 12 6 9 8 -3 10 16 25 13 17 -7 20 -6 -1 24 -18 21 -13 -22 -11 -19 -12 -23 -16 -29 -17
right_child=1 2 -4 -5 5 14 -8 -9 -10 23 11 15 -14 -15 27 29 19 18 -20 -21 22 26 -24 -25 -26 -27 -28 28 -30 -31
leaf_value=-0.0013308161172156769 0.0002907407448665068 0.00053168948832899336 0.0038594650361284781 0.0014660905737875274 -0.00012813243615270159 -0.0014693228603282478 0.0013516387393939378 0.002777563740188877 0.0019339324891039856 -0.0012127160734962672 0.001110315409771699 -9.1117070908773199e-05 -0.0018357307370752097 -0.0015230998690479766 -0.0012594151480734583 -0.00099304877207032397 0.00039957928665292764 -0.0003954711961932254 0.00038920679200802829 0.0015451380946324208 0.00067121815922933719 -0.00013790302663647499 -0.00019531959277723651 -0.00028828418259460402 -0.0014656274252393773 -0.00014715550461828354 -0.0012952680473398161 -0.00088343795702666434 -0.00017336181601898139 0.00012301872353418731
leaf_weight=29 49 25 22 23 62 25 31 30 83 35 35 243 20 34 25 60 75 154 45 25 68 26 67 96 21 21 38 59 214 20
leaf_count=29 49 25 22 23 62 25 31 30 83 35 35 243 20 34 25 60 75 154 45 25 68 26 67 96 21 21 38 59 214 20
internal_value=1.09615e-12 0.00170474 0.00213777 -0.000229716 -0.000255242 -0.000154082 -3.4711e-05 0.0018633 0.00160934 -8.4053e-05 -4.17538e-06 -0.000110281 -0.000664225 -0.000581433 -0.000487433 -0.000190638 0.000374399 -0.000452852 -0.00033712 0.000685969 -9.59065e-05 -0.000244127 0.000241159 -0.00053527 -0.00052389 0.000638764 -0.000825089 -0.000405059 -0.000326821 -0.000714032
internal_weight=1760 209 160 1551 1528 1225 902 138 108 871 740 578 303 283 323 522 162 249 220 100 442 307 135 131 175 56 64 298 273 80
internal_count=1760 209 160 1551 1528 1225 902 138 108 871 740 578 303 283 323 522 162 249 220 100 442 307 135 131 175 56 64 298 273 80
is_linear=0
shrinkage=0.05


Tree=90
num_leaves=31
num_cat=0
split_feature=1 61 11 96 4 109 107 0 281 90 212 239 0 291 282 292 8 101 2 91 104 214 135 283 301 321 314 166 170 214
split_gain=0.248811 0.0461983 0.028063 0.0250015 0.024104 0.0167394 0.0128865 0.0123503 0.0111374 0.0107885 0.0108162 0.0106904 0.0106205 0.0105803 0.0104949 0.0102371 0.0110522 0.023861 0.0131746 0.0155691 0.0111455 0.0125062 0.0103084 0.0101677 0.0108099 0.00978335 0.00933786 0.0128602 0.00961009 0.00825213
threshold=5.1956962464587759 2.4414009612931857 3.4053082152221879 0.10630283631224409 1.4978661367769956 0.093837300994678116 -0.060373169724980434 6.1537953943602615 -0.062124442159674782 0.25380170012930109 0.1124175318520038 -0.024514869908159365 11.055853368301584 -0.021630390981626793 0.028308349265301805 0.045296872864746901 0.012896385408581885 0.025680428445277199 1.4978661367769956 0.12909954221304051 0.013653362628075564 0.22178604406589944 0.0042753295282196733 0.038492905421058474 -0.0037364874714523057 -0.03790689296475367 -0.00614596841845679 -0.0054645633508967313 -0.01053064494792356 0.0029365784508547637
decision_type=2 2 2 2 2 2 2 2 2 2 2 2 2 2 2 2 2 2 2 2 2 2 2 2 2 2 2 2 2 2
left_child=3 -2 -3 4 5 6 11 8 -6 10 14 -1 -4 -7 15 16 -8 18 19 20 21 22 -18 24 -10 -16 -26 -28 -29 -25
right_child=1 2 12 -5 7 13 9 -9 23 -11 -12 -13 -14 -15 25 -17 17 -19 -20 -21 -22 -23 -24 29 26 -27 27 28 -30 -31
leaf_value=-0.0018068401640751594 0.0002762037024082502 0.0037828533968422562 0.0014660424776909919 0.0013830273635297395 0.00097289624519852143 -0.00055148064325887544 -0.00027184476639310564 0.0010991056703496727 7.9893496758257022e-05 -0.0013280733207163091 -0.0011993859214146205 -0.00059443572054927556 0.0023835127610558025 -0.0020521952026683722 -0.0015345805144296838 -0.00072361060723316823 0.0002144049562048167 0.0016849685865357362 0.00067879846736382287 -0.0013400919015984982 -0.0004371293682197575 -0.00027689353155437859 0.0017450285355814479 8.1714803028652184e-05 -0.00079193541997951949 -0.00041649587922599584 -0.0007999452442769931 0.0011831207585055381 -7.489940584895926e-05 0.001097350664453448
leaf_weight=24 49 20 92 24 26 23 274 25 196 24 29 75 48 24 23 63 22 24 59 25 74 36 22 70 99 131 48 20 63 28
leaf_count=24 49 20 92 24 26 23 274 25 196 24 29 75 48 24 23 63 22 24 59 25 74 36 22 70 99 131 48 20 63 28
internal_value=-3.38787e-13 0.0016195 0.00203088 -0.000218231 -0.000243398 -0.000397785 -0.000350005 1.22134e-05 -3.71908e-05 -0.00028388 -0.000251833 -0.000888352 0.0017806 -0.0013178 -0.00021534 -0.000120693 -4.98276e-05 0.000182358 3.08345e-05 -0.00018274 5.14154e-06 0.000414242 0.000979717 -8.73096e-05 -0.000192949 -0.000583483 -0.000425458 -0.000148501 0.000228238 0.000371896
internal_weight=1760 209 160 1551 1527 952 905 575 550 806 782 99 140 47 753 599 536 262 238 179 154 80 44 524 426 154 230 131 83 98
internal_count=1760 209 160 1551 1527 952 905 575 550 806 782 99 140 47 753 599 536 262 238 179 154 80 44 524 426 154 230 131 83 98
is_linear=0
shrinkage=0.05


Tree=91
num_leaves=31
num_cat=0
split_feature=1 61 336 97 1 92 7 11 0 279 99 298 295 198 179 184 192 306 248 93 233 165 138 314 276 260 84 183 295 301
split_gain=0.224552 0.041694 0.0269788 0.0229382 0.021191 0.0132132 0.0127296 0.0232249 0.012057 0.0102787 0.00976202 0.00896051 0.00883033 0.0105634 0.00953068 0.00922261 0.00928132 0.0091649 0.00898213 0.00879801 0.00870051 0.00862499 0.00986751 0.00946813 0.00844824 0.00808621 0.00755826 0.0109912 0.00745257 0.00741076
threshold=5.1956962464587759 2.4414009612931857 0.015586339546169481 0.21148667865716259 3.4175922930736511 0.22598830389169097 0.7748610816792636 3.8237577639751561 10.987521849191557 -0.026186417339686959 0.071067262716501878 -0.00083496283978379672 0.037203800205741828 0.017551455180078817 -0.0032809662067347744 -0.042054973257514609 -0.0074620527339858463 -0.050756038355870267 -0.073163144242855374 0.064994915155157776 0.099729674725939299 -0.0016540383711203344 0.0017978506095865548 -0.0052394490082124543 0.053933727258784349 -0.0053974073907207725 -0.077180927378734679 -0.0021851553429104915 -0.020382986191895786 0.0062936345132779039
decision_type=2 2 2 2 2 2 2 2 2 2 2 2 2 2 2 2 2 2 2 2 2 2 2 2 2 2 2 2 2 2
left_child=3 29 8 4 20 6 7 12 -3 -8 11 -11 13 14 21 -15 -17 -16 -19 -14 25 24 23 -23 -6 28 -20 -28 -1 -2
right_child=1 2 -4 -5 5 -7 9 -9 -10 10 -12 -13 19 15 17 16 -18 18 26 -21 -22 22 -24 -25 -26 -27 27 -29 -30 -31
leaf_value=-0.00033489961194415653 -0.00047804234403884036 0.0012132565867985882 0.0036471328861080107 0.0013599416527026536 8.7563329765008216e-05 -0.0013915812718637644 -0.0014625263459493 0.0015141257506278952 0.0021413682432005732 -0.00061966071268559117 -0.0010700378379337244 0.00018930786417971108 -0.00023754325478803369 0.0013325169042218477 0.00084188395497524968 0.0006516668367516509 -0.00014520884732697052 0.000867977822445727 0.00028857745478049884 -0.001134420909636122 -0.0015335978826042265 -0.001676311628446759 -0.00015458023370978053 -0.00055687687047026758 -0.0010168620737385937 -0.00029425455080340834 -0.00059539344707947505 7.0550108686898288e-05 -0.0012343354157714143 0.00077303894494403294
leaf_weight=37 20 69 20 23 129 21 24 23 71 61 38 78 125 20 33 63 87 26 93 35 25 30 68 51 20 131 116 133 61 29
leaf_count=37 20 69 20 23 129 21 24 23 71 61 38 78 125 20 33 63 87 26 93 35 25 30 68 51 20 131 116 133 61 29
internal_value=-4.31538e-13 0.00153853 0.00192934 -0.000207319 -0.00023091 -0.000147769 -0.000126923 -5.72613e-05 0.00168394 -0.000491519 -0.000359857 -0.000165707 -9.23846e-05 -2.95352e-05 -0.000115505 0.000323954 0.000189479 4.36529e-05 -2.79276e-05 -0.000433735 -0.000647925 -0.000329675 -0.000598668 -0.000971482 -6.06817e-05 -0.000551236 -9.60373e-05 -0.000239689 -0.000894753 0.000262394
internal_weight=1760 209 160 1551 1528 1274 1253 1052 140 201 177 139 1029 869 699 170 150 401 368 160 254 298 149 81 149 229 342 249 98 49
internal_count=1760 209 160 1551 1528 1274 1253 1052 140 201 177 139 1029 869 699 170 150 401 368 160 254 298 149 81 149 229 342 249 98 49
is_linear=0
shrinkage=0.05


Tree=92
num_leaves=31
num_cat=0
split_feature=1 107 1 96 4 109 107 0 281 291 239 290 253 135 90 212 282 170 87 213 199 11 7 176 291 200 301 118 217 169
split_gain=0.202658 0.0384081 0.0308629 0.0214659 0.0199432 0.0146043 0.0110819 0.0109522 0.00985816 0.00963208 0.00960122 0.00957349 0.0111266 0.0092978 0.00928165 0.00928417 0.00919396 0.00936773 0.00924185 0.00881695 0.00875368 0.0115147 0.0225433 0.00830142 0.00810762 0.00842785 0.00740739 0.00729722 0.00688446 0.00825742
threshold=5.1956962464587759 0.03841932413016607 7.9601379881799934 0.10630283631224409 1.4978661367769956 0.093837300994678116 -0.060373169724980434 6.1537953943602615 -0.062124442159674782 -0.021630390981626793 -0.024514869908159365 0.0015368734724337414 -0.035094815008394113 0.00060132376549093319 0.25380170012930109 0.1124175318520038 0.028308349265301805 -0.037144623065494729 0.072923261823522198 -0.0057103389381814341 0.0029842893327969148 3.3945505675044245 0.75600651641289429 0.010122090552733632 -0.024057852714952067 0.0076784956584577515 0.0062936345132779039 -0.023458371940889931 0.083458029854253463 0.00036801276434119534
decision_type=2 2 2 2 2 2 2 2 2 2 2 2 2 2 2 2 2 2 2 2 2 2 2 2 2 2 2 2 2 2
left_child=3 2 26 4 5 6 10 8 -6 -7 -1 24 -13 -14 15 16 17 -8 27 -15 28 -22 -23 -4 -10 -26 -2 -18 -19 -30
right_child=1 -3 23 -5 7 9 14 -9 11 -11 -12 12 13 19 -16 -17 18 20 -20 -21 21 22 -24 -25 25 -27 -28 -29 29 -31
leaf_value=-0.0016857501696601201 -0.00046822101033864205 0.0034377392106266186 0.0014751796251882545 0.0012867688928963616 0.0009160189096851705 -0.00048887020814657699 0.00074374977177226798 0.001035757351666689 -0.00088076334941433743 -0.0019207592951715924 -0.00053676484742512303 0.00095038074133400288 0.00031313762103372001 0.00011655477693339992 -0.0012232844630489126 -0.0011029132048485013 -0.0010249273203953636 -0.00039512799757781576 -0.001437268108323527 -0.0007912368120192902 -0.00026525214655295982 0.0016847924485253836 4.1596935481232706e-05 0.0025600453350870384 -0.00040789281054783911 0.00023326770960372954 0.0007092379504362779 -0.00015530187748871477 0.00083178484907235812 -0.0004574481696497811
leaf_weight=24 22 22 110 24 26 23 31 25 48 24 75 36 116 54 24 29 32 299 24 53 109 28 82 21 134 83 34 98 27 23
leaf_count=24 22 22 110 24 26 23 31 25 48 24 75 36 116 54 24 29 32 299 24 53 109 28 82 21 134 83 34 98 27 23
internal_value=7.07959e-14 0.0014616 0.00122911 -0.000196953 -0.000220273 -0.000360704 -0.000316075 1.22321e-05 -3.42918e-05 -0.00122005 -0.000815307 -8.14446e-05 0.000134734 3.05996e-06 -0.000254755 -0.00022503 -0.000191221 -0.000102634 -0.00053579 -0.000333099 -0.000148827 9.89619e-05 0.000459865 0.00164909 -0.000292729 -0.000162656 0.000246665 -0.000369364 -0.000304316 0.000238738
internal_weight=1760 209 187 1551 1527 952 905 575 550 47 99 524 259 223 806 782 753 599 154 107 568 219 110 131 265 217 56 130 349 50
internal_count=1760 209 187 1551 1527 952 905 575 550 47 99 524 259 223 806 782 753 599 154 107 568 219 110 131 265 217 56 130 349 50
is_linear=0
shrinkage=0.05


Tree=93
num_leaves=31
num_cat=0
split_feature=1 104 0 97 1 92 7 11 279 294 2 131 308 305 138 124 288 324 214 281 11 298 310 333 9 89 148 233 99 264
split_gain=0.182899 0.0371973 0.0273587 0.0196052 0.0178923 0.0111663 0.0107225 0.0203601 0.00920813 0.00884429 0.00857995 0.00795842 0.00785481 0.0111684 0.0125611 0.00873888 0.00784081 0.0100865 0.0107815 0.00954576 0.0110638 0.00970064 0.0103059 0.00894436 0.0098148 0.0110153 0.00789848 0.00784046 0.00726908 0.00698939
threshold=5.1956962464587759 0.036799083749149433 10.968067845939002 0.21148667865716259 3.4175922930736511 0.22598830389169097 0.7748610816792636 3.8237577639751561 -0.026186417339686959 0.0031103304945037671 4.4476778084981978 0.0078119029890871107 -0.012922293864600981 0.012827680055933169 0.00020283831706043463 0.0014157302390326242 -0.014268053168359112 0.015291085091825161 0.0084870581359171981 -0.013958953756325528 2.5273349937733505 0.019656594918625609 0.0065534613883142861 0.035510263163017683 0.019257257893621534 -0.0085803207949337445 0.023596426141994243 0.023617274826021134 -0.010740763651128063 0.0049304930796840174
decision_type=2 2 2 2 2 2 2 2 2 2 2 2 2 2 2 2 2 2 2 2 2 2 2 2 2 2 2 2 2 2
left_child=3 2 10 4 12 6 7 16 -8 -10 -2 -11 -1 15 -15 -14 17 18 27 23 21 26 -23 24 25 -18 -21 -6 -27 -20
right_child=1 -3 -4 -5 5 -7 8 -9 9 11 -12 -13 13 14 -16 -17 19 -19 29 20 -22 22 -24 -25 -26 28 -28 -29 -30 -31
leaf_value=-0.00022934301613280152 0.00020629633422336504 0.0034390609199181203 0.0019050623572088388 0.0012618265909385747 -4.9701710943300911e-05 -0.0012759363799843761 -0.0013670251809041172 0.0014218615013701112 1.254296872229065e-05 -0.0010770345369774778 0.0010804446440831315 -7.4852848320006168e-05 -8.76918585302103e-05 -0.00082434136129450053 -0.002322024233095969 -0.0010599148248346816 3.992965331625393e-05 -0.0002902731118831403 0.00051201348930286869 -0.00022059291913500146 -9.0021633918335573e-05 -0.0020577366417273879 -0.00059245093919647234 -0.00057436027323832563 -0.00015317698734331015 0.00041973516826356689 -0.0011445460784411158 0.00099820248239363232 0.0015619731057086028 0.0016777958638522251
leaf_weight=94 52 20 76 23 119 21 24 23 93 52 61 32 59 42 21 38 56 93 36 133 278 20 30 43 96 26 28 21 30 20
leaf_count=94 52 20 76 23 119 21 24 23 93 52 61 32 59 42 21 38 56 93 36 133 278 20 30 43 96 26 28 21 30 20
internal_value=-9.16316e-13 0.00138852 0.00117153 -0.000187105 -0.000208915 -0.000132519 -0.000113355 -4.94211e-05 -0.000447976 -0.000323359 0.000678182 -0.000695251 -0.000592101 -0.000805221 -0.00132357 -0.000468563 -8.23069e-05 0.000138549 0.000342021 -0.00016856 -0.00029722 -0.00057021 -0.00117857 8.20952e-05 0.000217805 0.000535789 -0.00038128 0.000107484 0.00103165 0.000928364
internal_weight=1760 209 189 1551 1528 1274 1253 1052 201 177 113 84 254 160 63 97 1029 289 196 740 489 211 50 251 208 112 161 140 56 56
internal_count=1760 209 189 1551 1528 1274 1253 1052 201 177 113 84 254 160 63 97 1029 289 196 740 489 211 50 251 208 112 161 140 56 56
is_linear=0
shrinkage=0.05


Tree=94
num_leaves=31
num_cat=0
split_feature=1 104 1 303 211 216 151 1 8 102 0 123 230 141 250 312 197 208 104 5 336 267 0 278 0 311 301 106 92 233
split_gain=0.165066 0.0335706 0.0247759 0.0181845 0.0215491 0.0136537 0.0163921 0.0119557 0.0140642 0.0117203 0.0126016 0.0122408 0.0128921 0.0108158 0.012528 0.0107462 0.00971997 0.00952114 0.0087383 0.00843211 0.00833565 0.0107439 0.00803881 0.00800077 0.00799982 0.00737119 0.00679138 0.00610801 0.00597998 0.00557843
threshold=5.1956962464587759 0.036799083749149433 7.9601379881799934 0.055717953508154665 -0.014297747270685824 0.086188621523056619 -0.061668034098254394 2.249904835165133 0.40138888888888896 -0.028924390954087994 6.078787719222313 -0.050443971851590046 -0.017708225763721344 -0.059034800388201442 0.052487538248143485 -0.016080039219936993 -0.022837116770172177 0.0096761713836115912 0.0086698757023845434 3.5408542930527882 0.020567212809021278 -0.01333171191767419 10.968067845939002 0.05149579280651017 5.1957269410780187 -0.028673168232455949 0.0062936345132779039 -0.00070937613225295051 0.083317744782114928 0.089851156519623665
decision_type=2 2 2 2 2 2 2 2 2 2 2 2 2 2 2 2 2 2 2 2 2 2 2 2 2 2 2 2 2 2
left_child=3 2 26 5 -5 6 -1 -8 9 16 11 12 -11 -7 24 -12 17 -9 -6 22 -13 -22 -4 29 28 -23 -2 -27 -15 -18
right_child=1 -3 19 4 18 13 7 8 -10 10 15 20 -14 14 -16 -17 23 -19 -20 -21 21 25 -24 -25 -26 27 -28 -29 -30 -31
leaf_value=0.00085888407775200912 -0.00046108488736949359 0.0032671078032581141 0.0011828829687920974 0.0017336249514482917 0.00038395889328967313 0.00049054112954763699 -0.0011064234281158341 0.0010937922828862868 0.0011459271496505608 -0.0019096042826556817 0.0012145982377114706 -0.00042274882544670272 -0.00039986762515787456 -0.00057121096887199376 -0.0015834306570156644 -4.3633735484555861e-05 -5.1016433296709968e-05 -9.1010760758460199e-05 -0.00074490588303888217 0.00067134331620763996 -0.00065663449512191245 0.001113812640224668 0.0020529726863701323 -0.0007478328798569214 8.2594138952210932e-05 0.00049018819665327842 0.00067304290866807362 -0.00042133204132208932 -0.0015343396266689524 0.00078237897882486743
leaf_weight=38 22 20 47 25 60 20 35 39 20 26 20 466 31 83 35 112 230 30 24 26 41 22 61 39 39 40 33 34 20 22
leaf_count=38 22 20 47 25 60 20 35 39 20 26 20 466 31 83 35 112 230 30 24 26 41 22 61 39 39 40 33 34 20 22
internal_value=-2.05595e-12 0.00131909 0.00111295 -0.00017775 0.000444958 -0.00022482 -0.000163619 -0.00019581 -0.000168616 -0.000191438 -0.000298961 -0.000388155 -0.00108852 -0.000611601 -0.000736137 0.000147007 4.51129e-05 0.000578661 6.14261e-05 0.00147971 -0.000321952 2.09059e-05 0.00167432 -8.13984e-05 -0.000527297 0.000310272 0.000219392 7.13816e-05 -0.000758226 2.17403e-05
internal_weight=1760 209 189 1551 109 1442 1245 1207 1172 1152 792 660 57 197 177 132 360 69 84 134 603 137 108 291 142 96 55 74 103 252
internal_count=1760 209 189 1551 109 1442 1245 1207 1172 1152 792 660 57 197 177 132 360 69 84 134 603 137 108 291 142 96 55 74 103 252
is_linear=0
shrinkage=0.05


Tree=95
num_leaves=31
num_cat=0
split_feature=1 107 1 96 4 109 246 277 107 227 97 124 196 318 210 275 199 214 281 145 90 97 221 218 179 170 168 115 270 140
split_gain=0.148972 0.0324047 0.0223672 0.0178175 0.0158658 0.0122565 0.0094988 0.00929537 0.0091294 0.00868399 0.00861358 0.010481 0.00826666 0.00817946 0.0179287 0.00775129 0.010786 0.00894599 0.00830225 0.0080124 0.00774054 0.00803398 0.00890851 0.00847334 0.00736812 0.00735947 0.00686524 0.00673226 0.00657533 0.00636395
threshold=5.1956962464587759 0.03841932413016607 7.9893143675292855 0.10630283631224409 1.4978661367769956 0.093837300994678116 -0.014693425404143758 -0.048876116775587043 -0.060373169724980434 -0.00080875493798387391 -0.041437856252101737 0.0018900437199685981 -0.059905762718554731 0.033024625257174603 0.0082702700058253347 0.034342013826327601 -0.012708742272412796 0.0032791537592950833 -0.016861529460067068 -0.0004684936740398516 0.22177446495947448 0.1686549159209543 0.022624573307661589 0.0035552178071025279 0.025491364125702257 0.0097805697012050361 0.013827375842841315 0.020331828484825818 -0.06805634470614659 0.011476659104519995
decision_type=2 2 2 2 2 2 2 2 2 2 2 2 2 2 2 2 2 2 2 2 2 2 2 2 2 2 2 2 2 2
left_child=3 2 -2 4 5 8 7 -6 10 -7 -1 -12 -10 20 -15 16 19 -18 -19 -8 21 22 28 24 26 -4 -24 -9 -14 -30
right_child=1 -3 25 -5 6 9 15 27 12 -11 11 -13 13 14 -16 -17 17 18 -20 -21 -22 -23 23 -25 -26 -27 -28 -29 29 -31
leaf_value=-0.00011063413937032845 0.0002240704766430507 0.0030682804147628222 0.0011938554188474176 0.0011829022560656691 -0.0003786903285172543 -0.00031293647480197252 -0.00099850972080792015 0.00035806986730676729 -0.0012226610153447837 -0.0016875533753557615 -0.001801192096068657 -0.00050332788943446111 -0.0010275978893332649 -0.00015105377835818612 0.0014216108716330687 -0.00049055437012085403 3.8152414796898554e-05 0.0015728369806311095 0.00029580937648591185 -8.6543553650541159e-05 -0.0010536304024722557 -0.0010477323158868655 -3.4080065043941857e-05 0.0005337076007764644 0.00061493902206260327 0.002077737246309557 -0.00071383213052521809 0.0012635834274503093 -0.00011563727400857186 -0.0005738744808151487
leaf_weight=36 58 22 98 24 29 20 37 65 20 27 28 35 32 74 24 95 195 20 35 69 29 28 119 65 29 31 54 30 215 117
leaf_count=36 58 22 98 24 29 20 37 65 20 27 28 35 32 74 24 95 195 20 35 69 29 28 119 65 29 31 54 30 215 117
internal_value=1.25937e-12 0.00125314 0.00103959 -0.000168863 -0.000190108 -0.000315364 1.72709e-05 0.000404839 -0.000274479 -0.00110261 -0.000727603 -0.00108016 -0.000218823 -0.00019328 0.000234089 -8.92888e-05 1.77905e-05 0.000196999 0.000760183 -0.000404871 -0.000254155 -0.000218973 -0.000182198 3.71602e-05 -0.00012262 0.00140626 -0.000246257 0.000644022 -0.0003431 -0.000277124
internal_weight=1760 209 187 1551 1527 952 575 124 905 47 99 63 806 786 98 451 356 250 55 106 688 659 631 267 202 129 173 95 364 332
internal_count=1760 209 187 1551 1527 952 575 124 905 47 99 63 806 786 98 451 356 250 55 106 688 659 631 267 202 129 173 95 364 332
is_linear=0
shrinkage=0.05


Tree=96
num_leaves=31
num_cat=0
split_feature=1 247 1 97 1 106 19 9 275 84 130 264 1 324 308 325 272 290 286 258 181 221 147 83 331 198 92 252 200 159
split_gain=0.134447 0.0324514 0.0230511 0.0167537 0.0137507 0.0109894 0.0112113 0.0104973 0.0121281 0.0117332 0.0110178 0.0101709 0.00830914 0.00804963 0.00799161 0.00913743 0.00761819 0.00921646 0.00762591 0.00739395 0.00738279 0.00894639 0.00761853 0.00722649 0.00778458 0.00715375 0.00749882 0.00715115 0.00665526 0.00644869
threshold=5.1956962464587759 -0.025345519116648244 7.9601379881799934 0.21148667865716259 3.4175922930736511 0.12371410990414393 43.500000000000007 0.018903659233847916 0.022329927218054716 -0.12472100884295313 0.0040127106378180935 0.015996158679760387 4.8481086751891054 0.0095436613311405821 0.025825136656793018 -0.01136521379510662 -0.0064167322160792054 -0.0087193194186134908 -0.010312491390072875 0.012770992753308136 -0.0075182878420985812 0.048521372505368608 -0.04293053240143261 0.13711611634344348 -0.011515063962357189 -0.028078496998559781 0.095987943368830625 -0.015354204708253275 -0.0076501413661410759 -0.019684083053385416
decision_type=2 2 2 2 2 2 2 2 2 2 2 2 2 2 2 2 2 2 2 2 2 2 2 2 2 2 2 2 2 2
left_child=3 -2 -3 4 25 6 7 8 10 -9 11 29 20 -13 15 -10 19 -18 -19 -12 22 23 -11 24 -22 -1 -27 -16 -23 -6
right_child=1 2 -4 -5 5 -7 -8 9 14 12 16 13 -14 -15 27 -17 17 18 -20 -21 21 28 -24 -25 -26 26 -28 -29 -30 -31
leaf_value=-0.001400373217516712 0.0031057501808390954 2.8009203533850055e-05 0.0013054873802105596 0.0011790023043589748 0.00089910122009718594 0.00096941638975809132 -0.001279064074783708 0.00069710934840259151 6.7969384496488304e-05 0.00075825574723157024 -5.9460287637783631e-05 0.00059355479410245408 0.00010893117668379133 0.0018012898243879054 -0.00035437063022982331 -0.00082673783987187433 -0.00084281926166214461 0.00084452033433163624 -0.00025412560651959991 0.0010287567788543164 -0.00095326892156403381 0.00063645574219453225 -0.00022653902373836462 -0.0015401590046531055 -0.00037186483484314363 -0.00034992238140592476 -0.0013625263923313471 0.00098271137918345638 -0.00035323290704043905 8.1990321721205845e-06
leaf_weight=21 20 47 142 23 27 23 21 32 45 22 37 37 113 22 20 78 45 22 56 27 84 26 183 20 183 213 20 20 49 82
leaf_count=21 20 47 142 23 27 23 21 32 45 22 37 37 113 22 20 78 45 22 56 27 84 26 183 20 183 213 20 20 49 82
internal_value=-1.38303e-12 0.00119048 0.000987808 -0.00016042 -0.000180581 -0.000113607 -0.000133519 -0.000113961 5.72892e-05 -0.00023855 0.000221228 0.000515107 -0.000282581 0.0010439 -0.000299755 -0.000499406 -4.27917e-05 -0.000272996 5.57489e-05 0.000399631 -0.000360608 -0.00049638 -0.000120854 -0.000623446 -0.000554778 -0.000516503 -0.000436841 0.00031417 -1.01408e-05 0.000228881
internal_weight=1760 209 189 1551 1528 1274 1251 1230 518 712 355 168 680 59 163 123 187 123 78 64 567 362 205 287 267 254 233 40 75 109
internal_count=1760 209 189 1551 1528 1274 1251 1230 518 712 355 168 680 59 163 123 187 123 78 64 567 362 205 287 267 254 233 40 75 109
is_linear=0
shrinkage=0.05


Tree=97
num_leaves=31
num_cat=0
split_feature=1 8 1 97 216 1 8 336 112 296 142 212 213 134 123 167 84 293 19 88 211 275 89 309 203 301 316 171 218 286
split_gain=0.121339 0.0306431 0.0200007 0.0151202 0.0126812 0.0114423 0.0116083 0.00979917 0.0139773 0.00981488 0.00949857 0.00922403 0.00898907 0.010719 0.00925254 0.00886357 0.00934947 0.010716 0.00925557 0.00884709 0.00949501 0.00790998 0.00755952 0.00722742 0.00812919 0.0067095 0.00647239 0.00629824 0.00712961 0.00743267
threshold=5.1956962464587759 0.00795231771327389 7.9601379881799934 0.21148667865716259 0.086188621523056619 2.249904835165133 0.40138888888888896 0.026324148097722013 -0.051327365703869594 0.029559840201422185 -0.044541107261518338 -0.0046230498437986253 -0.0036085021985123949 0.0091107211352051687 0.016103918142350106 0.042098818170023457 0.073201480288490217 0.016420175937561371 16.225000000000005 0.0041071254972136493 -0.059946603518980214 -0.019939872267233576 0.017966364883710399 -0.035559903899191586 -0.01447755364269292 0.0062936345132779039 -0.040811483137134084 0.022898362897448146 0.0047055110120520745 0.019516874421424794
decision_type=2 2 2 2 2 2 2 2 2 2 2 2 2 2 2 2 2 2 2 2 2 2 2 2 2 2 2 2 2 2
left_child=3 2 25 4 5 -1 7 12 -9 11 -6 -10 21 14 15 16 17 18 -14 20 -12 -7 -16 -13 -25 -2 -23 28 -15 -30
right_child=1 -3 -4 -5 10 6 -8 8 9 -11 19 23 13 27 22 -17 -18 -19 -20 -21 -22 26 -24 24 -26 -27 -28 -29 29 -31
leaf_value=-0.0010072028856666295 -0.00061329293849190613 0.0028960722625594251 0.0012356861939642708 0.0011200522291841006 -0.0013946013304770792 0.00038090088704008786 0.0011042442184407263 0.0013881856459192932 -0.00049866100247634364 -0.00065128012662544511 0.00075945030082948508 0.0012526299513410779 -0.0010628767755561251 -0.00048099727451407503 -0.00035325292129831116 0.00020276095374669996 -0.00046955924193189534 -0.00023319839593023063 -0.0023471135960426181 -0.0012537994095160126 -0.00041139919790006137 0.00063772623834665873 0.00044044743516722176 0.00090578866046130179 -4.1898870868964071e-05 0.00056022982803526631 -0.00018431240110033771 0.00049984251601623941 0.0004887248394100295 -0.00063417293771635738
leaf_weight=35 21 22 137 23 28 104 20 22 34 39 20 22 47 81 105 29 142 25 20 26 129 26 42 33 72 29 303 48 56 20
leaf_count=35 21 22 137 23 28 104 20 22 34 39 20 22 47 81 105 29 142 25 20 26 129 26 42 33 72 29 303 48 56 20
internal_value=-2.06326e-12 0.00113096 0.000923297 -0.000152399 -0.000171552 -0.000115171 -9.09691e-05 -0.000109791 0.000191972 6.03888e-05 -0.000539552 0.000232781 -0.000173715 -0.000296587 -0.000444189 -0.000621767 -0.000723952 -0.0011166 -0.00144623 -0.000402744 -0.000254238 8.03503e-07 -0.000126481 0.0004286 0.000255946 6.73503e-05 -0.000119349 -1.38149e-06 -0.000154622 0.000193225
internal_weight=1760 209 187 1551 1528 1325 1290 1270 222 200 203 161 1048 615 410 263 234 92 67 175 149 433 147 127 105 50 329 205 157 76
internal_count=1760 209 187 1551 1528 1325 1290 1270 222 200 203 161 1048 615 410 263 234 92 67 175 149 433 147 127 105 50 329 205 157 76
is_linear=0
shrinkage=0.05


Tree=98
num_leaves=31
num_cat=0
split_feature=1 292 1 303 91 305 1 125 241 102 107 298 197 210 136 96 241 316 202 325 104 290 138 0 8 156 313 130 189 19
split_gain=0.109508 0.0286993 0.0211484 0.0145781 0.0189394 0.0121068 0.0107598 0.0100868 0.0139851 0.0113354 0.0085118 0.00872897 0.00979175 0.00837659 0.0113271 0.00796705 0.00855063 0.00778421 0.00895372 0.00781597 0.00754871 0.00722606 0.00771189 0.00747351 0.0108558 0.00821245 0.00728891 0.00697108 0.00651488 0.0064441
threshold=5.1956962464587759 0.022587742995055657 7.9601379881799934 0.055717953508154665 0.059362991770750627 0.081448646917097342 4.3241107269113215 -0.017956451198330826 -0.096074281656816904 -0.031377689937566858 -0.03144770871296159 -0.035554550353087189 -0.0018916526582082535 0.0082702700058253347 0.011626411498111276 0.052076913651506546 -0.0026860663301371442 0.05428982130686065 -0.017348699423722243 0.0034201279697415785 0.0086698757023845434 -0.0080322961028638003 0.016694588192449476 3.7726948748059121 0.25198412698412703 -0.021403544426923528 -0.017118044045890825 0.00036704949424876755 0.01519895277188321 16.708333333333339
decision_type=2 2 2 2 2 2 2 2 2 2 2 2 2 2 2 2 2 2 2 2 2 2 2 2 2 2 2 2 2 2
left_child=3 2 -2 5 20 6 7 17 -9 27 -8 12 -12 21 -15 -13 -17 18 19 -1 -5 22 26 -23 25 -25 -11 28 -10 -20
right_child=1 -3 -4 4 -6 -7 10 8 9 13 11 15 -14 14 -16 16 -18 -19 29 -21 -22 23 -24 24 -26 -27 -28 -29 -30 -31
leaf_value=-1.1733968858607114e-05 4.7539076068561477e-05 0.0028755547106266025 0.0012183214885320654 0.00039615678796840336 0.0018031088670250031 0.00090380605234531694 0.00076866059555698036 -0.0016640889902853153 2.698266910294355e-05 -0.00033255912518749634 0.0010980986759081604 -6.7415497576601209e-05 -4.1920946553849114e-05 -0.0018147673710094143 -0.00033777081617154185 -0.0015313149563735353 -0.00030079697133184404 -0.001003959384702501 2.9143470514416391e-05 0.001386119012022391 -0.0006164585897540047 -0.001182754129113164 -0.00015178353635499 -0.00083887910208432 0.00093725103593897082 -9.706364210794417e-05 -0.0012360417305793871 -0.00037946149303238867 0.0010190476248364735 -0.00056026175682951187
leaf_weight=20 54 20 135 63 20 25 32 22 59 33 31 324 48 27 25 20 48 21 184 20 26 20 44 50 20 147 69 68 23 62
leaf_count=20 54 20 135 63 20 25 32 22 59 33 31 324 48 27 25 20 48 21 184 20 26 20 44 50 20 147 69 68 23 62
internal_value=-2.90258e-12 0.00107441 0.000883812 -0.000144779 0.000412772 -0.000186924 -0.000206167 -0.000308378 -0.000426505 -0.000379963 -2.04397e-05 -7.40516e-05 0.000405429 -0.000509207 -0.00110467 -0.000170682 -0.000662714 -7.48185e-05 -6.59486e-06 0.000687193 0.000100337 -0.000428361 -0.000705067 -0.0002579 -0.00017266 -0.000285342 -0.000943739 -5.15539e-06 0.000305245 -0.000119406
internal_weight=1760 209 189 1551 109 1442 1417 914 607 585 503 471 79 435 52 392 68 307 286 40 89 383 146 237 217 197 102 150 82 246
internal_count=1760 209 189 1551 109 1442 1417 914 607 585 503 471 79 435 52 392 68 307 286 40 89 383 146 237 217 197 102 150 82 246
is_linear=0
shrinkage=0.05


Tree=99
num_leaves=31
num_cat=0
split_feature=1 247 1 96 4 0 109 311 291 283 218 287 107 97 156 283 256 259 202 266 83 258 302 232 96 248 291 197 165 7
split_gain=0.0988456 0.0293119 0.0170295 0.0144584 0.0116835 0.00973184 0.00972464 0.00853605 0.00829839 0.00760719 0.007449 0.00732054 0.00730225 0.00818656 0.00989135 0.00749668 0.0079293 0.0070269 0.00959634 0.0104201 0.011769 0.0100988 0.00951842 0.00923008 0.00849753 0.00675893 0.00667883 0.00643793 0.00668071 0.00627818
threshold=5.1590387842106482 -0.025345519116648244 7.9601379881799934 0.10630283631224409 1.4978661367769956 6.1537953943602615 0.093837300994678116 -0.047067529632194328 -0.021630390981626793 0.006329669052992256 0.00025048174674218132 0.0068925295364832091 -0.064736202077270585 -0.041437856252101737 -0.0028618574733164548 0.011821752467854316 0.060653465810941588 -0.078865662402743716 -0.017348699423722243 -0.0088623450210437126 0.16101817290060447 -0.029786991526486669 0.016893052168134168 0.014935546493530162 0.028090109246048739 0.016702216848488657 -0.0010310409484692218 -0.0040548770801707192 0.0045096014834903869 0.75600651641289429
decision_type=2 2 2 2 2 2 2 2 2 2 2 2 2 2 2 2 2 2 2 2 2 2 2 2 2 2 2 2 2 2
left_child=3 -2 -3 4 6 7 12 11 -8 26 -11 -6 13 -1 -15 17 -17 -14 22 24 -21 -22 -19 -23 -20 -12 27 28 -9 -4
right_child=1 2 29 -5 5 -7 8 9 -10 10 25 -13 15 14 -16 16 -18 18 19 20 21 23 -24 -25 -26 -27 -28 -29 -30 -31
leaf_value=-5.1390749919641347e-05 0.0028208026883658026 7.3906173955557675e-05 0.00028237577236723155 0.0010767482638281459 0.0010204809419091735 0.0010494397312868387 -0.00029045145904250529 0.00054732468953538362 -0.0016195169708225878 0.00049182992410020559 0.00010764848819521473 -0.00018506590073229744 -0.00086360632321210926 -0.00047438484782885227 -0.0019098982081881594 -0.00030776735875693889 -0.0011945175126519254 0.0010505992267910089 -0.00027157123066932535 -0.00013940524965404521 -0.00034780176462266934 0.00043760353375546404 -0.00030326177358801942 0.0016946437206807668 -0.0012970560898437448 -0.00074963333186573323 -4.3546919809762203e-05 -0.00078920371913515804 -0.00070217650558333843 0.001238108030371282
leaf_weight=31 20 56 20 24 34 22 23 23 24 88 89 20 27 28 21 253 28 37 166 180 22 40 20 23 23 31 163 82 20 122
leaf_count=31 20 56 20 24 34 22 23 23 24 88 89 20 27 28 21 253 28 37 166 180 22 40 20 23 23 31 163 82 20 122
internal_value=6.18986e-13 0.000996566 0.0008123 -0.000140889 -0.000160141 1.82481e-05 -0.000268004 -2.29996e-05 -0.000969123 -8.79935e-05 0.000142419 0.000573982 -0.000231349 -0.000687297 -0.0010896 -0.000186812 -0.000396127 -7.74855e-05 -3.59488e-05 -0.000112724 8.95712e-05 0.000574462 0.00057556 0.000896523 -0.000396366 -0.000113816 -0.000254402 -0.000529358 -3.38387e-05 0.0011035
internal_weight=1760 218 198 1542 1518 572 946 550 47 496 208 54 899 80 49 819 281 538 511 454 265 85 57 63 189 120 288 125 43 142
internal_count=1760 218 198 1542 1518 572 946 550 47 496 208 54 899 80 49 819 281 538 511 454 265 85 57 63 189 120 288 125 43 142
is_linear=0
shrinkage=0.05


Tree=100
num_leaves=31
num_cat=0
split_feature=1 104 0 96 4 0 109 199 311 281 291 7 199 212 212 270 240 8 101 241 206 202 82 135 211 270 190 258 315 146
split_gain=0.0892081 0.0268877 0.0174536 0.0130487 0.0105443 0.00878298 0.00877649 0.0078629 0.0103864 0.00809854 0.0074893 0.00702769 0.00684215 0.00765756 0.00719568 0.00937845 0.00875936 0.0104209 0.0115736 0.00827414 0.00908813 0.00774432 0.00704425 0.00693227 0.00683162 0.00663704 0.00644018 0.00642216 0.00583969 0.0057725
threshold=5.1590387842106482 0.036799083749149433 10.968067845939002 0.10630283631224409 1.4978661367769956 6.1537953943602615 0.093837300994678116 -0.012708742272412796 -0.045367725169606153 -0.015195773155920985 -0.021630390981626793 0.7536408624955816 0.040934771341725316 0.1124175318520038 0.034514292677337084 -0.06153068591195824 -0.013570503044413857 0.0030266063696046939 0.020741951184038186 -0.0014880941770604556 -0.022752540572506714 -0.017348699423722243 -0.019432301073340336 0.014459392920805459 0.0056810903229776851 0.018661826040371223 0.0088418463002043254 -0.019615277225486148 -0.014423240425874118 -0.0026042965856996393
decision_type=2 2 2 2 2 2 2 2 2 2 2 2 2 2 2 2 2 2 2 2 2 2 2 2 2 2 2 2 2 2
left_child=3 2 11 4 6 7 12 28 -9 -10 -8 -2 13 14 15 22 -16 -18 23 20 -17 -21 -1 26 -11 27 -19 -23 -6 -30
right_child=1 -3 -4 -5 5 -7 10 8 9 24 -12 -13 -14 -15 16 19 17 18 -20 21 -22 25 -24 -25 -26 -27 -28 -29 29 -31
leaf_value=-0.00030778508109506218 -0.00031208984114022723 0.0026939116824360103 0.0013650315415074338 0.0010229108767816797 0.00014886826158581987 0.00099696774890286515 -0.00027592888876350354 0.00086503125363378796 0.000382316070541632 -0.00023484381384790781 -0.0015385411214083435 0.00060204961393489945 -0.0010710656860559856 -0.00099635522496226213 -0.00033962555099725604 -0.0013382684945379599 -0.00019191872079547559 0.00034606046051521844 0.0014963265762410383 0.00077506205346219732 -0.00033332636803402649 -0.00036977516610932072 -0.0015783388761822911 0.00099122916138730949 0.00065436719305580484 -0.00051496230897360613 -0.00052267931305323152 0.00040110663178243814 -0.00015899246396050635 -0.00086163060135604303
leaf_weight=20 27 20 76 24 49 22 23 40 104 216 24 95 23 29 137 26 119 64 22 27 167 44 24 25 24 70 32 70 60 57
leaf_count=20 27 20 76 24 49 22 23 40 104 216 24 95 23 29 137 26 119 64 22 27 167 44 24 25 24 70 32 70 60 57
internal_value=-1.15321e-12 0.000946738 0.000770256 -0.000133845 -0.000152134 1.73357e-05 -0.000254603 -2.18496e-05 0.00010245 1.37774e-05 -0.000920667 0.00039974 -0.000219781 -0.00019743 -0.000170076 -0.000307611 -1.56516e-05 0.000153755 0.000441413 -0.000232113 -0.000468707 -1.5703e-05 -0.00100081 0.00024961 -0.000145923 -0.000131739 5.64805e-05 0.000103573 -0.000309385 -0.000501303
internal_weight=1760 218 198 1542 1518 572 946 550 384 344 47 122 899 876 847 448 399 262 143 404 193 211 44 121 240 184 96 114 166 117
internal_count=1760 218 198 1542 1518 572 946 550 384 344 47 122 899 876 847 448 399 262 143 404 193 211 44 121 240 184 96 114 166 117
is_linear=0
shrinkage=0.05


Tree=101
num_leaves=31
num_cat=0
split_feature=1 10 0 97 1 106 19 7 88 237 312 146 164 171 9 9 290 7 326 244 304 204 234 100 211 259 11 225 242 83
split_gain=0.0805104 0.0267043 0.0139065 0.0122644 0.00969047 0.00938852 0.00795543 0.00881745 0.00706546 0.00689547 0.00859283 0.00975877 0.00768319 0.00664259 0.00636137 0.00770366 0.00878232 0.00912688 0.00790265 0.00718426 0.00716304 0.00730936 0.00694084 0.00651828 0.00624402 0.00764711 0.00759339 0.00957211 0.00655669 0.00779468
threshold=5.1590387842106482 0.015497580587774855 10.987521849191557 0.21148667865716259 3.4175922930736511 0.12371410990414393 43.500000000000007 0.7748610816792636 -0.066627263079932289 -0.047239539107574786 0.05342076284196131 -0.00083449472699013733 0.018363592675996715 0.0037246958220895714 0.018903659233847916 0.014395890694851528 0.017466788339276569 0.30170526558359262 0.00033230159666434127 -0.042857638010223985 0.038397403319600912 -0.0051317341054765197 0.004417211926758099 -0.073002655706733741 -0.019988503785214422 0.019386661317456522 3.1417410714285716 -0.00076082220220601222 0.021916883856728093 0.11005629823759684
decision_type=2 2 2 2 2 2 2 2 2 2 2 2 2 2 2 2 2 2 2 2 2 2 2 2 2 2 2 2 2 2
left_child=3 2 -2 4 24 6 7 9 -9 12 14 -12 -6 -10 15 16 17 -11 22 -18 21 -19 -17 -16 25 -1 28 -28 29 -26
right_child=1 -3 -4 -5 5 -7 -8 8 13 10 11 -13 -14 -15 23 18 19 20 -20 -21 -22 -23 -24 -25 26 -27 27 -29 -30 -31
leaf_value=-0.00044155105781762605 0.00038241762417745741 0.0025511706110344016 0.0012489491790377847 0.0010187967326087148 -0.00053180160787439387 0.00091305339010432367 -0.0010713664232753217 -0.0010149773167636579 -0.00054709170853820108 0.0007712565543746071 9.4386135270514608e-06 -0.0011900585142757337 0.00024546271817471702 0.00012786166206541776 -0.00081193784113835405 -0.00039097674643226828 0.001194142178632319 8.788899264930349e-05 0.0010999920414178632 0.00021033318868527809 0.00047151162132370075 -0.00073025216432795741 0.00074353025130611584 -9.8235750454051031e-06 -0.00033353024704602401 -0.0016805894886783791 0.0008055480441945637 -0.00033628718444379048 -8.3302579166248756e-05 -0.0013530767374676717
leaf_weight=33 121 22 75 23 122 23 21 38 83 24 39 30 43 65 27 26 25 42 44 72 26 78 28 409 38 20 29 50 47 37
leaf_count=33 121 22 75 23 122 23 21 38 83 24 39 30 43 65 27 26 25 42 44 72 26 78 28 409 38 20 29 50 47 37
internal_value=6.55146e-13 0.000899401 0.000713999 -0.000127153 -0.000144504 -8.79147e-05 -0.000106451 -8.98556e-05 -0.00040681 -3.28956e-05 2.3308e-05 -0.000512082 -0.000329242 -0.000250659 6.94277e-05 0.00022343 8.42647e-05 -0.000132346 0.000602583 0.000463892 -0.000280884 -0.000443903 0.000197286 -5.94958e-05 -0.000426337 -0.000909113 -0.000299038 8.28675e-05 -0.000546338 -0.000836507
internal_weight=1760 218 196 1542 1519 1265 1242 1221 186 1035 870 69 165 148 801 365 267 170 98 97 146 120 54 436 254 53 201 79 122 75
internal_count=1760 218 196 1542 1519 1265 1242 1221 186 1035 870 69 165 148 801 365 267 170 98 97 146 120 54 436 254 53 201 79 122 75
is_linear=0
shrinkage=0.05


Tree=102
num_leaves=31
num_cat=0
split_feature=1 107 85 305 303 210 7 89 135 102 123 206 135 248 278 170 333 102 123 1 302 86 237 113 258 90 295 119 324 254
split_gain=0.0726606 0.0257575 0.0135767 0.0118867 0.0122736 0.0176728 0.00962803 0.00798514 0.012838 0.00815632 0.00842857 0.0131298 0.0123765 0.00777539 0.00734882 0.00736453 0.00701627 0.00667167 0.00665184 0.00642378 0.00697434 0.00680886 0.00746548 0.00928404 0.00722283 0.00890711 0.00765453 0.00637076 0.00611296 0.00571132
threshold=5.1590387842106482 0.03841932413016607 0.20997098758507224 0.086039783199755263 0.055717953508154665 -0.0021823349942951677 0.76978796186776377 -0.16524420371482582 -0.031863079557284735 -0.028924390954087994 -0.047745627649777696 -0.016274335620667421 0.021465930440538673 -0.077297794590764968 0.041383247709342853 -0.050374919554790058 0.0067300215014849439 0.0032954645733625234 -0.041602593482288723 4.8481086751891054 -0.0071972479743655357 -0.22180204799075762 0.0025141871796618572 -0.013940892588491757 -0.029786991526486669 -0.030291990959576392 0.025217782348148778 -0.00027800108924437404 -0.044764087172725224 0.007235069742627072
decision_type=2 2 2 2 2 2 2 2 2 2 2 2 2 2 2 2 2 2 2 2 2 2 2 2 2 2 2 2 2 2
left_child=3 2 6 4 7 27 -2 8 -1 14 11 -11 -13 -12 15 -9 -16 -4 -15 21 -21 29 -23 -24 -25 -26 -27 -6 -17 -20
right_child=1 -3 17 -5 5 -7 -8 9 -10 10 13 12 -14 18 16 28 -18 -19 19 20 -22 22 23 24 25 26 -28 -29 -30 -31
leaf_value=-0.0016433231087158555 -0.00049770686472820006 0.0024766524020709436 0.00043916870093777438 0.00098325357248540968 -0.00033193529320960032 0.0016443362581247294 0.00057882917439605489 0.0010304205251209762 -0.00029910851974422354 -0.0017355001412480222 0.00050101522129119896 5.0447075680660259e-05 -0.001352762022129768 0.00069556381313304891 -1.3186538475565614e-05 0.00085924634574136385 -0.00099076709484506868 0.0014642350314381092 -0.00032577113121409307 0.00096742422818871493 -7.3234958298322135e-05 -0.00040562197854784616 -0.00047528110996618409 -0.00036373619067628664 0.0011113980789323923 0.00029002333598714158 -0.00069318334220345914 0.0005590892912420843 2.2791044144551539e-05 -0.0014785644276777195
leaf_weight=23 27 22 22 24 47 22 90 23 78 22 41 55 22 20 50 24 29 57 22 21 69 331 97 59 27 113 24 35 243 21
leaf_count=23 27 22 22 24 47 22 90 23 78 22 41 55 22 20 50 24 29 57 22 21 69 331 97 59 27 113 24 35 243 21
internal_value=-9.09598e-13 0.000854431 0.000672345 -0.000120795 -0.00013825 0.000385986 0.000330398 -0.000176808 -0.000605217 -0.000143854 -0.000221767 -0.000658254 -0.00035047 -0.000170628 5.54695e-05 0.00017193 -0.000372045 0.00117877 -0.000204879 -0.000227849 0.000169586 -0.00027939 -0.000239139 -6.69335e-05 0.000110689 0.000281366 0.000117783 4.83801e-05 9.7978e-05 -0.000888763
internal_weight=1760 218 196 1542 1518 104 117 1414 101 1313 944 99 77 845 369 290 79 79 804 784 90 694 651 320 223 164 137 82 267 43
internal_count=1760 218 196 1542 1518 104 117 1414 101 1313 944 99 77 845 369 290 79 79 804 784 90 694 651 320 223 164 137 82 267 43
is_linear=0
shrinkage=0.05


Tree=103
num_leaves=31
num_cat=0
split_feature=1 247 1 96 1 106 170 307 97 220 7 19 154 106 237 312 324 279 294 191 175 211 102 239 291 233 139 332 9 220
split_gain=0.0655762 0.0252453 0.0128933 0.0109519 0.00841945 0.00833084 0.00742578 0.00905873 0.00802141 0.00762903 0.00698653 0.00756806 0.00702718 0.00739936 0.00747887 0.00835133 0.00660849 0.00656688 0.00650572 0.00722935 0.00594633 0.00778905 0.00609345 0.00636431 0.00594437 0.00949026 0.00833302 0.00714811 0.00595809 0.00562255
threshold=5.1590387842106482 -0.025345519116648244 9.007487355912172 0.10630283631224409 3.4175922930736511 0.12371410990414393 -0.037144623065494729 -0.026894369427320968 0.11027465292413026 0.016412590755217091 0.7748610816792636 43.500000000000007 0.059018520179506012 -0.039613426463551316 0.0031461944684889952 0.0032700267047497881 0.014585224592842184 -0.023026905766813762 0.0031103304945037671 0.011170302689634466 0.016437813403083239 -0.010363423304583215 -0.037801863397583346 -0.035151160600420138 -0.027837696102819626 0.092002269068447065 -0.0021034167655446562 -0.012392016210814554 0.023188600618362688 0.0049774760325816117
decision_type=2 2 2 2 2 2 2 2 2 2 2 2 2 2 2 2 2 2 2 2 2 2 2 2 2 2 2 2 2 2
left_child=3 -2 -3 4 24 6 7 -6 10 -9 11 12 13 -8 20 -16 29 -12 -19 -20 22 -22 -15 -24 26 27 -1 28 -26 -17
right_child=1 2 -4 -5 5 -7 8 9 -10 -11 17 -13 -14 14 15 16 -18 18 19 -21 21 -23 23 -25 25 -27 -28 -29 -30 -31
leaf_value=-0.00059172083037319014 0.0025046826578909533 0.00033236471137497578 0.0011686775037697485 0.00094499540039881449 0.0012300833971017884 0.00086416948546210067 0.0003218614199658987 -0.00017365035413261637 -0.00091469024264370093 0.00093542288406752057 -0.0011695702871899508 -0.00099509785705733864 -0.00086153259465936583 6.9766407014726673e-05 0.00031868770682762573 -0.00027375684675159088 -0.00064926503045717259 4.6834343466846469e-05 -0.00031354490854110652 -0.0014236238115699963 0.00072658949292792171 -0.00021784037397709223 -0.0011267047878655216 -0.00035544344134298927 0.00053282097564078868 -0.0015578755596652627 0.00060977550418747054 -0.00063765912324517313 -0.0004636806122956235 0.00045654790747187479
leaf_weight=27 20 125 73 24 21 23 140 69 32 20 24 21 25 71 189 60 50 76 55 20 34 61 31 195 30 20 31 116 30 47
leaf_count=27 20 125 73 24 21 23 140 69 32 20 24 21 25 71 189 60 50 76 55 20 34 61 31 195 30 20 31 116 30 47
internal_value=7.29766e-13 0.00081171 0.000640702 -0.000114755 -0.00013151 -7.87242e-05 -9.61993e-05 0.000295985 -0.000134343 7.55796e-05 -0.000111621 -5.67574e-05 -3.49355e-05 -1.13992e-05 -7.46193e-05 9.48008e-05 -0.000174719 -0.000401301 -0.000279192 -0.000609566 -0.000224158 0.000120166 -0.000334296 -0.000461236 -0.000394194 -0.000525774 5.04582e-05 -0.00040849 3.45702e-05 4.70312e-05
internal_weight=1760 218 198 1542 1518 1264 1241 110 1131 89 1099 924 903 878 738 346 157 175 151 75 392 95 297 226 254 196 58 176 60 107
internal_count=1760 218 198 1542 1518 1264 1241 110 1131 89 1099 924 903 878 738 346 157 175 151 75 392 95 297 226 254 196 58 176 60 107
is_linear=0
shrinkage=0.05


Tree=104
num_leaves=31
num_cat=0
split_feature=1 107 85 305 303 210 7 220 102 123 306 266 333 248 125 198 102 303 159 164 111 94 227 238 9 194 208 281 0 204
split_gain=0.0591825 0.0228929 0.0116986 0.0105959 0.0107664 0.0157511 0.00872245 0.00717889 0.00712551 0.00943985 0.00998245 0.00931349 0.00857612 0.00697405 0.00682305 0.00726794 0.006155 0.00583054 0.00569325 0.005519 0.00620945 0.00548406 0.00690188 0.00815366 0.00534983 0.00529392 0.00508266 0.00587564 0.00533246 0.00504842
threshold=5.1590387842106482 0.03841932413016607 0.20997098758507224 0.086039783199755263 0.055717953508154665 -0.0021823349942951677 0.76978796186776377 0.21498973104918664 -0.028924390954087994 -0.047745627649777696 -0.0058064012189220074 -0.012302129639989237 -0.024787962773979193 -0.077297794590764968 -0.019131395638189348 0.021701364915626364 0.0032954645733625234 0.089362733333353719 0.0053950494947741659 0.018816182594674404 -0.031244426939371333 0.028327140031811089 -0.0094586430699690385 0.011633350068620556 0.016420405522001729 0.0061098984260724472 0.015441862718009479 -0.053309715287257871 5.4951148343168761 0.0014978666671467303
decision_type=2 2 2 2 2 2 2 2 2 2 2 2 2 2 2 2 2 2 2 2 2 2 2 2 2 2 2 2 2 2
left_child=3 2 6 4 7 17 -2 8 12 10 11 -10 18 -11 15 19 -4 24 -1 20 -15 29 23 -23 -6 -12 27 -14 -28 -16
right_child=1 -3 16 -5 5 -7 -8 -9 9 13 25 -13 26 14 21 -17 -18 -19 -20 -21 -22 22 -24 -25 -26 -27 28 -29 -30 -31
leaf_value=0.00010215184419375503 -0.00050615437930564102 0.0023004824490106494 0.00035917081999782986 0.00093336697306464582 0.00033611784305389008 0.0015534651769981297 0.00051850393708769435 -0.001037751175665661 -0.0020050034986343235 0.00047261442124159304 -0.00066634343323042442 -0.00062957527634353036 0.00075830691074952488 0.00034674072619444426 -0.00033736162473556959 0.00070087304051932213 0.0013437457462331574 0.0007891064794966952 0.00090608004418754715 0.00038899683363814936 -0.00041705574264785543 -0.0015793254016898573 -0.00028514577642987633 -0.00046563559042711166 -0.0006006236015153783 0.0002734981605718876 -0.00084943188662983194 -5.5405764521130582e-05 -7.6002759222039751e-05 1.6819476142067603e-05
leaf_weight=49 27 22 22 24 27 22 90 23 20 41 31 32 25 35 222 35 57 20 40 47 111 27 133 42 35 29 39 197 52 184
leaf_count=49 27 22 22 24 27 22 90 23 20 41 31 32 25 35 222 35 57 20 40 47 111 27 133 42 35 29 39 197 52 184
internal_value=-2.48031e-13 0.000771124 0.000599461 -0.000109018 -0.000125498 0.000365497 0.000282044 -0.000161611 -0.000147124 -0.000219273 -0.000651533 -0.00115859 3.03766e-05 -0.00016407 -0.000195295 3.79656e-05 0.00106956 4.67742e-05 0.000463468 -8.22508e-05 -0.000233954 -0.000282767 -0.000495658 -0.000901427 -0.000192688 -0.000212087 -9.27708e-05 3.62285e-05 -0.000407472 -0.000176846
internal_weight=1760 218 196 1542 1518 104 117 1414 1391 989 112 52 402 877 836 228 79 82 89 193 146 608 202 69 62 60 313 222 91 406
internal_count=1760 218 196 1542 1518 104 117 1414 1391 989 112 52 402 877 836 228 79 82 89 193 146 608 202 69 62 60 313 222 91 406
is_linear=0
shrinkage=0.05


Tree=105
num_leaves=31
num_cat=0
split_feature=61 275 7 141 0 89 277 51 128 112 314 171 287 106 327 246 180 335 324 104 259 144 295 186 133 112 168 315 296 191
split_gain=0.0539009 0.0200863 0.0151641 0.0101529 0.0105855 0.0114046 0.00905741 0.00886953 0.00691538 0.0105217 0.00906082 0.00734113 0.00760631 0.00819959 0.00800084 0.00897027 0.00774303 0.00707451 0.00685104 0.00661751 0.00652799 0.00636478 0.00614299 0.00714825 0.00768616 0.00694409 0.00689429 0.0066662 0.00642522 0.00634955
threshold=3.0677824455408698 -0.023595465666369778 0.7536408624955816 0.10121221227309303 6.0980717572261449 -0.032996549061737913 0.084048494931481213 0.89587973461402759 0.03711479954533372 0.050991913259329537 -0.025165141195520532 -0.077940868978481501 0.035330937608274611 0.12371410990414393 0.039817868029453009 0.021465464023807161 -0.026214436437517339 -0.0021257224386650965 0.00050571857894049629 -0.0093897453700137069 -0.064314300016255821 -0.0067933638446414724 0.024874629829977273 -0.0068801960076040275 0.016447069050138614 0.040817641987029744 -0.02738430794150647 0.036257638881502817 -0.0026152735890852927 -0.013321989182633628
decision_type=2 2 2 2 2 2 2 2 2 2 2 2 2 2 2 2 2 2 2 2 2 2 2 2 2 2 2 2 2 2
left_child=3 -2 18 4 6 -6 7 8 11 10 -10 -1 13 14 16 -16 -13 21 -3 -8 -18 -14 23 25 27 29 -26 -25 -28 -22
right_child=1 2 -4 -5 5 -7 19 -9 9 -11 -12 12 17 -15 15 -17 20 -19 -20 -21 22 -23 -24 24 26 -27 28 -29 -30 -31
leaf_value=0.00079955047701895689 0.0022833483509852419 0.00044198745287888285 0.00093378759189137982 0.00095092126082264535 0.0013502469279046637 9.9111665221975195e-05 0.0012126541847828777 -0.0012298648823343685 0.00053557549545075751 -0.001382981954763333 -0.0005190390213875675 0.0003117055098785689 -0.0012473830923349976 0.00082444269016074636 -0.00020643168189313395 -0.0012063979894402579 -0.00073543145797263674 -8.4974618470975364e-05 -0.00085106297221500433 2.9068172667533736e-06 3.4622877306943803e-06 -0.00041356573756881214 -0.00037909168167316764 -0.00018670895215218918 0.0010890136493253522 -0.00040212223954897911 0.00053450606949101919 -0.0011354998135357165 -0.00038090486298797931 0.00077973513359799707
leaf_weight=21 21 21 113 23 20 204 20 20 26 27 94 120 37 24 70 33 41 75 20 26 43 60 139 249 20 28 36 20 41 68
leaf_count=21 21 21 113 23 20 204 20 20 26 27 94 120 37 24 70 33 41 75 20 26 43 60 139 249 20 28 36 20 41 68
internal_value=1.53167e-13 0.000832736 0.000634925 -9.19425e-05 -0.000107298 0.00021082 -0.000160556 -0.000185102 -0.000168675 -0.000491192 -0.000290539 -0.000126533 -0.000144149 -8.77684e-05 -0.00011188 -0.000526809 -5.87894e-05 -0.000449652 -0.000188769 0.000528884 -0.000123694 -0.00073162 -8.47476e-05 -3.73008e-06 -0.000119659 0.000301521 0.000261911 -0.000257251 4.70795e-05 0.000479017
internal_weight=1760 175 154 1585 1562 224 1338 1292 1272 147 120 1125 1104 932 908 103 805 172 41 46 685 97 644 505 366 139 97 269 77 111
internal_count=1760 175 154 1585 1562 224 1338 1292 1272 147 120 1125 1104 932 908 103 805 172 41 46 685 97 644 505 366 139 97 269 77 111
is_linear=0
shrinkage=0.05


Tree=106
num_leaves=31
num_cat=0
split_feature=61 275 7 97 0 8 215 294 267 186 269 325 275 226 186 142 324 140 242 106 194 188 159 150 276 247 165 214 84 232
split_gain=0.0486456 0.0181279 0.0136856 0.0104622 0.00832831 0.00876304 0.00874618 0.0079795 0.00718821 0.00905082 0.00698289 0.00691454 0.00841739 0.00652823 0.00647787 0.014047 0.00618306 0.00612002 0.00646907 0.00582732 0.00581502 0.00569991 0.00615225 0.0065006 0.00569503 0.00564395 0.00558407 0.00594491 0.0054585 0.00536036
threshold=3.0677824455408698 -0.023595465666369778 0.7536408624955816 0.21148667865716259 5.4138732270297307 0.038034960819770959 -0.081885545606318749 -0.0047661867823962168 -0.03703721982752884 -0.0068801960076040275 -0.0046336193707365945 -0.024725672550922298 -0.034781895891304405 -0.037202299575538944 -0.010966801712134717 -0.012062549534128804 0.00050571857894049629 0.018648328004851247 -0.0047810050906749498 -0.049578747484743314 -0.0068989617257106109 0.0060096987069614962 -0.028206711598370803 -0.01038943999348097 0.00094012983458854817 0.030611151772002621 0.014295449736905256 0.22178604406589944 -0.12472100884295313 -0.019578948031941944
decision_type=2 2 2 2 2 2 2 2 2 2 2 2 2 2 2 2 2 2 2 2 2 2 2 2 2 2 2 2 2 2
left_child=3 -2 16 4 6 8 -1 17 9 -6 -7 13 -13 -9 15 -14 -3 26 -19 -16 -11 22 23 -10 25 -23 27 -8 -24 -20
right_child=1 2 -4 -5 5 10 7 11 21 20 -12 12 14 -15 19 -17 -18 18 29 -21 -22 24 28 -25 -26 -27 -28 -29 -30 -31
leaf_value=-0.0012516889662947507 0.002169180996272536 0.00041988808453814795 0.00088709820631378443 0.00097128051920267557 0.00037166258587967608 2.362930714628998e-05 0.00020010684552779334 0.00078747106813352734 -0.0013037609029561282 -0.0014095054669517348 0.0012450219942256808 0.00015789070821483622 -0.0020852837356505915 -0.00017660214175050677 0.00012380826959908919 -0.00050317939386970581 -0.00080850981568801226 0.0011758708494016901 0.00068812579725503883 -0.00053772875636051102 -0.00042115723906887154 0.00026774936362575734 0.00059972446390681644 -0.00013202203301540099 -9.5994751522084699e-06 0.0010679540049022764 -0.00046370800623546349 -0.00057044734243273491 -7.4719537085663691e-05 -0.00036328356417706579
leaf_weight=20 21 21 113 23 25 22 130 22 20 22 25 50 20 87 41 47 20 20 22 177 46 83 33 29 125 30 78 31 330 27
leaf_count=20 21 21 113 23 25 22 130 22 20 22 25 50 20 87 41 47 20 20 22 177 46 83 33 29 125 30 78 31 330 27
internal_value=-1.17486e-12 0.000791099 0.000603179 -8.73453e-05 -0.000102933 1.11976e-05 -0.000219725 -0.000192279 -3.06855e-05 -0.000441836 0.000673306 -0.000327933 -0.000440485 1.79814e-05 -0.000545463 -0.000975449 -0.00017933 3.27379e-06 0.00041808 -0.000413311 -0.000740917 2.81407e-05 -8.43942e-05 -0.000610283 0.000222949 0.000480193 -0.000116482 5.17393e-05 -1.34064e-05 0.000108778
internal_weight=1760 175 154 1585 1562 790 772 752 743 93 47 444 335 109 285 67 41 308 69 218 68 650 412 49 238 113 239 161 363 49
internal_count=1760 175 154 1585 1562 790 772 752 743 93 47 444 335 109 285 67 41 308 69 218 68 650 412 49 238 113 239 161 363 49
is_linear=0
shrinkage=0.05


Tree=107
num_leaves=31
num_cat=0
split_feature=1 10 0 141 277 206 51 241 288 233 231 274 294 61 9 284 234 325 237 326 227 265 188 179 193 326 86 212 119 276
split_gain=0.0439434 0.0351018 0.0133158 0.0098161 0.00773324 0.00765885 0.00689915 0.00765372 0.00691806 0.0089835 0.00618972 0.00617564 0.00609643 0.00788257 0.00760709 0.00635663 0.00612649 0.00679573 0.00657847 0.00754018 0.00628743 0.00864804 0.00594812 0.00591856 0.00910567 0.00553476 0.00543687 0.00516048 0.00478282 0.00478175
threshold=4.8559213341406453 0.050179856115107925 10.968067845939002 0.10121221227309303 0.084048494931481213 0.015914653260857503 0.89587973461402759 -0.10525957269969062 -0.043071663310036333 0.054229284193405704 0.00323875753621619 0.020906594688913163 0.063758564059846715 1.0000000180025095e-35 0.020654105936722362 -0.058425248551508852 0.0058758210385893928 0.020053601925499241 0.019389993791230572 0.010562218412027737 -0.001606175099109204 -0.0021962322949605467 9.8630454979890347e-05 0.0043263582136539875 -0.0017404005467681063 -0.01183516740658583 -0.21587822324625525 0.037657067425859822 0.0025624787281910556 -0.06293847010579337
decision_type=2 2 2 2 2 2 2 2 2 2 2 2 2 2 2 2 2 2 2 2 2 2 2 2 2 2 2 2 2 2
left_child=3 2 5 4 6 11 7 -1 9 10 -9 -2 14 -14 15 -10 17 20 19 -18 21 27 -6 24 -19 -22 -16 -17 -4 -28
right_child=1 -3 28 -5 22 -7 -8 8 12 -11 -12 -13 13 -15 26 16 18 23 -20 -21 25 -23 -24 -25 -26 -27 29 -29 -30 -31
leaf_value=-0.00095349878829438246 0.00021462849806415022 0.0025318614410934971 0.00061588773227116208 0.00089886670188127978 -2.6320429053157571e-05 0.0011104640057532206 -0.0010637011539074593 -0.0004040854303336043 -0.0005758101653317799 0.0011308988672681154 0.00034454486395518941 -0.00054355837937985216 -0.00010863850576032957 -0.001365237326535862 -0.00096868176705255699 -0.00054647058102461792 -0.00029727599810913506 -0.001672099735296797 0.00062776618605615419 0.0005655426020780397 0.0002462161592046293 0.00093016601794691897 0.0011151349941168778 3.589080267280726e-05 -0.00022755268000764774 -0.00041290384261219015 0.00028435092972358691 0.00038560611710911899 0.0013945764840834519 -0.00028407481764264976
leaf_weight=29 201 20 49 23 25 21 21 48 46 22 65 31 26 24 27 27 69 20 75 40 49 38 21 29 24 91 40 33 33 493
leaf_count=29 201 20 49 23 25 21 21 48 46 22 65 31 26 24 27 27 69 20 75 40 49 38 21 29 24 91 40 33 33 493
internal_value=-4.99512e-13 0.000497032 0.00037555 -0.000125585 -0.000142634 0.000196086 -0.000164581 -0.000150222 -0.000132108 0.000206512 2.65426e-05 0.000113319 -0.000171825 -0.000711806 -0.000147302 -1.35871e-05 3.86599e-05 -9.66414e-05 0.000267349 1.93547e-05 3.28023e-05 0.000339965 0.000494779 -0.000518663 -0.000884165 -0.000182212 -0.000276481 -3.38284e-05 0.000929262 -0.000241416
internal_weight=1760 355 335 1405 1382 253 1336 1315 1286 135 113 232 1151 50 1101 541 495 311 184 109 238 98 46 73 44 140 560 60 82 533
internal_count=1760 355 335 1405 1382 253 1336 1315 1286 135 113 232 1151 50 1101 541 495 311 184 109 238 98 46 73 44 140 560 60 82 533
is_linear=0
shrinkage=0.05


Tree=108
num_leaves=31
num_cat=0
split_feature=61 169 311 97 81 160 19 0 229 203 5 88 7 227 257 217 11 200 200 184 104 216 330 89 191 335 194 93 136 11
split_gain=0.0402813 0.0168108 0.0103993 0.00985014 0.00768442 0.0124949 0.00959778 0.00757352 0.00944258 0.00962488 0.00597689 0.00588748 0.00565461 0.00686788 0.00726179 0.00610325 0.00613725 0.00793026 0.00632606 0.00786223 0.00673545 0.00609786 0.00581922 0.00943719 0.0066295 0.00528904 0.00530451 0.00693731 0.00467162 0.00468577
threshold=3.0677824455408698 -0.0096135468308509928 0.013287189847505489 0.21148667865716259 -0.50853409005428885 -0.018260538594312228 15.958333333333334 3.9981586158983733 0.015757181848771718 0.0051574086389844466 3.5408542930527882 0.087234732120640299 0.76563062645011615 -0.02715417910774057 -0.0083856907988067945 -0.13320969720660664 3.3945505675044245 0.010141650733501045 0.0068352941280944947 -0.0001104520542987847 0.064568127797238528 0.015293966611831784 0.0066725860204752919 0.048508460826420331 0.0028360374497371703 -0.025225036280700847 -0.0040021895143226719 0.0051816576145739769 0.0079751811475985909 2.6264534883720931
decision_type=2 2 2 2 2 2 2 2 2 2 2 2 2 2 2 2 2 2 2 2 2 2 2 2 2 2 2 2 2 2
left_child=3 -2 10 4 5 -1 -7 8 9 -6 11 -3 15 14 -14 -9 18 21 19 20 -17 -18 23 -20 -25 -15 -27 -28 -24 -30
right_child=1 2 -4 -5 7 6 -8 12 -10 -11 -12 -13 13 25 -16 16 17 -19 22 -21 -22 -23 28 24 -26 26 27 -29 29 -31
leaf_value=-0.00079990038345567876 0.0020841394754825163 0.0014138974463899752 -0.00041298676624137445 0.00094771328706132337 -0.0018111215232321145 0.00023899872400561127 0.0013991435219178954 -0.0008094644423108548 -8.8026474033289686e-05 -0.0004436650163693083 2.3713913513347508e-05 0.00062153372767260041 -0.0013686743671244657 0.0004210084023387546 -0.00035159858341136935 -5.9382062553923543e-05 0.00032009131787344815 -0.0001549485833998511 0.00011432568019384291 -0.00032844018481371586 0.0006617354449668998 0.00149142335227225 -0.00041258718333994984 0.0016242318146396429 0.00033684083493426445 9.6561580362940241e-05 -0.00025341964659534054 -0.0011665521927240591 -0.00022459440235979858 0.00078852239807712893
leaf_weight=25 20 35 24 23 22 118 21 25 58 31 25 71 26 35 54 219 25 36 147 304 38 20 69 20 20 73 104 26 25 21
leaf_count=25 20 35 24 23 22 118 21 25 58 31 25 71 26 35 54 219 25 36 147 304 38 20 69 20 20 73 104 26 25 21
internal_value=-6.40315e-13 0.000719881 0.000543848 -7.94822e-05 -9.46073e-05 0.000229185 0.000414272 -0.000132592 -0.000528863 -0.00101129 0.000719146 0.000883163 -9.84143e-05 -0.000281363 -0.000682148 -3.83753e-05 -1.79545e-05 0.00039818 -5.70123e-05 -0.000156336 4.72423e-05 0.000840683 0.000127493 0.000299611 0.000980536 -0.000146646 -0.000244517 -0.000436046 -0.000152386 0.000237915
internal_weight=1760 175 155 1585 1562 164 139 1398 111 53 131 106 1287 318 80 969 944 81 863 561 257 45 302 187 40 238 203 130 115 46
internal_count=1760 175 155 1585 1562 164 139 1398 111 53 131 106 1287 318 80 969 944 81 863 561 257 45 302 187 40 238 203 130 115 46
is_linear=0
shrinkage=0.05


Tree=109
num_leaves=31
num_cat=0
split_feature=0 10 0 141 277 51 128 274 167 287 106 327 246 121 104 107 239 180 276 164 106 336 209 206 306 213 313 201 113 102
split_gain=0.0372082 0.0378372 0.0117403 0.00907021 0.00707922 0.00840236 0.00717997 0.00801057 0.0092721 0.00643953 0.00692819 0.00723303 0.00834752 0.007927 0.00574346 0.0054545 0.0130598 0.00675857 0.00531828 0.00537825 0.00588791 0.0059264 0.00510449 0.00508464 0.00493829 0.00500354 0.00492295 0.00485892 0.0047822 0.00645139
threshold=6.0980717572261449 0.042644117112202222 10.968067845939002 0.10121221227309303 0.084048494931481213 0.89587973461402759 0.03711479954533372 0.017434825092671958 -0.0049610772852150924 0.047938837192112796 0.12371410990414393 0.039817868029453009 0.012454617846462452 -0.0084234848748490736 -0.0093897453700137069 -0.061920013223642385 -0.020304651581103911 -0.026214436437517339 -0.057217498068262186 0.017251181694338789 0.013755836843771336 0.023627139476502881 0.043206658251042744 0.015914653260857503 0.015898204451940904 0.00043676506635996715 0.0045821671466619359 -0.0022220950912752008 0.018338912767770842 -0.052811225186060663
decision_type=2 2 2 2 2 2 2 2 2 2 2 2 2 2 2 2 2 2 2 2 2 2 2 2 2 2 2 2 2 2
left_child=3 2 23 4 5 6 9 22 -9 10 11 15 -13 -14 -6 16 -1 -17 -19 20 21 24 -8 -2 27 -26 -23 -20 29 -21
right_child=1 -3 -4 -5 14 -7 7 8 -10 -11 -12 12 13 -15 -16 17 -18 18 19 28 -22 26 -24 -25 25 -27 -28 -29 -30 -31
leaf_value=-0.0014920654634590306 0.00010023926675525478 0.0025566283159423621 0.00084685720039709769 0.00086459919946956561 0.0011100260549574161 -0.0011750365664192942 -0.00077126970822324187 -0.0017165251617805789 -0.0003821667111090695 -0.0004784623901821974 0.00077750608470523736 -7.448199405010454e-05 -0.00018504958861740307 -0.0014789728363494164 -1.7000047787755296e-05 0.00034726407801856352 -8.9201396348229697e-05 -0.00049952582649878978 -0.00053751582688074825 0.00090293094783026558 -0.00035199378684495935 0.00012870320465849914 2.5908859868035458e-05 0.00087684797421705137 0.00082866931418091282 -2.0839072609445656e-05 0.0010731915791190906 -1.4862152690947362e-05 0.00090107762747114375 -4.3655913587928e-05
leaf_weight=21 252 20 82 23 20 20 28 23 30 102 24 61 20 29 26 124 79 61 71 22 149 37 71 23 26 52 22 119 24 99
leaf_count=21 252 20 82 23 20 20 28 23 30 102 24 61 20 29 26 124 79 61 71 22 149 37 71 23 26 52 22 119 24 99
internal_value=1.42114e-12 0.000440325 0.000321765 -0.000120031 -0.000136683 -0.000158027 -0.000142308 -0.000465139 -0.000961228 -9.9339e-05 -6.21557e-05 -8.19903e-05 -0.00046486 -0.000950841 0.000473011 -3.5505e-05 -0.000383803 7.70817e-06 -5.40293e-05 -1.02687e-05 -9.14817e-05 2.72226e-05 -0.000199556 0.000165192 -7.26509e-05 0.00026233 0.000480885 -0.00021017 0.000256334 0.000128451
internal_weight=1760 377 357 1383 1360 1314 1294 152 53 1142 1040 1016 110 49 46 906 100 806 682 621 476 327 99 275 268 78 59 190 145 121
internal_count=1760 377 357 1383 1360 1314 1294 152 53 1142 1040 1016 110 49 46 906 100 806 682 621 476 327 99 275 268 78 59 190 145 121
is_linear=0
shrinkage=0.05


Tree=110
num_leaves=31
num_cat=0
split_feature=1 82 102 193 141 2 303 265 218 284 109 291 51 152 145 86 1 10 138 294 221 160 8 186 299 93 201 19 163 149
split_gain=0.0335894 0.0282562 0.0106879 0.0104273 0.00810981 0.00808766 0.00628544 0.00906458 0.00736978 0.00643186 0.00616093 0.00730759 0.0064944 0.00595448 0.00526798 0.00516669 0.00540832 0.00680816 0.00598684 0.00559292 0.00837975 0.00670443 0.00617751 0.00775445 0.00595727 0.00628376 0.00539383 0.00894582 0.00513131 0.00510805
threshold=4.8559213341406453 0.087367333742116485 0.028519385108746385 0.011350792832544459 0.10121221227309303 5.772938282554958 0.055717953508154665 0.010923535293223941 -0.11929624574601025 -0.014352918112352604 0.093837300994678116 -0.021630390981626793 0.89587973461402759 -0.0015937606105141371 -0.00033779824095963305 -0.12831405394393966 4.3107766033702406 0.04210992907801419 0.0020782553353452865 -0.0049554041515742255 0.050238268467084533 0.007614687721213792 0.30429292929292934 0.0032288485636554078 -0.022475014617305212 0.049122008780605977 0.011949046453208288 13.577380952380954 0.0073098451184820104 0.0039386780634378836
decision_type=2 2 2 2 2 2 2 2 2 2 2 2 2 2 2 2 2 2 2 2 2 2 2 2 2 2 2 2 2 2
left_child=4 2 3 5 6 -2 8 14 9 -1 12 -12 15 -5 -8 28 19 -18 -19 22 26 -22 23 24 -17 -26 29 -28 -10 -21
right_child=1 -3 -4 13 -6 -7 7 -9 10 -11 11 -13 -14 -15 -16 16 17 18 -20 20 21 -23 -24 -25 25 -27 27 -29 -30 -31
leaf_value=-0.00025495017574333665 0.00022980344639423635 0.0022602107201237231 0.0014463683858048171 -0.0010294936713762582 0.00082136924975202425 0.000893056649745292 -0.00061470740428194411 0.0010608974486016312 -0.00020547593463461828 0.00047546514057709532 -0.00014515928455891656 -0.0014198011928370266 -0.0010643798229284585 8.8178516755131289e-05 0.00028362939286880458 -0.0010012961948538352 -6.1922308406690683e-05 0.00015058741341099929 0.0011726514203473926 -0.00054881851650415018 -0.00024963251676336562 0.00056088335175965242 0.0007121324928728148 0.00017544190958556066 7.70300999355652e-06 -0.00098194987658644099 -0.00049461240376361083 -0.0017131606470502448 -0.00087972049303299048 -6.4248111588172973e-05
leaf_weight=48 208 20 20 22 23 59 25 26 73 81 23 22 20 26 47 29 217 38 23 114 65 42 26 131 81 20 61 20 46 104
leaf_count=48 208 20 20 22 23 59 25 26 73 81 23 22 20 26 47 29 217 38 23 114 65 42 26 131 81 20 61 20 46 104
internal_value=-7.33063e-13 0.000434549 0.000325554 0.000254391 -0.000109797 0.000376365 -0.000125294 0.000260676 -0.000154753 0.000203683 -0.000194786 -0.000768318 -0.000171535 -0.000424088 -2.82931e-05 -0.000155152 -0.000117043 6.92668e-05 0.000535956 -0.000191782 -0.000311209 6.85139e-05 -2.28373e-05 -9.60527e-05 -0.000369636 -0.000188268 -0.000447096 -0.000795489 -0.000466108 -0.000317647
internal_weight=1760 355 335 315 1405 267 1382 98 1284 129 1155 45 1110 48 72 1090 971 278 61 693 406 107 287 261 130 101 299 81 119 218
internal_count=1760 355 335 315 1405 267 1382 98 1284 129 1155 45 1110 48 72 1090 971 278 61 693 406 107 287 261 130 101 299 81 119 218
is_linear=0
shrinkage=0.05


Tree=111
num_leaves=31
num_cat=0
split_feature=0 10 0 267 138 211 198 243 147 307 250 95 132 233 294 135 148 334 155 113 154 166 242 145 81 150 144 287 98 186
split_gain=0.031026 0.0324699 0.00957796 0.00800764 0.0229832 0.00535284 0.00573024 0.00580787 0.00510119 0.00664164 0.00648151 0.010173 0.00698715 0.00639263 0.00588866 0.00698885 0.00733375 0.00658049 0.00636669 0.00519561 0.00500483 0.00497457 0.00506247 0.00472613 0.00468246 0.00457609 0.00641139 0.00544461 0.00464345 0.00504421
threshold=6.0980717572261449 0.042644117112202222 10.968067845939002 0.073302367348293387 -0.0040977674234634991 -0.13553185922124197 -0.030366687581113362 0.016702459302048122 -0.035790942223938728 -0.011198645412442827 0.032761601022320154 -0.082634502140466831 -0.033371813082778104 0.0098195258428632401 -0.0044493489046865771 -0.005173065074966802 -0.022791650930531145 0.01754139209284632 -0.023758529331987372 -0.015887961893182721 0.014578401315481002 0.030023693191371451 -0.044976566924645238 0.0045494530135351428 -0.50853409005428885 -0.011218328068200592 -0.021786988808945893 -0.037607849748542151 0.01234464305059545 0.00053741278576312711
decision_type=2 2 2 2 2 2 2 2 2 2 2 2 2 2 2 2 2 2 2 2 2 2 2 2 2 2 2 2 2 2
left_child=3 2 -2 5 -5 -1 7 -7 9 13 14 -12 -13 -8 21 17 20 18 -16 -14 -17 22 -10 -19 -18 -24 -27 -28 -29 -30
right_child=1 -3 -4 4 -6 6 8 -9 10 -11 11 12 19 -15 15 16 24 23 -20 -21 -22 -23 25 -25 -26 26 27 28 29 -31
leaf_value=-0.00080660589075454603 0.00015083375060029623 0.0023625479522161189 0.00076653117931727607 -0.00028439931952193177 0.0017865931071961922 -0.00027006247144390242 0.0002154392207825474 -0.0011284987623803317 0.00052732798023160201 -8.8675658349902968e-05 -0.001102897862717957 0.00041093212453738992 -0.0010084913445797821 0.0013419933096156457 -0.00062808202901145542 -0.00027143143600804486 0.00018558583067952779 -0.00082733928406234945 0.00030342745767986096 -0.0002167080312079527 0.00081005217129131784 0.0006002173531063212 0.00025678526662557989 4.7569113767481057e-05 -0.00057156845859436132 0.00040868147161499775 0.00037427205534186215 -0.00021961899102102141 -0.0013691472169264909 -0.00036981740953966177
leaf_weight=29 275 20 82 37 21 93 34 25 43 78 39 36 26 20 21 23 23 33 145 102 20 42 83 29 182 37 24 87 23 28
leaf_count=29 275 20 82 37 21 93 34 25 43 78 39 36 26 20 21 23 23 33 145 102 20 42 83 29 182 37 24 87 23 28
internal_value=4.72123e-13 0.000402084 0.000292254 -0.000109607 0.000465443 -0.000134778 -0.000119745 -0.000451935 -8.647e-05 0.000206425 -0.000123432 -0.000377066 -0.00020446 0.000632681 -6.2355e-05 -0.000178391 -0.000362092 2.14235e-05 0.000185586 -0.000377539 0.000231584 8.81445e-05 2.19689e-05 -0.000418108 -0.000486619 -5.50894e-05 -0.000185168 -0.0003208 -0.000441682 -0.000820496
internal_weight=1760 377 357 1383 58 1325 1296 118 1178 132 1046 203 164 54 843 476 248 228 166 128 43 367 325 62 205 282 199 162 138 51
internal_count=1760 377 357 1383 58 1325 1296 118 1178 132 1046 203 164 54 843 476 248 228 166 128 43 367 325 62 205 282 199 162 138 51
is_linear=0
shrinkage=0.05


Tree=112
num_leaves=31
num_cat=0
split_feature=1 336 97 7 245 288 95 241 1 166 242 277 237 7 11 19 1 165 96 298 275 232 250 312 272 225 144 148 104 284
split_gain=0.0281694 0.0212745 0.00990674 0.00775969 0.00586796 0.0078522 0.0101556 0.00784137 0.00585561 0.00538373 0.0065847 0.00676128 0.00586492 0.00520984 0.00867534 0.00817915 0.0070522 0.00694016 0.00604782 0.00496382 0.00516133 0.00662951 0.00492273 0.00486816 0.00473081 0.00467237 0.00555847 0.00536345 0.00510353 0.00460423
threshold=5.0657496176235997 0.017418757965872906 0.21148667865716259 0.7536408624955816 0.012435807654047493 -0.043071663310036333 0.017529217387726496 -0.096074281656816904 8.9804851943641335 0.028911671102613241 -0.034271152573227368 -0.056922755509237352 -0.047239539107574786 0.77435448717948729 2.5273349937733505 9.3779761904761916 4.3372693810700085 -0.025046722699145121 0.008410371508199883 0.0030421988027664738 0.036665556886964552 -0.00042758166145690147 0.025881978018761551 0.033962633258927406 -0.0085047889177940622 0.0087768081278417013 0.00090968665680980461 -0.0029585296873445841 0.04187822803351602 -0.0010137860133255876
decision_type=2 2 2 2 2 2 2 2 2 2 2 2 2 2 2 2 2 2 2 2 2 2 2 2 2 2 2 2 2 2
left_child=2 3 4 -2 5 6 -1 -6 -5 10 22 -12 -13 14 15 16 -7 -16 -15 20 21 -17 -9 -14 -23 26 27 29 -27 -19
right_child=1 -3 -4 8 7 13 -8 9 -10 -11 11 12 23 18 17 19 -18 25 -20 -21 -22 24 -24 -25 -26 28 -28 -29 -30 -31
leaf_value=8.6852466599826811e-05 -0.00038145893360100065 0.002069372986443341 0.00095132019259440512 0.00026596533216355096 -0.0010738126563060529 -0.00131012679715962 0.0012306547764671485 0.00024846980947425918 0.00084598672384994912 0.00016039342750758887 -0.001102400600813843 -0.00081114099640275372 -0.00012190672576527402 -0.0001551689901437688 -0.00034545325880256305 -0.00019495511670388155 -0.00016419138992205263 0.00044572153710760177 -0.0010001419407853975 -0.00037942471514305421 -0.0004476524131277051 0.0011754272278631107 -0.00062338331834325804 -0.00085962186870165182 0.00027743591625370429 -0.00015265780669418245 8.6518249713458123e-05 0.00022501452930837648 0.00071217196760699165 0.0012882508671121769
leaf_weight=69 30 20 23 115 26 29 27 85 70 93 29 47 212 72 67 58 25 31 30 104 39 20 20 25 55 116 111 58 20 34
leaf_count=69 30 20 23 115 26 29 27 85 70 93 29 47 212 72 67 58 25 31 30 104 39 20 20 25 55 116 111 58 20 34
internal_value=1.01091e-12 0.000509569 -7.85238e-05 0.000364471 -9.42937e-05 -2.05708e-05 0.000408547 -0.000226775 0.000485433 -0.000183677 -0.000260229 -0.000375169 -0.00030091 -6.79762e-05 -2.33311e-05 -0.000216839 -0.000779601 0.000122796 -0.00040369 -0.000106734 5.81493e-05 0.000206467 8.24025e-05 -0.000199725 0.0005169 0.000207588 0.000343044 0.000574543 -2.5477e-05 0.000886429
internal_weight=1760 235 1525 215 1502 965 96 537 185 511 418 313 284 869 767 330 54 437 102 276 172 133 105 237 75 370 234 123 136 65
internal_count=1760 235 1525 215 1502 965 96 537 185 511 418 313 284 869 767 330 54 437 102 276 172 133 105 237 75 370 234 123 136 65
is_linear=0
shrinkage=0.05


Tree=113
num_leaves=31
num_cat=0
split_feature=81 336 96 160 85 123 224 328 266 281 285 307 332 202 1 208 206 273 334 142 223 294 282 273 296 314 307 309 153 324
split_gain=0.0258212 0.0182193 0.00966053 0.00871248 0.00698836 0.00548954 0.00700356 0.00622333 0.00996637 0.00575459 0.00601285 0.00581388 0.00551586 0.00702745 0.00698544 0.00556351 0.00550744 0.00591732 0.0089438 0.00773259 0.00506002 0.00471221 0.0046344 0.00755304 0.00468228 0.00416623 0.0040406 0.00385773 0.0050452 0.00381136
threshold=-0.50645241268469188 0.020567212809021278 0.10630283631224409 -0.018260538594312228 0.20306578289346125 -0.017951157559659904 -0.12367749449278241 0.0017241196732004365 -0.043477770791999895 -0.045429198047839757 -0.011980086102880977 -0.058945830327161094 -0.011341716255273531 -0.018376362011430763 4.8481086751891054 -0.0087246571952041847 -0.025841850079833004 0.0032675217148817352 1.0000000180025095e-35 0.00026334798252842547 0.05202459545236645 -0.039634804262790091 0.049337351488363206 -0.028269375450256005 0.0043395920738246918 0.021167379581861944 -0.026666507559025669 -0.016685770465178242 0.0021828946079611006 0.0040144102425009728
decision_type=2 2 2 2 2 2 2 2 2 2 2 2 2 2 2 2 2 2 2 2 2 2 2 2 2 2 2 2 2 2
left_child=1 3 5 -1 25 7 -7 16 -9 10 -8 -11 14 -14 22 21 -2 18 -18 -20 -10 -15 23 24 -13 -5 -23 -25 -29 -12
right_child=2 -3 -4 4 -6 6 9 8 20 11 29 12 13 15 -16 -17 17 -19 19 -21 -22 26 -24 27 -26 -27 -28 28 -30 -31
leaf_value=-0.00052588418850885524 -0.0011713015191439217 0.0014178567084644992 0.00090411595665500504 0.0002987147744791181 0.00075934795420291813 -0.00088674913446690575 0.00096571405129334718 -0.0011129407583939609 -4.8125619598574823e-05 -0.00070674149670487492 0.0003461372696360091 0.0012290004624942825 0.00027835809195595276 0.00064384297287948102 0.0010048337692834058 -0.0003124496839274351 -7.8356457082435913e-05 -4.3592327083701851e-05 -0.001581349838670576 -0.00049090244373891853 0.00069466936321178863 -0.00068873091500294822 -0.00057043414434883744 -0.00038398189708823338 0.00026167297067425762 -0.00034860077003637951 6.9733359186071109e-05 -0.00018208005647985765 0.00050187128654215489 -0.00036832042793061455
leaf_weight=31 23 39 24 145 77 24 27 20 152 34 56 22 90 28 22 338 49 87 29 37 27 22 25 50 29 30 87 56 52 28
leaf_count=31 23 39 24 145 77 24 27 20 152 34 56 22 90 28 22 338 49 87 29 37 27 22 25 50 29 30 87 56 52 28
internal_value=-1.57401e-13 0.000404719 -9.06255e-05 0.000265099 0.000362402 -0.000107509 -4.30363e-05 -0.000258048 -5.4361e-05 -2.20744e-05 0.000316622 -6.60455e-05 -3.95124e-05 -0.000126749 0.000153022 -0.000203507 -0.000438198 -0.000354725 -0.000590104 -0.000970038 6.39161e-05 6.52724e-05 7.29376e-05 0.000149896 0.000678951 0.000187746 -8.33512e-05 -2.08751e-05 0.00014723 0.000107985
internal_weight=1760 322 1438 283 252 1414 990 424 199 966 111 855 821 565 256 475 225 202 115 66 179 137 234 209 51 175 109 158 108 84
internal_count=1760 322 1438 283 252 1414 990 424 199 966 111 855 821 565 256 475 225 202 115 66 179 137 234 209 51 175 109 158 108 84
is_linear=0
shrinkage=0.05


Tree=114
num_leaves=31
num_cat=0
split_feature=0 10 0 267 265 128 112 314 299 211 327 246 335 287 109 294 314 141 315 281 127 158 120 165 225 177 192 317 8 174
split_gain=0.0241669 0.0279467 0.00756513 0.00720426 0.0218513 0.00521619 0.00733131 0.00697318 0.0052646 0.00484187 0.00528341 0.010278 0.00577636 0.00735324 0.00725947 0.00570057 0.00511414 0.0070907 0.00640604 0.00529294 0.00470079 0.00437996 0.00529468 0.00500462 0.00421994 0.00474766 0.00415246 0.00412814 0.00409027 0.00531762
threshold=6.0980717572261449 0.042644117112202222 11.055853368301584 0.073302367348293387 0.031874098747323311 0.03711479954533372 0.050991913259329537 -0.017621559196932403 0.010124557066068955 -0.13553185922124197 0.039817868029453009 0.021465464023807161 0.0052895240333343373 0.035330937608274611 -0.082493764347699811 -0.0071927691403271066 -0.010218637948289191 -0.023328368812880567 0.013321020673570947 -0.018460886523689997 0.0089776398485376888 -0.0083111356118076574 0.011565831441247993 -0.0069876079998026945 -0.014957264045433369 -0.0053922030865815518 0.021018272617126132 0.006473920850147045 0.0066907040919662814 0.0076497900346779975
decision_type=2 2 2 2 2 2 2 2 2 2 2 2 2 2 2 2 2 2 2 2 2 2 2 2 2 2 2 2 2 2
left_child=3 2 28 5 -5 9 7 -7 -9 -1 12 26 13 15 -14 16 18 -18 -11 -19 21 -16 23 -23 -15 -26 -12 -21 -2 -30
right_child=1 -3 -4 4 -6 6 -8 8 -10 10 11 -13 14 24 20 -17 17 19 -20 27 -22 22 -24 -25 25 -27 -28 -29 29 -31
leaf_value=-0.00073326185416330457 8.520807717361498e-05 0.002173662314307876 0.00083695950706896838 -0.00025536793971121753 0.0017864453377842437 0.00036271943913684609 -0.001051860916336547 -0.00077338624253587901 -2.2277105017565192e-06 0.00018980205690910992 -0.00027867828790807502 -0.0010735793670047882 0.00099776299268176613 -0.00014584944485250163 0.00049537514884529334 -0.00018199711386109784 0.0011027951152973402 0.00071699710960577555 -0.00086743894815141252 0.00026553296961654457 -0.00014735494821316083 0.00072242331330522175 -0.0003886098915093802 -1.0455811090451156e-05 -0.0014111351809420046 -0.00044943383082599297 0.00051451790866188037 -0.00050747382892070403 0.0010906705097295346 2.4819938897218728e-05
leaf_weight=28 262 20 48 38 20 37 33 53 38 38 66 37 22 40 84 318 25 30 23 39 157 36 48 66 21 33 22 31 25 22
leaf_count=28 262 20 48 38 20 37 33 53 38 38 66 37 22 40 84 318 25 30 23 39 157 36 48 66 21 33 22 31 25 22
internal_value=-1.82314e-12 0.000354866 0.000252973 -9.67351e-05 0.000448706 -0.000120611 -0.00038736 -0.000216043 -0.000451364 -8.37153e-05 -6.77054e-05 -0.000374366 -2.97898e-05 -0.000129112 0.000114023 -5.33925e-05 0.00016648 0.000349631 -0.00020883 0.00016134 6.42984e-05 0.000206305 4.44259e-05 0.000248207 -0.000535097 -0.000823429 -8.03792e-05 -7.67986e-05 0.000162257 0.000591762
internal_weight=1760 377 357 1383 58 1325 161 128 91 1164 1136 125 1011 598 413 504 186 125 61 100 391 234 150 102 94 54 88 70 309 47
internal_count=1760 377 357 1383 58 1325 161 128 91 1164 1136 125 1011 598 413 504 186 125 61 100 391 234 150 102 94 54 88 70 309 47
is_linear=0
shrinkage=0.05


Tree=115
num_leaves=31
num_cat=0
split_feature=1 283 1 141 188 19 133 277 51 241 288 233 104 99 307 237 270 186 89 151 231 250 309 301 158 276 292 324 237 294
split_gain=0.0218119 0.0231589 0.00852904 0.00711811 0.00674771 0.00691517 0.00559133 0.00528967 0.00582633 0.00569719 0.00503001 0.00719403 0.00500172 0.00489441 0.00510636 0.00508696 0.00525806 0.00549644 0.00531525 0.00478903 0.00478761 0.00470796 0.00562736 0.00475306 0.00584553 0.00531984 0.0068982 0.00513506 0.00464446 0.00397996
threshold=4.8559213341406453 -0.034989476958708347 7.9053753627207444 0.10121221227309303 0.011878877867002985 14.775000000000002 0.015173425689372964 0.084048494931481213 0.89587973461402759 -0.10525957269969062 -0.043071663310036333 0.054229284193405704 -0.0093897453700137069 0.15224517173393717 -0.075088780002793662 -0.0061321127105150143 0.02217055621538724 0.0061669353159313897 -0.04097148935703724 -0.03831126314511004 0.00323875753621619 -0.0082835248250628744 -0.046699277341133862 -0.012558345439476513 0.007594606649643329 0.021173006162738546 -0.0017661554532857904 0.0050883226571958005 -0.010950442205548907 0.016630082347879317
decision_type=2 2 2 2 2 2 2 2 2 2 2 2 2 2 2 2 2 2 2 2 2 2 2 2 2 2 2 2 2 2
left_child=3 -2 4 7 5 -3 -6 8 9 -1 11 20 -9 14 -12 16 19 18 -18 -16 -11 22 -17 -23 25 26 -25 -26 -21 -24
right_child=1 2 -4 -5 6 -7 -8 12 -10 10 13 -13 -14 -15 15 21 17 -19 -20 28 -22 23 29 24 27 -27 -28 -29 -30 -31
leaf_value=-0.00080099424552011853 0.0019607378138018594 -9.7498506830761042e-07 0.00052706423813642144 0.00078389907747924048 0.0011846111810882576 -0.0010034465225180612 2.3113838688004761e-06 0.0010186376237106742 -0.00094740955752231886 -0.0003433632026523507 -0.00079113837727399431 0.0010236264899669385 -3.3098751849208312e-05 -0.00086480553654837426 0.00046690267672602206 0.00088481705982606715 -0.0011812110561693675 -0.00010683443563969129 -0.00034492441604685922 -0.00010426899841009688 0.00031503897240886899 0.00013230951870072272 0.00021413651975308313 -0.0014142071939810801 0.00040127363052083732 -3.6492722459039827e-05 -0.00042432924347181279 -0.00036222775379428644 -0.00069348331644984067 -0.00021882221284565611
leaf_weight=29 21 123 151 23 20 20 20 20 21 48 27 22 26 22 32 24 38 55 38 279 65 119 176 24 49 48 66 40 38 76
leaf_count=29 21 123 151 23 20 20 20 20 21 48 27 22 26 22 32 24 38 55 38 279 65 119 176 24 49 48 66 40 38 76
internal_value=-6.51232e-13 0.000350174 0.000248911 -8.84781e-05 1.93967e-05 -0.000141181 0.000593461 -0.000102997 -0.000121148 -0.000107953 -9.23244e-05 0.000196414 0.000424178 -0.00012619 -0.000111798 -9.5153e-05 -0.000217441 -0.00048755 -0.000763068 -0.000116053 3.53637e-05 -7.83077e-07 0.000153236 -0.000123642 -0.00025782 -0.000461582 -0.000688297 5.81269e-05 -0.0001749 8.35617e-05
internal_weight=1760 355 334 1405 183 143 40 1382 1336 1315 1286 135 46 1151 1129 1102 480 131 76 349 113 622 276 346 227 138 90 89 317 252
internal_count=1760 355 334 1405 183 143 40 1382 1336 1315 1286 135 46 1151 1129 1102 480 131 76 349 113 622 276 346 227 138 90 89 317 252
is_linear=0
shrinkage=0.05


Tree=116
num_leaves=31
num_cat=0
split_feature=81 287 97 160 85 0 229 325 8 92 7 184 104 254 290 180 335 283 257 178 322 153 307 96 261 140 267 189 304 330
split_gain=0.0200864 0.0170104 0.00922962 0.00783944 0.00568287 0.00488964 0.00634129 0.00876087 0.00594797 0.00580627 0.00484254 0.00590971 0.00589352 0.00652246 0.00588753 0.00656987 0.00667673 0.00563903 0.00645066 0.00543219 0.00510039 0.00459527 0.00454458 0.00416045 0.00602094 0.00413769 0.00409041 0.00366667 0.00357102 0.00353491
threshold=-0.50645241268469188 -0.045826653973698166 0.21148667865716259 -0.018260538594312228 0.20306578289346125 3.9981586158983733 0.015757181848771718 -0.0010883282691083443 0.31009615384615391 0.18496494449955514 0.76563062645011615 0.0036162550803873184 0.04187822803351602 0.023435794156294421 0.011033515542550085 0.024458508891491041 0.033071743966512544 0.013086023701836794 0.00069665514283391431 0.0036903268139684372 0.0012629823033566562 0.0086873605096753348 -0.014684262306741911 0.012569452176117277 0.019229800141976117 0.008122589563782142 -0.0083893595649220404 -0.037514660333215939 -0.0081877661189565434 -0.00056054395096763129
decision_type=2 2 2 2 2 2 2 2 2 2 2 2 2 2 2 2 2 2 2 2 2 2 2 2 2 2 2 2 2 2
left_child=1 -1 5 -3 29 6 7 -2 9 10 11 12 -7 19 15 16 23 27 26 21 -17 -14 25 -13 -25 -16 -19 -12 -18 -5
right_child=2 3 -4 4 -6 8 -8 -9 -10 -11 17 14 13 -15 22 20 28 18 -20 -21 -22 -23 -24 24 -26 -27 -28 -29 -30 -31
leaf_value=0.0017691306825872743 -0.00028299634962628087 -0.00045177975458928437 0.00091363525007972894 -3.454690847510667e-05 0.00069791456108925774 1.5625216794630205e-05 -5.676019099124021e-05 -0.001605676457984373 0.00074608011398760775 -0.00078252095584597061 -0.00074659177407738759 -0.00036330469400401751 0.0015584845223375375 -0.00023066216144798093 -0.00062332014788353269 0.00075866788344380138 0.00051961569697596139 -0.0015312990429811181 -0.00016505246926878199 0.0001931815238397879 -0.00025212990529745676 0.00055519807111704728 0.00030966115961064136 -0.00052284209939119008 -0.0015439138382630931 0.0002934501314302907 -0.00056311260171545052 -3.702159863974087e-05 -0.00028951157418002064 0.00040365907900030088
leaf_weight=20 31 34 23 86 83 406 58 21 22 29 20 106 21 28 32 24 25 20 48 36 26 25 96 42 22 20 24 203 30 99
leaf_count=20 31 34 23 86 83 406 58 21 22 29 20 106 21 28 32 24 25 20 48 36 26 25 96 42 22 20 24 203 30 99
internal_value=2.49533e-13 0.000356957 -7.99306e-05 0.000263436 0.000354172 -9.60804e-05 -0.00041622 -0.000817156 -6.90955e-05 -8.30736e-05 -6.68982e-05 -9.98923e-06 0.000103581 0.000428219 -0.000148529 -0.000285375 -0.000400581 -0.000236541 -0.000565904 0.000653203 0.000233053 0.00101322 0.000105745 -0.000555505 -0.000873836 -0.000270716 -0.0010032 -0.00010066 7.82735e-05 0.000199953
internal_weight=1760 322 1438 302 268 1415 110 52 1305 1283 1254 939 516 110 423 275 225 315 92 82 50 46 148 170 64 52 44 223 55 185
internal_count=1760 322 1438 302 268 1415 110 52 1305 1283 1254 939 516 110 423 275 225 315 92 82 50 46 148 170 64 52 44 223 55 185
is_linear=0
shrinkage=0.05


Tree=117
num_leaves=31
num_cat=0
split_feature=0 10 312 256 19 296 210 336 187 0 211 249 274 272 181 324 316 187 166 245 110 315 92 273 180 11 119 258 286 304
split_gain=0.0186442 0.0245204 0.00682487 0.0134881 0.00668288 0.0103457 0.00707129 0.00633468 0.00884683 0.00617314 0.0061279 0.00585731 0.00705416 0.00875144 0.00536404 0.00532012 0.00459151 0.00453728 0.0058423 0.00436919 0.00799226 0.00546454 0.0086683 0.00436209 0.00422829 0.00544029 0.00539201 0.00410656 0.00548158 0.00490443
threshold=6.0980717572261449 0.042644117112202222 -0.0042490035460090629 0.09124759324772258 9.8660714285714306 0.040497264066901899 -0.004280556114371334 0.027927259426545805 0.010473737108779359 11.055853368301584 -0.13253745920840895 -0.036561092409454703 0.0065098701390694956 -0.025285881271978939 0.015510617752199715 -0.0090326348019291128 0.058790431879083407 0.016322322513883724 0.0025625790508001177 0.010329169534252175 -0.012285371585939795 -0.0073707822838137132 0.092925308584416236 0.0087756899767623461 -0.0070577482667308561 2.3095841784989859 -0.00061574597171413332 -0.0090304954758005478 -0.0074387554553864378 0.03765818099312284
decision_type=2 2 2 2 2 2 2 2 2 2 2 2 2 2 2 2 2 2 2 2 2 2 2 2 2 2 2 2 2 2
left_child=2 9 3 4 17 7 -7 27 -9 -2 -4 12 13 -12 16 -16 19 -1 -19 20 -13 23 -23 -21 -22 -26 -27 29 -29 -6
right_child=1 -3 10 -5 5 6 -8 8 -10 -11 11 14 -14 -15 15 -17 -18 18 -20 21 24 22 -24 -25 25 26 -28 28 -30 -31
leaf_value=-0.00010780234444407851 0.00013430259569438248 0.0020153474115068093 -0.0010441093187546358 0.0012891340526818699 -0.00026728566327860215 6.7208480065935027e-05 -0.00095254388297154747 0.00025644100289256942 0.0015616663033142686 0.00074377935719288266 0.0013614635117119179 0.00027490481356890302 -0.0003555332730320515 0.00013074345510036579 0.00036174710008448794 -0.00020207185743353982 -0.00090851548653706144 -0.00015462201226910111 -0.0012965873623865523 0.0001322118550602931 -3.204589138920533e-05 -0.00046668032037968109 -0.0016350018786033616 -0.00061251390734469175 -0.00093220107567807049 -0.0006504626626433731 0.00020345910734249629 0.00066084821592085066 4.8468655825601085e-05 0.00060103803873062139
leaf_weight=135 309 20 20 21 87 34 34 37 20 48 20 83 40 52 70 104 29 24 21 51 82 77 20 32 45 38 36 62 89 20
leaf_count=135 309 20 20 21 87 34 34 37 20 48 20 83 40 52 70 104 29 24 21 51 82 77 20 32 45 38 36 62 89 20
internal_value=1.03123e-12 0.000311692 -8.49659e-05 4.49532e-05 -1.45494e-06 0.000116641 -0.000442668 0.00023738 0.000714415 0.000216249 -0.000179926 -0.000157739 0.000176845 0.00047261 -0.00021392 2.47519e-05 -0.000298158 -0.000252737 -0.000687539 -0.00026001 -0.000137862 -0.000452734 -0.000707571 -0.000154911 -0.000308308 -0.000498673 -0.000235041 0.000131989 0.000299909 -0.000104982
internal_weight=1760 377 1383 584 563 383 68 315 57 357 799 779 112 72 667 174 493 180 45 464 284 180 97 83 201 119 74 258 151 107
internal_count=1760 377 1383 584 563 383 68 315 57 357 799 779 112 72 667 174 493 180 45 464 284 180 97 83 201 119 74 258 151 107
is_linear=0
shrinkage=0.05


Tree=118
num_leaves=31
num_cat=0
split_feature=61 104 7 96 270 142 286 336 309 97 186 272 325 288 269 148 120 166 90 106 282 132 116 279 268 304 303 308 160 19
split_gain=0.0170612 0.013649 0.00928711 0.00818118 0.00532711 0.00754909 0.00639647 0.00626252 0.00751845 0.00534402 0.00521227 0.00505926 0.00565356 0.00478501 0.00488783 0.00475308 0.00439322 0.00528007 0.00434068 0.00622077 0.00410423 0.0040222 0.00437114 0.00404232 0.0039649 0.00406187 0.00380546 0.0037884 0.00361986 0.0035322
threshold=3.0677824455408698 0.042272569627307723 0.7536408624955816 0.10630283631224409 0.025421116300263658 -0.049238328429073268 -0.067146637542953344 0.024785148027325166 -0.049681803053340447 0.1686549159209543 0.054940706979849326 -0.039935207934068996 0.029585682838783402 -0.045874624979681089 -6.3661275739472134e-05 0.063753976725688527 -0.045308116840970837 0.028122156690578017 -0.059683743673678499 -0.0094447461806434537 0.030654872458787421 -0.065281043896161364 -0.067847049977561996 -0.00097645269402689395 0.022784614591284495 0.010537107681755474 -0.047806504299799137 -0.055779720463792239 -0.001444634370966627 22.069343065693435
decision_type=2 2 2 2 2 2 2 2 2 2 2 2 2 2 2 2 2 2 2 2 2 2 2 2 2 2 2 2 2 2
left_child=3 2 -2 4 7 -6 -7 9 -9 10 15 -10 24 14 -8 16 20 18 19 -18 -1 -20 23 -23 -13 -26 -15 -24 -4 -29
right_child=1 -3 28 -5 5 6 13 8 11 -11 -12 12 -14 26 -16 -17 17 -19 21 -21 -22 22 27 -25 25 -27 -28 29 -30 -31
leaf_value=0.00045968128930932539 -0.00043136241635211795 0.0016036723046968489 0.00076971926121792249 0.00086440670638694434 -0.001127429407047616 -0.00099930064898217101 0.00091892917241368974 0.0011073869235009293 0.00082676789461402225 -0.00077451765492486842 -0.0008084128655768424 7.8861580751762845e-05 0.00072977267298847447 0.00030604873426294516 -0.00014752233228963716 0.00071393795134056188 -6.8220632021768479e-05 0.00024052050895555851 -0.00066207038374462479 -0.0010124627511355689 -0.00016747273957662401 -1.1676105787046254e-05 0.00057255896972492344 -0.00096536490949802097 -3.8374064024537801e-06 -0.0010115410923026502 -0.00025644907499344511 -9.3768767396603457e-05 0.00021513581047786701 0.00042677784039239802
leaf_weight=75 34 23 62 24 22 22 21 22 23 26 22 103 25 34 22 21 37 105 30 33 40 20 25 25 20 20 260 473 56 35
leaf_count=75 34 23 62 24 22 22 21 22 23 26 22 103 25 34 22 21 37 105 30 33 40 20 25 25 20 20 260 473 56 35
internal_value=-5.13387e-13 0.000468505 0.000296736 -5.17277e-05 -6.5813e-05 -0.000228365 -0.000173269 -1.33279e-05 0.000232102 -6.73884e-05 -4.78503e-05 0.000131284 3.60684e-05 -0.000119344 0.000373303 -2.96432e-05 -4.7032e-05 -8.9415e-05 -0.000140511 -0.000513363 0.000241541 -9.75842e-05 -6.82856e-05 -0.000541503 -8.52086e-05 -0.000507689 -0.000191398 -2.83329e-05 0.000506527 -5.79043e-05
internal_weight=1760 175 152 1585 1561 381 359 1180 213 967 941 191 168 337 43 919 898 783 678 70 115 608 578 45 143 40 294 533 118 508
internal_count=1760 175 152 1585 1561 381 359 1180 213 967 941 191 168 337 43 919 898 783 678 70 115 608 578 45 143 40 294 533 118 508
is_linear=0
shrinkage=0.05


Tree=119
num_leaves=31
num_cat=0
split_feature=81 335 160 96 97 173 123 91 132 120 89 7 189 143 330 114 6 200 270 147 120 139 241 303 295 0 186 148 186 334
split_gain=0.0159409 0.0162353 0.00804729 0.00777486 0.00472136 0.00461808 0.00537509 0.00689322 0.0048034 0.00474055 0.00537466 0.00534093 0.00447327 0.00507148 0.00445194 0.0047748 0.00528666 0.00530909 0.00451476 0.00598204 0.00634818 0.00439776 0.00431516 0.00423191 0.00413036 0.00480211 0.00390196 0.00429139 0.00365158 0.00510798
threshold=-0.50645241268469188 0.029473719851370948 -0.018260538594312228 0.10630283631224409 0.19769325664880663 0.013877602906864296 -0.067969131801782531 -0.0021181511511438249 -0.065281043896161364 0.062524657804606101 -0.20563429304936115 0.74527661640279808 -0.0079936582254126875 -0.004520489413773838 0.0043778492728390444 -0.060763509563212477 0.65930937721037564 0.005291368801872834 0.001681553178788886 0.0059106712864703112 0.016341451533024524 -0.014448060666226507 0.032824512240109592 0.0081334566535412982 -0.030346813071125266 5.4004200416950168 -0.0029592455414051162 0.0026207395008070859 0.016573869948384928 0.0031676849508271796
decision_type=2 2 2 2 2 2 2 2 2 2 2 2 2 2 2 2 2 2 2 2 2 2 2 2 2 2 2 2 2 2
left_child=1 2 -1 4 5 8 -7 -8 12 10 -10 -11 -2 -14 15 -12 28 -18 24 20 23 -4 -9 -20 -16 -26 27 -23 -17 -30
right_child=3 -3 21 -5 -6 6 7 22 9 11 14 -13 13 -15 18 16 17 -19 19 -21 -22 26 -24 -25 25 -27 -28 -29 29 -31
leaf_value=-0.00048850096433722824 0.00015574594754503952 0.001662138360968259 -0.00015151261212027056 0.00082118635158015736 -0.00084912619204260411 -0.00085104618572645011 -0.00037912520331015903 -9.2247584589468141e-05 -0.00072485447655288649 0.0010898393473499233 0.00080420090987741867 6.3640430880695931e-05 -0.00018857904111168214 -0.0012874401770594497 -0.00042581932243476148 8.7847639514492036e-05 7.7455811728925812e-05 0.0011913278259453365 -2.9955613856492124e-05 1.9075806154173086e-05 -0.0012220837602009331 0.00044510116244468508 0.00045971123216759224 -0.00091363442537840457 0.0004241520267476937 -0.00014009046705586403 0.00058348161854575255 -0.00024057523502657809 5.5710892147366332e-05 -0.0007100843397653846
leaf_weight=35 21 21 42 24 20 31 187 135 26 21 23 32 21 21 39 346 23 20 42 70 28 55 48 20 78 73 130 39 51 38
leaf_count=35 21 21 42 24 20 31 187 135 26 21 23 32 21 21 39 346 23 20 42 70 28 55 48 20 78 73 130 39 51 38
internal_value=-7.94839e-13 0.000317996 0.000224218 -7.12062e-05 -8.63529e-05 -7.54093e-05 -0.000218619 -0.000165632 -1.75774e-05 1.10444e-05 -1.67067e-05 0.000470248 -0.000440091 -0.00073801 4.92883e-06 0.000100515 6.66556e-05 0.000595536 -0.000131896 -0.000327587 -0.000597213 0.000317997 5.25285e-05 -0.000315013 3.28963e-05 0.000151373 0.00040603 0.000160618 1.43755e-05 -0.000271258
internal_weight=1760 322 301 1438 1414 1394 401 370 993 930 877 53 63 42 851 501 478 43 350 160 90 266 183 62 190 151 224 94 435 89
internal_count=1760 322 301 1438 1414 1394 401 370 993 930 877 53 63 42 851 501 478 43 350 160 90 266 183 62 190 151 224 94 435 89
is_linear=0
shrinkage=0.05


Tree=120
num_leaves=31
num_cat=0
split_feature=0 10 305 303 307 97 0 300 241 208 187 314 292 7 289 192 11 210 9 19 257 257 204 211 199 158 243 98 152 165
split_gain=0.0149805 0.0214764 0.00658907 0.0050895 0.00902299 0.00555201 0.00485399 0.0041927 0.00633825 0.00594849 0.00491518 0.0047937 0.00518061 0.00474524 0.00544051 0.00506776 0.00497191 0.00656363 0.00496315 0.00482497 0.00479714 0.00451242 0.00421371 0.00388351 0.00429463 0.00369856 0.00366615 0.00366589 0.00359031 0.00324208
threshold=6.0980717572261449 0.042644117112202222 0.086039783199755263 0.055717953508154665 -0.022566068471280513 0.2027640246683852 11.055853368301584 0.023644094278546281 -0.096074281656816904 -0.010864345959148165 -0.016711216792769403 -0.0052394490082124543 0.00261702191285164 0.76156562584482301 -0.037282916975597366 -0.016394237121756625 2.6448321891685742 0.0062923699309824508 0.011574136092550223 9.2583333333333346 -0.0025617443234095855 -0.015961533862051003 -0.015261792952571988 -0.03097238771747526 -0.012708742272412796 0.0069327365139866051 0.0052768938357925432 0.023689174874155398 -0.010890507391723056 -0.02807533657970521
decision_type=2 2 2 2 2 2 2 2 2 2 2 2 2 2 2 2 2 2 2 2 2 2 2 2 2 2 2 2 2 2
left_child=2 6 3 5 -5 7 27 8 -1 11 -11 -9 -13 16 -15 -16 17 19 -18 20 -10 -17 -12 -21 -25 -26 -6 -2 -27 -20
right_child=1 -3 -4 4 26 -7 -8 9 13 10 22 12 -14 14 15 21 18 -19 29 23 -22 -23 -24 24 25 28 -28 -29 -30 -31
leaf_value=-0.00092435529950307682 5.5854292916253818e-05 0.0018738014297559856 0.00080275967345750418 0.0012068872030067724 0.00036590095150057934 -0.00088593566378340663 0.00065785385889588119 -4.2980293140069332e-05 -0.0011404515042985704 0.00032721783980122653 -0.00074711657963537923 0.00027251453093749998 0.0013061451081408781 -0.0010436410557013007 -0.00078387701236351862 -0.00073812246682000877 -0.00066565772720423417 -0.00104026477950226 -0.0002804535914627785 -0.00066989153204485776 -0.00020329359395469105 3.5797378495772135e-05 -9.3718758009947006e-05 -0.00036784345352079608 -5.78774916625832e-05 0.00084332238021306695 -0.00033331806779116101 0.00059926710178842774 0.00013014123314254296 0.00022574686186298422
leaf_weight=26 274 20 21 20 37 23 48 33 22 57 30 27 22 25 35 23 20 21 37 25 36 104 139 72 187 25 38 35 60 218
leaf_count=26 274 20 21 20 37 23 48 33 22 57 30 27 22 25 35 23 20 21 37 25 36 104 139 72 187 25 38 35 60 218
internal_value=2.03985e-12 0.000279394 -7.61616e-05 -8.97132e-05 0.000263263 -0.000116179 0.000190071 -0.000101948 -0.000154603 5.80706e-05 -7.42876e-05 0.000422863 0.000736594 -0.00013261 -0.000357116 -0.00025117 -7.45432e-05 -0.000177272 9.28105e-05 -0.000134829 -0.000558767 -0.000104361 -0.000209707 -6.8194e-05 -2.44659e-05 6.64281e-05 1.163e-05 0.000117406 0.0003399 0.000152298
internal_weight=1760 377 1383 1362 95 1267 357 1244 936 308 226 82 49 910 187 162 723 448 275 427 58 127 169 369 344 272 75 309 85 255
internal_count=1760 377 1383 1362 95 1267 357 1244 936 308 226 82 49 910 187 162 723 448 275 427 58 127 169 369 344 272 75 309 85 255
is_linear=0
shrinkage=0.05


Tree=121
num_leaves=31
num_cat=0
split_feature=1 283 193 141 2 220 188 7 2 212 320 19 304 296 280 19 139 11 206 173 168 145 214 157 327 318 171 7 207 290
split_gain=0.01379 0.019952 0.00667813 0.00647339 0.00514405 0.00460584 0.00455768 0.00499513 0.00561717 0.00424308 0.00574914 0.00662448 0.0059762 0.00585866 0.00505342 0.00721773 0.00512106 0.00492221 0.00753936 0.00642187 0.00739888 0.00520398 0.00507344 0.00408603 0.00395555 0.00395134 0.00386748 0.00382199 0.00380036 0.00426925
threshold=4.8559213341406453 -0.034989476958708347 0.012571402124976896 0.10121221227309303 6.0390628155997765 0.21498973104918664 0.017885837877232132 0.75600651641289429 2.8029010331479989 0.034514292677337084 0.025888884094582322 16.225000000000005 0.03765818099312284 -0.0031400493271722418 -0.011905586250068311 20.937888198757765 0.0078721666227421615 2.404233724807888 -0.00236143268032209 0.011826230343465494 0.02351177241928842 0.0070517485527239196 -0.0004339311030721407 -0.020210342417398382 0.0026310975309939331 -0.011947415332508603 0.0086935350536025257 0.74764129951045855 0.0074674935336567468 -0.0076591480006903334
decision_type=2 2 2 2 2 2 2 2 2 2 2 2 2 2 2 2 2 2 2 2 2 2 2 2 2 2 2 2 2 2
left_child=3 -2 4 5 6 9 7 8 -3 17 12 -12 14 -13 15 24 25 18 -1 22 -21 23 -19 -20 -11 -16 -4 -26 -27 -30
right_child=1 2 26 -5 -6 -7 -8 -9 -10 10 11 13 -14 -15 16 -17 -18 19 21 20 -22 -23 -24 -25 27 28 -28 -29 29 -31
leaf_value=-0.0010167253440350147 0.0017733340054595223 0.00011341290836695562 -0.00091333963908255098 0.00076158107068571878 0.00096840450084224958 -0.00078583998610670485 0.00087775399442762141 0.00028609193846516841 -0.0008142199167050422 -0.00027418745576348805 5.4675463506618951e-05 0.0013784482540689748 0.00036173955041417629 0.00026980545450127328 0.00021709659381485835 0.00076441230703494512 -0.00054612171385786203 -0.00017949925162095851 -0.00062010560121217913 -0.00016732268029025742 -0.0009716137368943438 -0.00077276445883927083 0.0002041428988989871 0.00015976345974092805 0.0006468313235624616 -6.1416275095868878e-05 6.995639443630353e-05 -0.00019024625257588925 -0.0011333319369110871 -0.00012397665297612549
leaf_weight=38 21 47 20 23 24 23 23 175 25 88 93 22 73 26 64 32 99 152 22 139 36 31 199 71 30 77 20 25 22 20
leaf_count=38 21 47 20 23 24 23 23 175 25 88 93 22 73 26 64 32 99 152 22 139 36 31 199 71 30 77 20 25 22 20
internal_value=6.39811e-15 0.000278432 0.000184441 -7.03512e-05 0.000266908 -8.41966e-05 0.000204553 0.000141866 -0.000208682 -7.23219e-05 1.71391e-05 0.000300891 -5.83496e-05 0.000777933 -0.000125454 8.56085e-05 -0.000256432 -0.000159572 -0.000400558 -8.53525e-05 -0.000332777 -0.000211732 3.80073e-05 -2.47217e-05 -6.62917e-05 -9.97142e-05 -0.000421692 0.000266342 -0.0002701 -0.000652687
internal_weight=1760 355 334 1405 294 1382 270 247 72 1359 671 141 530 48 457 175 282 688 162 526 175 124 351 93 143 183 40 55 119 42
internal_count=1760 355 334 1405 294 1382 270 247 72 1359 671 141 530 48 457 175 282 688 162 526 175 124 351 93 143 183 40 55 119 42
is_linear=0
shrinkage=0.05


Tree=122
num_leaves=31
num_cat=0
split_feature=81 287 97 97 5 86 282 303 278 107 98 146 91 204 192 246 159 208 113 325 233 217 177 158 275 199 150 279 198 134
split_gain=0.0128083 0.0163922 0.00777028 0.00678951 0.00552358 0.00535155 0.00405368 0.00438572 0.00416249 0.00753896 0.00616874 0.00594903 0.00546548 0.00534224 0.00471652 0.00426656 0.00421527 0.00586109 0.00452776 0.004159 0.00393323 0.00392088 0.00390139 0.00386339 0.00367396 0.00369147 0.00364819 0.0035414 0.00417734 0.00396467
threshold=-0.5056286966721969 -0.047370988479519982 0.21148667865716259 0.029999581540063755 4.1806204448211766 0.0040635075694298957 0.060368673461768788 0.072014367344325994 0.0035420208055325555 0.031285881837770806 0.08415189793531215 -0.0019362672746776812 -0.045673009719724079 0.0099155792345981316 0.01635791891083244 -0.0097024446134287134 0.0089754120255270478 0.018680319772641802 0.014336756762285423 0.016320282259950959 -0.001707095396452598 0.058731520872766431 0.014923474937507626 -0.011276262496869603 -0.011945440016826498 -0.021483398889705452 0.01874387689393717 -0.00612867919722842 -0.0021636693059981058 -0.0022252038992074735
decision_type=2 2 2 2 2 2 2 2 2 2 2 2 2 2 2 2 2 2 2 2 2 2 2 2 2 2 2 2 2 2
left_child=1 -1 6 4 5 -3 7 8 9 12 15 13 14 -11 20 19 27 18 -18 -10 -2 24 -8 -7 25 -14 -23 28 -17 -29
right_child=2 3 -4 -5 -6 23 22 -9 10 11 -12 -13 21 -15 -16 16 17 -19 -20 -21 -22 26 -24 -25 -26 -27 -28 29 -30 -31
leaf_value=0.0016685601865174251 0.00014507459753076545 7.4582431565819416e-05 0.00084692827152574193 -0.00063495568490749149 -0.00054336949207936416 0.0010403928017757578 -0.00021538889724117901 0.00043449172649574893 -0.00011602389553914808 0.0010960438094722727 -0.0010129114515924206 7.9739090400717921e-05 -0.00035029429551589904 7.6843953575007621e-05 -0.00083056510580669014 -0.001135683963657357 -5.7191073957104291e-05 -0.00082864021329442049 0.00072630188179850265 0.00034832143099525377 -0.00047602031222945351 7.2877346028690226e-05 -0.00095862453859096972 0.00039460810059015628 -0.00018508336558383865 0.0002708591031755609 0.00093213536033761647 -0.00052856835754394507 -0.00032619705510596224 1.1415514735204667e-05
leaf_weight=20 50 122 23 23 20 29 76 44 155 36 21 93 30 20 37 30 93 20 23 70 52 30 23 115 196 118 21 67 34 69
leaf_count=20 50 122 23 23 20 29 76 44 155 36 21 93 30 20 37 30 93 20 23 70 52 30 23 115 196 118 21 67 34 69
internal_value=-1.10005e-14 0.000281308 -6.46752e-05 0.000191518 0.000257982 0.000318235 -7.95665e-05 -5.6235e-05 -7.33038e-05 1.04207e-05 -0.000171558 0.000324901 -7.73275e-05 0.000732044 -0.00034698 -0.000140063 -0.0002529 -3.8137e-05 9.81567e-05 2.84391e-05 -0.000171562 1.7563e-05 -0.00038806 0.000524662 -4.30924e-05 0.00014495 0.000426689 -0.000398938 -0.000705644 -0.000254606
internal_weight=1760 329 1431 309 286 266 1408 1309 1265 683 582 149 534 56 139 561 336 136 116 225 102 395 99 144 344 148 51 200 64 136
internal_count=1760 329 1431 309 286 266 1408 1309 1265 683 582 149 534 56 139 561 336 136 116 225 102 395 99 144 344 148 51 200 64 136
is_linear=0
shrinkage=0.05


Tree=123
num_leaves=31
num_cat=0
split_feature=1 104 305 102 193 113 264 298 303 210 96 171 313 160 211 316 195 114 180 158 123 286 183 148 286 109 1 285 300 137
split_gain=0.0117926 0.0183241 0.00598344 0.00535703 0.00578989 0.0049733 0.00607602 0.00460948 0.0041149 0.00767722 0.00676165 0.00379208 0.00593389 0.00774605 0.00505908 0.00516691 0.00466743 0.00397563 0.0038265 0.00397496 0.00384242 0.00485269 0.00379942 0.00517674 0.00415687 0.00447293 0.00368466 0.00367087 0.00397876 0.00364049
threshold=4.8559213341406453 0.042272569627307723 0.086039783199755263 0.029219027457543786 0.011350792832544459 -0.048678941198155315 -0.0037082608584885998 -0.00449988653502046 0.055717953508154665 -0.0021823349942951677 0.09802510594755337 0.021469467704052825 -0.030649784745309976 -0.015337526602153212 -0.13553185922124197 0.05428982130686065 -0.0036190765134568323 -0.026727371091753719 -0.026214436437517339 -0.038595228465709237 0.011981199874493226 0.014706025633815059 -0.0083506119318846796 0.032794339020945015 -0.017341889818309596 -0.021578736520159816 9.0877190226787228 0.022387216374289271 0.017770847042623102 -0.011122133774580342
decision_type=2 2 2 2 2 2 2 2 2 2 2 2 2 2 2 2 2 2 2 2 2 2 2 2 2 2 2 2 2 2
left_child=2 3 5 4 26 6 -1 -6 10 -10 11 14 13 -13 -7 18 29 -18 19 -16 22 -22 24 -24 -20 -26 -2 28 -21 -14
right_child=1 -3 -4 -5 7 8 -8 -9 9 -11 -12 12 16 -15 15 -17 17 -19 20 27 21 -23 23 -25 25 -27 -28 -29 -30 -31
leaf_value=7.337239793824582e-05 0.00015312304309160379 0.0016900973637737999 0.0007530442907326771 0.00094047883370270346 0.00016235663465720239 -0.00083663767163670859 -0.0010206070083465116 -0.00078548292555657604 2.0414537146663003e-05 0.0011004583183897747 -0.00099584889670950366 -0.00018298435563876949 0.0002314644436140683 0.00089281448679023672 -0.00040260824832578446 -0.00054102931537800621 0.00073586039547808471 3.0911078065400948e-05 0.00034641219431900288 0.00028882627686767213 0.00020102392992736812 -0.00026079768201249629 -0.00022448884754479737 -0.00085659302815140515 0.00043801814714573666 -0.00036923091747433859 0.00081585267983862891 -0.00011998029116637492 0.0011424465075833723 -0.0004359416330804119
leaf_weight=22 238 21 22 21 23 24 30 29 76 21 20 27 27 44 22 62 25 100 56 43 168 86 260 37 22 78 23 29 20 84
leaf_count=22 238 21 22 21 23 24 30 29 76 21 20 27 27 44 22 62 25 100 56 43 168 86 260 37 22 78 23 29 20 84
internal_value=-6.90777e-13 0.000257479 -6.50571e-05 0.000167405 0.000115537 -7.8071e-05 -0.00055777 -0.000366246 -5.93299e-05 0.000254238 -8.39783e-05 -6.89558e-05 8.29359e-05 0.000483708 -0.000120368 -0.0001009 -3.76353e-05 0.000171901 -6.7662e-05 0.000201155 -0.000111007 4.46591e-05 -0.00019829 -0.000303236 1.50943e-06 -0.000191636 0.000211525 0.000345533 0.000559817 -0.0002736
internal_weight=1760 355 1405 334 313 1383 52 52 1331 97 1234 1214 307 71 907 883 236 125 821 114 707 254 453 297 156 100 261 92 63 111
internal_count=1760 355 1405 334 313 1383 52 52 1331 97 1234 1214 307 71 907 883 236 125 821 114 707 254 453 297 156 100 261 92 63 111
is_linear=0
shrinkage=0.05


Tree=124
num_leaves=31
num_cat=0
split_feature=81 287 97 97 5 85 11 19 11 224 186 253 277 89 322 89 122 132 145 217 81 183 260 272 148 187 173 100 294 316
split_gain=0.0107878 0.0148723 0.00718113 0.00596633 0.00513878 0.0048368 0.00452764 0.00381222 0.0056842 0.00548789 0.00557137 0.00467622 0.00415703 0.00462689 0.00459312 0.00570842 0.00502834 0.00581871 0.00460547 0.00451446 0.0049217 0.00557075 0.0050576 0.00414776 0.00413016 0.00413806 0.00407366 0.00404725 0.00381805 0.00434493
threshold=-0.5056286966721969 -0.047370988479519982 0.21148667865716259 0.029999581540063755 4.1806204448211766 -0.03243685376363515 3.4053082152221879 9.4642857142857171 2.5273349937733505 -0.092043144175125366 0.068345893142565672 0.0017554095760472139 -0.056922755509237352 -0.044013708252995894 0.0010972645522142434 -0.10121767015633616 -0.0052354418499655072 -0.0087962957989894033 -0.02243985088017417 -0.13994780707225532 -0.43096315097928378 -0.01446684428197814 0.0042350445584081473 0.0091706993519959281 0.0032151914155450398 0.0014524380542193262 0.011826230343465494 0.031413954959747165 0.000771636587334297 0.0019545993110451966
decision_type=2 2 2 2 2 2 2 2 2 2 2 2 2 2 2 2 2 2 2 2 2 2 2 2 2 2 2 2 2 2
left_child=1 -1 7 4 5 6 -3 8 11 -9 12 -2 13 -11 15 16 17 -14 -17 -16 21 -21 24 -18 25 -22 -10 -28 29 -20
right_child=2 3 -4 -5 -6 -7 -8 9 26 10 -12 -13 14 -15 19 18 23 -19 28 20 22 -23 -24 -25 -26 -27 27 -29 -30 -31
leaf_value=0.0015795415044703989 -0.00022663533022750928 -0.00047298063661454603 0.00081700759524803458 -0.00060211159238267862 -0.00053798804685357027 0.00042790834546873447 0.00030317457775860628 -0.00063909231531267458 7.9711174071102845e-06 -0.00072649309076950892 -0.00075462698926761129 -0.0010955507777786503 -0.0011168944556708953 -6.5074939182243097e-07 -0.00081663129385560755 0.0006688477613858235 -0.00014236581191653385 -7.4274980215705005e-05 9.0924868028753651e-05 0.00090399624011479318 0.00023747059185621249 3.2839969566523817e-05 -0.00039964282663059462 0.00073950961930677303 0.00034037250077290082 -0.00054697693813068329 -0.00021342556330575301 -0.00095833981682991859 -2.9051625179341673e-06 0.00058250768425782077
leaf_weight=20 32 34 23 23 20 190 42 35 206 38 24 30 23 52 20 53 40 32 93 25 29 69 117 20 64 40 88 23 168 87
leaf_count=20 32 34 23 23 20 190 42 35 206 38 24 30 23 52 20 53 40 32 93 25 29 69 117 20 64 40 88 23 168 87
internal_value=-2.40152e-13 0.000258167 -5.93551e-05 0.000172642 0.000234947 0.000293062 -4.40528e-05 -7.36706e-05 -0.000209235 -2.37397e-05 -2.07239e-06 -0.000647078 1.65475e-05 -0.000307118 4.96496e-05 0.000145592 -0.000164955 -0.000510279 0.000234651 -8.63559e-05 -4.38981e-05 0.00026453 -0.000159867 0.000151593 5.10632e-05 -0.000217282 -0.0001236 -0.000367777 0.000168523 0.000328523
internal_weight=1760 329 1431 309 286 266 76 1408 379 1029 994 62 970 90 880 516 115 55 401 364 344 94 250 60 133 69 317 111 348 180
internal_count=1760 329 1431 309 286 266 76 1408 379 1029 994 62 970 90 880 516 115 55 401 364 344 94 250 60 133 69 317 111 348 180
is_linear=0
shrinkage=0.05


Tree=125
num_leaves=31
num_cat=0
split_feature=130 1 240 141 91 210 288 300 0 5 295 279 184 4 276 312 179 286 273 293 173 123 249 215 240 85 284 298 184 159
split_gain=0.0102116 0.00719077 0.00686447 0.0200238 0.00584938 0.00522586 0.00485673 0.00690836 0.00514495 0.00483143 0.00476037 0.00506777 0.00488858 0.00436455 0.00540732 0.00450855 0.00410978 0.00442519 0.00416459 0.00408403 0.00396226 0.00576625 0.0050778 0.00449947 0.00382717 0.00380483 0.00380137 0.0041201 0.0036427 0.00350987
threshold=0.10450407560464715 8.0663645292381307 0.043572699663436874 0.041142634885750748 0.16264440447566389 0.008402371169459211 -0.043071663310036333 0.029188734124243748 5.5353618778730294 3.5408542930527882 -0.063693926038636703 -0.04431061853061815 -0.00058073556982515947 0.89587973461402759 0.00429284459669478 -0.046006351535027835 0.029311995533615898 -0.0074387554553864378 -0.048224300451176032 -0.0071217907163490671 0.00087914667315057698 -0.047745627649777696 0.0073325918774369541 0.0069579484881976015 0.053701686624553352 -0.071861339931552484 -0.009383673044322827 -0.00052449307805941647 -0.0012585498441901064 -0.02896019736869276
decision_type=2 2 2 2 2 2 2 2 2 2 2 2 2 2 2 2 2 2 2 2 2 2 2 2 2 2 2 2 2 2
left_child=1 2 4 24 6 -6 7 26 10 -3 -8 12 -12 14 -10 19 18 -18 25 -15 22 -22 28 -23 -4 -13 -1 -28 -20 -17
right_child=-2 9 3 -5 5 -7 8 -9 13 -11 11 16 -14 15 -16 29 17 -19 20 -21 21 23 -24 -25 -26 -27 27 -29 -30 -31
leaf_value=-0.0003624003411172644 0.0010243082921078896 0.0005135021627907287 0.00044432027397287667 0.0017308508291171165 -0.00013118554012511266 -0.0012479131210420746 -0.00095423281276453054 0.00092098879540571945 0.00083130963672267504 -0.00025318659956190883 -0.00013436092758638553 -0.00021409354613362145 -0.0012144507570403884 -0.00015157235649657314 -8.9671589958015833e-05 -0.0005246920874058214 0.00074491586738776499 -7.7842139555948304e-05 0.00045484998268449921 0.00069687537863894649 -0.0010650696694418523 -0.00014942286621387921 -0.00039934426599867907 -0.00072673934266074668 -7.1059661819858504e-05 0.00050400995747529526 -0.00014641394686805144 0.00063855476328171794 -9.4853853334782239e-05 -4.624820090417304e-05
leaf_weight=38 24 98 49 20 22 20 20 28 34 26 20 35 22 23 30 42 26 44 47 37 28 135 82 45 136 39 32 35 84 439
leaf_count=38 24 98 49 20 22 20 20 28 34 26 20 35 22 23 30 42 26 44 47 37 28 135 82 45 136 39 32 35 84 439
internal_value=2.58638e-13 -1.41609e-05 -4.23845e-05 0.000227925 -8.17686e-05 -0.000662961 -6.38857e-05 0.000223163 -9.48739e-05 0.000352745 -0.000195243 -0.000170235 -0.000700122 9.14476e-06 0.0003996 -3.70458e-05 -0.000130845 0.000227754 -0.000181556 0.000371637 -0.000242359 -0.000397583 -9.07794e-05 -0.000293752 6.54464e-05 0.000164366 3.70758e-05 0.000263644 0.000102368 -8.8025e-05
internal_weight=1760 1736 1612 205 1407 42 1365 133 1232 124 627 607 42 605 64 541 565 70 495 60 421 208 213 180 185 74 105 67 131 481
internal_count=1760 1736 1612 205 1407 42 1365 133 1232 124 627 607 42 605 64 541 565 70 495 60 421 208 213 180 185 74 105 67 131 481
is_linear=0
shrinkage=0.05


Tree=126
num_leaves=31
num_cat=0
split_feature=61 336 96 229 194 231 195 249 333 325 158 116 315 89 142 296 227 156 316 97 266 315 19 214 285 181 318 115 199 197
split_gain=0.00946754 0.0170526 0.00660405 0.00660233 0.0045694 0.00572079 0.00543087 0.00478278 0.00408286 0.00559286 0.00804753 0.00452825 0.00450929 0.00443389 0.00548904 0.00452418 0.00502499 0.00437737 0.00372074 0.00383514 0.00366411 0.00357166 0.00354605 0.00387 0.00346768 0.00390279 0.00324929 0.00317878 0.00310677 0.00460293
threshold=2.8617925509761908 0.020567212809021278 0.10630283631224409 -0.0077708029674206326 0.027246387975934708 -0.0086350389032788504 0.014153075756816241 -0.017965877765097945 -0.021622532382138668 0.019078402276441097 -0.025038198200031229 0.00094438761238648417 -0.061859948804882429 -0.089005499069940056 -0.033124242520425666 0.035428667613759839 0.032961438929765649 0.047312121012039167 -0.028353646467942875 0.023719344845552662 0.010423127341642963 -0.013473836919339862 24.060693641618503 0.24555429170826656 -0.0075171515086601337 0.020596260539328042 0.011784682292997785 -0.0015650863021587707 0.00047375508765092614 0.0079211934310076549
decision_type=2 2 2 2 2 2 2 2 2 2 2 2 2 2 2 2 2 2 2 2 2 2 2 2 2 2 2 2 2 2
left_child=2 3 4 -2 8 6 -6 27 9 18 -11 -12 -10 14 -14 17 20 22 -1 -20 -17 -5 23 28 25 -16 -23 -7 -15 -30
right_child=1 -3 -4 21 5 7 -8 -9 12 10 11 -13 13 15 24 16 -18 -19 19 -21 -22 26 -24 -25 -26 -27 -28 -29 29 -31
leaf_value=0.00044389018506990396 -0.00045752841225989605 0.0017089474989916199 0.00078148323567196114 0.00086017777898814542 -0.0013950122451933567 -0.00016180477295248157 -0.00022980044246651232 2.6171736500027297e-05 0.00041382116557898648 0.0012781033034907129 0.00064063658947513134 -0.00019650177148702953 -0.00085814976270272834 -0.00014233699372845341 0.00053720704012887618 -0.00048355895628143721 -0.0010377704376532209 0.00052029154261944296 2.932388266344788e-05 -0.00052168904076097531 0.0001741402504285361 0.00032243713023490274 0.00041340436437167229 -0.00066563024499919276 -0.00034852177941131085 -0.00037070060265250506 -0.00036170632229186599 -0.0010117754070299932 0.00024016729199754789 -0.00018568608503876616
leaf_weight=40 34 20 24 25 20 22 20 115 46 23 30 35 37 298 29 45 21 39 150 40 40 100 43 25 98 20 21 22 180 98
leaf_count=40 34 20 24 25 20 22 20 115 46 23 30 35 37 298 29 45 21 39 150 40 40 100 43 25 98 20 21 22 180 98
internal_value=-6.42847e-14 0.000323877 -4.15226e-05 0.00016998 -5.43821e-05 -0.000277916 -0.000812406 -0.000143453 -2.11112e-05 0.000135297 0.000474294 0.00018987 -6.99217e-05 -9.27913e-05 -0.000313813 -4.12475e-05 -0.000345167 5.92014e-06 5.59404e-06 -8.66788e-05 -0.000174053 0.000316112 -2.52297e-05 -5.66128e-05 -0.000176804 0.000166632 0.000203701 -0.00058679 -3.01798e-05 9.00463e-05
internal_weight=1760 200 1560 180 1536 199 40 159 1337 318 88 65 1019 973 184 789 106 683 230 190 85 146 644 601 147 49 121 44 576 278
internal_count=1760 200 1560 180 1536 199 40 159 1337 318 88 65 1019 973 184 789 106 683 230 190 85 146 644 601 147 49 121 44 576 278
is_linear=0
shrinkage=0.05


Tree=127
num_leaves=31
num_cat=0
split_feature=130 81 97 160 225 186 112 257 19 11 186 179 227 303 137 171 313 172 185 209 128 289 286 96 308 99 330 207 160 166
split_gain=0.00915452 0.00634221 0.00635798 0.00604868 0.00585897 0.00396473 0.00345777 0.00989934 0.00327312 0.00560431 0.00487353 0.00417182 0.00395888 0.00383013 0.00364231 0.00356672 0.00614206 0.00502268 0.00581953 0.00408482 0.00421478 0.00399569 0.00388364 0.00411023 0.00389862 0.0047272 0.00326657 0.00324822 0.00366651 0.00447276
threshold=0.10450407560464715 -0.50853409005428885 0.21148667865716259 -0.018260538594312228 0.092818822811808227 -0.0029592455414051162 0.081236691409609277 -0.0012821120176890648 9.4642857142857171 2.5273349937733505 0.068345893142565672 0.047624167517489664 0.010736731437349193 -0.041820324501177474 0.0062929236900516293 0.0034403963821269608 -0.021386601903167473 -0.016801112996305285 -0.013398576299549854 0.49697228417565925 0.032560913175673785 0.035593031385525532 -0.010312491390072875 0.0047330375700950196 0.039593492452078903 -0.0074429341633870313 0.014797968334468463 0.0048295378485326444 0.015372836164159531 -0.011528624276756392
decision_type=2 2 2 2 2 2 2 2 2 2 2 2 2 2 2 2 2 2 2 2 2 2 2 2 2 2 2 2 2 2
left_child=1 3 6 -1 5 26 8 -8 9 14 11 15 -13 -11 -3 19 17 -17 -19 20 21 22 23 -10 25 -24 -5 28 29 -18
right_child=-2 2 -4 4 -6 -7 7 -9 10 13 -12 12 -14 -15 -16 16 27 18 -20 -21 -22 -23 24 -25 -26 -27 -28 -29 -30 -31
leaf_value=-0.00042645881019000499 0.0009698410974427438 -0.00033103346338576541 0.00076680121280293424 -0.00018770824095508366 0.0010741081324383793 0.00036704267456134286 -0.0013216221921278962 -1.5845050740531309e-05 0.00061002888692038531 0.00040858973944148818 -0.00072422813770928142 0.00010696189579131456 0.00099846336319387775 -0.00015405869311993839 -0.0011285241576842965 -0.00013533168609931387 -0.00053097253464517991 0.0012715330433464894 0.00034612199731502469 -0.00060928251008781926 -0.00052345591495395638 -0.00033512323698960247 -0.00031658145211413733 -2.7838263739123131e-05 -0.00064270878362003721 0.00024406929969329066 0.00050118480523286216 0.00020547417214720112 -0.0004500604638619384 0.00013151496795471757
leaf_weight=35 24 41 23 79 21 151 21 47 56 34 23 33 20 274 22 33 32 23 65 38 45 75 61 46 25 98 22 103 65 125
leaf_count=35 24 41 23 79 21 151 21 47 56 34 23 33 20 274 22 33 32 23 65 38 45 75 61 46 25 98 22 103 65 125
internal_value=1.3925e-13 -1.34079e-05 -5.7792e-05 0.000192373 0.00027171 0.000204843 -7.12907e-05 -0.0004191 -5.3601e-05 -0.000179838 -5.1187e-06 1.24206e-05 0.000443378 -9.19482e-05 -0.000609522 -1.32432e-05 8.66265e-05 0.000390721 0.000587991 -0.000113563 -6.71653e-05 -1.02869e-05 7.48974e-05 0.000322363 -6.22848e-05 2.89769e-05 -3.76523e-05 -2.65903e-05 -0.00013426 -3.51433e-06
internal_weight=1760 1736 1428 308 273 252 1405 68 1337 371 966 943 53 308 63 890 446 121 88 444 406 361 286 102 184 159 101 325 222 157
internal_count=1760 1736 1428 308 273 252 1405 68 1337 371 966 943 53 308 63 890 446 121 88 444 406 361 286 102 184 159 101 325 222 157
is_linear=0
shrinkage=0.05


Tree=128
num_leaves=31
num_cat=0
split_feature=0 10 267 265 211 128 274 291 191 163 305 287 312 249 181 295 335 324 276 156 182 8 282 320 244 199 229 5 95 88
split_gain=0.00850316 0.0166756 0.00600683 0.017179 0.00383465 0.0036689 0.00476904 0.00547927 0.00387 0.0052427 0.00459405 0.00404131 0.00423399 0.00548671 0.00435377 0.00459238 0.00399451 0.00395032 0.00435258 0.00366897 0.00360969 0.00541166 0.00367611 0.00425819 0.00356127 0.00383902 0.00354442 0.00346491 0.00519678 0.00362587
threshold=6.0980717572261449 0.042644117112202222 0.073302367348293387 0.031874098747323311 -0.13553185922124197 0.03711479954533372 0.017434825092671958 -0.027837696102819626 0.026474976115099993 -0.0083281190726275049 0.023885204943402922 0.035330937608274611 -0.0040198154147698595 -0.04379355537990489 0.011794506794762778 0.043646095767685765 0.0014508674798545064 0.014585224592842184 -0.037148490676837551 -0.0092337379015687854 0.023440655489008297 0.021202472373103579 0.028308349265301805 0.011957010652677432 -0.0052855834595942532 -0.0021170713046752827 0.032974873261128024 3.5408542930527882 0.015225879463680756 0.087234732120640299
decision_type=2 2 2 2 2 2 2 2 2 2 2 2 2 2 2 2 2 2 2 2 2 2 2 2 2 2 2 2 2 2
left_child=2 27 4 -4 -1 8 19 -8 11 -10 -11 12 20 -14 15 17 -13 18 -15 -7 22 -22 23 -6 25 -16 -25 28 -2 -30
right_child=1 -3 3 -5 5 6 7 -9 9 10 -12 16 13 14 24 -17 -18 -19 -20 -21 21 -23 -24 26 -26 -27 -28 -29 29 -31
leaf_value=-0.00064781021651940361 5.0255261504916191e-05 0.0016154396746424029 -0.00018360594878781978 0.0016268014257730104 1.9097767117751859e-05 -0.00052829972228209956 1.7251853714697064e-05 -0.0010051902423104989 6.7965559954304378e-05 -0.00032733089297000309 -0.0012005644431337715 -0.00047686350870791992 0.00046827021550321343 -0.00056664818530407504 -0.00011023031000513583 -0.00078353480052863883 6.1398113296794076e-05 -0.00044455313277755033 6.6737260931404313e-05 0.00011797628381048397 0.00021351987528153891 0.0011924553272547201 -0.00023102344279543491 0.00029225768854530544 -0.00012918970605824143 0.00066567428108431749 0.0010548236643808195 -0.00036463127062233983 0.00075433564335319469 0.00013737701034794252
leaf_weight=29 228 20 38 20 133 32 20 38 62 61 20 81 46 32 25 31 60 79 178 70 48 20 66 64 66 44 20 32 55 42
leaf_count=29 228 20 38 20 133 32 20 38 62 61 20 81 46 32 25 31 60 79 178 70 48 20 66 64 66 44 20 32 55 42
internal_value=-5.11591e-14 0.000210496 -5.73804e-05 0.000440672 -7.9182e-05 -6.6458e-05 -0.000290622 -0.000652624 -3.48857e-05 -0.000278074 -0.000542944 1.35406e-07 4.11696e-05 -5.21257e-05 -0.000104737 -0.000205196 -0.000247816 -0.00014316 -2.97786e-05 -8.4777e-05 0.000174335 0.000501442 9.57365e-05 0.00019512 0.000133388 0.000384549 0.000473821 0.000131788 0.000180666 0.000487199
internal_weight=1760 377 1383 58 1325 1296 160 58 1136 143 81 993 852 501 455 320 141 289 210 102 351 68 283 217 135 69 84 357 325 97
internal_count=1760 377 1383 58 1325 1296 160 58 1136 143 81 993 852 501 455 320 141 289 210 102 351 68 283 217 135 69 84 357 325 97
is_linear=0
shrinkage=0.05


Tree=129
num_leaves=31
num_cat=0
split_feature=130 305 81 165 116 303 207 194 231 249 93 325 203 284 237 117 189 148 334 199 210 183 290 173 88 225 333 96 335 336
split_gain=0.00790174 0.00586434 0.0055751 0.00554054 0.00481143 0.00473277 0.00409329 0.00350904 0.00956034 0.00386249 0.00384161 0.00573254 0.00751823 0.00422338 0.00387723 0.00382797 0.00356449 0.00426561 0.00428801 0.00426307 0.00389721 0.0034765 0.00414599 0.00374519 0.00464702 0.00366224 0.00306305 0.00352941 0.00493831 0.00304353
threshold=0.10450407560464715 0.086039783199755263 -0.50853409005428885 -0.022176816119588452 -0.041684603730784718 0.089362733333353719 -0.0098719662387653367 0.034983125770617005 -0.0079643375982400826 -0.017965877765097945 0.068699484252190871 -0.0070740073830153636 -0.0037364350852164179 -0.010873369285544537 -0.0054303600276241508 0.10619318058514839 0.01403583828311116 0.010189039794767421 0.023640936787871377 0.048885458127295549 -0.0070894201302314028 0.03561377196628384 0.0015368734724337414 0.0061092918971341432 0.071501847387092657 0.080408919265375273 -0.041181545205408933 0.0023273472996576945 -0.0047666880261544803 -0.0036640121137381828
decision_type=2 2 2 2 2 2 2 2 2 2 2 2 2 2 2 2 2 2 2 2 2 2 2 2 2 2 2 2 2 2
left_child=1 2 3 -1 -5 7 -6 10 -9 -10 15 14 -13 -14 -12 16 19 18 -18 21 -20 22 23 26 -25 -24 -4 -28 -29 -30
right_child=-2 -3 5 4 6 -7 -8 8 9 -11 11 12 13 -15 -16 -17 17 -19 20 -21 -22 -23 25 24 -26 -27 27 28 29 -31
leaf_value=0.00095385889331477559 0.0009010406056404463 0.00076370274418877679 0.00040665148774644843 -0.00048663605208275844 -0.00033680000988445529 0.00066216732613446022 0.00026001938805895227 -0.0012044461385812611 -0.00055183589385265029 0.00011067395692710609 -0.00041503333413857036 6.5057568659540271e-05 -0.00056324341997463748 -0.0015567145554814489 0.00043146371404403797 0.00055407329533149351 0.00012103179235202483 -0.00015418419833153937 0.00025366636515779343 -0.00074788507154153203 0.0011987118894467132 0.00027597240354445993 6.7766407833756202e-05 -0.00030047334414150576 -0.0011052516178183612 -0.00056052177605670297 8.519001930280241e-07 -0.0009559814708024663 -0.000561896257947766 0.00020829315281248301
leaf_weight=21 24 24 27 30 33 22 222 25 33 66 24 25 23 20 31 28 148 99 24 24 20 66 321 123 21 25 131 28 23 29
leaf_count=21 24 24 27 30 33 22 222 25 33 66 24 25 23 20 31 28 148 99 24 24 20 66 321 123 21 25 131 28 23 29
internal_value=1.94585e-13 -1.24568e-05 -2.33375e-05 0.000170071 0.000112319 -6.54308e-05 0.000182784 -7.69967e-05 -0.000330784 -0.000110163 -5.20207e-05 -0.000317462 -0.000624448 -0.00102532 6.20832e-05 -2.33054e-05 -3.7883e-05 0.000112408 0.000249869 -9.13484e-05 0.000683233 -7.15035e-05 -0.000103005 -0.000216565 -0.000417837 2.23699e-05 -9.47874e-05 -0.000158953 -0.000420632 -0.000132368
internal_weight=1760 1736 1712 306 285 1406 255 1384 124 99 1260 123 68 43 55 1137 1109 291 192 818 44 794 728 382 144 346 238 211 80 52
internal_count=1760 1736 1712 306 285 1406 255 1384 124 99 1260 123 68 43 55 1137 1109 291 192 818 44 794 728 382 144 346 238 211 80 52
is_linear=0
shrinkage=0.05


Tree=130
num_leaves=31
num_cat=0
split_feature=51 56 214 137 99 8 182 0 210 137 221 308 155 295 249 191 333 296 201 335 247 177 178 152 83 11 261 267 326 253
split_gain=0.00774624 0.00737713 0.00901001 0.00367446 0.00460129 0.00414841 0.00387903 0.00349916 0.00449757 0.003924 0.00535388 0.00433181 0.00388546 0.00428031 0.00397904 0.00361924 0.00450189 0.00439806 0.00419459 0.00417044 0.00370612 0.00337087 0.00328298 0.00303817 0.00333183 0.00338156 0.0032964 0.00500152 0.00470323 0.00343807
threshold=0.89587973461402759 1.0000000180025095e-35 -0.0046224148827352027 0.016381297016343586 0.11494377022498332 0.40138888888888896 -0.042053799117897264 4.5485858369352732 0.0071375206154012929 0.011081924262214311 -0.031511470170960891 -0.059187679824437366 -0.032769274045476436 0.020512806007346961 -0.0069978105044819989 0.026474976115099993 0.01470156381010289 -0.016324773639654736 -0.028744945708468823 -0.009918999130243555 -0.023473855301330743 -0.006932995058977035 0.012714410027481931 0.013815351385636261 0.010177128407664384 3.4665064102564105 -0.029637595699491898 0.023615155578072356 0.016050949532119038 -0.015172038145108662
decision_type=2 2 2 2 2 2 2 2 2 2 2 2 2 2 2 2 2 2 2 2 2 2 2 2 2 2 2 2 2 2
left_child=1 3 -3 5 6 7 -5 8 -1 11 -11 -9 14 15 -13 16 18 -18 -14 -19 -21 -17 -15 26 -25 -26 -8 28 -28 -29
right_child=-2 2 -4 4 -6 -7 23 9 -10 10 -12 12 13 22 -16 21 17 19 -20 20 -22 -23 -24 24 25 -27 27 29 -30 -31
leaf_value=-0.00011510543597764543 0.00082500019052531579 0.00015424886648816028 0.0013700634734414054 -0.00078787911888433717 -0.00090237043081287994 0.00058859519534356275 5.7922701679482278e-05 0.00050729231424838882 -0.00087486094919520191 0.0010203469047238205 0.00013054475775913475 0.00067764902015443195 0.0007722508677034057 -0.00015051261427129084 3.1641697286934001e-05 -0.0008647080063210092 0.00021793727723170856 6.4435245035888839e-05 8.961988363268758e-05 -0.00021469533279411159 -0.0010753019383690995 -0.00010519533983218328 -0.00063480065752841294 -0.00012180282121888646 -7.3464323150287589e-05 0.00071152343769105813 -0.00032238987291302514 -0.00030197637861419937 0.00038979759294306861 -0.0011983370633654135
leaf_weight=170 28 64 20 21 20 30 91 40 22 22 73 37 24 137 67 21 38 27 361 22 29 48 47 69 23 34 102 20 30 23
leaf_count=170 28 64 20 21 20 30 91 40 22 22 73 37 24 137 67 21 38 27 361 22 29 48 47 69 23 34 102 20 30 23
internal_value=8.80918e-13 -1.33372e-05 0.000443729 -3.66342e-05 -0.000161698 7.93588e-06 -0.00012583 -6.76435e-06 -0.000202161 3.10162e-05 0.000336604 -1.31213e-06 -2.50233e-05 -6.45398e-05 0.000261471 3.14538e-06 4.99024e-05 -0.000223152 0.000132174 -0.000438042 -0.00070406 -0.000336351 -0.000274217 -9.03633e-05 0.000111887 0.000394774 -0.000186166 -0.000313092 -0.000160529 -0.000781425
internal_weight=1760 1732 84 1648 433 1215 413 1185 192 993 95 898 858 754 104 570 501 116 385 78 51 69 184 392 126 57 266 175 132 43
internal_count=1760 1732 84 1648 433 1215 413 1185 192 993 95 898 858 754 104 570 501 116 385 78 51 69 184 392 126 57 266 175 132 43
is_linear=0
shrinkage=0.05


Tree=131
num_leaves=31
num_cat=0
split_feature=19 182 295 207 156 220 194 231 211 9 207 249 259 199 277 270 311 105 330 222 236 163 129 283 168 308 286 289 310 154
split_gain=0.00736436 0.0333221 0.00693206 0.0057118 0.00648937 0.00543938 0.00464468 0.00524882 0.00445638 0.00770528 0.00345506 0.00337607 0.00312928 0.00296578 0.00406841 0.00372629 0.0044884 0.00550834 0.00405651 0.00404279 0.00405652 0.00372357 0.00437385 0.00418742 0.00416544 0.00370689 0.00351001 0.00334459 0.00365445 0.00325825
threshold=24.495856353591162 0.0098553871545695362 -0.010028415353348539 0.0052043649754517649 -0.0026519210358848491 0.021112121177937985 0.027246387975934708 -0.0086350389032788504 -0.086860655683096796 0.049816774891774898 -0.059922610137814997 -0.017965877765097945 0.037188229964622753 -0.0039856903238904978 -0.056922755509237352 0.055486222786292512 -0.032412751097658142 0.033736024643594924 0.031355216735007733 -0.016662037499534422 -0.0042857647452026809 -0.0028854821387986579 -0.0027097153467306547 0.04079029286939765 -0.0092111536047685492 -0.0045284448237171374 0.034333251575262839 -0.035862897283283422 -0.043239395714249916 -0.0020014440283108391
decision_type=2 2 2 2 2 2 2 2 2 2 2 2 2 2 2 2 2 2 2 2 2 2 2 2 2 2 2 2 2 2
left_child=6 2 5 4 -4 -2 8 -8 9 12 -10 -9 -1 21 25 16 17 -16 19 20 -18 26 -23 24 -24 -15 -12 -21 -29 -20
right_child=1 -3 3 -5 -6 -7 7 11 10 -11 13 -13 -14 14 15 -17 18 -19 29 27 -22 22 23 -25 -26 -27 -28 28 -30 -31
leaf_value=0.00019416217124811598 -1.5024376409114449e-05 0.0018856869440891648 -0.00055927645253877234 0.000998675769766454 0.00040513018858926548 -0.00093523656430009481 -0.00078275109378573226 -0.00050707784989340737 0.00051792545230084752 0.0011451443302212285 0.00011217548040804104 8.5369448929110112e-06 -0.00040839637442695678 -0.00083456724600042579 0.00018197802877134215 -0.00038055856552710661 0.00082102348167223469 0.0010972963414546527 -0.00076505825660812363 0.00045145057130768594 0.00011486710798223766 -7.266683206556338e-05 -0.0010914292991989949 1.4567530715225985e-05 -0.0004065972842681731 -5.4687319789081815e-06 -0.00043426240574465032 -0.00068840051920103311 -4.9457879670131792e-06 -4.2671525168131942e-05
leaf_weight=156 42 28 26 22 53 26 39 44 27 20 160 114 25 26 65 47 33 22 27 37 53 131 34 32 64 28 36 21 285 37
leaf_count=156 42 28 26 22 53 26 39 44 27 20 160 114 25 26 65 47 33 22 27 37 53 131 34 32 64 28 36 21 285 37
internal_value=-7.60242e-13 0.00028809 2.33988e-05 0.000286154 8.77305e-05 -0.00036687 -3.63107e-05 -0.000263277 -3.57843e-06 0.000213842 -4.10905e-05 -0.000135052 0.000110936 -5.43536e-05 1.17694e-05 4.76345e-05 8.2333e-05 0.000413438 2.39027e-05 7.92994e-05 0.000385834 -0.000152887 -0.000276567 -0.000482036 -0.000644192 -0.000404664 1.18093e-05 2.44231e-06 -5.18495e-05 -0.000347428
internal_weight=1760 197 169 101 79 68 1563 197 1366 201 1165 158 181 1138 681 627 580 87 493 429 86 457 261 130 98 54 196 343 306 64
internal_count=1760 197 169 101 79 68 1563 197 1366 201 1165 158 181 1138 681 627 580 87 493 429 86 457 261 130 98 54 196 343 306 64
is_linear=0
shrinkage=0.05


Tree=132
num_leaves=31
num_cat=0
split_feature=130 225 1 106 312 117 0 296 102 328 113 316 97 245 323 234 303 90 332 320 303 180 282 111 231 147 300 292 198 239
split_gain=0.00690176 0.00574518 0.00420947 0.00349163 0.00326783 0.00534757 0.00474247 0.00481595 0.00589837 0.00387133 0.00427527 0.00416465 0.00395119 0.00358794 0.00456067 0.00404791 0.00544885 0.0034957 0.0036098 0.00341556 0.00339135 0.00338006 0.0029949 0.0030073 0.00449519 0.00398494 0.00375181 0.00325924 0.00360162 0.00294818
threshold=0.10450407560464715 0.15205142098972116 9.0006064391200624 0.13336549233235348 -0.0042490035460090629 0.079696439502433339 3.8176519431297078 0.032031410328111971 0.039661961883116277 0.031878412895003698 0.010428575238320562 0.071660626611555381 0.1686549159209543 0.013202808987933605 -0.043438301405769854 0.017198263972002161 -0.020287030745506623 -0.019718053242864662 -0.031908719919083235 -0.050236797455320427 -0.01932990165894 -0.00031202882977636085 0.060368673461768788 -0.018819450855928798 -0.0079643375982400826 0.0049818609212753514 -0.024322157661024101 0.015888135137480486 -0.0073275666292459398 0.0058720635579445927
decision_type=2 2 2 2 2 2 2 2 2 2 2 2 2 2 2 2 2 2 2 2 2 2 2 2 2 2 2 2 2 2
left_child=1 2 3 4 5 6 -1 17 20 11 -11 12 13 22 -15 16 -16 21 -19 -20 -9 -8 23 26 27 -26 -6 28 -25 -21
right_child=-2 -3 -4 -5 9 -7 7 8 -10 10 -12 -13 -14 14 15 -17 -18 18 19 29 -22 -23 -24 24 25 -27 -28 -29 -30 -31
leaf_value=-0.00060035151672006284 0.00084209864994591046 0.00079122003834609955 0.00034693241700306071 0.00054778748482931406 0.00080086188544638303 0.0008436258399160579 0.00056811637999219647 -0.00055811502679716798 -0.0010269130551751003 -2.9476170924394146e-05 0.00061036836915364908 -0.00084126217767507545 -0.00072275790180019277 0.00045664788146192832 -0.0010908648479796416 -3.7074869703318339e-05 -0.00032679328848514292 0.00037359640259414028 -0.00062121504223190032 0.00013403071938896007 0.00010286093742436513 8.6553916059385407e-05 -0.00057325656525790696 -0.00019566033583638882 0.0001540148164029075 -0.00025827692284216281 8.3346382268915345e-05 0.00012368166088973259 -0.00096415725420229137 -0.00021645569662117248
leaf_weight=30 24 22 74 25 22 20 70 27 20 95 36 21 27 21 28 89 140 61 24 160 69 76 24 30 184 86 106 22 31 96
leaf_count=30 24 22 74 25 22 20 70 27 20 95 36 21 27 21 28 89 140 61 24 160 69 76 24 30 184 86 106 22 31 96
internal_value=2.18317e-13 -1.16419e-05 -2.1947e-05 -3.85916e-05 -4.76687e-05 3.86579e-05 1.32245e-05 4.37507e-05 -0.000245776 -0.000106267 0.000146359 -0.000146091 -0.000128068 -0.000107561 -0.000251818 -0.000309708 -0.000454139 0.000112714 2.50598e-05 -5.08714e-05 -8.30386e-05 0.00031744 -2.8149e-05 -9.50311e-07 -7.62345e-05 2.26923e-05 0.000206669 -0.000398044 -0.000586208 2.59831e-06
internal_weight=1760 1736 1714 1640 1615 653 633 603 116 962 131 831 810 783 278 257 168 487 341 280 96 146 505 481 353 270 128 83 61 256
internal_count=1760 1736 1714 1640 1615 653 633 603 116 962 131 831 810 783 278 257 168 487 341 280 96 146 505 481 353 270 128 83 61 256
is_linear=0
shrinkage=0.05


Tree=133
num_leaves=31
num_cat=0
split_feature=51 56 265 202 304 61 154 305 211 306 226 125 248 275 222 160 282 90 241 219 4 272 305 325 203 261 91 332 330 308
split_gain=0.00685603 0.00593376 0.00859865 0.00348277 0.00532245 0.0047153 0.00560764 0.00447531 0.00798905 0.00374978 0.0036646 0.00356716 0.00323517 0.00336722 0.00357838 0.00369629 0.00321631 0.00318917 0.00317294 0.00313424 0.00416493 0.00357721 0.00379449 0.00340203 0.00306223 0.00302617 0.00312946 0.00362211 0.00303275 0.00301202
threshold=0.89587973461402759 1.0000000180025095e-35 0.013966766883453179 0.00399514033009544 0.03765818099312284 2.8029010331479989 0.0084303081244637978 0.036626420666007097 -0.01716975440692254 0.015347010486561166 0.026156562098694509 -0.011779436823625603 -0.092854192340418251 0.027203352866725771 -0.007630065994962916 0.01583566156928002 0.043921983128313725 0.09196179240776757 0.012638967751906588 -0.03229889040841797 1.7005986908310777 -0.037468522904345346 -0.011277360420723234 -0.043294990853920745 -0.0018086301539082439 0.0056575189540036775 -0.14931316039978315 -0.008667802785531498 -0.014494920127921033 0.031390039097305707
decision_type=2 2 2 2 2 2 2 2 2 2 2 2 2 2 2 2 2 2 2 2 2 2 2 2 2 2 2 2 2 2
left_child=1 3 -3 5 7 12 11 9 -9 16 -6 -7 -1 19 18 -16 17 -5 -15 20 -14 24 23 -23 -21 26 -24 -28 -29 -11
right_child=-2 2 -4 4 10 6 -8 8 -10 29 -12 -13 13 14 15 -17 -18 -19 -20 21 -22 22 25 -25 -26 -27 27 28 -30 -31
leaf_value=0.00045541952939755806 0.00077614902345106082 0.00011457902216136518 0.0013023149549553636 -0.00012925528809604536 2.5813542742980646e-05 0.00069018491055993815 0.001086608321583342 -0.0011634888330234155 -0.00011553758529110135 0.00020178845209186506 0.00069948483357654405 -9.628106522343487e-05 8.5878547770682132e-05 -0.00019735056601348337 -0.00015903562833741885 -0.00071274884133458731 -0.00077934173411146434 -0.00073034052353856786 0.00050414800072623488 0.00074907781818183143 0.00070694894564118894 0.00026222360434273825 -0.00064269425168580108 -0.00039946051268489099 6.6285649798094082e-05 0.00021727066708572079 0.00037013780570954887 0.00031708025344414639 -0.00028785198680684429 -0.00046621244604466483
leaf_weight=36 28 64 20 274 80 21 21 31 44 108 27 46 131 40 81 48 24 24 27 24 34 23 24 125 52 113 42 26 102 20
leaf_count=36 28 64 20 274 80 21 21 31 44 108 27 46 131 40 81 48 24 24 27 24 34 23 24 125 52 113 42 26 102 20
internal_value=3.43489e-13 -1.25474e-05 0.000397373 -3.34415e-05 -0.000125601 2.38863e-05 0.000373679 -0.000191107 -0.000548691 -0.00013151 0.000195805 0.000150223 -9.28363e-06 -2.80385e-05 -0.000211101 -0.000365068 -0.00022251 -0.000177665 8.53429e-05 2.35137e-05 0.000213857 -3.56324e-05 -8.86715e-05 -0.000296631 0.000281904 1.15827e-05 -0.000108225 -3.27708e-05 -0.000164975 9.74133e-05
internal_weight=1760 1732 84 1648 632 1016 88 525 75 450 107 67 928 892 196 129 322 298 67 696 165 531 455 148 76 307 194 170 128 128
internal_count=1760 1732 84 1648 632 1016 88 525 75 450 107 67 928 892 196 129 322 298 67 696 165 531 455 148 76 307 194 170 128 128
is_linear=0
shrinkage=0.05


Tree=134
num_leaves=31
num_cat=0
split_feature=315 210 224 128 112 190 0 282 5 239 107 8 127 97 272 97 292 157 221 296 286 211 315 131 309 294 324 96 165 197
split_gain=0.00671017 0.0560068 0.00468576 0.00441668 0.00498636 0.00626308 0.00381737 0.00471558 0.00426863 0.0034193 0.00347904 0.00340764 0.00620251 0.0054984 0.00512366 0.00354784 0.00377063 0.0035081 0.00323272 0.00322442 0.0031216 0.00304965 0.00298472 0.00289663 0.00313612 0.00305301 0.00398887 0.00357065 0.00390555 0.00312696
threshold=0.04971749227683625 0.0069943813373304015 -0.017942317843777669 0.03711479954533372 0.050991913259329537 0.0016831360564955632 6.2015182395304995 -0.013755615367929007 3.6242520361853052 -0.033427969670344199 -0.061920013223642385 0.031077328826277131 0.046375359323957754 0.079411815104260278 -0.048327339581462243 -0.041437856252101737 0.044573084187771984 -0.014335144111894951 -0.0059119248148535994 0.016949783293809844 0.0054587730089568666 -0.01716975440692254 0.0081163897677961217 -0.0093170320448216076 -0.050981241890270527 -0.037437882748110857 0.013038489879173831 0.084583340959037592 -0.014490437974703544 -0.028239534824967803
decision_type=2 2 2 2 2 2 2 2 2 2 2 2 2 2 2 2 2 2 2 2 2 2 2 2 2 2 2 2 2 2
left_child=3 2 -2 6 -5 -6 9 -8 22 10 -1 13 14 23 -13 17 -17 -16 -19 -4 -12 -22 -9 24 -11 26 -25 28 -27 -30
right_child=1 -3 19 4 5 -7 7 8 -10 11 20 12 -14 -15 15 16 -18 18 -20 -21 21 -23 -24 25 -26 27 -28 -29 29 -31
leaf_value=-0.00082381505304841667 -0.00079547586200143488 0.0027071555086877197 0.0002962086539791555 -0.00011050761652746762 -0.0013083978771894844 -0.00015166945829696489 0.00057243166165327718 0.00028004737223379702 -0.00062962475800304679 -0.00079526220157276849 4.6467524585207048e-05 0.00079750167383083504 0.00098866372543852769 -0.00087823085370473573 -0.00015490914083784448 -9.7963848647049576e-06 -0.0007152935445317001 0.00011982869051280432 0.00097268405416980398 -0.00035536238123782941 -0.00090664500991503394 -0.0001818901731662373 -0.00016417847502109143 4.1607071532915282e-05 -0.00013207184636751374 -0.00028316616852531632 0.00075319194293115292 -0.00068074657465331265 0.00053430978497696446 3.3464521706703415e-05
leaf_weight=22 21 21 49 168 22 25 59 121 20 20 87 23 20 20 24 193 21 20 25 31 21 47 55 54 164 88 31 20 36 232
leaf_count=22 21 21 49 168 22 25 59 121 20 20 87 23 20 20 24 193 21 20 25 31 21 47 55 54 164 88 31 20 36 232
internal_value=-2.13572e-13 0.000357732 -0.000130762 -2.66442e-05 -0.000237869 -0.000693117 5.26951e-06 0.000180537 6.25685e-05 -3.29952e-05 -0.000235422 3.15969e-06 0.000135582 -6.17572e-05 7.98253e-05 2.14982e-05 -7.90274e-05 0.000333273 0.000593637 4.37249e-05 -0.000151908 -0.000405712 0.000141227 -3.64402e-05 -0.000204158 3.05013e-05 0.000301126 -3.06772e-05 5.84354e-06 0.000100742
internal_weight=1760 122 101 1638 215 47 1423 255 196 1168 177 991 326 665 306 283 214 69 45 80 155 68 176 645 184 461 85 376 356 268
internal_count=1760 122 101 1638 215 47 1423 255 196 1168 177 991 326 665 306 283 214 69 45 80 155 68 176 645 184 461 85 376 356 268
is_linear=0
shrinkage=0.05


Tree=135
num_leaves=31
num_cat=0
split_feature=51 56 244 202 304 61 154 223 307 252 331 125 315 240 168 199 324 288 254 168 109 276 318 176 303 141 198 151 323 199
split_gain=0.00614094 0.0050989 0.00814902 0.00308358 0.0046335 0.00412867 0.00501713 0.00402549 0.00367821 0.00357834 0.00328854 0.00311939 0.00292084 0.00351943 0.00288102 0.00351904 0.00507771 0.004817 0.00384498 0.00415199 0.00536867 0.00338841 0.0039949 0.00314118 0.00430336 0.0030684 0.00305453 0.00300252 0.00293677 0.00285478
threshold=0.89587973461402759 1.0000000180025095e-35 -0.0084361168958858087 0.00399514033009544 0.03765818099312284 2.8029010331479989 0.0084303081244637978 0.088596655465654137 -0.050246317838677536 -0.026199768484310899 -0.05028549942694973 -0.011779436823625603 0.033325811847422657 -0.0035083188828179145 -0.012874596934394406 -0.0039856903238904978 0.0181506767861715 0.03796936352571479 -0.0024355081618253941 0.0043566047623198141 0.0085471580906573402 -0.0043556087820718426 0.028390007876890656 0.0011631227283015429 0.010768634008634837 -0.018878102298626753 -0.020520495957761915 -0.023984722628079151 -0.032091710068120054 -0.011589373733938783
decision_type=2 2 2 2 2 2 2 2 2 2 2 2 2 2 2 2 2 2 2 2 2 2 2 2 2 2 2 2 2 2
left_child=1 3 -3 5 7 14 11 8 -5 -6 -10 -7 13 -12 21 18 17 23 27 20 -20 22 -1 24 -17 -18 -23 -16 -28 -14
right_child=-2 2 -4 4 9 6 -8 -9 10 -11 12 -13 29 -15 15 16 25 -19 19 -21 -22 26 -24 -25 -26 -27 28 -29 -30 -31
leaf_value=0.00019129443442219933 0.00073455787559006632 0.001194853099613366 7.47575153288762e-05 -0.00074879197860961246 0.00076706146189410779 0.00064358368565860604 0.0010243582957801187 -0.00074147547541845906 0.00041128402500752214 3.9040608748490383e-05 -0.00028872685309962485 -9.1866843665585571e-05 -0.00082942640804284221 1.900606221664869e-05 0.00055656990249796463 -0.000165351574685885 0.00024655132216312703 -0.00041813534119033394 -0.0013155574386473747 -0.00016543084574616084 -0.00032414395775251455 -0.0004700686883053652 0.00093828797114176932 0.00040689298328808426 0.00037723779127953744 -0.00043824598019332248 -0.00034710226042581531 -0.00010471434216595571 0.00023389672402201499 -8.3501563336619227e-05
leaf_weight=96 28 22 62 24 21 21 21 30 28 86 152 46 29 239 21 89 21 35 22 97 36 31 22 112 62 74 29 94 87 23
leaf_count=96 28 22 62 24 21 21 21 30 28 86 152 46 29 239 21 89 21 35 22 97 36 31 22 112 62 74 29 94 87 23
internal_value=-5.71741e-13 -1.18751e-05 0.000368116 -3.12435e-05 -0.000117961 2.26989e-05 0.00035001 -0.00017908 -0.000144996 0.000181923 -0.000114229 0.000138648 -0.000147445 -0.000100624 -8.33922e-06 -6.40367e-05 3.1443e-05 0.000132919 -0.000203013 -0.000365537 -0.000700197 0.00013101 0.000330564 0.000206253 5.74335e-05 -0.00028687 -2.91774e-05 1.60419e-05 8.8647e-05 -0.000499498
internal_weight=1760 1732 84 1648 632 1016 88 525 495 107 471 67 443 391 928 663 393 298 270 155 58 265 118 263 151 95 147 115 116 52
internal_count=1760 1732 84 1648 632 1016 88 525 495 107 471 67 443 391 928 663 393 298 270 155 58 265 118 263 151 95 147 115 116 52
is_linear=0
shrinkage=0.05


Tree=136
num_leaves=31
num_cat=0
split_feature=315 101 51 221 296 0 109 163 227 332 168 215 19 121 336 121 327 246 191 314 132 142 336 183 297 268 249 197 221 7
split_gain=0.00617623 0.0519416 0.00444413 0.00374948 0.00372704 0.00328473 0.0029479 0.00685521 0.00583557 0.00274657 0.00379283 0.00323438 0.0029319 0.00288392 0.00369807 0.00344703 0.00343982 0.00629548 0.00325903 0.00297804 0.00286195 0.00311148 0.00279641 0.00268752 0.00284965 0.00271085 0.00262968 0.00296105 0.00343446 0.00279073
threshold=0.04971749227683625 0.018381713682676541 0.89587973461402759 0.019490239244210356 0.016949783293809844 11.055853368301584 0.093837300994678116 -0.014122235282413948 -0.00080875493798387391 -0.025871954486798358 0.0076071997557911929 0.0011604765067822142 13.35416666666667 -0.001799926512611608 0.024785148027325166 -0.010346301836900747 0.032872326072066797 -0.00060520108977255515 -0.037091882939541639 -0.0041513030122202338 -0.064194023117461294 0.018558744053943685 0.015368910204382713 -0.015756620073126257 -0.04502549936826359 0.0028485857244588218 0.0060139877031390393 0.0045498991393413879 0.044359835350804767 0.42470624613481761
decision_type=2 2 2 2 2 2 2 2 2 2 2 2 2 2 2 2 2 2 2 2 2 2 2 2 2 2 2 2 2 2
left_child=2 3 5 4 -2 6 9 -8 -9 10 11 12 -1 14 20 -16 18 -18 -15 -19 -11 23 -12 25 -25 -22 27 29 -29 -20
right_child=1 -3 -4 -5 -6 -7 7 8 -10 13 22 -13 -14 16 15 -17 17 19 26 -21 21 -23 -24 24 -26 -27 -28 28 -30 -31
leaf_value=-5.2502678434913317e-05 0.00043124847047812712 0.0026730798391508873 -0.00071568882387667979 -0.00053306343021436735 -0.00032141083572461305 0.00039169113557212162 0.00035999452097299086 -0.00010052490488305922 -0.0012683204651931074 -0.00047089793065838013 5.5509706629480556e-05 0.00054749979690313919 0.0004978065504795215 -0.00067404920991975814 0.00013099103060284668 0.00078353960592981563 0.00012176363359622915 -0.00043463533987629817 0.00043440762046884632 -0.0012776476604631172 0.00086126906273420911 -0.00023302447811184178 -0.00053932537176196692 0.00057547420098368702 -3.171837349711969e-05 0.00015666716292819961 -0.00016781758057159434 -0.00031483921736199751 0.00033247730936165209 3.1578587731928563e-05
leaf_weight=84 38 20 23 35 29 48 22 20 23 33 62 64 34 22 73 28 29 22 64 20 20 99 29 21 242 43 270 85 27 131
leaf_count=84 38 20 23 35 29 48 22 20 23 33 62 64 34 22 73 28 29 22 64 20 20 99 29 21 242 43 270 85 27 131
internal_value=-2.86911e-13 0.000343204 -2.55622e-05 -0.000113634 0.000105471 -1.57338e-05 -2.82139e-05 -0.000357877 -0.00072516 -1.39476e-05 0.00012951 0.000261292 0.000106061 -4.58142e-05 3.80386e-05 0.000311896 -0.000115775 -0.000444842 -7.67703e-05 -0.00083607 -2.23534e-05 1.24747e-05 -0.000134053 8.70282e-05 1.67647e-05 0.00038035 -5.39971e-05 4.61057e-05 -0.00015879 0.000163789
internal_weight=1760 122 1638 102 67 1615 1567 65 43 1502 273 182 118 1229 559 101 670 71 599 42 458 425 91 326 263 63 577 307 112 195
internal_count=1760 122 1638 102 67 1615 1567 65 43 1502 273 182 118 1229 559 101 670 71 599 42 458 425 91 326 263 63 577 307 112 195
is_linear=0
shrinkage=0.05


Tree=137
num_leaves=31
num_cat=0
split_feature=130 305 137 99 173 206 302 19 285 86 141 109 260 216 274 9 163 291 218 88 263 321 85 227 101 237 246 118 336 135
split_gain=0.00587708 0.00525657 0.0040429 0.00494268 0.0046254 0.00415093 0.00401111 0.0061071 0.00407357 0.0040901 0.00533591 0.00396116 0.00349326 0.00338517 0.00330196 0.00324759 0.0035035 0.00322044 0.00308695 0.00381351 0.00342866 0.00280371 0.00278131 0.00303195 0.00276698 0.00274211 0.00273033 0.00309326 0.00263949 0.00260405
threshold=0.10450407560464715 0.086039783199755263 0.016381297016343586 0.12100124368617683 -0.00020952570420450462 -0.024170381066581929 0.0062192429428931757 37.125000000000007 -0.057640879230768043 -0.011970876671595283 -0.048958430638727499 0.056930507760782754 -0.058124486028912833 0.087177524256547081 0.010665511261528217 0.011441707511206068 0.014575989122446649 -0.02898619371735596 0.0059745135550949837 -0.18177320629417595 -0.023538615053513113 0.025485438416027528 0.078642337403113979 -0.0063953379434692299 -0.013808283478494289 -0.0089393743844062654 -0.030803151502146024 -0.0076274233262161638 -0.0095559066767045026 -0.037345731343979012
decision_type=2 2 2 2 2 2 2 2 2 2 2 2 2 2 2 2 2 2 2 2 2 2 2 2 2 2 2 2 2 2
left_child=1 2 6 4 12 -6 7 8 -1 29 -11 22 -4 26 18 -16 17 -17 19 -8 -20 -21 23 -7 -25 -22 27 -12 -19 -10
right_child=-2 -3 3 -5 5 11 14 -9 9 10 13 -13 -14 -15 15 16 -18 28 20 21 25 -23 -24 24 -26 -27 -28 -29 -30 -31
leaf_value=-0.00046975722505687213 0.00077707622911778651 0.00072409667627653111 -0.00054125014304934836 -0.00092156815459020446 -0.00087376970063465147 -0.00020405809523451709 0.00052645673997522824 0.0009379093141649805 0.00034812338464524311 0.0010198236517317129 0.00021847879943379667 -0.00081073144860768125 0.00012619235319208302 -0.00025197118461619541 -0.00066180767653828583 -0.00052327228272419982 -0.00067483967107434116 -0.00021774422209823463 -0.00024430455034069547 -0.00027305928709689848 1.4250054962945005e-05 0.00025614936942777912 -0.00048055365989153203 -0.00011235513084102423 0.00063696527286083438 0.00054936199599216065 0.00016988289023433999 0.0010604243254056201 0.00030275884457902675 -6.115287045043455e-05
leaf_weight=33 24 24 22 20 26 69 21 21 44 20 24 23 180 40 38 27 26 41 33 151 39 30 38 22 28 62 221 20 60 333
leaf_count=33 24 24 22 20 26 69 21 21 44 20 24 23 180 40 38 27 26 41 33 151 39 30 38 22 28 62 221 20 60 333
internal_value=-1.42173e-13 -1.0743e-05 -2.10445e-05 -0.000154128 -0.000116509 -0.000283217 2.33168e-05 9.71711e-05 7.315e-05 9.86713e-05 0.000228658 -0.000197915 5.35006e-05 0.000176778 -8.24292e-05 -0.000247838 -0.000145689 -3.82057e-05 1.20901e-05 -0.000111346 0.000198165 -0.000185345 -0.000108139 1.07832e-05 0.000307264 0.000342735 0.000241495 0.000601181 9.14655e-05 -1.33859e-05
internal_weight=1760 1736 1712 428 408 206 1284 756 735 702 325 180 202 305 528 192 154 128 336 202 134 181 157 119 50 101 265 44 101 377
internal_count=1760 1736 1712 428 408 206 1284 756 735 702 325 180 202 305 528 192 154 128 336 202 134 181 157 119 50 101 265 44 101 377
is_linear=0
shrinkage=0.05


Tree=138
num_leaves=31
num_cat=0
split_feature=51 81 335 291 193 270 96 295 299 141 91 306 208 213 159 130 282 302 302 139 95 206 159 322 320 331 326 217 114 175
split_gain=0.00577074 0.00436844 0.00965933 0.00332404 0.00406168 0.00276082 0.00448907 0.00367633 0.00419922 0.00294874 0.00389601 0.00286574 0.00436646 0.00487443 0.00340154 0.00339855 0.00442354 0.00288083 0.00468395 0.00283826 0.00263573 0.00259022 0.00266662 0.00252677 0.00266207 0.00294035 0.00252129 0.00248635 0.00248236 0.00246581
threshold=0.89587973461402759 -0.49991037261360072 0.029473719851370948 -0.0015513143247573456 0.010617522307117728 0.025838288935631115 -0.030856748217480901 -0.056815806675888765 -0.00026420917838873153 -0.020068182619377792 -0.14640105540276058 0.011842142039781385 -0.0079861384573585558 -0.0036085021985123949 -0.0018617832948391695 -0.047891411094926513 -0.013073724266649251 0.006792897248921354 0.010258444054409099 0.021739327499424747 0.020147085229105615 -0.00236143268032209 -0.0014084905891720311 -0.026189703583063956 -0.020323022646186503 -0.034224520381499847 0.012937009999927951 -0.01964710326580953 0.014379347616315737 0.019696032651213616
decision_type=2 2 2 2 2 2 2 2 2 2 2 2 2 2 2 2 2 2 2 2 2 2 2 2 2 2 2 2 2 2
left_child=1 2 3 27 -5 7 -7 8 -3 20 -11 15 14 -14 -13 16 -9 23 -19 29 -8 -12 -23 -17 -25 -26 -24 -1 -27 -15
right_child=-2 5 -4 4 -6 6 9 11 -10 10 21 12 13 19 -16 17 -18 18 -20 -21 -22 22 26 24 25 28 -28 -29 -30 -31
leaf_value=0.00066090244792325523 0.00071207264580672408 -2.5580023835313371e-05 0.0011588588150599126 3.6202997011657807e-05 -0.00060256327754662682 -0.00087089034363585114 -8.0880797254301773e-05 2.3497029057277057e-05 -0.00085549648480351881 -0.00085495342632797974 -0.00035819980880343033 0.00070741213924823874 0.00032930797377048296 -0.00038948260469701481 0.00012892945017450042 0.00032655559079540144 -0.00093648759993811845 -0.00065941666785204831 -5.7655076071162515e-05 0.00021605414687655866 0.00053436268418509923 -0.0002407641771612732 -1.2182387667160263e-05 -0.00027708498581957363 0.00062261153007452585 -0.0001011588461752101 0.00068462639698866831 0.00014959978375510686 0.0002913335111323681 0.00016067855534716868
leaf_weight=29 28 35 22 146 30 22 49 24 27 22 86 48 80 94 54 77 24 38 217 40 27 54 34 65 23 127 21 132 59 26
leaf_count=29 28 35 22 146 30 22 49 24 27 22 86 48 80 94 54 77 24 38 217 40 27 54 34 65 23 127 21 132 59 26
internal_value=-3.68655e-13 -1.15116e-05 0.00014378 7.75136e-05 -7.26776e-05 -5.21158e-05 -0.000182055 -1.34287e-05 -0.000386995 -0.000130334 -0.000224205 9.82542e-06 0.000127108 1.06378e-05 0.000401157 -5.1506e-05 -0.000456495 -1.94277e-05 -0.000147329 -0.000148697 0.000137693 -0.000153044 8.82282e-06 7.34924e-05 2.37608e-06 8.92898e-05 0.000253872 0.000241698 2.33414e-05 -0.000270281
internal_weight=1760 1732 359 337 176 1373 315 1058 62 293 217 996 342 240 102 654 48 606 255 160 76 195 109 351 274 209 55 161 186 120
internal_count=1760 1732 359 337 176 1373 315 1058 62 293 217 996 342 240 102 654 48 606 255 160 76 195 109 351 274 209 55 161 186 120
is_linear=0
shrinkage=0.05


Tree=139
num_leaves=31
num_cat=0
split_feature=315 252 51 88 168 128 298 238 196 295 287 312 302 160 269 214 11 137 168 237 173 10 128 219 264 331 248 157 335 88
split_gain=0.00567913 0.0489695 0.00432673 0.00407627 0.00395861 0.00289521 0.00387041 0.00320591 0.00327806 0.00291242 0.00317466 0.00269244 0.00364122 0.00311288 0.00321192 0.00303279 0.00437119 0.00290925 0.00273606 0.00302569 0.00329608 0.00317633 0.00272452 0.00283079 0.00268016 0.00265213 0.00287308 0.00343273 0.00261449 0.00247411
threshold=0.04971749227683625 0.050102421934002529 0.89587973461402759 0.036550274384652338 -0.023915555443762514 0.03711479954533372 0.026907683572709132 0.075016965848609327 -0.068154658832799545 0.033120786400119069 0.035330937608274611 1.0000000180025095e-35 0.0075209060684816179 -0.0016476522772010448 0.0093458273432880917 0.01292356416363088 2.2273804394657479 0.010543385645990397 -0.0075482565829778003 0.0041514777855119148 0.011507125510288825 0.067041198501872665 -0.028860791856970925 -0.0046478437346498822 -0.02675606803842993 -0.015863672464136305 -0.0033265676940154028 -0.0089737104251876344 0.013576441913928516 -0.088942937111989348
decision_type=2 2 2 2 2 2 2 2 2 2 2 2 2 2 2 2 2 2 2 2 2 2 2 2 2 2 2 2 2 2
left_child=2 3 5 4 -2 7 -7 8 -1 10 11 18 15 -14 -15 22 -17 -16 -10 20 21 -20 -13 29 -21 -12 -27 -28 -6 -24
right_child=1 -3 -4 -5 28 6 -8 -9 9 -11 25 12 13 14 17 16 -18 -19 19 24 -22 -23 23 -25 -26 26 27 -29 -30 -31
leaf_value=-0.00055885261453627406 0.00027304664489790975 0.0024073948790116805 -0.00070546205559208911 0.00048391753851319665 -0.00079056297868697182 -9.1980010557953014e-05 -0.00066795672755688435 -0.00025199114736742812 0.00036692551012815639 -0.00014603588690182992 0.00021091695818540755 -0.00027610420031502027 0.00010754606877041321 -0.00053479518440044003 0.00034849797224591455 6.1068813763910822e-05 0.00080785761569536095 -0.00041674510569504023 -3.6775953954613375e-05 -0.00013950938909450391 -0.00044323738286785111 0.00064472823148770705 0.00081879688543267564 -6.8074274049343263e-05 0.00039580210870107695 2.3769354002255646e-05 -3.1686444359365853e-05 -0.00078608058347048144 -9.8708828657188201e-05 0.00019202010827595243
leaf_weight=23 21 23 23 20 36 175 35 107 155 175 40 52 75 66 27 43 36 23 92 30 39 21 20 89 106 49 25 38 22 74
leaf_count=23 21 23 23 20 36 175 35 107 155 175 40 52 75 66 27 43 36 23 92 30 39 21 20 89 106 49 25 38 22 74
internal_value=4.10083e-13 0.000329103 -2.45119e-05 -0.000153733 -0.000315163 -1.48142e-05 -0.000187976 1.10677e-05 3.27528e-05 4.34249e-05 7.35664e-05 0.000107579 2.86574e-05 -0.000143488 -0.000305795 0.00013337 0.000401378 -3.51384e-06 0.000197546 0.000106387 -4.69102e-05 8.98753e-05 4.3274e-05 0.000134026 0.000277719 -0.000138565 -0.00026338 -0.000486718 -0.000528136 0.000325377
internal_weight=1760 122 1638 99 79 1615 210 1405 1298 1275 1100 948 505 191 116 314 79 50 443 288 152 113 235 183 136 152 112 63 58 94
internal_count=1760 122 1638 99 79 1615 210 1405 1298 1275 1100 948 505 191 116 314 79 50 443 288 152 113 235 183 136 152 112 63 58 94
is_linear=0
shrinkage=0.05


Tree=140
num_leaves=31
num_cat=0
split_feature=240 312 91 84 211 110 191 265 300 249 158 325 61 198 111 274 179 297 117 283 283 171 321 248 130 203 166 98 256 331
split_gain=0.00533463 0.0215418 0.00424895 0.00544282 0.00406709 0.0118156 0.00475926 0.00342253 0.00295744 0.00295216 0.00362176 0.00290482 0.00344427 0.00253469 0.00368337 0.00520435 0.00394103 0.00402287 0.00350366 0.00345641 0.00528265 0.00303034 0.00336367 0.0029952 0.00334822 0.00361999 0.00298899 0.00299736 0.00295267 0.00272443
threshold=0.043572699663436874 -0.037725059080641353 0.16264440447566389 0.14961105617187673 -0.098702431702471699 -0.040047435176490467 -0.012481120404516837 -0.02112990763841836 -0.010946707962562528 0.00070099908620011638 -0.012887387976803015 -0.01136521379510662 0.89587973461402759 -0.0029254405878832751 0.040341856636932745 0.011934752452302648 0.029311995533615898 -0.0093488027286692827 -0.072423783422190829 0.021190187575892656 0.013086023701836794 -0.0067852935947619606 0.035951750142357047 0.0022234224565714084 0.012664935543972076 1.0000000180025095e-35 -0.01015240154727705 -0.018657449046629433 -0.0092097604353364917 -0.0010043273014231108
decision_type=2 2 2 2 2 2 2 2 2 2 2 2 2 2 2 2 2 2 2 2 2 2 2 2 2 2 2 2 2 2
left_child=2 -2 4 -4 5 -1 -7 -8 -3 -9 -11 12 -10 14 16 -16 19 -18 28 20 23 -20 26 -6 -25 -26 27 -23 -15 -29
right_child=1 8 3 -5 13 6 7 9 11 10 -12 -13 -14 18 15 -17 17 -19 21 -21 -22 22 -24 24 25 -27 -28 29 -30 -31
leaf_value=0.0013057203501895336 0.001755485584449378 -0.00018183783140058999 -0.0011254531914164545 2.3607936505552224e-06 -1.8084151777217213e-05 -0.00052122576783100759 -0.00044092520131796067 -4.6989342692021246e-06 0.00013325700698339421 0.0010032629438986383 0.000252054222041539 3.3804698063790593e-05 0.0010304255766095593 -4.8416752040928397e-05 -0.00019912180352413863 -0.0011267573858189973 -8.7424270301149541e-05 0.00067814880478636044 -0.00010050640870907287 0.00010148602849341941 -0.00097278110545382594 0.00038045306270457027 0.00058284838248962641 -0.000146512506679334 -0.00022282536131873107 -0.0010743879656589482 0.00017461879854611628 6.8271766524828444e-05 -0.00082875392211214857 -0.00045678691737217989
leaf_weight=21 21 73 20 23 153 30 21 70 23 21 68 74 20 27 54 21 37 32 245 109 22 24 36 82 24 26 259 42 22 60
leaf_count=21 21 73 20 23 153 30 21 70 23 21 68 74 20 27 54 21 37 32 245 109 22 24 36 82 24 26 259 42 22 60
internal_value=5.63008e-13 0.000235858 -3.21278e-05 -0.000522204 -1.8135e-05 0.000174906 6.18242e-05 0.000158999 6.7899e-05 0.000238234 0.000429306 0.000223718 0.000550545 -5.31094e-05 -0.000132769 -0.00045886 -8.23421e-05 0.000267624 9.28108e-06 -0.000140389 -0.000226267 3.9303e-05 0.000120665 -0.000168641 -0.000343151 -0.000665638 7.74476e-05 -0.000122293 -0.000398772 -0.000240586
internal_weight=1760 211 1549 43 1506 231 210 180 190 159 89 117 43 1275 560 75 485 69 715 416 307 666 421 285 132 50 385 126 49 102
internal_count=1760 211 1549 43 1506 231 210 180 190 159 89 117 43 1275 560 75 485 69 715 416 307 666 421 285 132 50 385 126 49 102
is_linear=0
shrinkage=0.05


Tree=141
num_leaves=31
num_cat=0
split_feature=51 56 214 202 202 314 282 304 306 226 305 100 161 295 97 246 315 87 265 132 165 294 106 274 246 109 114 97 8 334
split_gain=0.00543814 0.00374565 0.00722564 0.00252456 0.00497413 0.00747681 0.00440422 0.00379728 0.00374004 0.00328598 0.00319955 0.0047597 0.00315219 0.00291207 0.00304086 0.00326506 0.0037034 0.00446864 0.00293268 0.00291722 0.00355087 0.00324478 0.00355343 0.00322097 0.00291037 0.0027793 0.00267897 0.00311725 0.00263376 0.00287229
threshold=0.89587973461402759 1.0000000180025095e-35 -0.0046224148827352027 0.0045783224313258606 0.0057474041319609511 -0.0022894660266122102 0.046868055787535327 0.03765818099312284 0.01097384480581183 0.026156562098694509 0.019594597472825635 0.026751573698627688 0.0036897456430863246 0.021517574133443341 -0.094432707242327482 -0.0090273783537927008 -0.014062964583819544 0.0036481876853138077 -0.050408724266084677 0.040627484184951206 0.015400812274941304 -0.019395343881849627 -0.0040980401198623256 -0.00065028173858730466 0.0060722706920420611 0.038826976808869235 0.011546115757776016 -0.016321805903552863 0.0091428690845637029 0.021774716506147138
decision_type=2 2 2 2 2 2 2 2 2 2 2 2 2 2 2 2 2 2 2 2 2 2 2 2 2 2 2 2 2 2
left_child=1 3 -3 13 5 -5 7 8 10 -9 -6 -12 -8 14 -1 16 17 -16 -15 20 21 22 23 -17 26 -22 27 -23 29 -20
right_child=-2 2 -4 4 6 -7 12 9 -10 -11 11 -13 -14 18 15 19 -18 -19 28 -21 25 24 -24 -25 -26 -27 -28 -29 -30 -31
leaf_value=-0.00042485066913286576 0.00069124758696749011 5.5275636009355372e-05 0.0011440623465159663 -0.0013347772887209431 -9.3114600747677017e-05 -3.7749401177279657e-05 -0.00020321397680119133 0.00010386403492715993 0.00013523827723461147 0.00080562220444500626 -0.00014877903471642641 -0.0010177695225838061 -0.00094510996548871683 -0.00053672580303297057 3.4591041104350651e-05 0.00022903919318354306 0.00011829486999903777 0.00085530314231724584 -9.556995140479153e-05 0.00038104154017228791 -0.00013842058916009429 -0.00093868163474326134 -8.3614442375055034e-05 0.0010966370749520139 0.00010480920437001057 -0.00073534695771881029 0.00017550312290108265 -0.00020216101504903395 0.00011699145215315439 -0.00071118579944595695
leaf_weight=30 28 64 20 20 215 25 41 69 133 22 40 26 22 37 27 23 208 43 90 47 78 20 29 20 144 26 27 51 111 24
leaf_count=30 28 64 20 20 215 25 41 69 133 22 40 26 22 37 27 23 208 43 90 47 78 20 29 20 144 26 27 51 111 24
internal_value=-3.8045e-13 -1.11749e-05 0.000314511 -2.77754e-05 -0.000108188 -0.000614206 -6.80986e-05 -1.89224e-05 -8.32032e-05 0.00027352 -0.000186594 -0.000491109 -0.000462289 1.98507e-05 6.86779e-05 8.8605e-05 0.000224163 0.000538743 -0.000124208 7.56175e-06 -3.44324e-05 4.94366e-05 0.000344109 0.000632573 -3.82344e-05 -0.000287652 -0.000248421 -0.000409632 -5.6372e-05 -0.000225173
internal_weight=1760 1732 84 1648 613 45 568 505 414 91 281 66 63 1035 773 743 278 70 262 465 418 314 72 43 242 104 98 71 225 114
internal_count=1760 1732 84 1648 613 45 568 505 414 91 281 66 63 1035 773 743 278 70 262 465 418 314 72 43 242 104 98 71 225 114
is_linear=0
shrinkage=0.05


Tree=142
num_leaves=31
num_cat=0
split_feature=130 225 199 89 319 226 99 158 157 227 296 161 147 294 315 154 200 102 193 85 85 333 87 314 227 274 183 318 314 121
split_gain=0.00520059 0.00512714 0.0028851 0.00383952 0.00438383 0.00367283 0.0117494 0.00378177 0.0032644 0.00316556 0.00300662 0.0026696 0.0027575 0.00288344 0.00265131 0.00255824 0.00253626 0.00330998 0.00396697 0.0039443 0.00309543 0.00294653 0.00302171 0.00262108 0.00279941 0.00313753 0.00262082 0.00228015 0.00227002 0.00222741
threshold=0.10450407560464715 0.15205142098972116 -0.010812262857192506 -0.16524420371482582 -0.02177926851896515 -0.041245463988162277 0.096543365425054581 0.0069327365139866051 0.0073054431237051442 0.061930093271719965 0.016949783293809844 -0.029672072699342137 -0.025153922254379516 0.018260774202882499 -0.014062964583819544 -0.0020014440283108391 0.0023520958520701798 -0.031597609185231669 0.014115183909306625 -0.07450780096624815 0.32551742610979068 0.0047838917343255407 0.070416369135259685 -0.0050093094467208261 -0.0052752457105518886 -0.0017049814577855215 -0.00072291501853017292 -0.0040757920114078789 -0.016849556217448384 -0.0019645541186630927
decision_type=2 2 2 2 2 2 2 2 2 2 2 2 2 2 2 2 2 2 2 2 2 2 2 2 2 2 2 2 2 2
left_child=1 2 8 4 -4 6 7 10 9 11 28 15 -13 -14 -10 -1 17 -7 21 -20 29 23 -23 24 -19 -26 -25 -21 -5 -18
right_child=-2 -3 3 5 -6 16 -8 -9 14 -11 -12 12 13 -15 -16 -17 20 18 19 27 -22 22 -24 26 25 -27 -28 -29 -30 -31
leaf_value=-0.00016950555569068953 0.00073098592661153823 0.00074834397845816893 -0.00096500956977251917 0.00056399610970402135 -9.6238570479744223e-05 0.00015441763973381297 0.0013303459854796529 0.00046634282330539165 0.00038504277477581392 -0.0007337080882781925 -0.00046481329993570616 0.00034774123672957951 -3.5145705130760377e-05 -0.00048060579315966202 -7.3673958346868562e-05 -0.00095084322965703909 0.0001863018307797339 0.0001417776333487672 -0.00096616793883955469 -0.0005609961752634263 0.00068599475780501968 -0.00012717301654517472 -0.00068237820805440994 0.00049252073877141815 -0.00081576809607213367 -7.3517404796023464e-05 2.7704465684835441e-05 0.00018496981363222447 -5.6561786901251512e-05 -4.4674380676148867e-05
leaf_weight=22 24 22 20 20 53 133 22 48 42 29 33 29 111 54 126 20 197 47 26 20 21 117 31 46 24 35 89 21 56 222
leaf_count=22 24 22 20 20 53 133 22 48 42 29 33 29 111 54 126 20 197 47 26 20 21 117 31 46 24 35 89 21 56 222
internal_value=2.26857e-13 -1.01058e-05 -1.98409e-05 1.78742e-05 -0.000334258 3.91537e-05 0.000248188 9.65483e-05 -0.000131418 -0.000240728 -6.6297e-05 -0.00018015 -0.000101904 -0.000180933 4.10052e-05 -0.000541571 2.79101e-06 -6.50555e-05 -0.000129068 -0.000484417 9.36128e-05 -6.78646e-05 -0.000243466 3.99737e-05 -0.000146113 -0.00037545 0.000186086 -0.000178916 0.000106743 6.3923e-05
internal_weight=1760 1736 1714 1281 73 1208 179 157 433 265 109 236 194 165 168 42 1029 589 456 67 440 389 148 241 106 59 135 41 76 419
internal_count=1760 1736 1714 1281 73 1208 179 157 433 265 109 236 194 165 168 42 1029 589 456 67 440 389 148 241 106 59 135 41 76 419
is_linear=0
shrinkage=0.05


Tree=143
num_leaves=31
num_cat=0
split_feature=315 210 51 224 109 163 227 215 199 245 312 98 309 191 5 2 303 295 201 9 288 127 317 222 296 182 179 82 236 116
split_gain=0.00500781 0.0449081 0.00401102 0.00333625 0.00254792 0.00563508 0.00468485 0.00250318 0.00278187 0.00240998 0.00274705 0.00272926 0.00265808 0.00256519 0.0033204 0.00325814 0.00321542 0.00285853 0.00280671 0.00282965 0.00252152 0.00239432 0.00235618 0.00245527 0.00234399 0.00234118 0.00390887 0.00302482 0.00240011 0.00275004
threshold=0.04971749227683625 0.0069943813373304015 0.89587973461402759 -0.017942317843777669 0.093837300994678116 -0.014122235282413948 -0.00080875493798387391 -0.1061567591947022 0.048885458127295549 0.020486909975056911 -0.0037267594631077848 0.031592072027324579 -0.0047126110528846986 -0.01121482334328968 3.6242520361853052 5.3057863027301417 0.063144471626971302 0.038008636328598883 -0.029878157564875961 0.026373753767679111 -0.069102730391444531 0.028118843905005193 0.022278389547560576 -0.016346982983514245 -0.017692840785745827 0.023873952193002323 -0.016172910426655047 0.10444074368409653 0.0058331022967257132 0.014669861145609262
decision_type=2 2 2 2 2 2 2 2 2 2 2 2 2 2 2 2 2 2 2 2 2 2 2 2 2 2 2 2 2 2
left_child=2 3 4 -2 7 -6 -7 -1 9 13 21 12 -12 17 15 16 20 18 -9 -20 -15 -11 25 -24 -5 26 27 -22 29 -28
right_child=1 -3 -4 24 5 6 -8 8 -10 10 11 -13 -14 14 -16 -17 -18 -19 19 -21 22 -23 23 -25 -26 -27 28 -29 -30 -31
leaf_value=-0.00037255680564902087 -0.00068926796181282657 0.002412834770872169 -0.00067865336250574535 0.00038767938843063481 0.00033049744590905243 -9.3687264784989574e-05 -0.0011400283848912373 0.00048671305680181829 -0.00041814851602130394 -1.4534740313149684e-05 -0.00046630276950424188 0.00016460003897413521 -0.00010176095884735907 0.00062333327325177386 -0.00052977797204221131 0.00048653214262071344 0.0005756474100053311 -0.000504723655873985 -0.00024425017068904574 0.00015322349584954731 -0.00012848793663374316 0.00045974428931003789 0.00064414236655769251 0.00012394246771701322 -0.00017975088686888251 0.00033041810355487048 -0.0001643461860636087 -0.00073451423929233499 0.00021270539509191133 0.00019138522157273084
leaf_weight=44 21 21 23 28 22 20 23 25 37 158 91 45 111 20 20 57 33 34 107 77 71 32 30 93 52 51 165 29 139 81
leaf_count=44 21 21 23 28 22 20 23 25 37 158 91 45 111 20 20 57 33 34 107 77 71 32 30 93 52 51 165 29 139 81
internal_value=1.92021e-13 0.00030904 -2.30176e-05 -0.000128383 -1.36804e-05 -0.000320361 -0.000653358 -8.19611e-07 1.00412e-05 2.08261e-05 -7.75897e-05 -0.000187539 -0.000265985 6.25003e-05 0.000106248 0.00012279 9.36697e-05 -7.95446e-05 -1.03767e-05 -7.79161e-05 7.02452e-05 6.53438e-05 5.34595e-05 0.00025082 1.88497e-05 8.16959e-06 -2.57163e-05 -0.000304236 4.66263e-05 -4.72151e-05
internal_weight=1760 122 1638 101 1615 65 43 1550 1506 1469 437 247 202 1032 789 769 712 243 209 184 679 190 659 123 80 536 485 100 385 246
internal_count=1760 122 1638 101 1615 65 43 1550 1506 1469 437 247 202 1032 789 769 712 243 209 184 679 190 659 123 80 536 485 100 385 246
is_linear=0
shrinkage=0.05


Tree=144
num_leaves=31
num_cat=0
split_feature=51 81 335 291 193 97 0 8 92 87 191 217 171 135 148 183 11 268 269 296 197 303 250 192 112 155 257 249 130 135
split_gain=0.0049855 0.00328104 0.00792867 0.00273439 0.00324793 0.00225002 0.00223056 0.00375962 0.0032197 0.00305331 0.00214213 0.00206526 0.00193801 0.00291579 0.00266812 0.00242115 0.00321289 0.00324783 0.00276466 0.00328429 0.00228057 0.00329349 0.00267517 0.00230603 0.0029643 0.00240674 0.00321904 0.0050149 0.00233487 0.00224521
threshold=0.89587973461402759 -0.49991037261360072 0.029473719851370948 -0.0015513143247573456 0.010617522307117728 -0.10452736254725069 3.5114340430413216 0.31009615384615391 0.18496494449955514 -0.062118023617714811 -0.011403271673178381 -0.01964710326580953 -0.0057516396370316187 0.045800100385298047 -0.058752931915919217 -0.012936070144310729 3.5684333759046409 -0.016551113140775283 0.0091772298119836612 -0.0021619662859516647 -0.019214424157372251 0.068184214363546838 -0.037764449386151609 0.028023909150050697 0.016494991057450337 -0.009061868271302195 -0.0058271620783434492 0.0068663989301780701 -0.023264900210077728 -0.029442057353572738
decision_type=2 2 2 2 2 2 2 2 2 2 2 2 2 2 2 2 2 2 2 2 2 2 2 2 2 2 2 2 2 2
left_child=1 2 3 11 10 -3 -7 8 12 -9 -5 -1 13 15 -14 18 -17 -18 -8 -20 22 23 -16 25 -25 26 27 29 -28 -22
right_child=-2 5 -4 4 -6 6 7 9 -10 -11 -12 -13 14 -15 20 16 17 -19 19 -21 21 -23 -24 24 -26 -27 28 -29 -30 -31
leaf_value=0.00059481867341172146 0.00066185490421568315 -0.00047414754439766205 0.0010435416218983434 -0.00044227343446220316 -0.00054621503300343957 -0.00050419398176018151 -0.00016522080691122511 0.0008444901632504876 -0.00053797725706772326 -9.1086674365215001e-06 0.00010349066028138623 0.00012882004438682945 0.00054979704255144857 0.00019456949585754262 0.00065049174307205257 -0.0001603775947477587 -0.00010528587871314293 -0.00090070658199803096 0.00077904437840472726 -2.0829060778134702e-05 0.00025885904266033323 0.00055967026802880516 8.2744976438722215e-05 -0.00011311100558183778 -0.00085269508999772379 5.1471176119307393e-05 -0.00044402959396220041 -0.0010710089012891764 0.000152451698629496 -0.00038237914895309884
leaf_weight=29 28 30 22 21 30 25 87 22 32 20 125 132 23 68 25 217 21 33 21 33 20 22 122 42 20 330 21 21 75 43
leaf_count=29 28 30 22 21 30 25 87 22 32 20 125 132 23 68 25 217 21 33 21 33 20 22 122 42 20 330 21 21 75 43
internal_value=4.52448e-13 -1.06997e-05 0.000123883 6.38461e-05 -7.23742e-05 -4.58893e-05 -3.63228e-05 -2.74482e-05 -4.27691e-05 0.000438015 2.49903e-05 0.000212758 -3.00306e-05 -0.000108765 1.9436e-05 -0.00015883 -0.000246259 -0.000591376 9.20825e-06 0.000290233 2.97409e-06 -4.06623e-05 0.000179301 -6.3752e-05 -0.000351687 -2.87482e-05 -0.000175817 -0.000401861 2.19714e-05 -0.000178811
internal_weight=1760 1732 359 337 176 1373 1343 1318 1276 42 146 161 1244 480 764 412 271 54 141 54 741 594 147 572 62 510 180 84 96 63
internal_count=1760 1732 359 337 176 1373 1343 1318 1276 42 146 161 1244 480 764 412 271 54 141 54 741 594 147 572 62 510 180 84 96 63
is_linear=0
shrinkage=0.05


Tree=145
num_leaves=31
num_cat=0
split_feature=315 101 51 88 202 335 128 328 298 185 324 238 88 292 97 332 96 11 19 257 93 218 228 248 173 324 258 97 142 323
split_gain=0.00459591 0.0415176 0.00401257 0.00301424 0.00265345 0.00324042 0.00235015 0.0033823 0.00255439 0.00251969 0.0034998 0.00260734 0.0024615 0.00240548 0.00351454 0.00242197 0.00324936 0.00292488 0.00400284 0.00622402 0.00312387 0.00389827 0.00346996 0.00290441 0.00285407 0.002849 0.00259338 0.00259246 0.00255132 0.00229685
threshold=0.04971749227683625 0.018381713682676541 0.89587973461402759 0.036550274384652338 -0.0019497546785670649 0.011937146881268864 0.03711479954533372 -0.031757303556925347 0.03026864533274368 0.039660330401330969 0.0049565119855628269 0.075016965848609327 -0.090528378105018056 0.044573084187771984 -0.023384221018920581 -0.026321389767320607 -0.017263649622060909 2.3095841784989859 11.720779220779223 -0.011087897515109161 -0.031182095601120955 -0.0027201164763704521 -0.013384197119232865 -0.019621492592714177 0.0096266557560162648 -0.0024271916969390811 0.026070967497842858 -0.041666459217749183 -0.0087670244799934113 0.0020308615501650681
decision_type=2 2 2 2 2 2 2 2 2 2 2 2 2 2 2 2 2 2 2 2 2 2 2 2 2 2 2 2 2 2
left_child=2 3 6 4 -2 -6 9 -8 12 11 -11 13 -9 15 -15 16 -1 18 19 -17 22 27 -19 -21 -23 -20 -18 -22 -26 -14
right_child=1 -3 -4 -5 5 -7 7 8 -10 10 -12 -13 29 14 -16 17 26 20 25 23 21 24 -24 -25 28 -27 -28 -29 -30 -31
leaf_value=-0.000143265755799472 7.4900362718229507e-05 0.0023790676760836508 -0.00067781344582529181 0.00043798895596410149 -0.0009000169709906914 -5.9913910213667398e-05 -0.00078720822872128341 0.00036543147034535651 -0.00054459668722951651 -2.0948405751065972e-05 -0.00067521685813253212 -0.00023791874444763973 8.2857823486626853e-05 0.00020654226855618791 -0.00035828365540055532 -0.0011749368938853877 0.00025077530921180369 1.9577103860986732e-05 0.00028975279897987673 0.00022507959292683897 -0.00055294242080482692 0.00022941269096822666 0.00089965895659436992 -0.00050172739231909094 0.00020962230198413387 -0.00016513259755742229 0.00081056704791262742 -4.592237578270809e-05 -0.00023747296930339779 -0.00033752581411476972
leaf_weight=44 36 20 23 20 24 22 20 32 28 60 31 86 66 42 80 20 120 21 61 27 29 304 24 28 55 79 25 193 76 64
leaf_count=44 36 20 23 20 24 22 20 32 28 60 31 86 66 42 80 20 120 21 61 27 29 304 24 28 55 79 25 193 76 64
internal_value=3.446e-13 0.000296058 -2.20507e-05 -0.000112376 -0.000246611 -0.000498229 -1.27117e-05 -0.000168724 -0.000103621 1.0607e-05 -0.000243831 2.82279e-05 -2.74026e-05 4.68668e-05 -0.000163835 7.01088e-05 0.000233087 3.65178e-05 -0.00012484 -0.000419599 8.59364e-05 5.83324e-05 0.000488954 -0.000144931 0.00014534 3.30675e-05 0.000347291 -0.000112155 -4.97612e-05 -0.0001241
internal_weight=1760 122 1638 102 82 46 1615 210 190 1405 91 1314 162 1228 122 1106 189 917 215 75 702 657 45 55 435 140 145 222 131 130
internal_count=1760 122 1638 102 82 46 1615 210 190 1405 91 1314 162 1228 122 1106 189 917 215 75 702 657 45 55 435 140 145 222 131 130
is_linear=0
shrinkage=0.05


Tree=146
num_leaves=31
num_cat=0
split_feature=51 302 56 256 274 272 246 277 121 129 309 189 275 299 196 198 100 230 281 199 88 11 154 206 7 152 272 309 19 271
split_gain=0.0046794 0.00295895 0.00426763 0.00797721 0.00308102 0.00401245 0.00279894 0.00359997 0.00326492 0.00270006 0.00264233 0.00254353 0.00249204 0.00235297 0.0022575 0.00229671 0.00286797 0.0024596 0.00250376 0.00376739 0.00328798 0.00218935 0.00354662 0.00351752 0.00328098 0.00281126 0.00280573 0.00246643 0.00237108 0.00220377
threshold=0.89587973461402759 0.006404708058381098 1.0000000180025095e-35 0.0022242328819405909 0.060763250760499966 -0.010697382411420596 -0.031510147447732423 0.019536034235584341 0.013697974429383766 0.045025011877243788 -0.025952963806652071 -0.039162126300881596 -0.014695858760113393 0.06104218590951694 -0.066680157549684829 -0.030366687581113362 0.01721249062302482 0.078111383215329386 -0.017514214274117493 -0.011076082912680908 -0.060677327922843742 2.515049226441632 0.0034296669239124501 0.00045820752989601023 0.11127844712182063 -0.0057435053607639694 -0.029824996787816433 -0.004889698576805092 20.937888198757765 -0.022973119228567904
decision_type=2 2 2 2 2 2 2 2 2 2 2 2 2 2 2 2 2 2 2 2 2 2 2 2 2 2 2 2 2 2
left_child=1 2 6 -4 9 -6 7 10 -9 11 -1 -3 -12 21 -8 16 -16 18 19 20 -17 23 24 25 -23 -13 -24 -27 -25 -26
right_child=-2 4 3 -5 5 -7 14 8 -10 -11 12 13 -14 -15 15 17 -18 -19 -20 -21 -22 22 26 28 29 27 -28 -29 -30 -31
leaf_value=-0.00036627095749801293 0.00064121477293416066 -0.00036067287871321919 -2.7453124857856892e-06 0.0012701927515445278 -0.00099193213418835688 -4.5551282952753057e-05 -0.00051994730443270375 0.00099980351211422175 0.00016614996754166594 -0.0003206797580275435 0.00053335073542772244 6.5692923026685812e-05 1.7302073567407206e-05 0.00054077710185083559 -1.9021214945402385e-05 -0.00064145259569737721 -0.00079731128371349777 0.00049463949060457081 -5.8063517585734447e-05 0.00033784121245472224 0.00013042458803455873 0.00077363780608562683 0.00039066180769833198 -9.7709523688536149e-05 0.00044292321898475553 -0.0010040401225772011 -0.00016749036884513253 -0.00032842893860236344 0.00050911434941967447 1.8738545103773086e-05
leaf_weight=28 28 51 32 20 21 24 22 23 24 87 34 23 75 20 29 22 20 26 493 110 37 23 26 60 42 22 168 35 22 113
leaf_count=28 28 51 32 20 21 24 22 23 24 87 34 23 75 20 29 22 20 26 493 110 37 23 26 60 42 22 168 35 22 113
internal_value=7.78064e-13 -1.03661e-05 4.58794e-05 0.000486846 -8.63012e-05 -0.000487196 2.15631e-05 0.000196517 0.000574108 -6.02315e-05 6.69781e-05 -2.27786e-05 0.000178271 8.32717e-06 -2.08499e-05 -5.95148e-06 -0.000336691 1.76041e-05 -1.13146e-06 0.000164948 -0.000157394 -1.16148e-05 5.51955e-05 -0.000165031 0.00021637 -0.000400912 -9.26865e-05 -0.000589191 6.50969e-05 0.000133679
internal_weight=1760 1732 995 52 737 45 943 184 47 692 137 605 109 554 759 737 49 688 662 169 59 534 372 162 178 80 194 57 82 155
internal_count=1760 1732 995 52 737 45 943 184 47 692 137 605 109 554 759 737 49 688 662 169 59 534 372 162 178 80 194 57 82 155
is_linear=0
shrinkage=0.05


Tree=147
num_leaves=31
num_cat=0
split_feature=130 305 137 99 182 117 97 314 267 97 166 8 19 163 195 242 327 220 19 93 319 215 8 245 164 315 159 241 268 199
split_gain=0.00449614 0.00459382 0.00308493 0.00426592 0.00358129 0.00289401 0.00355577 0.00277418 0.00288378 0.00374494 0.00289483 0.00253016 0.00238555 0.00233748 0.00273035 0.00230751 0.0026174 0.00276694 0.00260103 0.00316253 0.00254734 0.00251772 0.00233873 0.00228514 0.00206258 0.00211511 0.00189707 0.00202743 0.00175161 0.00247158
threshold=0.10450407560464715 0.086039783199755263 0.016381297016343586 0.12100124368617683 -0.037983478960768105 0.095266329392335661 0.19769325664880663 -0.032367154647972483 0.00014693986140532883 0.021295419514138058 0.018402851820555923 0.011198896413343368 43.500000000000007 -0.012792041333034927 -0.0095702646110917937 0.040931334471989635 0.039817868029453009 0.15399623818671085 15.958333333333334 0.001815544549108617 -0.022893118121050115 -0.1061567591947022 0.40138888888888896 0.0045587958467607857 0.033391279429946928 0.0099035668054984292 0.019565888919944409 -0.00082512946525700216 0.0089657806038223389 -0.0086061020199935199
decision_type=2 2 2 2 2 2 2 2 2 2 2 2 2 2 2 2 2 2 2 2 2 2 2 2 2 2 2 2 2 2
left_child=1 2 5 4 -4 6 12 11 13 10 26 -6 15 -9 -15 16 17 21 -17 -20 -18 -1 24 -22 28 -26 27 -10 -23 -30
right_child=-2 -3 3 -5 7 -7 -8 8 9 -11 -12 -13 -14 14 -16 18 20 -19 19 -21 23 22 -24 -25 25 -27 -28 -29 29 -31
leaf_value=-0.0003532377984490321 0.00067967716048921529 0.00067755850517035778 -0.00066814193896089615 -0.00084824617006233898 -7.7121760114096105e-05 0.00050504139178277313 -0.00063703514336209215 0.00031087162594000501 -0.00083382778389022865 -0.00074252347341936201 0.00018257148120193797 0.00064160976046696307 -0.000522523086401634 -0.0004730906520682552 5.2048151456591979e-05 -2.0462748627972525e-05 -0.00065770912836094137 0.00059202232858716842 -7.0576084362983243e-05 -0.0008754623588174582 0.00020746609888668729 0.00010138339896412247 0.00057207430903266263 -0.00031410847586812454 0.0005510991795237588 1.8926729301187375e-05 2.8547786104564486e-05 -0.00021727000557196638 -0.0002874491681678244 4.4565039834296741e-05
leaf_weight=34 24 24 26 20 24 30 21 51 24 33 44 25 20 34 91 129 22 26 26 23 42 506 24 42 43 33 26 30 81 182
leaf_count=34 24 24 26 20 24 30 21 51 24 33 44 25 20 34 91 129 22 26 26 23 42 506 24 42 43 33 26 30 81 182
internal_value=-1.75243e-12 -9.39646e-06 -1.90267e-05 -0.000135279 -0.00010033 1.97241e-05 8.11363e-06 -6.16827e-05 -0.00011337 -0.000269158 -0.000143182 0.000289578 1.91016e-05 2.56009e-05 -9.07896e-05 2.80319e-05 5.66309e-05 8.34893e-05 -0.00013826 -0.00044838 -0.00017876 6.88472e-05 8.53614e-05 -5.33212e-05 7.15376e-05 0.000320024 -0.000322347 -0.000491296 4.69798e-05 -5.76903e-05
internal_weight=1760 1736 1712 428 408 1284 1254 382 333 157 124 49 1233 176 125 1213 1035 929 178 49 106 903 869 84 845 76 80 54 769 263
internal_count=1760 1736 1712 428 408 1284 1254 382 333 157 124 49 1233 176 125 1213 1035 929 178 49 106 903 869 84 845 76 80 54 769 263
is_linear=0
shrinkage=0.05


Tree=148
num_leaves=31
num_cat=0
split_feature=240 112 51 0 8 140 279 267 186 336 308 172 121 286 285 153 201 81 110 329 171 107 238 202 84 191 319 115 172 264
split_gain=0.00447273 0.0184188 0.00433997 0.00284441 0.00973737 0.0078618 0.00403098 0.00267971 0.00489407 0.0025696 0.00237092 0.00275027 0.00316001 0.00311447 0.00344137 0.00321727 0.0029822 0.002837 0.00268933 0.00266982 0.00246695 0.00227001 0.00212788 0.00202689 0.0027348 0.00202224 0.00198584 0.00188864 0.00241909 0.00187372
threshold=0.043572699663436874 0.053108565206992683 0.89587973461402759 5.4271478232179229 0.038034960819770959 -0.0020439364867083924 -0.04431061853061815 -0.03703721982752884 -0.0068801960076040275 0.0071541182532458471 0.047163593186018309 -0.0094968456131087915 -0.048283270838588556 -0.0619930035163909 0.0061261125616105588 -0.025716843671620224 0.0092050284656072442 -0.28423783439989442 0.035934224788747061 0.0059929485551344129 0.0034403963821269608 -0.046962257305699993 0.019229802858476776 -0.023458249357537399 0.31830407457891613 -0.014217499897329263 0.012627603344129936 0.0158805716365111 0.0069994672362266247 -0.013780297029036621
decision_type=2 2 2 2 2 2 2 2 2 2 2 2 2 2 2 2 2 2 2 2 2 2 2 2 2 2 2 2 2 2
left_child=2 23 3 6 7 -6 -1 8 -5 -10 11 12 -8 -13 15 -15 20 -16 22 -12 26 -9 -14 -2 25 -25 29 28 -18 -17
right_child=1 -3 -4 4 5 -7 10 21 9 -11 19 13 18 14 17 16 27 -19 -20 -21 -22 -23 -24 24 -26 -27 -28 -29 -30 -31
leaf_value=-0.00068541372326892875 0.00047177683375775812 0.0015515607434993042 -0.0007266795919514896 0.00039264614199055361 0.0014947084890445696 0.00016470628860406581 -0.00074283654733638593 0.0004414457191160182 -0.0002600216084222969 -0.0009559737737401434 -9.4307518906355131e-05 0.0005945082095897068 0.00014641245723248937 0.00063505166175533442 -8.412981343958058e-05 -6.8571526623730143e-05 0.00013030555477598683 -0.00063375494691323797 -0.00054365177774646633 -0.0007960608802892714 0.00012412650917744412 1.1091938027858782e-05 -0.00030997628189372619 0.00033036393154664746 0.00053590851472108626 -0.00017276045695126881 0.00014545759477186949 -6.2047214451013138e-05 0.00089009667942512103 -0.0006727325422010229
leaf_weight=28 25 23 22 20 20 25 24 32 36 21 33 23 74 26 108 21 20 30 30 23 77 722 39 24 20 119 20 20 22 33
leaf_count=28 25 23 22 20 20 25 24 32 36 21 33 23 74 26 108 21 20 30 30 23 77 722 39 24 20 119 20 20 22 33
internal_value=3.23898e-13 0.000215966 -2.94182e-05 -1.93725e-05 3.94557e-05 0.000755818 -9.85329e-05 6.63463e-07 -0.000280303 -0.000516425 -7.21563e-05 -4.15023e-05 -0.000211929 2.96509e-05 -4.80985e-06 0.000109981 4.58874e-05 -0.000203614 -0.000122826 -0.000382528 -7.39953e-05 2.93563e-05 -1.11022e-05 5.25683e-05 -1.17275e-05 -8.832e-05 -0.000280149 0.00033786 0.000528291 -0.000437781
internal_weight=1760 211 1549 1527 876 45 651 831 77 57 623 567 167 400 377 239 213 138 143 56 151 754 113 188 163 143 74 62 42 54
internal_count=1760 211 1549 1527 876 45 651 831 77 57 623 567 167 400 377 239 213 138 143 56 151 754 113 188 163 143 74 62 42 54
is_linear=0
shrinkage=0.05


Tree=149
num_leaves=31
num_cat=0
split_feature=51 202 202 314 282 141 109 61 154 304 252 306 305 11 175 326 153 158 315 84 139 264 206 219 156 212 277 83 104 19
split_gain=0.00462987 0.00280119 0.00358517 0.00611375 0.00345928 0.00328132 0.00462406 0.00367777 0.0079849 0.00283897 0.00289992 0.00263476 0.0031127 0.00425934 0.00260743 0.00247758 0.00222932 0.00219143 0.00207344 0.00254 0.00197896 0.00261365 0.00270353 0.00252146 0.00295411 0.00348125 0.00251496 0.00226887 0.00208044 0.00207951
threshold=0.89587973461402759 0.0045783224313258606 0.0057474041319609511 -0.0041513030122202338 0.046868055787535327 -0.053414957041066823 0.0093749905481199953 2.8029010331479989 0.014231700076949226 0.03765818099312284 -0.022314781481018366 0.01097384480581183 0.019594597472825635 3.3575187969924816 -0.0095533354978963678 0.00033230159666434127 -0.0035549886835206219 -0.017319374741726779 -0.013473836919339862 -0.26452556626799789 -0.003775168079395983 0.023004843701990428 0.0020398655269147407 -0.03229889040841797 0.017922356553065344 -0.0079897190572749358 -0.056922755509237352 0.11869483227965395 0.027352626574926733 24.725620567375891
decision_type=2 2 2 2 2 2 2 2 2 2 2 2 2 2 2 2 2 2 2 2 2 2 2 2 2 2 2 2 2 2
left_child=1 5 3 -3 9 6 -1 20 18 11 -11 12 -4 15 -6 -14 -13 -18 -9 -20 23 26 28 -7 25 -25 -22 -27 -23 -28
right_child=-2 2 4 -5 14 7 -8 8 -10 10 -12 16 13 -15 -16 -17 17 -19 19 -21 21 22 -24 24 -26 27 29 -29 -30 -31
leaf_value=3.4518056581246447e-05 0.00063781238734788659 -0.0011771868984214963 -6.7709052346698521e-05 -3.2595958711161594e-05 -0.00082004209046620733 9.8877234056564124e-05 0.0010227651601599063 0.00053403991244166448 0.0011802411585813389 0.00075048443520375134 8.1650400021880819e-05 -0.00012421426353731953 -0.0005289220980723092 -0.00098957070022152047 -0.00015765989261965914 0.00023034865721239755 0.00073430549004115163 0.00012867716637567539 0.00017944900497760891 -0.00035265894089896009 -0.00050039994216604104 -0.00017221141847998794 0.00063790972340419623 4.1794391805664281e-05 9.2509821181672376e-05 -0.00031884246732063375 -2.5784245979417638e-06 -0.00087670155945012264 0.00047405833800439728 0.00048818073871149427
leaf_weight=29 28 20 225 28 24 117 20 23 20 21 71 59 22 24 39 21 20 59 70 33 24 33 35 65 77 138 351 21 20 23
leaf_count=29 28 20 225 28 24 117 20 23 20 21 71 59 22 24 39 21 20 59 70 33 24 33 35 65 77 138 351 21 20 23
internal_value=2.71867e-13 -1.03111e-05 -9.40957e-05 -0.000509509 -6.00105e-05 3.79471e-05 0.000437884 1.92834e-05 0.000252133 -1.77709e-05 0.000234319 -7.17065e-05 -0.000156792 -0.00045595 -0.000409996 -0.000158115 0.000108329 0.000282001 0.000104814 8.96782e-06 -1.83229e-05 5.02851e-05 0.000296875 -9.8092e-05 -0.000174655 -0.000266493 -4.23736e-06 -0.000392522 7.1664e-05 2.7602e-05
internal_weight=1760 1732 633 48 585 1099 49 1050 146 522 92 430 292 67 63 43 138 79 126 103 904 486 88 418 301 224 398 159 53 374
internal_count=1760 1732 633 48 585 1099 49 1050 146 522 92 430 292 67 63 43 138 79 126 103 904 486 88 418 301 224 398 159 53 374
is_linear=0
shrinkage=0.05


Tree=150
num_leaves=31
num_cat=0
split_feature=141 130 221 274 275 229 19 109 288 141 92 190 295 325 199 249 98 129 91 263 308 91 317 154 225 88 330 290 218 81
split_gain=0.0042219 0.00411344 0.00291539 0.0106895 0.00255393 0.00260331 0.00359744 0.00310256 0.00259663 0.00494205 0.00261737 0.00276997 0.00249903 0.00319437 0.00245797 0.00303736 0.00360644 0.00332703 0.00256474 0.00244362 0.00254911 0.00248616 0.00244004 0.00240056 0.0023768 0.00253515 0.00203598 0.00195399 0.00194401 0.00193451
threshold=0.10121221227309303 0.10450407560464715 0.1248335882401954 0.026005808869965719 0.063679703571030741 -0.05124386205376024 37.125000000000007 -0.051560652827709594 -0.044253359055865464 -0.023328368812880567 0.07250651631382396 -0.0071977688927918467 0.020512806007346961 0.051227588074968793 0.00066357804839576641 -0.013304740670845578 0.03033604181397119 -0.0049395620564519982 0.1228431703110141 0.016570071569752313 -0.024973673576052704 -0.0086946106305531793 -0.0008040532029241033 0.010873627690406463 -0.023714277202606975 0.10145934994545971 -0.0028921536959644321 0.0098954579488526543 -0.11535235349050707 -0.407595220626642
decision_type=2 2 2 2 2 2 2 2 2 2 2 2 2 2 2 2 2 2 2 2 2 2 2 2 2 2 2 2 2 2
left_child=1 2 4 22 5 7 8 -1 9 -7 12 26 13 14 18 17 -17 -16 24 20 -14 -21 -4 -19 -10 27 -12 -26 -9 -22
right_child=-2 -3 3 -5 -6 6 -8 28 10 -11 11 -13 19 -15 15 16 -18 23 -20 21 29 -23 -24 -25 25 -27 -28 -29 -30 -31
leaf_value=-0.0006195980060949986 0.00067298252277238216 0.0006411371485834632 -0.00029538229020545262 -0.0010069528312776717 -0.00025250809403393974 0.00085611126915965648 0.00060544395777729475 0.00027229559325080897 0.00023176482552666282 5.3118906982325089e-05 -0.0001223539689090103 -4.5804071562674498e-05 0.00037060712452835612 0.00064450846434920103 -0.00042716285191803566 0.00020022502232064623 0.00080081879572515332 0.00036559720471700534 -0.00047754463973563235 -5.7385392283322288e-05 5.7314766795516115e-05 -0.0007066187967744742 0.00023680043419257608 -0.00021695310731177287 -0.00014101035017883708 -0.00058638170899246778 -0.00079337150024142702 0.00015005104204055455 -0.00013571402772537443 -0.00031356453481912769
leaf_weight=29 23 24 35 34 94 27 28 35 96 66 20 121 36 25 37 181 29 48 28 30 83 29 56 28 131 21 26 103 176 61
leaf_count=29 23 24 35 34 94 27 28 35 96 66 20 121 36 25 37 181 29 48 28 30 83 29 56 28 131 21 26 103 176 61
internal_value=-1.05703e-13 -8.91111e-06 -1.80186e-05 -0.000250512 2.82155e-07 1.61873e-05 4.50618e-05 -0.000134682 3.22635e-05 0.000286246 1.14159e-05 -0.000171359 4.30137e-05 8.91241e-05 6.93454e-05 0.000170692 0.000283164 -3.83278e-05 -1.70262e-05 -9.72467e-05 -5.71364e-06 -0.0003765 3.21148e-05 0.000150973 1.97103e-05 -6.0122e-05 -0.000501625 -1.28936e-05 -6.80347e-05 -9.97938e-05
internal_weight=1760 1737 1713 125 1588 1494 1254 240 1226 93 1133 167 966 727 702 323 210 113 379 239 180 59 91 76 351 255 46 234 211 144
internal_count=1760 1737 1713 125 1588 1494 1254 240 1226 93 1133 167 966 727 702 323 210 113 379 239 180 59 91 76 351 255 46 234 211 144
is_linear=0
shrinkage=0.05


Tree=151
num_leaves=31
num_cat=0
split_feature=51 137 185 106 229 137 228 242 249 99 296 198 109 107 308 8 198 185 117 298 336 218 132 173 149 155 310 144 1 314
split_gain=0.00424773 0.00249168 0.00294266 0.0029621 0.0028741 0.00367097 0.00323964 0.0045031 0.00385488 0.0027462 0.00268257 0.00250144 0.00249695 0.00260991 0.00236627 0.00240755 0.00221526 0.00223978 0.00221178 0.00201331 0.00208556 0.00205558 0.00191152 0.00186239 0.00223219 0.00208155 0.00188869 0.00186587 0.00186051 0.00203585
threshold=0.89587973461402759 0.016381297016343586 0.0056047686127942342 0.10422843662718799 -0.0039697136517898649 0.00076288824877233073 0.073222251989671874 -0.0029054117613270696 0.0045526774285048381 0.11494377022498332 0.071164832021260546 0.0037334558352620953 -0.042126697156936017 -0.07299689130685251 0.061426059897440398 0.40138888888888896 -0.018750793748097478 0.0085259677107415669 -0.049480632505464868 -0.040851175056674648 -0.011412508235481346 -0.17445297876293192 -0.023363472565673803 0.011826230343465494 0.0080151666886769685 -0.0082234247805958328 -0.0010281406505244391 -0.012432859215854117 3.1567740231385479 0.0058075505240931221
decision_type=2 2 2 2 2 2 2 2 2 2 2 2 2 2 2 2 2 2 2 2 2 2 2 2 2 2 2 2 2 2
left_child=1 2 3 14 5 6 7 11 -9 10 12 -4 22 -14 15 19 -6 -18 -15 20 -1 -21 -3 25 26 -20 -25 -26 29 -23
right_child=-2 9 4 -5 16 -7 -8 8 -10 -11 -12 -13 13 18 -16 -17 17 -19 23 21 -22 28 -24 24 27 -27 -28 -29 -30 -31
leaf_value=-9.3693971575703475e-05 0.00061092365810639293 -1.9948936120096234e-05 9.3631744352428041e-05 0.00054557344366471764 -0.00031515860777849762 0.00011329976991642764 0.00014851505839033054 -0.00045529806829466856 -0.0013097511847842147 -0.00068544644745998089 -0.00061054613280525118 -0.00055740942202282893 -0.00058849897580400402 -0.00036445002712683235 -0.0003893436790219442 0.00060659750207768027 -0.00022247928542330761 0.00017190700661255204 -0.0001925880760083803 0.00051216407938971481 0.00048873917657343271 -0.00063331431692032229 0.00055550466899553113 0.00033798290230781561 -0.00013714274822715114 0.00020756114882583191 -0.00025382639178133103 -0.00080442433723874277 4.3465182553572158e-05 4.6900526186535988e-05
leaf_weight=22 28 31 36 33 39 59 26 33 22 20 23 25 26 52 28 21 45 180 45 22 51 22 27 26 22 117 28 20 609 22
leaf_count=22 28 31 36 33 39 59 26 33 22 20 23 25 26 52 28 21 45 180 45 22 51 22 27 26 22 117 28 20 609 22
internal_value=-6.80222e-13 -9.87636e-06 2.49612e-05 8.1376e-05 -7.57361e-05 -0.000218198 -0.000355933 -0.000468999 -0.000797079 -0.000113114 -8.56637e-05 -0.000173188 -5.50233e-05 -0.00010732 6.21558e-05 7.85953e-05 3.27292e-05 9.30297e-05 -6.69626e-05 6.37717e-05 0.000313211 3.67953e-05 0.000247935 -7.00395e-06 -0.000181513 9.64086e-05 3.11188e-05 -0.000454896 2.07798e-05 -0.000293207
internal_weight=1760 1732 1295 830 465 201 142 116 55 437 417 61 394 336 797 769 264 225 310 748 73 675 58 258 96 162 54 42 653 44
internal_count=1760 1732 1295 830 465 201 142 116 55 437 417 61 394 336 797 769 264 225 310 748 73 675 58 258 96 162 54 42 653 44
is_linear=0
shrinkage=0.05


Tree=152
num_leaves=31
num_cat=0
split_feature=305 287 92 109 325 97 11 220 9 173 292 132 324 100 120 248 124 105 294 318 10 321 325 253 181 166 144 163 325 171
split_gain=0.00405372 0.00421631 0.017536 0.00341324 0.00347293 0.00268568 0.00266561 0.00291811 0.0024131 0.00238615 0.00294779 0.00278456 0.00257711 0.00310487 0.00281385 0.0024422 0.00218586 0.00215147 0.00201361 0.00244733 0.00246307 0.00272831 0.00229016 0.00288361 0.00309939 0.00203274 0.00209188 0.00299863 0.00224475 0.00317399
threshold=0.086039783199755263 -0.046375230768733115 0.062736755349862144 0.093837300994678116 0.0029666526287702544 0.19769325664880663 2.7324507389162567 0.0091965666964848158 0.021407403403469277 0.013877602906864296 0.044573084187771984 -0.065281043896161364 -0.01553231185434743 -0.061362948626934678 -0.018614859477076261 -0.010097036983709177 0.0106192590953345 -0.069527576165584817 0.016630082347879317 -0.0052072758416282618 0.038314738696418098 0.020249693410710281 0.024393454772971439 0.019989321449964959 0.011422578623731106 0.03755282784827952 -0.00555673164466288 -0.0071089708327150619 0.0018318138099890642 0.016003339586142151
decision_type=2 2 2 2 2 2 2 2 2 2 2 2 2 2 2 2 2 2 2 2 2 2 2 2 2 2 2 2 2 2
left_child=1 2 6 5 -5 9 7 -1 -8 10 11 -3 16 -14 -15 -16 -11 -12 22 20 -20 -22 25 24 -24 26 27 -13 -29 -30
right_child=-2 3 -4 4 -6 -7 8 -9 -10 12 17 18 13 14 15 -17 -18 -19 19 -21 21 -23 23 -25 -26 -27 -28 28 29 -31
leaf_value=-1.6144903653686676e-05 0.000645371706680938 -0.00033824923578487708 0.0014800901605970772 -9.7405121306183977e-05 -0.00086968762382942568 -0.00058121713948258691 -0.0005938847897182728 0.00074750743515323854 3.4893222519177434e-06 -6.1636374760252823e-05 0.00022997924126684664 0.00018097796983870942 -0.00064691382717553233 0.00017004218489587814 -2.019749999117966e-06 -0.00039343664296750134 0.00041862518597609428 -0.00034982014407432873 -0.00046322226759333389 8.9383518350997021e-05 0.00025282581334930656 -0.00042473694726747154 0.00032443539568466015 0.00069934339279665008 -0.00035710692014121875 0.00040551803325624433 0.0001174979846014231 -5.3375498694979094e-05 -0.00013660856016815224 -0.00092313169506783401
leaf_weight=29 24 44 24 37 24 21 22 22 73 84 20 67 35 55 65 103 33 80 55 142 39 24 69 34 22 42 347 72 29 23
leaf_count=29 24 44 24 37 24 21 22 22 73 84 20 67 35 55 65 103 33 80 55 142 39 24 69 34 22 42 347 72 29 23
internal_value=-5.95538e-13 -8.92219e-06 0.000227579 -3.4596e-05 -0.000401254 -1.97348e-05 2.16864e-05 0.000313274 -0.00013485 -1.17893e-05 2.50789e-05 5.07418e-05 -0.000120821 -0.000209089 -0.000140372 -0.000241996 7.3822e-05 -0.00023386 6.84782e-05 -5.04548e-05 -0.000218735 -5.29333e-06 0.00011234 0.000306459 0.000159667 7.05041e-05 4.43506e-05 -8.85403e-05 -0.000234167 -0.000484494
internal_weight=1760 1736 170 1566 61 1505 146 51 95 1484 1109 1009 375 258 223 168 117 100 965 260 118 63 705 125 91 580 538 191 124 52
internal_count=1760 1736 170 1566 61 1505 146 51 95 1484 1109 1009 375 258 223 168 117 100 965 260 118 63 705 125 91 580 538 191 124 52
is_linear=0
shrinkage=0.05


Tree=153
num_leaves=31
num_cat=0
split_feature=299 130 221 274 117 84 296 19 225 86 230 211 9 241 299 156 233 287 132 152 81 293 144 284 121 265 97 123 281 157
split_gain=0.0039842 0.00421278 0.0025826 0.00851907 0.00222467 0.0020769 0.00202025 0.00280105 0.00405449 0.0026771 0.00309551 0.00298506 0.00405383 0.0026787 0.00250909 0.00269523 0.00312056 0.00317358 0.00285501 0.00223816 0.00286307 0.00206069 0.00197303 0.00189389 0.00184687 0.00184445 0.00174862 0.00173886 0.00169293 0.00166701
threshold=-0.096082389719443287 0.10450407560464715 0.1248335882401954 0.026005808869965719 0.10619318058514839 0.12116506189518662 0.035428667613759839 18.715863453815263 -0.0053739248547907421 0.0040635075694298957 -0.07063901521130099 0.015140461714006969 0.053015265164157617 0.033234525020703835 0.051754832996858326 0.0089121565988920185 0.089851156519623665 0.033215271203955073 0.048847520917428396 -0.0038527224892672927 -0.30666552711169776 -0.03815137795415751 -0.030858150079249608 0.0047271706660051028 -0.0016125653800308376 0.034999716933813547 -0.054345076872389812 -0.042515324782015758 -0.0067965942211297798 0.0084797284545104958
decision_type=2 2 2 2 2 2 2 2 2 2 2 2 2 2 2 2 2 2 2 2 2 2 2 2 2 2 2 2 2 2
left_child=-1 2 4 5 6 24 9 19 -9 10 -2 12 13 21 15 16 17 18 -12 -8 -21 -11 -17 -15 -4 29 -13 -28 -24 -23
right_child=1 -3 3 -5 -6 -7 7 8 -10 11 14 26 -14 23 -16 22 -18 -19 -20 20 -22 25 28 -25 -26 -27 27 -29 -30 -31
leaf_value=0.0006845800847735345 -0.00047939324718661227 0.00066393453491163325 -0.00046363096442763452 -0.00088575867096854694 0.00040673259398758864 0.00034463010265426422 0.00013226333277763455 -0.00096126347628381595 -7.8891507288669053e-05 -0.00033512737942286412 -9.5119916880790362e-05 0.00039075289620086554 0.00087756606459151961 0.00021400493429973722 -0.00046918176929466431 0.00054034796291186173 0.00053785651780344777 -0.00060615638443589984 0.0005177903469302692 -0.00034167571048761248 0.00032553625351283699 0.00010928849863391189 0.00023240429746896999 0.00086678770312573769 7.7212470894569152e-05 -0.0002071680553906065 0.00033890047205204616 -0.00015476255130730958 -6.0016891260602277e-05 0.00042852919470773624
leaf_weight=21 39 23 27 36 33 32 89 23 30 26 380 20 20 25 30 27 20 29 20 82 20 179 98 20 38 35 20 165 100 53
leaf_count=21 39 23 27 36 33 32 89 23 30 26 380 20 20 25 30 27 20 29 20 82 20 179 98 20 38 35 20 165 100 53
internal_value=-8.92886e-14 -8.26692e-06 -1.72766e-05 -0.000228896 5.03117e-07 1.48887e-05 -8.14564e-06 -0.000140209 -0.000461808 1.65278e-05 -4.57868e-05 9.87654e-05 0.000185887 0.00014496 -2.1766e-05 -1.85139e-06 -7.26307e-05 -0.000101092 -6.44744e-05 -5.09699e-05 -0.00021085 8.97969e-05 0.000139393 0.000504131 -0.000147446 0.000131175 -5.33793e-05 -0.000101394 8.47168e-05 0.000182218
internal_weight=1760 1739 1716 133 1583 97 1550 244 53 1306 743 563 358 338 704 674 449 429 400 191 102 293 225 45 65 267 205 185 198 232
internal_count=1760 1739 1716 133 1583 97 1550 244 53 1306 743 563 358 338 704 674 449 429 400 191 102 293 225 45 65 267 205 185 198 232
is_linear=0
shrinkage=0.05


Tree=154
num_leaves=31
num_cat=0
split_feature=240 312 51 330 276 109 163 125 333 99 198 91 205 95 297 222 139 139 279 224 269 128 119 186 245 159 107 227 150 19
split_gain=0.00391984 0.0176853 0.00434335 0.00248864 0.00504064 0.00244449 0.00455952 0.00445076 0.00229785 0.00342139 0.00259715 0.00289423 0.00256306 0.00250156 0.00240612 0.00233568 0.0026405 0.00227221 0.00226667 0.00225843 0.00221204 0.00216286 0.00237924 0.00260398 0.00218296 0.00214817 0.00286825 0.00213478 0.00207768 0.00206299
threshold=0.043572699663436874 -0.037725059080641353 0.89587973461402759 0.058734888332247513 -0.011509407463818415 0.093837300994678116 -0.014122235282413948 -0.015627950258933987 0.0065812994440094972 0.13922506117470876 -0.011088561251596076 -0.057164598964776735 0.0098760991412732754 -0.06097584567859652 0.0010149636797246234 0.025063673701992324 -0.00106936371604354 0.03737539521481683 0.023132873407767339 -0.032292729046859696 -0.019944975093818911 0.046842361989165436 0.015163888851489293 0.012441638828337107 -0.0069977690414426792 -0.014080714615872538 -0.019246564195471171 -0.061674576794506865 0.0099072626201720127 19.291666666666668
decision_type=2 2 2 2 2 2 2 2 2 2 2 2 2 2 2 2 2 2 2 2 2 2 2 2 2 2 2 2 2 2
left_child=2 -2 3 5 -5 8 -7 -8 9 14 11 12 -10 -13 15 16 29 21 19 -18 -19 22 23 -12 28 -16 -27 -28 -24 -1
right_child=1 -3 -4 4 -6 6 7 -9 10 -11 17 13 -14 -15 25 -17 18 20 -20 -21 -22 -23 24 -25 -26 26 27 -29 -30 -31
leaf_value=-8.6770010302460529e-05 0.0015790774409348768 4.9993493835484658e-05 -0.00072507290632612157 0.00094569627231976493 -8.3032150359940719e-06 0.0002781353855971247 -0.00013431739817384544 -0.0011765253387420673 -0.00080195481257558452 0.00066511841454311741 8.0588444393323445e-05 0.00038021694137049572 -9.5999392724479551e-05 -0.00021711325245529946 -7.2701336168089873e-05 -0.0003905388646746026 -0.00016250073264624615 -2.8819882984111168e-05 -0.00029654450702545204 0.00028903678799603464 -0.00074780794297112151 -0.00039794941476429814 -0.00030720220402935929 -0.00030281601812607879 0.00050741844321843628 0.00049330336978684877 -0.00031788943462608449 0.0001554868295461167 0.00038960894598858434 -0.00055454042579055696
leaf_weight=149 21 190 22 20 45 20 21 20 36 21 155 21 20 106 120 49 36 23 29 120 20 28 23 62 48 58 27 202 20 28
leaf_count=149 21 190 22 20 45 20 21 20 36 21 155 21 20 106 120 49 36 23 29 120 20 28 23 62 48 58 27 202 20 28
internal_value=-1.03775e-12 0.000202177 -2.754e-05 -1.74904e-05 0.000285235 -3.09494e-05 -0.000340794 -0.000642712 -1.74587e-05 3.49494e-05 -9.56978e-05 -0.000250381 -0.000549828 -0.000118342 1.87715e-05 -6.65637e-05 -2.27107e-05 -2.10089e-05 0.000109376 0.000184836 -0.000363233 2.27876e-05 6.10365e-05 -2.89557e-05 0.000275633 0.000104945 0.000179223 9.96739e-05 1.6896e-05 -0.000160768
internal_weight=1760 211 1549 1527 65 1462 61 41 1401 839 562 183 56 127 818 411 362 379 185 156 43 336 308 217 91 407 287 229 43 177
internal_count=1760 211 1549 1527 65 1462 61 41 1401 839 562 183 56 127 818 411 362 379 185 156 43 336 308 217 91 407 287 229 43 177
is_linear=0
shrinkage=0.05


Tree=155
num_leaves=31
num_cat=0
split_feature=51 202 202 314 131 227 141 109 61 154 304 226 333 315 84 165 324 218 181 134 83 222 271 205 165 319 304 268 132 331
split_gain=0.0041634 0.00228862 0.00292678 0.00511927 0.00281059 0.00322691 0.00268552 0.00378714 0.00274406 0.00679952 0.00223917 0.00225849 0.00208558 0.0017608 0.00203943 0.00171763 0.00228723 0.00205843 0.0020176 0.00181698 0.00299825 0.00186202 0.00270804 0.0019587 0.00251693 0.002422 0.00244321 0.0020725 0.00184617 0.00169027
threshold=0.89587973461402759 0.0045783224313258606 0.0057474041319609511 -0.0041513030122202338 -0.0055586188443621466 -0.057428063203106401 -0.053414957041066823 0.0093749905481199953 2.8029010331479989 0.014231700076949226 0.03765818099312284 0.026156562098694509 -0.0066318407428339185 -0.013473836919339862 -0.26452556626799789 -0.024506807528819018 0.036374240799045728 0.0034492875056720959 0.020858305657953415 0.0096628254932163305 0.12080951749166266 -0.018731786847423933 0.0033007361904967667 -0.033211932761025166 -0.0018271991739013437 0.025840550513282448 -0.010656459097336793 0.03236820910212735 0.031884243023953825 0.0064072454869306805
decision_type=2 2 2 2 2 2 2 2 2 2 2 2 2 2 2 2 2 2 2 2 2 2 2 2 2 2 2 2 2 2
left_child=1 6 3 -3 5 -4 7 -1 15 13 -6 -12 -7 -10 -15 18 19 -18 -8 21 -21 22 -17 -23 27 28 -27 -25 -26 -22
right_child=-2 2 4 -5 10 12 8 -9 9 -11 11 -13 -14 14 -16 16 17 -19 -20 20 29 23 -24 24 25 26 -28 -29 -30 -31
leaf_value=3.0610682282211455e-05 0.00060482888963763674 -0.0010718124528648332 -0.0007541400294386498 -2.4441229054770829e-05 -2.757277711493335e-05 8.2352991120314008e-05 -0.00029911812942504486 0.00092496464585565272 0.00047768835312403418 0.0010745412373216823 0.00010356158887743926 0.00073794562456896539 -0.00025062911813585054 0.00014658063372085704 -0.00033022020876766569 -4.3456676397837844e-05 -0.00040382674095892809 0.00012615182648813869 0.00014849003776308726 6.105000866257701e-05 0.00077601105526641564 0.00040320368180718187 0.00051002222104356274 1.1131881463604152e-05 -0.00016936106120810795 -0.00018445481608588517 -0.00089789905981715065 0.000564843682514038 0.00022626688898728594 0.00017790634190619349
leaf_weight=29 28 20 23 28 292 74 97 20 23 20 47 20 129 70 33 51 57 27 34 152 27 22 39 109 163 28 21 20 36 21
leaf_count=29 28 20 23 28 292 74 97 20 23 20 47 20 129 70 33 51 57 27 34 152 27 22 39 109 163 28 21 20 36 21
internal_value=-1.52108e-13 -9.77783e-06 -8.551e-05 -0.000460846 -5.47132e-05 -0.000192842 3.38422e-05 0.000395653 1.69577e-05 0.000218089 3.22425e-05 0.00029293 -0.000129246 8.21445e-05 -6.1808e-06 -1.55259e-05 1.28465e-05 -0.000233476 -0.000182945 4.28772e-05 0.00016984 -9.05021e-06 0.000196384 -5.53888e-05 -8.21502e-05 -0.000175326 -0.000490217 9.69787e-05 -9.77902e-05 0.00051434
internal_weight=1760 1732 633 48 585 226 1099 49 1050 146 359 67 203 126 103 904 773 84 131 689 200 489 90 399 377 248 49 129 199 48
internal_count=1760 1732 633 48 585 226 1099 49 1050 146 359 67 203 126 103 904 773 84 131 689 200 489 90 399 377 248 49 129 199 48
is_linear=0
shrinkage=0.05


Tree=156
num_leaves=31
num_cat=0
split_feature=225 130 221 274 106 97 263 275 332 276 249 123 182 294 117 290 112 311 10 278 152 92 150 320 88 312 223 321 115 216
split_gain=0.00391467 0.00420624 0.00218325 0.00772357 0.0024543 0.00201099 0.00196794 0.00182983 0.00202998 0.00305492 0.0030212 0.00278575 0.0026107 0.00256442 0.0021996 0.00231998 0.0027544 0.00508006 0.00249528 0.00267329 0.00237127 0.00316053 0.00222908 0.00211734 0.00191422 0.00192607 0.00189539 0.00189852 0.00229081 0.00189273
threshold=0.15205142098972116 0.10450407560464715 0.1248335882401954 0.026005808869965719 0.13336549233235348 0.079411815104260278 0.003750761821618093 0.063679703571030741 -0.010951091134565922 0.073250561062554995 -0.0065420319179727163 -0.074820611358927383 0.034577288292724689 0.042895893035330479 0.095266329392335661 0.016473882298653472 0.020756830852050084 0.028431342735224928 0.007548965573552978 0.040273445986175931 -0.0059166742684704848 0.0074601594768704911 0.0014499936901766364 -0.050236797455320427 -0.11758523487373528 0.024057703921794422 -0.002116377343888066 0.0016658534615841749 0.034629654749854515 -0.019254869990941153
decision_type=2 2 2 2 2 2 2 2 2 2 2 2 2 2 2 2 2 2 2 2 2 2 2 2 2 2 2 2 2 2
left_child=1 2 4 5 7 6 -4 8 9 10 13 -10 24 -1 15 16 23 20 29 22 -18 -22 -20 -13 -12 -26 -25 -28 -29 -17
right_child=-2 -3 3 -5 -6 -7 -8 -9 11 -11 12 14 -14 -15 -16 18 17 -19 19 -21 21 -23 -24 26 25 -27 27 28 -30 -31
leaf_value=3.2043537958240147e-05 0.0006342062627178773 0.0006781994031784548 0.00036405846828508172 -0.00082615452143678303 0.00051170315235377409 -0.00041375825835746668 -0.00014089956330800698 -0.00022243412033198996 -0.00050329043750084131 -0.00045093122590333224 0.00050509171247136288 -0.00046524953795596958 0.00067383155640397623 -0.00050584027474262537 0.00043193304367238083 -0.00034975785859966317 0.00013838974750251509 -0.00085355028898144762 8.617526621991045e-05 -0.00022352592154518413 -9.0247337052566103e-06 -0.00063934298122075156 0.00049517540464876224 0.00010737747562799817 0.00017447263567144959 -0.00022851225362111499 -0.00024140667807694268 0.00015180790691257217 -0.00042637603612439266 6.3319516208139258e-05
leaf_weight=150 24 22 43 37 23 21 35 94 31 25 36 26 28 26 26 44 50 30 62 29 43 37 72 211 194 35 117 93 21 75
leaf_count=150 24 22 43 37 23 21 35 94 31 25 36 26 28 26 26 44 50 30 62 29 43 37 72 211 194 35 117 93 21 75
internal_value=3.07587e-13 -8.76783e-06 -1.75854e-05 -0.000209806 -1.01884e-06 2.05465e-05 0.000137475 -8.60251e-06 5.15531e-06 8.76149e-05 0.000116322 -3.69698e-05 0.000214677 -4.74166e-05 -2.15255e-05 -3.44814e-05 -8.79792e-05 -0.000267067 8.46555e-05 0.000211738 -0.000131725 -0.000300547 0.000305937 -2.67525e-05 0.000166163 0.000112881 -9.58587e-07 -9.99149e-05 4.53003e-05 -8.9415e-05
internal_weight=1760 1736 1714 136 1578 99 78 1555 1461 494 469 967 293 176 936 910 628 160 282 163 130 80 134 468 265 229 442 231 114 119
internal_count=1760 1736 1714 136 1578 99 78 1555 1461 494 469 967 293 176 936 910 628 160 282 163 130 80 134 468 265 229 442 231 114 119
is_linear=0
shrinkage=0.05


Tree=157
num_leaves=31
num_cat=0
split_feature=51 302 56 278 109 196 202 198 98 311 334 271 164 129 274 218 263 292 310 200 330 245 312 126 154 227 282 196 130 189
split_gain=0.00388169 0.00213332 0.00287254 0.0070325 0.00243778 0.0023045 0.00189212 0.00193018 0.00220444 0.00194817 0.0040341 0.00198943 0.00242928 0.00183567 0.00182734 0.00202813 0.00217306 0.00200715 0.00208736 0.00193351 0.00243846 0.00179644 0.00225677 0.00175053 0.00171186 0.00169742 0.00189944 0.00401171 0.00291393 0.00272854
threshold=0.89587973461402759 0.0062192429428931757 1.0000000180025095e-35 -0.0075826924441633895 0.10844933993830939 -0.066680157549684829 -0.030601061916491635 -0.03095786394075651 -0.0059309036076327978 -0.032412751097658142 0.01701405180631536 -0.0063731312168736421 0.0023313361477649208 0.040583511688943412 0.011122607088877213 0.0059745135550949837 -0.023538615053513113 -0.042509780005476915 -0.025051602206686372 0.0035802887902014117 0.007329357743134964 0.0016804311508614772 0.0095845345792673394 0.028921512864925707 -0.0025056211549890476 -0.10079913990245534 -0.011160667456190211 -0.00054345354016161677 -0.047891411094926513 0.01403583828311116
decision_type=2 2 2 2 2 2 2 2 2 2 2 2 2 2 2 2 2 2 2 2 2 2 2 2 2 2 2 2 2 2
left_child=1 2 5 -4 13 -1 -7 8 -8 10 11 -9 -13 14 15 19 -17 -16 -19 21 24 -3 -23 -20 -21 -11 27 -27 -28 -29
right_child=-2 4 3 -5 -6 6 7 9 -10 25 -12 12 -14 -15 17 16 -18 18 23 20 -22 22 -24 -25 -26 26 28 29 -30 -31
leaf_value=-0.00051233135769507504 0.0005840082211112271 -0.00037493281528323651 0.0011359241884201766 -5.9265096342642214e-05 -0.00056911307413732475 0.00029924937881616167 4.8611200842666831e-05 0.00010012949036712188 -0.00062226425821427264 0.00039363546731272853 -0.00021531614828917728 0.00094478696969767608 0.00024719556198154655 -0.00025226351500147486 0.00030920739793699519 -9.1622276433591483e-05 0.00031162663365388914 -0.00051293877111628454 -0.00017812930317783566 0.00066937724588483221 -0.00019830562764582284 0.0002233880242650829 -0.00040435354749206458 0.00025394587501068603 0.00011863221314892735 0.00031453788881966228 -0.00059535608250791067 -0.00022720007418312741 -4.8801837734854809e-05 0.00029263996567779568
leaf_weight=20 28 62 20 32 24 61 24 31 25 26 37 26 24 103 23 49 105 39 144 21 40 41 22 28 43 111 26 98 393 34
leaf_count=20 28 62 20 32 24 61 24 31 25 26 37 26 24 103 23 49 105 39 144 21 40 41 22 28 43 111 26 98 393 34
internal_value=-3.87388e-13 -9.44124e-06 3.87127e-05 0.000400423 -7.33876e-05 1.86176e-05 3.02104e-05 1.10158e-05 -0.000293672 2.9539e-05 0.000217241 0.000414829 0.000609943 -5.68634e-05 -2.42439e-05 4.30143e-05 0.00018332 -0.000134329 -0.000182677 -5.13398e-05 0.000107941 -0.000183862 4.17668e-06 -0.000107791 0.000299345 -2.65407e-06 -1.82183e-05 9.29953e-05 -8.27169e-05 -9.33019e-05
internal_weight=1760 1732 988 52 744 936 916 855 49 806 118 81 50 720 617 383 154 234 211 229 104 125 63 172 64 688 662 243 419 132
internal_count=1760 1732 988 52 744 936 916 855 49 806 118 81 50 720 617 383 154 234 211 229 104 125 63 172 64 688 662 243 419 132
is_linear=0
shrinkage=0.05


Tree=158
num_leaves=31
num_cat=0
split_feature=141 104 275 278 99 117 97 141 305 115 193 303 92 261 96 331 81 185 234 261 327 19 189 305 327 192 131 102 326 116
split_gain=0.0039188 0.00336214 0.0106577 0.00235744 0.00333527 0.00330078 0.00284982 0.00278189 0.00272979 0.00388744 0.00507722 0.00290051 0.00251498 0.00239119 0.00335923 0.00312242 0.00254705 0.00240248 0.0029738 0.00241971 0.00220766 0.00219764 0.00209054 0.00205296 0.00193551 0.00250896 0.00225756 0.00184552 0.00179905 0.00182738
threshold=0.10121221227309303 0.093001867747932565 -0.02885836460020311 0.0035420208055325555 0.12100124368617683 0.095266329392335661 0.022282520122260886 -0.055773463008436663 0.034762299237395045 0.015148269400521337 0.014115183909306625 0.069698365914432805 0.068536674095362404 0.013467743186739694 0.023016616699496856 -0.004449185487283719 -0.36754070134875877 7.904595831941525e-05 0.032531145796551857 -0.013338734960094073 0.020336256651475305 17.291666666666668 -0.039162126300881596 0.025191772691436552 0.0013721875731098237 0.015125451674062445 -8.265661260878361e-05 -0.053349029176896011 0.021850508408530058 -0.0063651154602359294
decision_type=2 2 2 2 2 2 2 2 2 2 2 2 2 2 2 2 2 2 2 2 2 2 2 2 2 2 2 2 2 2
left_child=1 3 -3 5 8 6 7 -1 11 10 -10 13 20 17 16 -16 -15 18 28 21 24 -19 -9 27 25 26 -8 -24 29 -5
right_child=-2 2 -4 4 -6 -7 12 22 9 -11 -12 -13 -14 14 15 -17 -18 19 -20 -21 -22 -23 23 -25 -26 -27 -28 -29 -30 -31
leaf_value=0.00055720805108581701 0.00064837511998358304 0.001274874370262426 -3.3118009363135244e-06 0.00042239369328409915 -0.00059028931914326685 0.00053633910417462882 0.00029714701247300851 -0.00035481171369156073 -0.00021845064914611845 0.00013750495617776844 -0.0011003576551350612 0.0005505207507494127 -0.00055520620115919773 8.3177729277889264e-05 -0.0009719192480627933 -0.00019181163603081651 -0.00039065922211171358 -0.00014710031360028739 0.00062578357283200609 7.62227317643266e-05 -0.0003928138942616742 -0.00070917297615034685 0.00036401871934815843 0.00024330037435529598 0.00032155675177748962 -0.00059315927268471574 -0.00032550905513441345 -1.2731746004758687e-05 -0.00023851660976966692 1.9956408132424172e-05
leaf_weight=27 23 21 73 43 32 31 37 32 51 35 24 21 33 92 23 29 41 83 28 103 41 22 35 122 39 20 24 456 37 82
leaf_count=27 23 21 73 43 32 31 37 32 51 35 24 21 33 92 23 29 41 83 28 103 41 22 35 122 39 20 24 456 37 82
internal_value=-8.04076e-14 -8.58528e-06 0.00028224 -2.52241e-05 -9.08989e-05 2.9395e-05 1.12481e-05 5.99825e-05 -6.85173e-05 -0.000297608 -0.000500661 -2.67954e-05 -0.000157564 -4.75907e-05 -0.000196115 -0.000536859 -6.28923e-05 2.14472e-05 0.00014998 -9.59625e-05 -7.60597e-05 -0.000264868 3.91684e-05 5.97351e-05 3.21646e-05 -0.000107172 5.21676e-05 1.41242e-05 6.77422e-05 0.000158395
internal_weight=1760 1737 94 1643 746 897 866 672 714 110 75 604 194 583 185 52 133 398 190 208 161 105 645 613 120 81 61 491 162 125
internal_count=1760 1737 94 1643 746 897 866 672 714 110 75 604 194 583 185 52 133 398 190 208 161 105 645 613 120 81 61 491 162 125
is_linear=0
shrinkage=0.05


Tree=159
num_leaves=31
num_cat=0
split_feature=305 287 92 109 85 91 84 11 159 9 308 219 11 231 11 280 252 148 130 307 270 334 214 218 297 213 136 212 195 116
split_gain=0.00378336 0.00354911 0.0148444 0.00282529 0.00317795 0.0023488 0.00378554 0.00218198 0.00254573 0.00199871 0.00169045 0.00171544 0.00232831 0.00221094 0.00260584 0.0022627 0.00246834 0.0022569 0.00214363 0.0020597 0.00198045 0.00278218 0.00222105 0.00201168 0.0019576 0.00214341 0.00240343 0.0023883 0.00194481 0.00195745
threshold=0.086039783199755263 -0.046375230768733115 0.062736755349862144 0.093837300994678116 0.03346525415539222 0.16264440447566389 0.14083397563574557 2.7324507389162567 0.0061072931147176943 0.021407403403469277 0.068676206229636175 0.023822898127097866 4.2888389963892246 -0.0065623657738521938 2.6154120767033868 0.025929716134529792 -0.022832684280433845 -0.0074203415644603114 -0.024051633084680887 -0.035849527155075243 -0.00037543673748778692 0.0059494245232720134 -0.018579705393422255 -0.01272616709957782 0.054061596898798477 -0.0034334576646680537 0.0083959636071472051 0.00063007556847085493 0.0016268258790086451 -0.0020122481923939583
decision_type=2 2 2 2 2 2 2 2 2 2 2 2 2 2 2 2 2 2 2 2 2 2 2 2 2 2 2 2 2 2
left_child=1 2 7 5 -5 10 -7 8 -1 -9 11 13 20 15 24 16 -3 -16 -18 -19 -13 -22 -23 -24 25 28 27 -27 29 -15
right_child=-2 3 -4 4 -6 6 -8 9 -10 -11 -12 12 -14 14 17 -17 18 19 -20 -21 21 22 23 -25 -26 26 -28 -29 -30 -31
leaf_value=-2.493962390731056e-05 0.00062347919932411366 0.0002957449755250799 0.0013607479180791416 -0.0001137027227253761 -0.00088248169369762772 -0.00086470143273583659 5.4530488948027291e-05 -0.00054046067605006769 0.0006883256375493313 3.2072613128996774e-06 -0.00036148134033393229 -1.0545199486386992e-05 0.00031820048250003974 0.00058301071623793324 0.00032424986415053165 -0.00034329601977560746 0.00021426823378923083 -0.00036303209944890116 -0.0001958491914124214 0.00012038718304613558 -7.83743295059222e-05 -0.00011347917973546795 -0.0010464882689932762 -0.00038852383351275843 -0.00051156946648916351 -0.00022515541381186007 -0.00040841305634603487 0.0002737329047181931 -5.3700242495866849e-05 1.6904886223738474e-05
leaf_weight=29 24 52 24 41 20 21 24 22 22 73 33 200 33 37 141 64 42 24 132 269 110 27 21 26 20 49 50 47 57 26
leaf_count=29 24 52 24 41 20 21 24 22 22 73 33 200 33 37 141 64 42 24 132 269 110 27 21 26 20 49 50 47 57 26
internal_value=-5.67737e-13 -8.61953e-06 0.000208364 -3.21746e-05 -0.000365761 -1.86538e-05 -0.000374444 1.89309e-05 0.000282743 -0.000122695 -7.68762e-06 4.9402e-07 -8.48235e-05 3.57192e-05 8.26686e-05 -8.08449e-05 -6.52252e-06 0.000159886 -9.68553e-05 8.07897e-05 -0.000119458 -0.000237842 -0.000474889 -0.000682508 -3.45077e-05 1.36161e-06 -0.000127314 1.9092e-05 0.000157917 0.00034938
internal_weight=1760 1736 170 1566 61 1505 45 146 51 95 1460 1427 417 1010 720 290 226 434 174 293 384 184 74 47 286 266 146 96 120 63
internal_count=1760 1736 170 1566 61 1505 45 146 51 95 1460 1427 417 1010 720 290 226 434 174 293 384 184 74 47 286 266 146 96 120 63
is_linear=0
shrinkage=0.05


Tree=160
num_leaves=31
num_cat=0
split_feature=315 210 51 224 296 128 106 202 213 171 5 119 320 168 287 276 93 255 202 150 7 257 272 248 322 202 227 11 135 191
split_gain=0.00374297 0.0345603 0.00364318 0.00211833 0.00159603 0.00157732 0.00256004 0.00315414 0.00352446 0.00260531 0.00171631 0.00169785 0.00188394 0.00179882 0.00184063 0.00200197 0.00189628 0.00177595 0.00169718 0.00176365 0.0026638 0.00183966 0.00163407 0.00245875 0.00150085 0.00146275 0.00199686 0.00245218 0.0017197 0.00161826
threshold=0.04971749227683625 0.0069943813373304015 0.89587973461402759 0.00029133288974336112 -0.017692840785745827 0.03711479954533372 -0.043596036307487089 -0.0039904465898548619 0.10103025021268655 -0.014268078025076255 3.7250397849037498 0.053418154338281988 0.011607213977670736 0.067917165737343368 0.033931848707146474 -0.03775538447154865 0.087944780998875607 0.027556872914306186 -0.022210455587030338 -0.0087648546696286952 0.7275604142692752 -0.0058271620783434492 -0.034105253638716887 0.021681449062671734 0.0055577181547452701 -0.0049246544675377096 -0.072694743408469514 2.404233724807888 -0.042980684301485959 -0.011403271673178381
decision_type=2 2 2 2 2 2 2 2 2 2 2 2 2 2 2 2 2 2 2 2 2 2 2 2 2 2 2 2 2 2
left_child=2 3 5 -2 -5 10 -7 -8 9 -9 11 13 24 14 15 17 22 -1 -16 21 -21 -20 23 -17 -13 26 -24 -28 -27 -30
right_child=1 -3 -4 4 -6 6 7 8 -10 -11 -12 12 -14 -15 18 16 -18 -19 19 20 -22 -23 25 -25 -26 28 27 -29 29 -31
leaf_value=-1.257562083925155e-05 -0.00040526979961820573 0.0021127431631265655 -0.000644749655886857 0.00037367723695933821 -0.00014347149064289279 0.00021033825902945651 4.6619609828877197e-05 0.00023014689546211491 -0.00097616185984017141 -0.00041555560534613852 -0.00040247808932326732 0.00018579304125844776 -0.00049589999187612036 -0.00036647075841236593 0.00032099224219564351 0.00012989801266740779 0.00048978708012343533 -0.00041225283140582705 -0.0003496580628131557 -0.00059800166635859365 -3.4709170469751571e-05 0.00019606819985981813 0.00044066079324693423 0.00068260398850095681 -0.00036006741531309673 0.00038484766859886693 -0.000384361778483603 8.5635606659372441e-07 -0.00010456876559192096 0.00012314299515732991
leaf_weight=135 39 21 23 25 37 42 65 21 21 61 25 34 33 28 20 89 29 35 23 43 41 47 20 26 20 49 52 201 100 355
leaf_count=135 39 21 23 25 37 42 65 21 21 61 25 34 33 28 20 89 29 35 23 43 41 47 20 26 20 49 52 201 100 355
internal_value=-7.37673e-15 0.000267177 -1.98996e-05 -0.000116555 6.50562e-05 -1.10008e-05 -0.000138813 -0.000226101 -0.000398206 -0.000250193 8.10277e-06 1.55408e-05 -0.000198265 2.99269e-05 3.87009e-05 6.27872e-05 9.18864e-05 -9.48621e-05 -0.000112323 -0.000168598 -0.000323061 1.67581e-05 7.89502e-05 0.000254858 -1.63775e-05 5.2915e-05 -4.02984e-05 -7.83189e-05 0.000103406 7.30965e-05
internal_weight=1760 122 1638 101 62 1615 210 168 103 82 1405 1380 87 1293 1265 1091 921 170 174 154 84 70 892 115 54 777 273 253 504 455
internal_count=1760 122 1638 101 62 1615 210 168 103 82 1405 1380 87 1293 1265 1091 921 170 174 154 84 70 892 115 54 777 273 253 504 455
is_linear=0
shrinkage=0.05


Tree=161
num_leaves=31
num_cat=0
split_feature=51 202 202 115 282 81 220 8 131 306 126 304 222 303 187 157 305 295 271 335 245 162 112 260 103 278 312 146 179 92
split_gain=0.00378021 0.00185162 0.00239162 0.00431307 0.00249691 0.00228914 0.0022106 0.00759168 0.00219516 0.00199964 0.00231463 0.00189005 0.00185099 0.00180188 0.0017246 0.0017042 0.00226255 0.00157006 0.00201618 0.0017007 0.00184053 0.00265718 0.00223811 0.00200087 0.00175396 0.00173717 0.0016826 0.00175672 0.00157812 0.00152942
threshold=0.89587973461402759 0.0045783224313258606 0.0057474041319609511 0.010364502448273305 0.046868055787535327 -0.35901560194901194 0.075712532438724015 0.030395417590539545 0.004454013803260738 0.01097384480581183 -0.023799047377899833 -0.012137061036144424 -0.0037173307007688805 -0.02411567804509596 0.016322322513883724 -0.015126328594062913 0.0026919444814563231 0.021517574133443341 -0.039542076551770979 0.0052895240333343373 0.020486909975056911 0.0016049727682060299 0.020256885721022747 0.02026442820277792 0.020891975051831154 -0.031721725397746772 0.031357267860463417 -0.0051655583845346869 0.041193115835382411 0.00051218068203263739
decision_type=2 2 2 2 2 2 2 2 2 2 2 2 2 2 2 2 2 2 2 2 2 2 2 2 2 2 2 2 2 2
left_child=1 6 3 -3 8 -6 17 -8 9 10 -4 14 -12 -11 -10 -14 -17 19 -19 26 21 25 24 -22 -23 -21 28 -28 -1 -13
right_child=-2 2 4 -5 5 -7 7 -9 11 13 12 29 15 -15 -16 16 -18 18 -20 20 23 22 -24 -25 -26 -27 27 -29 -30 -31
leaf_value=-7.5695642281811843e-06 0.00057632351740072156 1.9254736253060403e-05 -0.00054657878764630423 -0.00093197645407847376 -0.00013382174344899665 -0.00077317724571912549 3.4226483342575633e-05 0.0010498433854081669 3.7500696713463049e-05 -0.00022257885095573979 0.0001263833918738573 0.0004058148997385507 8.9973546110505369e-05 0.00021786519774465979 -0.00049344715662300585 -0.00017047020023710504 -0.00078242006275104365 -0.00048031591277028767 -4.9244215930347338e-05 0.0004312783118317991 0.0001164569752290845 0.00080358481453102378 4.4021648136549629e-05 -0.0004158476961526537 0.00027357057471009386 -4.8624829609748724e-05 -8.4018989582546052e-06 -0.0006269630042052913 0.00044787901366362355 7.7535382330056621e-05
leaf_weight=388 28 26 39 22 42 21 92 23 65 35 52 59 27 69 20 44 23 31 217 24 51 37 28 27 27 88 24 22 20 89
leaf_count=388 28 26 39 22 42 21 92 23 65 35 52 59 27 69 20 44 23 31 217 24 51 37 28 27 27 88 24 22 20 89
internal_value=-7.85059e-13 -9.31701e-06 -7.74361e-05 -0.000416726 -4.95969e-05 -0.00034694 2.99181e-05 0.00023735 -1.37106e-05 -0.000105776 -0.000204388 0.000100482 -0.00011298 6.96388e-05 -8.74282e-05 -0.000245394 -0.000380543 5.67554e-06 -0.000103128 4.23377e-05 0.000138776 0.000217761 0.000416866 -6.78023e-05 0.000579985 5.42116e-05 -1.75644e-05 -0.000304235 1.47563e-05 0.000208404
internal_weight=1760 1732 633 48 585 63 1099 115 522 289 185 233 146 104 85 94 67 984 248 736 282 204 92 78 64 112 454 46 408 148
internal_count=1760 1732 633 48 585 63 1099 115 522 289 185 233 146 104 85 94 67 984 248 736 282 204 92 78 64 112 454 46 408 148
is_linear=0
shrinkage=0.05


Tree=162
num_leaves=31
num_cat=0
split_feature=322 19 142 51 137 296 107 268 272 264 267 104 250 141 154 266 188 175 150 327 97 328 117 211 217 245 267 333 96 322
split_gain=0.00363608 0.00319333 0.00787428 0.0061189 0.0018303 0.00237205 0.00219114 0.00243073 0.00259859 0.003274 0.00197795 0.00257225 0.00403315 0.00266825 0.00191648 0.00266806 0.00215566 0.00202216 0.00184477 0.00180424 0.0017718 0.00227995 0.0020835 0.00187843 0.00160054 0.00158196 0.00156574 0.0017111 0.0019636 0.00173857
threshold=0.074563000707993946 37.125000000000007 -0.00028317435512196593 0.89587973461402759 0.016381297016343586 0.071164832021260546 -0.07299689130685251 -0.020079394301785316 0.022803031035171218 0.0022407260048294699 -0.0099699418629640487 0.093001867747932565 -0.0094061271046852815 -0.055773463008436663 -0.0064479163244034457 -0.021629200139819563 0.0065305047115066127 0.0039717447971364698 0.0029186526071519055 -0.011783865663113883 -0.0034403932086820199 0.00058818328179259863 -0.024676356631505643 -0.0064222843375331407 0.0012640125846101866 0.0022519822159155337 -0.0056222563614916647 0.02097328767504587 0.010202709255377092 -0.029811393474904555
decision_type=2 2 2 2 2 2 2 2 2 2 2 2 2 2 2 2 2 2 2 2 2 2 2 2 2 2 2 2 2 2
left_child=1 3 -3 4 10 6 -6 8 9 -8 14 13 -13 -12 15 17 18 -1 -17 -9 25 23 -23 -22 -18 -16 -15 29 -29 -28
right_child=-2 2 -4 -5 5 -7 7 19 -10 -11 11 12 -14 26 20 16 24 -19 -20 -21 21 22 -24 -25 -26 -27 27 28 -30 -31
leaf_value=-0.00081062687570990352 0.00054574866827654964 -0.00017219872881049436 0.0011474331899080426 -0.00083063794274652468 -0.00048340447693287085 -0.00061775413272525416 -9.7284604895061678e-05 -0.00013423000275177222 0.00013540082471797979 -0.00075206601803074597 0.00052318323357342577 0.00096501309424638741 5.9897881146753211e-05 0.00027020555733543006 0.00036572355996402207 -0.00051645325209606467 0.00049499013323590837 -0.00015929738662882962 8.3324046334548086e-06 0.00014249504805840713 -0.00059411401620778747 0.00044483578859837039 -8.835997452894063e-05 -7.8338312347868186e-05 -6.6487884275071937e-05 1.4263380884884424e-07 0.00030149648037908704 -5.7185099299969427e-05 -0.00053039262004728833 1.1415262787873501e-05
leaf_weight=26 30 26 20 23 30 21 42 91 33 35 28 20 32 60 53 34 22 22 33 167 31 27 57 41 30 67 58 101 28 472
leaf_count=26 30 26 20 23 30 21 42 91 33 35 28 20 32 60 53 34 22 22 33 167 31 27 57 41 30 67 58 101 28 472
internal_value=7.45941e-14 -9.46385e-06 0.000401554 -2.06912e-05 -9.47579e-06 -9.98407e-05 -7.25136e-05 -3.90171e-05 -0.000235819 -0.000394913 2.10096e-05 6.79932e-05 0.000408019 4.43234e-05 -6.37304e-05 -0.000197426 -7.04983e-05 -0.000512101 -0.000257977 4.48905e-05 1.7165e-05 -9.39446e-05 8.30244e-05 -0.000300408 0.000171061 0.000161608 2.56752e-05 3.4114e-06 -0.000159897 4.316e-05
internal_weight=1760 1730 46 1684 1661 419 398 368 110 77 1242 799 52 747 443 167 119 48 67 258 276 156 84 72 52 120 719 659 129 530
internal_count=1760 1730 46 1684 1661 419 398 368 110 77 1242 799 52 747 443 167 119 48 67 258 276 156 84 72 52 120 719 659 129 530
is_linear=0
shrinkage=0.05


Tree=163
num_leaves=31
num_cat=0
split_feature=51 109 83 81 190 140 5 229 170 97 163 308 327 310 193 215 247 106 217 208 228 214 329 104 333 141 236 88 289 130
split_gain=0.00372959 0.00175455 0.00285985 0.00173668 0.00618452 0.00690123 0.00227552 0.00227211 0.00201104 0.00158379 0.00178011 0.00140299 0.00140111 0.00323621 0.00187129 0.00157334 0.00154847 0.0015462 0.00192131 0.00205574 0.00221549 0.002103 0.00253017 0.00230407 0.00208065 0.00166736 0.00157007 0.00165141 0.0015264 0.00165982
threshold=0.89587973461402759 0.10121054671881639 0.05482330133689458 -0.49991037261360072 -0.0090267456803905782 -0.0034734348316143812 2.4414009612931857 -0.043028118765449978 0.0029884679785827047 -0.040479167224450267 0.013504374685526234 0.068676206229636175 0.039817868029453009 -0.03012582565663233 -0.007624955400115728 -0.1061567591947022 0.020536146823877156 0.015198975196856854 -0.1611274842631755 -0.0024814680654917745 -0.075764042349208902 0.0032791537592950833 0.021232512149271254 0.010530204420713023 0.039364160701901206 -0.020719248393942857 -0.013778636250749461 0.0050872394263953239 0.054358327900175127 0.0037400249010120369
decision_type=2 2 2 2 2 2 2 2 2 2 2 2 2 2 2 2 2 2 2 2 2 2 2 2 2 2 2 2 2 2
left_child=1 3 -3 4 5 -1 7 -6 -8 -9 -11 12 15 -14 -15 -5 -16 18 25 20 -20 26 23 -23 -21 -17 -22 -28 29 -19
right_child=-2 2 -4 11 6 -7 8 9 -10 10 -12 -13 13 14 16 17 -18 28 19 24 21 22 -24 -25 -26 -27 27 -29 -30 -31
leaf_value=0.001338573482062202 0.00057245230886370077 8.7820877748666905e-05 -0.00064041593221710567 -0.00032579998985763975 -0.00028161329496975262 9.2468999093398463e-05 -0.00050222192380585643 0.00047830721478901744 9.9640079323485824e-05 0.00016994728691012523 -0.00022844110201861311 -0.00033404209849929129 -0.00074214242208871023 0.00015999048009894068 -0.00046571681858040395 3.6466974197537642e-05 6.960241100221703e-05 7.8259915194090973e-05 -0.00023125654606701574 3.4473518458484749e-05 -6.2351811944748848e-05 0.00050353124076159815 0.00084099219748168252 -5.3163257090251573e-05 -0.00032659323184311184 -0.00060916439542779699 0.00037630855188927202 -1.9224056883277152e-05 -0.00046796455432701373 -0.00014176596167817481
leaf_weight=20 28 26 28 36 36 25 35 31 23 141 35 36 21 50 35 20 22 150 32 352 78 41 24 34 45 20 71 42 23 200
leaf_count=20 28 26 28 36 36 25 35 31 23 141 35 36 21 50 35 20 22 150 32 352 78 41 24 34 45 20 71 42 23 200
internal_value=2.53011e-13 -9.25443e-06 -0.000289783 -2.26675e-07 9.95772e-05 0.000646293 1.78423e-05 8.50065e-05 -0.000263553 0.000148766 9.07223e-05 -2.61517e-05 -1.75992e-05 -0.000174643 -6.32646e-05 -3.88926e-07 -0.000259102 9.95984e-06 5.09248e-05 6.96883e-05 0.000163565 0.000207131 0.000394152 0.000251163 -6.45344e-06 -0.000286349 0.000110194 0.000229296 -7.33978e-05 -4.74692e-05
internal_weight=1760 1732 54 1678 346 45 301 243 58 207 176 1332 1296 128 107 1168 57 1132 759 719 322 290 99 75 397 40 191 113 373 350
internal_count=1760 1732 54 1678 346 45 301 243 58 207 176 1332 1296 128 107 1168 57 1132 759 719 322 290 99 75 397 40 191 113 373 350
is_linear=0
shrinkage=0.05


Tree=164
num_leaves=31
num_cat=0
split_feature=141 130 221 274 317 117 171 296 112 206 238 301 133 227 86 302 123 293 280 100 91 8 239 264 261 255 276 289 312 306
split_gain=0.00353067 0.00325834 0.00209062 0.00695916 0.00184421 0.00155812 0.00160446 0.00153386 0.0023267 0.00305841 0.00197231 0.0019235 0.00190007 0.00272937 0.0018985 0.00282843 0.00205768 0.0024389 0.00197138 0.00180692 0.00191251 0.00206151 0.00176441 0.00240016 0.00163363 0.00162375 0.00180724 0.00145772 0.00164885 0.00143571
threshold=0.10121221227309303 0.10450407560464715 0.1248335882401954 0.026005808869965719 -0.0008040532029241033 0.10619318058514839 -0.077940868978481501 0.035428667613759839 0.021068404900399528 -0.0046043004023616331 -0.030872305185115394 0.082222525116948206 0.0013076136321154232 -0.00457125060011723 -0.011970876671595283 -0.043625026586819333 -0.056280502850507459 -0.007288884260803285 0.019133025052295409 0.11345931033631672 -0.12119554739059464 0.047259759759759767 -0.0081942867719221376 -0.0017794798375853794 -0.010067654686791256 0.043016962943773752 -0.038584999761424287 0.0030522821713907938 0.0034271452739925196 0.0156419456889118
decision_type=2 2 2 2 2 2 2 2 2 2 2 2 2 2 2 2 2 2 2 2 2 2 2 2 2 2 2 2 2 2
left_child=1 2 5 4 -4 6 -1 11 10 -10 -9 14 13 -12 16 -16 17 -8 19 20 24 -22 23 -20 -17 29 -27 28 -24 -18
right_child=-2 -3 3 -5 -6 -7 7 8 9 -11 12 -13 -14 -15 15 18 25 -19 22 -21 21 -23 27 -25 -26 26 -28 -29 -30 -31
leaf_value=0.00040653665251422509 0.00061542976409723255 0.00057040114989869535 -0.00026981055212672801 -0.00082347775753399167 0.00019285548379619806 0.00033922253210083445 -0.00066236864180869558 0.00028064512068675344 -0.0008679526974447072 -0.00013066093024696247 2.7726649032525818e-05 -0.00042672029905952514 8.2463176104716868e-05 -0.00055075510423524651 0.0005164695844463755 -0.00049707132178203513 -2.7934687382788944e-05 -2.7920688664766425e-05 -1.3944386871246804e-05 0.00051340347921583222 8.538956453281373e-05 0.00048139618105582288 -0.00045304071332793691 -0.0005745746279925307 3.8519684083959355e-05 -0.0006238471318613393 -9.1778888314434843e-05 0.00032078411640020822 0.00016770784163584366 0.00016529296745340197
leaf_weight=23 23 24 35 34 56 33 28 38 22 39 38 25 63 44 35 24 369 33 42 26 294 37 20 35 35 20 79 33 23 130
leaf_count=23 23 24 35 34 56 33 28 38 22 39 38 25 63 44 35 24 369 33 42 26 294 37 20 35 35 20 79 33 23 130
internal_value=-8.33105e-13 -8.14904e-06 -1.62548e-05 -0.000213134 1.4907e-05 -7.57436e-07 -7.97244e-06 -1.41955e-05 -0.000129142 -0.000396569 -3.99995e-05 7.58009e-06 -0.000124031 -0.000282678 1.61767e-05 8.02089e-05 -4.25114e-05 -0.000319143 5.33739e-05 0.000109815 8.29094e-05 0.000129656 -0.000100088 -0.000268776 -0.000179348 -1.42931e-05 -0.000199267 7.08203e-05 -0.000121012 2.24052e-05
internal_weight=1760 1737 1713 125 91 1588 1555 1532 244 61 183 1288 145 82 1263 604 659 61 569 416 390 331 153 77 59 598 99 76 43 499
internal_count=1760 1737 1713 125 91 1588 1555 1532 244 61 183 1288 145 82 1263 604 659 61 569 416 390 331 153 77 59 598 99 76 43 499
is_linear=0
shrinkage=0.05


Tree=165
num_leaves=31
num_cat=0
split_feature=96 97 130 245 2 8 109 288 293 200 225 238 169 316 223 289 320 326 207 306 229 108 234 335 159 214 259 327 322 313
split_gain=0.00351587 0.00371042 0.00286123 0.0015429 0.00256309 0.001868 0.00185728 0.00234771 0.00201393 0.00258495 0.00184767 0.00175003 0.00261514 0.00199201 0.00211519 0.00209506 0.00182415 0.00179153 0.00161576 0.00211325 0.00154763 0.00190867 0.00153522 0.00176565 0.00150626 0.00148904 0.00147968 0.00146418 0.00141421 0.00189245
threshold=0.10630283631224409 0.19769325664880663 0.10450407560464715 0.020486909975056911 0.89587973461402759 0.24780701754385967 0.047766122566979742 -0.069102730391444531 -0.038570934313267295 -0.010773165225963078 0.10568868415065275 -0.01458597386971661 0.0056519131832026273 0.00035334409716264464 0.025757371271603085 -0.03313055963501655 0.026617094024310187 0.021140262603653339 -0.0011832702027956541 0.014608978505600488 0.010619524155296779 0.0097288145650000091 0.010479855950608108 0.038684816347749069 -0.014080714615872538 0.0035305444844829378 0.029110136613466387 0.039817868029453009 -0.0016850845127814641 0.032247179494673317
decision_type=2 2 2 2 2 2 2 2 2 2 2 2 2 2 2 2 2 2 2 2 2 2 2 2 2 2 2 2 2 2
left_child=1 2 3 6 5 -5 7 -1 -8 -10 11 22 13 15 25 -13 17 26 -17 -20 24 -22 -9 -24 -11 -15 -14 28 -6 -30
right_child=-2 -3 -4 4 27 -7 8 10 9 20 -12 12 16 14 -16 18 -18 -19 19 -21 21 -23 23 -25 -26 -27 -28 -29 29 -31
leaf_value=0.00052667946490691977 0.00060103415101669575 -0.00066889518604425365 0.00054188108739860281 -0.00077244683647718785 6.9070205329374733e-05 -0.00011316461216968795 0.00028935134262913684 0.00019846951348115815 -0.0005783200763731397 -0.00061146056745201352 0.00039300033656348076 -0.00046936560314553137 -6.6989138458912093e-05 0.00014863863728732321 -0.00018935399499684071 -0.00016904626140723403 0.00012832288767365457 -0.00053408704502194617 -2.005527820638863e-06 0.00057352083349542231 0.00038177596218482563 -0.00024413350093666289 -9.0081685831909215e-05 0.00040720089094802036 -6.4617238753913526e-05 0.00049910032091877207 -0.00046275801588005076 -0.00036256268041838405 -0.00017956304360720583 0.00022281097056942858
leaf_weight=25 24 21 24 22 214 21 24 209 35 20 35 28 111 136 37 73 43 39 58 22 29 21 119 21 34 39 30 34 177 35
leaf_count=25 24 21 24 22 214 21 24 209 35 20 35 28 111 136 37 73 43 39 58 22 29 21 119 21 34 39 30 34 177 35
internal_value=9.03927e-13 -8.30923e-06 -2.20419e-07 -7.91435e-06 -8.13135e-05 -0.000450472 2.31629e-05 4.80934e-05 -0.000133609 -0.000206638 3.61288e-05 2.31853e-05 -2.74965e-05 5.01074e-05 0.000154121 -7.17209e-05 -0.00016426 -0.000234155 1.05072e-06 0.000156264 -8.15529e-05 0.000118894 0.000112641 -1.54893e-05 -0.000267152 0.000226742 -0.000151195 -4.68052e-05 -2.16039e-05 -0.000113133
internal_weight=1760 1736 1715 1691 503 43 1188 1025 163 139 1000 965 616 393 212 181 223 180 153 80 104 50 349 140 54 175 141 460 426 212
internal_count=1760 1736 1715 1691 503 43 1188 1025 163 139 1000 965 616 393 212 181 223 180 153 80 104 50 349 140 54 175 141 460 426 212
is_linear=0
shrinkage=0.05


Tree=166
num_leaves=31
num_cat=0
split_feature=305 19 295 51 109 322 137 100 107 296 327 117 117 115 9 219 220 150 140 155 249 332 155 254 335 264 295 11 333 182
split_gain=0.00341736 0.00277305 0.00801719 0.00466849 0.00187701 0.00305004 0.00152844 0.00252047 0.00236397 0.0021074 0.00173372 0.00193085 0.00207092 0.00174578 0.00171984 0.00545694 0.00148369 0.00147186 0.00139729 0.00164199 0.00225786 0.00160526 0.00135737 0.00183515 0.00163015 0.00187866 0.00143654 0.00169517 0.00138407 0.00166581
threshold=0.086039783199755263 37.125000000000007 -0.010028415353348539 0.89587973461402759 0.093837300994678116 0.022894216801134171 0.016381297016343586 -0.10941791188388654 -0.07299689130685251 0.071164832021260546 -0.011783865663113883 -0.053661973176411748 -0.031235316787550867 0.0087514517154180273 0.061089514331622873 0.0011938271411596399 0.01019418372104851 0.0063997550030958951 -0.044431344911581898 -0.032769274045476436 -0.0069978105044819989 0.011720231620350954 -0.0048881063956785825 0.054523481793484652 -0.023348292473652488 -0.016151335831861253 0.042851508548996144 2.7396011396011404 -0.036284651520624774 -0.00011300616995166438
decision_type=2 2 2 2 2 2 2 2 2 2 2 2 2 2 2 2 2 2 2 2 2 2 2 2 2 2 2 2 2 2
left_child=1 3 -3 4 6 16 7 -1 -8 10 13 -12 -13 17 18 -16 -6 -10 21 20 -20 -9 23 24 25 -21 28 -28 29 -24
right_child=-2 2 -4 -5 5 -7 8 14 9 -11 11 12 -14 -15 15 -17 -18 -19 19 22 -22 -23 26 -25 -26 -27 27 -29 -30 -31
leaf_value=0.00048246322243358005 0.00059255408414173873 -0.00039802647894248371 0.00091268662093040942 -0.00074244749723055233 -0.00030088273377623415 -0.00076785533234388344 -0.00048813509638421241 -3.9659947894203173e-05 -0.00061742085422987914 -0.00054566299346333843 -0.00036782609025502337 0.00046525750695894071 4.1818517833455578e-05 3.0482541836439246e-05 0.00095336758817211376 -5.8153763566224372e-05 0.00026920393308197771 -0.00014227229127218612 0.00050687225201937294 -0.00021572718618526347 2.1302621098584497e-05 -0.00059834927553310997 5.4811895734019347e-05 -0.00047739285536018929 -0.0001205661807262004 0.0003634751959387878 -0.00048023171969232084 7.5028669703493115e-05 3.4709872980243659e-05 0.0005995343655813486
leaf_weight=30 24 20 28 22 25 21 33 36 28 20 23 35 165 60 20 40 21 39 39 21 62 20 32 28 204 42 28 27 542 25
leaf_count=30 24 20 28 22 25 21 33 36 28 20 23 35 165 60 20 40 21 39 39 21 62 20 32 28 204 42 28 27 542 25
internal_value=-8.88023e-13 -8.19199e-06 0.000366556 -1.88483e-05 -9.29301e-06 -0.000268563 1.57073e-06 2.99471e-05 -8.26429e-05 -4.64774e-05 -1.79525e-05 6.60272e-05 0.00011592 -0.000165413 1.83043e-05 0.00027902 -4.06258e-05 -0.000340842 4.16058e-06 1.71394e-05 0.0002088 -0.000239192 -3.25863e-06 -9.22943e-05 -5.19094e-05 0.000170408 3.69027e-05 -0.000207649 5.93574e-05 0.000293725
internal_weight=1760 1736 48 1688 1666 67 1599 1196 403 370 350 223 200 127 1166 60 46 67 1106 1050 101 56 949 295 267 63 654 55 599 57
internal_count=1760 1736 48 1688 1666 67 1599 1196 403 370 350 223 200 127 1166 60 46 67 1106 1050 101 56 949 295 267 63 654 55 599 57
is_linear=0
shrinkage=0.05


Tree=167
num_leaves=31
num_cat=0
split_feature=51 202 304 223 252 286 286 252 307 265 159 166 185 211 315 215 161 246 312 329 331 171 262 241 116 0 205 146 229 88
split_gain=0.00356662 0.00158393 0.00211798 0.00258819 0.00211747 0.00564748 0.00176393 0.00174864 0.00173507 0.0016952 0.00201655 0.00179411 0.00178801 0.00174643 0.00233801 0.00218451 0.00183892 0.00183633 0.00162522 0.00185279 0.00161785 0.00153973 0.00150586 0.00165834 0.00148997 0.00143967 0.00142416 0.00224143 0.0018892 0.00155658
threshold=0.89587973461402759 0.0045783224313258606 0.03765818099312284 0.088596655465654137 0.050102421934002529 0.041516521493515035 0.010868505165462179 -0.026199768484310899 -0.050246317838677536 -0.011070837690739436 -0.039518445277051797 0.028122156690578017 0.021432256338746018 -0.0095246011548605226 -0.0095109533172397596 -0.040889127506735519 -0.02157248531607862 -0.017062459874425426 -0.0066670503466422738 0.031730896379266828 -0.05028549942694973 0.022580621201351049 0.0055579311358841888 -0.011865563441585274 0.015084611943782395 4.5053345884235583 -0.015627328377834659 -0.0023885566727980686 -0.0060579458233186679 -0.097025794914924496
decision_type=2 2 2 2 2 2 2 2 2 2 2 2 2 2 2 2 2 2 2 2 2 2 2 2 2 2 2 2 2 2
left_child=1 4 3 8 9 6 -6 -4 -3 10 -1 18 13 14 17 21 -16 -11 19 24 -10 -15 23 -17 -12 -25 27 28 -22 -28
right_child=-2 2 7 -5 5 -7 -8 -9 20 12 11 -13 -14 15 16 22 -18 -19 -20 -21 26 -23 -24 25 -26 -27 29 -29 -30 -31
leaf_value=-0.00050489769323925997 0.0005598053689547149 -0.00050176460251047199 0.00053977066972514705 -0.00058104994973941107 0.00021207141446231669 0.00096996109972505599 -0.00023810281527403276 3.0846973258185038e-05 0.00030266686392548892 0.00078051906577615148 2.0881457076372826e-05 0.00027121517675531768 -0.00017490572474245612 -9.1443679735271472e-05 0.00049793893704190855 -0.00029815648536541409 3.3854756592061142e-05 0.00024552323463621913 -0.00016898340884240041 -0.00033582699146460405 -0.00080628391236435473 -0.00063861069324048006 0.00024540686798688624 -0.00014531342159569187 0.00046184198607079457 0.000337569774781128 0.00018731929396103547 6.5185431118026891e-05 -0.00018522722338093446 -9.2948967585121595e-05
leaf_weight=26 28 24 21 28 68 21 32 86 28 23 53 39 74 36 24 41 193 53 209 22 24 20 73 29 30 33 59 29 25 309
leaf_count=26 28 24 21 28 68 21 32 86 28 23 53 39 74 36 24 41 193 53 209 22 24 20 73 29 30 33 59 29 25 309
internal_value=2.93399e-13 -9.04997e-06 -7.2053e-05 -0.000113303 2.72384e-05 0.000224552 6.80157e-05 0.000130729 -8.70044e-05 2.82645e-06 -7.99306e-05 -4.86299e-05 5.51886e-05 8.76209e-05 0.000168769 -1.48629e-05 8.5182e-05 0.00040743 -8.83559e-05 7.21313e-05 -6.60039e-05 -0.00028686 7.16818e-05 -5.14437e-05 0.000180265 0.000111705 -8.91491e-05 -0.000283219 -0.000489418 -4.80147e-05
internal_weight=1760 1732 633 526 1099 121 100 107 498 978 379 353 599 525 293 232 217 76 314 105 474 56 176 103 83 62 446 78 49 368
internal_count=1760 1732 633 526 1099 121 100 107 498 978 379 353 599 525 293 232 217 76 314 105 474 56 176 103 83 62 446 78 49 368
is_linear=0
shrinkage=0.05


Tree=168
num_leaves=31
num_cat=0
split_feature=299 130 221 274 305 96 141 177 5 1 102 332 257 320 117 290 297 336 283 205 136 163 162 236 258 285 212 239 206 109
split_gain=0.00351245 0.00300051 0.00188104 0.00525596 0.00156627 0.0023561 0.00194232 0.00282557 0.00156021 0.00164829 0.00248677 0.00188634 0.00245439 0.00269724 0.00278854 0.00222355 0.00213608 0.00239618 0.00211266 0.00264317 0.00290502 0.00200459 0.00238959 0.00232681 0.00195863 0.00182759 0.00176435 0.00165228 0.00163967 0.0016135
threshold=-0.096082389719443287 0.10450407560464715 0.1248335882401954 0.026005808869965719 -0.054102059871535789 0.028090109246048739 -0.055773463008436663 0.0027039807903882283 4.1806204448211766 4.516324041782946 0.034457450896588922 -0.019280999251172038 0.008754108017499972 -0.015161912133676146 0.022446218268632172 0.018344229142411326 0.014619162749269875 0.022773717223701747 -0.021296775910981829 -0.016195486501085449 1.0000000180025095e-35 0.029535216502889892 -0.012090554344037456 0.040228003998823779 0.0022349462185017755 -0.0035441500319424398 0.033134576234703582 -0.0048726111444990878 -0.0017104572137769261 0.040005020948772209
decision_type=2 2 2 2 2 2 2 2 2 2 2 2 2 2 2 2 2 2 2 2 2 2 2 2 2 2 2 2 2 2
left_child=-1 2 4 -4 5 -2 7 -6 9 11 -11 12 13 -8 -15 18 17 26 25 20 -20 22 23 24 -21 -13 -17 28 -24 -29
right_child=1 -3 3 -5 6 -7 8 -9 -10 10 -12 15 -14 14 -16 16 -18 -19 19 21 -22 -23 27 -25 -26 -27 -28 29 -30 -31
leaf_value=0.00064277466569494994 -6.8442349380347874e-05 0.0005595372688137855 -4.4836424590873339e-06 -0.00071191555002264476 0.0007763140933820978 -0.00067922019225079571 -7.7622328357186774e-05 -6.4157663073274309e-05 -0.00043567703520238873 4.9684551608783892e-05 0.00049718395005611733 -0.00018422779094260378 -0.00017415101099039145 0.00021343202357380046 0.00084690623752185681 -0.00038336388734467442 0.0003568199551929346 0.00045926482333535592 -0.0010081836674362421 -0.00035654044385528719 -0.00019225859856912092 0.00020198431496586033 -0.00065327683696523317 -2.9124163466760714e-05 -0.0010330922837601976 0.00016369917326775741 3.077141245476146e-05 0.00010503373914616532 -0.00011567643527382029 -0.00030249491577375343
leaf_weight=21 75 23 97 36 20 20 53 20 20 524 33 64 59 71 23 41 49 21 20 23 24 36 23 21 20 92 69 92 37 33
leaf_count=21 75 23 97 36 20 20 53 20 20 524 33 64 59 71 23 41 49 21 20 23 24 36 23 21 20 92 69 92 37 33
internal_value=3.42685e-13 -7.76209e-06 -1.53657e-05 -0.000195969 -1.91883e-07 -0.000197027 1.23749e-05 0.000356078 2.88032e-06 9.02258e-06 7.61971e-05 -3.39352e-05 9.827e-05 0.000207609 0.000368431 -7.4889e-05 7.51892e-05 -3.01537e-05 -0.000130588 -0.000202447 -0.000563134 -0.000146762 -0.000197183 -0.000460529 -0.000671216 2.09599e-05 -0.000123588 -0.000106079 -0.000321757 -2.55383e-06
internal_weight=1760 1739 1716 133 1583 95 1488 40 1448 1428 557 871 206 147 94 665 180 131 485 329 44 285 249 64 43 156 110 185 60 125
internal_count=1760 1739 1716 133 1583 95 1488 40 1448 1428 557 871 206 147 94 665 180 131 485 329 44 285 249 64 43 156 110 185 60 125
is_linear=0
shrinkage=0.05


Tree=169
num_leaves=31
num_cat=0
split_feature=225 130 220 305 196 267 181 197 97 132 298 220 9 275 171 232 196 94 290 182 121 231 258 275 307 336 163 207 253 236
split_gain=0.00352082 0.00290002 0.00177092 0.0015884 0.00224879 0.00177015 0.00179111 0.00160329 0.0029968 0.00218861 0.00201681 0.00194002 0.00168923 0.00232882 0.00225743 0.0028301 0.00218702 0.0018473 0.00231272 0.00179706 0.00168316 0.00154837 0.00183931 0.00179579 0.00168627 0.00184372 0.00151632 0.00180222 0.00232453 0.00191052
threshold=0.15205142098972116 0.10450407560464715 0.21498973104918664 -0.054102059871535789 -0.0068287155688575201 0.034220617990852582 -0.0046375640412783335 0.006228927870472991 0.12297919351788064 -0.065918870556555667 0.019179266839408248 0.15399623818671085 0.018903659233847916 0.019143342456880982 0.023476926996484796 1.0000000180025095e-35 -0.048370567110069825 0.0017994283181745039 -0.02783289202227528 -0.0051020070892220087 -0.012174951195507355 0.023017052086097754 0.028538157537668467 0.0042358282442041609 -0.013032613900311086 -0.0082264115925953785 -0.0073150134459142703 -0.002924984174934398 0.0025858972239836122 0.055722877692034857
decision_type=2 2 2 2 2 2 2 2 2 2 2 2 2 2 2 2 2 2 2 2 2 2 2 2 2 2 2 2 2 2
left_child=1 2 3 4 -1 6 -6 9 21 10 -5 12 13 14 19 -16 -14 18 -15 -11 -21 22 -9 -24 25 -23 -18 28 -28 -29
right_child=-2 -3 -4 7 5 -7 -8 8 -10 11 -12 -13 16 17 15 -17 26 -19 -20 20 -22 24 23 -25 -26 -27 27 29 -30 -31
leaf_value=0.00011624177292871632 0.00060145697502775883 0.00056209799738346858 -0.00044211917605328684 -5.215269178057328e-05 -0.00087380734482957504 2.4891677458072082e-05 -0.00026747902839219776 -3.9953175310019636e-05 -0.00062380478345363849 -4.8790332197640034e-05 -0.00065990091359708464 0.00047696054561701778 -0.0004986864302984693 -0.00040213246596977116 0.00018177272592895732 0.00093959179694965409 0.00013160660239992827 -0.00033309205372437971 0.00020299599365777491 -7.4500945581045628e-05 0.0003520264445229475 3.8984818711469419e-05 -7.5937907474105275e-05 -0.00057554493882759877 -9.7843420985799479e-06 0.00071790388086810707 -1.5021520491516001e-05 8.5688150826097973e-05 -0.00044419699945137838 -0.00042732596150017342
leaf_weight=38 24 22 24 43 21 21 29 331 23 78 20 27 22 20 28 22 172 39 75 30 101 20 37 35 93 20 74 196 55 20
leaf_count=38 24 22 24 43 21 21 29 331 23 78 20 27 22 20 28 22 172 39 75 30 101 20 37 35 93 20 74 196 55 20
internal_value=9.29803e-13 -8.31507e-06 -1.56366e-05 -9.58004e-06 -0.000194192 -0.00036034 -0.000522137 3.1478e-06 -6.49337e-05 4.03861e-05 -0.000245089 5.914e-05 4.70357e-05 0.000125868 0.000213416 0.000515213 -1.04431e-05 -4.33473e-05 7.56005e-05 0.000141215 0.000254348 -4.09523e-05 -8.97724e-05 -0.000318802 0.000106976 0.000378444 1.03332e-05 -5.01277e-05 -0.000198003 3.81868e-05
internal_weight=1760 1736 1714 1690 109 71 50 1581 559 1022 63 959 932 393 259 50 539 134 95 209 131 536 403 72 133 40 517 345 129 216
internal_count=1760 1736 1714 1690 109 71 50 1581 559 1022 63 959 932 393 259 50 539 134 95 209 131 536 403 72 133 40 517 345 129 216
is_linear=0
shrinkage=0.05


Tree=170
num_leaves=31
num_cat=0
split_feature=51 330 224 89 135 277 130 288 325 278 202 286 209 142 194 154 294 309 92 322 246 104 255 147 231 165 190 184 228 301
split_gain=0.0033731 0.00155826 0.00329338 0.00147906 0.00249623 0.00162003 0.00194341 0.00189499 0.00375488 0.00169347 0.00269335 0.00199575 0.00201921 0.00176821 0.00195791 0.00167889 0.0016107 0.00152969 0.00171537 0.00147548 0.00225349 0.00273328 0.00176864 0.00184867 0.00173504 0.00166146 0.00200873 0.00191444 0.00156472 0.00145648
threshold=0.89587973461402759 0.058734888332247513 0.0030405453977230489 -0.16524420371482582 -0.031863079557284735 -0.056922755509237352 0.015178361572288126 -0.044253359055865464 0.027578721707187896 0.02993522525978309 0.018732147067524147 -0.051251542208090507 0.35608263843220156 0.022241367718444992 -0.0091266639886147423 -0.016786368295815538 0.016630082347879317 0.023647523686393074 0.010229990638412494 -0.0042660908200819843 -0.021007102184557747 0.026091508723505265 0.015743210682631657 -0.0039031928238784249 -0.0050567691540653074 -0.0044517029179169118 0.0046005047226893424 -0.0061126748015258399 0.020675506927120956 -0.00095309682506278519
decision_type=2 2 2 2 2 2 2 2 2 2 2 2 2 2 2 2 2 2 2 2 2 2 2 2 2 2 2 2 2 2
left_child=1 3 -3 4 -1 6 17 8 -7 11 16 12 15 19 -15 -9 -11 18 -5 20 21 -13 -22 -24 25 26 -21 -27 -29 -18
right_child=-2 2 -4 5 -6 7 -8 9 -10 10 -12 13 -14 14 -16 -17 29 -19 -20 24 22 -23 23 -25 -26 27 -28 28 -30 -31
leaf_value=-0.00066250531298978987 0.00054440656510580871 -2.3381945707283364e-06 0.0007121179483162806 2.4406176493761856e-05 -6.889275693254887e-05 6.5233482963798813e-05 -0.00048630302968573434 0.00017828044781344944 0.00082932678225915895 1.8031879713300531e-05 -0.00060584597231354569 0.00017009510912987849 -8.5191286108546107e-05 0.00012815235720754184 -0.0002512405223540081 0.00077020653318512545 -4.7471813301141284e-05 0.0003185401898614752 -0.00055312648415565494 0.00039580486530515677 -5.7645403801914047e-05 0.0008300971949384326 -5.4466824214024528e-05 0.00040608852656112259 3.6045501591057627e-05 7.1963557716766706e-05 -0.0002826738668954931 -0.00026870654039312111 -0.0007786906834336974 -0.00049741122701172052
leaf_weight=23 28 54 23 36 77 82 37 25 20 162 26 62 26 47 123 23 37 21 20 24 169 21 37 53 347 28 20 53 21 35
leaf_count=23 28 54 23 36 77 82 37 25 20 162 26 62 26 47 123 23 37 21 20 24 169 21 37 53 347 28 20 53 21 35
internal_value=1.93733e-13 -8.80103e-06 0.000211071 -1.90307e-05 -0.000205424 -7.04403e-06 -0.000188489 7.31041e-06 0.000215056 -8.51484e-06 -0.000123064 1.90874e-05 0.000269686 6.35341e-07 -0.00014635 0.000461912 -6.94217e-05 -4.53839e-05 -0.000181855 3.05604e-05 0.00011036 0.000337084 3.7704e-05 0.000216749 -2.47979e-05 -0.000169405 8.74054e-05 -0.000280186 -0.000413432 -0.000266192
internal_weight=1760 1732 77 1655 100 1555 114 1441 102 1339 260 1079 74 1005 170 48 234 77 56 835 342 83 259 90 493 146 44 102 74 72
internal_count=1760 1732 77 1655 100 1555 114 1441 102 1339 260 1079 74 1005 170 48 234 77 56 835 342 83 259 90 493 146 44 102 74 72
is_linear=0
shrinkage=0.05


Tree=171
num_leaves=31
num_cat=0
split_feature=240 96 194 211 330 83 277 51 260 158 89 330 270 143 131 151 129 175 90 162 19 228 126 83 312 186 255 317 1 264
split_gain=0.00329523 0.0140154 0.00174545 0.00292206 0.00207975 0.00291837 0.0019651 0.00187804 0.00173698 0.00271909 0.00294487 0.00175964 0.00176355 0.00183746 0.00157833 0.00214756 0.00213577 0.00216105 0.00193713 0.00189597 0.00194652 0.00182532 0.00236978 0.00162261 0.0016214 0.00146887 0.00146186 0.00155855 0.00133219 0.00133201
threshold=0.071997189539391604 0.015668961357322177 0.027246387975934708 -0.046019826054183019 0.058734888332247513 0.064554446939281571 0.096880343568119448 0.89587973461402759 -0.017647906467341011 -0.011678501759706771 0.091743653895278957 0.033833395989376562 -0.042881898504941889 0.025912183598014952 -0.014379159157355338 -0.025426851038185001 0.021689451913224297 0.0016800120972715622 -0.067215361767229573 -0.0052154742167148322 9.5119047619047645 0.0015170047635718502 0.0024789786800693994 -0.10311404785922913 -0.009377117290644112 -0.034232714097638235 0.036327347789173549 0.0012875140479693679 3.1567740231385479 0.031250233730205336
decision_type=2 2 2 2 2 2 2 2 2 2 2 2 2 2 2 2 2 2 2 2 2 2 2 2 2 2 2 2 2 2
left_child=2 -2 4 -4 6 -6 7 8 11 10 26 12 -1 25 16 23 -11 -18 -17 21 -21 24 -23 -16 -20 -14 -10 -28 -22 -26
right_child=1 -3 3 -5 5 -7 -8 -9 9 14 -12 -13 13 -15 15 18 17 -19 19 20 28 22 -24 -25 29 -27 27 -29 -30 -31
leaf_value=0.00020761820949915358 -6.4068371233361174e-05 0.0014245450485586412 -0.0006293346978574326 -7.6667006552026326e-05 2.2261309661969009e-05 0.00076783513927477457 0.00046012040322900493 -0.00047445506762332202 0.0001578837085083192 -1.9480662416945532e-05 0.00057724649938487959 -0.00042229528967015401 -0.00042257214686456052 -0.00052091139112599193 5.9613962917920259e-05 -0.00039207095074798973 -0.00063013715438213882 -1.6075867714117404e-05 0.00038332381164250172 -0.00014203202811636907 -0.00018477872444782408 -0.00010132521750847446 -0.00068685903978702204 0.00058226737240113806 -0.00024155176006024706 -3.3752839831961392e-05 -0.00047131648143043832 7.0693262629598999e-05 0.00020348386352883323 0.0002253154468648559
leaf_weight=51 64 21 28 164 35 21 22 22 201 95 36 38 27 25 33 33 38 23 23 72 25 48 27 27 50 242 21 36 190 22
leaf_count=51 64 21 28 164 35 21 22 22 201 95 36 38 27 25 33 33 38 23 23 72 25 48 27 27 50 242 21 36 190 22
internal_value=1.61265e-12 0.000303707 -1.5412e-05 -0.000157264 2.95327e-06 0.000301851 -8.77645e-06 -1.61186e-05 -8.82764e-06 2.58505e-05 0.000153615 -9.93711e-05 -6.38026e-05 -0.000110886 -2.73546e-05 1.24605e-05 -0.000167728 -0.000398606 -2.21126e-05 4.60209e-06 8.29831e-05 -0.000127724 -0.000312117 0.000294808 1.78505e-05 -7.27793e-05 9.45036e-05 -0.000128995 0.000158337 -9.88979e-05
internal_weight=1760 85 1675 192 1483 56 1427 1405 1383 1000 294 383 345 294 706 550 156 61 490 457 287 170 75 60 95 269 258 57 215 72
internal_count=1760 85 1675 192 1483 56 1427 1405 1383 1000 294 383 345 294 706 550 156 61 490 457 287 170 75 60 95 269 258 57 215 72
is_linear=0
shrinkage=0.05


Tree=172
num_leaves=31
num_cat=0
split_feature=315 252 51 88 168 335 128 298 136 215 291 300 5 199 305 167 287 331 276 335 252 180 101 199 312 273 245 249 146 171
split_gain=0.00324009 0.0304732 0.00339491 0.00200096 0.00190944 0.001721 0.00123176 0.00203433 0.00147714 0.00133699 0.00153189 0.00127809 0.00126867 0.00132183 0.0017744 0.0012761 0.00136916 0.00165696 0.00159525 0.0015287 0.00187651 0.00179597 0.00146327 0.00140656 0.00149255 0.00232074 0.00160721 0.00147882 0.00146413 0.00144753
threshold=0.04971749227683625 0.050102421934002529 0.89587973461402759 0.036550274384652338 -0.018854946183025221 0.013576441913928516 0.03711479954533372 0.026078124562730936 0.024860839546090256 -0.00072824149791172804 -0.014887305224635725 0.011524333084087108 3.9019216517693867 0.048885458127295549 0.010751430838357195 0.040029361154090955 0.033931848707146474 -0.014840965560796325 -0.03775538447154865 0.0055101165771950745 -0.01711554395002407 -0.0038768473232724623 -0.17278872413085566 -0.0026637488488777789 0.0023332155298965147 0.0099765830124996218 0.018716605807882428 0.0019712758275114849 0.0034001101386716762 0.004099937780577166
decision_type=2 2 2 2 2 2 2 2 2 2 2 2 2 2 2 2 2 2 2 2 2 2 2 2 2 2 2 2 2 2
left_child=2 3 6 4 -2 -6 12 8 9 10 -8 -10 13 15 -15 16 18 -18 -1 20 -19 -22 -20 24 28 26 29 -27 -24 -26
right_child=1 -3 -4 -5 5 -7 7 -9 11 -11 -12 -13 -14 14 -16 -17 17 19 22 -21 21 -23 23 -25 25 27 -28 -29 -30 -31
leaf_value=-0.00012273547650982044 0.00012671453863125255 0.0018880503829163703 -0.00062169852772849096 0.00031445063221326565 -0.00063615508763288035 -6.5238135390576315e-05 0.00018048122830172678 -0.00046500388497305628 -0.00059963490057270976 0.00017758739629634491 -0.0003365217596997115 -4.7367932132725731e-05 -0.00036975212457367559 3.958488067956237e-05 -0.00060436277039116254 0.00018734027188971409 0.00012716048467700604 2.9994084170189479e-05 -0.00035808921332188351 3.1406726504263301e-05 -0.00077405892246653306 -0.00024013446585892476 0.00023217020471522746 0.00011883150081210996 -0.00034960824287617984 0.00034083753066747831 -0.00059443050893605688 -0.00012732920953450021 -4.9156284575988332e-05 3.5440529091619495e-05
leaf_weight=148 24 23 23 20 33 22 23 36 20 71 38 22 22 23 20 107 50 26 21 44 28 36 93 504 46 37 25 31 92 52
leaf_count=148 24 23 23 20 33 22 23 36 20 71 38 22 22 23 20 107 50 26 21 44 28 36 93 504 46 37 25 31 92 52
internal_value=-8.4096e-13 0.000248582 -1.85146e-05 -0.000132305 -0.000245408 -0.000407788 -9.9244e-06 -0.000122871 -5.20853e-05 3.00905e-05 -0.000141586 -0.000310352 6.95736e-06 1.29498e-05 -0.000259926 2.17063e-05 7.33254e-06 -0.000118471 2.93992e-05 -0.000210125 -0.000328207 -0.000473726 5.43891e-05 6.42324e-05 -8.95372e-06 -0.000106995 -0.000236584 0.000127409 9.22673e-05 -0.000145297
internal_weight=1760 122 1638 99 79 55 1615 210 174 132 61 42 1405 1383 43 1340 1233 184 1049 134 90 64 901 880 376 191 123 68 185 98
internal_count=1760 122 1638 99 79 55 1615 210 174 132 61 42 1405 1383 43 1340 1233 184 1049 134 90 64 901 880 376 191 123 68 185 98
is_linear=0
shrinkage=0.05


Tree=173
num_leaves=31
num_cat=0
split_feature=51 302 100 112 246 322 106 81 282 139 306 280 332 215 194 334 108 213 185 183 321 133 325 88 211 156 81 243 125 194
split_gain=0.00328835 0.00137435 0.0020145 0.00190211 0.00159961 0.00243765 0.00382563 0.00204377 0.00156688 0.00195824 0.00170408 0.00189932 0.00173737 0.00195214 0.00169874 0.0016947 0.00153276 0.00181073 0.00140955 0.00148402 0.00135849 0.00158183 0.0018502 0.001303 0.00145048 0.00118315 0.00203085 0.001154 0.00113432 0.00112824
threshold=0.89587973461402759 0.006404708058381098 -0.11473453160134182 0.099503553864640201 -0.014009425441905006 -0.01742333436143927 0.031945941582320121 -0.34730357496953385 -0.016052929135858606 0.024267757576681846 0.034418946493357395 -0.020586115403747999 -0.025426779776006599 -0.0042393882329574408 0.027246387975934708 1.0000000180025095e-35 0.034435944892434137 0.15578899290706213 -0.0073965574305481169 0.0044102364483303907 -0.011391247732670412 -0.0086630942587289424 -0.0052324520241097414 -0.1867895803544159 -0.14675696108431155 -0.007325666102563801 -0.36466084572040031 0.0018819313090816573 -0.00031630645407454769 -0.0014854404769406922
decision_type=2 2 2 2 2 2 2 2 2 2 2 2 2 2 2 2 2 2 2 2 2 2 2 2 2 2 2 2 2 2
left_child=1 2 -1 16 5 6 -4 18 14 10 12 -12 13 -10 25 -11 23 29 19 -7 -14 22 27 -3 -25 -6 -27 -22 -9 -18
right_child=-2 3 4 -5 8 7 -8 28 9 15 11 -13 20 -15 -16 -17 17 -19 -20 -21 21 -23 -24 24 -26 26 -28 -29 -30 -31
leaf_value=0.00039684018637571074 0.0005375237480620854 0.00029194970172337733 0.00015269917512613127 -0.00054139006671903188 -1.4489683573475291e-05 0.00050373295806431474 0.00094070328468660598 -4.0952628541677063e-05 -4.6657680286443792e-05 -7.0286615011676024e-05 -0.0006764829158782959 -8.4478061658696134e-05 0.00016849370727743072 0.00052930163458973594 -0.00029775836589396933 -0.00056252421911469558 2.7697134136184076e-05 -0.00062880356919777121 -9.6839857902941909e-06 2.449471827882614e-05 0.00011525140913503352 -2.6488006916736139e-07 -0.00064072081237100077 0.00029872331597289307 -4.8679865417920329e-05 9.2913537087767608e-05 0.00056050599943513848 -0.00037678311729740183 -0.0005492176189103962 -0.00025738808802471013
leaf_weight=36 28 34 67 20 71 35 20 23 28 34 20 42 58 31 25 36 67 20 113 30 26 128 25 32 492 69 35 22 21 72
leaf_count=36 28 34 67 20 71 35 20 23 28 34 20 42 58 31 25 36 67 20 113 30 26 128 25 32 492 69 35 22 21 72
internal_value=-6.65934e-13 -8.68976e-06 2.96427e-05 -6.04412e-05 1.58584e-05 0.000109517 0.00033385 2.16024e-05 -2.86652e-05 -8.04187e-05 -3.56521e-05 -0.000275447 1.11005e-05 0.000255965 8.77801e-05 -0.000323437 -4.70256e-05 -0.000183977 9.70292e-05 0.000282546 -4.46795e-05 -0.000106192 -0.000291928 -8.0019e-06 -2.74644e-05 0.000142857 0.000250276 -0.000110264 -0.000283534 -0.000119973
internal_weight=1760 1732 995 737 959 309 87 222 650 450 380 62 318 59 200 70 717 159 178 65 259 201 73 558 524 175 104 48 44 139
internal_count=1760 1732 995 737 959 309 87 222 650 450 380 62 318 59 200 70 717 159 178 65 259 201 73 558 524 175 104 48 44 139
is_linear=0
shrinkage=0.05


Tree=174
num_leaves=31
num_cat=0
split_feature=141 104 0 202 51 229 7 278 226 126 100 332 150 109 254 284 208 204 133 298 97 230 139 193 213 314 172 252 249 135
split_gain=0.00323872 0.00249619 0.00818698 0.00166236 0.00158533 0.00154684 0.0019141 0.00168619 0.00228197 0.00311221 0.00210423 0.00164783 0.00207826 0.00226673 0.00161383 0.00204618 0.00158493 0.00202617 0.00168983 0.00159561 0.00139098 0.00132156 0.00131518 0.0014563 0.00126344 0.00122052 0.00149191 0.00119337 0.00127046 0.00117783
threshold=0.10121221227309303 0.093001867747932565 5.4359006562387187 -0.0054894475752511902 0.89587973461402759 -0.05124386205376024 0.80571895424836615 0.0035420208055325555 -0.041245463988162277 0.0010599003682413364 0.11575907553736971 -0.02079005659687062 0.025677196461708518 -0.050273776201922464 -0.030226630803836748 -0.048595570488843366 0.017624494451711419 0.0064674650303433489 -0.0076956458709646026 -0.014104502403227972 0.020721598477612835 0.063264231849973485 0.0010385262391131988 -0.013404671950697705 0.11876612468642285 -0.00035774232311881678 0.014976867307452209 0.042911242256598744 0.01961603607597014 -0.037345731343979012
decision_type=2 2 2 2 2 2 2 2 2 2 2 2 2 2 2 2 2 2 2 2 2 2 2 2 2 2 2 2 2 2
left_child=1 4 3 -3 5 11 7 8 9 -7 14 -1 13 -13 -9 -16 19 18 -18 -17 27 29 24 -24 -21 -25 -27 28 -15 -10
right_child=-2 2 -4 -5 -6 6 -8 10 21 -11 -12 12 -14 20 15 16 17 -19 -20 22 -22 -23 23 25 -26 26 -28 -29 -30 -31
leaf_value=0.00010789449938952371 0.00058943559934445864 -0.00034185719159722798 0.0011403560872713569 0.00016438474990718534 -0.00040946993103716526 4.4591967926569821e-05 0.00038645207064291753 0.00010764673215035714 0.00024054165269869071 0.00062478533054433549 -0.00057089657100732442 -0.0007578917884356564 0.00021640217216918248 -8.6614140050018994e-05 -0.00049232133625385667 0.00016269281927889915 -0.00083752869937598012 1.0207161560953994e-05 -0.00020250468620691786 -0.00012954800464891984 -0.00052809568822759993 0.0003061404602602933 -0.00027496686656846696 -5.7046285424943421e-05 -0.00056218723300844437 0.00049880917267728362 -4.3558726273269191e-05 0.00014737848134245725 -0.00051773252454586326 -2.5270512864716509e-05
leaf_weight=54 23 24 20 50 26 59 32 128 45 38 20 21 25 54 30 89 20 35 22 108 26 36 31 52 20 32 21 30 25 564
leaf_count=54 23 24 20 50 26 59 32 128 45 38 20 21 25 54 30 89 20 35 22 108 26 36 31 52 20 32 21 30 25 564
internal_value=-2.73636e-13 -7.80485e-06 0.000242785 1.98174e-07 -2.21417e-05 -1.59138e-05 4.25209e-06 -4.80746e-06 4.57758e-05 0.000271884 -6.6539e-05 -0.000134506 -0.000206825 -0.00027465 -4.9384e-05 -9.30795e-05 -6.52254e-05 -0.000270759 -0.000504897 -2.03923e-05 -0.000199479 1.17719e-05 -8.21142e-05 2.61528e-05 -0.000197148 0.000115055 0.000283909 -0.000121093 -0.000223044 -5.62922e-06
internal_weight=1760 1737 94 74 1643 1617 1382 1350 742 97 608 235 181 156 588 460 430 77 42 353 135 645 264 136 128 105 53 109 79 609
internal_count=1760 1737 94 74 1643 1617 1382 1350 742 97 608 235 181 156 588 460 430 77 42 353 135 645 264 136 128 105 53 109 79 609
is_linear=0
shrinkage=0.05


Tree=175
num_leaves=31
num_cat=0
split_feature=322 19 262 51 194 99 121 225 223 306 324 321 276 319 296 222 294 120 165 92 300 285 149 115 286 249 161 2 109 320
split_gain=0.00318729 0.0023057 0.00628048 0.0053372 0.00133733 0.00227246 0.00172966 0.00189981 0.00672152 0.00155714 0.0016365 0.00163489 0.00158319 0.00148519 0.00160247 0.00146387 0.00139974 0.00156645 0.00151129 0.00184067 0.00150142 0.0013418 0.00125827 0.00122842 0.00117855 0.00129184 0.00177804 0.00149538 0.00137522 0.00409805
threshold=0.074563000707993946 37.125000000000007 -0.0019698137928681517 0.89587973461402759 0.027246387975934708 0.093793943255563547 0.0084344122704237568 0.098878308430939491 -0.010410035153016946 0.0156419456889118 0.023466204120922717 -0.043654193966650566 -0.0091048582002930759 -0.049977823961172702 0.071164832021260546 0.012301763768214942 -0.0047661867823962168 -0.043160727792556502 -0.00051783098541008279 -0.043597176277417014 -0.020725843993469498 -0.037835558903621828 -0.00010039817484050091 -0.011406852540491128 -0.053782641529649407 -0.037405086767022318 -0.0022996636980609775 5.9750738023457926 0.048557424507958254 0.013808957150711813
decision_type=2 2 2 2 2 2 2 2 2 2 2 2 2 2 2 2 2 2 2 2 2 2 2 2 2 2 2 2 2 2
left_child=1 3 -3 4 6 -6 7 9 -9 24 11 -11 -12 -8 16 -13 17 -15 -18 -20 -19 -21 -23 -24 -1 26 -26 28 -27 -30
right_child=-2 2 -4 -5 5 -7 13 8 -10 10 12 15 -14 14 -16 -17 18 20 19 21 -22 22 23 -25 25 27 -28 -29 29 -31
leaf_value=0.00025950964852363079 0.00051096008109501176 0.0010065235462388955 -0.00017201505879011866 -0.00077484467132624406 -7.3192229600946044e-05 -0.00063563094561686745 -0.00038863484985540708 -0.00025774361768170543 0.00092663444239587999 -0.00033234285427446205 0.00070856730551737291 7.4410988873852257e-05 0.00010030307763372548 0.00046581250967194692 -0.00046697350418461228 0.00050594860272805972 2.6011130896557389e-05 0.00026643657026579601 -0.00051414828838980094 0.0002406419469954689 -5.0746553069427826e-05 -2.0922764112691442e-05 -0.00066567848814884205 -0.00016615577849279364 0.00049483145908366338 -4.4830205303195305e-05 -3.0298355595732575e-05 0.00032419281209877229 -0.00080216221730275417 0.00015236826412464409
leaf_weight=39 30 20 26 23 176 20 32 23 25 21 23 135 20 23 21 23 152 50 35 23 147 59 20 32 27 425 40 25 23 22
leaf_count=39 30 20 26 23 176 20 32 23 25 21 23 135 20 23 21 23 152 50 35 23 147 59 20 32 27 425 40 25 23 22
internal_value=1.2664e-13 -8.86058e-06 0.000340393 -1.84008e-05 -7.92622e-06 -0.000130584 8.48396e-06 5.33498e-05 0.00035912 3.55164e-05 0.000148677 8.21402e-05 0.000425654 -5.73042e-05 -3.84384e-05 0.00013723 -2.1804e-05 7.53444e-05 -8.83855e-05 -0.000191275 2.97568e-05 -0.000106942 -0.000178964 -0.00035828 -6.28329e-06 -2.4728e-05 0.000181321 -5.26175e-05 -7.26606e-05 -0.000335503
internal_weight=1760 1730 46 1684 1661 196 1465 871 48 823 222 179 43 594 562 158 541 220 321 169 197 134 111 52 601 562 67 495 470 45
internal_count=1760 1730 46 1684 1661 196 1465 871 48 823 222 179 43 594 562 158 541 220 321 169 197 134 111 52 601 562 67 495 470 45
is_linear=0
shrinkage=0.05


Tree=176
num_leaves=31
num_cat=0
split_feature=51 109 83 106 145 304 294 8 92 227 316 188 128 227 159 269 311 92 229 188 7 219 98 194 207 230 175 164 266 315
split_gain=0.00344643 0.00129978 0.0019726 0.0014239 0.0064407 0.00116613 0.00105946 0.00145833 0.00179373 0.00139482 0.00136375 0.00174313 0.001596 0.00153991 0.00153461 0.00177581 0.00167559 0.00142361 0.00137469 0.0013852 0.00130026 0.00154517 0.0012013 0.00176573 0.0015377 0.00125429 0.00146346 0.00118731 0.00117756 0.00166925
threshold=0.89587973461402759 0.10121054671881639 0.05482330133689458 0.10422843662718799 -0.0050927515928654811 0.090995297923743668 0.0013591285457203132 0.31009615384615391 0.15062515702536364 -0.074458154452822597 0.071660626611555381 0.0056115545425331143 -0.045432499379887359 -0.077035628192340763 -0.0056538608988788196 0.0043112011588748037 0.00072872924386978483 -0.08351707027960488 0.013308071081080047 0.010817233908171662 0.80571895424836615 0.12592217294676808 -0.0034566466000034626 -0.016825948518971946 -0.011268449261946114 0.017059114292845328 0.0059681249394772313 0.024511120612379696 -0.0060759619737747531 0.00066869412758376967
decision_type=2 2 2 2 2 2 2 2 2 2 2 2 2 2 2 2 2 2 2 2 2 2 2 2 2 2 2 2 2 2
left_child=1 3 -3 5 -5 6 7 8 9 -1 11 13 -13 -8 15 28 -17 -14 19 -19 21 22 -11 25 -25 26 -24 -21 -15 -30
right_child=-2 2 -4 4 -6 -7 10 -9 -10 20 -12 12 17 14 -16 16 -18 18 -20 27 -22 -23 23 24 -26 -27 -28 -29 29 -31
leaf_value=0.00031581839874165899 0.00055029181946468139 6.3258441962086811e-05 -0.00054155379776992571 0.00091888935686173774 -0.00015611174869838195 0.00036017148799839479 -0.00041221586871944134 0.00034562744138598006 -0.00041444901792904904 9.0814761901181538e-05 -0.00043570023199406379 -0.0002712669555242456 -0.0002431665156446225 0.00012816469858757215 -3.4010838336888064e-06 -0.00070623604697175326 -0.00017139777360171139 0.00055431117491804927 -1.6531018891761224e-05 7.6951808388163486e-05 0.00032551935540639889 -0.00033414692173691413 5.2374477313605894e-05 -0.00032310741478189204 -4.1459459635728903e-05 -0.00010284688962755077 0.0006499982790999292 0.00050512835034169259 7.5205985558568508e-05 -0.00042088578715592103
leaf_weight=39 28 26 28 22 38 21 37 34 24 276 23 33 27 43 275 27 32 28 84 85 31 34 20 60 252 23 21 20 30 39
leaf_count=39 28 26 28 22 38 21 37 34 24 276 23 33 27 43 275 27 32 28 84 85 31 34 20 60 252 23 21 20 30 39
internal_value=-2.66131e-15 -8.89617e-06 -0.000250348 -1.12597e-06 0.000238055 -9.99549e-06 -1.48631e-05 2.50789e-05 1.11062e-05 2.46159e-05 -5.63863e-05 -4.49071e-05 5.5084e-05 -0.000102252 -7.65374e-05 -0.000194154 -0.000416154 9.92216e-05 0.000141823 0.000241836 8.77646e-06 -5.53699e-06 1.15991e-05 -4.65485e-05 -9.56225e-05 0.000192687 0.000358474 0.000158509 -7.72079e-05 -0.000205194
internal_weight=1760 1732 54 1678 60 1618 1597 814 780 756 783 760 277 483 446 171 59 244 217 133 717 686 652 376 312 64 41 105 112 69
internal_count=1760 1732 54 1678 60 1618 1597 814 780 756 783 760 277 483 446 171 59 244 217 133 717 686 652 376 312 64 41 105 112 69
is_linear=0
shrinkage=0.05


Tree=177
num_leaves=31
num_cat=0
split_feature=225 130 221 274 106 84 121 305 174 280 171 132 277 318 272 226 98 305 99 117 314 166 189 177 330 151 197 258 267 240
split_gain=0.00320105 0.00281384 0.00150405 0.00428647 0.00165422 0.00120479 0.00116121 0.00114667 0.00171137 0.00204835 0.00154145 0.00126129 0.00122035 0.001813 0.00140434 0.00283724 0.00134959 0.00134509 0.00163784 0.0014312 0.00264126 0.00150115 0.00154349 0.00138537 0.0010842 0.00108369 0.00126234 0.0013489 0.00129428 0.00118387
threshold=0.15205142098972116 0.10450407560464715 0.1248335882401954 0.026005808869965719 0.13336549233235348 0.12116506189518662 -0.0016125653800308376 -0.054102059871535789 -0.0093264068601522834 -0.030351708082262983 -0.077940868978481501 0.087337614020363247 -0.056922755509237352 -0.024121439281656564 -0.034105253638716887 -0.041245463988162277 -0.011537697906102902 -0.043816328415013664 0.1319583667499519 -0.029210318503056189 -0.019186704399285531 -0.019517799051883885 -0.014744885563964928 -0.0058594139693258157 -0.01045854775603702 -0.013674726361434795 0.006228927870472991 0.039616755357357494 0.026832727174156044 0.0015764387628200325
decision_type=2 2 2 2 2 2 2 2 2 2 2 2 2 2 2 2 2 2 2 2 2 2 2 2 2 2 2 2 2 2
left_child=1 2 4 5 7 6 -4 8 -1 -10 -9 12 13 -12 15 -14 -15 -16 19 20 -19 -22 -23 -24 -25 -21 -27 28 -28 -30
right_child=-2 -3 3 -5 -6 -7 -8 10 9 -11 11 -13 14 16 17 -17 -18 18 -20 25 21 22 23 24 -26 26 27 -29 29 -31
leaf_value=8.4156404237647735e-05 0.00057349462367710662 0.00055394499392026446 -0.00037698074738727887 -0.00063384739500966017 0.00041954462003954889 0.00024931209573537673 4.7395843057529423e-05 0.00043891353154322131 2.1131132199938986e-05 -0.00061438364091372934 -0.00055656984271384622 0.00032924953602559982 0.00053746884660150899 -0.00040068702091091498 0.00032514050794166645 3.4863796171085713e-05 6.932969393216939e-05 -0.00058161007120737668 -0.00043431232021854771 0.00011158712653588591 -0.00043494994922935887 0.00039589146894979338 -0.00037581188784575458 0.00029859188944101337 -8.9972240056309166e-05 2.7932956433237069e-05 -1.07691321816071e-05 -0.0004776422053945008 -0.00059912429132964469 -8.7442979202023713e-05
leaf_weight=36 24 22 27 37 23 32 40 20 21 32 24 28 35 21 28 142 56 29 24 201 23 21 28 26 58 464 169 23 20 26
leaf_count=36 24 22 27 37 23 32 40 20 21 32 24 28 35 21 28 142 56 29 24 201 23 21 28 26 58 464 169 23 20 26
internal_value=-4.94756e-13 -7.9285e-06 -1.51404e-05 -0.000174684 -1.39014e-06 -3.07737e-06 -0.000123622 -7.61619e-06 -0.000181875 -0.000362576 2.96297e-06 -3.06677e-06 -9.62873e-06 -0.000177125 3.21648e-06 0.000134249 -5.88567e-05 -1.7128e-05 -2.57463e-05 -1.67338e-05 -0.00014343 -6.19735e-05 2.52622e-06 -7.12298e-05 3.02976e-05 9.22275e-06 -2.00867e-05 -0.000113705 -7.4772e-05 -0.000309913
internal_weight=1760 1736 1714 136 1578 99 67 1555 89 53 1466 1446 1418 101 1317 177 77 1140 1112 1088 185 156 133 112 84 903 702 238 215 46
internal_count=1760 1736 1714 136 1578 99 67 1555 89 53 1466 1446 1418 101 1317 177 77 1140 1112 1088 185 156 133 112 84 903 702 238 215 46
is_linear=0
shrinkage=0.05


Tree=178
num_leaves=31
num_cat=0
split_feature=305 104 275 220 303 307 97 191 211 268 296 229 7 250 331 199 207 254 297 110 216 260 300 96 309 179 132 104 297 292
split_gain=0.00316835 0.00218436 0.00783568 0.00175572 0.00147589 0.0037452 0.00159975 0.00126281 0.0015893 0.00108714 0.00143745 0.00105451 0.00204446 0.0017008 0.00195236 0.00117965 0.00123954 0.0012044 0.00135504 0.00160482 0.001349 0.0012355 0.0013544 0.00113676 0.00156832 0.00149542 0.00139927 0.0014458 0.00242054 0.00144445
threshold=0.086039783199755263 0.093001867747932565 -0.02885836460020311 0.21498973104918664 0.055717953508154665 -0.022566068471280513 0.2027640246683852 -0.011030555526760395 -0.0095246011548605226 0.0034397316963314622 0.019917829398157349 -0.05124386205376024 0.81229137055837575 0.035626463582837477 -0.012603091385774487 0.00066357804839576641 -0.044131116025460486 0.036625961587972759 0.0023163389558743907 -0.042741045416721184 0.029536450274566011 -0.0023363731744973928 -0.00048140991122584876 -0.0091494037223750022 -0.031314113752647116 0.00016429207889358434 -0.065281043896161364 0.027352626574926733 0.0046168253153943484 -0.0049797176392428573
decision_type=2 2 2 2 2 2 2 2 2 2 2 2 2 2 2 2 2 2 2 2 2 2 2 2 2 2 2 2 2 2
left_child=1 3 -3 4 6 -6 11 -7 -9 -4 -11 13 15 -1 -15 16 -13 18 19 -18 -19 -20 -23 -17 25 -25 -26 29 -29 -28
right_child=-2 2 9 -5 5 7 -8 8 -10 10 -12 12 -14 14 -16 23 17 20 21 -21 -22 22 -24 24 26 -27 27 28 -30 -31
leaf_value=-3.1628814886862987e-05 0.00057055718765089598 0.0010776340782675626 -0.00025541519180165024 -0.00045516226800037141 0.00076412251967537619 -0.00028958685143152255 -0.00044136122653625262 0.00047504488854676979 -7.0356435668038431e-05 0.0003899188889190555 -0.00017878629791084679 0.00030406595001493218 0.00048580850180726318 -0.00073143767727915912 -0.00014960448708101784 -4.6781554048518759e-05 0.00016796997138457796 -0.00033401203261321341 -5.6200142548975401e-05 -0.00015920097006620192 5.661460201090743e-05 -1.1501591318476671e-05 0.00033504322094258745 0.00067919932494294789 -0.00033862323284016124 0.00011662379881643036 0.00019277143670829485 0.00070548031539858689 4.133988143568037e-05 -7.0132304533236748e-05
leaf_weight=159 24 21 29 23 21 24 23 22 34 25 20 23 21 21 46 225 44 77 131 253 31 54 59 21 21 27 83 23 34 141
leaf_count=159 24 21 29 23 21 24 23 22 34 25 20 23 21 21 46 225 44 77 131 253 31 54 59 21 21 27 83 23 34 141
internal_value=8.51747e-14 -7.88789e-06 0.000225216 -2.13826e-05 -1.52164e-05 0.000169855 -2.75382e-05 1.38598e-05 0.000143908 -1.66864e-05 0.000137161 -2.11675e-05 -3.43315e-06 -0.000120668 -0.00033197 -1.16722e-05 -5.66567e-05 -6.94404e-05 -3.90072e-05 -0.000110731 -0.000221888 4.82961e-05 0.000169438 4.0901e-05 9.72683e-05 0.000362751 5.50725e-05 8.44946e-05 0.000309326 2.72829e-05
internal_weight=1760 1736 95 1641 1618 101 1517 80 56 74 45 1494 1268 226 67 1247 672 649 541 297 108 244 113 575 350 48 302 281 57 224
internal_count=1760 1736 95 1641 1618 101 1517 80 56 74 45 1494 1268 226 67 1247 672 649 541 297 108 244 113 575 350 48 302 281 57 224
is_linear=0
shrinkage=0.05


Tree=179
num_leaves=31
num_cat=0
split_feature=51 330 276 89 135 199 145 185 286 211 318 10 200 4 315 336 281 280 167 11 224 106 177 157 151 100 125 0 8 214
split_gain=0.00321052 0.00124309 0.00270821 0.00114286 0.00196744 0.00126651 0.00158118 0.00147911 0.00243191 0.00539067 0.0014355 0.00145516 0.00141889 0.0019244 0.00157884 0.00130277 0.00171025 0.00128491 0.00118668 0.00146521 0.00118611 0.00116799 0.00114009 0.00108126 0.00130709 0.00165312 0.00128207 0.00115293 0.00229688 0.00118045
threshold=0.89587973461402759 0.058734888332247513 -0.026385363373963456 -0.16524420371482582 -0.031863079557284735 -0.010812262857192506 -0.0032224547629638354 -0.0082069023422007333 0.026956694320128236 -0.01624292877268187 0.023220531585453823 0.037210107303565255 -0.0034670757863509431 1.2424533248940004 0.013121728060774794 -0.01116975960001922 -0.0030717167314930744 -0.0089799654764972491 0.067696151693898435 4.2888389963892246 -0.033129595636924143 -0.043596036307487089 0.00038289350032850246 -0.024050727343035174 0.020168842122118436 0.009008270200055889 0.019401988694130071 3.9607678160667752 0.19669913419913423 0.10706520423412867
decision_type=2 2 2 2 2 2 2 2 2 2 2 2 2 2 2 2 2 2 2 2 2 2 2 2 2 2 2 2 2 2
left_child=1 3 -3 4 -1 6 12 8 15 -10 21 -12 14 -14 -5 17 -17 -7 19 23 -18 -8 -19 -9 27 -26 -27 -25 29 -29
right_child=-2 2 -4 5 -6 7 10 18 9 -11 11 -13 13 -15 -16 16 20 22 -20 -21 -22 -23 -24 24 25 26 -28 28 -30 -31
leaf_value=-0.00058735869065655968 0.0005311244766094855 0.0006566476949294818 2.5425075860270723e-07 0.00028121354650647846 -6.0357279828356509e-05 0.00017391788070589037 0.00032167019226887663 0.00012804097767631529 0.0010174968945317563 3.4020898410266167e-05 -2.9680042666079705e-05 -0.00057017522907699459 -0.00015333801452000224 -0.00061872673824028531 -0.00026099589349228312 0.00029940930359701341 -0.00029364845710612523 2.081813413653812e-06 -0.00039830366575188241 0.00039402778784278783 8.4693293663374878e-05 -3.6314896887132721e-07 -0.00041917457969652285 -0.00029754597853752789 2.9776703108243809e-07 -0.00020466343286961063 -0.00072503024566685783 -3.8183037606218245e-07 0.00037753916545434074 -0.00025613594742026182
leaf_weight=23 28 22 55 25 77 28 35 107 22 38 33 20 58 36 29 78 27 29 20 22 89 144 36 34 46 29 20 462 38 50
leaf_count=23 28 22 55 25 77 28 35 107 22 38 33 20 58 36 29 78 27 29 20 22 89 144 36 34 46 29 20 462 38 50
internal_value=-1.28068e-12 -8.58631e-06 0.000187795 -1.77231e-05 -0.000181568 -7.18647e-06 -8.65345e-05 1.8475e-05 0.000105132 0.000394629 -5.07234e-06 -0.00023364 -0.000214232 -0.000331572 -9.973e-06 4.46094e-05 0.000118367 -0.00010925 -1.78412e-05 -8.4238e-06 -3.36901e-06 6.26043e-05 -0.000231229 -1.96883e-05 -4.29682e-05 -0.00021497 -0.000417058 -1.49885e-05 2.4787e-06 -2.53578e-05
internal_weight=1760 1732 77 1655 100 1555 380 1175 347 60 232 53 148 94 54 287 194 93 828 808 116 179 65 786 679 95 49 584 550 512
internal_count=1760 1732 77 1655 100 1555 380 1175 347 60 232 53 148 94 54 287 194 93 828 808 116 179 65 786 679 95 49 584 550 512
is_linear=0
shrinkage=0.05


Tree=180
num_leaves=31
num_cat=0
split_feature=299 130 51 5 81 260 158 321 97 88 327 83 315 217 19 106 106 228 11 195 302 303 191 333 215 224 152 214 159 176
split_gain=0.0031075 0.00237039 0.00157516 0.00108832 0.00120107 0.00221791 0.00285372 0.00144349 0.00124761 0.00109152 0.000942352 0.00178717 0.000967069 0.0013795 0.00136715 0.00163116 0.00230452 0.00144198 0.00135682 0.00142979 0.00129337 0.00127527 0.00125336 0.00110312 0.00108556 0.0010553 0.00131614 0.00173122 0.00187203 0.00124297
threshold=-0.096082389719443287 0.10450407560464715 0.89587973461402759 4.1806204448211766 -0.50853409005428885 -0.012949419487367416 -0.022364233838952374 0.0034870884662424879 -0.11653215119266726 0.071501847387092657 0.039817868029453009 0.018707384265826976 0.041051680378618137 0.020171528502503883 9.4642857142857171 -0.043596036307487089 -0.063676697832559678 0.10059566073568822 2.5016778523489935 0.0011666717658358288 0.073458396310823765 -0.042678381608356804 0.013407958541317619 0.0093167190044182308 -0.033914498888184035 -0.077203108136684059 -0.0045066963885711372 0.09719698472287501 -0.0030727311683946758 -0.014427187261487248
decision_type=2 2 2 2 2 2 2 2 2 2 2 2 2 2 2 2 2 2 2 2 2 2 2 2 2 2 2 2 2 2
left_child=-1 2 3 4 5 9 -7 -8 -6 -2 12 -12 14 22 18 16 -16 20 19 -10 25 -20 -14 -15 -23 -17 -27 29 -29 -28
right_child=1 -3 -4 -5 8 6 7 -9 10 -11 11 -13 13 23 15 17 -18 -19 21 -21 -22 24 -24 -25 -26 26 27 28 -30 -31
leaf_value=0.00060458757049803224 2.8419076808007803e-05 0.00049692463280734953 -0.00040027502019746372 -0.00037476366313057954 -0.00036597442155233208 0.00067942898241744843 -1.9202881447904938e-05 0.00026904978823581179 -2.8989868670495612e-05 -0.00034039765018470852 -4.9714014532862793e-05 -0.00050626516954421449 0.0001114889389043583 -0.00013701310901312574 4.8210604967179651e-05 -0.00029236897726150348 0.00047600301952297744 0.00042297748607649866 0.00030111312072012182 -0.00058166957594221465 0.00035405074106529356 -0.00032062351751468066 -0.00028959210015143199 -0.00061284865868011754 -2.2482846115374954e-05 9.1266587240857182e-05 -0.00021001115796631591 -0.0007029174581111875 -0.00010250793231928067 4.8450010347546752e-05
leaf_weight=21 47 23 26 20 26 25 98 78 22 35 104 27 64 29 85 32 50 21 26 25 25 36 28 21 201 241 60 20 37 207
leaf_count=21 47 23 26 20 26 25 98 78 22 35 104 27 64 29 85 32 50 21 26 25 25 36 28 21 201 241 60 20 37 207
internal_value=-9.93565e-14 -7.30094e-06 -1.40592e-05 -8.11743e-06 -3.72646e-06 9.01467e-05 0.000179551 0.000108545 -2.28801e-05 -0.000129003 -1.63258e-05 -0.000143812 -2.74791e-06 -0.000125468 1.32689e-05 4.86486e-05 0.000206652 1.54752e-05 -7.55228e-05 -0.000322968 1.71712e-06 -3.13025e-05 -1.05792e-05 -0.000336864 -6.777e-05 -1.30372e-05 2.78334e-06 -6.30329e-05 -0.000313178 -9.63115e-06
internal_weight=1760 1739 1716 1690 1670 283 201 176 1387 82 1361 131 1230 142 1088 778 135 643 310 47 622 263 92 50 237 597 565 324 57 267
internal_count=1760 1739 1716 1690 1670 283 201 176 1387 82 1361 131 1230 142 1088 778 135 643 310 47 622 263 92 50 237 597 565 324 57 267
is_linear=0
shrinkage=0.05


Tree=181
num_leaves=31
num_cat=0
split_feature=96 97 130 245 2 250 9 160 165 274 313 286 5 168 335 165 287 332 312 134 329 162 309 273 311 171 327 171 313 277
split_gain=0.00309985 0.00277735 0.00185153 0.00109091 0.00184651 0.0014613 0.00131776 0.00331337 0.00187955 0.00144475 0.00151616 0.00156356 0.00139676 0.00125733 0.00156897 0.00172302 0.00146397 0.00142137 0.00170071 0.00138667 0.00145808 0.00127592 0.00143703 0.00151256 0.00144678 0.00132453 0.00129807 0.0011904 0.00132221 0.00126082
threshold=0.10630283631224409 0.19769325664880663 0.10450407560464715 0.020486909975056911 0.89587973461402759 0.010044482516322445 0.061089514331622873 0.012617571883350274 -0.024506807528819018 -0.034350186338010506 0.017195729898416934 -0.020594839939812738 3.5408542930527882 0.009888414380924743 0.0059317800216481019 -0.011487897155680661 0.025689548425132856 -0.019280999251172038 0.011958343676837629 0.010179522103451554 -0.0050419410785295885 -0.0025514373079089394 -0.025536082447811661 -0.029828582570716577 0.0043914864113672883 -0.00039830068097993241 0.011392694031542737 0.022308140345050131 -0.021760072471604681 -0.0590781693279996
decision_type=2 2 2 2 2 2 2 2 2 2 2 2 2 2 2 2 2 2 2 2 2 2 2 2 2 2 2 2 2 2
left_child=1 2 3 6 5 -5 8 -8 9 -1 11 -11 13 17 16 -16 -15 18 19 20 -10 -19 -23 -24 26 -26 -25 29 -29 -6
right_child=-2 -3 -4 4 27 -7 7 -9 12 10 -12 -13 -14 14 15 -17 -18 21 -20 -21 -22 22 23 24 25 -27 -28 28 -30 -31
leaf_value=0.00013665059069513946 0.00056435641939363756 -0.00057932410913746847 0.00043527904799702812 -0.00011024081202618698 -0.00045776845127831967 -0.00069461993640288714 -4.5482771482155031e-05 0.00071873304452468726 0.00021860600304703608 -0.0007167555224441458 0.00010081081081470646 -0.00022121640894021347 -0.0003518528360908259 -6.3694051434919993e-05 0.00042981385155018933 -3.8391917715095567e-06 -0.00041733065551447044 -4.9721758213544732e-05 3.4169575519626965e-06 0.00010508884683866584 0.00071405394771841902 0.00041290777968242768 -0.00023870084243004814 0.00014703316134998475 -0.00020534030122786485 0.00018352638426000429 0.00055772592224037415 0.00042809645942179487 8.2213031516099972e-06 -5.8525095719393897e-05
leaf_weight=34 24 21 24 23 21 20 37 23 27 20 27 78 23 140 29 109 37 216 60 38 33 35 34 74 47 41 26 25 75 339
leaf_count=34 24 21 24 23 21 20 37 23 27 20 27 78 23 140 29 109 37 216 60 38 33 35 34 74 47 41 26 25 75 339
internal_value=-3.35389e-13 -7.80216e-06 -8.03935e-07 -6.99317e-06 -6.87119e-05 -0.000382045 1.91386e-05 0.000247467 6.99347e-06 -0.000152339 -0.000230945 -0.000322347 3.31379e-05 4.24981e-05 -3.90866e-05 8.72908e-05 -0.000137618 8.32258e-05 0.000213067 0.000341424 0.000491102 3.9854e-05 0.00011514 6.81941e-05 0.000123696 -2.41638e-05 0.000253813 -3.9422e-05 0.00011319 -8.18143e-05
internal_weight=1760 1736 1715 1691 503 43 1188 60 1128 159 125 98 969 946 315 138 177 631 158 98 60 473 257 222 188 88 100 460 100 360
internal_count=1760 1736 1715 1691 503 43 1188 60 1128 159 125 98 969 946 315 138 177 631 158 98 60 473 257 222 188 88 100 460 100 360
is_linear=0
shrinkage=0.05


Tree=182
num_leaves=31
num_cat=0
split_feature=225 130 51 97 8 0 283 130 5 179 309 185 275 137 194 307 129 270 156 265 268 213 137 183 103 158 193 158 176 153
split_gain=0.00304192 0.00216275 0.00142093 0.000997019 0.00107012 0.00104895 0.00101444 0.00113768 0.00145406 0.0013548 0.0022249 0.00128938 0.00240671 0.00157787 0.00156501 0.00145154 0.00179768 0.00145884 0.00140154 0.00132263 0.00125579 0.0012995 0.0012055 0.00120681 0.00110873 0.00128303 0.00129893 0.00128079 0.00108165 0.00103291
threshold=0.15205142098972116 0.10450407560464715 0.89587973461402759 -0.11653215119266726 0.47722567287784684 3.5408542930527882 -0.081553704440312999 0.0040127106378180935 3.7250397849037498 -0.014859383602747444 -0.061624210255375768 0.0055320157018399268 0.060555839574208077 -0.033418046769323216 0.00053574613154379867 0.026256121400221797 -0.008999993182687514 0.0051994363775194211 0.013171768919677569 -0.023114140528371092 -0.0035828027220551383 0.088766719377985109 -0.0024550801880452527 -0.0012512492116349837 -0.011335736227846799 -0.011276262496869603 0.0094726061220172901 0.021323903964225305 -0.020993633546221063 0.0033671668509662775
decision_type=2 2 2 2 2 2 2 2 2 2 2 2 2 2 2 2 2 2 2 2 2 2 2 2 2 2 2 2 2 2
left_child=1 2 3 -1 5 -5 -7 8 11 20 -11 13 18 14 -8 -15 -17 -18 22 -20 -9 -22 -13 -24 27 -26 29 28 -12 -27
right_child=-2 -3 -4 4 -6 6 7 9 -10 10 24 12 -14 15 -16 16 17 -19 19 -21 21 -23 23 -25 25 26 -28 -29 -30 -31
leaf_value=-0.00028064521258894465 0.00055905764456838376 0.00048486909231128678 -0.00038824466732330625 -0.00033565470372802036 0.00036043284839252013 -0.00025130371574960008 0.00068232975040287283 -2.3475136287404811e-05 -0.00037879651345974709 -0.00048405032417260529 -0.0004209161831531674 -0.00019243339877073517 -0.00049161629688639487 3.3740121461436922e-05 0.00010410501953447239 -3.1061422214406774e-05 0.00068938992647287834 0.00015196812822503727 0.0004124608072642231 1.6728096958358102e-06 -0.00019122157466611229 -0.00064546718407655136 0.00024981516169241837 -0.00010881646417054035 0.00026258928718095233 -0.00019524854101227521 0.00022293689043116112 0.000182015407505484 -6.9070160597972598e-05 7.9516393055779522e-05
leaf_weight=33 24 22 25 24 20 40 22 86 20 23 25 91 26 417 25 32 28 23 36 43 74 20 45 49 76 71 56 45 173 66
leaf_count=33 24 22 25 24 20 40 22 86 20 23 25 91 26 417 25 32 28 23 36 43 74 20 45 49 76 71 56 45 173 66
internal_value=6.94368e-13 -7.72891e-06 -1.40516e-05 -8.51296e-06 -3.09003e-06 -7.53408e-06 -2.64891e-06 3.67819e-06 4.25304e-05 -4.28901e-05 -2.96789e-06 5.25979e-05 -3.2632e-05 9.77838e-05 0.000374763 7.17477e-05 0.000262701 0.000447023 1.2571e-05 0.000188867 -0.000161548 -0.00028787 -6.27122e-05 6.28689e-05 1.86432e-05 8.8575e-05 2.00513e-05 -5.8771e-05 -0.000113495 -6.288e-05
internal_weight=1760 1736 1714 1689 1656 1636 1612 1572 857 715 535 837 290 547 47 500 83 51 264 79 180 94 185 94 512 269 193 243 198 137
internal_count=1760 1736 1714 1689 1656 1636 1612 1572 857 715 535 837 290 547 47 500 83 51 264 79 180 94 185 94 512 269 193 243 198 137
is_linear=0
shrinkage=0.05


Tree=183
num_leaves=31
num_cat=0
split_feature=51 302 100 112 196 108 213 88 211 114 246 83 155 292 278 281 173 282 165 123 239 93 203 297 237 153 6 116 279 310
split_gain=0.00319386 0.00118012 0.00163803 0.00161382 0.00127708 0.00121167 0.00148545 0.00119903 0.00114764 0.00110803 0.00147999 0.00199614 0.00405118 0.00123345 0.00147046 0.00112251 0.00156224 0.00136384 0.00114568 0.00116291 0.0011857 0.00124569 0.00102735 0.000959478 0.00112639 0.00122816 0.00147929 0.00118562 0.00145519 0.00122259
threshold=0.89587973461402759 0.0062192429428931757 -0.11473453160134182 0.099503553864640201 -0.066680157549684829 0.034144619585321188 0.15578899290706213 -0.1867895803544159 -0.14675696108431155 0.062236772412171099 -0.016849019038058802 0.22737468193700647 -0.0010905408189602866 -0.011127897995031394 -0.039103908076540274 -0.016299548569485747 0.0096266557560162648 0.025760119883442425 -0.033768870594158777 -0.051010415430744978 -0.035151160600420138 0.067319495278565969 0.00220010275655016 0.059879319122235229 0.06319582645558533 0.0033671668509662775 0.65466836047920329 0.0019368896038745246 0.0081646457034511861 0.010349537784422616
decision_type=2 2 2 2 2 2 2 2 2 2 2 2 2 2 2 2 2 2 2 2 2 2 2 2 2 2 2 2 2 2
left_child=1 2 -1 5 -4 7 -7 -3 -9 10 11 13 -13 -6 -15 16 17 -12 -17 -20 22 -22 -21 24 25 -10 27 29 -29 -27
right_child=-2 3 4 -5 9 6 -8 8 23 -11 15 12 -14 14 -16 18 -18 -19 19 20 21 -23 -24 -25 -26 26 -28 28 -30 -31
leaf_value=0.00035832064843109243 0.00052974441683285736 0.00027937180027091767 -0.00038059316790167941 -0.00049918781143787783 -9.7495041841789826e-05 -0.00010690347389017178 -0.00056600449817779009 0.00026798193655615195 -0.00014091293579897272 -0.00023093208615247889 0.00029478094472730671 0.00097231874533463278 5.3626033623004342e-05 0.00051410753609767805 7.8710906106634599e-05 -0.00032632816383899329 -0.00010148121843940318 -0.00010276639087740997 0.00021867405422116545 -0.0005074053785647266 1.3489293111748009e-05 -0.00029788892906152699 -3.3024113093103683e-05 -0.00036841471942766063 0.00020162649746820768 0.0002036721003879729 0.00039057116134790708 -1.8243780729020588e-05 -0.00048244201298803093 -0.00015932427473564853
leaf_weight=36 28 34 20 20 72 148 20 31 213 41 94 20 30 24 101 34 64 28 44 25 298 36 21 22 47 73 25 52 25 34
leaf_count=36 28 34 20 20 72 148 20 31 213 41 94 20 30 24 101 34 64 28 44 25 298 36 21 22 47 73 25 52 25 34
internal_value=2.32128e-13 -8.564e-06 2.72512e-05 -5.6125e-05 1.47318e-05 -4.38857e-05 -0.000161558 -8.32997e-06 -2.70692e-05 2.32151e-05 3.49099e-05 0.000138963 0.000421103 6.7354e-05 0.000162307 -4.99873e-06 9.85868e-05 0.000203541 -4.70662e-05 -2.46726e-05 -5.28496e-05 -2.00724e-05 -0.00029084 -4.56976e-05 -3.05595e-05 -5.64191e-05 2.96918e-05 -1.93407e-05 -0.000168957 8.83275e-05
internal_weight=1760 1732 988 744 952 724 168 556 522 932 891 247 50 197 125 644 186 122 458 424 380 334 46 491 469 422 209 184 77 107
internal_count=1760 1732 988 744 952 724 168 556 522 932 891 247 50 197 125 644 186 122 458 424 380 334 46 491 469 422 209 184 77 107
is_linear=0
shrinkage=0.05


Tree=184
num_leaves=31
num_cat=0
split_feature=141 19 295 51 330 118 270 118 336 158 81 140 217 254 232 1 312 310 141 95 5 284 140 258 114 283 194 128 181 288
split_gain=0.00305795 0.00213336 0.00575983 0.00520879 0.00110705 0.00275631 0.00109339 0.00211502 0.00157414 0.00131648 0.00234797 0.00223824 0.00141066 0.00123689 0.00120719 0.0013962 0.00116064 0.00144442 0.00164908 0.00128816 0.00115029 0.00140647 0.00125836 0.00180779 0.00113522 0.00175125 0.00151393 0.00114042 0.00106192 0.00114859
threshold=0.10121221227309303 37.125000000000007 -0.010028415353348539 0.89587973461402759 0.058734888332247513 0.017720225008372805 0.025421116300263658 -0.044849145004756182 0.055164538231988407 -0.013384168476764982 -0.51023367092153304 -0.0080226012487791456 0.059560192043313122 -0.010126381045279494 0.024976231203741577 4.863673427408628 0.031357267860463417 0.014955388702673223 0.0038829789094425465 0.017529217387726496 3.0201273556387074 -0.018573299953428362 0.0029371763303091699 0.0047104403484255581 0.00063116428429046219 0.0047029158941934756 0.0019507831932264834 0.018182833291949776 -0.011083095496280485 -0.0096413368576972851
decision_type=2 2 2 2 2 2 2 2 2 2 2 2 2 2 2 2 2 2 2 2 2 2 2 2 2 2 2 2 2 2
left_child=1 3 -3 4 6 -6 9 -8 16 10 11 -1 13 14 15 -11 17 28 19 -19 21 22 -15 -24 25 -12 -27 -26 -9 -30
right_child=-2 2 -4 -5 5 -7 7 8 -10 12 24 -13 -14 20 -16 -17 -18 18 -20 -21 -22 -23 23 -25 27 26 -28 -29 29 -31
leaf_value=0.00082366476926836189 0.0005727494503093033 -0.00031843078206293283 0.00080107613337329707 -0.0007641317441796318 -1.5702693119899115e-06 0.00068386752562219052 -0.00048572927385506662 0.00011601613301276562 -0.00046353232544127181 4.2964126297187058e-06 7.4397952510694531e-05 0.00010043137413247126 0.00015860498862550347 -8.3844092711160559e-05 -0.00025940792069816562 0.00027885072308261166 -0.00030247092877021611 0.00015315571202479891 -0.00013364216313769658 0.00064111074898391966 -0.00038022002754587451 -2.6444006205965615e-05 -0.00015767475991500154 -0.00078485999139957143 7.9809298963214937e-05 -6.8290948790187636e-05 -0.00062181738342457853 0.00047569753258444722 -6.6844459676455402e-06 -0.00029154217955326217
leaf_weight=20 23 20 27 23 55 20 31 56 22 161 85 23 94 64 29 65 34 38 29 21 32 391 27 20 136 30 21 21 75 67
leaf_count=20 23 20 27 23 55 20 31 56 22 161 85 23 94 64 29 65 34 38 29 21 32 391 27 20 136 30 21 21 75 67
internal_value=3.29175e-14 -7.5839e-06 0.00032469 -1.68247e-05 -6.51389e-06 0.000181213 -1.53578e-05 -9.02667e-05 -5.44206e-05 7.56344e-06 9.17972e-05 0.000436819 -2.44893e-05 -4.63028e-05 4.42909e-05 8.32611e-05 -2.62942e-05 6.53799e-06 0.000175087 0.000326835 -8.95638e-05 -7.10359e-05 -0.000228112 -0.000424562 4.11626e-05 -6.45814e-05 -0.000296214 0.000132763 -6.83725e-05 -0.000141089
internal_weight=1760 1737 47 1690 1667 75 1592 373 342 1219 336 43 883 789 255 226 320 286 88 59 534 502 111 47 293 136 51 157 198 142
internal_count=1760 1737 47 1690 1667 75 1592 373 342 1219 336 43 883 789 255 226 320 286 88 59 534 502 111 47 293 136 51 157 198 142
is_linear=0
shrinkage=0.05


Tree=185
num_leaves=31
num_cat=0
split_feature=51 302 56 248 302 324 321 181 189 323 129 196 311 132 216 322 216 114 297 196 61 332 119 210 281 327 11 126 148 285
split_gain=0.00317161 0.00104616 0.00149996 0.00446156 0.00147817 0.00280127 0.00227024 0.00177126 0.00126288 0.00125901 0.00117762 0.00114512 0.000981421 0.00213246 0.00127636 0.00113315 0.00102875 0.00108863 0.00108066 0.00162032 0.00166835 0.00148658 0.00143762 0.00140408 0.00134143 0.001124 0.0011001 0.00118209 0.00106085 0.000978491
threshold=0.89587973461402759 0.0062192429428931757 1.0000000180025095e-35 0.0019807232268849815 0.010258444054409099 -0.026219481882610387 0.012238505571557014 0.00013431583878973095 -0.039162126300881596 -0.0027680680219875995 0.047109303324938658 -0.066680157549684829 -0.034367575993130943 -0.0044983927485690483 0.010030935678175095 -0.012961054041342301 0.13003124791671669 0.062236772412171099 0.0010149636797246234 0.002965914275838252 2.8029010331479989 -0.023960905442561516 0.0070330058494907869 0.0079019957360120813 0.0059031460284416403 0.024013592680775683 2.3352059925093638 0.00075080094012950542 0.0067314544659570286 -0.00062771281768874527
decision_type=2 2 2 2 2 2 2 2 2 2 2 2 2 2 2 2 2 2 2 2 2 2 2 2 2 2 2 2 2 2
left_child=1 2 11 -4 5 -3 7 9 -6 -7 -10 -1 13 15 -15 -13 17 18 21 20 24 22 -14 -21 28 -26 27 29 -20 -23
right_child=-2 4 3 -5 8 6 -8 -9 10 -11 -12 12 16 14 -16 -17 -18 -19 19 23 -22 26 -24 -25 25 -27 -28 -29 -30 -31
leaf_value=-0.00036360831624733693 0.00052789640841573214 -0.00075776246339955835 0.000872394149482716 -7.9579571536214655e-05 -0.00026255020034024679 -0.00017729445062286686 0.00035162997145172479 5.5415521907481646e-05 2.186743853632478e-05 -0.00073832305322866891 -0.00020545040066366482 0.00022584268183643212 6.3493612176943129e-07 0.00020018091302115992 0.00068366063287612639 -0.00022293916429192998 -0.00023112500307236235 -0.00025972320639474288 0.00012954479204128175 6.23670065618606e-05 0.00061701513328443985 -0.00035157639120370738 0.00048788353448496013 -0.00026706829617574433 9.5770968164288214e-05 -0.00033316815454219025 -2.510380565812303e-05 -0.00048425501585546544 0.00046889187714613571 0.00010984780809074572
leaf_weight=20 28 20 20 32 51 20 21 29 519 20 64 22 41 43 20 39 46 35 61 115 20 20 24 45 56 21 213 31 37 27
leaf_count=20 28 20 20 32 51 20 21 29 519 20 64 22 41 43 20 39 46 35 61 115 20 20 24 45 56 21 213 31 37 27
internal_value=-9.81582e-14 -8.53412e-06 2.51872e-05 0.000286564 -5.33145e-05 -0.000222512 -0.000103567 -0.000242106 -2.39585e-05 -0.000457809 -3.08684e-06 1.06662e-05 1.88381e-05 0.000149636 0.000353667 -6.10834e-05 -1.64036e-06 1.25102e-05 2.59112e-05 8.76403e-05 0.000184401 -3.56444e-05 0.000180542 -3.02867e-05 0.000134959 -2.12124e-05 -8.39335e-05 -0.000244584 0.000257666 -8.65029e-05
internal_weight=1760 1732 988 52 744 110 90 69 634 40 583 936 916 124 63 61 792 746 711 355 195 356 65 160 175 77 291 78 98 47
internal_count=1760 1732 988 52 744 110 90 69 634 40 583 936 916 124 63 61 792 746 711 355 195 356 65 160 175 77 291 78 98 47
is_linear=0
shrinkage=0.05


Tree=186
num_leaves=31
num_cat=0
split_feature=322 104 275 51 277 98 226 151 188 186 283 288 233 246 278 283 93 93 296 115 292 115 165 9 242 102 198 157 0 113
split_gain=0.00297028 0.00193608 0.00710684 0.00144462 0.00131033 0.00123989 0.00109562 0.00161191 0.00106346 0.000946078 0.000935592 0.00135577 0.00251924 0.00117231 0.000883901 0.000871305 0.00106982 0.00110734 0.000993486 0.0009464 0.00144285 0.00121135 0.000862414 0.000844192 0.00152222 0.00165969 0.00132692 0.00140221 0.00122416 0.0011343
threshold=0.074563000707993946 0.093001867747932565 -0.02885836460020311 0.89587973461402759 -0.056922755509237352 -0.011537697906102902 -0.11346319100586927 -0.075273255357528837 0.0060096987069614962 0.054940706979849326 -0.084582464407062533 -0.044253359055865464 0.024378263898736388 0.034987211795494501 -0.011157734823301461 -0.063706651655650218 0.10340429695066221 0.087944780998875607 0.078853613301350864 -0.07881688144593961 0.0064478587127644411 -0.070371804504763311 0.016293241523108345 0.01974984397753277 -0.0029054117613270696 0.085068183985462301 0.0076726660965130309 -0.0036811111548695138 11.041048039714974 -0.0018689227157600167
decision_type=2 2 2 2 2 2 2 2 2 2 2 2 2 2 2 2 2 2 2 2 2 2 2 2 2 2 2 2 2 2
left_child=1 3 -3 4 5 -1 -6 -8 22 10 -9 12 13 -12 -4 -13 17 18 19 20 -17 -21 -7 24 26 -26 27 29 -25 -23
right_child=-2 2 14 -5 6 8 7 9 -10 -11 11 15 -14 -15 -16 16 -18 -19 -20 21 -22 23 -24 28 25 -27 -28 -29 -30 -31
leaf_value=-0.00043781203425940915 0.00049325899388350089 0.0010484416797271478 -0.00020742829647409081 -0.00039081958910593627 -0.00032461779214477596 -4.0809497828983395e-05 0.00044862570182885981 -0.00033627721597440541 0.00017450984622493189 -0.00024952764429862762 -9.0126738700746511e-05 0.00023431170804935785 0.00066064693158047951 0.00035777821155664113 0.00014417153908699476 3.2348862665597921e-05 -0.00037462936088559221 0.00026342471266272354 -0.00032618037587963051 0.00033249171004475408 -0.00051131251713108534 0.00054700895503629005 -0.00046468390559311956 -5.3100646948188451e-05 1.5182360045473294e-05 -0.0004221325104784531 0.00037523251642442295 -0.00011375837318653039 0.00029025814416214685 7.4982857705825683e-05
leaf_weight=33 30 20 33 26 26 30 20 20 28 38 48 37 22 21 39 26 20 37 25 27 23 20 20 673 226 24 53 53 27 35
leaf_count=33 30 20 33 26 26 30 20 20 28 38 48 37 22 21 39 26 20 37 25 27 23 20 20 673 226 24 53 53 27 35
internal_value=-2.55279e-14 -8.55362e-06 0.000214635 -2.10892e-05 -1.51258e-05 -0.000180896 -2.867e-06 2.80454e-06 -7.22011e-05 -3.32359e-06 3.27892e-06 8.14014e-06 0.000194742 4.61922e-05 -1.69784e-05 -4.86196e-06 -1.18355e-05 -6.02615e-06 -1.4252e-05 -7.68228e-06 -0.000222839 1.58194e-06 -0.000210359 -6.45997e-06 5.04203e-05 -2.67999e-05 0.000170327 6.97721e-05 -3.98568e-05 0.000246629
internal_weight=1760 1730 92 1638 1612 111 1501 1475 78 1455 1417 1397 91 69 72 1306 1269 1249 1212 1187 49 1138 50 1111 411 250 161 108 700 55
internal_count=1760 1730 92 1638 1612 111 1501 1475 78 1455 1417 1397 91 69 72 1306 1269 1249 1212 1187 49 1138 50 1111 411 250 161 108 700 55
is_linear=0
shrinkage=0.05


Tree=187
num_leaves=31
num_cat=0
split_feature=51 106 232 130 97 284 97 96 275 254 175 305 156 277 198 157 235 198 113 93 173 243 194 154 89 230 323 90 2 119
split_gain=0.00304078 0.000974111 0.00491123 0.00105067 0.000979565 0.000857905 0.00113847 0.0014563 0.00113419 0.00130046 0.0012193 0.00131588 0.00110589 0.001063 0.00149297 0.00138755 0.00134608 0.00132902 0.00122704 0.00111541 0.00132853 0.00148823 0.00117138 0.00134415 0.00132642 0.00115566 0.0011478 0.00128612 0.00120735 0.00123727
threshold=0.89587973461402759 0.10422843662718799 -0.010953041083208673 0.094982780185472404 -0.11653215119266726 -0.020863376477637138 -0.069565595008015055 -0.017718802013635359 -0.023233591365964371 0.037922173654414172 -0.020677383218808802 -0.031318619845609082 0.0086298108795081364 -0.032967608454303125 -0.011703814790216439 0.03804385517773539 -0.065167115428577241 -0.013064290742074646 -0.0094927376719582384 0.02105315087869861 -0.036255590013957596 0.010656882213813593 -0.0068989617257106109 0.017060941781180703 0.073749644248187099 -0.00045252361215116621 0.0075553314251945447 -0.03196855422610332 5.7914775660660407 0.0015267484834698569
decision_type=2 2 2 2 2 2 2 2 2 2 2 2 2 2 2 2 2 2 2 2 2 2 2 2 2 2 2 2 2 2
left_child=1 3 -3 4 -1 8 7 -7 12 10 -10 -12 -6 16 17 19 -8 -15 -17 22 -21 25 24 26 -16 -22 27 -24 29 -29
right_child=-2 2 -4 -5 5 6 13 -9 9 -11 11 -13 -14 14 15 18 -18 -19 -20 20 21 -23 23 -25 -26 -27 -28 28 -30 -31
leaf_value=-0.00029873559703038813 0.00051689376123249537 -0.00019020028427659878 0.0006825023830840239 -0.00032518544467166068 -0.0001046119010557463 -4.0961973874280897e-05 -0.00047058493338144301 0.00044929541938031574 -0.00035041516687645506 -0.00043432848833617759 -0.00032030610241235992 3.7080385768741974e-05 0.00020966785239164766 -5.1360491088416897e-05 3.0626244919899778e-05 -1.336955036094878e-05 -5.65146325083493e-05 -0.00047836694313446059 0.00047757431199508052 -0.00019113529924652539 -4.1609216332588285e-05 0.00049386846018905728 0.00043192837807250076 -0.00024319498545938745 0.00039089671166342064 0.00025324814801086628 -0.00014867029583578561 -0.00017238019557279426 0.0002637312095300461 9.0861392643691564e-05
leaf_weight=29 28 38 28 27 55 28 22 33 37 32 32 132 57 205 88 20 182 20 35 26 61 33 21 68 36 73 93 85 42 94
leaf_count=29 28 38 28 27 55 28 22 33 37 32 32 132 57 205 88 20 182 20 35 26 61 33 21 68 36 73 93 85 42 94
internal_value=-1.28156e-13 -8.35625e-06 0.000180037 -1.58196e-05 -1.07233e-05 -5.53549e-06 1.35253e-05 0.000224259 -7.54251e-05 -0.000138279 -9.1147e-05 -3.26536e-05 5.5334e-05 2.84858e-06 2.40682e-05 5.69864e-05 -0.000101169 -8.93166e-05 0.000299049 3.84955e-05 0.000141332 0.000193093 8.34261e-07 -4.05155e-05 0.000135221 0.000119022 6.25443e-07 5.79994e-05 2.24677e-05 -3.41416e-05
internal_weight=1760 1732 66 1666 1639 1610 1265 61 345 233 201 164 112 1204 1000 775 204 225 55 720 193 167 527 403 124 134 335 242 221 179
internal_count=1760 1732 66 1666 1639 1610 1265 61 345 233 201 164 112 1204 1000 775 204 225 55 720 193 167 527 403 124 134 335 242 221 179
is_linear=0
shrinkage=0.05


Tree=188
num_leaves=31
num_cat=0
split_feature=315 101 51 221 296 130 5 320 248 173 123 298 97 328 248 111 288 185 182 229 135 314 136 99 227 159 296 178 155 223
split_gain=0.00287955 0.0257526 0.00309131 0.00130191 0.00129977 0.000885057 0.000845227 0.000797639 0.00159406 0.00103272 0.00146013 0.00160002 0.00117703 0.00162554 0.00130824 0.00167149 0.00103023 0.00101584 0.00145409 0.00159329 0.00248739 0.00212946 0.00144584 0.00107924 0.00115939 0.00109892 0.00104966 0.000998683 0.00112207 0.0010501
threshold=0.04971749227683625 0.018381713682676541 0.89587973461402759 0.019490239244210356 0.016949783293809844 0.088293294797913938 4.1806204448211766 0.052348604343009988 0.019409979516781192 0.013877602906864296 -0.047745627649777696 -0.0095493972616038109 -0.046603157716889769 -0.029312979752741979 0.022775112816275558 0.00060443561979104689 0.062834644895844352 0.0056047686127942342 0.0035229479900556076 -0.0026557280839046718 -0.010354445144914052 -0.005421153105421731 -0.0021712013089979208 0.067358781869763282 -0.082087035747166137 0.0031047066852732891 -0.037662890162379642 -0.012286214474633099 0.0030486526388156308 -0.0022893605998726288
decision_type=2 2 2 2 2 2 2 2 2 2 2 2 2 2 2 2 2 2 2 2 2 2 2 2 2 2 2 2 2 2
left_child=2 3 5 4 -2 6 7 9 -9 12 11 -11 13 -1 15 -15 -12 23 19 20 -19 -22 -20 24 -14 -26 -27 -28 29 -29
right_child=1 -3 -4 -5 -6 -7 -8 8 -10 10 16 -13 17 14 -16 -17 -18 18 22 -21 21 -23 -24 -25 25 26 27 28 -30 -31
leaf_value=0.00053094413457438353 0.00023416529419543957 0.0018748793417034905 -0.0005930351637526538 -0.00033448202317231334 -0.00021031291556749331 -0.00027830108456934491 -0.00032715118431951855 -1.2053080156380148e-05 -0.00050518754464776627 -3.2413780689239501e-05 -1.8247278609690071e-06 -0.00059810292464680974 0.0004280525876145641 -0.00020916579984865772 0.00037646496416224789 0.0002126147892894274 -0.0003723742754664272 4.3364651989372022e-06 -9.8965752236049531e-05 -2.1462744946060329e-05 -0.00096053846180438991 -0.00025509930084176042 0.00022165085257297302 -0.00011413844261066212 0.0001162572184843079 0.00030019946253477515 -0.00027721875294657876 0.00029009300875301513 -0.00015483538455279293 -5.5437618721043696e-05
leaf_weight=25 38 20 23 35 29 30 20 57 23 25 302 25 22 48 30 46 20 31 74 87 20 23 67 90 327 22 43 43 70 45
leaf_count=25 38 20 23 35 29 30 20 57 23 25 302 25 22 48 30 46 20 31 74 87 20 23 67 90 327 22 43 43 70 45
internal_value=3.84113e-13 0.000234344 -1.74542e-05 -8.733e-05 4.17792e-05 -9.25704e-06 -4.16472e-06 -3.70971e-08 -0.000153829 8.248e-06 -6.38749e-05 -0.000315258 3.23538e-05 0.00016314 8.89861e-05 -2.76253e-06 -2.48402e-05 1.21389e-05 -6.38534e-05 -0.000166527 -0.000337076 -0.000583211 5.3384e-05 4.68061e-05 7.21295e-05 5.78926e-05 -2.76914e-05 -6.358e-05 -5.43779e-06 0.000113401
internal_weight=1760 122 1638 102 67 1615 1585 1565 80 1485 372 50 1113 149 124 94 322 964 302 161 74 43 141 662 572 550 223 201 158 88
internal_count=1760 122 1638 102 67 1615 1585 1565 80 1485 372 50 1113 149 124 94 322 964 302 161 74 43 141 662 572 550 223 201 158 88
is_linear=0
shrinkage=0.05


Tree=189
num_leaves=31
num_cat=0
split_feature=51 109 310 106 330 293 307 130 156 175 294 109 205 96 225 280 150 269 141 141 167 96 188 312 295 133 104 211 278 327
split_gain=0.00287252 0.000931369 0.00179926 0.00105185 0.0048006 0.00089997 0.000775754 0.000777693 0.000813803 0.000985046 0.00137721 0.00127129 0.00148 0.00118955 0.00111531 0.00109973 0.0016125 0.00105266 0.00120442 0.0019395 0.00104744 0.00109902 0.00104381 0.00129468 0.00125318 0.00143496 0.00117587 0.00169745 0.00163597 0.00141727
threshold=0.89587973461402759 0.10121054671881639 0.0033952097196125594 0.10422843662718799 0.0004228471942034115 0.0048788242794793281 -0.084695206533466155 0.094982780185472404 0.031404196501293426 -0.021038194228003845 -0.0047661867823962168 0.045877482585304628 -0.0038750760982865537 -0.0047612623264666589 -0.015835868815347858 0.022261472483061772 -0.004718182352825292 0.013737898407776479 0.001303341824097314 0.0056504468731595021 0.0028904052671608472 -0.019939601484058853 0.0056115545425331143 0.017522930027517675 -0.021689324567011749 -0.013724378695688157 -0.012015511040151812 -0.01624292877268187 -0.00057314045131449714 -0.00085751359873581284
decision_type=2 2 2 2 2 2 2 2 2 2 2 2 2 2 2 2 2 2 2 2 2 2 2 2 2 2 2 2 2 2
left_child=1 3 -3 6 5 -5 -1 8 9 11 15 12 13 -8 20 17 -17 18 -11 -20 -12 -22 23 26 25 -24 29 28 -28 -16
right_child=-2 2 -4 4 -6 -7 7 -9 -10 10 14 -13 -14 -15 22 16 -18 -19 19 -21 21 -23 24 -25 -26 -27 27 -29 -30 -31
leaf_value=-0.00031863574171438815 0.000502389414967703 3.609134826899296e-05 -0.00054758149730649015 0.00012494747817981989 0.00083652321802219387 -0.00034938615193823357 -0.00043380591950830045 -0.00027651665228544379 9.3147441584077214e-05 7.0507132395984009e-05 0.00014012909145968698 -0.00045534022535017969 4.2451095052658477e-05 -4.0724520759364462e-05 0.00032379149954522293 0.00048730482704870934 7.3579791275177645e-05 0.00015938272444137355 -0.0005537699663799013 -4.548690157403768e-05 -0.00039826233828101808 1.2828712585961141e-05 -4.1255641917814501e-05 -0.0003231471970599766 -7.0660561136069838e-05 0.00055769351021808691 -0.00013171764344999405 -4.6010811907070182e-05 -0.00073481650476672018 -9.2002675914396574e-05
leaf_weight=20 28 31 23 20 20 20 39 26 201 152 129 24 117 38 32 35 72 109 23 102 21 72 20 75 105 20 23 84 22 57
leaf_count=20 28 31 23 20 20 20 39 26 201 152 129 24 117 38 32 35 72 109 23 102 21 72 20 75 105 20 23 84 22 57
internal_value=-1.52456e-13 -8.12177e-06 -0.00021251 -1.54432e-06 0.000204028 -0.000112219 -9.16752e-06 -5.29433e-06 -8.08463e-07 -1.45832e-05 3.84546e-06 -0.000112052 -6.95834e-05 -0.000239818 -4.33834e-05 6.70727e-05 0.00020891 2.7755e-05 -2.40408e-05 -0.000139011 4.79136e-05 -7.99983e-05 -8.96572e-05 -0.000143956 2.00648e-05 0.000258219 -8.23083e-05 -0.000178763 -0.000426566 5.74964e-05
internal_weight=1760 1732 54 1678 60 40 1618 1598 1572 1371 1153 218 194 77 660 493 107 386 277 125 222 93 438 293 145 40 218 129 45 89
internal_count=1760 1732 54 1678 60 40 1618 1598 1572 1371 1153 218 194 77 660 493 107 386 277 125 222 93 438 293 145 40 218 129 45 89
is_linear=0
shrinkage=0.05


Tree=190
num_leaves=31
num_cat=0
split_feature=305 287 92 91 84 202 61 279 109 325 293 284 294 266 305 132 249 186 125 227 227 311 94 206 167 227 169 305 197 86
split_gain=0.00281565 0.00199276 0.00919829 0.00164678 0.00306592 0.00138564 0.00157285 0.00139753 0.00120414 0.0017778 0.000932907 0.00108789 0.0010682 0.00152665 0.00122325 0.00153181 0.00109812 0.00107781 0.0010387 0.000902008 0.000891433 0.0009079 0.0010999 0.00119372 0.00106025 0.00148116 0.00108616 0.0010476 0.00127461 0.00209599
threshold=0.086039783199755263 -0.046375230768733115 0.062736755349862144 0.16264440447566389 0.12639144736602931 -0.0026019734024715136 1.2424533248940004 0.016159034977271669 0.093837300994678116 0.0029666526287702544 -0.058349867107639897 -0.0017356965746322796 -0.040376631177692308 -0.0015282575661241546 -0.056776424896092234 -0.0084134825596757137 -0.0081746013986856297 -0.0015214671071580761 0.0066188203840819165 -0.10278182262544455 -0.088274678609343654 -0.034367575993130943 0.028327140031811089 0.022332957736567783 0.0017319072872391216 0.0050358302840174249 0.0064289690517683384 -0.039855062856475741 -0.0066436603408973017 0.017908190151069949
decision_type=2 2 2 2 2 2 2 2 2 2 2 2 2 2 2 2 2 2 2 2 2 2 2 2 2 2 2 2 2 2
left_child=1 2 5 8 -5 6 -1 -7 10 -10 11 -3 13 16 15 -14 -12 -18 -15 -16 -21 24 -23 27 25 -22 -26 -24 29 -29
right_child=-2 3 -4 4 -6 7 -8 -9 9 -11 12 -13 14 18 19 -17 17 -19 -20 20 21 22 23 -25 26 -27 -28 28 -30 -31
leaf_value=-9.0679072147597466e-07 0.00053786371883385688 -0.00044236732154296574 0.0010622846401020069 -0.00078578656015452001 3.0989079580952726e-05 2.5033183919731528e-05 0.00050736753214353128 -0.00041289341049911133 -1.8138904185131347e-05 -0.00058089805723917059 0.00023710387461809055 -2.8918022712232638e-05 6.2647030395253194e-05 0.00048055696935209977 0.00027723321691155436 -0.00047590199242075602 -0.00042503326574502436 4.484870548297365e-05 0.00011911000366798481 -0.00029389557031983581 7.1727764512424504e-05 1.1656966220216087e-05 0.00019212730486677695 0.00020661329608039387 -0.00027015139729393505 0.00056726896692998704 0.00014296813528855593 -0.00066815573130346215 -0.00010251592490271387 -6.6651585179248031e-05
leaf_weight=45 24 26 24 20 27 49 23 29 36 23 24 41 23 35 28 31 23 26 46 27 38 741 21 27 26 25 41 30 153 28
leaf_count=45 24 26 24 20 27 49 23 29 36 23 24 41 23 35 28 31 23 26 46 27 38 741 21 27 26 25 41 30 153 28
internal_value=3.71969e-14 -7.4359e-06 0.000155154 -2.50862e-05 -0.000316575 6.03674e-06 0.00017101 -0.000137786 -1.60671e-05 -0.00023752 -7.11797e-06 -0.000189361 1.64748e-06 0.00012584 -1.37889e-05 -0.00024652 -3.99891e-05 -0.000175708 0.000275291 -3.18339e-06 -9.96962e-06 -3.18555e-06 -1.93448e-05 -0.000108041 0.000121116 0.000268371 -1.73469e-05 -0.00014466 -0.000178179 -0.000377774
internal_weight=1760 1736 170 1566 47 146 68 78 1519 59 1460 67 1393 154 1239 54 73 49 81 1185 1157 1130 1000 259 130 63 67 232 211 58
internal_count=1760 1736 170 1566 47 146 68 78 1519 59 1460 67 1393 154 1239 54 73 49 81 1185 1157 1130 1000 259 130 63 67 232 211 58
is_linear=0
shrinkage=0.05


Tree=191
num_leaves=31
num_cat=0
split_feature=225 130 51 97 8 0 283 130 267 88 204 270 186 261 177 305 155 182 8 0 5 312 296 120 135 224 319 332 275 103
split_gain=0.00281153 0.00222601 0.00148934 0.000791049 0.00086257 0.000828619 0.00077423 0.000894267 0.00120316 0.00121132 0.00113159 0.00154849 0.00155409 0.00140652 0.00117555 0.00114752 0.00110073 0.00117159 0.00105095 0.00155398 0.00111055 0.00102402 0.000987921 0.00104496 0.000956513 0.000975054 0.00141963 0.00100526 0.00091778 0.000866904
threshold=0.15205142098972116 0.10450407560464715 0.89587973461402759 -0.11653215119266726 0.47722567287784684 3.5408542930527882 -0.081553704440312999 0.0040127106378180935 0.075559762008759759 -0.18968961298537204 -0.0043206331299880099 0.025838288935631115 -0.00042160293828811423 0.00057350651104601269 -0.012819117872857036 0.02554214265529884 -0.016339102680207527 -0.0021250264380628034 0.29758481886141469 4.5053345884235583 3.7250397849037498 0.015505278426615671 -0.019266020311396487 -0.0049118356104909363 -0.03562810813089428 -0.017405667151495819 -0.0038061548992049015 -0.023648602075855025 0.0015392724563245124 -0.011335736227846799
decision_type=2 2 2 2 2 2 2 2 2 2 2 2 2 2 2 2 2 2 2 2 2 2 2 2 2 2 2 2 2 2
left_child=1 2 3 -1 5 -5 -7 8 9 -8 11 13 -13 22 21 16 -15 -18 19 28 -21 -12 -9 -24 -16 26 -26 -27 -11 -25
right_child=-2 -3 -4 4 -6 6 7 10 -10 18 14 12 -14 15 24 -17 17 -19 -20 20 -22 -23 23 29 25 27 -28 -29 -30 -31
leaf_value=-0.00025057308944683013 0.00053746956546092412 0.00049231944563375284 -0.000396939508151263 -0.00029896429065653745 0.0003230284279561602 -0.00022022168206603965 0.00039154271891509948 7.2256351092525218e-05 0.00034279064852706792 -7.4673420849216026e-05 -2.4981444963551828e-05 -0.00068308286565959197 -0.00012981224283673025 0.00029418011518745599 0.00026000786992702997 0.00040135294409646165 0.00012677553726721922 -0.0003044637482364326 0.0003486032370584207 3.8250291168026086e-05 -0.00033968013507092111 -0.00034068204073952767 -0.00058194292527332433 -0.00036584014779368921 -0.00041131408880963659 0.00038566782520016809 4.0246055900554538e-05 3.9857341274393505e-05 -0.00044831674054471982 -7.3904301127579339e-06
leaf_weight=33 24 22 25 24 20 40 22 29 31 42 84 22 30 22 51 21 28 36 23 692 20 37 20 31 28 24 46 169 27 37
leaf_count=33 24 22 25 24 20 40 22 29 31 42 84 22 30 22 51 21 28 36 23 692 20 37 20 31 28 24 46 169 27 37
internal_value=-7.13886e-14 -7.43045e-06 -1.3845e-05 -8.17455e-06 -3.34414e-06 -7.33403e-06 -2.99214e-06 2.53533e-06 3.69814e-05 2.55043e-05 -3.87518e-05 -0.000118082 -0.000363888 -6.10202e-05 1.11234e-05 6.99943e-05 -1.09188e-05 -0.000115797 1.54884e-05 5.67831e-06 2.76343e-05 -0.000121518 -0.000180837 -0.000264243 6.15938e-05 2.36945e-05 -0.000130615 8.28597e-05 -0.000220882 -0.000170801
internal_weight=1760 1736 1714 1689 1656 1636 1612 1572 857 826 715 276 52 224 439 107 86 64 804 781 712 121 117 88 318 267 74 193 69 68
internal_count=1760 1736 1714 1689 1656 1636 1612 1572 857 826 715 276 52 224 439 107 86 64 804 781 712 121 117 88 318 267 74 193 69 68
is_linear=0
shrinkage=0.05


Tree=192
num_leaves=31
num_cat=0
split_feature=51 330 211 130 89 333 262 335 9 219 177 324 277 311 318 148 9 112 292 217 112 171 207 273 133 227 278 115 254 147
split_gain=0.00280852 0.000880617 0.00226985 0.000948472 0.000892748 0.00162432 0.00163373 0.00083025 0.000799044 0.00252295 0.00118642 0.000828522 0.000841879 0.00138967 0.00133654 0.000862011 0.000705075 0.00101541 0.0012432 0.0012219 0.0010903 0.00107133 0.00113689 0.00099157 0.000979419 0.00121364 0.00179333 0.00109269 0.000994721 0.00102273
threshold=0.89587973461402759 0.058734888332247513 -0.032136591013713862 0.094982780185472404 -0.16524420371482582 -0.0023178385168945857 0.025424772150797467 -0.0058064477016406399 0.061089514331622873 -0.0059474983199008027 -0.0082070736807737174 0.065554190525639891 -0.056922755509237352 0.027425856209572507 -0.027326162826557938 -0.069433609330888477 0.01974984397753277 0.039677224661353934 0.010086237720855311 0.064821569248102298 0.047965913540020701 0.023795838339171798 -0.014868979296087399 0.020502417637947832 0.0039942987541667727 0.049800154614407961 0.0039718615633594244 -0.045853795529536369 0.044640916919896856 -0.038252620838373497
decision_type=2 2 2 2 2 2 2 2 2 2 2 2 2 2 2 2 2 2 2 2 2 2 2 2 2 2 2 2 2 2
left_child=1 3 -3 4 5 7 -7 -1 11 -10 -11 12 13 14 -6 -14 17 19 20 21 -19 -17 -23 -24 25 27 -27 -18 29 -26
right_child=-2 2 -4 -5 8 6 -8 -9 9 10 -12 -13 15 -15 -16 16 24 18 -20 -21 -22 22 23 -25 28 26 -28 -29 -30 -31
leaf_value=-0.00015799440380246581 0.00049676127611227071 0.00060056776336360994 -8.9832246625779328e-06 -0.00030964050890394939 -0.00040067642083158723 -0.00012733957005366394 -0.00070340471051167698 0.00026239708580154305 0.00062296722064188333 0.00029213783541763409 -0.00018584413896983402 -0.00024337261723278948 0.00031035827515829036 -0.00050506356443899374 7.2293872040448811e-05 4.9676742518839574e-06 0.00019006634383480386 -0.00022897871816024673 -0.00036143944899720283 0.00031422292424317577 0.00022537582844961435 0.00051145808009261441 0.00022557529464780178 -0.00018768870268970553 0.000381967906350442 -2.89544474799186e-06 -0.00059058814917484095 -8.1536846717124474e-05 -0.00024507894313187693 3.4640531847950717e-05
leaf_weight=23 28 21 56 27 20 32 20 24 21 20 37 37 23 21 59 339 42 23 32 47 31 22 47 21 23 25 27 313 29 270
leaf_count=23 28 21 56 27 20 32 20 24 21 20 37 37 23 21 59 339 42 23 32 47 31 22 47 21 23 25 27 313 29 270
internal_value=3.74508e-13 -8.03078e-06 0.000157258 -1.5721e-05 -1.08464e-05 -0.000156357 -0.000348903 5.66736e-05 -1.42484e-06 0.000154472 -1.81312e-05 -9.80525e-06 -3.69352e-06 -0.000143545 -4.74454e-05 6.94969e-06 1.54427e-06 4.36286e-05 -0.000114487 7.21957e-05 3.18544e-05 4.56799e-05 0.000199029 9.79496e-05 -3.08993e-05 -8.24484e-05 -0.000308044 -4.94035e-05 3.42575e-05 6.19051e-05
internal_weight=1760 1732 77 1655 1628 99 52 47 1529 78 57 1451 1414 100 79 1314 1291 562 86 476 54 429 90 68 729 407 52 355 322 293
internal_count=1760 1732 77 1655 1628 99 52 47 1529 78 57 1451 1414 100 79 1314 1291 562 86 476 54 429 90 68 729 407 52 355 322 293
is_linear=0
shrinkage=0.05


Tree=193
num_leaves=31
num_cat=0
split_feature=299 130 51 141 128 99 270 139 119 200 272 282 94 236 19 288 261 205 311 278 204 250 250 320 91 276 188 188 117 268
split_gain=0.00281615 0.00190134 0.00159471 0.000764364 0.00252326 0.00131886 0.0008225 0.000684332 0.00120206 0.00204243 0.00100667 0.00105991 0.00103925 0.00131751 0.0013563 0.00109197 0.0010525 0.000947822 0.000922612 0.000918945 0.000881636 0.00188814 0.00133081 0.00116491 0.0014076 0.00106829 0.00107309 0.0014459 0.00125431 0.00123083
threshold=-0.096082389719443287 0.10450407560464715 0.89587973461402759 -0.053414957041066823 0.0072249071259621071 0.15224517173393717 -0.030604661741587692 -0.0033374020838900088 0.044660123140167735 0.0063925670999869849 -0.0054393243858883661 -0.016052929135858606 -0.0064397924150783178 0.0030960059183187481 15.958333333333334 0.026958388459166895 0.015973336545794851 -0.0025788475065976978 0.020738087869482339 -0.0040910374624554971 0.00043536776277284199 -0.059336589690112407 -0.043149447421334024 0.042847808124749982 0.094059338084064345 0.063281603883559842 0.0060096987069614962 0.0022495029406417581 -0.031235316787550867 -0.02818437803481201
decision_type=2 2 2 2 2 2 2 2 2 2 2 2 2 2 2 2 2 2 2 2 2 2 2 2 2 2 2 2 2 2
left_child=-1 2 3 4 6 7 -2 10 20 -10 11 17 18 14 -14 16 -15 -5 19 -12 21 -9 -23 24 -24 26 27 28 -22 -28
right_child=1 -3 -4 5 -6 -7 -8 8 9 -11 12 -13 13 15 -16 -17 -18 -19 -20 -21 25 22 23 -25 -26 -27 29 -29 -30 -31
leaf_value=0.00057554849052047802 -0.00028949178289622068 0.00044463978467873587 -0.00040160885815007186 0.00031904347979434534 0.00059956045350356203 -0.00038230086465773638 0.0001104214410588611 -0.00046577774292844962 3.1446310670215228e-06 -0.00060845121857710193 -0.00010477134889917017 -4.8352463338500285e-05 -0.00019756882747969942 0.00019700400325948269 -0.00061325768939031369 -0.0003680566036131322 -0.00016857934350680029 1.94926931374451e-05 -0.00024006279085629753 0.00015594345480358132 0.00044972378616322476 0.00031416653276237691 -1.7663746993610312e-05 0.00027660213086018042 -0.0004400772218581378 -0.00018501493787797781 -0.00011289193538356233 -0.00023767350759118091 5.8548824410458922e-05 0.00029742248397842227
leaf_weight=21 20 23 26 46 22 24 36 22 43 20 58 194 80 45 26 21 35 62 35 81 23 33 324 31 21 33 22 37 188 108
leaf_count=21 20 23 26 46 22 24 36 22 43 20 58 194 80 45 26 21 35 62 35 81 23 33 324 31 21 33 22 37 188 108
internal_value=-4.02206e-13 -6.95027e-06 -1.30031e-05 -7.0245e-06 0.000145842 -1.44213e-05 -3.24047e-05 -8.86137e-06 1.9653e-05 -0.000191013 -4.6644e-05 2.1537e-05 -0.000100688 -0.000176399 -0.00029953 -4.71711e-05 3.70613e-05 0.000147079 -1.06179e-05 4.7156e-05 3.54154e-05 -1.45467e-05 9.7249e-06 -1.69947e-05 -4.33759e-05 8.78088e-05 0.000111627 5.06327e-05 0.000101189 0.000227985
internal_weight=1760 1739 1716 1690 78 1612 56 1588 905 63 683 302 381 207 106 101 80 108 174 139 842 431 409 376 345 411 378 248 211 130
internal_count=1760 1739 1716 1690 78 1612 56 1588 905 63 683 302 381 207 106 101 80 108 174 139 842 431 409 376 345 411 378 248 211 130
is_linear=0
shrinkage=0.05


Tree=194
num_leaves=31
num_cat=0
split_feature=96 97 104 0 89 202 229 332 150 109 7 278 9 160 274 282 226 163 245 224 247 223 88 208 132 277 175 303 331 281
split_gain=0.00280184 0.00236248 0.00161766 0.00584899 0.00107105 0.00103101 0.000978754 0.00113372 0.00149772 0.00138417 0.00102224 0.000965933 0.00170339 0.00171252 0.0017938 0.00148531 0.00144814 0.00223499 0.00111813 0.00111732 0.00104669 0.000997585 0.00125249 0.000954501 0.00113101 0.000983447 0.00104063 0.000879016 0.000878293 0.000859254
threshold=0.10630283631224409 0.19769325664880663 0.093001867747932565 5.4743671128014944 -0.20563429304936115 -0.0054894475752511902 -0.05124386205376024 -0.02079005659687062 0.025677196461708518 -0.050273776201922464 0.81229137055837575 0.0035420208055325555 0.011001113424020915 -0.019705702122771087 0.031345531784069396 -0.017735175069651606 -0.041245463988162277 0.014575989122446649 0.004805823231074373 0.0021724047792229593 0.027082659762413388 -0.065843502122036837 -0.12237116734460794 -0.0042525736203978121 0.025431333646713059 0.0041439004581758235 0.014610511997636287 -0.015229438682276782 0.0029814298146416431 -0.019407305315679073
decision_type=2 2 2 2 2 2 2 2 2 2 2 2 2 2 2 2 2 2 2 2 2 2 2 2 2 2 2 2 2 2
left_child=1 2 4 5 -1 -4 7 -6 9 -9 11 16 15 14 -14 -13 17 20 19 -17 -8 -18 28 24 25 -24 -27 -11 -23 -25
right_child=-2 -3 3 -5 6 -7 10 8 -10 27 -12 12 13 -15 -16 18 21 -19 -20 -21 -22 22 23 29 -26 26 -28 -29 -30 -31
leaf_value=-0.00029045654882793316 0.00053654315779567703 -0.00053452845105701795 -0.00026478397194296122 0.00095924979817937125 9.6427956330964143e-05 0.00012718537985290145 -1.8709848228792435e-05 -0.0005981372981858883 0.00018282569265769174 -0.00038117425043738504 0.00034771663221445952 2.7373447779896916e-05 -8.1697710286366806e-05 4.0628622293532376e-05 -0.00061778272618539642 -0.00076916719501076097 -0.00025211419366920985 0.00068017621025709179 -0.0001108642134365962 -0.0002528024483763147 0.00040472204766956572 0.00041845997983535092 -5.4862871625161219e-05 7.7669481927926227e-05 0.00034054227218950622 0.00038445018843490152 -4.8255193602623575e-05 -8.6880348360864455e-05 5.0827025211219735e-05 -9.943268046436257e-05
leaf_weight=34 24 21 25 20 56 51 54 21 27 34 22 38 71 403 20 22 33 21 27 20 20 33 107 97 37 33 24 100 32 233
leaf_count=34 24 21 25 20 56 51 54 21 27 34 22 38 71 403 20 22 33 21 27 20 20 33 107 97 37 33 24 100 32 233
internal_value=5.4673e-13 -7.41765e-06 -9.63229e-07 0.000198457 -1.2788e-05 -1.75191e-06 -6.83171e-06 -0.000100305 -0.000160838 -0.000220702 9.68398e-06 4.07136e-06 -4.27849e-05 -3.60902e-06 -0.000199519 -0.000223653 4.29672e-05 0.000224924 -0.000361899 -0.000523279 9.57312e-05 1.54856e-05 3.03024e-05 4.94274e-06 9.08382e-05 3.45025e-05 0.000202258 -0.000161552 0.000237471 -4.73754e-05
internal_weight=1760 1736 1715 96 1619 76 1585 238 182 155 1347 1325 601 494 91 107 724 95 69 42 74 629 596 531 201 164 57 134 65 330
internal_count=1760 1736 1715 96 1619 76 1585 238 182 155 1347 1325 601 494 91 107 724 95 69 42 74 629 596 531 201 164 57 134 65 330
is_linear=0
shrinkage=0.05


Tree=195
num_leaves=31
num_cat=0
split_feature=141 19 51 216 137 99 107 240 283 220 173 137 288 6 293 201 185 258 153 240 333 330 309 295 335 155 302 300 199 155
split_gain=0.00269905 0.00183396 0.00488639 0.00472285 0.000848309 0.00144544 0.00121246 0.00114475 0.0036315 0.00151076 0.00106086 0.00134433 0.00103552 0.0013704 0.00129072 0.00136834 0.0014694 0.00173347 0.00118164 0.00115962 0.00100101 0.00116854 0.00188007 0.00117828 0.000974761 0.000902169 0.000896297 0.00088339 0.000872483 0.000854626
threshold=0.10121221227309303 37.125000000000007 0.89587973461402759 -0.004097792877598384 0.016381297016343586 0.11494377022498332 -0.07299689130685251 0.015042773860057269 -0.062518978469508421 0.1385876046365894 0.011826230343465494 0.023060270105687553 -0.030931631230639408 0.63088277036616536 -0.0086573433106320527 -0.0037773222335518689 0.0070895711656174627 -0.0033098531239650971 0.0027693993766917386 0.00071250414276139492 0.016611651815345865 0.025345163554449174 -0.0081851181773743929 -0.012726379243094199 0.024377223569291995 0.024264899483440329 0.00034457551467659758 0.017417737792294819 0.00094729000987470613 -0.0082234247805958328
decision_type=2 2 2 2 2 2 2 2 2 2 2 2 2 2 2 2 2 2 2 2 2 2 2 2 2 2 2 2 2 2
left_child=1 2 4 -3 7 6 -6 12 -9 -10 29 -12 25 14 15 -14 28 -18 -15 -20 21 23 -23 26 -13 27 -16 -1 -17 -8
right_child=-2 3 -4 -5 5 -7 10 8 9 -11 11 24 13 18 20 16 17 -19 19 -21 -22 22 -24 -25 -26 -27 -28 -29 -30 -31
leaf_value=0.00010842989079631685 0.00053809019585099565 -0.00013042390432760673 -0.00073950249377800076 0.00088331061095232139 -0.00033666719243476769 -0.00048169581197726074 -0.00010794214174603585 0.00074627405763749276 2.4796467563948907e-05 0.00047329199122032157 -0.00051344154031539811 6.6314646459034719e-06 -2.2848121079732665e-05 -1.5056337826672038e-05 0.0003733658895209208 -0.00029502784269193111 -0.00020127916385800665 -0.00083637806584149418 0.00039911248955629873 -3.7314715724357448e-05 -0.00018215430984177869 0.00010468304819715699 -0.00057268385735369525 -5.8921065479248338e-06 -0.00037291208365266876 -0.0001350831107411068 3.6960235673985967e-05 0.00047125382837333275 2.9564475364561469e-05 0.00010000935130115433
leaf_weight=62 23 27 23 20 33 20 69 20 307 20 20 87 95 107 44 47 22 21 45 23 73 21 20 195 21 25 36 23 37 174
leaf_count=62 23 27 23 20 33 20 69 20 307 20 20 87 95 107 44 47 22 21 45 23 73 21 20 195 21 25 36 23 37 174
internal_value=9.12234e-13 -7.12497e-06 -1.56928e-05 0.000300952 -5.70623e-06 -6.67768e-05 -4.62363e-05 1.51256e-05 9.22301e-05 5.22274e-05 -2.04028e-05 -0.000136899 -1.47352e-05 -3.48437e-05 -7.01767e-05 -0.000166374 -0.000273736 -0.000511444 8.85188e-05 0.000251497 -1.52774e-05 2.32733e-05 -0.00022574 6.03989e-05 -6.71687e-05 0.000128949 0.000221983 0.000206606 -0.000152053 4.09614e-05
internal_weight=1760 1737 1690 47 1667 424 404 1243 347 327 371 128 896 786 611 222 127 43 175 68 389 316 41 275 108 110 80 85 84 243
internal_count=1760 1737 1690 47 1667 424 404 1243 347 327 371 128 896 786 611 222 127 43 175 68 389 316 41 275 108 110 80 85 84 243
is_linear=0
shrinkage=0.05


Tree=196
num_leaves=31
num_cat=0
split_feature=51 110 211 128 211 200 236 111 119 114 114 213 156 165 281 292 294 315 155 322 206 145 6 140 154 256 207 326 254 125
split_gain=0.00290569 0.000836375 0.00420535 0.00101584 0.00181394 0.00107035 0.000952143 0.000947352 0.000946081 0.0012538 0.00092256 0.00121673 0.0010167 0.000979906 0.00122594 0.00114666 0.00138948 0.00129893 0.00133223 0.00132427 0.00107823 0.000942124 0.001049 0.000962633 0.00092576 0.000909132 0.000893733 0.00087599 0.00110317 0.00111886
threshold=0.89587973461402759 -0.042741045416721184 -0.098702431702471699 0.03711479954533372 -0.039179426173154966 0.0049110302254263887 0.01864461516683022 -0.0054971816769688745 0.053418154338281988 0.021306300885906085 -0.060763509563212477 -0.024624885112826438 0.031404196501293426 -0.024506807528819018 -0.053309715287257871 0.048128464622096225 0.01681674417726493 0.021542924411980694 -0.027605264281373786 0.041756898028871246 -9.328943751214478e-05 0.019049776830676522 0.65788636089251817 -0.0031917289732338373 -0.0057205186463076029 -0.043656647027551669 0.0052043649754517649 -0.0054782323081015915 -0.018070406582909242 -0.025583264829015042
decision_type=2 2 2 2 2 2 2 2 2 2 2 2 2 2 2 2 2 2 2 2 2 2 2 2 2 2 2 2 2 2
left_child=1 2 -1 8 -5 7 -7 -6 10 -10 11 -3 13 25 -15 16 17 19 -19 21 24 22 23 -16 -20 -12 -23 -25 -29 -30
right_child=-2 3 -4 4 5 6 -8 -9 9 -11 12 -13 -14 14 15 -17 -18 18 20 -21 -22 26 -24 27 -26 -27 -28 28 29 -31
leaf_value=0.00072060380670059803 0.00050528129608470157 -3.84316881839671e-05 1.1227890653125334e-05 -0.00048088648083296814 -0.00017694681479470627 -7.6908576967460777e-05 -0.00050277305951264382 0.00014877522768354259 -3.9838391144851067e-05 -0.00049877062066860326 0.00012794131314596878 0.00045998150971718137 0.00011512269342299413 0.00020406595451662944 0.00018337985934054797 -0.00022314022199907413 -0.00012097475905403538 0.00019829367319471205 -0.00062819741055829498 0.00041323141264944788 -2.5193772977983925e-05 -0.00029334210840586044 0.00040045800524239898 0.00012420767779195045 -0.00016407506687259727 -0.00019701889160787689 0.000125650403660984 0.00023052694880502144 9.6101045785355779e-05 -0.00023272115265785413
leaf_weight=23 28 24 228 31 34 35 21 65 46 22 26 25 152 66 107 64 186 25 21 27 38 35 24 92 22 125 20 25 37 86
leaf_count=23 28 24 228 31 34 35 21 65 46 22 26 25 152 66 107 64 186 25 21 27 38 35 24 92 22 125 20 25 37 86
internal_value=-3.18881e-13 -8.16852e-06 7.62305e-05 -2.24725e-05 -0.000131738 -6.19086e-05 -0.000236608 3.69111e-05 -6.77869e-06 -0.000188316 3.28208e-06 0.000215861 -5.56033e-06 -2.34393e-05 -3.14037e-06 -2.00447e-05 -2.59759e-06 3.67909e-05 -0.000120772 7.36599e-05 -0.000219249 5.21377e-05 8.07672e-05 5.8656e-05 -0.000390739 -0.000141065 -0.000140981 3.05e-06 -7.22642e-05 -0.000133807
internal_weight=1760 1732 251 1481 186 155 56 99 1295 68 1227 49 1178 1026 875 809 745 559 106 453 81 426 371 347 43 151 55 240 148 123
internal_count=1760 1732 251 1481 186 155 56 99 1295 68 1227 49 1178 1026 875 809 745 559 106 453 81 426 371 347 43 151 55 240 148 123
is_linear=0
shrinkage=0.05


Tree=197
num_leaves=31
num_cat=0
split_feature=240 231 51 202 106 285 211 296 97 229 312 304 334 299 116 7 322 312 253 102 326 97 131 324 324 182 235 93 150 244
split_gain=0.00269258 0.0105669 0.00144188 0.00103832 0.00146943 0.0010252 0.00137172 0.00106271 0.00115277 0.00131364 0.000906897 0.00164456 0.0012953 0.00108598 0.00116271 0.00108357 0.00104587 0.00126548 0.00110057 0.00127968 0.00110044 0.00102135 0.00087856 0.000847562 0.00118556 0.000841502 0.000775884 0.000764887 0.000757385 0.00119649
threshold=0.071997189539391604 -0.01722291037074326 0.89587973461402759 0.0033964972722704246 0.10422843662718799 -0.055533756727469727 -0.0036808251450391942 0.071164832021260546 0.04147867133705261 -0.0082581666644534566 0.029023759347586445 -0.010656459097336793 0.012118495573892128 0.0044210923179419685 -0.072545267502858668 0.039801104486149923 0.021018710746932411 -0.0012435397672354866 0.012985693801661072 0.0028142472642785879 0.026765091084414477 -0.019244181554954009 0.007899651733796002 -0.031756180584259275 -0.027400183379790624 0.028681523700754222 0.033702441420925884 0.039064600241772364 0.016353386849327106 -0.004315898313867186
decision_type=2 2 2 2 2 2 2 2 2 2 2 2 2 2 2 2 2 2 2 2 2 2 2 2 2 2 2 2 2 2
left_child=2 -2 3 4 10 6 -5 8 23 -10 13 -12 -13 14 -1 -15 18 -18 19 -17 21 -21 -14 -7 -25 -26 -3 -20 -16 -30
right_child=1 26 -4 5 -6 7 -8 -9 9 -11 11 12 22 15 28 16 17 -19 27 20 -22 -23 -24 24 25 -27 -28 -29 29 -31
leaf_value=-0.00033655656090424466 0.0012477609547204339 -0.00017080446636793482 -0.00038337691355711569 -0.00059565459785517307 0.00036275534225898166 0.00015898896070976282 -1.7065438788406377e-05 -0.00038217422790529039 -0.00053221281445787658 -5.3453054773088203e-05 0.00010814642658130783 -5.7095441809945875e-05 -0.00020642143979785035 0.00039609645459027631 -2.9536116553236463e-05 -2.9598108300623484e-05 5.9416904101764403e-05 0.00048275898612524962 -2.4519692717943659e-05 0.0001490035685752186 -6.3916059152688826e-05 0.00056889048954568964 -0.00066946618663634924 -0.00040545805910369387 -3.5294286930231498e-05 0.00019299688285779365 0.00019573649478843436 -0.00034335386840969785 0.00037134766321149517 -2.5030218215154797e-05
leaf_weight=27 21 42 26 20 31 69 21 22 23 38 56 46 20 28 352 79 41 31 87 28 20 30 21 20 392 45 22 24 33 45
leaf_count=27 21 42 26 20 31 69 21 22 23 38 56 46 20 28 352 79 41 31 87 28 20 30 21 20 392 45 22 24 33 45
internal_value=2.47166e-13 0.000274534 -1.39316e-05 -8.10649e-06 2.38971e-05 -5.72936e-05 -0.000299304 -4.10006e-05 -2.82139e-05 -0.000233969 1.30453e-05 -0.000103199 -0.000239237 3.31942e-05 -1.82836e-05 9.71219e-05 7.25005e-05 0.000241689 2.70468e-05 0.000112244 0.000255904 0.000366186 -0.000443591 -4.35252e-06 -2.90146e-05 -1.1786e-05 -4.4806e-05 -9.34568e-05 1.70093e-06 0.000142668
internal_weight=1760 85 1675 1649 999 650 41 609 587 61 968 143 87 825 457 368 340 72 268 157 78 58 41 526 457 437 64 111 430 78
internal_count=1760 85 1675 1649 999 650 41 609 587 61 968 143 87 825 457 368 340 72 268 157 78 58 41 526 457 437 64 111 430 78
is_linear=0
shrinkage=0.05


Tree=198
num_leaves=31
num_cat=0
split_feature=51 330 224 130 166 284 295 188 314 265 296 225 135 175 183 300 167 279 84 119 244 249 189 173 135 182 269 201 117 283
split_gain=0.0027702 0.00079776 0.0020979 0.000819443 0.000829102 0.000740876 0.000900859 0.000807352 0.00149312 0.0014277 0.00185632 0.00117299 0.00112347 0.00108337 0.00101633 0.00128102 0.00136693 0.00143308 0.00115531 0.00102882 0.00119523 0.000998297 0.000971998 0.0010061 0.000969119 0.000965004 0.000952594 0.000791237 0.000787722 0.000784648
threshold=0.89587973461402759 0.058734888332247513 0.0030405453977230489 0.094982780185472404 0.072129114818795428 -0.021914111365418584 -0.063693926038636703 0.0058599999600335477 -0.005421153105421731 0.0071812043418352364 0.035428667613759839 0.10273264818192339 -0.040378356961184671 -0.0021177504297289133 -0.0028097811232566266 -0.039864157151487549 0.0025215106211110417 0.019299466117700382 0.032179481409582031 -0.014107233766013886 0.0079873889394343669 0.068261504002231882 -0.0082999810933292052 -0.0059749125849809896 0.017266356691385602 0.010497690963262677 -0.064633014417596321 0.013224048353685781 0.020974938051661129 0.006329669052992256
decision_type=2 2 2 2 2 2 2 2 2 2 2 2 2 2 2 2 2 2 2 2 2 2 2 2 2 2 2 2 2 2
left_child=1 3 -3 4 5 6 -1 8 9 10 13 14 -10 25 15 -9 17 27 -18 20 -16 26 -15 -24 -11 -7 -14 -17 -21 -25
right_child=-2 2 -4 -5 -6 7 -8 11 12 24 -12 -13 21 22 19 16 18 -19 -20 28 -22 -23 23 29 -26 -27 -28 -29 -30 -31
leaf_value=-0.00038226898812519561 0.00049336058436892931 -2.0982218363011877e-05 0.00054924337727361885 -0.00028849205840810165 -0.00029085040904682012 -0.00041820178097085856 -5.1013303835645365e-05 0.00050138376385802988 0.00027145685447168134 -4.4775498243452183e-05 -0.0005748725266096665 0.00034247069083253987 0.00031853034656874286 0.00028081073632208809 -4.2835963064563284e-05 0.00036952964643260754 -0.00025464441058047245 -0.00014600661775330081 0.00015805654963644753 -2.6817271325573809e-05 -0.00052995891242971997 -0.00024306805175405724 -0.0003882863450350917 -0.00014812702885988514 0.00030889660387765618 -1.2628998096757145e-05 1.1917232865548946e-05 2.3286467066182843e-05 0.00024672329832355901 0.00024231196161550049
leaf_weight=22 28 54 23 27 26 44 306 20 45 86 27 35 27 21 34 66 43 25 28 130 20 36 22 31 25 22 410 22 33 22
leaf_count=22 28 54 23 27 26 44 306 20 45 86 27 35 27 21 34 66 43 25 28 130 20 36 22 31 25 22 410 22 33 22
internal_value=4.84151e-13 -7.97581e-06 0.000149345 -1.52953e-05 -1.07644e-05 -6.21864e-06 -7.32317e-05 1.10343e-05 -1.86839e-05 -0.00010745 -0.00019104 6.43446e-05 3.27249e-05 -0.000127068 4.12225e-05 0.000121346 8.00379e-05 0.000188063 -9.18891e-05 -3.41013e-05 -0.000223252 1.00125e-05 -1.98578e-05 -0.000104045 3.48804e-05 -0.000283011 3.08613e-05 0.000282969 2.85621e-05 1.3942e-05
internal_weight=1760 1732 77 1655 1628 1602 328 1274 818 300 189 456 518 162 421 204 184 113 71 217 54 473 96 75 111 66 437 88 163 53
internal_count=1760 1732 77 1655 1628 1602 328 1274 818 300 189 456 518 162 421 204 184 113 71 217 54 473 96 75 111 66 437 88 163 53
is_linear=0
shrinkage=0.05


Tree=199
num_leaves=31
num_cat=0
split_feature=267 291 130 51 252 109 310 249 325 227 248 260 124 199 295 5 144 180 323 163 177 271 308 122 194 304 329 168 154 9
split_gain=0.00270576 0.00929978 0.00170145 0.0014467 0.000656295 0.00068294 0.00147047 0.00065903 0.000806383 0.000788756 0.000782343 0.000670234 0.000949372 0.00113456 0.00103692 0.000845312 0.000789388 0.000804499 0.000839424 0.00113003 0.00100539 0.000813646 0.000752365 0.000723401 0.000715842 0.00067919 0.000837943 0.00100274 0.00133935 0.00138435
threshold=0.073302367348293387 0.027227503846177125 0.10450407560464715 0.89587973461402759 0.11205154342222676 0.10121054671881639 0.0033952097196125594 0.064404392858782925 -0.0024198575312253672 -0.10681930800189285 0.019409979516781192 -0.017647906467341011 0.019058061489284548 0.027315046104426515 -0.01476088392294741 3.7250397849037498 -0.022679802992464786 0.030575218659211433 -0.0059704673481577554 -0.0033958104999121121 -0.0087328875726089914 -0.020694855997181478 0.050314221548798346 -0.026949316318765956 -0.0026048547539519649 -0.057562030666761015 0.010331226527762714 0.011892631168789018 -0.00099680772036318094 0.023461772768809019
decision_type=2 2 2 2 2 2 2 2 2 2 2 2 2 2 2 2 2 2 2 2 2 2 2 2 2 2 2 2 2 2
left_child=2 -2 3 4 5 7 -7 9 -9 -1 -10 12 13 14 -11 22 -16 18 20 -20 -18 -21 25 -14 -25 -13 -27 28 29 -28
right_child=1 -3 -4 -5 -6 6 -8 8 10 11 -12 15 23 -15 16 -17 17 -19 19 21 -22 -23 -24 24 -26 26 27 -29 -30 -31
leaf_value=0.00029550489751905526 -5.2236384782680456e-05 0.0012164547796237458 0.00040518472445304118 -0.00038887609956033819 -0.00024870336156113652 4.5088244643983639e-05 -0.00049700312348167333 3.7219898572279691e-05 -0.00050228607017613412 7.8178846061663623e-05 -9.5376813961020509e-05 0.00021943484212637749 -0.00010761070909211414 -0.00038273673536980737 -0.00039111876487731934 -0.00029274734995505283 -0.00012903016625205054 -0.00038738278009986971 6.2515212145323559e-05 -0.00054373118022454047 0.00030029691188246946 -0.00013957076867386191 -0.00014886881325398003 0.0003579965893520914 2.2436116593710793e-06 -3.9867161622687147e-06 0.00047811522923510381 -3.0193279671948405e-05 4.8037975648185242e-05 6.6228672478567152e-05
leaf_weight=23 52 20 24 26 29 29 22 37 21 88 27 49 30 31 25 21 25 20 39 20 30 33 57 31 26 632 51 100 108 34
leaf_count=23 52 20 24 26 29 29 22 37 21 88 27 49 30 31 25 21 25 20 39 20 30 33 57 31 26 632 51 100 108 34
internal_value=-5.94337e-13 0.000300178 -1.28038e-05 -1.88325e-05 -1.29588e-05 -8.7098e-06 -0.000188755 -2.81614e-06 -0.000138189 4.99558e-06 -0.0002734 3.87504e-07 -5.48795e-05 -9.57233e-05 -6.39468e-05 2.12965e-05 -0.000129088 -8.98615e-05 -4.93824e-05 -0.000141765 0.000105148 -0.000292084 2.76931e-05 9.11254e-05 0.000195723 3.80258e-05 2.8416e-05 9.83086e-05 0.00016489 0.000313361
internal_weight=1760 72 1688 1664 1638 1609 51 1558 85 1473 48 1450 398 311 280 1052 192 167 147 92 55 53 1031 87 57 974 925 293 193 85
internal_count=1760 72 1688 1664 1638 1609 51 1558 85 1473 48 1450 398 311 280 1052 192 167 147 92 55 53 1031 87 57 974 925 293 193 85
is_linear=0
shrinkage=0.05


Tree=200
num_leaves=31
num_cat=0
split_feature=96 97 107 129 99 314 220 278 130 305 196 267 181 307 214 92 210 200 225 116 237 178 163 168 286 19 222 235 182 198
split_gain=0.00269072 0.00204146 0.00155701 0.0068308 0.00112927 0.00106122 0.000995019 0.000950809 0.000719146 0.000655032 0.00118612 0.000912549 0.00085975 0.000768153 0.00108925 0.00112352 0.00110249 0.00100962 0.000786532 0.00076533 0.000906476 0.00100573 0.000883865 0.00102517 0.00161188 0.00117871 0.000963926 0.000900729 0.000751816 0.00073949
threshold=0.10630283631224409 0.19769325664880663 0.089022088644225242 0.045025011877243788 0.15224517173393717 0.010345142107271837 0.15581046815870933 0.007619127478167253 0.088293294797913938 -0.054102059871535789 -0.0068287155688575201 0.034220617990852582 0.0058735622071398605 0.026256121400221797 -0.002566771187239001 0.07250651631382396 0.010405205179046955 0.0069341159576673849 -0.046478074215175781 -0.076689439163189557 0.0025141871796618572 0.044518505418514071 0.02271967681826691 -0.013724842091654569 -0.058728541281106016 8.5100000000000016 0.0040141314844907581 0.026478099696368707 0.0040237666336195776 -0.0096088449313351722
decision_type=2 2 2 2 2 2 2 2 2 2 2 2 2 2 2 2 2 2 2 2 2 2 2 2 2 2 2 2 2 2
left_child=1 2 4 5 6 7 8 -4 9 10 -1 12 -12 19 18 16 17 -16 -15 -11 22 29 23 -21 -25 26 -26 28 -24 -22
right_child=-2 -3 3 -5 -6 -7 -8 -9 -10 13 11 -13 -14 14 15 -17 -18 -19 -20 20 21 -23 27 24 25 -27 -28 -29 -30 -31
leaf_value=0.00010326401425118093 0.00052579598025962089 -0.00049725984582394062 0.00026660491976971654 0.0010165909200441092 -0.0003687159379213964 -0.00031402728309143672 0.00025562562052592903 -0.00015775038462544961 -0.0002413762696532478 -0.0001818065651415095 -0.00060878509788640919 3.3837655646493655e-05 -0.00018556584192473176 0.00024845938783983 0.00018999117350580895 -8.4089469954571027e-05 -9.9212463428557382e-05 0.00052807613435160259 -9.5311494063788249e-05 4.2109041653379218e-05 -5.4707384862757125e-05 -0.00030370675878657496 7.4562145268178693e-05 -0.00055227355296665341 -0.00055628178486823231 -5.6336182538993121e-05 -9.8516341202649417e-05 -0.00014447852366720326 0.00045298381065506311 9.3814158452009238e-05
leaf_weight=36 24 21 33 20 22 22 35 22 34 67 21 20 28 20 63 35 20 34 99 142 110 20 35 20 23 313 23 25 21 352
leaf_count=36 24 21 33 20 22 22 35 22 34 67 21 20 28 20 63 35 20 34 99 142 110 20 35 20 23 313 23 25 21 352
internal_value=-2.2516e-13 -7.26907e-06 -1.26918e-06 0.000193306 -1.29341e-05 -2.05344e-05 -8.0298e-06 9.68628e-05 -1.39414e-05 -8.87732e-06 -0.000129391 -0.000250776 -0.000366946 2.13789e-08 7.57565e-05 0.000164452 0.000238802 0.000308495 -3.75349e-05 -1.78103e-05 -7.67395e-06 4.34246e-05 -4.85867e-05 -7.24752e-05 -0.000115406 -9.10685e-05 -0.000327399 0.000105066 0.00021647 5.84519e-05
internal_weight=1760 1736 1715 97 1618 77 1596 55 1561 1527 105 69 49 1422 271 152 117 97 119 1151 1084 482 602 521 379 359 46 81 56 462
internal_count=1760 1736 1715 97 1618 77 1596 55 1561 1527 105 69 49 1422 271 152 117 97 119 1151 1084 482 602 521 379 359 46 81 56 462
is_linear=0
shrinkage=0.05


Tree=201
num_leaves=31
num_cat=0
split_feature=299 130 51 141 128 99 98 312 139 229 131 181 275 8 11 1 244 321 160 115 170 153 91 161 137 290 200 265 283 305
split_gain=0.0026488 0.00175606 0.00137575 0.000694462 0.00203061 0.00105741 0.000619202 0.000588925 0.000670504 0.000873663 0.00120166 0.000914451 0.00100798 0.00129877 0.00121746 0.00119188 0.00111786 0.000920892 0.00110308 0.00106272 0.00117606 0.00109406 0.000902337 0.00109181 0.000882784 0.000838048 0.000777479 0.00072885 0.000695209 0.000776776
threshold=-0.096082389719443287 0.10450407560464715 0.89587973461402759 -0.055773463008436663 0.0072249071259621071 0.15224517173393717 0.030830738244923613 -0.072824451399648424 -0.0033374020838900088 -0.0501209021742723 -0.014379159157355338 0.049286588958917493 0.024922706812960365 0.047885646217986903 3.1417410714285716 3.1567740231385479 0.044910475616866494 0.0096439222996239585 -0.023457421689763783 -0.023663240525187024 -0.0065480834013573455 -0.0042249061634507907 0.024543117093053006 -0.0069816397984600025 -0.021026755860655531 0.025929379668665573 -0.033305869024510146 0.073545402945303498 0.055153293417731321 -0.019385895344394971
decision_type=2 2 2 2 2 2 2 2 2 2 2 2 2 2 2 2 2 2 2 2 2 2 2 2 2 2 2 2 2 2
left_child=-1 2 3 4 6 7 -2 -5 26 10 -10 12 13 17 15 -15 25 18 -11 -19 -21 -22 23 -12 -20 -14 -9 28 29 -28
right_child=1 -3 -4 5 -6 -7 -8 8 9 11 22 -13 16 14 -16 -17 -18 19 24 20 21 -23 -24 -25 -26 -27 27 -29 -30 -31
leaf_value=0.00055818540609574741 -0.00017930145965822574 0.00042725401998841729 -0.00037349928618193818 0.00018067276792862685 0.0005730460866470821 -0.00034313066359269824 0.00017082770405661154 -0.00028439971352139872 -0.00043980715259253476 0.0002385665598558262 -0.0004352175202929293 -0.00019352053043293404 -6.5092968128869098e-05 -0.00011466176219983027 0.00054244717254186984 0.00028025309060727261 -0.00035956340848665257 -7.6641626947093755e-05 0.00015234208697988158 2.482499984790383e-05 0.00015970041291940766 0.00059038283293678744 0.00012607044278197744 -8.4248982941147022e-06 -8.7274525965819406e-05 0.00023676877972320654 -0.0001420226508444416 -0.00024837203650699503 0.00013765196102105034 -6.5261988949174924e-06
leaf_weight=21 28 23 26 40 20 24 23 34 22 40 23 41 111 29 25 56 26 37 47 39 29 30 49 43 211 29 145 39 59 391
leaf_count=21 28 23 26 40 20 24 23 34 22 40 23 41 111 29 25 56 26 37 47 39 29 30 49 43 211 29 145 39 59 391
internal_value=-3.72531e-13 -6.74059e-06 -1.25575e-05 -7.00459e-06 0.00014605 -1.37167e-05 -2.14001e-05 -8.75996e-06 -1.36328e-05 1.48598e-05 -0.000101245 3.60683e-05 4.93449e-05 8.23079e-05 0.000235729 0.000145517 -5.848e-05 4.33327e-05 -5.74559e-06 0.000151668 0.000237867 0.000378691 -3.64767e-05 -0.000157156 -4.36234e-05 -2.56446e-06 -5.14666e-05 -3.89749e-05 -2.52497e-05 -4.3181e-05
internal_weight=1760 1739 1716 1690 71 1619 51 1595 1555 887 137 750 709 543 110 85 166 433 298 135 98 59 115 66 258 140 668 634 595 536
internal_count=1760 1739 1716 1690 71 1619 51 1595 1555 887 137 750 709 543 110 85 166 433 298 135 98 59 115 66 258 140 668 634 595 536
is_linear=0
shrinkage=0.05


Tree=202
num_leaves=31
num_cat=0
split_feature=51 110 211 130 145 306 269 293 213 148 322 92 91 172 206 187 196 8 92 199 294 275 150 225 123 230 304 265 325 187
split_gain=0.00276506 0.000761251 0.00357686 0.000883628 0.000747689 0.000927642 0.00075248 0.000717475 0.00189666 0.0007131 0.000698905 0.000724652 0.000642175 0.00165299 0.0011873 0.00130196 0.00113667 0.000982107 0.00111208 0.000879492 0.000976395 0.00115564 0.00102462 0.0010096 0.000796976 0.000895693 0.000983395 0.000992483 0.000770578 0.000767832
threshold=0.89587973461402759 -0.042741045416721184 -0.098702431702471699 0.094982780185472404 -0.051563935370005164 -0.010128114598545885 0.0040686518059713595 -0.043912580932050742 0.11876612468642285 0.063753976725688527 0.03017511725688184 -0.089262612674551808 -0.080603490551106813 0.0069994672362266247 0.0077657497285647274 0.010969557133567487 0.006072216860833324 0.30429292929292934 0.18496494449955514 0.00027698230921063886 0.025511657213854604 -0.035527611067850871 -0.028322261677341913 0.00274649606780675 -0.016277446092674928 -0.0029283638434620157 -0.0099734084457863605 -0.0021962322949605467 0.0037383028733536535 -0.0041055256367470037
decision_type=2 2 2 2 2 2 2 2 2 2 2 2 2 2 2 2 2 2 2 2 2 2 2 2 2 2 2 2 2 2
left_child=1 2 -1 4 5 -3 -7 8 -6 12 11 -4 13 14 15 -9 -15 18 19 20 22 -22 -14 28 -24 26 -26 -28 -23 -19
right_child=-2 3 10 -5 7 6 -8 9 -10 -11 -12 -13 17 16 -16 -17 -18 29 -20 -21 21 23 24 -25 25 -27 27 -29 -30 -31
leaf_value=0.0006668259073352523 0.00049290234518204151 -0.00045308874209045569 0.00032143070212831457 -0.00032253511186960775 -2.4554457926269358e-05 0.00010353145854120763 -0.00028145654941909016 -0.00057279098052249262 -0.0004926555142177407 0.00025293399620360496 -0.00023685130279045552 1.1233756527087611e-05 0.0002396365899767261 -4.7191908553031687e-05 -2.1456136407020193e-05 -0.00010923944921939569 0.00036572556773899125 4.154114590381228e-05 -0.00031350477947853509 6.0341558012054475e-05 0.00016016023611882703 5.9252862229186581e-06 -0.00017211676975906206 -0.00055251498647108249 0.00010555795293918853 9.5656736362834878e-05 -5.4063058977542252e-05 -0.00040201091160270154 -0.00037847961211809892 0.00047442402435990519
leaf_weight=23 28 21 21 24 109 30 22 33 27 28 25 182 40 50 45 28 25 21 27 476 20 32 75 22 46 149 57 32 22 20
leaf_count=23 28 21 21 24 109 30 22 33 27 28 25 182 40 50 45 28 25 21 27 476 20 32 75 22 46 149 57 32 22 20
internal_value=1.72636e-13 -7.9684e-06 7.2551e-05 -2.16148e-05 -1.6658e-05 -0.000172616 -5.93481e-05 -8.43191e-06 -0.000117486 3.45222e-06 1.26022e-05 4.33231e-05 -2.27359e-06 -8.91867e-05 -0.000216286 -0.000360013 9.04473e-05 1.28672e-05 3.0142e-06 1.18154e-05 -3.48481e-05 -0.000178011 -4.02802e-07 -0.000267004 -2.71481e-05 1.11358e-05 -8.21502e-05 -0.000179168 -0.000150684 0.000252704
internal_weight=1760 1732 251 1481 1457 73 52 1384 136 1248 228 203 1220 181 106 61 75 1039 998 971 495 96 399 76 359 284 135 89 54 41
internal_count=1760 1732 251 1481 1457 73 52 1384 136 1248 228 203 1220 181 106 61 75 1039 998 971 495 96 399 76 359 284 135 89 54 41
is_linear=0
shrinkage=0.05


Tree=203
num_leaves=31
num_cat=0
split_feature=225 130 51 97 283 152 176 211 274 161 149 194 308 175 88 260 199 157 264 160 314 193 167 167 102 273 174 127 90 252
split_gain=0.00257869 0.00177775 0.00135585 0.000681249 0.0006633 0.00064195 0.00118887 0.00120471 0.000853102 0.000813289 0.000862967 0.00111443 0.00079815 0.000788665 0.00079235 0.000729957 0.000906218 0.000832303 0.0012883 0.00119185 0.00143669 0.00106822 0.0009292 0.00101004 0.000906453 0.000797933 0.000980299 0.000789733 0.00076665 0.000765036
threshold=0.15205142098972116 0.10450407560464715 0.89587973461402759 -0.11653215119266726 -0.081553704440312999 0.013815351385636261 0.0018105106223530042 -0.098702431702471699 -0.044725592677665328 0.03163658433990791 -0.0059474332444139971 -0.0022529682235065251 0.061426059897440398 0.02814843624279428 -0.10546594164074578 -0.018786766540195982 0.027669013877998257 0.0084797284545104958 0.015996158679760387 0.01423921417504217 -0.01818800193666625 -0.0036341410840793338 0.0046558204360054294 0.01066872404219236 -0.010545781185900951 -0.054102407429666613 -0.022160567691223428 -0.021794585390112888 -0.030005941184118878 -0.0066812340142815216
decision_type=2 2 2 2 2 2 2 2 2 2 2 2 2 2 2 2 2 2 2 2 2 2 2 2 2 2 2 2 2 2
left_child=1 2 3 -1 -5 8 9 -8 -6 10 11 -7 15 14 -9 16 25 19 -19 22 -21 -20 24 -24 -17 -10 -27 -26 -28 -29
right_child=-2 -3 -4 4 5 6 7 13 12 -11 -12 -13 -14 -15 -16 17 -18 18 21 20 -22 -23 23 -25 27 26 28 29 -30 -31
leaf_value=-0.00023238574510535479 0.00051473322819219904 0.00043948989213359632 -0.00037837156001478434 -0.00020408950102137171 0.00011723727715733462 -1.2017319824782391e-05 0.00049537294302850067 0.00041032461798749863 0.00022683798384345473 0.00022205544880610735 2.0398695672226426e-05 -0.00040365703586276672 -0.00027612094127107414 -0.00011320023145612248 9.8486639445499432e-05 0.00019828900868418145 -0.00041790230250626342 1.3470086483838743e-05 0.00048381706461265327 -0.00045377700098470086 -7.1091721694669792e-05 5.7760747690086395e-05 -0.00031188394001219422 -3.5161750768370271e-06 -0.0002672189561659858 -0.00035651460808191088 0.0002242078547252194 0.00016120840780392944 -8.9260539201129786e-05 -4.9115420481134957e-05
leaf_weight=33 24 22 25 40 108 39 22 25 21 30 130 34 32 34 110 83 20 186 31 32 105 28 40 79 24 31 22 74 172 104
leaf_count=33 24 22 25 40 108 39 22 25 21 30 130 34 32 34 110 83 20 186 31 32 105 28 40 79 24 31 22 74 172 104
internal_value=-7.94516e-15 -7.11613e-06 -1.28485e-05 -7.43818e-06 -2.95553e-06 2.02303e-06 5.48621e-05 0.000147335 -1.67721e-05 -2.09421e-05 -5.68531e-05 -0.000194425 -3.01235e-05 0.000102029 0.000156234 -2.26407e-05 -9.42355e-05 1.58853e-06 7.80452e-05 -3.3036e-05 -0.000160478 0.000281621 1.01807e-05 -0.000107169 5.91795e-05 -6.79211e-05 -9.5432e-05 2.02061e-06 -5.37126e-05 3.83226e-05
internal_weight=1760 1736 1714 1689 1656 1616 424 191 1192 233 203 73 1084 169 135 1052 266 786 245 541 137 59 404 119 285 246 225 202 194 178
internal_count=1760 1736 1714 1689 1656 1616 424 191 1192 233 203 73 1084 169 135 1052 266 786 245 541 137 59 404 119 285 246 225 202 194 178
is_linear=0
shrinkage=0.05


Tree=204
num_leaves=31
num_cat=0
split_feature=51 302 100 112 302 227 246 220 132 266 282 239 255 158 293 130 201 186 189 104 301 95 322 303 280 99 199 6 206 290
split_gain=0.00264986 0.000716929 0.00124999 0.00119119 0.000842105 0.00203662 0.00081595 0.00131404 0.000905508 0.00104929 0.000889054 0.00135575 0.00149099 0.0011596 0.00102746 0.000851742 0.000896153 0.000809579 0.000788538 0.000896357 0.000781048 0.000780815 0.000778539 0.000738237 0.000720648 0.000711744 0.000752946 0.00105861 0.000805645 0.000997574
threshold=0.89587973461402759 0.006792897248921354 -0.11473453160134182 0.099503553864640201 0.0084652615005368099 -0.010635298597513396 -0.014009425441905006 0.11192018610769312 0.0081295665101015629 0.054047992337516212 -0.0093782742033432284 0.019848233971366411 -0.00039266853454995502 0.0072099457153957216 -0.0066278620290735448 -0.047891411094926513 0.012221579190827584 -0.02047304180207413 -0.039162126300881596 -0.10636920972477439 0.019967458422738397 0.019113037988950792 -0.025384181904612547 -0.018396994016342382 -0.00082783994759600939 -0.025154045874097652 -0.02758875811464671 0.63088277036616536 -9.328943751214478e-05 0.00065428324601937574
decision_type=2 2 2 2 2 2 2 2 2 2 2 2 2 2 2 2 2 2 2 2 2 2 2 2 2 2 2 2 2 2
left_child=1 2 -1 4 5 -3 7 15 9 10 13 12 14 20 -12 -4 22 -18 -6 -20 23 -14 -17 -8 -15 -21 -27 28 -28 -30
right_child=-2 3 6 -5 18 -7 8 -9 -10 -11 11 -13 21 24 -16 16 17 -19 19 25 -22 -23 -24 -25 -26 26 27 -29 29 -31
leaf_value=0.00030897010094829767 0.00048252563387255322 9.4248277552348248e-05 -0.00023801479595325268 -0.00042600352899171414 -0.00020683782563537536 -0.00055058514962729539 -0.00037636478377345902 0.00044807453721825205 5.8431501163997587e-05 -0.00035583110704841416 -0.00013459071097814661 -0.00040285801061372699 -8.5227669793556436e-05 0.0003973520958485703 0.00019837910635172966 0.00033974048678323421 -0.00032893230950735002 3.2896002295064344e-05 0.00031698902686392623 -9.2684834556286039e-05 0.00018549156733430351 -0.00036662972658795743 8.1627581537524702e-05 -3.4535059343657593e-05 3.7703503319510047e-05 -0.00019095136022597955 -6.1543629445996929e-05 0.00029182856897256362 -4.5796519070655219e-05 0.00021220212366589457
leaf_weight=36 28 24 24 20 52 25 22 22 225 29 36 33 67 30 65 36 22 52 21 198 26 39 155 56 26 37 163 39 67 85
leaf_count=36 28 24 24 20 52 25 22 22 225 29 36 33 67 30 65 36 22 52 21 198 26 39 155 56 26 37 163 39 67 85
internal_value=7.69666e-13 -7.80064e-06 1.96894e-05 -4.54443e-05 -3.47394e-05 -0.000234748 8.8976e-06 7.55701e-05 -2.28075e-05 -6.54154e-05 -4.43603e-05 -0.000105224 -5.77751e-05 4.69353e-05 7.96968e-05 4.72134e-05 7.30453e-05 -7.46746e-05 -1.99352e-05 -4.00248e-06 -5.18385e-05 -0.000188762 0.000130277 -0.000130949 0.000230372 -1.5447e-05 2.36658e-05 4.60975e-05 1.56737e-05 9.8479e-05
internal_weight=1760 1732 1001 731 711 49 965 311 654 429 400 240 207 160 101 289 265 74 662 610 104 106 191 78 56 589 391 354 315 152
internal_count=1760 1732 1001 731 711 49 965 311 654 429 400 240 207 160 101 289 265 74 662 610 104 106 191 78 56 589 391 354 315 152
is_linear=0
shrinkage=0.05


Tree=205
num_leaves=31
num_cat=0
split_feature=141 19 51 142 330 118 270 265 305 144 309 287 158 81 140 332 149 248 103 132 134 333 9 125 149 89 275 279 268 310
split_gain=0.00262142 0.00158238 0.00477321 0.00427036 0.000716367 0.00199463 0.000707929 0.00154302 0.00197862 0.00108083 0.00116545 0.00109378 0.000847019 0.00154317 0.00167092 0.000871158 0.000836464 0.000836414 0.00116113 0.000743419 0.000739848 0.00118504 0.00116247 0.00131025 0.000840848 0.000774482 0.000811684 0.000995206 0.000894735 0.000806847
threshold=0.10121221227309303 37.125000000000007 0.89587973461402759 -0.00028317435512196593 0.058734888332247513 0.017720225008372805 0.025421116300263658 -0.034054727657094754 0.022184107549739308 -0.010829619526455595 -0.035070292770215991 0.03170733570162465 -0.013384168476764982 -0.51023367092153304 -0.0080226012487791456 -0.023648602075855025 0.032315122412122865 0.009626872095066184 -0.019133405791725452 0.023794622838574388 -0.006296952085059997 -0.00095540300713857506 0.023301058727716952 0.023456167810065483 -0.016361943680148459 0.0032191120105764938 0.013086272910061697 0.005574586174887596 -0.00063121643387780855 0.00072558737754385195
decision_type=2 2 2 2 2 2 2 2 2 2 2 2 2 2 2 2 2 2 2 2 2 2 2 2 2 2 2 2 2 2
left_child=1 2 4 -3 6 -6 12 8 -8 11 -11 -9 13 14 -1 19 20 -12 -19 -14 21 24 -23 -24 -17 29 28 -28 -27 -22
right_child=-2 3 -4 -5 5 -7 7 9 -10 10 17 -13 15 -15 -16 16 -18 18 -20 -21 25 22 23 -25 -26 26 27 -29 -30 -31
leaf_value=0.00068773701146710668 0.00053029534781513657 -0.00013104575250677214 -0.00073035860373436108 0.00083290323556866512 -9.5886791744057773e-06 0.00057350063194462565 -0.00011957332137373873 -6.1662613139064484e-05 -0.00070175039447349262 -0.00027276983794133862 4.6940989611753956e-06 -0.00045582727331445013 2.5112233698261358e-05 3.2735431414225589e-05 6.2848248584803355e-05 0.00018663009977899493 0.00011348098048959376 1.1128502364954329e-05 0.00043076000222700881 0.00027015381462824271 -2.157613752815175e-06 -9.9045181754523322e-05 -0.00064975089807031228 -0.00013804240993108992 -0.00014128041416963403 0.00027924252879327265 -0.0002636466229297504 0.00010828048082268131 -1.2989728808558237e-06 -0.00018332425706118913
leaf_weight=20 23 27 23 20 55 20 54 66 20 26 117 24 150 293 23 34 74 32 34 39 132 56 29 22 46 54 37 35 60 115
leaf_count=20 23 27 23 20 55 20 54 66 20 26 117 24 150 293 23 34 74 32 34 39 132 56 29 22 46 54 37 35 60 115
internal_value=-1.80478e-13 -7.02176e-06 -1.49803e-05 0.000279145 -5.11e-06 0.000145902 -1.22243e-05 -7.24998e-05 -0.000276918 -2.19078e-05 4.04744e-05 -0.000166773 6.21936e-06 7.37849e-05 0.000353494 -1.94908e-05 -4.5408e-05 8.4979e-05 0.000227302 7.56764e-05 -6.43722e-05 -0.000147485 -0.00025632 -0.000429014 -1.91845e-06 -2.84782e-05 4.85809e-05 -8.28487e-05 0.000131589 -8.65065e-05
internal_weight=1760 1737 1690 47 1667 75 1592 373 74 299 209 90 1219 336 43 883 694 183 66 189 620 187 107 51 80 433 186 72 114 247
internal_count=1760 1737 1690 47 1667 75 1592 373 74 299 209 90 1219 336 43 883 694 183 66 189 620 187 107 51 80 433 186 72 114 247
is_linear=0
shrinkage=0.05


Tree=206
num_leaves=31
num_cat=0
split_feature=51 202 252 286 277 286 124 296 164 225 265 204 139 145 298 325 289 214 244 219 11 119 11 253 104 0 316 268 264 304
split_gain=0.00263861 0.000681504 0.00106602 0.00333182 0.000992606 0.000921292 0.000893768 0.000896181 0.000919224 0.000957119 0.000864528 0.000931811 0.00118184 0.000959244 0.000872956 0.00108126 0.000858791 0.00100195 0.000972471 0.0010871 0.000880333 0.00084455 0.000804263 0.000798849 0.000887747 0.000828828 0.000786169 0.000780928 0.000760336 0.000747902
threshold=0.89587973461402759 0.0033964972722704246 0.050102421934002529 0.041516521493515035 -0.035305251137002731 0.010868505165462179 -0.048488312734080545 0.073281697649744987 0.01781685372496741 0.096451257376492849 -0.0094588326348331499 0.0045856873496870334 0.0014923121045425549 -0.016489886492528461 0.01363037254657808 0.0099499949912364802 -0.022235444076785089 0.0025982559960908724 0.0060228161341017343 -0.014042201346020794 2.1984848484848487 0.058336583539532284 2.7854152897113909 0.0069874615839513928 0.0023207656209525873 5.4359006562387187 -0.034443139150823136 0.016972665394371048 0.024133705477414152 -0.0013932045184527136
decision_type=2 2 2 2 2 2 2 2 2 2 2 2 2 2 2 2 2 2 2 2 2 2 2 2 2 2 2 2 2 2
left_child=1 2 10 4 -4 -6 -3 8 9 21 11 12 13 -1 15 29 23 20 19 -19 -18 -8 -20 25 -25 -12 -10 -22 -13 -14
right_child=-2 6 3 -5 5 -7 7 -9 26 -11 16 28 14 -15 -16 -17 17 18 22 -21 27 -23 -24 24 -26 -27 -28 -29 -30 -31
leaf_value=-0.00048526269596410338 0.00048149994690902534 -0.00033421208007404436 -0.00026899308501188423 0.00073054448527857738 0.00024539729644430385 -0.00013271982707957857 -2.3567769075290455e-05 -0.00035666618177423347 -0.00012609896730282345 -0.00032354473919440354 -0.00015006412534549943 -2.482560363965097e-05 0.00024573606578633193 -0.00014786140132150855 0.00021225730539299549 -0.00034045380078688532 -0.00022455327869144693 0.00052364155056019285 -0.00021306976826357036 0.00016247336190208691 0.00011211339283744888 -0.0003227234731020872 0.00015664555043928743 -5.047830094436875e-05 -0.00046577686589444056 0.00018571114560472779 0.00013955898527448764 -8.4422933320941717e-05 0.00025512254480937767 -0.00010288121598932775
leaf_weight=26 28 26 21 21 49 24 419 21 36 32 34 79 25 111 35 28 34 29 24 74 155 25 38 31 22 40 123 75 35 40
leaf_count=26 28 26 21 21 49 24 419 21 36 32 34 79 25 111 35 28 34 29 24 74 155 25 38 31 22 40 123 75 35 40
internal_value=-4.70341e-13 -7.78406e-06 1.74931e-05 0.000161146 3.39398e-05 0.000121085 -4.67005e-05 -3.53052e-05 -2.46775e-05 -5.94462e-05 -1.75449e-07 -5.84088e-05 -0.00010983 -0.000211894 -5.90217e-07 -8.06941e-05 3.95196e-05 7.33299e-05 0.000169985 0.000264161 1.29206e-05 -4.04121e-05 1.35299e-05 -7.46902e-05 -0.000222866 3.1436e-05 7.941e-05 4.80255e-05 6.11234e-05 3.12024e-05
internal_weight=1760 1732 1050 115 94 73 682 656 635 476 935 379 265 137 128 93 556 429 165 103 264 444 62 127 53 74 159 230 114 65
internal_count=1760 1732 1050 115 94 73 682 656 635 476 935 379 265 137 128 93 556 429 165 103 264 444 62 127 53 74 159 230 114 65
is_linear=0
shrinkage=0.05


Tree=207
num_leaves=31
num_cat=0
split_feature=305 287 315 91 84 132 135 198 7 129 166 219 104 215 88 308 11 316 9 286 316 316 164 231 167 308 131 203 172 262
split_gain=0.00259256 0.00165723 0.00755112 0.00133216 0.00231877 0.000886775 0.00086806 0.00175919 0.000884761 0.000879185 0.000827472 0.00111391 0.00181649 0.00136053 0.00110789 0.000905671 0.000771636 0.00112018 0.00132542 0.00115778 0.00102022 0.00120561 0.00134762 0.000834953 0.000961416 0.00117753 0.00102446 0.000970765 0.000889307 0.000806936
threshold=0.086039783199755263 -0.048849779050016813 0.046893184092365363 0.16264440447566389 0.12639144736602931 0.087337614020363247 -0.064091307514191773 -0.0088938836396936765 0.80571895424836615 -0.0017680476383428361 0.026634630729350271 0.092902564829659265 -0.014349086462791595 -0.046764920505552719 -0.11151268147194465 0.065288685465735893 2.6264534883720931 0.018135149922367717 0.022763636363636368 -0.047147578155467641 0.0041123172681376829 -0.010543217405235774 0.005487274183038124 -0.0051084013528705586 -0.02042977541570833 0.011860193244299539 -0.012678029985769544 0.0039618793102773166 -6.727848441499255e-05 0.0070125917576767697
decision_type=2 2 2 2 2 2 2 2 2 2 2 2 2 2 2 2 2 2 2 2 2 2 2 2 2 2 2 2 2 2
left_child=1 2 -1 5 -5 6 7 -3 10 -9 11 15 -13 -14 -12 16 17 19 -19 -8 21 29 -23 -18 27 26 28 -25 -26 -21
right_child=-2 3 -4 4 -6 -7 8 9 -10 -11 14 12 13 -15 -16 -17 23 18 -20 20 -22 22 -24 24 25 -27 -28 -29 -30 -31
leaf_value=1.4936142132923765e-05 0.00051611580659785734 -0.0005743509866685297 0.0010554639052134007 -0.00069274405919713907 1.7570478801779382e-05 0.00024193927519346208 0.00034897453529993073 -0.00029518958923290483 0.00020675688988477407 0.00012493304008482181 0.00034234279105476166 2.9685260228150485e-05 -0.00016144850378623234 -0.00074465685349423439 2.4087176442411332e-05 -0.00030290129091424338 -5.9819785677202813e-05 -0.00011832175700557093 -0.00056139973045598408 -9.1643801971761979e-05 0.00012361190867725075 -0.0003650418100213366 3.340525158819219e-05 0.00053797496810148004 -0.00046657026312979202 0.00019431196682870546 3.278829240953563e-05 9.651317430490798e-05 -5.2734353983610436e-05 0.00013902519600075418
leaf_weight=136 24 21 20 20 27 33 20 20 45 33 32 38 20 20 188 28 203 86 21 103 72 63 32 20 21 86 201 33 34 60
leaf_count=136 24 21 20 20 27 33 20 20 45 33 32 38 20 20 188 28 203 86 21 103 72 63 32 20 21 86 201 33 34 60
internal_value=2.33103e-13 -7.13524e-06 0.000148337 -2.24857e-05 -0.000284691 -1.44468e-05 -2.00873e-05 -0.000187059 -1.14225e-05 -3.36038e-05 -1.85319e-05 -3.53798e-05 -0.000217873 -0.000453053 7.03789e-05 -2.22363e-05 -1.47873e-05 -6.37024e-05 -0.000205281 -2.04198e-05 -4.28073e-05 -8.92499e-05 -0.000230828 2.25942e-05 6.49488e-05 3.42407e-05 -1.95332e-05 0.000263103 -0.000210744 -6.73497e-06
internal_weight=1760 1736 156 1580 47 1533 1500 74 1426 53 1381 1161 78 40 220 1083 1055 457 107 350 330 258 95 598 395 342 256 53 55 163
internal_count=1760 1736 156 1580 47 1533 1500 74 1426 53 1381 1161 78 40 220 1083 1055 457 107 350 330 258 95 598 395 342 256 53 55 163
is_linear=0
shrinkage=0.05


Tree=208
num_leaves=31
num_cat=0
split_feature=299 130 51 97 99 8 0 8 92 153 104 295 246 312 9 177 283 277 9 141 9 193 277 214 275 269 107 328 266 141
split_gain=0.00250386 0.00161284 0.00146459 0.000570533 0.000615791 0.000628231 0.000660777 0.000625 0.000837338 0.000812665 0.00103913 0.000920685 0.000701092 0.000624481 0.000596125 0.000564986 0.00108174 0.000784007 0.000932621 0.000696839 0.000895832 0.000845025 0.00106626 0.000838927 0.000821363 0.00097272 0.00085952 0.000684467 0.000682948 0.00067618
threshold=-0.096082389719443287 0.10450407560464715 0.89587973461402759 -0.11653215119266726 0.13922506117470876 0.47722567287784684 3.5972184255501678 0.28880463871543272 0.083317744782114928 0.0008241242390411729 0.026091508723505265 -0.007439310896914463 0.0046641855092785919 -0.012058461076543398 0.078585765014667297 -0.012819117872857036 0.0646760632485925 -0.061992056222895872 0.01974984397753277 -0.0022742950651805948 0.018205492424242426 -0.0041181129741449827 0.014245757191168055 -0.0012393544922190216 0.023393297416563718 0.0059723768227556524 0.012231457503777967 0.049196880531919639 -0.0019412727913250551 0.0056504468731595021
decision_type=2 2 2 2 2 2 2 2 2 2 2 2 2 2 2 2 2 2 2 2 2 2 2 2 2 2 2 2 2 2
left_child=-1 2 3 -2 5 6 -5 8 14 10 11 -10 -9 -11 15 16 29 28 19 24 21 22 -21 -23 26 -26 -19 -20 -17 -8
right_child=1 -3 -4 4 -6 -7 7 12 9 13 -12 -13 -14 -15 -16 17 -18 18 27 20 -22 23 -24 -25 25 -27 -28 -29 -30 -31
leaf_value=0.00054269890894093325 -0.0002061695938963177 0.0004093666629120455 -0.00038454232361310949 -0.00022501962230307983 0.00020841683587658578 0.00026510811027643892 -0.00013081556467647585 0.00038927927103248381 -0.00060467501936490534 0.00018708683538924171 -2.0432410545052134e-05 -0.00017039177348977959 -1.4617872426986816e-05 -9.6705634126602306e-05 0.00021946709579600382 -0.00037232835362057976 0.00030328100066981281 0.00016127841699179119 -1.4029507609015391e-07 -0.00032726928774010099 0.00026154517927872285 -6.9049894302224867e-05 9.3176760361529887e-05 0.00022359408914477777 -0.0002101126170018688 0.00025771423563128334 0.00047918144545595475 -0.00029819479760590184 -1.7402989617425415e-05 1.0644787266106245e-05
leaf_weight=21 35 23 26 35 34 21 213 21 23 28 36 26 22 63 31 23 20 73 522 38 35 50 25 48 25 20 30 20 33 140
leaf_count=21 35 23 26 35 34 21 213 21 23 28 36 26 22 63 31 23 20 73 522 38 35 50 25 48 25 20 30 20 33 140
internal_value=-8.5337e-14 -6.55358e-06 -1.21283e-05 -6.39882e-06 -2.17406e-06 -6.59115e-06 -1.01572e-05 -5.35197e-06 -1.0663e-05 -0.000113223 -0.000224392 -0.000374239 0.000182634 -9.38487e-06 2.74755e-06 -2.36143e-06 -5.44446e-05 1.82617e-05 2.97296e-05 9.41207e-05 3.22821e-05 -1.75577e-05 -0.000160426 7.42859e-05 0.000176015 -2.18957e-06 0.000253872 -1.11386e-05 -0.000163176 -7.47123e-05
internal_weight=1760 1739 1716 1690 1655 1621 1600 1565 1522 176 85 49 43 91 1346 1315 373 942 886 344 196 161 63 98 148 45 103 542 56 353
internal_count=1760 1739 1716 1690 1655 1621 1600 1565 1522 176 85 49 43 91 1346 1315 373 942 886 344 196 161 63 98 148 45 103 542 56 353
is_linear=0
shrinkage=0.05


Tree=209
num_leaves=31
num_cat=0
split_feature=96 97 107 129 99 220 314 278 130 86 273 219 5 7 112 89 142 296 320 232 239 97 168 88 328 99 10 158 109 97
split_gain=0.00251332 0.00183937 0.00132195 0.00586612 0.000867006 0.00084026 0.000812644 0.000741918 0.000700869 0.00056469 0.000519584 0.000530433 0.000537152 0.000511134 0.000752855 0.000579026 0.00100282 0.000739694 0.000710035 0.000849188 0.000681042 0.00092708 0.00072578 0.000689895 0.000832049 0.00079462 0.000727034 0.000667247 0.00077711 0.000644792
threshold=0.10630283631224409 0.19769325664880663 0.089022088644225242 0.045025011877243788 0.15224517173393717 0.15581046815870933 0.010345142107271837 0.007619127478167253 0.088293294797913938 -0.43544782749678029 0.098823455505547886 0.26553908264207698 4.1806204448211766 0.80571895424836615 0.01932324961858552 -0.12443459763976837 -0.026326845897103612 0.073281697649744987 -0.047176531537252077 -0.0076375608521003138 -0.022265045996847845 0.042253392489214954 -0.0013095740969031383 -0.094962763044848672 -0.028831842991366645 0.013952974859463752 0.090230664857530549 -0.0040495655970332932 -0.016164366660321138 -0.034303005596400094
decision_type=2 2 2 2 2 2 2 2 2 2 2 2 2 2 2 2 2 2 2 2 2 2 2 2 2 2 2 2 2 2
left_child=1 2 4 6 5 8 7 -4 9 -1 11 12 13 15 -15 16 -11 18 19 -17 21 22 -20 24 -22 27 -27 -26 -29 -18
right_child=-2 -3 3 -5 -6 -7 -8 -9 -10 10 -12 -13 -14 14 -16 17 29 -19 20 -21 23 -23 -24 -25 25 26 -28 28 -30 -31
leaf_value=0.00025572055630618707 0.00050816735068413734 -0.00047213176450376139 0.00023246389358643106 0.00094089632817485848 -0.00032382162118499929 0.00023450436727476438 -0.00027703842654111874 -0.00014238908262003943 -0.00023773992926341155 -0.0004237148806764492 -0.00023776250536320731 -0.00025740767090437223 -0.00026165971445152536 0.00032703058552994795 -7.4623622276703833e-05 -0.00034515312732325801 0.00019544960748383097 -0.00023339876856880439 6.1738517187466909e-05 -2.5328808185941569e-05 0.00040029370746924543 -0.00037698919448303064 -0.00011338388936692674 2.1091111235895832e-05 0.00015004294466399145 0.0004555884556991615 6.2195254455825005e-05 3.7692528989311777e-05 -0.00036206847667926925 -0.0001086261383231128
leaf_weight=20 24 21 33 20 22 35 22 22 34 21 25 21 20 28 20 29 22 32 123 73 25 20 114 710 42 23 24 31 20 84
leaf_count=20 24 21 33 20 22 35 22 22 34 21 25 21 20 28 20 29 22 32 123 73 25 20 114 710 42 23 24 31 20 84
internal_value=-1.93268e-14 -7.02536e-06 -1.33017e-06 0.000177957 -1.20785e-05 -7.78133e-06 -2.0209e-05 8.25227e-05 -1.32137e-05 -8.21447e-06 -1.17173e-05 -7.90408e-06 -4.31779e-06 -7.46074e-07 0.000159675 -6.27385e-06 -0.000108053 3.93621e-06 1.00908e-05 -0.000116259 2.14757e-05 -5.00845e-05 -2.24976e-05 4.24939e-05 0.000134591 8.71437e-05 0.000254707 2.46132e-06 -0.000119076 -4.55161e-05
internal_weight=1760 1736 1715 97 1618 1596 77 55 1561 1527 1507 1482 1461 1441 48 1393 127 1266 1234 102 1132 257 237 875 165 140 47 93 51 106
internal_count=1760 1736 1715 97 1618 1596 77 55 1561 1527 1507 1482 1461 1441 48 1393 127 1266 1234 102 1132 257 237 875 165 140 47 93 51 106
is_linear=0
shrinkage=0.05


Tree=210
num_leaves=31
num_cat=0
split_feature=225 130 51 106 97 273 228 99 308 265 165 165 188 312 290 146 165 198 5 227 227 283 315 184 167 109 287 100 112 233
split_gain=0.0024801 0.00161947 0.00127226 0.000613711 0.000782512 0.000550941 0.000510456 0.000867363 0.000566884 0.00061044 0.000500693 0.000635569 0.00106375 0.000870799 0.000865357 0.00080413 0.000765816 0.000873029 0.000826725 0.000750202 0.000832082 0.000762913 0.000800847 0.000712133 0.000698164 0.000656223 0.000799868 0.000921498 0.000710915 0.000649675
threshold=0.15205142098972116 0.10450407560464715 0.89587973461402759 0.13336549233235348 -0.11653215119266726 0.090355892043337757 0.097157767571966161 0.027838399273560452 -0.092524202095652139 0.095768442055737327 -0.024506807528819018 -0.0091383758544010592 -0.010916769799245295 0.027236058483852018 -0.012444574192778318 -0.0013392272896156348 -0.0081664766315400188 -0.00034322191315123556 2.8888261616113287 -0.074458154452822597 -0.053969540397027643 -0.016086150585659084 0.00055361735858043667 0.0014574481941072137 0.0016359937862438769 0.019391610609159896 0.023070714875673623 -0.0066586907065149152 -0.064507054702285724 0.0054839482263292173
decision_type=2 2 2 2 2 2 2 2 2 2 2 2 2 2 2 2 2 2 2 2 2 2 2 2 2 2 2 2 2 2
left_child=1 2 3 4 -1 6 8 -8 -6 10 -10 12 23 14 15 -14 -13 18 25 -19 -21 -22 -23 -12 -16 28 27 -27 -18 -29
right_child=-2 -3 -4 -5 5 -7 7 -9 9 -11 11 16 13 -15 24 -17 17 19 -20 20 21 22 -24 -25 -26 26 -28 29 -30 -31
leaf_value=-0.00026835685087556567 0.00050479775410773684 0.00041928249212849718 -0.00036652634991332888 0.00023868262842006516 0.00023933437010070877 -0.00018961657018735424 -1.6791198368082406e-05 0.0003910404436861758 -7.6407235789204339e-05 -0.00028517637281765933 4.5795871244211281e-05 -0.00028676019445993009 6.5659734121124665e-05 0.00044064128334866839 0.00011142599898578607 0.0004413177395753306 -0.00026969356559161304 0.00027996952412649988 -0.00033268204925116152 -0.00024343646534058885 0.00014872412743202894 8.4568598128237945e-05 -8.0272634502427155e-05 -0.00028925254838872331 -0.00012605942082496324 0.00011046517850678186 -0.00036404276663610103 -0.00037503178469638378 1.8073815151305059e-05 -4.8595691673004439e-05
leaf_weight=29 24 22 25 25 23 40 32 22 222 20 35 25 28 20 84 29 23 31 25 27 121 143 152 29 49 43 29 27 321 35
leaf_count=29 24 22 25 25 23 40 32 22 222 20 35 25 28 20 84 29 23 31 25 27 121 143 152 29 49 43 29 27 321 35
internal_value=1.07109e-12 -6.97877e-06 -1.245e-05 -7.20912e-06 -1.09034e-05 -6.33695e-06 -1.7406e-06 0.000149362 -7.03558e-06 -1.07685e-05 -7.1048e-06 4.95252e-06 7.2434e-05 0.000126821 9.37872e-05 0.000256784 -1.35005e-05 -6.50818e-06 -5.23902e-05 4.21809e-05 2.55411e-05 4.29988e-05 -3.66545e-07 -0.000106023 2.39314e-05 -3.77305e-05 -0.000131597 -6.73972e-05 -1.16645e-06 -0.000190753
internal_weight=1760 1736 1714 1689 1664 1635 1595 54 1541 1518 1498 1276 274 210 190 57 1002 977 503 474 443 416 295 64 133 478 134 105 344 62
internal_count=1760 1736 1714 1689 1664 1635 1595 54 1541 1518 1498 1276 274 210 190 57 1002 977 503 474 443 416 295 64 133 478 134 105 344 62
is_linear=0
shrinkage=0.05


Tree=211
num_leaves=31
num_cat=0
split_feature=51 110 211 130 322 227 145 306 116 153 162 97 172 112 156 114 111 232 171 280 304 114 84 143 9 168 238 171 180 143
split_gain=0.00258285 0.000648029 0.00298678 0.000851736 0.000599259 0.000630341 0.000575313 0.000776201 0.000582754 0.000855324 0.00108518 0.000618687 0.000614156 0.00087442 0.000833596 0.000879501 0.00110406 0.00083484 0.00110527 0.000835351 0.000947385 0.000814862 0.000747 0.00106931 0.000756331 0.000990618 0.000741018 0.000830559 0.000732284 0.000702513
threshold=0.89587973461402759 -0.042741045416721184 -0.098702431702471699 0.094982780185472404 0.03017511725688184 0.055953384915731555 -0.051563935370005164 -0.010128114598545885 -0.06314306929455972 0.01285000704493419 -0.011746885857397225 -0.11653215119266726 -0.0094968456131087915 0.060182005394889569 0.032070525167976205 -0.038453906053004951 0.01964226683212127 -0.0034118530325640928 -0.009877403455043508 -0.028208819667176196 0.019225713214990829 -0.0082826419980875417 0.13959764537189345 -0.010301894673667827 0.029745102169791451 -0.013431779997747218 -0.0025171446173804231 0.00012483726649136951 0.0016486107053672128 1.0000000180025095e-35
decision_type=2 2 2 2 2 2 2 2 2 2 2 2 2 2 2 2 2 2 2 2 2 2 2 2 2 2 2 2 2 2
left_child=1 2 -1 6 5 -4 7 -3 9 10 -8 -10 13 29 15 16 -14 18 -17 -20 -21 26 23 -23 25 -25 27 -19 -24 -13
right_child=-2 3 4 -5 -6 -7 8 -9 11 -11 -12 12 14 -15 -16 17 -18 21 19 20 -22 22 28 24 -26 -27 -28 -29 -30 -31
leaf_value=0.00060963707734987586 0.0004763852973285664 -0.00040878889416316754 2.1406071059652933e-06 -0.00031573204954232401 -0.00021917898952960969 0.00024392757459281713 -0.00052182443642301399 -4.8619245241682691e-05 -0.0002558947542717721 8.4773852134222745e-05 -9.3516427179565664e-05 5.3114520776353851e-05 1.8153347593310865e-06 -0.00033392880964674986 0.00016829772089917435 -0.00023463315340084049 0.00038508943124564697 -2.3916323702547073e-05 -0.0002224020479269185 0.00011610749164455022 -0.00015066732615370249 -9.8368192040998979e-05 5.0735479699841774e-05 0.00038921663122891913 0.00039417800906127974 6.7441564727741316e-05 6.5432105951582678e-05 -0.00037266073429031342 -0.00025905280900015323 -9.0867809064543344e-05
leaf_weight=23 28 21 171 24 25 32 21 52 23 34 50 151 42 25 95 77 34 38 38 114 47 42 65 30 34 118 55 31 27 193
leaf_count=23 28 21 171 24 25 32 21 52 23 34 50 151 42 25 95 77 34 38 38 114 47 42 65 30 34 118 55 31 27 193
internal_value=2.31366e-13 -7.70138e-06 6.65893e-05 -2.02922e-05 1.18081e-05 4.02548e-05 -1.54256e-05 -0.00015223 -8.20979e-06 -0.000121446 -0.000220199 1.08637e-06 5.79224e-06 -4.84158e-05 2.83432e-05 1.15558e-05 0.00017328 -5.61048e-06 -7.37795e-05 -1.15396e-05 3.82291e-05 3.71501e-05 7.9774e-05 0.000129041 0.00018152 0.000132666 -7.14721e-05 -0.000180599 -4.01806e-05 -2.76663e-05
internal_weight=1760 1732 251 1481 228 203 1457 73 1384 105 71 1279 1256 369 887 792 76 716 276 199 161 440 316 224 182 148 124 69 92 344
internal_count=1760 1732 251 1481 228 203 1457 73 1384 105 71 1279 1256 369 887 792 76 716 276 199 161 440 316 224 182 148 124 69 92 344
is_linear=0
shrinkage=0.05


Tree=212
num_leaves=31
num_cat=0
split_feature=322 19 51 329 194 99 121 287 101 286 290 327 319 222 276 292 292 121 109 306 152 196 206 156 249 141 97 335 9 160
split_gain=0.00255039 0.00142891 0.00448508 0.00394746 0.000686279 0.0012406 0.000880937 0.00101533 0.00279099 0.000927266 0.000998535 0.000816989 0.00111063 0.00119086 0.000839471 0.000770529 0.000939185 0.000832542 0.000915136 0.000692258 0.00100007 0.0011399 0.000902866 0.000859047 0.000773798 0.000913954 0.00103557 0.000817376 0.000761421 0.000683084
threshold=0.074563000707993946 37.125000000000007 0.89587973461402759 0.0010281055897358512 0.027246387975934708 0.093793943255563547 0.0084344122704237568 -0.039129981832535889 0.025390133597139042 -0.053782641529649407 0.0085782696164234448 0.01551776313258244 -0.034990724848159002 -0.00091715249513783174 0.0034295172593450142 0.043487560512289844 0.034909571882165688 0.004316344651758698 0.089719373448349196 0.0099070525597147133 0.018318056300612683 0.0078140789633197021 0.0015215047653274465 0.0084819437390193774 0.0036805289020310733 -0.0047879189282051451 -0.029016937714038616 0.0063186699023155381 0.019976525821596248 0.006167430520590913
decision_type=2 2 2 2 2 2 2 2 2 2 2 2 2 2 2 2 2 2 2 2 2 2 2 2 2 2 2 2 2 2
left_child=1 2 4 -3 6 -6 7 8 -1 10 -9 -8 -13 -14 -15 16 17 18 19 23 21 -21 -23 24 25 28 -27 29 -11 -26
right_child=-2 3 -4 -5 5 -7 11 9 -10 15 -12 12 13 14 -16 -17 -18 -19 -20 20 -22 22 -24 -25 27 26 -28 -29 -30 -31
leaf_value=2.5566741213410614e-05 0.00045706622632375607 0.00079512273339787498 -0.0007088699124996429 -0.0001392198010132863 -5.1296491057490303e-05 -0.00046686455527378712 -8.9230179700373666e-06 2.7084626393237464e-05 0.00064590444241184749 0.00039921147792483681 0.00045977997724548918 -0.00049245482088736028 5.8416043225045706e-05 -0.00048197590422205394 -8.5238244682841479e-05 -0.00014712628171400868 0.00032907807083878049 0.00015202350280080202 -0.00034493913555706969 -0.00011528439347914953 0.0003101907368354181 2.9058854951813374e-05 0.00045730494377494324 6.7503533792997563e-05 -0.00018098668112240073 -0.00042394199457703504 -1.5983425432101026e-05 2.4509360747319517e-05 -2.2618785442318769e-05 -0.00050768524173084488
leaf_weight=66 30 20 23 26 176 20 457 30 25 20 24 20 63 24 30 75 24 89 20 70 38 32 20 124 48 20 70 29 23 24
leaf_count=66 30 20 23 26 176 20 457 30 25 20 24 20 63 24 30 75 24 89 20 70 38 32 20 124 48 20 70 29 23 24
internal_value=3.79326e-13 -7.926e-06 -1.54363e-05 0.000267016 -5.83427e-06 -9.37014e-05 5.92133e-06 3.79403e-05 0.000195989 1.95013e-05 0.000219394 -4.10291e-05 -0.000148127 -8.9268e-05 -0.000261566 4.63327e-06 2.21171e-05 1.03674e-05 -1.30664e-05 -2.52811e-07 8.62083e-05 1.64432e-05 0.000193769 -3.88946e-05 -9.52766e-05 -1.60427e-05 -0.000106641 -0.000199614 0.000173581 -0.000289886
internal_weight=1760 1730 1684 46 1661 196 1465 871 91 780 54 594 137 117 54 726 651 627 538 518 160 122 52 358 234 133 90 101 43 72
internal_count=1760 1730 1684 46 1661 196 1465 871 91 780 54 594 137 117 54 726 651 627 538 518 160 122 52 358 234 133 90 101 43 72
is_linear=0
shrinkage=0.05


Tree=213
num_leaves=31
num_cat=0
split_feature=51 56 130 92 274 120 8 228 222 143 93 92 137 272 216 154 94 114 104 189 278 304 83 98 167 156 195 121 175 168
split_gain=0.00256985 0.000596546 0.00066886 0.000559508 0.00162116 0.000955688 0.000829994 0.000837315 0.000805751 0.000730389 0.000719824 0.000588052 0.000575623 0.000552807 0.00070676 0.000800655 0.000630976 0.000878909 0.000819931 0.000936356 0.00107758 0.00166429 0.00120328 0.000761441 0.000733436 0.000685542 0.000744707 0.000685381 0.000817529 0.000732546
threshold=0.89587973461402759 1.2424533248940004 0.088293294797913938 0.07250651631382396 0.060763250760499966 0.041004176535656349 0.31009615384615391 -0.054703879641346896 -0.011981977792689497 -0.011815849810159781 0.016400123257170392 0.067881850456801021 0.00057636969203803026 -0.043364739597913836 0.032094279532954399 0.012082857006007397 -0.0074539083794853923 0.0011112941280229155 0.066726106238451724 -0.0012463929889955125 0.02836569495684679 -0.0046484266639428675 0.21407895204322583 -0.010921479455651048 0.011232271938732977 -0.011002559732372198 0.00076741299109545373 0.042535935643612792 0.024445850934550626 -0.0089386524298033006
decision_type=2 2 2 2 2 2 2 2 2 2 2 2 2 2 2 2 2 2 2 2 2 2 2 2 2 2 2 2 2 2
left_child=1 2 3 11 5 6 7 -5 -9 -7 -10 13 -12 14 15 -1 17 23 19 20 22 -22 27 -15 -20 26 -25 28 29 -18
right_child=-2 -3 -4 4 -6 9 -8 8 10 -11 12 -13 -14 16 -16 -17 18 -19 24 -21 21 -23 -24 25 -26 -27 -28 -29 -30 -31
leaf_value=0.00010317139615686593 0.00047518469925437659 0.00022123270017410896 -0.00023098740904756331 -0.00038450029329396786 -0.00050588109206728404 -2.3256144292342166e-05 0.00020954117436221251 0.00021534254263401852 -2.895283318691092e-05 0.00039894014655146749 -0.00011433921574886578 0.00024135902942641854 -0.00044286510070605804 -0.0001380861411081947 0.00023455553545235575 -0.00021520297502450249 -6.3901583473327471e-05 9.2522474339299765e-05 -9.2154897962852078e-05 3.0737921025636719e-05 -0.00062792430941375316 -8.8845867419256209e-05 -0.00040714723741984931 0.00028456354184960392 -0.00046979579557955732 -5.1647554370335568e-05 -9.7844308418809145e-06 -0.00023510578220548972 -0.00020649090273663104 0.0001888410908669599
leaf_weight=67 28 28 34 25 20 21 22 21 89 20 30 26 24 107 55 28 45 276 36 319 22 41 20 42 20 118 44 26 27 79
leaf_count=67 28 28 34 25 20 21 22 21 89 20 30 26 24 107 55 28 45 276 36 319 22 41 20 42 20 118 44 26 27 79
internal_value=2.91368e-13 -7.68197e-06 -1.14435e-05 -6.97372e-06 -7.25858e-05 -3.81973e-05 -8.11192e-05 -0.000114953 -7.38631e-05 0.000182693 -0.000116334 5.79201e-06 -0.000260351 1.32791e-06 9.19157e-05 9.33474e-06 -9.7917e-06 2.7577e-05 -4.43357e-05 -2.66661e-05 -9.70965e-05 -0.000277095 -3.95334e-05 -3.00594e-05 -0.000227027 2.66017e-05 0.000133967 2.00492e-06 4.28319e-05 9.712e-05
internal_weight=1760 1732 1704 1670 272 252 211 189 164 41 143 1398 54 1372 150 95 1222 587 635 579 260 63 197 311 56 204 86 177 151 124
internal_count=1760 1732 1704 1670 272 252 211 189 164 41 143 1398 54 1372 150 95 1222 587 635 579 260 63 197 311 56 204 86 177 151 124
is_linear=0
shrinkage=0.05


Tree=214
num_leaves=31
num_cat=0
split_feature=141 19 51 201 320 56 294 151 261 109 312 273 173 138 179 142 109 160 281 286 220 88 328 107 100 126 112 296 319 90
split_gain=0.002524 0.00133057 0.00435088 0.00367864 0.00059503 0.00215181 0.000937769 0.0010904 0.00101784 0.000917344 0.000872094 0.00092885 0.00108721 0.00076275 0.000929364 0.00122283 0.000844524 0.000817133 0.00103203 0.000852787 0.000761396 0.000621975 0.000849247 0.000999957 0.000827039 0.00103777 0.000662172 0.000820644 0.000728302 0.000695694
threshold=0.10121221227309303 37.125000000000007 0.89587973461402759 0.00096906510722529848 0.010743514469450124 1.0000000180025095e-35 0.065343256512016987 -0.037433965669517122 -0.00084800766054856779 0.048557424507958254 0.015841724500741269 -0.025248015157125988 0.00027540189332957339 -0.0037722376348300469 0.015343718678663035 -0.012840700636407803 -0.002495346456150974 -0.017622227366808383 0.03074444527129996 -0.0043162166184687739 0.0051350035011569007 -0.086291932046468497 -0.030298323275590136 -0.07299689130685251 0.0026435781382848299 0.0013170275610181958 -0.065618103077782139 0.035428667613759839 0.025069060382375292 -0.022672508239656896
decision_type=2 2 2 2 2 2 2 2 2 2 2 2 2 2 2 2 2 2 2 2 2 2 2 2 2 2 2 2 2 2
left_child=1 2 4 -3 9 6 7 8 -6 21 11 -11 -13 20 16 -16 -15 -18 19 -19 -9 22 -1 -24 25 -25 29 -28 -29 -23
right_child=-2 3 -4 -5 5 -7 -8 13 -10 10 -12 12 -14 14 15 -17 17 18 -20 -21 -22 26 23 24 -26 -27 27 28 -30 -31
leaf_value=0.00027412550986506782 0.00052034900517078906 -0.00012519196477822132 -0.00069718566804152478 0.00076948426372837287 0.00048466213211213472 0.00053359033218363207 -0.00030982842841435093 0.00018070271148972849 5.9378938974131256e-05 -2.3989242208699579e-05 -2.5203206799536324e-06 -0.00012769333571549911 -0.00059164026377922193 -0.00010172955207209317 -0.00050200526102739591 -6.1485851019824623e-05 -0.00014316280699299219 0.0005534234182310424 -7.0250250532158794e-05 0.00015039045665097157 -2.1221748126360279e-05 7.9385475796048664e-06 -0.0003073084728125001 0.00042401480566565757 -3.4637696025172428e-05 4.3822767940582708e-05 6.3334712113363139e-06 -6.4763732228746606e-05 -0.00034700876473629425 -0.00037276640515691335
leaf_weight=39 23 27 23 20 24 21 21 97 34 28 60 23 28 95 23 50 26 21 28 35 90 21 21 28 105 50 553 87 31 28
leaf_count=39 23 27 23 20 24 21 21 97 34 28 60 23 28 95 23 50 26 21 28 35 90 21 21 28 105 50 553 87 31 28
internal_value=-2.68307e-13 -6.89006e-06 -1.41879e-05 0.000255521 -4.7644e-06 3.6955e-05 1.77834e-05 3.0938e-05 0.000235358 -2.61541e-05 -0.000146229 -0.000255374 -0.000382409 5.44044e-06 -4.70806e-05 -0.00020028 7.47322e-06 0.000101785 0.000177602 0.000301528 8.35198e-05 -8.82248e-06 6.03457e-05 1.94761e-05 5.69759e-05 0.000180302 -3.21667e-05 -1.92091e-05 -0.000138913 -0.000209607
internal_weight=1760 1737 1690 47 1667 565 544 523 58 1102 139 79 51 465 278 73 205 110 84 56 187 963 243 204 183 78 720 671 118 49
internal_count=1760 1737 1690 47 1667 565 544 523 58 1102 139 79 51 465 278 73 205 110 84 56 187 963 243 204 183 78 720 671 118 49
is_linear=0
shrinkage=0.05


Tree=215
num_leaves=31
num_cat=0
split_feature=51 302 100 302 324 294 246 220 132 310 319 325 243 123 161 248 142 237 138 239 189 129 320 318 136 114 119 127 111 276
split_gain=0.00255311 0.000602568 0.00105019 0.000976997 0.00206484 0.000909688 0.000746764 0.00111185 0.000750591 0.000735271 0.00168467 0.000858952 0.000956734 0.000763515 0.00074808 0.00072081 0.000762068 0.000745844 0.000838273 0.000697191 0.000665162 0.000640902 0.000593787 0.000615041 0.000756093 0.000576181 0.000653814 0.000734163 0.000563216 0.000557992
threshold=0.89587973461402759 0.006792897248921354 -0.11473453160134182 0.010258444054409099 -0.021435088416222974 0.002509251579391184 -0.016849019038058802 0.11192018610769312 0.0081295665101015629 -0.036424460638808998 -0.0087540138358508865 0.048992890354768927 0.020566355518737704 -0.0033043159075957025 0.014759231827305418 -0.019012692728183036 -0.013228949509852867 0.019389993791230572 -0.0020636298929893201 -0.0051230426954132552 -0.039162126300881596 0.04379308458355239 0.010953837663910128 0.0010593962266260591 -0.021675137993513418 0.060472722570413549 -0.0062621284680814829 -0.024644030923162513 0.028702337852603312 0.0054903484282399009
decision_type=2 2 2 2 2 2 2 2 2 2 2 2 2 2 2 2 2 2 2 2 2 2 2 2 2 2 2 2 2 2
left_child=1 2 -1 4 -3 -6 7 25 9 10 -8 12 14 -14 15 29 -17 18 -18 -7 -5 -22 23 -10 -25 26 -4 -28 -29 -11
right_child=-2 3 6 20 5 19 8 -9 22 11 -12 -13 13 -15 -16 16 17 -19 -20 -21 21 -23 -24 24 -26 -27 27 28 -30 -31
leaf_value=0.00028270016270602762 0.00047363435857862769 -0.00064259368737111804 -1.7223601875757083e-05 -0.00019271422029751371 0.00012089255760656671 -1.9127232995482962e-05 -0.00059531755578063901 0.00042660396249543525 8.9373816946222516e-05 0.00013673765778631525 -2.0062988499246008e-05 -0.00033080377459396992 0.00030040063759254222 4.4214003074163007e-06 9.2734197988325072e-05 -1.0607009564409964e-05 -0.00014479109235895413 4.2682936923070391e-06 -0.00048247402082779445 -0.00042189901975110515 1.5886614159426318e-05 -0.00013981367910434386 0.00018802715118605801 -0.00033272212976953597 5.5447960135698284e-06 -0.00017493852340941466 0.00040641902318305296 0.00015208360975386178 -0.00014420205014175735 -0.00013524796253698175
leaf_weight=36 28 20 107 51 34 21 20 21 97 44 35 23 37 53 62 50 34 22 40 22 507 76 60 24 53 26 23 81 20 33
leaf_count=36 28 20 107 51 34 21 20 21 97 44 35 23 37 53 62 50 34 22 40 22 507 76 60 24 53 26 23 81 20 33
internal_value=3.22796e-13 -7.65691e-06 1.75454e-05 -4.21679e-05 -0.000189948 -7.2378e-05 7.65364e-06 7.67976e-05 -2.0326e-05 -5.78883e-05 -0.000229246 -3.42081e-05 -1.60169e-05 0.000126102 -6.08965e-05 -0.00010361 -0.000168893 -0.000251333 -0.000327322 -0.000225197 -1.9558e-05 -4.41051e-06 5.23907e-05 5.61956e-06 -9.98891e-05 4.82142e-05 7.33309e-05 0.000151471 9.34132e-05 2.01724e-05
internal_weight=1760 1732 1001 731 97 77 965 278 687 453 55 398 375 90 285 223 146 96 74 43 634 583 234 174 77 257 231 124 101 77
internal_count=1760 1732 1001 731 97 77 965 278 687 453 55 398 375 90 285 223 146 96 74 43 634 583 234 174 77 257 231 124 101 77
is_linear=0
shrinkage=0.05


Tree=216
num_leaves=31
num_cat=0
split_feature=225 130 51 106 97 19 273 8 164 280 313 322 149 210 173 177 321 238 271 315 269 251 227 214 238 7 298 297 96 305
split_gain=0.0023729 0.00160202 0.00127684 0.000518196 0.000629942 0.000471773 0.00062304 0.000519569 0.000594194 0.000837586 0.000690129 0.000717226 0.00077459 0.000913247 0.000698611 0.00083222 0.000813424 0.000659647 0.000643914 0.000628855 0.000604955 0.000599662 0.000563629 0.000892614 0.000711398 0.000605812 0.000711779 0.000623259 0.000613636 0.00087283
threshold=0.15205142098972116 0.10450407560464715 0.89587973461402759 0.13336549233235348 -0.11653215119266726 43.500000000000007 0.090355892043337757 0.029571224531436735 0.01781685372496741 0.042181341836479279 -0.022535353859083503 -0.025384181904612547 -0.016681638807943423 0.0071375206154012929 0.0010842104856096902 -0.0060265840922345418 0.0047905695327763089 -0.0048118714609513029 0.00083473847903473973 -0.00065440490755464204 -0.010531357739316774 0.0064218444095882838 -0.061674576794506865 -0.010163860460634137 -0.0074878215220102176 0.80571895424836615 0.0015311583469522917 0.065905773638186935 -0.012366506068150639 0.041964612385529475
decision_type=2 2 2 2 2 2 2 2 2 2 2 2 2 2 2 2 2 2 2 2 2 2 2 2 2 2 2 2 2 2
left_child=1 2 3 4 -1 6 7 22 9 10 19 21 17 14 16 -16 -14 -13 -11 -9 -17 -12 23 -6 -25 27 -27 28 29 -24
right_child=-2 -3 -4 -5 5 -7 -8 8 -10 18 11 12 13 -15 15 20 -18 -19 -20 -21 -22 -23 25 24 -26 26 -28 -29 -30 -31
leaf_value=-0.00024140772569526903 0.00049376782167200874 0.00041713155665506341 -0.00036698145698755983 0.00021893054337124339 -0.00037031947696440122 -0.00023629171667959205 -0.00020885053768577363 3.2585991296703774e-05 0.00016787134728660767 1.6685163165675477e-05 0.0003770133508268096 -3.1877081450407528e-05 0.0001914877299826073 -0.00038632989024335986 0.00011850598315331376 -8.8620943715795873e-05 -0.00013545617262328353 0.00035989991745075464 -0.00033546959931737987 0.00038434297306661462 -0.00044393974891610688 1.9738312524471745e-05 -4.030072931855347e-05 -0.00024362974963150919 9.4774807661362917e-05 -6.3767471292521815e-05 0.00032396007054244524 -0.00023882558583864012 2.1062708445131066e-05 -0.00035377607948229676
leaf_weight=29 24 22 25 25 28 22 36 24 83 25 23 21 52 20 21 25 30 22 27 27 23 24 297 25 41 20 29 30 636 24
leaf_count=29 24 22 25 25 28 22 36 24 83 25 23 21 52 20 21 25 30 22 27 27 23 24 297 25 41 20 29 30 636 24
internal_value=-1.65102e-13 -6.82628e-06 -1.2268e-05 -7.01764e-06 -1.04123e-05 -6.31512e-06 -3.17843e-06 1.51668e-06 4.71478e-05 1.96202e-05 5.05843e-05 1.77125e-05 -2.11311e-05 -6.88329e-05 -2.67804e-05 -0.000144022 7.18741e-05 0.000168567 -0.000166164 0.00021881 -0.000258878 0.000194575 -1.65339e-05 -0.000133765 -3.34087e-05 -5.89704e-06 0.000165704 -1.44162e-05 -7.38146e-06 -6.37381e-05
internal_weight=1760 1736 1714 1689 1664 1635 1613 1577 447 364 312 261 214 171 151 69 82 43 52 51 48 47 1130 94 66 1036 49 987 957 321
internal_count=1760 1736 1714 1689 1664 1635 1613 1577 447 364 312 261 214 171 151 69 82 43 52 51 48 47 1130 94 66 1036 49 987 957 321
is_linear=0
shrinkage=0.05


Tree=217
num_leaves=31
num_cat=0
split_feature=51 110 106 130 262 152 242 312 166 135 307 287 0 110 214 8 92 147 123 328 249 189 205 329 145 190 253 167 222 111
split_gain=0.00244847 0.000577135 0.00267363 0.000758744 0.000571125 0.000738867 0.000655008 0.000496156 0.000828406 0.000565718 0.00082886 0.000832899 0.000693471 0.00067723 0.000696265 0.000668006 0.000923847 0.000740331 0.000591843 0.00105856 0.000949478 0.00115191 0.000727861 0.000670732 0.000661075 0.000622552 0.000518465 0.000586183 0.000674534 0.000603491
threshold=0.89587973461402759 -0.042741045416721184 0.089706619838367807 0.094982780185472404 0.01788482462561106 -0.00074063266748189091 -0.087040984875222202 -0.072824451399648424 0.072129114818795428 -0.040378356961184671 -0.058945830327161094 0.03170733570162465 3.4175922930736511 0.055534863481915296 0.0213041489363602 0.31009615384615391 0.18496494449955514 0.0029682313414686147 -0.021126100878315485 0.0017241196732004365 0.0051716084005297624 0.0010473576271572654 -0.017842034173477819 0.012874348293494885 -0.059991808519811958 0.001307643212005435 0.0085710852584545815 -0.0047154262434065414 -0.00081615386774430763 0.0033870165738089553
decision_type=2 2 2 2 2 2 2 2 2 2 2 2 2 2 2 2 2 2 2 2 2 2 2 2 2 2 2 2 2 2
left_child=1 2 4 7 6 -6 -1 -3 9 10 -9 13 -11 14 -12 16 18 -17 19 20 25 -22 -21 -24 -20 -14 -26 28 -28 -30
right_child=-2 3 -4 -5 5 -7 -8 8 -10 12 11 -13 15 -15 -16 17 -18 -19 24 22 21 -23 23 -25 26 -27 27 -29 29 -31
leaf_value=-0.00015978821779160922 0.00046382739196165605 0.00016114889067233518 0.0006172045714629348 -0.00029822631962209324 -0.00019588262177551642 7.9694147195347572e-05 0.00013384362927345889 -0.00021783976524602624 -0.0003108850514763617 -0.00029731441944655357 0.00017317189555493922 -9.3892341429900928e-05 -0.00017954459764748916 -4.9980297608271935e-05 0.00051285525339401583 0.00039593325149326117 -0.00032182176073547453 -2.9126787973966985e-05 -0.00024448882872497461 -0.00022534415633414107 -0.00053480593309242035 -0.00012873951924120773 6.5816113973319865e-06 0.00030456702258491603 3.8992205634236183e-05 9.9416004983747083e-05 1.8128933912521464e-05 8.5766810985612333e-06 -0.00034924885511849785 -7.0726475127771301e-05
leaf_weight=23 28 39 20 24 56 43 109 20 24 23 48 31 45 20 22 20 26 21 27 23 31 40 69 26 511 36 50 227 41 37
leaf_count=23 28 39 20 24 56 43 109 20 24 23 48 31 45 20 22 20 26 21 27 23 31 40 69 26 511 36 50 227 41 37
internal_value=1.3532e-13 -7.49836e-06 6.26109e-05 -1.93805e-05 1.45941e-05 -7.61877e-05 8.26805e-05 -1.47873e-05 -1.96262e-05 -1.46116e-05 8.03404e-05 0.000129626 -2.52966e-05 0.000206616 0.00027993 -2.02101e-05 -2.70525e-05 0.00017822 -2.04626e-05 -8.53301e-05 -0.00017256 -0.000306036 2.70335e-05 8.81355e-05 -8.49844e-07 -5.55621e-05 6.74629e-06 -3.96697e-05 -0.000125232 -0.000217129
internal_weight=1760 1732 251 1481 231 99 132 1457 1418 1394 141 121 1253 90 70 1230 1189 41 1163 270 152 71 118 95 893 81 866 355 128 78
internal_count=1760 1732 251 1481 231 99 132 1457 1418 1394 141 121 1253 90 70 1230 1189 41 1163 270 152 71 118 95 893 81 866 355 128 78
is_linear=0
shrinkage=0.05


Tree=218
num_leaves=31
num_cat=0
split_feature=322 107 129 51 99 220 314 278 130 219 275 261 307 305 306 283 315 119 203 204 91 213 189 115 282 121 288 85 277 204
split_gain=0.00237341 0.00129313 0.00510881 0.0013662 0.000717729 0.000762176 0.000643695 0.000610161 0.000594758 0.000426096 0.000432467 0.000792734 0.000495057 0.000877802 0.000779052 0.000777509 0.000729584 0.000602159 0.000582378 0.000533867 0.000857896 0.00122675 0.000819943 0.000737508 0.000744989 0.000708158 0.000689411 0.000680776 0.000588745 0.000588664
threshold=0.074563000707993946 0.089022088644225242 0.045025011877243788 0.89587973461402759 0.15224517173393717 0.15581046815870933 0.010345142107271837 0.007619127478167253 0.088293294797913938 0.26553908264207698 0.063679703571030741 0.025537155983531536 0.026256121400221797 -0.054102059871535789 0.0099070525597147133 -0.0063421239469851976 -0.00027924859010581372 -0.0015503676306746568 0.01019405653823083 -0.0031885739294740096 -0.080603490551106813 0.031829128532452587 -0.039162126300881596 -0.037386355464083219 -0.014454566345100532 0.029995750021978958 0.019776139830850515 0.11238182389147498 -0.00074515778540303957 -0.0053992566753757838
decision_type=2 2 2 2 2 2 2 2 2 2 2 2 2 2 2 2 2 2 2 2 2 2 2 2 2 2 2 2 2 2
left_child=1 3 6 4 5 8 7 -3 9 10 12 -12 19 -14 17 16 -16 -15 -17 20 21 -1 -21 24 -24 28 -25 -28 -26 -22
right_child=-2 2 -4 -5 -6 -7 -8 -9 -10 -11 11 -13 13 14 15 18 -18 -19 -20 22 29 -23 23 26 25 -27 27 -29 -30 -31
leaf_value=-0.00048006264561856237 0.00044092296894935619 0.00021219736923795251 0.00088171255280030899 -0.00037772829438416432 -0.00029599030618059758 0.0002257521252699114 -0.00024378904371670534 -0.00012774508173937318 -0.0002203789184370501 -0.00023818508727345032 -2.6561811552675886e-05 -0.00034960964502533899 -0.00024835707569893984 -0.00010881426778117506 0.00015114628149603959 0.00019623750435299417 0.0005782248527975753 9.9097368163996417e-05 -0.00011120928887370004 -0.00021479560606609528 3.4381702983068487e-06 -5.8776639434654498e-05 9.1807375517929344e-05 2.7910218410463345e-05 -0.00013933985923579191 3.5987891903589896e-05 9.9750027815360474e-05 0.00042282261654856323 -0.00047326297003151422 -0.00017179831213485287
leaf_weight=27 30 33 20 26 22 34 22 22 34 20 79 25 21 60 20 43 20 83 24 37 301 48 41 443 33 28 63 22 22 57
leaf_count=27 30 33 20 26 22 34 22 22 34 20 79 25 21 60 20 43 20 83 24 37 301 48 41 443 33 28 63 22 22 57
internal_value=-4.46324e-13 -7.64606e-06 0.000169722 -1.81817e-05 -1.23645e-05 -8.42775e-06 -1.52109e-05 7.62204e-05 -1.35613e-05 -8.92595e-06 -5.86304e-06 -0.000104218 1.48001e-06 6.21304e-05 8.82114e-05 0.000190249 0.000364686 1.18617e-05 8.61073e-05 -1.31691e-05 -5.66757e-05 -0.00021044 1.41726e-05 2.71662e-05 -8.25664e-05 -0.000168703 5.29367e-05 0.000183369 -0.000272909 -2.44626e-05
internal_weight=1760 1730 97 1633 1607 1585 77 55 1551 1517 1497 104 1393 271 250 107 40 143 67 1122 433 75 689 652 124 83 528 85 55 358
internal_count=1760 1730 97 1633 1607 1585 77 55 1551 1517 1497 104 1393 271 250 107 40 143 67 1122 433 75 689 652 124 83 528 85 55 358
is_linear=0
shrinkage=0.05


Tree=219
num_leaves=31
num_cat=0
split_feature=96 97 130 89 106 226 117 307 306 234 160 211 314 332 106 96 232 314 300 100 316 294 195 235 148 178 201 334 232 287
split_gain=0.00236914 0.00168953 0.0012308 0.000522968 0.00114618 0.000836924 0.000646568 0.000949732 0.00112763 0.000662166 0.000657007 0.000641854 0.000567422 0.000674216 0.000568747 0.000768189 0.000785417 0.000662971 0.000650718 0.000610311 0.00118752 0.00128379 0.000522774 0.000509689 0.000540109 0.000501414 0.000749505 0.000712951 0.000806462 0.000497154
threshold=0.10630283631224409 0.19769325664880663 0.10450407560464715 0.0090281562550164358 0.086953148809129091 -0.10284861856369661 0.021391413905308326 -0.010928345143846651 -0.00086349032617649842 0.0024830632733447299 -0.016682057117302512 -0.14891989584498086 0.062804563074942213 0.011865195689115853 -0.047232176920838372 -0.018225474483273298 -0.01362539693603536 -0.003405967277036633 0.012519438670581839 -0.060604027143916168 -0.0092394860953280283 0.0070024517124259878 0.0077624695491458505 -0.045115049500267172 0.042016174276554914 -0.005999407840632384 -0.0068823305587691281 0.0048636349771699608 0.0085069607447565698 -0.0035909799908979863
decision_type=2 2 2 2 2 2 2 2 2 2 2 2 2 2 2 2 2 2 2 2 2 2 2 2 2 2 2 2 2 2
left_child=1 2 3 5 11 -1 12 8 -8 -10 22 -5 14 -14 15 16 -7 18 -17 20 -16 -22 -9 -21 25 26 -25 28 -28 -29
right_child=-2 -3 -4 4 -6 6 7 10 9 -11 -12 -13 13 -15 19 17 -18 -19 -20 23 21 -23 -24 24 -26 -27 27 29 -30 -31
leaf_value=-0.0003404890516928087 0.00049337638896152685 -0.0004525797517133123 0.00035418446377661895 0.00029499484197003772 0.00037592812820904606 -0.00032237805822991173 0.00040859081259441159 -0.00037552405825408641 0.0002146512954862809 -0.00016904224771265451 3.5192351420558639e-05 7.0057955074477795e-06 -2.262606009026058e-05 -0.00043317924290022349 6.7842364444880299e-05 0.00018620286680288701 7.6844304775087436e-05 0.00028674178001258341 -0.00019996155922854088 -0.00015158819021341582 -0.0001068327772372868 -0.00064923568403173714 -1.8338111944363585e-05 6.2456455144337786e-05 0.00014630106757265268 9.3347667553470935e-06 -0.00011112337390659377 -0.00019669768998624177 -0.00050885522505268461 0.00010440255495128581
leaf_weight=21 24 21 24 20 23 22 34 20 23 22 139 593 20 20 27 24 28 43 20 82 24 20 21 46 46 247 25 29 26 26
leaf_count=21 24 21 24 20 23 22 34 20 23 22 139 593 20 20 27 24 28 43 20 82 24 20 21 46 46 247 25 29 26 26
internal_value=-3.75864e-13 -6.82087e-06 -1.3626e-06 -6.4088e-06 2.94036e-05 -2.79981e-05 -2.16515e-05 4.67424e-05 0.000191268 2.70678e-05 -1.6688e-05 1.64018e-05 -4.45084e-05 -0.000227903 -3.45277e-05 5.73639e-05 -9.88135e-05 0.000147121 1.06736e-05 -5.55798e-05 -0.000193197 -0.00035338 -0.000192575 -3.70394e-05 -1.59316e-05 -3.46351e-05 -0.000106086 -0.000179227 -0.000313889 -5.43594e-05
internal_weight=1760 1736 1715 1691 636 1055 1034 259 79 45 180 613 775 40 735 137 50 87 44 598 71 44 41 527 445 399 152 106 51 55
internal_count=1760 1736 1715 1691 636 1055 1034 259 79 45 180 613 775 40 735 137 50 87 44 598 71 44 41 527 445 399 152 106 51 55
is_linear=0
shrinkage=0.05


Tree=220
num_leaves=31
num_cat=0
split_feature=305 107 332 194 211 303 307 51 194 99 187 302 130 148 175 135 296 305 134 148 121 173 133 175 255 100 0 296 314 161
split_gain=0.00237916 0.00134467 0.00500264 0.000817382 0.00186258 0.0010066 0.00233985 0.00123341 0.000782431 0.000762206 0.000679457 0.000599836 0.000560673 0.00101713 0.000555308 0.000645644 0.000744082 0.0011909 0.00129582 0.000655623 0.00065119 0.000647442 0.000583853 0.000619579 0.000573044 0.00102885 0.000928518 0.000619199 0.0006795 0.0005847
threshold=0.086039783199755263 0.089022088644225242 0.01750185411874949 0.027246387975934708 -0.044884423991312823 0.055717953508154665 -0.0025215016558584225 0.89587973461402759 0.018510882697446839 0.025641926101773693 0.01158940376920242 0.010258444054409099 0.063988212809553122 -0.0068177992367637061 -0.020677383218808802 -0.042980684301485959 0.035428667613759839 -0.014027402404425911 -0.00043316319424866471 -0.035713030393392554 0.011437835913687397 -0.011593745769689258 -0.018533233833622289 -0.039658004188704785 0.025156829244930137 0.017444526267009191 5.5853724835909757 0.023293615767027064 -0.039966172177738325 0.034368535023410557
decision_type=2 2 2 2 2 2 2 2 2 2 2 2 2 2 2 2 2 2 2 2 2 2 2 2 2 2 2 2 2 2
left_child=1 3 10 5 -5 7 -7 8 12 -10 11 -3 14 -14 22 21 19 18 -18 20 -17 -16 23 -1 27 -26 -27 28 -21 -30
right_child=-2 2 -4 4 -6 6 -8 -9 9 -11 -12 -13 13 -15 15 16 17 -19 -20 24 -22 -23 -24 -25 25 26 -28 -29 29 -31
leaf_value=-5.4101177930634659e-05 0.00049441842826733289 0.00021196576523255895 0.00085715736384459203 -0.00051717811304843051 -5.4059529938967903e-05 0.00049664999924061706 -7.3854196990595956e-05 -0.00040408708970062439 2.7598113117094798e-05 0.00034752293341343515 -0.00024953087674723723 -0.00013505230788723565 -0.00043784572368498305 -6.3167936180737645e-06 -5.3342214018544733e-05 0.00030244876033975744 -0.00056572759104892608 1.4488743858009911e-05 -5.6645157979801296e-05 0.0002238511287032452 -1.5919952019085657e-05 0.00021454639682448956 -3.5053738009593953e-05 -0.00038979159549593794 6.7627037308139218e-06 -0.00045253326019822757 -3.5283789384266131e-05 0.00017829774722620778 -2.5283502420231678e-05 0.00024431718498124698
leaf_weight=27 24 33 21 25 165 32 41 20 52 29 22 20 22 36 34 36 25 64 25 32 29 67 153 28 94 30 24 54 475 21
leaf_count=27 24 33 21 25 165 32 41 20 52 29 22 20 22 36 34 36 25 64 25 32 29 67 153 28 94 30 24 54 475 21
internal_value=-7.44558e-13 -6.83528e-06 0.000175046 -1.7482e-05 -0.000114996 -4.70429e-06 0.00017623 -1.42963e-05 -8.5514e-06 0.000142139 -1.59447e-05 8.10155e-05 -1.81172e-05 -0.00017 -1.08847e-05 4.43625e-06 -8.88929e-06 -0.000128351 -0.000311186 8.2411e-06 0.000160407 0.000124366 -8.52794e-05 -0.000224998 -5.30795e-06 -9.31562e-05 -0.000267089 1.70315e-05 5.38321e-07 -1.3869e-05
internal_weight=1760 1736 96 1640 190 1450 73 1377 1357 81 75 53 1276 58 1218 1010 909 114 50 795 65 101 208 55 730 148 54 582 528 496
internal_count=1760 1736 96 1640 190 1450 73 1377 1357 81 75 53 1276 58 1218 1010 909 114 50 795 65 101 208 55 730 148 54 582 528 496
is_linear=0
shrinkage=0.05


Tree=221
num_leaves=31
num_cat=0
split_feature=51 302 108 112 9 219 318 246 330 148 206 128 100 281 251 318 245 103 108 213 215 292 333 294 237 280 96 295 194 190
split_gain=0.0023975 0.000523417 0.000957733 0.000919502 0.000625548 0.00212728 0.000754189 0.000657504 0.000628906 0.000844063 0.000962066 0.000651768 0.000620719 0.000609138 0.000608977 0.000661258 0.000590296 0.000723567 0.000579442 0.00085233 0.000625373 0.000565236 0.000696741 0.000529285 0.000595823 0.000824577 0.000566067 0.000517196 0.000635478 0.000648496
threshold=0.89587973461402759 0.006792897248921354 0.092144413228052349 0.099503553864640201 0.060118106424860436 0.0033657107188752029 0.0020357423463103039 -0.030803151502146024 -0.020441644655746914 0.032794339020945015 -0.010119483694822946 -0.032651600656979862 -0.075051198280484094 0.025281708350363804 0.020432529985215768 0.0013193951992865466 0.016040571470529185 -0.00062556589633287198 0.034144619585321188 0.15578899290706213 -0.1061567591947022 0.040775308064587845 0.0088713813568081171 0.017237063091127009 0.021819122915594964 0.032032790093685835 0.006786342888271327 -0.012726379243094199 0.020519525546523691 -0.0020755655467047667
decision_type=2 2 2 2 2 2 2 2 2 2 2 2 2 2 2 2 2 2 2 2 2 2 2 2 2 2 2 2 2 2
left_child=1 2 4 18 7 -6 -7 14 11 12 -11 -9 -10 16 15 -1 17 -13 20 -20 -3 23 -23 24 -22 26 -26 -14 29 -29
right_child=-2 3 -4 -5 5 6 -8 8 9 10 -12 13 27 -15 -16 -17 -18 -19 19 -21 21 22 -24 -25 25 -27 -28 28 -30 -31
leaf_value=3.8635087718527454e-05 0.000458974188326725 -0.00024975702495430596 0.00028095304067281897 -0.0003739392176794354 0.0005570748012608171 0.00014387822105466815 -0.00027185606115381233 -0.00016275809205210491 0.00021939146317890846 -0.00047236519470364631 -6.3677787746504089e-05 7.2948708487995736e-05 2.8547120063306288e-05 -7.0178716709455732e-05 -4.1693297524553994e-05 0.00028100643531564311 4.1253967564054103e-06 0.0004085438983970057 -7.0134217892498589e-05 -0.00041847118671284995 2.1470319412483638e-05 -5.1605796215881135e-06 -0.00034592954628654603 -5.7455800222804237e-05 0.0002207252779726332 0.00043943095925814388 -9.3366266698397416e-05 -0.0001608793041594588 -0.00030700800681578199 -1.3450373574284773e-06
leaf_weight=60 28 25 33 20 22 24 20 27 24 24 36 29 171 36 63 53 35 36 144 20 243 40 24 135 32 22 26 98 28 182
leaf_count=60 28 25 33 20 22 24 20 27 24 24 36 29 171 36 63 53 35 36 144 20 243 40 24 135 32 22 26 98 28 182
internal_value=2.78274e-13 -7.41991e-06 1.60689e-05 -3.95845e-05 7.03879e-06 0.00015563 -4.50919e-05 -3.83377e-06 -2.48524e-05 -4.98924e-05 -0.000227153 6.16355e-05 -2.8748e-05 0.000106184 8.2868e-05 0.000152314 0.000169675 0.000258817 -3.01793e-05 -0.000112614 -5.46387e-06 6.23599e-06 -0.000132949 2.56854e-05 6.04348e-05 0.00017879 7.99256e-05 -4.11809e-05 -7.98935e-05 -5.7182e-05
internal_weight=1760 1732 1001 731 968 66 44 902 726 563 60 163 503 136 176 113 100 65 711 164 547 522 64 458 323 80 58 479 308 280
internal_count=1760 1732 1001 731 968 66 44 902 726 563 60 163 503 136 176 113 100 65 711 164 547 522 64 458 323 80 58 479 308 280
is_linear=0
shrinkage=0.05


Tree=222
num_leaves=31
num_cat=0
split_feature=141 104 0 51 202 89 226 277 130 316 218 278 259 305 124 231 296 286 209 286 191 177 116 157 131 274 295 272 121 82
split_gain=0.00240605 0.00126197 0.00413685 0.00134855 0.000705447 0.000618987 0.000564175 0.000493489 0.000703717 0.000629593 0.000666113 0.000548393 0.000880542 0.00084061 0.000841548 0.000722702 0.00126423 0.000663009 0.000730335 0.000680609 0.000815274 0.00103972 0.000961318 0.000844214 0.000665466 0.000646335 0.00091378 0.000844719 0.00073592 0.000707794
threshold=0.10121221227309303 0.093001867747932565 5.4359006562387187 0.89587973461402759 -0.0054894475752511902 -0.20563429304936115 -0.028712431464645749 -0.056922755509237352 0.015178361572288126 -0.032115557286860587 0.027765343053564859 0.02993522525978309 0.031281153400472043 -0.0042005105681420518 0.0084732594574490217 -0.088693511697139113 0.0084230749817040644 -0.048961962352790156 0.34152230571746406 -0.0063385549289915466 0.014773977122867115 -0.009137987244291542 0.021648522107461824 -0.015126328594062913 -0.0077221280709002136 0.020906594688913163 0.027000828560969029 -0.05043098425530166 0.013215039540869214 -0.46178502135630212
decision_type=2 2 2 2 2 2 2 2 2 2 2 2 2 2 2 2 2 2 2 2 2 2 2 2 2 2 2 2 2 2
left_child=1 3 4 5 -3 -1 -6 8 9 -7 -11 15 -13 -14 -15 16 -9 18 24 20 22 -22 -19 -24 -17 27 28 -21 -27 -29
right_child=-2 2 -4 -5 6 7 -8 11 -10 10 -12 12 13 14 -16 17 -18 19 -20 25 21 -23 23 -25 -26 26 -28 29 -30 -31
leaf_value=-0.00022226174208780697 0.00050804505948611259 -0.00022381820905745069 0.0008094800723483786 -0.00037415555293241945 0.00031166559841949498 0.00021273106117621952 -3.1170168288857291e-05 0.0004272946079644109 -0.00028606643825549181 -0.00026315607453486131 8.3730216021649543e-05 -9.9613251314262359e-06 5.3899560797227815e-05 -0.00055516256463967941 -0.00014506793999442317 6.693387246438457e-05 -6.1889868462458255e-05 -5.2030141832358089e-05 -1.838753571466314e-05 0.00027652367748248112 -0.00018405265218461865 0.00021763231771747458 -1.6953809172264301e-05 -0.0004165073755617554 0.00042573192508176108 0.00010953634645697857 -0.00033774752055950767 0.0002638221210931548 -0.00013610060119541837 1.73598196415395e-05
leaf_weight=34 23 24 20 26 20 21 30 28 37 31 25 212 21 22 29 24 25 205 43 38 24 49 20 39 28 62 26 31 60 483
leaf_count=34 23 24 20 26 20 21 30 28 37 31 25 212 21 22 29 24 25 205 43 38 24 49 20 39 28 62 26 31 60 483
internal_value=4.67313e-13 -6.72714e-06 0.000171449 -1.6921e-05 -9.92299e-07 -1.1177e-05 0.000105964 -6.64325e-06 -0.000106857 -2.07433e-05 -0.000108296 1.13371e-06 -6.12692e-05 -0.000212342 -0.000321972 1.60894e-05 0.000196547 7.64035e-06 0.000134066 -3.94153e-06 -6.23214e-05 8.55715e-05 -0.000103216 -0.000281065 0.000260133 2.41642e-05 -6.86231e-05 4.9042e-05 -1.12687e-05 3.22243e-05
internal_weight=1760 1737 94 1643 74 1617 50 1583 114 77 56 1469 284 72 51 1185 53 1132 95 1037 337 73 264 59 52 700 148 552 122 514
internal_count=1760 1737 94 1643 74 1617 50 1583 114 77 56 1469 284 72 51 1185 53 1132 95 1037 337 73 264 59 52 700 148 552 122 514
is_linear=0
shrinkage=0.05


Tree=223
num_leaves=31
num_cat=0
split_feature=299 130 51 141 128 99 202 312 315 224 10 199 148 93 188 228 247 161 139 174 142 156 244 296 161 89 135 289 11 167
split_gain=0.00232839 0.00138283 0.00124938 0.000465771 0.00139117 0.000652381 0.00045576 0.000431843 0.000459 0.000667665 0.000627103 0.000554866 0.000504868 0.000716907 0.000589008 0.000673204 0.000686674 0.000665162 0.000608677 0.000813912 0.00087038 0.000909898 0.00065225 0.000570786 0.000568508 0.000527485 0.000571287 0.000607449 0.000602138 0.000724621
threshold=-0.096082389719443287 0.10450407560464715 0.89587973461402759 -0.053414957041066823 0.0056035988007579829 0.15224517173393717 -0.0043549097869397448 -0.072824451399648424 0.048438501188944043 0.00029133288974336112 0.037210107303565255 0.048885458127295549 0.070821543885666707 0.10340429695066221 0.0047740787567060504 -0.083118544832567268 0.067376695853575516 -0.031579330889036604 -0.0039819021240231362 0.024413116629142018 0.0059362661877084243 0.016306219047455994 0.015733383066257548 -0.0069781589409110565 -0.015642435261141136 -0.15511658747278256 -0.040378356961184671 0.0089229343582921724 2.6154120767033868 -0.0039445969180148871
decision_type=2 2 2 2 2 2 2 2 2 2 2 2 2 2 2 2 2 2 2 2 2 2 2 2 2 2 2 2 2 2
left_child=-1 2 3 4 6 7 -2 -5 11 -10 -11 12 13 14 17 -16 18 -9 -17 20 22 -22 23 -20 -19 -26 -27 -28 29 -29
right_child=1 -3 -4 5 -6 -7 -8 8 9 10 -12 -13 -14 -15 15 16 -18 24 19 -21 21 -23 -24 -25 25 26 27 28 -30 -31
leaf_value=0.00052333702111528034 0.00015286791868592529 0.00037880286958486822 -0.00035544779272570919 0.0001541511667710438 0.00043967558882761063 -0.00027070033956988482 -0.0001409315385954511 -0.00015681486285418859 -0.00027734432783640495 0.00012698827837344392 -0.00019047720312041099 -0.00020167064001725524 0.0002139964124243879 -0.00028113378914143973 -0.00015644735219374968 -2.0276307717873959e-05 0.00034642125247046356 0.00011686224356190341 0.0001257856284999954 -9.8023722379862613e-05 -4.9752646309452877e-05 0.00032876998164283583 4.4682834987091185e-05 0.00040486777729925832 -0.00019867041425929594 0.00014196740798474316 9.1555094760513225e-06 -0.00036116519854443609 -1.5717590703797707e-05 -8.1559351424549545e-05
leaf_weight=21 22 23 26 40 23 24 33 86 39 35 28 35 27 23 39 192 20 79 28 44 77 20 33 53 41 54 387 37 109 62
leaf_count=21 22 23 26 40 23 24 33 86 39 35 28 35 27 23 39 192 20 79 28 44 77 20 33 53 41 54 387 37 109 62
internal_value=8.98649e-13 -6.31977e-06 -1.14817e-05 -6.18988e-06 0.00011314 -1.19639e-05 -2.34118e-05 -8.05352e-06 -1.22449e-05 -0.000114757 -1.41075e-05 -5.01371e-06 -1.35618e-07 -4.31305e-06 3.65038e-07 4.31222e-05 5.97886e-05 -2.49392e-05 4.69639e-05 9.75919e-05 0.000138384 2.82933e-05 0.000232057 0.000308395 -1.01911e-05 -2.47378e-05 -1.37497e-05 -2.78821e-05 -9.67933e-05 -0.000186059
internal_weight=1760 1739 1716 1690 78 1612 55 1588 1548 102 63 1446 1411 1384 1361 506 467 855 447 255 211 97 114 81 769 690 649 595 208 99
internal_count=1760 1739 1716 1690 78 1612 55 1588 1548 102 63 1446 1411 1384 1361 506 467 855 447 255 211 97 114 81 769 690 649 595 208 99
is_linear=0
shrinkage=0.05


Tree=224
num_leaves=31
num_cat=0
split_feature=51 299 299 165 165 110 266 188 109 259 198 5 165 227 227 132 207 208 254 153 309 185 201 170 235 279 176 309 276 274
split_gain=0.00247079 0.000527339 0.00151703 0.000540502 0.00104312 0.00106324 0.00102669 0.000956488 0.000860474 0.000803007 0.000768871 0.000741933 0.000669873 0.000678384 0.000597527 0.000594347 0.00074639 0.000555445 0.000540561 0.00059542 0.000595382 0.000583946 0.00056623 0.000551051 0.000540605 0.00053784 0.000555351 0.000526152 0.000511594 0.000506718
threshold=0.89587973461402759 -0.059586363185522927 -0.054287422276913695 -0.0091383758544010592 -0.012890057511240375 -0.06496355250205435 -0.019176943676669368 -0.0034234453818551328 0.099634222197662353 0.0044482690414178131 -0.00034322191315123556 2.8888261616113287 -0.0078605331374023476 -0.074458154452822597 -0.061674576794506865 -0.053013360496056768 0.00028532703879928972 0.018680319772641802 0.036625961587972759 -0.0089471726877928207 -0.013827224120110402 0.0095036075236371118 0.014487385652639071 0.0060516984421457943 0.014701299875902041 -0.052279766773778852 -0.00030609381473948688 -0.035070292770215991 0.024898231739939335 -0.0014843790153238371
decision_type=2 2 2 2 2 2 2 2 2 2 2 2 2 2 2 2 2 2 2 2 2 2 2 2 2 2 2 2 2 2
left_child=1 29 -3 4 5 -4 -6 -8 10 -9 11 15 -12 -14 -15 16 -5 25 19 20 -17 22 -21 -23 -20 -7 -27 -28 -19 -1
right_child=-2 2 3 8 6 17 7 9 -10 -11 12 -13 13 14 -16 18 -18 28 24 21 -22 23 -24 -25 -26 26 27 -29 -30 -31
leaf_value=3.2540686456270818e-05 0.00046593623306502455 0.00037740996863598977 0.00025105248141932328 -0.00044878464832436298 -6.1110818581976769e-05 -0.0002017047195295163 1.0812641776283271e-05 0.00066182224050862718 -0.00027543883138337954 0.00023284400910294304 -0.00026008787419414149 -0.00030780158962568689 0.00026971328474685618 -0.0002401532162149947 3.2749813464376698e-05 -0.00029473698462337077 -4.2500194831518462e-05 -0.000224204877086517 -6.1408618221678039e-05 0.00011811672478000654 -2.9092399811567952e-05 -0.00015538208247143923 -8.2506364838587224e-05 0.00014586276667614585 -0.00034918157689389773 -4.8116458310003621e-05 -0.00013176204254547054 0.00012641146348731964 3.4526603598476805e-05 -0.00023017289509152762
leaf_weight=29 28 26 39 20 29 28 20 20 34 24 20 29 29 21 447 31 26 56 51 161 66 63 45 20 24 133 23 139 29 50
leaf_count=29 28 26 39 20 29 28 20 20 34 24 20 29 29 21 447 31 26 56 51 161 66 63 45 20 24 133 23 139 29 50
internal_value=4.14053e-14 -7.53246e-06 -1.50106e-06 -7.55618e-06 3.33315e-05 1.63376e-06 0.000185685 0.000297515 -2.78684e-05 0.000427834 -1.98747e-05 -6.18356e-05 2.36284e-05 3.50455e-05 2.05042e-05 -4.77666e-05 -0.000219146 -2.22077e-05 -3.06658e-05 -6.79988e-06 -0.000113989 2.91771e-05 7.42913e-05 -8.2793e-05 -0.000153496 7.71965e-06 2.75972e-05 8.97572e-05 -0.000135932 -0.000133734
internal_weight=1760 1732 1653 1627 540 447 93 64 1087 44 1053 536 517 497 468 507 46 408 461 386 97 289 206 83 75 323 295 162 85 79
internal_count=1760 1732 1653 1627 540 447 93 64 1087 44 1053 536 517 497 468 507 46 408 461 386 97 289 206 83 75 323 295 162 85 79
is_linear=0
shrinkage=0.05


Tree=225
num_leaves=31
num_cat=0
split_feature=315 210 51 297 224 130 284 166 299 5 199 320 151 158 298 207 0 151 284 313 209 305 217 8 289 201 105 325 142 333
split_gain=0.00234841 0.0197537 0.00237189 0.000616944 0.00052515 0.000494356 0.000498035 0.000470087 0.000441283 0.000434452 0.000441518 0.00055527 0.000686497 0.000858695 0.000777499 0.000685367 0.000623736 0.000997154 0.000494339 0.000887827 0.00068878 0.000573582 0.000483316 0.000668701 0.000454272 0.000456312 0.000581509 0.000606759 0.000640245 0.000484131
threshold=0.04971749227683625 0.0069943813373304015 0.89587973461402759 -0.0013229013716622919 0.0023827578441107961 0.088293294797913938 -0.097558355777054864 0.072129114818795428 -0.056001325810517276 4.1806204448211766 0.048885458127295549 0.010743514469450124 -0.037433965669517122 -0.021092207234578081 -0.03744462417415792 -0.0098719662387653367 3.9019216517693867 -0.0021098067181389655 -0.0026777462778733731 0.014661520912886522 0.16793461845663987 -0.013033837173904338 -0.13320969720660664 0.23466833541927412 0.069398909096933456 0.050488998465023478 0.085004932851084042 0.04271231908273123 -0.0095589020183978 -0.0010844003018717736
decision_type=2 2 2 2 2 2 2 2 2 2 2 2 2 2 2 2 2 2 2 2 2 2 2 2 2 2 2 2 2 2
left_child=2 3 5 4 -2 6 -1 8 -8 10 11 16 13 -13 15 -14 17 -10 -16 21 -21 -20 -18 24 25 26 27 -24 -29 -28
right_child=1 -3 -4 -5 -6 -7 7 -9 9 -11 -12 12 14 -15 18 -17 22 -19 19 20 -22 -23 23 -25 -26 -27 29 28 -30 -31
leaf_value=-0.00023081420792247324 -0.00037006434880216453 0.0016069240169599654 -0.00051993880618323135 4.882167544268186e-05 -5.13301303726621e-05 -0.00020965701859950058 -0.00011460792823515489 -0.00022567482424758214 -0.00033743020689786028 -0.00022323425611830316 -0.00016400167243903394 -1.6274914907460864e-05 -1.3886814631405287e-05 0.0003870013050883162 7.4762550725103623e-05 0.00035704788565591589 -0.00017089375597654575 0.00010078079526248899 -0.00025514616490715741 0.00035493992705596614 2.2883692711022581e-06 -3.8802488370492943e-05 6.6262849891583558e-07 0.00022535636694686088 -0.00022740426055471681 0.00019947040368909559 0.00034900478843891982 -0.00039039985193604871 4.8852674080990258e-06 2.8908670194343559e-05
leaf_weight=24 24 21 23 49 28 30 77 23 34 20 35 22 20 33 171 33 38 21 47 20 45 88 659 35 21 30 21 21 20 27
leaf_count=24 24 21 23 49 28 30 77 23 34 20 35 22 20 33 171 33 38 21 47 20 45 88 659 35 21 30 21 21 20 27
internal_value=-8.85155e-13 0.00021163 -1.57624e-05 -7.84805e-05 -0.000198438 -8.58222e-06 -4.77639e-06 -1.30111e-06 2.05428e-06 8.2028e-06 1.1415e-05 1.57817e-05 5.94938e-05 0.000225691 3.79352e-05 0.000217073 -6.80527e-06 -0.000170113 1.23442e-05 -4.10236e-05 0.000110797 -0.000114122 3.49512e-06 1.14409e-05 2.07039e-06 8.26443e-06 5.95742e-07 -1.09486e-05 -0.000197578 0.000168951
internal_weight=1760 122 1638 101 52 1615 1585 1561 1538 1461 1441 1406 479 55 424 53 927 55 371 200 65 135 872 834 799 778 748 700 41 48
internal_count=1760 122 1638 101 52 1615 1585 1561 1538 1461 1441 1406 479 55 424 53 927 55 371 200 65 135 872 834 799 778 748 700 41 48
is_linear=0
shrinkage=0.05


Tree=226
num_leaves=31
num_cat=0
split_feature=51 106 0 130 97 120 283 312 284 19 308 315 94 117 88 313 168 164 121 312 211 95 218 258 295 188 148 239 279 194
split_gain=0.00230105 0.000491082 0.0031012 0.000577016 0.000509852 0.000400586 0.000442899 0.000419294 0.000507448 0.00045399 0.00041434 0.000420446 0.000944986 0.000704268 0.00054368 0.000674821 0.000517319 0.000568982 0.00067583 0.000507086 0.000705688 0.000515588 0.00049061 0.000485847 0.00073069 0.000616476 0.000470266 0.000457899 0.000451559 0.000425229
threshold=0.89587973461402759 0.10422843662718799 5.173316863805991 0.094982780185472404 -0.11653215119266726 0.10513846859746213 -0.081553704440312999 -0.072824451399648424 -0.097558355777054864 43.500000000000007 -0.092524202095652139 0.041051680378618137 -0.016726691713068526 -0.0045046356821759467 -0.094962763044848672 -0.031581661312635019 0.060411701044612763 0.039697124487150494 0.016623469666354179 0.015048743236181486 -0.037432793276143524 0.039337857259543148 0.0057468930717882822 -0.0030199357893574059 0.0076690706450812827 0.0079832546149683388 0.0024314382776582685 -0.00092579514902648146 0.012292381331985857 0.0019507831932264834
decision_type=2 2 2 2 2 2 2 2 2 2 2 2 2 2 2 2 2 2 2 2 2 2 2 2 2 2 2 2 2 2
left_child=1 3 -3 4 -1 6 -6 -8 -9 10 -10 14 -13 27 15 -12 17 19 29 -16 -21 -22 23 28 25 -25 -26 -14 -17 -19
right_child=-2 2 -4 -5 5 -7 7 8 9 -11 11 12 13 -15 16 22 -18 18 -20 20 21 -23 -24 24 26 -27 -28 -29 -30 -31
leaf_value=-0.00021657757701930302 0.00044964651959682146 -0.00012416981264196209 0.00059512819824031685 -0.00024183131902612298 -0.00017894729943371794 0.00020684539977082751 0.00016718964414654433 -0.00023594018812218566 0.00022505604050820696 -0.0002408050306257792 0.000262378653525574 9.0005503489977713e-05 -0.00051099023563438105 -5.1936942968082306e-05 5.3496573382237961e-06 -0.0001663478899743119 -0.00022415043931687251 0.00040518536691143669 -9.8222012093174277e-05 -0.00030524687073466342 -8.0224442825831339e-05 0.00012923022066908224 0.00019069047976656641 0.00034345726890023799 7.3656910672070808e-05 -3.6855113152837892e-07 -0.00021576677018310874 -0.00017264898560824806 7.8154685758948159e-05 0.00010519263677350763
leaf_weight=29 28 43 23 27 37 22 35 24 20 20 38 47 20 44 698 58 28 21 22 30 183 35 42 32 32 22 25 20 28 27
leaf_count=29 28 43 23 27 37 22 35 24 20 20 38 47 20 44 698 58 28 21 22 30 183 35 42 32 32 22 25 20 28 27
internal_value=9.14146e-14 -7.26911e-06 0.000126495 -1.25683e-05 -8.79152e-06 -5.04879e-06 -7.98435e-06 -3.90593e-06 -7.85603e-06 -4.18711e-06 -9.72198e-07 -4.08553e-06 -8.95248e-05 -0.000189976 4.38725e-06 6.66604e-05 -1.21354e-05 -6.29247e-06 0.00013126 -1.64708e-05 -7.78848e-05 -4.65964e-05 3.5542e-05 2.46462e-06 7.158e-05 0.00020338 -5.32833e-05 -0.00034182 -8.67424e-05 0.000236439
internal_weight=1760 1732 66 1666 1639 1610 1588 1551 1516 1492 1472 1452 131 84 1321 277 1044 1016 70 946 248 218 239 197 111 54 57 40 86 48
internal_count=1760 1732 66 1666 1639 1610 1588 1551 1516 1492 1472 1452 131 84 1321 277 1044 1016 70 946 248 218 239 197 111 54 57 40 86 48
is_linear=0
shrinkage=0.05


Tree=227
num_leaves=31
num_cat=0
split_feature=225 130 51 94 9 295 198 224 336 275 9 214 88 250 216 132 205 164 174 317 156 165 302 228 165 199 250 284 324 281
split_gain=0.00227975 0.00140454 0.00125769 0.000465077 0.00101441 0.00071208 0.000703422 0.00105294 0.000841654 0.00065088 0.000681523 0.000677879 0.000942116 0.000797283 0.000787926 0.000618514 0.000751609 0.000571941 0.000552196 0.000579761 0.000681138 0.000493687 0.00056007 0.000489888 0.000555053 0.000533418 0.000480076 0.000479776 0.000506468 0.000452664
threshold=0.15205142098972116 0.10450407560464715 0.89587973461402759 -0.0086679255100746647 0.063836636891178203 -0.067398182517841174 -0.0045947434344016649 -0.10169523162588225 0.042901177295148342 0.035350788903409987 0.016420405522001729 -0.010163860460634137 -0.1078121415838293 0.0091951880947702524 0.1037796073257891 -0.046908493233937185 0.0047282353356909211 -0.019570788455776436 -0.0060916508548327268 0.0085076882346110331 0.0075444659880347367 0.0025375237273454914 0.026800438836986178 -0.018721246948243793 0.015677148081077303 0.003288188619385745 -0.021496572406453456 -0.008235314122223102 -0.0072888718923156169 -0.052569934451845581
decision_type=2 2 2 2 2 2 2 2 2 2 2 2 2 2 2 2 2 2 2 2 2 2 2 2 2 2 2 2 2 2
left_child=1 2 3 4 29 -5 7 -7 21 11 -11 17 13 -13 15 -14 26 -8 19 20 -19 22 -9 24 -23 -25 -17 -20 -29 -1
right_child=-2 -3 -4 5 -6 6 9 8 -10 10 -12 12 14 -15 -16 16 -18 18 27 -21 -22 23 -24 25 -26 -27 -28 28 -30 -31
leaf_value=0.00015606219057372076 0.00048397899140582016 0.00039027821545790757 -0.00036383027455303817 -0.00031830131866150799 0.00031229164351002665 -0.00037844164547062029 0.000137637172799238 7.9624132274783204e-05 -0.00030626389064612649 -0.00033131053461637263 -1.5704349396401088e-05 0.00051404351384421311 -0.00012494637593152692 9.7329507116228353e-05 -0.00016983030713163319 0.00023807383723368938 0.00031824635108932851 -0.00048443812159927222 0.00013913387458387659 2.9305245178485554e-05 -8.1270331356790855e-05 -0.00041050267089823528 -0.00015760881412696167 -0.00013372716788250148 -9.4397612222720217e-05 0.00012200930893748976 -1.7292125913728442e-05 -0.00024974202625108541 1.2413813488694421e-05 2.4025872792582236e-07
leaf_weight=50 24 22 25 21 29 27 43 126 30 26 50 22 27 24 35 26 40 22 40 21 20 21 31 44 41 38 63 27 58 687
leaf_count=50 24 22 25 21 29 27 43 126 30 26 50 22 27 24 35 26 40 22 40 21 20 21 31 44 41 38 63 27 58 687
internal_value=-4.67266e-13 -6.69095e-06 -1.17862e-05 -6.57541e-06 2.22254e-05 -3.04772e-05 -2.37762e-05 -7.82055e-05 -5.3715e-05 1.2043e-05 -0.000123675 3.40827e-05 9.34921e-05 0.000296628 4.45694e-05 9.26719e-05 0.00013822 -2.68698e-05 -6.44963e-05 -0.000185201 -0.000292453 -2.8544e-05 3.2782e-05 -9.54062e-05 -0.000201465 -1.52151e-05 5.73092e-05 -3.66143e-06 -7.08592e-05 1.08116e-05
internal_weight=1760 1736 1714 1689 766 923 902 358 331 544 76 468 237 46 191 156 129 231 188 63 42 301 157 144 62 82 89 125 85 737
internal_count=1760 1736 1714 1689 766 923 902 358 331 544 76 468 237 46 191 156 129 231 188 63 42 301 157 144 62 82 89 125 85 737
is_linear=0
shrinkage=0.05


Tree=228
num_leaves=31
num_cat=0
split_feature=141 19 51 216 330 118 130 166 267 99 309 267 0 330 275 133 116 93 96 7 280 222 214 196 191 233 188 204 127 215
split_gain=0.00225835 0.00122461 0.00394489 0.00323541 0.000505436 0.00138882 0.000489709 0.000474254 0.000420252 0.00119547 0.000699597 0.000696451 0.000745959 0.000476921 0.000518446 0.000954887 0.00111577 0.000566465 0.00057283 0.000533904 0.000625677 0.000464662 0.000451194 0.000699788 0.000754106 0.000688256 0.000778512 0.000649938 0.000577198 0.000695496
threshold=0.10121221227309303 37.125000000000007 0.89587973461402759 -0.004097792877598384 0.058734888332247513 0.017720225008372805 0.10450407560464715 0.072129114818795428 -0.0086540414221570171 0.13922506117470876 -0.064829098226623846 -0.0065523870160288438 3.4175922930736511 0.032065492298834576 0.026862108400105732 0.005244126522194221 -0.016471038054886044 0.087944780998875607 0.041400589067766599 0.80410785759427028 -0.031400101015914658 -0.016869149493694047 0.0025196536526019713 -0.0018351751590782491 -0.010841100146162559 0.017505816747971827 0.00060982586558524609 -0.012326649241692026 0.009447035417770944 -0.00097340537661357192
decision_type=2 2 2 2 2 2 2 2 2 2 2 2 2 2 2 2 2 2 2 2 2 2 2 2 2 2 2 2 2 2
left_child=1 2 4 -3 6 -6 7 8 10 11 -1 -10 -13 14 17 16 -16 18 19 20 -12 -22 -14 25 -25 26 -24 -26 29 -29
right_child=-2 3 -4 -5 5 -7 -8 -9 9 -11 13 12 22 -15 15 -17 -18 -19 -20 -21 21 -23 23 24 27 -27 -28 28 -30 -31
leaf_value=-0.0003209063347943205 0.0004922042502743273 -0.00011181247429232355 -0.00066386979862885628 0.0007272355031454936 -7.4462683418956158e-06 0.00047910325018165169 -0.00025637608889155671 -0.00021916471571155574 0.0002016723768478683 0.00036477289031608965 0.0001495199125444439 -0.00028314381324098971 -2.2570392654001618e-05 -0.00017422950208128898 -0.00054626859055133541 5.0150984782892507e-05 -9.2520891164548678e-05 0.00027429284644313161 -0.00020834895727906162 0.00027019131055567414 0.00013724403971638013 -5.6227057454331469e-05 -8.8859212476000686e-05 -0.00019123371259245853 0.00030943675985326989 0.00034577041731080822 0.00018994464722533349 -0.00011758994073983666 -0.0001739339599653784 0.00016224442402972274
leaf_weight=21 23 27 23 20 55 20 20 26 44 24 60 23 547 50 20 53 42 20 30 20 36 225 42 44 20 31 62 34 34 64
leaf_count=21 23 27 23 20 55 20 20 26 44 24 60 23 547 50 20 53 42 20 30 20 36 225 42 44 20 31 62 34 34 64
internal_value=5.44973e-13 -6.51738e-06 -1.35186e-05 0.000245229 -4.54557e-06 0.0001223 -1.05213e-05 -7.39342e-06 -3.83194e-06 1.62843e-05 -3.76146e-05 7.43378e-06 -2.05179e-06 -2.69148e-05 -1.2358e-05 -0.00010568 -0.000238891 1.50898e-05 1.11658e-06 1.95446e-05 3.92801e-06 -2.95414e-05 5.31166e-06 5.13887e-05 -8.94754e-06 0.000138988 7.73508e-05 4.38195e-05 3.57447e-06 6.5159e-05
internal_weight=1760 1737 1690 47 1667 75 1592 1572 1546 969 577 945 901 556 506 115 62 391 371 341 321 261 878 331 196 135 104 152 132 98
internal_count=1760 1737 1690 47 1667 75 1592 1572 1546 969 577 945 901 556 506 115 62 391 371 341 321 261 878 331 196 135 104 152 132 98
is_linear=0
shrinkage=0.05


Tree=229
num_leaves=31
num_cat=0
split_feature=51 110 211 130 141 165 248 81 297 197 314 145 326 167 175 153 135 0 175 178 157 123 188 159 128 206 114 199 117 171
split_gain=0.00243105 0.000478873 0.00235251 0.000595664 0.000446534 0.000484136 0.000450345 0.000439085 0.00138275 0.000833263 0.000755625 0.0005407 0.000420043 0.000419642 0.000588355 0.000437498 0.000395703 0.000553475 0.000512383 0.000476095 0.000453842 0.000672136 0.000739538 0.000995683 0.000556249 0.000715668 0.000641992 0.000543612 0.000592077 0.000525895
threshold=0.89587973461402759 -0.042741045416721184 -0.098702431702471699 0.094982780185472404 0.045310462327185712 -0.0156062588597173 0.0053053564075987531 -0.27258124885104745 0.03006764429748272 -0.0057076209709208828 -0.0011098561106348433 -0.059991808519811958 -0.011695573538133476 -0.0022926236926854122 0.012417626677506162 0.0041580162900218594 -0.040378356961184671 3.4175922930736511 -0.026260170912252603 -0.018565544179645291 -0.015945512402081755 -0.043181557439174574 0.0065305047115066127 -0.0056538608988788196 -0.035452623934018317 -0.010119483694822946 -0.058878551998080488 -0.010812262857192506 -0.036486590476209085 0.0061523024122192302
decision_type=2 2 2 2 2 2 2 2 2 2 2 2 2 2 2 2 2 2 2 2 2 2 2 2 2 2 2 2 2 2
left_child=1 2 -1 7 5 6 -4 11 9 -9 12 -3 -11 -7 15 -15 18 -18 -13 -20 27 22 23 -22 25 -23 -26 -19 -29 -30
right_child=-2 3 4 -5 -6 13 -8 8 -10 10 -12 16 -14 14 -16 -17 17 20 19 -21 21 24 -24 -25 26 -27 -28 28 29 -31
leaf_value=0.0005383413188847835 0.00046217377249766812 -0.00017653695460669245 8.4051149575056373e-06 -0.00026536349719208374 -0.00021191434212336653 7.0302343087411879e-05 0.00028722069497841101 -0.00023915645799734784 -0.00047471826158774393 0.0001241933809069451 0.00032251551470142747 -0.00012652616808776182 -0.0001891150046899186 -0.00034348799684570018 0.00012853611638309389 -6.2923540209532916e-05 -0.00025196583086179326 -5.7109597026566631e-05 -6.9128391094802112e-05 0.00019499788910300262 -0.00051203063948460938 -0.00039143450634583133 5.9583151702217068e-05 -0.00010446752873015592 0.0002871042335027596 -4.2165563552936712e-05 -2.0229644424385941e-07 0.00029663998693649777 -1.0200404487174336e-05 0.0001860177979358683
leaf_weight=23 28 45 28 24 21 71 30 31 21 20 21 23 23 24 21 33 23 77 22 76 22 20 31 47 20 55 699 32 96 53
leaf_count=23 28 45 28 24 21 71 30 31 21 20 21 23 23 24 21 33 23 77 22 76 22 20 31 47 20 55 699 32 96 53
internal_value=-1.03765e-13 -7.47163e-06 5.6391e-05 -1.82951e-05 7.77324e-06 3.00604e-05 0.00015262 -1.42253e-05 -0.000107551 -2.63874e-05 7.66726e-05 -6.15243e-06 -4.33902e-05 -1.76474e-05 -9.77042e-05 -0.000181056 -2.36298e-07 -9.10226e-06 8.58588e-05 0.000135704 -4.25342e-06 -2.11126e-05 -0.000143276 -0.000234415 -5.72685e-06 -0.000135304 7.78954e-06 5.41657e-05 0.000101504 5.95953e-05
internal_weight=1760 1732 251 1481 228 207 58 1457 116 95 64 1341 43 149 78 57 1296 1175 121 98 1152 894 100 69 794 75 719 258 181 149
internal_count=1760 1732 251 1481 228 207 58 1457 116 95 64 1341 43 149 78 57 1296 1175 121 98 1152 894 100 69 794 75 719 258 181 149
is_linear=0
shrinkage=0.05


Tree=230
num_leaves=31
num_cat=0
split_feature=51 89 106 226 228 126 321 228 130 225 335 286 315 316 252 151 201 182 296 297 93 208 241 212 11 262 83 314 19 134
split_gain=0.00219402 0.000469926 0.00216331 0.000709708 0.000579243 0.000733612 0.000595317 0.000592562 0.000569071 0.000547678 0.0006093 0.000710228 0.00061243 0.000692999 0.000590654 0.000716132 0.000597385 0.000586384 0.000583646 0.000553802 0.000671678 0.000527793 0.000640838 0.000493273 0.000560622 0.00067523 0.000695416 0.000636312 0.000599032 0.000687034
threshold=0.89587973461402759 -0.0017770586856914554 0.10072941190815972 -0.10284861856369661 0.097157767571966161 -0.029660439162861391 -0.048228122184830163 0.0024017357540936789 0.088293294797913938 -0.014957264045433369 -0.0021257224386650965 -0.053782641529649407 0.041051680378618137 -0.020683729402812368 -0.022314781481018366 0.019459311364908225 -0.0015226057188895907 0.024452053047582207 0.046500900795627791 0.0012218133743550918 -0.030021791163352844 -0.01031970647441359 -0.0045810626850641993 0.36699320091508913 2.3095841784989859 -0.017250834124702057 0.30645757240939342 -0.008643361339938949 9.3452380952380967 0.00020350297739241317
decision_type=2 2 2 2 2 2 2 2 2 2 2 2 2 2 2 2 2 2 2 2 2 2 2 2 2 2 2 2 2 2
left_child=1 3 23 -1 6 -6 7 -5 9 18 12 -12 13 -11 -15 16 -16 19 21 -13 -21 22 -8 24 27 28 -27 -3 -26 -30
right_child=-2 2 -4 4 5 -7 8 -9 -10 10 11 17 -14 14 15 -17 -18 -19 -20 20 -22 -23 -24 -25 25 26 -28 -29 29 -31
leaf_value=-0.00031749831548603697 0.00043906509360697654 -0.000281992724901809 0.00051108983008651358 -4.0025548722561716e-05 -5.1059725090107396e-05 0.00036687505479286693 4.106713018700248e-05 -0.00037859976200707026 -0.00028569135823090623 9.4250877317152005e-05 0.00025160865513428759 -0.00011949713520525119 -0.0003202015098489436 3.1741633493867186e-05 4.1130905684644393e-06 -0.00041881397017277781 -0.00024406556134882372 0.00019094543556626565 -0.00015962616835305668 0.00023984696696249466 -3.64788561030734e-05 1.9435925044714235e-05 0.00033631754456163281 0.00015786558371973133 2.6567931171165265e-05 3.2589017720461724e-05 0.00033444365501054561 -1.3484439554495591e-05 -0.00033255692158288891 -3.649173893283533e-05
leaf_weight=21 28 36 22 28 21 21 40 24 20 47 26 127 29 45 49 25 48 29 33 29 91 191 34 51 74 415 20 57 36 43
leaf_count=21 28 36 22 28 21 21 40 24 20 47 26 127 29 45 49 25 48 29 33 29 91 191 34 51 74 415 20 57 36 43
internal_value=3.86277e-14 -7.09805e-06 2.25636e-05 -2.9966e-05 -2.36565e-05 0.000157908 -3.19906e-05 -0.000196291 -2.20907e-05 -1.58368e-05 -4.56377e-05 1.78507e-06 -0.000104575 -7.53542e-05 -0.000123087 -0.000180196 -0.000118697 -2.1749e-05 3.86647e-05 -4.67213e-05 3.02999e-05 6.33575e-05 0.000176723 7.88107e-06 -3.35125e-06 1.46907e-05 4.64674e-05 -0.000117423 -7.56547e-05 -0.000171408
internal_weight=1760 1732 754 978 957 42 915 52 863 843 545 302 243 214 167 122 97 276 298 247 120 265 74 732 681 588 435 93 153 79
internal_count=1760 1732 754 978 957 42 915 52 863 843 545 302 243 214 167 122 97 276 298 247 120 265 74 732 681 588 435 93 153 79
is_linear=0
shrinkage=0.05


Tree=231
num_leaves=31
num_cat=0
split_feature=315 101 51 221 180 320 248 320 216 312 167 233 324 327 173 295 307 291 277 167 311 107 266 302 246 129 92 270 319 294
split_gain=0.00220446 0.0180965 0.00235821 0.000562835 0.000617193 0.00046259 0.000805961 0.000561204 0.000861772 0.000712343 0.000598799 0.000526834 0.000502713 0.000485243 0.000781662 0.000575682 0.00062442 0.000573185 0.000454834 0.000416677 0.000412393 0.000677571 0.000543806 0.000546601 0.000535827 0.00052138 0.00057214 0.000650774 0.000682282 0.000623658
threshold=0.04971749227683625 0.018381713682676541 0.89587973461402759 0.019490239244210356 0.0063695478112678642 0.052348604343009988 0.0076663743447432315 0.03329842467848048 0.008755135454287773 0.0015870210258444363 0.0030058772798605663 0.14089570172969021 -0.0032407554419669874 0.031058573684458943 0.0092787789046193496 0.0076690706450812827 0.010638646025736819 0.019188041183038882 0.000336603188926264 0.043706368031548037 -0.031824918640643518 0.067432657300672286 -0.042175178175239629 0.0093255876686976266 0.017667258863034201 0.022259736132512347 0.044530211708387189 0.0027217928953801201 -0.018304215747975194 -0.0033126969359851808
decision_type=2 2 2 2 2 2 2 2 2 2 2 2 2 2 2 2 2 2 2 2 2 2 2 2 2 2 2 2 2 2
left_child=2 3 5 4 -2 7 18 11 9 12 -10 13 -9 19 15 -15 -17 -16 -7 20 21 22 -1 24 -24 26 29 -28 -29 -22
right_child=1 -3 -4 -5 -6 6 -8 8 10 -11 -12 -13 -14 14 17 16 -18 -19 -20 -21 25 -23 23 -25 -26 -27 27 28 -30 -31
leaf_value=-0.00018735937950017009 0.00013365446847760616 0.0015802633972862171 -0.00051799247663913538 -0.00022711381736111697 -0.00018284876159668784 0.00012490927882277775 -0.00033576237789208701 -5.0647247765126576e-05 0.0004053484149686671 -0.00017330804306160038 6.7716111880145041e-05 -0.00020887524513069148 0.00027025854489273537 0.00013113589269447734 -0.00034471428644815792 5.7889767322194534e-05 -0.00030668611225732808 -2.070967753925721e-05 -0.00017282943122352111 0.00011486272983808095 9.8924114219526703e-05 0.00031666727203022069 0.00028220679861801613 -7.3719921525288996e-05 -1.0828676316193126e-05 -7.8749980012225127e-05 1.1787767189730404e-05 -0.00042362591251730918 -9.2487878033093048e-05 -1.1904472731681056e-05
leaf_weight=24 43 20 23 35 24 29 29 23 29 36 24 33 26 44 39 24 23 21 23 79 214 24 39 38 26 246 120 20 70 312
leaf_count=24 43 20 23 35 24 29 29 23 29 36 24 33 26 44 39 24 23 21 23 79 214 24 39 38 26 246 120 20 70 312
internal_value=-8.23319e-13 0.000205041 -1.52717e-05 -6.46099e-05 2.02802e-05 -8.11222e-06 -0.000124566 -1.96311e-06 9.42249e-05 -4.43828e-06 0.000252458 -1.14717e-05 0.000119629 -6.69227e-06 -9.12133e-05 1.15992e-06 -0.00012052 -0.000231313 -6.78284e-06 3.83799e-06 -3.90337e-06 7.30235e-05 2.69806e-05 7.69239e-05 0.000164993 -1.57322e-05 5.33074e-06 -6.44388e-05 -0.000166074 3.31855e-05
internal_weight=1760 122 1638 102 67 1615 81 1534 138 85 53 1396 49 1363 151 91 47 60 52 1212 1133 151 127 103 65 982 736 210 90 526
internal_count=1760 122 1638 102 67 1615 81 1534 138 85 53 1396 49 1363 151 91 47 60 52 1212 1133 151 127 103 65 982 736 210 90 526
is_linear=0
shrinkage=0.05


Tree=232
num_leaves=31
num_cat=0
split_feature=305 107 315 220 263 93 260 150 220 305 87 148 309 7 256 313 114 108 213 96 104 277 96 116 150 238 254 225 259 151
split_gain=0.00219337 0.00114849 0.00421287 0.000744334 0.000735291 0.000919631 0.000816788 0.000805574 0.00139955 0.000918613 0.000756974 0.000687088 0.000639917 0.000574489 0.000562807 0.000557923 0.000723602 0.000707484 0.00122494 0.000627577 0.00054214 0.000707947 0.000509962 0.000487411 0.000451998 0.00045921 0.000455456 0.000537382 0.00067611 0.000630842
threshold=0.086039783199755263 0.089022088644225242 0.019995405446862794 0.20524790979258015 0.051822530780088576 0.044320591224951744 0.11096571768214984 -0.014146726791232862 0.10209199669400781 -0.054102059871535789 0.0089151302956309124 0.051458030033607903 -0.014828486249741086 0.80571895424836615 -0.0089252518283081082 0.029943096472766186 -0.032806326043938704 0.051851743548592767 0.055051600682366732 -0.0037487002549517015 -0.027578159772813898 -0.016929305635903977 0.09802510594755337 -0.059169845369151923 -0.012131360562829178 0.081655097124500683 -0.030883411490207877 -0.0093725965742198231 0.013338603989732951 -0.00061368814881204378
decision_type=2 2 2 2 2 2 2 2 2 2 2 2 2 2 2 2 2 2 2 2 2 2 2 2 2 2 2 2 2 2
left_child=1 3 12 4 6 20 7 8 23 10 -9 13 -3 15 -14 17 -17 22 19 -19 -6 -22 24 -1 -11 26 -26 -28 29 -29
right_child=-2 2 -4 -5 5 -7 -8 9 -10 11 -12 -13 14 -15 -16 16 -18 18 -20 -21 21 -23 -24 -25 25 -27 27 28 -30 -31
leaf_value=-0.00010244795354352661 0.00047472149605406842 -0.00025116195582086225 0.00080720474972622485 -0.00029884035086623676 0.00010657737030770578 -0.00039010574144776914 -0.0003030041098430626 -0.00046384760389628354 0.00038103375632090323 -0.00022796699513925151 -7.8242488629517287e-05 -0.00028457285740263286 -3.9827714620817765e-05 0.00025060032203327864 0.00029098138125846165 0.00035541297859578795 3.6236539521054138e-05 -0.0002271796358618303 -0.0004546175235591363 0.0001028249994466451 -0.00029559408409064367 -2.8907113770209866e-05 -0.0002341886385693215 6.0024138635280508e-05 0.00011607695534656918 -0.00013055546968726876 6.2218536817613087e-05 -9.0364942742209768e-05 -0.00015190669619566204 9.1507827015006136e-05
leaf_weight=54 24 20 20 23 36 25 22 20 32 21 35 22 36 22 20 21 115 25 25 34 37 76 24 318 103 55 206 86 96 107
leaf_count=54 24 20 20 23 36 25 22 20 32 21 35 22 36 22 20 21 115 25 25 34 37 76 24 318 103 55 206 86 96 107
internal_value=9.74001e-14 -6.56297e-06 0.000161528 -1.64024e-05 -1.23851e-05 -0.000109481 -6.76988e-07 4.00366e-06 6.37341e-05 -1.97241e-05 -0.000218463 -8.36167e-06 -8.38696e-06 -1.89716e-06 7.83184e-05 -7.9483e-06 8.55211e-05 -2.42038e-05 -0.000161296 -3.70075e-05 -6.23969e-05 -0.000116229 -7.70563e-06 3.64395e-05 3.59046e-07 7.70184e-06 2.04178e-05 5.12986e-07 -4.34709e-05 1.04661e-05
internal_weight=1760 1736 96 1640 1617 174 1443 1421 404 1017 55 962 76 940 56 918 136 782 84 59 149 113 698 372 674 653 598 495 289 193
internal_count=1760 1736 96 1640 1617 174 1443 1421 404 1017 55 962 76 940 56 918 136 782 84 59 149 113 698 372 674 653 598 495 289 193
is_linear=0
shrinkage=0.05


Tree=233
num_leaves=31
num_cat=0
split_feature=267 320 130 51 200 252 97 8 0 116 162 252 290 10 164 110 9 130 288 205 227 132 94 249 117 297 168 197 330 143
split_gain=0.00219173 0.00719598 0.00114951 0.00122011 0.000451922 0.000390611 0.000359482 0.00039975 0.000473607 0.000408195 0.000549963 0.000550124 0.000502613 0.000444051 0.000601926 0.00066209 0.000635603 0.000634701 0.0006002 0.000585461 0.000571035 0.000536217 0.000577708 0.000511017 0.000770046 0.000496 0.000518933 0.000464007 0.000524373 0.000434126
threshold=0.073302367348293387 0.016010182032627839 0.10450407560464715 0.89587973461402759 -0.0012673742519897721 0.11205154342222676 -0.11653215119266726 0.47722567287784684 3.5972184255501678 -0.06314306929455972 -0.012470064333283791 -0.009321802115612423 0.003386457099061004 0.05163526484180591 0.016787551147704544 -0.04777560632675508 0.029986376021798367 0.020335866473962887 0.015690885265957234 -0.0033381889028179534 -0.05009855477334698 0.012202840971906744 -0.016364808737887978 0.0066213267575219023 -0.011166170911726741 0.065905773638186935 0.059456415294807559 -0.0083345912546487436 -0.0042965197319203207 -0.016663731747999146
decision_type=2 2 2 2 2 2 2 2 2 2 2 2 2 2 2 2 2 2 2 2 2 2 2 2 2 2 2 2 2 2
left_child=2 4 3 5 -2 6 -1 8 -8 10 11 -10 -12 20 15 -15 18 23 -16 -19 21 22 -11 27 -25 26 29 -17 -29 -22
right_child=1 -3 -4 -5 -6 -7 7 -9 9 13 12 -13 -14 14 16 17 -18 19 -20 -21 25 -23 -24 24 -26 -27 -28 28 -30 -31
leaf_value=-0.00016629563802520613 0.00011937451718040393 0.0010761643525620456 0.00033204342986815997 -0.00035631051936294315 -0.00017630346939248348 -0.00019295606521311506 -0.00021479422004496747 0.00021240698330248485 -0.00037792756085344503 -5.9932086860499108e-05 -0.00010682018744015903 -2.9126857843948531e-05 0.00012557788135094791 0.00026254857402818743 0.00019255242848291291 0.00025995471086519371 0.00039176397258415823 -0.00026974504070420991 -9.7640114485589703e-05 -1.0565130664958215e-05 -6.6824429982774195e-05 7.4865512317046529e-05 -0.00033405092835891992 -0.00020850760757596057 7.5812927891754289e-05 -0.00021600207136753644 -0.00023946385358396499 0.00020156000635844457 -4.1227792395356582e-05 2.9691623430682784e-05
leaf_weight=35 24 20 24 26 28 29 27 21 26 40 60 20 38 25 49 35 22 37 28 53 142 25 37 42 55 26 21 35 61 649
leaf_count=35 24 20 24 26 28 29 27 21 26 40 60 20 38 25 49 35 22 37 28 53 142 25 37 42 55 26 21 35 61 649
internal_value=7.19983e-13 0.000270164 -1.15236e-05 -1.64789e-05 -3.98367e-05 -1.10847e-05 -7.80672e-06 -4.28251e-06 -7.21263e-06 -3.53983e-06 -8.36521e-05 -0.000226275 -1.67067e-05 4.80762e-06 4.61395e-05 1.47921e-05 0.000154747 -4.68556e-06 8.70279e-05 -0.000117117 -1.46272e-05 -0.000126329 -0.000191652 3.96952e-05 -4.72949e-05 -1.03103e-06 5.85228e-06 0.000104108 4.72886e-05 1.23651e-05
internal_weight=1760 72 1688 1664 52 1638 1609 1574 1553 1526 144 46 98 1382 442 343 99 318 77 90 940 102 77 228 97 838 812 131 96 791
internal_count=1760 72 1688 1664 52 1638 1609 1574 1553 1526 144 46 98 1382 442 343 99 318 77 90 940 102 77 228 97 838 812 131 96 791
is_linear=0
shrinkage=0.05


Tree=234
num_leaves=31
num_cat=0
split_feature=51 302 100 112 9 211 246 330 148 146 199 302 227 143 282 207 195 292 230 246 119 161 167 238 223 180 257 147 142 263
split_gain=0.00219098 0.000432337 0.00085859 0.000805584 0.000535604 0.00152631 0.000519058 0.000521135 0.00064446 0.000955361 0.000548134 0.000508699 0.00113549 0.000495323 0.000491268 0.000461295 0.000518017 0.000529664 0.000445053 0.000647082 0.000443329 0.000417164 0.000410846 0.000519716 0.000668934 0.000443409 0.000496338 0.000570166 0.00104715 0.000534692
threshold=0.89587973461402759 0.006792897248921354 -0.11473453160134182 0.099503553864640201 0.060118106424860436 -0.0084048211428635038 -0.031510147447732423 -0.020441644655746914 0.032794339020945015 -0.0021401896468641935 -0.011924079817515443 0.0084652615005368099 -0.010635298597513396 -0.054904707733516626 -0.018033208733823632 -0.022356954821342926 -0.01315510381287557 -0.043458171513380481 0.01816608331092949 -0.043839670108386887 -0.0010378887596452886 -0.00073158003770636669 -0.050404409640145732 -0.034084470173787178 0.0056272338158607103 0.0011770529488240916 0.014640329643716752 0.0095493496914991691 -0.014457780909533582 -0.024175186720290249
decision_type=2 2 2 2 2 2 2 2 2 2 2 2 2 2 2 2 2 2 2 2 2 2 2 2 2 2 2 2 2 2
left_child=1 2 -1 11 6 -6 18 10 15 -10 -8 12 -3 -13 -12 -9 -17 -18 19 20 -4 -16 -15 24 -24 26 27 29 -29 -25
right_child=-2 3 4 -5 5 -7 7 8 9 -11 14 13 -14 22 21 16 17 -19 -20 -21 -22 -23 23 25 -26 -27 -28 28 -30 -31
leaf_value=0.0002540042530704846 0.00043876112926162546 6.2682151474291464e-05 -4.7223907813531696e-05 -0.00034928387570062116 0.00049476762187190446 -2.1467121866104816e-05 -7.8568858645247444e-05 -0.00018846856858922032 -0.00046311384863987443 -4.4893438441956987e-05 0.00027989185572633608 -0.00018887694661829396 -0.00041880475915968422 -0.00016915308430422255 0.00015802978871631371 9.5002419917629717e-05 -0.00024063730544488256 -2.1726464317128245e-05 -2.1325509681316493e-05 0.00035750457150592974 0.00020388088187246468 -7.2226532279888198e-05 4.0439202562532798e-05 -4.0526469911128521e-05 0.00035134321945158516 -6.3915859049195318e-05 -7.4634851422160874e-05 0.00018016168441345844 -0.00025682642266599881 0.00021334252494057185
leaf_weight=36 28 24 39 20 21 45 52 41 22 36 33 39 25 36 42 89 30 350 70 26 32 37 81 28 22 246 75 26 29 80
leaf_count=36 28 24 39 20 21 45 52 41 22 36 33 39 25 36 42 89 30 350 70 26 32 37 81 28 22 246 75 26 29 80
internal_value=-7.25012e-14 -7.09314e-06 1.42545e-05 -3.63256e-05 5.31043e-06 0.000142789 -4.78258e-06 -2.29294e-05 -4.55987e-05 -0.000203529 5.55837e-05 -2.75223e-05 -0.000182974 -1.6016e-05 0.000117869 -2.7638e-05 -1.35782e-05 -3.90089e-05 7.47592e-05 0.000144099 6.59501e-05 5.01882e-05 -5.19487e-06 4.86049e-06 0.000106846 -1.6843e-05 3.18121e-05 8.07908e-05 -5.02502e-05 0.000147525
internal_weight=1760 1732 1001 731 965 66 899 732 568 58 164 711 49 662 112 510 469 380 167 97 71 79 623 587 103 484 238 163 55 108
internal_count=1760 1732 1001 731 965 66 899 732 568 58 164 711 49 662 112 510 469 380 167 97 71 79 623 587 103 484 238 163 55 108
is_linear=0
shrinkage=0.05


Tree=235
num_leaves=31
num_cat=0
split_feature=299 130 51 141 128 99 177 148 270 104 213 81 177 165 283 267 225 311 309 164 311 228 163 274 179 133 215 182 288 156
split_gain=0.00218969 0.00118579 0.00129009 0.000370125 0.00105837 0.000522159 0.00032092 0.000640504 0.000637249 0.000738702 0.000618777 0.000632869 0.000513342 0.000448462 0.000521601 0.000586031 0.000513768 0.000532041 0.000624134 0.000658163 0.000543797 0.000803329 0.000661277 0.000611758 0.000628907 0.000596878 0.000517282 0.000485448 0.000482624 0.000467886
threshold=-0.096082389719443287 0.10450407560464715 0.89587973461402759 -0.055773463008436663 0.0056035988007579829 0.15224517173393717 -0.018323104362162182 0.060038791148491089 0.02834981991676357 0.014091497794200323 0.12331269877795524 -0.33017614796656164 -0.023476648235359148 -0.0015166809282201191 0.059078967098654976 -0.069780375354769539 0.13063709397059511 -0.028673168232455949 -0.014507026768473746 0.013830340365710925 0.00048468314592967928 -0.0020705286909250978 -0.0028854821387986579 -0.0021450632357762588 0.014293562185377629 0.0039942987541667727 0.00022488277310751925 0.002722867072436816 -0.0084031469867416313 0.0080942456898943516
decision_type=2 2 2 2 2 2 2 2 2 2 2 2 2 2 2 2 2 2 2 2 2 2 2 2 2 2 2 2 2 2
left_child=-1 2 3 4 -2 6 8 13 10 -10 11 12 -5 29 15 -15 17 28 19 26 21 -20 -23 24 27 -24 -19 -22 -17 -8
right_child=1 -3 -4 5 -6 -7 7 -9 9 -11 -12 -13 -14 14 -16 16 -18 18 20 -21 23 22 25 -25 -26 -27 -28 -29 -30 -31
leaf_value=0.00050751008411680236 -1.8902500938565937e-05 0.00035050164961316829 -0.00036043307118234226 1.8666014649920559e-05 0.00040408052286476876 -0.00024191643381830851 -2.7816825597812692e-06 0.00021534206715711791 -0.00039234532433275255 -3.9697433440420413e-05 -0.00021075356718130127 0.00017583243124078007 -0.00017437945960251534 -0.00028719608899732327 0.00018496379157618829 0.00024767654804236372 -0.00027294690469369971 -0.00017062781092934122 5.3737327107228339e-05 -0.00031870330349192955 -0.00022704858061526625 -2.0849918569985998e-05 -0.00047046326194854029 0.00010875169078148743 0.0001734098496735501 -0.00011206549624191773 7.704827431872538e-05 3.148001579878231e-05 1.7694354096849292e-06 9.083745799834663e-05
leaf_weight=21 50 23 26 137 21 24 379 35 27 33 36 47 46 23 27 32 21 49 59 36 46 34 26 132 23 21 37 30 53 206
leaf_count=21 50 23 26 137 21 24 379 35 27 33 36 47 46 23 27 32 21 49 59 36 46 34 26 132 23 21 37 30 53 206
internal_value=-1.14669e-13 -6.12864e-06 -1.09087e-05 -5.53136e-06 0.000106205 -1.04315e-05 -6.94831e-06 4.41922e-06 -5.1198e-05 -0.000198389 -1.7997e-05 1.21735e-05 -2.98591e-05 -1.56319e-06 -3.01806e-05 -3.95197e-05 -3.00096e-05 -2.11832e-05 -4.1102e-05 -0.000139207 -8.84097e-06 -8.65987e-05 -0.000188819 3.82849e-05 -5.56708e-05 -0.000310328 -6.40695e-05 -0.000124998 9.43462e-05 3.01851e-05
internal_weight=1760 1739 1716 1690 71 1619 1595 1269 326 60 266 230 183 1234 649 622 599 578 493 122 371 140 81 231 99 47 86 76 85 585
internal_count=1760 1739 1716 1690 71 1619 1595 1269 326 60 266 230 183 1234 649 622 599 578 493 122 371 140 81 231 99 47 86 76 85 585
is_linear=0
shrinkage=0.05


Tree=236
num_leaves=31
num_cat=0
split_feature=96 97 51 100 130 86 94 9 315 272 98 300 297 172 170 232 155 151 210 290 117 117 278 5 166 151 252 303 280 261
split_gain=0.00218737 0.00135096 0.000995185 0.00405257 0.000613702 0.000398735 0.000430364 0.000764797 0.000579626 0.000671832 0.000992476 0.000762017 0.000482075 0.000462795 0.000681261 0.000536436 0.000519884 0.000657367 0.000501733 0.00080139 0.000464271 0.000557702 0.00054714 0.000535751 0.000499042 0.000499002 0.000470888 0.000684141 0.000621046 0.00055634
threshold=0.10630283631224409 0.19769325664880663 1.0000000180025095e-35 1.0000000180025095e-35 0.10450407560464715 -0.43544782749678029 -0.016726691713068526 0.063836636891178203 0.048438501188944043 -0.043364739597913836 0.078265669243063662 0.020197160639027763 -0.00094676393824475499 -0.0094968456131087915 0.016367980600600272 -0.0019307943436078412 -0.0055975384596676026 6.0890523183423913e-05 0.00024953853447636816 -0.0063579629013701408 0.022117013866306084 0.015831494609681356 -0.02578138074622963 1.8688348091416842 0.0003089720859717245 -0.01065133662270377 -0.014235240561491913 0.019710400083113189 0.014096546278534192 0.012533869498627167
decision_type=2 2 2 2 2 2 2 2 2 2 2 2 2 2 2 2 2 2 2 2 2 2 2 2 2 2 2 2 2 2
left_child=1 2 4 -4 5 -1 7 -7 9 11 13 -8 -10 16 20 -16 18 -18 -11 -20 21 23 24 26 -22 -24 27 -15 -28 -30
right_child=-2 -3 3 -5 -6 6 8 -9 12 10 -12 -13 -14 14 15 -17 17 -19 19 -21 22 -23 25 -25 -26 -27 28 -29 29 -31
leaf_value=0.00021760378491308074 0.00047407146997405409 -0.00040515478994209504 0.00075383343856628938 -0.00022957432639404116 -0.00027630197620770301 1.2540712712451688e-05 1.8172931510586448e-05 0.00028408013200128656 -0.00029098469622604664 -6.9283114019038996e-05 -0.00033863679133131744 0.0003056101605667913 -3.2128559209273331e-05 0.00019144770475285663 0.00036989118047391198 4.0400036280819528e-05 -0.00013836155379137312 0.00010182625014244372 -0.00050252194031682768 -9.5988105062537625e-05 0.00010457840271556053 -0.00027858697326155381 0.00030121852328842845 -0.00026293394494923239 -0.00022494825836340032 5.2461082939064204e-05 1.6336807328407861e-07 -0.00014023613240913784 -3.950415377166001e-05 -0.00038727344695159801
leaf_weight=20 24 21 20 22 21 655 90 27 37 69 26 31 35 53 21 30 52 63 22 27 20 25 28 23 27 72 131 22 23 23
leaf_count=20 24 21 20 22 21 655 90 27 37 69 26 31 35 53 21 30 52 63 22 27 20 25 28 23 27 72 131 22 23 23
internal_value=3.98847e-13 -6.55398e-06 -1.67316e-06 0.000238715 -7.70801e-06 -4.29368e-06 -7.01301e-06 2.32908e-05 -2.8768e-05 -1.75839e-05 -3.50702e-05 9.18139e-05 -0.000165152 -2.4273e-05 2.93954e-06 0.000176073 -8.24354e-05 -6.78041e-06 -0.000156167 -0.000278514 -1.68139e-05 -5.24837e-05 5.59815e-05 -3.19288e-05 -8.47241e-05 0.000122113 -1.0845e-05 9.41538e-05 -5.53361e-05 -0.000213389
internal_weight=1760 1736 1715 42 1673 1652 1632 682 950 878 757 121 72 731 498 51 233 115 118 49 447 300 147 275 47 100 252 75 177 46
internal_count=1760 1736 1715 42 1673 1652 1632 682 950 878 757 121 72 731 498 51 233 115 118 49 447 300 147 275 47 100 252 75 177 46
is_linear=0
shrinkage=0.05


Tree=237
num_leaves=31
num_cat=0
split_feature=225 90 51 106 97 130 96 299 143 184 231 5 269 245 288 133 330 164 10 103 105 328 316 152 114 319 296 332 155 232
split_gain=0.00215795 0.00127656 0.00109329 0.000499989 0.000429211 0.000397792 0.000318093 0.000321996 0.000340285 0.000338256 0.000438675 0.000335469 0.000319891 0.000311288 0.000308846 0.000652262 0.000472404 0.000376288 0.000503113 0.000509335 0.0006097 0.000523955 0.000446442 0.000440485 0.000546732 0.00050129 0.000729522 0.000462103 0.000425032 0.000849929
threshold=0.15205142098972116 0.25380170012930109 0.89587973461402759 0.13336549233235348 -0.11653215119266726 0.10450407560464715 0.09802510594755337 -0.075471055046718735 -0.045200562925319938 0.011105630208113936 -0.033776623480191136 4.1806204448211766 0.011787631045269533 -0.011594454120571402 0.065872331978785226 0.013412438679289972 0.0005210549096543183 0.018816182594674404 0.03136786651361103 0.01670045985753156 0.020300793397449595 0.011127180990092115 0.071660626611555381 0.015148955292995418 0.062236772412171099 -0.026186066704429928 0.044095633347870221 0.044981826213945759 -0.03413681943613367 -0.0046367140054748464
decision_type=2 2 2 2 2 2 2 2 2 2 2 2 2 2 2 2 2 2 2 2 2 2 2 2 2 2 2 2 2 2
left_child=1 2 3 4 -1 6 7 12 9 10 -9 14 -6 -12 17 16 -16 22 19 -19 21 -21 23 24 25 26 -10 28 29 -27
right_child=-2 -3 -4 -5 5 -7 -8 8 11 -11 13 -13 -14 -15 15 -17 -18 18 -20 20 -22 -23 -24 -25 -26 27 -28 -29 -30 -31
leaf_value=-0.00020162815145058317 0.00047087301870002803 0.0002968484534101342 -0.00034078183840028942 0.00021889925204353255 -0.00028292961693296095 -0.00022917335430975075 -0.00017496717110690145 3.1259889162712453e-05 -2.5070260357423628e-05 2.8152410579257941e-05 -0.00011718788099152824 -0.00019467676902422683 -1.2174288895039355e-05 -0.00037273656979033897 -0.00036071605255446313 0.00015052300965180622 -5.1101353892590855e-05 -5.3011583321238979e-05 0.00015153160511710502 5.750117713680745e-05 -6.5221292165266025e-05 0.0003988104959084329 -0.00020587293250719089 6.8838135128405909e-05 -0.00025560212062290783 0.0003992127173842164 -0.00028818515326266232 0.00020879790979355068 -7.6917941042924258e-06 7.4737016135865516e-06
leaf_weight=29 24 34 25 24 20 20 27 23 117 44 26 20 24 22 22 20 28 108 110 22 28 23 25 230 22 20 34 30 514 45
leaf_count=29 24 34 25 24 20 20 27 23 117 44 26 20 24 22 22 20 28 108 110 22 28 23 25 230 22 20 34 30 514 45
internal_value=-2.40183e-13 -6.50977e-06 -1.25698e-05 -7.67696e-06 -1.09666e-05 -7.56196e-06 -4.79872e-06 -1.88525e-06 1.94242e-06 -8.07774e-05 -0.000148283 8.65102e-06 -0.000135245 -0.000234314 1.15599e-05 -9.08019e-05 -0.000187332 1.69554e-05 6.71983e-05 1.5946e-05 0.000117965 0.000231948 2.85642e-06 8.01278e-06 -9.87703e-06 -2.76393e-06 -8.43147e-05 1.74564e-05 7.54229e-06 0.000128009
internal_weight=1760 1736 1702 1677 1653 1624 1604 1577 1533 115 71 1418 44 48 1398 70 50 1328 291 181 73 45 1037 1012 782 760 151 609 579 65
internal_count=1760 1736 1702 1677 1653 1624 1604 1577 1533 115 71 1418 44 48 1398 70 50 1328 291 181 73 45 1037 1012 782 760 151 609 579 65
is_linear=0
shrinkage=0.05


Tree=238
num_leaves=31
num_cat=0
split_feature=51 110 106 128 211 176 298 298 292 97 19 262 298 152 225 90 197 9 139 114 135 161 202 101 6 114 114 322 336 317
split_gain=0.00216999 0.000429527 0.00193404 0.000497634 0.00099429 0.000544094 0.000514287 0.000451971 0.00042068 0.000498261 0.000398399 0.000394173 0.000513211 0.000497316 0.00047381 0.000505588 0.000388385 0.000384734 0.000400234 0.000959133 0.000538094 0.000608304 0.000509087 0.000442989 0.000797258 0.000509742 0.000761253 0.000760807 0.000791714 0.000546278
threshold=0.89587973461402759 -0.042741045416721184 0.089706619838367807 0.03711479954533372 -0.039179426173154966 -0.016248038260163869 0.032441672372337478 0.014412804741891071 0.048128464622096225 -0.02271500951044873 14.671111111111113 0.01788482462561106 0.021986968016846409 -0.00074063266748189091 0.073030502631119126 0.0075493895044935946 -0.0018916526582082535 0.078585765014667297 0.028050325057915885 0.024993872045241457 -0.041525193451006658 0.015830524454190958 -0.015674488142709806 -0.0069301681547809238 0.66453744044952978 0.0083797435895515571 0.0059861571842200574 -0.025384181904612547 -0.0062363373972223936 -0.018620301847440977
decision_type=2 2 2 2 2 2 2 2 2 2 2 2 2 2 2 2 2 2 2 2 2 2 2 2 2 2 2 2 2 2
left_child=1 2 11 8 -5 -6 7 -7 17 16 -11 12 14 -13 15 -1 -10 18 20 22 21 -3 -20 -22 25 26 27 28 -25 -27
right_child=-2 3 -4 4 5 6 -8 -9 9 10 -12 13 -14 -15 -16 -17 -18 -19 19 -21 23 -23 -24 24 -26 29 -28 -29 -30 -31
leaf_value=8.4074132760251247e-05 0.00043665420481764686 0.00021565696958640405 0.00052511362606310296 -0.00035228254611513791 -0.0002373528142925352 -1.3624770114882819e-05 -0.00022969903015109596 0.00022333933216200591 0.0002050924606737681 -9.0151693048855214e-05 -0.00032767348576761348 -0.00016103296379047348 -0.00016415710066212342 6.5054135848185976e-05 -9.7194371416910809e-05 0.00034267943087292634 -0.00010651021686499009 0.00020095774937847942 0.00020703913047327661 -0.00037594055035657694 -4.3432200280006149e-05 -0.00010342544621380513 -7.0508960868066519e-05 2.1541435853578153e-05 0.00032200842926448045 -5.2681546107383584e-05 -0.00030628347899023953 2.7889707228669037e-05 -0.00040766629244899378 0.00013209495116825565
leaf_weight=63 28 59 20 31 29 79 20 27 20 55 26 56 20 43 22 27 20 24 20 23 371 20 95 21 22 56 22 279 22 140
leaf_count=63 28 59 20 31 29 79 20 27 20 55 26 56 20 43 22 27 20 24 20 23 371 20 95 21 22 56 22 279 22 140
internal_value=1.15857e-13 -7.05907e-06 5.34237e-05 -1.73097e-05 -9.37858e-05 -4.20865e-05 2.85575e-06 4.6734e-05 -6.32548e-06 -9.50926e-05 -0.000166393 1.25848e-05 6.91485e-05 -6.28335e-05 0.00011081 0.000161656 4.92911e-05 2.82343e-06 -1.31155e-06 -8.11899e-05 9.58095e-06 0.000134877 -2.22397e-05 -1.02822e-06 2.69644e-05 1.49441e-05 -2.17247e-05 -2.28279e-06 -0.000198053 7.93017e-05
internal_weight=1760 1732 251 1481 186 155 126 106 1295 121 81 231 132 99 112 90 40 1174 1150 138 1012 79 115 933 562 540 344 322 43 196
internal_count=1760 1732 251 1481 186 155 126 106 1295 121 81 231 132 99 112 90 40 1174 1150 138 1012 79 115 933 562 540 344 322 43 196
is_linear=0
shrinkage=0.05


Tree=239
num_leaves=31
num_cat=0
split_feature=322 130 51 92 274 333 306 222 92 266 0 136 112 303 96 185 201 96 197 231 92 221 248 110 236 136 136 102 140 312
split_gain=0.00215725 0.00106253 0.001246 0.000355998 0.00113111 0.000549228 0.000546551 0.0005931 0.000526145 0.00110102 0.0004598 0.000449628 0.000446158 0.000439962 0.000383607 0.000398456 0.000672694 0.000588829 0.000392263 0.000575275 0.000526281 0.000446153 0.000445208 0.00102977 0.000387966 0.000617489 0.000769434 0.000632097 0.00069801 0.0004694
threshold=0.074563000707993946 0.10450407560464715 0.89587973461402759 0.07250651631382396 0.060763250760499966 0.0030314970569926499 -0.00086349032617649842 0.001813076583435438 0.066129882897246015 -0.0070927129174276227 3.3140206880897671 0.018711159271406552 -0.040010254726386967 -0.017174321441055459 0.09802510594755337 0.038654853012269071 -0.010951494878148902 0.0061709281593015494 0.0068543641861868359 0.0021740826714480633 -0.096044217629612558 0.014468680453172665 0.0022234224565714084 -0.00447633407260718 -0.024879967146464472 -0.015096943329730756 -0.03232487095915746 0.0036846054340573709 0.004417187132023887 0.0029057331455994693
decision_type=2 2 2 2 2 2 2 2 2 2 2 2 2 2 2 2 2 2 2 2 2 2 2 2 2 2 2 2 2 2
left_child=1 2 3 8 5 6 7 -5 10 -10 -1 13 -8 -7 15 18 -17 -18 24 21 -21 22 -20 -24 25 26 -12 29 -29 -27
right_child=-2 -3 -4 4 -6 11 12 -9 9 -11 14 -13 -14 -15 -16 16 17 -19 19 20 -22 -23 23 -25 -26 27 -28 28 -30 -31
leaf_value=-0.00022842910442374311 0.00042036435104819252 0.00032308112561925861 -0.00035542142823732529 0.00030802927930684141 -0.00042079344966623468 -0.00025302337649602284 -0.00024700509301120682 -6.3750019307917682e-06 -8.004328423339758e-05 0.0004446049537364161 -4.7684305252460041e-05 -0.00031349610682230959 2.3238852713802773e-05 -1.8293260685216712e-06 -0.00018817202463441602 9.616629753025102e-05 -7.8818136251179464e-05 -0.00040439891379806102 -5.914819552749072e-05 0.00024566612905451058 3.1231133601750122e-06 5.746196125341264e-06 3.0121614448338125e-06 -0.00042743103928814618 5.4555461850988066e-05 -9.6726676587777769e-05 0.00031474633679122406 -5.3592373108215362e-05 -0.0003454738230864292 0.00013593803593286557
leaf_weight=22 30 24 26 30 20 23 21 30 20 20 32 22 56 72 26 31 41 21 72 26 160 85 24 33 592 41 27 54 33 46
leaf_count=22 30 24 26 30 20 23 21 30 20 20 32 22 56 72 26 31 41 21 72 26 160 85 24 33 592 41 27 54 33 46
internal_value=-2.26728e-14 -7.28956e-06 -1.19372e-05 -6.62138e-06 -5.87596e-05 -3.0253e-05 3.76927e-05 0.000150827 3.53927e-06 0.000182281 -1.69474e-06 -0.000109813 -5.0464e-05 -6.26447e-05 2.01668e-06 5.76851e-06 -9.40082e-05 -0.000189095 1.33434e-05 -2.72904e-05 3.7027e-05 -8.31924e-05 -0.000141795 -0.000246192 3.30446e-05 -2.16095e-05 0.000118174 -6.90073e-05 -0.000164306 2.62914e-05
internal_weight=1760 1730 1706 1680 274 254 137 60 1406 40 1366 117 77 95 1344 1318 93 62 1225 400 186 214 129 57 825 233 59 174 87 87
internal_count=1760 1730 1706 1680 274 254 137 60 1406 40 1366 117 77 95 1344 1318 93 62 1225 400 186 214 129 57 825 233 59 174 87 87
is_linear=0
shrinkage=0.05


Tree=240
num_leaves=31
num_cat=0
split_feature=51 89 106 241 228 131 336 336 174 315 321 225 316 276 8 90 0 7 301 322 86 127 304 159 312 197 192 115 218 187
split_gain=0.00210432 0.000429507 0.00173853 0.000596049 0.000496803 0.000499165 0.000455227 0.000493358 0.000434969 0.000404116 0.000470405 0.000408351 0.000506512 0.000532199 0.000424568 0.00053268 0.000480936 0.000392643 0.00051609 0.000418097 0.000488768 0.000426515 0.000431029 0.000567854 0.000398563 0.000555596 0.000464201 0.000378649 0.000370549 0.000366265
threshold=0.89587973461402759 -0.0017770586856914554 0.10072941190815972 -0.096074281656816904 0.097157767571966161 0.0076570218286512717 0.043977253111734012 0.031692582935346846 -0.019744721267777276 -0.064798567007645816 -0.048228122184830163 -0.031322544855508186 -0.032527980154734536 -0.014578123440651502 0.20400160064025613 0.067707733144240778 3.7726948748059121 0.80148725165562917 0.0057713372338963611 -0.034495324150259805 0.0081329067554934374 -0.030278794593263755 0.044848088156804342 -0.00022002057731494127 0.0063808878101461065 0.0004110596597111063 0.0010677458004109649 -0.03625072093927445 -0.0024705784266568919 0.010969557133567487
decision_type=2 2 2 2 2 2 2 2 2 2 2 2 2 2 2 2 2 2 2 2 2 2 2 2 2 2 2 2 2 2
left_child=1 3 -3 -1 6 -6 7 9 -8 -5 -11 12 -12 -14 15 17 -16 19 -19 20 -13 -21 23 24 26 -26 -23 -15 -10 -29
right_child=-2 2 -4 4 5 -7 8 -9 28 10 11 14 13 27 16 -17 -18 18 -20 21 -22 22 -24 -25 25 -27 -28 29 -30 -31
leaf_value=-0.00024455636312561713 0.0004299956055287372 8.2435989125009603e-06 0.00045935086631784957 0.00014900756561415151 0.00030315578301467572 -3.8388739340007306e-05 2.1149562013780942e-05 0.00015641201898688453 -0.00037962357970779218 -0.00021980352698433721 -0.00016700645416373543 0.00020291769251343795 0.00023109354760412031 0.00019903743262451222 -9.5813078102461685e-05 -0.00027897442448322963 0.00016151116999740521 0.00025910021821883591 -6.7139965621107768e-05 -0.00023335427793664049 -9.8141983471577987e-05 -4.1888151764428115e-05 0.00013827281683283533 -0.0001643404506132356 2.9776691672336513e-05 -0.00032593853597756524 0.00019300630439388582 3.1875521690161836e-05 -8.8217566444654947e-05 -0.00018012796941480633
leaf_weight=31 28 732 22 31 23 20 23 38 24 33 27 28 38 24 30 28 46 22 27 46 26 58 23 125 23 21 33 83 20 27
leaf_count=31 28 732 22 31 23 20 23 38 24 33 27 28 38 24 30 28 46 22 27 46 26 58 23 125 23 21 33 83 20 27
internal_value=-1.70488e-13 -6.95143e-06 2.14059e-05 -2.88138e-05 -2.17515e-05 0.000144298 -2.96499e-05 -1.96112e-05 -0.000155058 -2.79828e-05 -3.51269e-05 -2.68353e-05 3.43291e-05 6.59341e-05 -4.95438e-05 -6.76317e-05 5.99358e-05 -5.39336e-05 7.93352e-05 -7.09836e-05 5.7963e-05 -9.21481e-05 -6.91959e-05 -8.75489e-05 -1.64456e-05 -0.000139996 4.32934e-05 1.90978e-05 -0.000247166 -2.01617e-05
internal_weight=1760 1732 754 978 947 43 904 837 67 799 768 735 199 172 536 460 76 432 49 383 54 329 283 260 135 44 91 134 44 110
internal_count=1760 1732 754 978 947 43 904 837 67 799 768 735 199 172 536 460 76 432 49 383 54 329 283 260 135 44 91 134 44 110
is_linear=0
shrinkage=0.05


Tree=241
num_leaves=31
num_cat=0
split_feature=299 130 51 141 238 99 260 312 139 172 112 97 295 157 244 304 298 293 215 154 166 130 305 249 168 92 322 184 221 290
split_gain=0.00209251 0.0011131 0.00128274 0.000322514 0.00092373 0.000441011 0.000348878 0.000308303 0.000317636 0.000445001 0.000938939 0.000564923 0.000645272 0.00048965 0.000621173 0.000535737 0.000470979 0.000465474 0.000576497 0.000464222 0.000480651 0.000641264 0.000455065 0.000426806 0.000415821 0.000428898 0.000414677 0.000693068 0.000395664 0.000391981
threshold=-0.096082389719443287 0.10450407560464715 0.89587973461402759 -0.055773463008436663 -0.0035825523073623948 0.15224517173393717 0.055865017520636932 -0.072824451399648424 -0.0033374020838900088 -0.0094968456131087915 0.047501301608808381 -0.069565595008015055 0.0084337901591867315 0.0084797284545104958 0.050827237894226503 0.015996703183630185 0.021126185914133479 -0.0029800298437683858 -0.0036865030944906985 -0.0083063444549237326 -0.00030530075306382966 -0.0093088702238188371 0.0082776520375190347 0.0023238220923395576 -0.013054709604932041 0.0017269603092814145 -0.046867277455833502 -0.0012585498441901064 -0.077910889270913761 0.023205503655885286
decision_type=2 2 2 2 2 2 2 2 2 2 2 2 2 2 2 2 2 2 2 2 2 2 2 2 2 2 2 2 2 2
left_child=-1 2 3 4 -2 7 -6 -5 24 10 29 12 -11 15 19 16 -13 22 -19 -15 -21 -22 -17 -18 25 -9 27 -26 -28 -10
right_child=1 -3 -4 5 6 -7 -8 8 9 11 -12 13 -14 14 -16 17 23 18 -20 20 21 -23 -24 -25 26 -27 28 -29 -30 -31
leaf_value=0.0004961204828023689 0.00032927010470302777 0.00033953559442599494 -0.00035915014170593797 0.00013042758508163387 -0.00019646466862468517 -0.0002225727931554881 8.629157588681361e-05 0.00011596617750450306 -5.3167905725234912e-05 0.00040457522603295121 -0.00033833838233840653 5.0986878585293029e-05 2.1226474453452166e-05 1.3525491946590288e-06 -0.00013161757370754561 -0.0003451125931296074 6.9257200530339646e-06 0.00019501676314658572 -0.00012819146098548583 6.9330445518668671e-05 0.00011581066932093462 0.00045732508255501417 -5.077894174974063e-05 -0.00028103342695182869 -1.1802652651177986e-05 -3.9227095953274158e-05 -0.00025812065661219612 -0.00042307090629947199 -3.5791519403146059e-05 0.00010202999032184449
leaf_weight=21 27 23 26 40 20 24 24 79 165 21 25 259 23 48 27 29 31 22 37 45 27 28 24 22 21 102 21 20 425 54
leaf_count=21 27 23 26 40 20 24 24 79 165 21 25 259 23 48 27 29 31 22 37 45 27 28 24 22 21 102 21 20 425 54
internal_value=2.76608e-13 -5.9911e-06 -1.06223e-05 -5.26032e-06 9.90422e-05 -9.83443e-06 -4.2234e-05 -6.63335e-06 -1.0159e-05 9.45179e-06 -4.80391e-05 3.12679e-05 0.000204188 1.85659e-05 8.8932e-05 -1.04767e-05 2.31973e-05 -0.000104283 -7.67314e-06 0.000129167 0.000190519 0.000289673 -0.000211829 -0.000112604 -3.61992e-05 2.85092e-05 -6.02489e-05 -0.000212421 -4.62599e-05 -1.48999e-05
internal_weight=1760 1739 1716 1690 71 1619 44 1595 1555 887 244 643 44 599 175 424 312 112 59 148 100 55 53 53 668 181 487 41 446 219
internal_count=1760 1739 1716 1690 71 1619 44 1595 1555 887 244 643 44 599 175 424 312 112 59 148 100 55 53 53 668 181 487 41 446 219
is_linear=0
shrinkage=0.05


Tree=242
num_leaves=31
num_cat=0
split_feature=141 104 273 51 273 189 191 190 309 106 157 198 111 147 85 291 300 117 234 118 133 107 298 309 206 230 171 149 170 136
split_gain=0.00208345 0.00101086 0.00352005 0.00112173 0.000508252 0.000395804 0.000684118 0.00127208 0.000557128 0.000538373 0.000455581 0.000743504 0.000577668 0.000555906 0.00058431 0.000526749 0.000702619 0.000537493 0.000642099 0.000498821 0.000489825 0.000487477 0.000725416 0.000443585 0.000528824 0.000439414 0.000419981 0.000419454 0.000416194 0.000425959
threshold=0.10121221227309303 0.093001867747932565 0.014150449610804776 0.89587973461402759 -0.029392755920897597 0.0056892370117681904 -0.034384979690692159 -0.0031988674166321704 -0.048851624582013524 -0.024648871837693782 -0.0014834034995771135 -0.011903930193149644 0.0033870165738089553 -0.0039031928238784249 0.19104700441492273 -0.0031253934910758212 -0.010564095254202549 -0.033638013416137376 0.028348771700606394 -0.013592038240830618 -0.021211111818201952 -0.041657438258730306 0.019179266839408248 -0.020730312477694652 0.0043441506148215866 -0.012992695482983039 0.0187389639173163 -0.012047114688830312 0.02832830337632081 -0.014008233457860267
decision_type=2 2 2 2 2 2 2 2 2 2 2 2 2 2 2 2 2 2 2 2 2 2 2 2 2 2 2 2 2 2
left_child=1 3 4 5 -3 6 7 -1 -7 28 12 19 13 -8 26 16 -13 -17 -19 -12 -18 -14 -23 24 -11 -21 27 -15 29 -10
right_child=-2 2 -4 -5 -6 8 10 -9 9 23 11 15 21 14 -16 17 20 18 -20 25 -22 22 -24 -25 -26 -27 -28 -29 -30 -31
leaf_value=-0.00042561588037036321 0.00047276012318552994 0.00011495036884298315 0.00074175482320924856 -0.00034119262961142412 -0.00014798918984845787 0.00021847861250053567 -1.9247800152394728e-05 1.2514848315953027e-05 0.00020298979330077971 -0.00021563068008550481 -0.00026190771493475042 -9.9913951999042193e-06 0.00019025743902367992 -0.00031367885310442728 -0.00037568552167743167 -0.00023077686176596523 1.4252008259063587e-05 6.3900510867301338e-05 -0.00021615989422040608 -0.0002329965886019636 0.00024999024440970624 2.5353539599132588e-05 -0.00023578496049705074 5.7813275105986567e-06 5.2136140038783199e-05 2.7780175845951558e-05 5.5783983980990551e-05 -8.7413425212111586e-05 0.00030131157353025634 5.2025110050538575e-06
leaf_weight=30 23 40 20 26 34 34 105 37 37 54 32 75 31 33 28 24 30 139 24 21 83 137 33 329 28 70 26 54 20 103
leaf_count=30 23 40 20 26 34 34 105 37 37 54 32 75 31 33 28 24 30 139 24 21 83 137 33 329 28 70 26 54 20 103
internal_value=-2.94811e-14 -6.25992e-06 0.000153207 -1.53834e-05 -5.8597e-06 -1.01447e-05 -2.92715e-05 -0.000183663 2.18493e-05 1.0141e-05 -1.83252e-05 1.45657e-05 -5.49688e-05 -0.000106348 -0.000171209 4.95549e-05 0.000108656 -9.86263e-06 2.26646e-05 -9.21086e-05 0.000187405 7.91299e-06 -2.53381e-05 -2.01513e-05 -0.000124198 -3.23991e-05 -0.000120543 -0.000173238 8.79545e-05 5.74749e-05
internal_weight=1760 1737 94 1643 74 1617 1012 67 605 571 945 498 447 246 141 375 188 187 163 123 113 201 170 411 82 91 113 87 160 140
internal_count=1760 1737 94 1643 74 1617 1012 67 605 571 945 498 447 246 141 375 188 187 163 123 113 201 170 411 82 91 113 87 160 140
is_linear=0
shrinkage=0.05


Tree=243
num_leaves=31
num_cat=0
split_feature=96 97 51 82 130 86 94 9 95 315 316 202 10 96 88 172 182 8 291 181 182 281 296 333 314 336 120 136 156 326
split_gain=0.00217916 0.0011356 0.00087707 0.0034 0.0005986 0.000365875 0.000356122 0.000608906 0.000527124 0.000502422 0.000525772 0.000533255 0.000626608 0.000497976 0.000571746 0.000696866 0.000475365 0.000472474 0.000460862 0.000483476 0.000447869 0.000408636 0.000612307 0.000550125 0.000420466 0.000392775 0.000369113 0.000432224 0.00039884 0.000371945
threshold=0.10630283631224409 0.19769325664880663 1.0000000180025095e-35 0.10444074368409653 0.10450407560464715 -0.43544782749678029 -0.016726691713068526 0.063836636891178203 -0.115621584371604 0.043234902659430842 0.05428982130686065 -0.012065587039606893 0.065395580898075567 0.042470511886236087 -0.091631001969564543 -0.0094968456131087915 0.018253422722326978 0.050104602510460262 -0.0028483218726586628 0.0042306764299509707 0.012105884186157606 -0.052569934451845581 0.035950413430697117 0.012102708892837807 -0.0036542969937519917 0.038814358362239045 -0.043160727792556502 0.0070796566715639626 0.029701547641372065 0.0107204085847488
decision_type=2 2 2 2 2 2 2 2 2 2 2 2 2 2 2 2 2 2 2 2 2 2 2 2 2 2 2 2 2 2
left_child=1 2 4 -4 5 -1 7 21 -8 10 11 12 18 14 15 -13 -11 -17 19 -10 -14 24 26 -24 -7 -16 27 -23 -28 -30
right_child=-2 -3 3 -5 -6 6 8 -9 9 16 -12 13 20 -15 25 17 -18 -19 -20 -21 -22 22 23 -25 -26 -27 28 -29 29 -31
leaf_value=0.00020819750199734698 0.00047318109892178958 -0.00037199303125297388 -0.00020532660687008915 0.00069543092737148985 -0.00027300074906677418 1.5323838523237593e-05 -0.00020676251114286386 0.00025329884366429825 0.00031403196791705509 -6.9210646334410671e-05 -0.00018879320161527415 -7.1015783113479198e-05 0.00039627618654934768 -0.00023367660283278945 -2.2406115100638021e-05 6.9014545879326754e-05 -0.00034796474123140799 0.00035204002387813647 -6.1118921545077708e-05 5.438156513264403e-06 7.275636176927947e-05 0.00033160441726977298 -3.4597113079826157e-05 -0.00029408319672559935 0.00031232498023221278 -0.00024852534552337601 -9.2595600705738221e-06 2.8855125856352971e-06 0.00021560625588413465 -3.2232215835392709e-05
leaf_weight=20 24 21 22 20 21 26 39 27 22 65 38 36 23 26 483 30 20 29 69 30 20 20 64 30 22 20 408 20 41 24
leaf_count=20 24 21 22 20 21 26 39 27 22 65 38 36 23 26 483 30 20 29 69 30 20 20 64 30 22 20 408 20 41 24
internal_value=4.69107e-13 -6.54167e-06 -2.06676e-06 0.000223606 -7.73217e-06 -4.36011e-06 -6.96499e-06 2.06013e-05 -2.67547e-05 -1.90486e-05 -7.1371e-06 1.62297e-06 8.18544e-05 -1.94635e-05 -1.01499e-05 0.000102348 -0.0001348 0.000208129 2.35921e-05 0.000135997 0.000245802 1.10092e-05 -9.64246e-08 -0.000117412 0.000151449 -3.13969e-05 2.14e-05 0.000167245 9.06635e-06 0.000124097
internal_weight=1760 1736 1715 42 1673 1652 1632 682 950 911 826 788 164 624 598 95 85 59 121 52 43 655 607 94 48 503 513 40 473 65
internal_count=1760 1736 1715 42 1673 1652 1632 682 950 911 826 788 164 624 598 95 85 59 121 52 43 655 607 94 48 503 513 40 473 65
is_linear=0
shrinkage=0.05


Tree=244
num_leaves=31
num_cat=0
split_feature=315 220 51 323 320 225 320 216 312 167 173 97 303 327 276 9 314 131 181 324 150 130 97 298 220 226 228 286 93 198
split_gain=0.0021199 0.0163994 0.00189556 0.000505612 0.000407618 0.000709466 0.00040341 0.00065941 0.000554996 0.000479553 0.000396838 0.000560335 0.000785686 0.000453161 0.000450789 0.000428547 0.000413787 0.000534124 0.00039333 0.000379996 0.000360291 0.00044732 0.000597844 0.000600406 0.000667491 0.000492796 0.000435644 0.00046805 0.000786266 0.000605409
threshold=0.04971749227683625 0.049879290367944834 0.89587973461402759 -0.020458556952195509 0.052348604343009988 0.016362720892683244 0.03329842467848048 0.008755135454287773 0.0015870210258444363 0.0030058772798605663 0.011507125510288825 -0.035549481797218951 -0.0037069498611008692 0.031058573684458943 0.020735723882006542 0.030257255332784037 0.022103187455591419 -0.0071586676318303828 0.053968401875880416 -0.0032407554419669874 -0.0038286070143895351 0.0031194805477559044 -0.040479167224450267 0.005446358351788712 0.026382829523634375 -0.0011284079034322182 -0.018222168423816569 0.0070418102110152503 -0.022008434324905807 -0.00063236482036053542
decision_type=2 2 2 2 2 2 2 2 2 2 2 2 2 2 2 2 2 2 2 2 2 2 2 2 2 2 2 2 2 2
left_child=2 3 4 -2 6 -6 10 8 19 -9 18 12 -12 14 16 -16 -13 -18 20 -8 26 -22 -23 -24 25 -25 -1 -28 -29 -30
right_child=1 -3 -4 -5 5 -7 7 9 -10 -11 11 13 -14 -15 15 -17 17 -19 -20 -21 21 22 23 24 -26 -27 27 28 29 -31
leaf_value=-3.3337616939858469e-05 -0.00022409693814434803 0.0015102191043843052 -0.0004656935143588192 1.793286041069684e-05 -1.3553078460972756e-06 -0.00030580282693864 -4.6068676712583634e-05 0.00035400320550001325 -0.00015659521442204199 5.1853878115556051e-05 -3.1200709132905547e-05 6.7920864808002081e-07 -0.00037552709242542431 -0.00016629103494259263 -0.00020543631828166492 5.0602170029798388e-05 -6.2102389347273864e-06 0.00035483211450766596 -0.00015901959016706056 0.00023293301198394216 2.892503729122432e-05 0.00011242132367021063 -3.4320459978427069e-05 8.5586645554940345e-05 -0.00043317321346283125 -0.00022553894007744802 2.7729444588182273e-05 0.0004092856337592821 -2.0300935277852909e-05 0.00022852989874412412
leaf_weight=127 31 20 23 71 50 31 23 29 36 24 37 160 30 49 44 26 20 21 35 26 270 41 142 20 23 35 193 24 55 44
leaf_count=127 31 20 23 71 50 31 23 29 36 24 37 160 30 49 44 26 20 21 35 26 270 41 142 20 23 35 193 24 55 44
internal_value=-4.34051e-13 0.000201071 -1.4976e-05 -5.56252e-05 -8.55707e-06 -0.000117872 -2.78488e-06 7.87669e-05 -7.53822e-06 0.000217181 -1.08466e-05 -5.38917e-05 -0.000185377 -2.63621e-05 -1.06125e-06 -0.000110336 3.69947e-05 0.000178714 5.66328e-06 0.000101973 1.1581e-05 -1.61951e-05 -6.28711e-05 -9.55392e-05 -0.000206989 -0.000112402 4.48748e-05 7.63082e-05 0.000152533 9.02905e-05
internal_weight=1760 122 1638 102 1615 81 1534 138 85 53 1396 387 67 320 271 70 201 41 1009 49 974 531 261 220 78 55 443 316 123 99
internal_count=1760 122 1638 102 1615 81 1534 138 85 53 1396 387 67 320 271 70 201 41 1009 49 974 531 261 220 78 55 443 316 123 99
is_linear=0
shrinkage=0.05


Tree=245
num_leaves=31
num_cat=0
split_feature=51 56 130 97 99 8 0 283 283 320 246 328 115 204 1 331 143 138 222 309 250 264 296 200 222 134 332 316 302 273
split_gain=0.00216089 0.000408438 0.000435667 0.000312999 0.000372645 0.000319477 0.000463956 0.000291565 0.000292737 0.000491495 0.000282787 0.000570599 0.000663417 0.000543609 0.000452362 0.00050748 0.000386162 0.000393139 0.000446003 0.000407631 0.000526699 0.000555897 0.000779445 0.000575237 0.000574641 0.000714676 0.000554337 0.000618602 0.000844137 0.000506964
threshold=0.89587973461402759 1.2424533248940004 0.10450407560464715 -0.11653215119266726 0.13922506117470876 0.47722567287784684 3.5114340430413216 -0.081553704440312999 -0.063706651655650218 -0.0075120745804747287 -0.0097024446134287134 -0.041606581112675914 0.0045831945875921256 -0.0010414385386434651 4.9380581778699986 0.0060923355462892967 -0.045200562925319938 -0.010445097845549025 -0.018331804590075138 0.021418087807591531 0.062224662379012953 0.020949125576246806 0.029559840201422185 -0.0015329654349344811 -0.0060229305116399666 -0.0036293923112745582 -0.024477299827707164 0.0044847395036435858 0.0031253550365705793 -0.013151345476810994
decision_type=2 2 2 2 2 2 2 2 2 2 2 2 2 2 2 2 2 2 2 2 2 2 2 2 2 2 2 2 2 2
left_child=1 2 3 -1 5 6 -5 -8 9 -9 11 12 -10 -13 -15 -16 -12 18 -18 20 21 23 -23 26 25 -25 -19 28 -28 -21
right_child=-2 -3 -4 4 -6 -7 7 8 10 -11 16 13 -14 14 15 -17 17 19 -20 29 -22 22 -24 24 -26 -27 27 -29 -30 -31
leaf_value=-0.00015522433291023066 0.00043573783727229713 0.00018237089509836682 -0.00023121886662341818 -0.00024943265316778712 0.00015969197736601071 0.00018617260455877323 -0.00014034857249498601 0.00024989359554983194 2.8595488900388472e-05 -5.9611718145037153e-05 -0.00014761367813965383 -5.0998123403284507e-05 0.00039501458578299552 1.6256777480606125e-05 0.00030890138894505985 3.1481877776433759e-05 0.00019626059790142964 9.0025786823175359e-05 8.3845704449669466e-06 0.00015890955963975944 -0.0002934706549200675 -7.1817821029886649e-05 -0.00039314495230792095 -0.00026422784009402426 0.0001025056609005477 7.847337983548642e-05 -0.00040542552451370287 -1.8040576373766128e-05 -4.2946422293206187e-05 -4.3110732260781029e-05
leaf_weight=35 28 28 22 20 34 21 40 29 30 23 60 240 21 214 32 34 37 34 216 53 23 77 25 29 126 32 36 57 29 75
leaf_count=35 28 28 22 20 34 21 40 29 30 23 60 240 21 214 32 34 37 34 216 53 23 77 25 29 126 32 36 57 29 75
internal_value=3.7786e-13 -7.04426e-06 -1.01567e-05 -7.2653e-06 -4.12105e-06 -7.57403e-06 -1.01297e-05 -7.08516e-06 -3.6057e-06 0.000112997 -7.70255e-06 1.98736e-05 0.000179474 4.22044e-06 5.15506e-05 0.000165988 -2.50248e-05 -1.63613e-05 3.58605e-05 -3.85293e-05 -6.01546e-05 -4.80956e-05 -0.000150574 -1.76208e-05 4.15201e-05 -8.44502e-05 -8.85141e-05 -0.000138271 -0.000243704 4.05383e-05
internal_weight=1760 1732 1704 1682 1647 1613 1592 1572 1532 52 1480 571 51 520 280 66 909 849 253 596 468 445 102 343 187 61 156 122 65 128
internal_count=1760 1732 1704 1682 1647 1613 1592 1572 1532 52 1480 571 51 520 280 66 909 849 253 596 468 445 102 343 187 61 156 122 65 128
is_linear=0
shrinkage=0.05


Tree=246
num_leaves=31
num_cat=0
split_feature=305 287 92 91 84 242 210 300 128 322 173 97 134 288 185 153 183 295 131 183 323 127 296 288 295 94 230 246 161 317
split_gain=0.0020376 0.000977566 0.00526285 0.000829726 0.00149308 0.000612464 0.000808824 0.000573064 0.000552468 0.00152325 0.000825012 0.000622199 0.00047869 0.000421847 0.000548751 0.000354907 0.000616029 0.000765875 0.000527268 0.000568051 0.000500826 0.000471106 0.000584285 0.000896816 0.000468255 0.00054289 0.000467135 0.000448904 0.000427283 0.000491492
threshold=0.086039783199755263 -0.048849779050016813 0.062736755349862144 0.16264440447566389 0.12639144736602931 0.014955564806198455 0.0041456713880373723 0.003107631519896811 0.051125011220842634 0.031518798423238466 0.0056470452812519903 0.18404322688957683 -0.0022252038992074735 0.068997413215818648 -0.0033286112025777033 0.0016500135722477304 -0.014167056892873255 -0.058714526678942926 0.0036221727362094531 -0.0097846921914382049 -0.011495124267279286 -0.027573245352768647 0.035428667613759839 -0.0053100221926708742 0.027000828560969029 0.025991288916583991 0.065479120073309208 0.017667258863034201 0.023278641577661074 0.0035512628754386737
decision_type=2 2 2 2 2 2 2 2 2 2 2 2 2 2 2 2 2 2 2 2 2 2 2 2 2 2 2 2 2 2
left_child=1 2 5 8 -5 6 -1 -7 11 10 12 13 -10 15 -15 21 -17 -18 19 -19 27 28 24 -24 26 -26 -23 -20 29 -3
right_child=-2 3 -4 4 -6 7 -8 -9 9 -11 -12 -13 -14 14 -16 16 17 18 20 -21 -22 22 23 -25 25 -27 -28 -29 -30 -31
leaf_value=2.4248248639826043e-05 0.00045755384047273159 0.00019060646927935898 0.00082981871267045137 -0.00055248746873985514 1.7498189764511255e-05 -4.4172207928954086e-06 -0.00030907162846623192 0.00032970236802828457 0.00017059464385511092 -0.00051203494600486014 -0.00025478843613640378 0.0002674076358310967 -7.8928871103877047e-05 -0.00035238126933109017 -1.1940394299393841e-05 0.00011147008125391995 -0.00029789651217426933 -0.00023122470097405314 0.0003020415736623486 -7.5856600117745862e-06 2.039835196242098e-05 -1.9364730679115926e-05 -0.0003687638359705863 -2.3330342238685781e-05 -6.1993338182465946e-05 -0.00036343178428069225 0.00020452870213921414 2.0749369540008837e-05 -0.00010254372787193865 -1.0215893468539127e-05
leaf_weight=52 24 63 22 20 27 33 28 21 40 20 31 21 37 20 29 156 21 32 37 252 134 342 34 42 59 20 25 23 36 59
leaf_count=52 24 63 22 20 27 33 28 21 40 20 31 21 37 20 29 156 21 32 37 252 134 342 34 42 59 20 25 23 36 59
internal_value=5.19239e-13 -6.32563e-06 0.000113083 -1.81153e-05 -0.000225049 -4.59041e-06 -9.24137e-05 0.000125518 -1.1771e-05 -0.000111217 -3.6991e-05 -2.71115e-06 5.06937e-05 -6.80977e-06 -0.000150896 -1.52122e-06 2.47464e-05 -2.36563e-06 1.06179e-05 -3.27844e-05 7.41554e-05 -2.68231e-05 -4.97196e-05 -0.000177866 -2.78829e-05 -0.000138307 -4.11313e-06 0.000194213 4.88221e-05 9.34875e-05
internal_weight=1760 1736 156 1580 47 134 80 54 1533 128 108 1405 77 1384 49 1335 655 499 478 284 194 680 522 76 446 79 367 60 158 122
internal_count=1760 1736 156 1580 47 134 80 54 1533 128 108 1405 77 1384 49 1335 655 499 478 284 194 680 522 76 446 79 367 60 158 122
is_linear=0
shrinkage=0.05


Tree=247
num_leaves=31
num_cat=0
split_feature=240 320 51 298 260 106 274 225 282 322 288 286 173 286 7 191 206 5 183 234 7 143 219 88 119 298 297 295 215 275
split_gain=0.00203813 0.00777684 0.00109931 0.000459501 0.000440369 0.000706916 0.000473709 0.00107056 0.000470084 0.000539554 0.00059745 0.000652371 0.000634942 0.000413509 0.000422019 0.000495291 0.000410299 0.000347367 0.000838424 0.000379064 0.000511317 0.000404269 0.000413552 0.00048438 0.000497452 0.000435644 0.000347155 0.000346897 0.000337893 0.000351732
threshold=0.071997189539391604 0.016733637691522866 0.89587973461402759 -0.0046346131427745059 -0.018326241900781484 0.10422843662718799 0.060763250760499966 0.024676121712980326 -0.023222743969243984 -0.050239640032185479 0.00087759929066379735 -0.0071365535307021596 0.0023938347514373104 0.014278960298299182 0.65955803858141049 0.0099688630116550065 -0.01262355631629089 2.4414009612931857 0.0032428904279886042 -0.052735273819367282 0.80571895424836615 -0.043228687087450431 0.12946069975798277 -0.16386370454941984 -0.013371710491280222 -0.00075998488360875551 0.0042844721615642803 0.0074898415475438017 -0.1061567591947022 -0.011945440016826498
decision_type=2 2 2 2 2 2 2 2 2 2 2 2 2 2 2 2 2 2 2 2 2 2 2 2 2 2 2 2 2 2
left_child=2 3 4 -2 8 6 17 -8 13 -10 16 12 -12 14 -1 -16 -11 19 -19 -6 21 -21 23 24 -23 -24 -15 -13 -25 -30
right_child=1 -3 -4 -5 5 -7 7 -9 9 10 11 27 -14 26 15 -17 -18 18 -20 20 -22 22 25 28 -26 -27 -28 -29 29 -31
leaf_value=0.000231442277059354 9.2879017372777333e-05 0.001101042502123164 -0.00033470687989252981 -0.00017455678389524112 -9.5949196535608886e-05 0.00021817770226707813 4.0113244516154137e-05 -0.00043215039593633267 -0.00031939526968265206 0.00015360056438242151 -0.00014557014114365707 3.1419957692788542e-05 -0.0004969402836968584 -0.00023604399438703524 -0.00014841988067200874 0.0001854072888090741 -3.926573336964514e-05 -0.00030428709401998541 9.4086814846377825e-05 -0.00011331450537558371 0.00020524307887220908 0.00036396912033697369 1.5486010612221436e-05 -0.00011856809901806495 6.5924189021600239e-05 -0.00029759545621345753 5.5026935278874589e-05 -0.00017298923131810236 7.61734205000859e-05 3.8230591683517109e-06
leaf_weight=35 36 20 26 29 72 39 30 20 22 35 36 51 20 21 25 20 130 28 25 57 37 21 25 41 42 20 20 35 257 485
leaf_count=35 36 20 26 29 72 39 30 20 22 35 36 51 20 21 25 20 130 28 25 57 37 21 25 41 42 20 20 35 257 485
internal_value=3.57132e-13 0.000238851 -1.21208e-05 -2.64385e-05 -7.03455e-06 8.79487e-06 1.75527e-06 -0.000148792 -4.92111e-05 -8.02029e-05 -6.30621e-05 -0.00013825 -0.000271059 3.50557e-05 0.000101227 -5.22498e-08 1.6453e-06 8.53669e-06 -0.000116375 1.48e-05 2.28954e-05 1.57784e-05 2.40369e-05 3.18932e-05 0.000165272 -0.000123661 -9.40582e-05 -5.17698e-05 2.11615e-05 2.88824e-05
internal_weight=1760 85 1675 65 1649 1199 1160 50 450 329 307 142 56 121 80 45 165 1110 53 1057 985 948 891 846 63 45 41 86 783 742
internal_count=1760 85 1675 65 1649 1199 1160 50 450 329 307 142 56 121 80 45 165 1110 53 1057 985 948 891 846 63 45 41 86 783 742
is_linear=0
shrinkage=0.05


Tree=248
num_leaves=31
num_cat=0
split_feature=51 89 106 226 321 130 110 225 329 269 269 104 315 150 110 128 320 172 231 189 330 269 199 178 258 181 302 306 324 324
split_gain=0.00208292 0.000400704 0.00141005 0.000524679 0.000424624 0.000441074 0.000385968 0.00036196 0.00050442 0.000503617 0.000453758 0.000698072 0.000628954 0.000536957 0.000464661 0.000431958 0.000426361 0.00040831 0.000405407 0.000377499 0.000385014 0.000350089 0.000340918 0.000339467 0.000333698 0.000385936 0.000329757 0.000319176 0.000316594 0.000743795
threshold=0.89587973461402759 -0.0017770586856914554 0.10072941190815972 -0.10284861856369661 -0.048228122184830163 0.088293294797913938 -0.014366467448169083 -0.014957264045433369 -0.040131597299375002 0.013737898407776479 -6.3661275739472134e-05 0.014091497794200323 0.045918577730872399 -0.0053836215833346886 0.014068696330243189 -0.00091974448874063261 0.0058497881157237785 -0.0050081474783524966 -0.014282355733615431 -0.027352933225638153 0.01093661115967084 0.057004655289104776 0.0044401516231525702 0.0075039110407316674 -0.0044011667402281433 -0.0047840669591520954 -0.0062137898529839248 0.0084390917946023398 -0.025373539563124926 -0.031756180584259275
decision_type=2 2 2 2 2 2 2 2 2 2 2 2 2 2 2 2 2 2 2 2 2 2 2 2 2 2 2 2 2 2
left_child=1 3 28 -1 6 7 -5 8 -6 10 12 13 14 -12 22 -16 21 -17 -18 -10 -21 -11 24 -22 -9 -26 -13 -24 29 -3
right_child=-2 2 -4 4 5 -7 -8 9 19 16 11 26 -14 -15 15 17 18 -19 -20 20 23 -23 27 -25 25 -27 -28 -29 -30 -31
leaf_value=-0.00027525831894655272 0.00042780426592798905 1.9101315224472229e-05 0.00041488261406563898 -0.0003330935919439071 0.00025868739340575818 -0.00024665488279424608 -5.6279590995365982e-05 -0.00010636223113823047 -0.00016262375316323922 3.3451260816023857e-05 -9.6066571138086652e-05 -0.00015857612860210274 -0.00023834817315844249 -0.00038516536733368412 -3.2166722652422125e-05 5.1148655272655837e-05 0.00032389320600486829 0.00035244643460662865 5.6760491900474474e-05 1.4095947529558674e-06 0.00025631816642999187 -0.00017026706250059459 -0.00022779785198508764 2.0129168503977969e-05 -6.7825651002259785e-05 0.00018648919092291701 0.00010158572628103591 1.6835446658660657e-05 2.3180806923218211e-05 -0.00024850017660738607
leaf_weight=21 28 82 22 20 23 20 34 41 27 71 29 21 32 36 37 23 20 22 49 211 32 30 40 29 26 35 29 20 612 38
leaf_count=21 28 82 22 20 23 20 34 41 27 71 29 21 32 36 37 23 20 22 49 211 32 30 40 29 26 35 29 20 612 38
internal_value=-6.34321e-15 -6.916e-06 2.0474e-05 -2.80326e-05 -2.26076e-05 -1.4463e-05 -0.000158803 -9.20384e-06 3.30507e-05 -3.34569e-05 -6.46943e-05 -0.000148139 -2.99256e-05 -0.000256183 -2.59152e-06 9.43911e-05 3.83892e-05 0.00019845 0.00013419 1.5694e-05 3.33947e-05 -2.70591e-05 -5.16815e-05 0.000144032 3.94905e-06 7.80927e-05 -7.68225e-06 -0.000146253 8.62016e-06 -6.56392e-05
internal_weight=1760 1732 754 978 957 903 54 883 322 561 391 115 276 65 244 82 170 45 69 299 272 101 162 61 102 61 50 60 732 120
internal_count=1760 1732 754 978 957 903 54 883 322 561 391 115 276 65 244 82 170 45 69 299 272 101 162 61 102 61 50 60 732 120
is_linear=0
shrinkage=0.05


Tree=249
num_leaves=31
num_cat=0
split_feature=315 215 51 297 170 320 164 320 216 138 115 146 173 97 292 327 276 9 84 97 300 144 268 6 315 132 332 7 198 332
split_gain=0.00200106 0.0151016 0.0018789 0.000567999 0.000433341 0.000342515 0.000640844 0.0003206 0.000580674 0.000492741 0.000446121 0.000430938 0.00033239 0.000479499 0.000719162 0.000391657 0.000405318 0.000375995 0.000373443 0.000362037 0.000535172 0.000573169 0.000544116 0.000528721 0.000460568 0.000384376 0.000381507 0.000415653 0.000424579 0.000450501
threshold=0.04971749227683625 0.0069579484881976015 0.89587973461402759 0.013249421486175484 -0.0018914061348990041 0.052348604343009988 -0.020688518720863181 0.03329842467848048 0.008755135454287773 -0.0064236862719434136 -0.0078841695534800759 -0.0065209297178834714 0.011507125510288825 -0.035549481797218951 -0.01063984759069561 0.031058573684458943 0.020735723882006542 0.030257255332784037 -0.32031986592401535 0.020950159732689384 -0.0017685740417905467 0.011594134911917809 0.00046814032631114783 0.66453744044952978 -0.0097092023764798561 0.015259036271778494 0.048779365857117132 0.80241279069767446 0.038311521510830983 0.014418182128357404
decision_type=2 2 2 2 2 2 2 2 2 2 2 2 2 2 2 2 2 2 2 2 2 2 2 2 2 2 2 2 2 2
left_child=2 3 5 4 -2 7 -7 12 9 -9 -11 -10 19 14 -14 16 18 -18 -15 23 21 22 24 26 -21 -22 27 28 29 -1
right_child=1 -3 -4 -5 -6 6 -8 8 11 10 -12 -13 13 15 -16 -17 17 -19 -20 20 25 -23 -24 -25 -26 -27 -28 -29 -30 -31
leaf_value=1.2348333698107374e-05 -0.00030954874598356928 0.0013194656416696186 -0.00046328282054594675 8.8999777918533334e-05 -4.9837190423810777e-05 -0.00033867842953027737 -2.2486025313733312e-05 0.0001477302496735525 0.0003828600967244711 -0.00025150732017209521 3.6118151027559567e-05 8.8727334426066869e-05 -0.00042220084927976128 0.00024064906203420832 -6.422245582569381e-05 -0.00015407077850415258 -0.00019315803149517953 4.6668544648407708e-05 1.2968630544090059e-05 -0.0002698764369900649 8.6511170388803299e-05 5.8142830812357719e-05 -0.00034195986626270629 0.00025745039832975676 3.1472761622808325e-05 -0.0001259684488919949 0.0001858827952791246 0.00021593377358563567 0.00020661069611378481 -9.1470633143294686e-05
leaf_weight=550 29 24 23 33 36 22 59 31 20 26 28 33 20 20 47 49 44 26 181 21 80 32 35 23 32 29 31 23 24 129
leaf_count=550 29 24 23 33 36 22 59 31 20 26 28 33 20 20 47 49 44 26 181 21 80 32 35 23 32 29 31 23 24 129
internal_value=-4.44425e-13 0.000195353 -1.45501e-05 -7.99394e-05 -0.000165708 -8.15951e-06 -0.000108365 -2.86832e-06 6.9833e-05 -1.11558e-05 -0.000102368 0.000199721 -1.00551e-05 -4.94502e-05 -0.000171082 -2.39836e-05 -4.62243e-07 -0.00010408 3.56234e-05 5.05475e-06 -5.02205e-05 -0.000123069 -0.000188964 2.1283e-05 -8.79298e-05 2.99799e-05 1.41075e-05 6.77273e-06 -7.03719e-08 -7.37574e-06
internal_weight=1760 122 1638 98 65 1615 81 1534 138 85 54 53 1396 387 67 320 271 70 201 1009 229 120 88 780 53 109 757 726 703 679
internal_count=1760 122 1638 98 65 1615 81 1534 138 85 54 53 1396 387 67 320 271 70 201 1009 229 120 88 780 53 109 757 726 703 679
is_linear=0
shrinkage=0.05


Tree=250
num_leaves=31
num_cat=0
split_feature=51 89 56 241 228 233 336 321 336 210 199 330 198 224 104 153 323 245 330 217 193 253 294 143 212 290 181 310 194 314
split_gain=0.00199821 0.000358859 0.00131664 0.000504634 0.000371209 0.000414042 0.000355112 0.000406205 0.000455607 0.000365677 0.00035476 0.000537309 0.000582532 0.000571177 0.000531273 0.000468949 0.00044759 0.000516188 0.000413729 0.000377063 0.000488534 0.000479426 0.000475857 0.000473025 0.000425348 0.00051591 0.000603013 0.000440195 0.000358097 0.000347952
threshold=0.89587973461402759 -0.0017770586856914554 1.0000000180025095e-35 -0.096074281656816904 0.097157767571966161 -0.0068199605857723984 0.043977253111734012 -0.048228122184830163 0.034565338624538748 -0.0038026413152191627 0.00027698230921063886 0.032538372897797083 -0.0045947434344016649 -0.034760921070983115 0.02953001143616037 -0.0073678661117376988 -0.03965401473844872 0.01381128167927087 -0.0021050750924783567 0.00025408880831171311 -0.0040166122701297772 0.011412186783390763 0.038674036156968912 0.0020173757668767089 0.086739686795297102 0.0076737164318718938 0.0014129858036468739 0.018825169963783119 0.0030514300342100501 -0.030491235548628388
decision_type=2 2 2 2 2 2 2 2 2 2 2 2 2 2 2 2 2 2 2 2 2 2 2 2 2 2 2 2 2 2
left_child=1 3 10 -1 6 -6 7 -5 29 -8 19 12 13 -12 16 -13 -14 18 -18 20 28 23 24 -22 25 27 -27 -21 -3 -9
right_child=-2 2 -4 4 5 -7 9 8 -10 -11 11 15 14 -15 -16 -17 17 -19 -20 22 21 -23 -24 -25 -26 26 -28 -29 -30 -31
leaf_value=-0.00022526770375289715 0.00041901493282888884 -0.00017441737044674273 0.00036199564497278687 -0.00017578150820134818 -2.1405599229341456e-05 0.00028965684778086142 -4.1880066419253126e-05 6.8095698027286083e-05 0.0001953464057525987 -0.00028002652753558423 -0.00019487252347971662 -0.00029065436989185402 -0.0001127105119931829 5.377854073472063e-05 0.00035368500950584274 5.8720703236758714e-06 0.00030119480031376238 -2.5244038850950029e-05 8.5465205484069887e-05 -7.6579838853041242e-05 0.00028020934478263372 -8.6407043440536095e-05 -0.0002680443902607766 2.8512025996211119e-05 0.00011352167547946529 -0.00041790333096287219 -8.0218239581415386e-05 0.00016911762606748828 4.9376026572645061e-05 -3.0624576254688603e-05
leaf_weight=31 28 39 27 39 23 20 40 103 26 27 32 20 22 83 23 40 46 37 43 61 40 26 27 35 35 20 39 26 33 669
leaf_count=31 28 39 27 39 23 20 40 103 26 27 32 20 22 83 23 40 46 37 43 61 40 26 27 35 35 20 39 26 33 669
internal_value=3.71549e-14 -6.77391e-06 1.91465e-05 -2.67575e-05 -2.02593e-05 0.000123275 -2.70867e-05 -1.82204e-05 -1.052e-05 -0.00013785 6.41343e-06 4.30652e-05 7.1604e-05 -1.54113e-05 0.000130123 -9.29701e-05 9.53804e-05 0.000131714 0.000196966 -2.68714e-05 2.76696e-05 9.8611e-05 -7.22348e-05 0.000162751 -4.30256e-05 -8.0554e-05 -0.000194688 -3.15301e-06 -7.18454e-05 -1.74533e-05
internal_weight=1760 1732 754 978 947 43 904 837 798 67 727 346 286 115 171 60 148 126 89 381 173 101 208 75 181 146 59 87 72 772
internal_count=1760 1732 754 978 947 43 904 837 798 67 727 346 286 115 171 60 148 126 89 381 173 101 208 75 181 146 59 87 72 772
is_linear=0
shrinkage=0.05


Tree=251
num_leaves=31
num_cat=0
split_feature=299 130 51 92 153 182 288 112 160 127 92 266 0 153 216 220 187 212 320 7 119 286 278 277 231 292 264 88 191 171
split_gain=0.00199103 0.00106556 0.00115901 0.000325295 0.000741203 0.000486305 0.000446277 0.000441935 0.000507085 0.000394092 0.00037618 0.000867787 0.000360299 0.000320813 0.000597145 0.000523259 0.000513709 0.000462363 0.000372675 0.000372312 0.000341199 0.00056461 0.000403473 0.000386334 0.000412233 0.000487474 0.000376872 0.000369436 0.000519144 0.000517258
threshold=-0.096082389719443287 0.10450407560464715 0.89587973461402759 0.07250651631382396 -0.027539254744100638 0.029400120115409756 -0.01281940664528697 -0.040010254726386967 0.0012398040366547881 0.004292325191522341 0.066129882897246015 -0.0070927129174276227 3.3140206880897671 -0.027539254744100638 0.081286018633303161 0.16657428352427578 -0.016252313821429828 0.064561796238606264 0.0023667615313044781 0.81120209059233461 0.053418154338281988 -0.0092827125155680937 0.079327651696222842 0.076416675952971677 -0.006103056874971838 0.0057406578116960261 0.069699982823435327 -0.002729229343010558 -0.0081008949004263992 0.0017445830807400712
decision_type=2 2 2 2 2 2 2 2 2 2 2 2 2 2 2 2 2 2 2 2 2 2 2 2 2 2 2 2 2 2
left_child=-1 2 3 10 -5 6 -6 -8 -9 -10 12 -12 -2 14 16 19 18 -18 -14 20 22 -22 23 24 25 27 -26 -15 -29 -30
right_child=1 -3 -4 4 5 -7 7 8 9 -11 11 -13 13 15 -16 -17 17 -19 -20 -21 21 -23 -24 -25 26 -27 -28 28 29 -31
leaf_value=0.00048394135928468869 -0.00020557803398419525 0.00033222372237461339 -0.00034166743795279987 -0.00027732957702634547 4.9378533602273682e-05 0.00021141902536328416 -0.00027682729882404342 4.6969844636081132e-05 -6.422405320639277e-05 -0.00034104344871593644 -7.0852224321459376e-05 0.00038934496338242756 0.00033206058213181683 7.8141084557738289e-05 0.00029365570153458979 -0.00023224460662822825 4.8805708459599015e-05 -0.00017581894454552741 2.6824821152331424e-05 0.00019383941944397522 -0.00030750116566196088 -1.8404149235912455e-05 -0.00019607174693373966 0.00018712675955612212 3.2134553548242136e-05 -0.00011731784403511685 -0.00013186607831960068 5.9216932614373684e-05 -2.3593594712358691e-05 -0.0003749289804545697
leaf_weight=21 21 23 26 33 79 20 28 59 36 20 21 20 20 92 25 25 63 36 20 24 24 57 25 29 658 135 37 41 22 20
leaf_count=21 21 23 26 33 79 20 28 59 36 20 21 20 20 92 25 25 63 36 20 24 24 57 25 29 658 135 37 41 22 20
internal_value=-2.64538e-13 -5.84403e-06 -1.03752e-05 -5.27844e-06 -5.50381e-05 -2.47256e-05 -4.59999e-05 -9.86915e-05 -5.53193e-05 -0.000163088 4.39216e-06 0.000153634 -6.12038e-08 3.12864e-06 6.86852e-05 -5.91365e-06 2.82229e-05 -3.2876e-05 0.000179443 -1.05259e-06 -5.15558e-06 -0.000104063 2.40954e-06 7.20841e-06 2.01673e-06 -4.59312e-05 2.34036e-05 9.13849e-06 -6.73463e-05 -0.000190896
internal_weight=1760 1739 1716 1690 275 242 222 143 115 56 1415 41 1374 1353 164 1189 139 99 40 1164 1140 81 1059 1034 1005 310 695 175 83 42
internal_count=1760 1739 1716 1690 275 242 222 143 115 56 1415 41 1374 1353 164 1189 139 99 40 1164 1140 81 1059 1034 1005 310 695 175 83 42
is_linear=0
shrinkage=0.05


Tree=252
num_leaves=31
num_cat=0
split_feature=141 19 51 201 330 211 270 191 196 287 325 133 111 101 315 226 279 177 146 95 158 136 263 254 332 132 134 140 155 160
split_gain=0.00196997 0.00088284 0.00335767 0.00247428 0.000354372 0.000983991 0.000353285 0.000910476 0.000491604 0.00062034 0.000598935 0.000464389 0.000456738 0.000385325 0.00088056 0.000386291 0.000331764 0.000423275 0.000438877 0.000517419 0.000365193 0.000308402 0.000307553 0.00030131 0.000395806 0.000497089 0.000466389 0.000494683 0.000631702 0.00067554
threshold=0.10121221227309303 37.125000000000007 0.89587973461402759 0.00096906510722529848 0.058734888332247513 -0.032136591013713862 0.025421116300263658 -0.034384979690692159 -0.029056313878881999 0.034453174790775032 -0.0031248058229197896 0.036973900910103295 0.05328517045344585 0.038123366517921468 0.017154188871724683 -0.050065297508272516 -0.021654027354572541 -0.014800018785034839 -0.0036371681575427493 0.0028079843813035772 0.0046809714999180687 -0.0021712013089979208 -0.0096191295142644025 -0.010126381045279494 -0.036744215465261888 0.0087804629954500099 -0.021622046769259651 -0.01104049114974299 -0.020901713134729133 -0.036574292425647269
decision_type=2 2 2 2 2 2 2 2 2 2 2 2 2 2 2 2 2 2 2 2 2 2 2 2 2 2 2 2 2 2
left_child=1 2 4 -3 6 -6 13 -8 -9 11 -11 12 16 23 15 -15 20 -18 19 -19 -10 -17 -20 -1 25 -25 -26 -28 -29 -30
right_child=-2 3 -4 -5 5 -7 7 8 9 10 -12 -13 -14 14 -16 21 17 18 22 -21 -22 -23 -24 24 26 -27 27 28 29 -31
leaf_value=3.1658589888155433e-05 0.00045970468263081078 -0.00010457020188267861 -0.00061202923407899625 0.00062917698611272507 0.00039287569968672912 -1.0481410303058241e-05 -0.00032554533546707328 -0.00026352223815462951 -0.00021155541869050535 -1.0379020992938119e-06 -0.00031698476321859442 -0.00011322079295358942 0.00027966485606157221 0.00016171228528167247 0.00039669181511271752 5.8403761904628489e-05 -8.3786131333053008e-05 7.6899094280882062e-05 -0.00012648309835640247 0.00042828920850297437 5.0987831424141338e-05 -0.00021926616929704323 0.00011174138230022177 -1.1587514488971519e-05 -0.00013205290777585846 0.00029781170818577742 6.8614321782063862e-05 0.00010058807296879981 -0.00029786427498791081 -4.6743865023017865e-05
leaf_weight=395 23 27 23 20 21 54 28 21 26 30 30 53 20 28 20 20 34 22 20 20 27 20 42 34 101 21 134 67 29 350
leaf_count=395 23 27 23 20 21 54 28 21 26 30 30 53 20 28 20 20 34 22 20 20 27 20 42 34 101 21 134 67 29 350
internal_value=-3.32998e-13 -6.08705e-06 -1.20316e-05 0.000207663 -3.75326e-06 0.000102459 -8.75696e-06 -5.13372e-05 -2.90826e-05 -1.38875e-05 -0.000159011 1.90952e-05 5.2331e-05 4.27211e-06 0.000105052 1.92749e-05 2.85264e-05 6.93646e-05 0.000119433 0.000244228 -7.7807e-05 -8.04312e-05 3.48948e-05 -3.56925e-06 -2.24755e-05 0.000106547 -3.28958e-05 -1.56288e-05 -4.09395e-05 -6.59589e-05
internal_weight=1760 1737 1690 47 1667 75 1592 373 345 324 60 264 211 1219 88 68 191 138 104 42 53 40 62 1131 736 55 681 580 446 379
internal_count=1760 1737 1690 47 1667 75 1592 373 345 324 60 264 211 1219 88 68 191 138 104 42 53 40 62 1131 736 55 681 580 446 379
is_linear=0
shrinkage=0.05


Tree=253
num_leaves=31
num_cat=0
split_feature=51 299 287 21 292 109 276 299 96 249 96 108 292 197 200 164 177 180 237 145 92 192 311 96 254 305 184 117 258 174
split_gain=0.00212685 0.000377201 0.000392131 0.00222129 0.000326388 0.000367303 0.000867084 0.000354265 0.000356234 0.000302302 0.000298558 0.000534136 0.000424664 0.000460867 0.000467397 0.000380696 0.000565276 0.000456718 0.000790142 0.000465427 0.000685236 0.00063955 0.000552451 0.00040398 0.000402026 0.000399806 0.000402192 0.000384757 0.00045508 0.000377925
threshold=0.89587973461402759 -0.075471055046718735 -0.048849779050016813 1.0000000180025095e-35 0.044573084187771984 0.10121054671881639 -0.0016879193793697669 -0.036354669442937353 -0.0020650211349546323 -0.0012112151470754222 -0.02345931895328009 0.040702757439789385 -0.0049797176392428573 -0.018498840214011446 0.0015733523497285884 0.024511120612379696 -0.018683009240239325 -0.011148544649206114 -0.077835783102116571 0.015979889266173729 0.05356793263036206 0.011841469110753657 0.045402358314684109 -0.021338289261860249 0.024529934436559413 -0.022258030611043107 -0.0056325463598625794 -0.042350185800873061 0.024366764649644886 -0.01935762147594319
decision_type=2 2 2 2 2 2 2 2 2 2 2 2 2 2 2 2 2 2 2 2 2 2 2 2 2 2 2 2 2 2
left_child=1 9 3 -3 5 10 -7 -6 -9 -1 11 12 13 -4 -15 16 27 18 -18 22 21 -21 23 -19 -17 -20 -27 -12 29 -29
right_child=-2 2 4 -5 7 6 -8 8 -10 -11 15 -13 -14 14 -16 24 17 19 25 20 -22 -23 -24 -25 -26 26 -28 28 -30 -31
leaf_value=-3.2737427822072421e-05 0.00043229177089025529 -4.7170976962661371e-06 7.9997758075478489e-05 0.00055103934918449904 -0.00026671079227856933 -0.00036631946313718804 8.2853694523995133e-05 5.3953753784298899e-05 -0.00011928460265664076 -0.00028779768797990287 9.8393621199647892e-05 -0.00029714132659137255 3.7542667189819479e-05 -0.00028918070429905413 -3.1967534513651941e-05 0.00013072477976796412 -0.00020058542764176806 0.00024689376645255836 -3.5324403434060517e-06 -0.00012381123020464588 -0.00035010609955696221 0.0002013742858599428 -0.00022936681568601423 1.7092661233054065e-05 -3.8025944468245144e-05 0.00029971764748839441 0.00010665896951875141 5.6306937059727372e-05 -0.00032924035941028881 -0.00013446868421339588
leaf_weight=26 28 125 25 21 22 22 21 50 73 21 25 20 116 38 33 120 22 20 50 54 22 21 22 437 50 38 93 37 21 87
leaf_count=26 28 125 25 21 22 22 21 50 73 21 25 20 116 38 33 120 22 20 50 54 22 21 22 437 50 38 93 37 21 87
internal_value=4.27587e-13 -6.98855e-06 -3.09154e-06 7.52205e-05 -1.05207e-05 -3.09448e-06 -0.000146956 -8.19153e-05 -4.88625e-05 -0.000146701 1.48438e-06 -5.01368e-05 -2.68344e-05 -0.000104623 -0.000169631 1.21869e-05 -1.56538e-07 1.78704e-05 8.23599e-05 -4.85761e-06 -0.000104735 -3.27593e-05 1.53681e-05 2.71496e-05 8.10922e-05 0.000116751 0.000162661 -8.27625e-05 -0.000113996 -7.75437e-05
internal_weight=1760 1732 1685 146 1539 1394 43 145 123 47 1351 232 212 96 71 1119 949 779 203 576 97 75 479 457 170 181 131 170 145 124
internal_count=1760 1732 1685 146 1539 1394 43 145 123 47 1351 232 212 96 71 1119 949 779 203 576 97 75 479 457 170 181 131 170 145 124
is_linear=0
shrinkage=0.05


Tree=254
num_leaves=31
num_cat=0
split_feature=225 130 51 97 318 288 11 8 315 99 295 0 88 313 170 8 274 270 150 0 135 296 96 127 168 188 301 299 160 123
split_gain=0.00194097 0.00106358 0.000927483 0.000289199 0.000307261 0.000954417 0.000341342 0.000276477 0.000257003 0.000538311 0.000314208 0.00031483 0.000420745 0.000401885 0.00039112 0.000388352 0.000330973 0.000356744 0.00036752 0.00032214 0.000644158 0.000310503 0.000303373 0.000324176 0.000296099 0.0002948 0.00044105 0.000421074 0.000434099 0.000512152
threshold=0.15205142098972116 0.10450407560464715 0.89587973461402759 -0.11653215119266726 0.053023675792302195 -0.020019710465566446 2.4431524547803622 0.47722567287784684 0.041051680378618137 0.040850292456207478 -0.081471117129558332 3.9019216517693867 -0.094962763044848672 -0.031581661312635019 0.02832830337632081 0.28239202657807311 -0.030336585629993404 -0.00098866164687612455 -0.002045572296726353 4.4829865921051741 0.0079074363156819722 -0.037322912966159867 0.002118323976549341 0.0075314837894442594 0.054227528258652326 0.0060096987069614962 -0.0086568913012829377 0.0062439014208200043 -0.002024039073033139 -0.016277446092674928
decision_type=2 2 2 2 2 2 2 2 2 2 2 2 2 2 2 2 2 2 2 2 2 2 2 2 2 2 2 2 2 2
left_child=1 2 3 -1 7 -6 -7 8 10 21 -5 -12 13 -13 16 19 -15 -18 -19 20 -14 -10 23 -23 25 27 -27 28 29 -21
right_child=-2 -3 -4 4 5 6 -8 -9 9 -11 11 12 15 14 -16 -17 17 18 -20 24 -22 22 -24 -25 -26 26 -28 -29 -30 -31
leaf_value=-0.00015269664726281809 0.00044657277576334311 0.00033926734408437783 -0.00031292457343079153 -0.00019631215076341981 0.00039087115874281153 -0.00016871202796686529 6.7665746005169636e-05 0.00017612139141419902 0.00011445099035982924 -0.00031507763545960191 -0.00011754094695269097 0.00021056335964730302 -2.1782046147004271e-05 -0.00011589681238319827 0.0002349086234806402 0.00020227752888569655 0.00011890430127275551 6.3410332191067383e-05 -0.00015159054746618497 -0.00014757964226274373 -0.00034988958536164971 -5.3897435175124827e-05 2.512809646110067e-05 -0.00029694681503789744 -0.00013868228110723289 0.00011678877337401088 -8.2403174216066171e-06 3.7187340917779766e-05 -9.9619263485939009e-05 4.5707924046221323e-05
leaf_weight=33 24 22 25 21 20 21 56 20 27 20 56 38 52 40 22 21 81 46 35 44 21 34 42 23 41 114 185 207 214 155
leaf_count=33 24 22 25 21 20 21 56 20 27 20 56 38 52 40 22 21 81 46 35 44 21 34 42 23 41 114 185 207 214 155
internal_value=-4.42345e-14 -6.17382e-06 -1.06077e-05 -6.13293e-06 -3.21227e-06 8.31315e-05 3.19908e-06 -8.58453e-06 -1.09849e-05 -7.40978e-05 -4.37001e-06 -1.43212e-06 3.50868e-06 6.02137e-05 3.47079e-05 -1.05869e-05 1.29039e-05 4.47065e-05 -2.94913e-05 -1.49142e-05 -0.000116169 -3.58471e-05 -7.68375e-05 -0.00015197 -7.21462e-06 -1.34936e-06 3.94296e-05 -2.10154e-05 -5.01872e-05 2.97097e-06
internal_weight=1760 1736 1714 1689 1656 97 77 1559 1539 146 1393 1372 1316 262 224 1054 202 162 81 1033 73 126 99 57 960 919 299 620 413 199
internal_count=1760 1736 1714 1689 1656 97 77 1559 1539 146 1393 1372 1316 262 224 1054 202 162 81 1033 73 126 99 57 960 919 299 620 413 199
is_linear=0
shrinkage=0.05


Tree=255
num_leaves=31
num_cat=0
split_feature=51 141 110 211 112 275 167 149 175 263 120 293 176 268 108 270 98 108 333 164 317 93 88 288 324 295 289 307 203 256
split_gain=0.00203107 0.000341998 0.000342638 0.00171924 0.000494228 0.000322556 0.000425057 0.000408308 0.000368468 0.000310558 0.000288 0.000304197 0.000405865 0.000382341 0.000366712 0.000517989 0.000565468 0.000699854 0.000356444 0.000406018 0.000374859 0.000317736 0.00039909 0.000602809 0.000562756 0.000561171 0.000462735 0.000447469 0.000426537 0.000376987
threshold=0.89587973461402759 0.089521259061477787 -0.044670404864431031 -0.098702431702471699 0.11147105256719878 0.042105370911236999 -0.00087536718788069391 0.010883016285372644 0.0083501185803223684 -0.010954172297352013 0.10513846859746213 -0.055249787091494536 0.023544857096905385 0.0028485857244588218 0.051851743548592767 -0.027263196628281156 0.012743369373835472 0.068275705943051115 -0.048490209959367175 -0.020688518720863181 0.0082338894355967439 0.098162672103446549 -0.10546594164074578 0.0010442372034754302 0.021200190049630922 0.0076690706450812827 -0.00079034171069130915 -0.0056138702512634918 -0.0037364350852164179 0.068085088998601925
decision_type=2 2 2 2 2 2 2 2 2 2 2 2 2 2 2 2 2 2 2 2 2 2 2 2 2 2 2 2 2 2
left_child=1 2 3 -1 10 6 7 -5 9 -8 11 12 13 -4 18 -16 17 -17 19 -13 -21 22 23 24 25 26 -20 -25 -29 -24
right_child=-2 -3 4 5 -6 -7 8 -9 -10 -11 -12 14 -14 -15 15 16 -18 -19 21 20 -22 -23 29 27 -26 -27 -28 28 -30 -31
leaf_value=0.00047330158969006417 0.00042244627786983206 -0.00016877061338149701 -0.00014157257400890531 3.4324935970531099e-05 -0.00021352111958852522 -0.00015995046096213628 -2.6609240539355912e-06 0.00025787638393618789 9.5882092694713112e-05 -0.00023212137991019213 0.00017993892115555357 -5.296037358805604e-05 -0.00026757483879359477 0.00011765581381041557 0.0001148631846921615 -0.00039870546846941578 -9.0847589622318353e-06 -7.7483345189531788e-05 0.00017764251110334459 0.0002928807648459042 3.4478431509342043e-05 -0.00019143859734123742 -5.469418344297534e-06 9.9073506083056733e-05 -6.6381868633801457e-05 5.6130177108570939e-05 0.00050577516612108984 2.5119848914283258e-05 -0.00025861836987099159 -0.00014426416900488012
leaf_weight=22 28 32 33 64 30 25 29 30 30 30 20 28 26 25 29 30 62 39 22 32 25 22 827 42 22 30 21 26 27 52
leaf_count=22 28 32 33 64 30 25 29 30 30 30 20 28 26 25 29 30 62 39 22 32 25 22 827 42 22 30 21 26 27 52
internal_value=-5.68244e-13 -6.82939e-06 -3.78108e-06 5.29679e-05 -1.26602e-05 8.50952e-06 3.15232e-05 0.000105671 -4.67904e-05 -0.000119336 -8.47557e-06 -1.11293e-05 -0.000103422 -2.98362e-05 -5.32646e-06 -7.63452e-05 -0.000118674 -0.000217145 4.33596e-06 0.000102956 0.000179546 -3.34754e-06 5.23367e-07 6.62338e-05 0.000155294 0.0002221 0.000337893 -2.28262e-05 -0.000119426 -1.36803e-05
internal_weight=1760 1732 1700 230 1470 208 183 94 89 59 1440 1420 84 58 1336 160 131 69 1176 85 57 1091 1069 190 95 73 43 95 53 879
internal_count=1760 1732 1700 230 1470 208 183 94 89 59 1440 1420 84 58 1336 160 131 69 1176 85 57 1091 1069 190 95 73 43 95 53 879
is_linear=0
shrinkage=0.05


Tree=256
num_leaves=31
num_cat=0
split_feature=322 90 51 130 189 322 239 117 234 116 294 10 9 140 106 181 276 84 323 104 297 228 305 306 273 200 204 157 128 198
split_gain=0.00195078 0.000862064 0.00106551 0.000414912 0.000261796 0.000618197 0.000572414 0.000429829 0.000475081 0.000463001 0.000392784 0.000369986 0.000366885 0.000541405 0.000407797 0.000470275 0.000384722 0.000455754 0.000379823 0.000372026 0.000360858 0.000357627 0.00034694 0.000441353 0.000352652 0.000339973 0.000332403 0.000415352 0.000327496 0.000315946
threshold=0.074563000707993946 0.25380170012930109 0.89587973461402759 0.10450407560464715 0.0054958262198781544 0.046002084638251645 -0.076382732619487165 0.082519425336439023 -0.00021257334882653488 -0.071434621262493433 0.010893949107942809 0.31009615384615391 0.01974984397753277 -0.025128890874514743 -0.024648871837693782 -0.008494787333182539 -0.03463615765326019 0.046060359652138193 -0.01594809249117389 0.012588633763561018 -0.038588891736139504 0.0031214203118811552 -0.021544110127974702 0.014608978505600488 -0.0057872743844890173 0.00067058065841232807 -0.010914405100136391 0.011228416055272441 0.011028462768801093 -0.0029254405878832751
decision_type=2 2 2 2 2 2 2 2 2 2 2 2 2 2 2 2 2 2 2 2 2 2 2 2 2 2 2 2 2 2
left_child=1 2 3 4 5 7 -6 9 -9 10 -1 29 13 -8 19 26 21 22 -19 28 -17 -15 -18 24 -24 -20 -16 -28 -14 -11
right_child=-2 -3 -4 -5 6 -7 12 8 -10 11 -12 -13 14 16 15 20 17 18 25 -21 -22 -23 23 -25 -26 -27 27 -29 -30 -31
leaf_value=-6.4060824463566584e-05 0.00039974265838585172 0.0002351832878250409 -0.00032969466052376308 -0.00022282801311865279 0.00028426529503462918 -0.00021782478058268774 -0.00012845354449642139 0.00031228783274335524 -2.8215173861099173e-05 -3.681457216256703e-05 -0.00032503394146000838 -0.00019163769153338864 0.00028595384057553017 -0.00016493847857351217 -0.00012977551642424343 -0.00028800834503878527 -0.00012866216332084782 3.6808718001478928e-05 0.00012204755224229302 -3.8259042156959307e-05 -7.6989628685343928e-05 0.00011401859417674132 -0.000104485753788673 0.00028265047175492247 0.00013808514603653985 0.00036072812005374081 4.7021785576362163e-07 0.00027094870707845652 3.2498593505946557e-05 2.4642444512130249e-05
leaf_weight=46 30 36 26 22 20 38 35 21 20 387 21 27 25 27 22 24 23 26 25 47 130 20 29 22 31 37 40 22 26 455
leaf_count=46 30 36 26 22 20 38 35 21 20 387 21 27 25 27 22 24 23 26 25 47 130 20 29 22 31 37 40 22 26 455
internal_value=-9.56132e-14 -6.93195e-06 -1.20773e-05 -7.12639e-06 -4.24338e-06 -1.99658e-05 2.1047e-05 -1.22701e-05 0.000146189 -1.92112e-05 -0.000145858 -9.44666e-06 1.2431e-05 5.5258e-05 -2.26208e-05 -5.79674e-05 8.20493e-05 0.000113289 0.000197218 6.32208e-05 -0.000109876 -4.62333e-05 4.29489e-05 9.10837e-05 2.08425e-05 0.000264486 3.71978e-05 9.64465e-05 0.000156741 -3.60443e-06
internal_weight=1760 1730 1694 1668 1646 1015 631 977 41 936 67 869 611 275 336 238 240 193 88 98 154 47 105 82 60 62 84 62 51 842
internal_count=1760 1730 1694 1668 1646 1015 631 977 41 936 67 869 611 275 336 238 240 193 88 98 154 47 105 82 60 62 84 62 51 842
is_linear=0
shrinkage=0.05


Tree=257
num_leaves=31
num_cat=0
split_feature=51 56 130 92 274 120 8 19 92 266 0 96 141 216 237 185 201 227 334 211 334 299 6 296 129 163 325 207 94 321
split_gain=0.00196481 0.000331526 0.000364368 0.000295246 0.000839397 0.000387963 0.000385908 0.00042802 0.000339221 0.000739582 0.000363378 0.000280598 0.000296963 0.000465817 0.000279462 0.000275421 0.00050349 0.000471001 0.000262612 0.000468649 0.000430045 0.00035321 0.000385084 0.00033187 0.000328143 0.000290896 0.000284838 0.000555633 0.000445467 0.000422408
threshold=0.89587973461402759 1.2424533248940004 0.10450407560464715 0.07250651631382396 0.060763250760499966 0.040275208400999206 0.31009615384615391 30.761226467331124 0.066129882897246015 -0.0070927129174276227 3.3140206880897671 0.09802510594755337 0.052333835227043858 0.03903645938672206 -0.020942578073466649 0.038654853012269071 -0.0081049523071830467 -0.018883261395880657 0.024324947132245613 -0.0099844677394170019 0.021774716506147138 -0.015658022778576596 0.65466836047920329 0.00053235794591556561 -0.0060900216022307697 0.0013541353480786039 0.012468033129520991 0.0033200932406054844 0.079399428467001668 0.026088711237241005
decision_type=2 2 2 2 2 2 2 2 2 2 2 2 2 2 2 2 2 2 2 2 2 2 2 2 2 2 2 2 2 2
left_child=1 2 3 8 5 6 7 -5 10 -10 -1 12 15 -14 -7 18 -17 -18 20 24 26 -21 23 25 -20 -23 27 28 29 -12
right_child=-2 -3 -4 4 -6 14 -8 -9 9 -11 11 -13 13 -15 -16 16 17 -19 19 21 -22 22 -24 -25 -26 -27 -28 -29 -30 -31
leaf_value=-0.00020348761304789646 0.00041549743722758391 0.00016393459623681599 -0.00021168661174173891 -4.8538562703515994e-05 -0.00036635664146160711 -2.6374263179604895e-05 0.00014056702315098267 -0.0002574120525768476 -6.3203915973038735e-05 0.00036164097022265199 -4.8370816356661334e-05 -0.00016129302060177838 -1.143629565761993e-05 -0.00027270356363639315 0.00023186952640489008 8.0894715359714948e-05 -0.00034558396754701712 -4.8674447543817227e-05 0.0003094220078939823 -0.00012342789484844413 -0.00022361036511938439 0.00034462976345821521 -0.00013797488009004155 8.5565439284047389e-06 9.2556411646172539e-05 7.4956019452656627e-05 5.3409614525516577e-05 4.9830964669277235e-05 -0.00022112480080316096 0.00012616314268551576
leaf_weight=22 28 28 22 159 20 20 22 29 21 20 312 26 59 24 22 33 22 34 26 36 20 20 20 42 53 20 274 254 33 39
leaf_count=22 28 28 22 159 20 20 22 29 21 20 312 26 59 24 22 33 22 34 26 36 20 20 20 42 53 20 274 254 33 39
internal_value=5.11591e-15 -6.71705e-06 -9.52118e-06 -6.87693e-06 -5.4572e-05 -2.98272e-05 -5.75719e-05 -8.07584e-05 2.32383e-06 0.000144037 -1.92033e-06 1.37178e-06 4.57336e-06 -8.69835e-05 0.000108896 1.07117e-05 -7.40253e-05 -0.000165317 1.72753e-05 6.68141e-05 5.74103e-06 1.12188e-05 5.87411e-05 0.000106721 0.00016393 0.000209793 1.07707e-05 -7.54136e-06 -4.54908e-05 -2.89782e-05
internal_weight=1760 1732 1704 1682 272 252 210 188 1410 41 1369 1347 1321 83 42 1238 89 56 1149 217 932 138 102 82 79 40 912 638 384 351
internal_count=1760 1732 1704 1682 272 252 210 188 1410 41 1369 1347 1321 83 42 1238 89 56 1149 217 932 138 102 82 79 40 912 638 384 351
is_linear=0
shrinkage=0.05


Tree=258
num_leaves=31
num_cat=0
split_feature=141 130 51 92 274 120 215 112 235 111 280 99 0 81 127 2 67 84 153 239 178 119 153 335 6 315 276 121 185 284
split_gain=0.00190157 0.000862298 0.00110744 0.00027228 0.000675867 0.00036764 0.000369997 0.000389715 0.000427868 0.00030491 0.000304297 0.00030058 0.000286314 0.000409797 0.000585565 0.000301878 0.000388882 0.000485297 0.000414578 0.000495502 0.000495622 0.000382254 0.000363242 0.000516631 0.000402146 0.000337197 0.00033075 0.000488801 0.000525788 0.000440677
threshold=0.10121221227309303 0.10450407560464715 0.89587973461402759 0.07250651631382396 0.055831909917756349 0.041004176535656349 0.010765044013690833 -0.040010254726386967 -0.0094285316575239957 0.018368486966855637 -0.0024956435864347628 0.13922506117470876 11.055853368301584 -0.69387189566693686 -0.006749057525818951 2.9700856263602158 1.0000000180025095e-35 -0.011191293576494366 -0.027539254744100638 -0.021541837510884631 0.012714410027481931 0.053418154338281988 0.0016500135722477304 0.03052226483531225 0.66420499963665447 -0.0024569139901726915 0.0051845006537437994 0.0084344122704237568 0.0055320157018399268 0.0075444635727608539
decision_type=2 2 2 2 2 2 2 2 2 2 2 2 2 2 2 2 2 2 2 2 2 2 2 2 2 2 2 2 2 2
left_child=1 2 3 11 5 6 7 8 -5 10 -9 12 13 14 -1 16 17 -15 19 -18 -21 22 23 -20 26 -17 27 28 -24 -28
right_child=-2 -3 -4 4 -6 -7 -8 9 -10 -11 -12 -13 -14 15 -16 25 18 -19 21 20 -22 -23 24 -25 -26 -27 29 -29 -30 -31
leaf_value=3.5300935081566774e-05 0.0004516544653123002 0.00029164617772039494 -0.00033398479863535615 -1.3433492162933007e-05 -0.00032334407830300431 0.00011093412873378838 -0.00022365973506696592 6.3895565767779777e-05 -0.00032964703394100075 0.00017795756423805395 -9.6291649973113285e-05 0.00016891229978581478 0.00013229386192051607 -0.00024948737163554298 -0.00026115676670694182 0.00019293455048422664 -9.9447248098642933e-05 -3.3631411497481167e-05 -1.1145738836751473e-05 8.0882970684927256e-05 0.00034862939076265323 -0.00017594172376751282 0.00019380324033434215 -0.00020639810991736178 0.00018581592266855298 1.5556195726399106e-05 2.4629057473870682e-05 -2.2617542135076991e-05 -1.8289049595213411e-05 -0.00014370604266162956
leaf_weight=31 23 24 26 23 21 40 28 56 20 23 63 27 40 29 36 42 23 255 258 56 25 30 87 39 40 74 114 104 44 59
leaf_count=31 23 24 26 23 21 40 28 56 20 23 63 27 40 29 36 42 23 255 258 56 25 30 87 39 40 74 114 104 44 59
internal_value=-1.25211e-13 -5.98046e-06 -1.01504e-05 -5.15943e-06 -5.07753e-05 -2.81511e-05 -5.42703e-05 -2.8633e-05 -0.00016051 1.13014e-05 -2.09094e-05 3.68612e-06 4.67427e-07 -3.45015e-06 -0.00012399 2.86428e-06 -4.80739e-06 -5.5673e-05 1.1627e-05 0.000105364 0.000163521 -9.51931e-07 6.09464e-06 -3.67849e-05 3.45215e-05 7.97794e-05 1.96887e-05 5.83146e-05 0.000122566 -3.278e-05
internal_weight=1760 1737 1713 1687 274 253 213 185 43 142 119 1413 1386 1346 67 1279 1163 284 879 104 81 775 745 297 448 116 408 235 131 173
internal_count=1760 1737 1713 1687 274 253 213 185 43 142 119 1413 1386 1346 67 1279 1163 284 879 104 81 775 745 297 448 116 408 235 131 173
is_linear=0
shrinkage=0.05


Tree=259
num_leaves=31
num_cat=0
split_feature=96 97 90 130 86 310 178 166 312 141 106 228 284 302 277 116 314 324 160 106 218 276 179 202 135 177 174 2 191 296
split_gain=0.00193758 0.00100814 0.000760826 0.00038896 0.000303771 0.000316465 0.000665811 0.000409784 0.000362014 0.000350315 0.000339912 0.000337441 0.000305566 0.000353117 0.000276128 0.000393005 0.00063325 0.000352469 0.000460664 0.000460528 0.000413801 0.000434735 0.000389434 0.000548894 0.000601267 0.000453155 0.000387328 0.000418715 0.000368887 0.000331473
threshold=0.10630283631224409 0.19769325664880663 0.25380170012930109 0.10450407560464715 -0.43544782749678029 -0.036424460638808998 0.017611526241735866 0.072129114818795428 -0.0064096320808446272 0.089521259061477787 0.13336549233235348 0.10477552259832738 -0.016638054476864637 -0.015925504456451026 0.017356725114977243 -0.076689439163189557 -0.0036542969937519917 0.002667672450266109 -0.002024039073033139 0.011280540597633523 -0.037498369404033088 0.023245952754436503 -0.018627073237112917 -0.010876825861476225 0.0081996571934718938 -0.01133902674620867 -0.0059245667864029983 1.8688348091416842 0.0019501785559361232 -0.0011609475794767106
decision_type=2 2 2 2 2 2 2 2 2 2 2 2 2 2 2 2 2 2 2 2 2 2 2 2 2 2 2 2 2 2
left_child=1 2 3 4 -1 6 8 9 12 10 11 14 -6 -14 15 16 -7 22 -19 20 -20 28 23 -17 -25 -24 -27 -28 29 -22
right_child=-2 -3 -4 -5 5 7 -8 -9 -10 -11 -12 -13 13 -15 -16 17 -18 18 19 -21 21 -23 25 24 -26 26 27 -29 -30 -31
leaf_value=0.0001896271246368997 0.00044618281608563851 -0.00035050012028521105 0.0002254815466181349 -0.00021568459329004822 -0.00013323891894071409 -0.00036741753890055405 -0.00029779981602957753 -0.00020804621472843396 -0.00012200357017601136 -0.00019802443251440614 0.000190432328148745 0.00014397308249109692 0.00025028272449906746 9.153811368155495e-06 3.9003011353115123e-05 0.00017110817367210984 -1.6515799623246293e-05 1.5728819001791495e-05 -0.00024108912732030845 -0.00018292839140261175 -7.7556963400898636e-05 0.00017263169788098563 -4.5770172359482885e-05 -3.7366851614327364e-05 -0.00033804587247963675 0.00015498634085958532 0.00012989875271946281 -1.972816466092816e-05 -0.00017064084065331815 0.00015325132351011103
leaf_weight=20 24 21 36 22 21 20 27 23 62 21 25 42 22 49 340 20 36 208 21 81 35 28 103 60 23 102 74 127 39 28
leaf_count=20 24 21 36 22 21 20 27 23 62 21 25 42 22 49 340 20 36 208 21 81 35 28 103 60 23 102 74 127 39 28
internal_value=-3.87155e-13 -6.16843e-06 -1.95212e-06 -6.8286e-06 -4.05562e-06 -6.42193e-06 -6.87739e-05 1.32924e-06 -2.862e-05 4.68977e-06 7.70464e-06 4.41106e-06 3.43124e-05 8.38698e-05 5.29907e-08 -1.31241e-05 -0.000141838 -5.5288e-06 -3.83028e-05 -8.6745e-05 -3.51499e-05 -1.88278e-06 2.28024e-05 -6.40282e-05 -0.000120688 4.48308e-05 7.56292e-05 3.53584e-05 -4.97887e-05 2.50245e-05
internal_weight=1760 1736 1715 1679 1657 1637 181 1456 154 1433 1412 1387 92 71 1345 1005 56 949 440 232 151 130 509 103 83 406 303 201 102 63
internal_count=1760 1736 1715 1679 1657 1637 181 1456 154 1433 1412 1387 92 71 1345 1005 56 949 440 232 151 130 509 103 83 406 303 201 102 63
is_linear=0
shrinkage=0.05


Tree=260
num_leaves=31
num_cat=0
split_feature=267 291 130 51 280 221 244 100 216 299 164 295 165 86 150 246 229 180 5 273 115 239 273 216 19 160 312 0 335 280
split_gain=0.00190679 0.00567425 0.000857622 0.00100294 0.000317615 0.000254355 0.00104798 0.00029395 0.000607324 0.00031138 0.000272013 0.00046361 0.000402626 0.000250224 0.000272729 0.000248109 0.000421104 0.00031393 0.00029983 0.00028175 0.000324931 0.000388585 0.000467151 0.000337101 0.000609363 0.000330562 0.000478548 0.000358214 0.000352947 0.00039226
threshold=0.073302367348293387 0.027227503846177125 0.10450407560464715 0.89587973461402759 -0.00082783994759600939 0.1248335882401954 0.053927171872327366 0.11345931033631672 0.03257152053243955 -0.059586363185522927 0.04551982514001212 0.017495725240858951 0.00022016905145587516 0.0081329067554934374 -0.013237728108563317 -0.03722506661793714 -0.1382584589524197 -0.021949348425500819 3.7250397849037498 0.087476389637725124 0.036553145168011655 -0.0052973978822526127 0.0091422405071234624 0.050638627936817629 16.225000000000005 0.014631635063483884 0.049249261135043194 3.9019216517693867 0.040600861601152595 -0.0056245234521959458
decision_type=2 2 2 2 2 2 2 2 2 2 2 2 2 2 2 2 2 2 2 2 2 2 2 2 2 2 2 2 2 2
left_child=2 4 3 5 -2 7 13 9 -9 -1 15 12 -12 -7 -15 17 -17 -11 19 20 23 -22 -23 25 -25 27 -27 -18 -29 -30
right_child=1 -3 -4 -5 -6 6 -8 8 -10 10 11 -13 -14 14 -16 16 18 -19 -20 -21 21 22 -24 24 -26 26 -28 28 29 -31
leaf_value=-0.00013009691807811202 9.561979479460408e-05 0.0009677133064542432 0.00028600989256422814 -0.00032313562226660841 -0.0001517063638311811 0.00010448538737364289 -0.00039205030627106847 -2.2838262145796763e-05 0.00032839193965628511 0.00022543347884146941 0.00032964744745897961 -9.4852735713610184e-05 4.2457999818277761e-05 6.1207003986615195e-05 -0.00014580463637064054 -0.00022122108575422318 -0.00019207468692911789 2.0716011278447614e-05 -0.0002056039765739115 -0.00017620350496144966 -1.420172831500847e-05 0.00026900760024767116 1.7753743152236378e-05 -3.8884562134171577e-05 -0.00031487443485821132 -2.9013179616615365e-05 -0.00024870892986135522 1.0941809809086981e-05 0.00032232223421715391 2.7788862756166895e-05
leaf_weight=51 27 20 24 26 25 32 22 32 20 21 23 23 26 26 41 25 20 173 20 25 83 37 37 100 25 216 28 486 20 26
leaf_count=51 27 20 24 26 25 32 22 32 20 21 23 23 26 26 41 25 20 173 20 25 83 37 37 100 25 216 28 486 20 26
internal_value=1.95054e-13 0.000251991 -1.07484e-05 -1.50286e-05 -2.3287e-05 -1.0138e-05 -7.99023e-05 -4.57341e-06 0.00011225 -8.72006e-06 -4.34225e-06 9.03359e-05 0.000177261 -1.05361e-05 -6.54718e-05 -9.42185e-06 -1.82597e-05 4.28761e-05 -1.37414e-05 -1.02625e-05 -6.41411e-06 6.00728e-05 0.000143381 -1.77479e-05 -9.40825e-05 -5.7607e-06 -5.42242e-05 1.56616e-05 2.34712e-05 0.000155847
internal_weight=1760 72 1688 1664 52 1638 121 1517 52 1465 1414 72 49 99 67 1342 1148 194 1123 1103 1078 157 74 921 125 796 244 552 532 46
internal_count=1760 72 1688 1664 52 1638 121 1517 52 1465 1414 72 49 99 67 1342 1148 194 1123 1103 1078 157 74 921 125 796 244 552 532 46
is_linear=0
shrinkage=0.05


Tree=261
num_leaves=31
num_cat=0
split_feature=51 287 252 292 163 128 213 287 156 305 128 260 203 275 308 308 301 205 180 167 288 19 248 198 164 301 334 167 237 194
split_gain=0.00196042 0.000308683 0.00193964 0.000309849 0.000418612 0.000332546 0.000622793 0.00118817 0.000419639 0.000458806 0.000393623 0.000331331 0.000295314 0.000288557 0.000480302 0.000375132 0.000354282 0.000412383 0.000369076 0.000360895 0.000390336 0.000342259 0.000327755 0.000433876 0.000478142 0.000461295 0.000449902 0.000663069 0.000504761 0.000503503
threshold=0.89587973461402759 -0.048849779050016813 0.034429134352256988 0.048128464622096225 -0.014596530876770425 0.03711479954533372 0.10103025021268655 0.0027933692488000994 -0.011707039746181268 0.027294107070503424 0.030296171781894313 0.0037690730933199216 -0.012968830281428605 0.064700271645827881 -0.0058781675292972338 -0.034031920948280669 -0.053418741309503616 -0.009020807035403337 -0.042172314805207382 0.048468904019232463 0.065872331978785226 11.950000000000001 -0.0059232859767015056 -0.011903930193149644 -0.01475686513138078 0.014962013072486317 0.011537844743854988 0.00031862593199022296 -0.00080727214822457177 -0.0026048547539519649
decision_type=2 2 2 2 2 2 2 2 2 2 2 2 2 2 2 2 2 2 2 2 2 2 2 2 2 2 2 2 2 2
left_child=1 2 12 5 -5 10 8 -8 -7 11 13 -10 -1 15 -15 21 17 -17 -18 20 22 -3 -20 -24 25 -25 28 29 -26 -28
right_child=-2 3 -4 4 -6 6 7 -9 9 -11 -12 -13 -14 14 -16 16 18 -19 19 -21 -22 -23 23 24 26 -27 27 -29 -30 -31
leaf_value=0.00015828908823839978 0.00041503403148713657 1.6541072090059152e-05 0.00052023821568582208 -0.00025374031433000649 -3.9783882770010406e-05 -0.00018657097961598387 2.8655978167080323e-05 -0.00051635977597470635 -0.00011149436041063489 0.00021777336078230292 0.00013741307341730974 8.5048247608544958e-05 -4.2694420934215789e-05 -0.00027720643332577311 1.3338992974268243e-05 -0.00031415205539815362 -0.00015239273311052761 -2.1042514927103187e-05 4.1000871394771824e-05 0.00014607321012759754 -0.00021526109915049306 0.00017279120166724746 -0.00011187377244355941 0.00021723695385431215 -6.404608225201335e-05 -7.2369389197319837e-05 0.00016166405015004178 -0.0002810359235170197 7.6096405139843858e-05 -0.00016949238177568822
leaf_weight=22 28 91 20 29 108 30 20 20 51 24 52 37 108 25 33 20 39 30 340 43 21 57 107 44 121 20 24 37 137 22
leaf_count=22 28 91 20 29 108 30 20 20 51 24 52 37 108 25 33 20 39 30 340 43 21 57 107 44 121 20 24 37 137 22
internal_value=5.25194e-13 -6.70956e-06 6.18408e-05 -1.32093e-05 -8.50739e-05 -6.39581e-06 -6.95828e-05 -0.000243852 -2.04929e-05 2.39923e-05 2.70952e-06 -2.88571e-05 -8.68183e-06 -3.07461e-06 -0.000111896 2.39949e-06 -8.545e-06 -0.000138286 -1.75226e-06 4.66148e-06 -2.30382e-06 7.67185e-05 2.94513e-06 -2.23263e-05 1.33196e-06 0.000126735 -2.22041e-05 -0.000123461 1.03707e-05 3.28489e-06
internal_weight=1760 1732 150 1582 137 1445 182 40 142 112 1263 88 130 1211 58 1153 1005 50 955 916 873 148 852 512 405 64 341 83 258 46
internal_count=1760 1732 150 1582 137 1445 182 40 142 112 1263 88 130 1211 58 1153 1005 50 955 916 873 148 852 512 405 64 341 83 258 46
is_linear=0
shrinkage=0.05


Tree=262
num_leaves=31
num_cat=0
split_feature=299 130 51 331 231 331 284 229 7 331 303 303 173 270 289 265 198 8 164 164 194 321 145 89 133 131 305 295 158 200
split_gain=0.00193535 0.000888546 0.00106674 0.000268537 0.000875974 0.000483658 0.000309531 0.000302567 0.000325496 0.000308182 0.000370142 0.000359611 0.000290376 0.000348108 0.00033209 0.000258033 0.000311439 0.000373406 0.00054046 0.000442635 0.000320755 0.000313748 0.000363829 0.000304548 0.000411387 0.00044042 0.000292618 0.000466961 0.000348811 0.000331386
threshold=-0.096082389719443287 0.10450407560464715 0.89587973461402759 -0.035760043588133804 -0.049871953163100897 -0.03220874257651319 -0.097558355777054864 -0.053291561902273181 0.80309668276715518 -0.011139101724270873 -0.015229438682276782 -0.0039330469922216416 -0.027621818770373192 -0.0048093861959937331 0.01470807556846959 -0.077881612046505302 0.038311521510830983 0.046543293928328282 -0.017448705461539236 0.016787551147704544 0.015297523971787188 -0.017515798320479066 -0.013324419964449573 -0.083121882825657856 0.0084692725047402183 -0.0026170660189357409 -0.018765522007286758 0.022589218270226974 -0.01116840858236442 -0.0051404268411872232
decision_type=2 2 2 2 2 2 2 2 2 2 2 2 2 2 2 2 2 2 2 2 2 2 2 2 2 2 2 2 2 2
left_child=-1 2 3 4 -2 -5 -7 9 15 11 -11 -8 -6 14 -14 -9 17 23 -19 21 -18 22 -20 24 25 -17 27 28 29 -25
right_child=1 -3 -4 5 12 6 7 8 -10 10 -12 -13 13 -15 -16 16 20 18 19 -21 -22 -23 -24 26 -26 -27 -28 -29 -30 -31
leaf_value=0.00047712629117692515 0.00034716157444398215 0.00030295121421500959 -0.00032773053658624682 -0.00020155945765674751 0.00015711457236993113 -0.00019411683626293036 1.5146731708558615e-06 -0.00012009669162368885 0.00015074075734544849 -0.00016830769458985224 1.4729184738978747e-05 -0.00025507408233049013 -2.1790815248766051e-05 4.6995745633053463e-05 -0.00026954582842466025 -0.00031099462149237903 0.0001921201277495822 0.00025165716581492843 -4.7157643157767044e-05 0.00017951507932019396 -5.1163454263587478e-05 -4.8502290767708675e-05 0.00023781944782967914 -3.5957850715411562e-05 1.2738587778227663e-05 -6.7741414794890805e-05 1.4593661978713522e-05 -0.00022378928327400772 -7.2584047701016255e-05 0.00024842553993948969
leaf_weight=21 22 23 26 33 29 22 22 43 37 35 131 36 38 88 21 30 42 30 21 38 20 129 24 21 61 49 521 35 92 20
leaf_count=21 22 23 26 33 29 22 22 43 37 35 131 36 38 88 21 30 42 30 21 38 20 129 24 21 61 49 521 35 92 20
internal_value=2.79269e-13 -5.76173e-06 -9.89949e-06 -5.00978e-06 4.9702e-05 -1.22705e-05 -7.98908e-06 -5.13952e-06 4.71978e-06 -5.85294e-05 -2.38629e-05 -0.000157747 1.25195e-05 -1.6006e-05 -0.000109975 1.25586e-07 4.6883e-06 -1.61898e-06 5.30242e-05 2.49157e-05 0.000113642 -8.84735e-06 0.00010483 -1.75703e-05 -8.48008e-05 -0.000160116 -3.90953e-06 -6.12914e-05 -1.85288e-05 0.000102766
internal_weight=1760 1739 1716 1690 198 1492 1459 1437 1213 224 166 58 176 147 59 1176 1133 1071 242 212 62 174 45 829 140 79 689 168 133 41
internal_count=1760 1739 1716 1690 198 1492 1459 1437 1213 224 166 58 176 147 59 1176 1133 1071 242 212 62 174 45 829 140 79 689 168 133 41
is_linear=0
shrinkage=0.05


Tree=263
num_leaves=31
num_cat=0
split_feature=51 299 330 268 130 331 231 331 329 284 302 259 229 275 7 89 270 100 197 176 103 206 217 305 275 181 272 300 97 97
split_gain=0.00189552 0.000343127 0.000344683 0.000980452 0.000458926 0.000309839 0.00088511 0.000478867 0.000327886 0.000285912 0.000275676 0.000332104 0.000275313 0.000336527 0.000375838 0.000277368 0.000346453 0.000367701 0.000338857 0.000372193 0.000486924 0.000311624 0.00047755 0.000346479 0.0003413 0.000311032 0.000308624 0.000479842 0.000309794 0.000290288
threshold=0.89587973461402759 -0.096082389719443287 0.058734888332247513 -0.006330688962379598 0.10450407560464715 -0.035760043588133804 -0.049871953163100897 -0.033079996241608615 -0.033925517649466552 -0.097558355777054864 -0.00067588700991630792 -0.016402339016794911 -0.053291561902273181 -0.072418478855201876 0.80309668276715518 0.01468344933868899 0.02834981991676357 -0.067936945686727077 0.0045498991393413879 -0.0057779638538311947 0.023484737216829123 0.0070228758400858807 0.0056862249773674311 -0.0051345179237608481 0.025449648801076575 -0.001198440310135731 -0.045607807722664581 0.020197160639027763 -0.08947663557538342 -0.070814107620595382
decision_type=2 2 2 2 2 2 2 2 2 2 2 2 2 2 2 2 2 2 2 2 2 2 2 2 2 2 2 2 2 2
left_child=1 -1 4 -4 5 6 -3 -7 -8 -9 -10 -12 -11 -14 15 26 17 -17 21 -20 -21 23 -23 25 -25 -19 27 -15 -28 -30
right_child=-2 2 3 -5 -6 7 8 9 10 12 11 -13 13 14 -16 16 -18 18 19 20 -22 22 -24 24 -26 -27 28 -29 29 -31
leaf_value=-0.00021249960074783302 0.00040810538651255359 0.00036108735220772193 0.00040040645784756635 -7.4252859641481852e-06 -0.00024707063786991054 -0.00023068118341325317 0.00015526797008836487 -0.00019304116888503944 5.323916282607376e-05 -5.8630179291097295e-05 5.4213871961742967e-05 -0.0001853419585702982 -0.0001657728696892295 1.7561141348932774e-06 0.0001680191103618459 0.00024747004195391627 -7.9211217995239696e-05 -0.00015107652352266347 -0.00012045672425803535 -2.4691865034053907e-05 0.00024641905975758245 0.00029104085726430637 -1.0557951325262409e-05 0.00014531388074917742 -5.1783029630314561e-05 9.2324918244100581e-05 -0.00019113389175015919 0.00028515071240690302 0.00014300194404313516 -3.1401123565864205e-05
leaf_weight=20 28 21 20 56 20 25 33 21 61 219 23 39 29 59 35 22 61 35 58 67 22 35 21 82 30 21 29 20 25 523
leaf_count=20 28 21 20 56 20 25 33 21 61 219 23 39 29 59 35 22 61 35 58 67 22 35 21 82 30 21 29 20 25 523
internal_value=-8.95126e-14 -6.59755e-06 -4.19215e-06 9.98989e-05 -9.02767e-06 -6.0816e-06 5.63438e-05 -1.376e-05 1.53206e-05 -9.92481e-06 -2.22262e-05 -9.64745e-05 -7.16426e-06 2.43628e-06 6.6966e-06 1.60986e-06 3.1654e-05 4.88621e-05 3.70849e-05 -2.19022e-05 4.23243e-05 7.57951e-05 0.000177941 4.17464e-05 9.25201e-05 -5.9801e-05 -1.91829e-05 7.35016e-05 -3.18728e-05 -2.34448e-05
internal_weight=1760 1732 1712 76 1636 1616 177 1439 156 1414 123 62 1393 1174 1145 1110 454 393 371 147 89 224 56 168 112 56 656 79 577 548
internal_count=1760 1732 1712 76 1636 1616 177 1439 156 1414 123 62 1393 1174 1145 1110 454 393 371 147 89 224 56 168 112 56 656 79 577 548
is_linear=0
shrinkage=0.05


Tree=264
num_leaves=31
num_cat=0
split_feature=141 19 51 261 232 106 322 121 121 313 170 10 262 262 128 160 103 293 191 147 263 177 295 295 306 203 83 312 185 197
split_gain=0.00182482 0.000806549 0.00336071 0.00224039 0.000304018 0.00112716 0.000536243 0.000962122 0.000496332 0.00040744 0.000373702 0.000334555 0.00030425 0.000444918 0.000360261 0.000327866 0.000320555 0.000307719 0.000382917 0.00029797 0.000355541 0.000370848 0.000379104 0.000475063 0.000360564 0.00046796 0.000455203 0.000488244 0.00046257 0.000439267
threshold=0.10121221227309303 37.125000000000007 0.89587973461402759 0.012533869498627167 -0.016843794609851848 0.10422843662718799 0.044304358835240684 0.0065679972124442982 -0.037077887253223321 -0.040727747730839238 -0.016726460942490567 0.066300366300366315 0.0067840708722900255 -0.0018472145344420119 0.007643334361949714 0.00031894037113139485 0.014202144462630142 -0.0012847577767070295 0.0043356288655289196 0.008415492345217131 -0.0078130973727578313 -0.013222970333569889 -0.018536466501339405 -0.035398594825797942 0.0094620340650409616 0.0057439643515404025 0.28609835161622316 0.0015870210258444363 0.0045715394412951978 0.0023699465884430408
decision_type=2 2 2 2 2 2 2 2 2 2 2 2 2 2 2 2 2 2 2 2 2 2 2 2 2 2 2 2 2 2
left_child=1 2 4 -3 6 9 8 -8 11 10 -6 -1 13 17 15 16 -14 18 -10 20 21 -11 23 -23 26 -26 27 -22 -29 -30
right_child=-2 3 -4 -5 5 -7 7 -9 12 19 -12 -13 14 -15 -16 -17 -18 -19 -20 -21 24 22 -24 -25 25 -27 -28 28 29 -31
leaf_value=2.5510971917195577e-05 0.00044244521134754436 0.00055108126529692378 -0.00061180922177458269 -0.00013949423925320543 0.00023182822078524624 0.00030763877631773454 -0.00045891313442552928 2.0250091984053144e-05 -4.6769364567842548e-05 -5.0201641743390636e-05 3.5701490995289412e-05 0.00024264973076242315 -6.3779819486496445e-06 -0.00027747219323322902 0.0001221614032502934 4.2301652138121432e-05 -0.00027657081404670506 7.3907424742829733e-06 -0.00027031333733854506 -5.0109251744894818e-05 3.3705902234891659e-05 3.3936262417184826e-05 5.0065001609592629e-05 0.0003536771611274722 0.00011908975781265777 -5.7385142203062206e-05 -0.00025356813316466286 -2.4764398054939259e-05 -0.00035432911094243603 -7.1675521550267676e-05
leaf_weight=68 23 23 23 24 33 31 20 22 53 66 92 24 21 27 46 47 23 86 30 300 144 21 167 26 89 65 25 86 27 28
leaf_count=68 23 23 23 24 33 31 20 22 53 66 92 24 21 27 46 47 23 86 30 300 144 21 167 26 89 65 25 86 27 28
internal_value=-1.6482e-13 -5.85851e-06 -1.15404e-05 0.000198447 -3.25833e-06 1.00621e-05 -3.74865e-05 -0.000207923 -2.06434e-05 2.17089e-06 8.74789e-05 8.21559e-05 -4.90444e-05 -8.90016e-05 8.1207e-06 -4.95262e-05 -0.000147615 -5.8891e-05 -0.000127568 -8.0432e-06 8.91892e-06 5.34136e-05 8.53697e-05 0.000210814 -1.79313e-05 4.46036e-05 -4.89971e-05 -3.10522e-05 -9.71882e-05 -0.000210433
internal_weight=1760 1737 1690 47 1667 1200 467 42 425 1169 125 92 333 196 137 91 44 169 83 1044 744 280 214 47 464 154 310 285 141 55
internal_count=1760 1737 1690 47 1667 1200 467 42 425 1169 125 92 333 196 137 91 44 169 83 1044 744 280 214 47 464 154 310 285 141 55
is_linear=0
shrinkage=0.05


Tree=265
num_leaves=31
num_cat=0
split_feature=51 141 56 109 318 288 106 315 220 128 97 315 278 332 133 295 315 237 222 6 202 279 130 102 0 118 208 214 143 122
split_gain=0.00189548 0.000331605 0.00030219 0.000289515 0.000296083 0.000702017 0.000242191 0.00023654 0.000487402 0.000305685 0.000346167 0.000328515 0.000283809 0.000262334 0.000406501 0.000298963 0.000284618 0.000253018 0.000307727 0.000307067 0.000308268 0.000296832 0.000258235 0.00032868 0.000325341 0.000718314 0.000397303 0.000379852 0.000451772 0.000375615
threshold=0.89587973461402759 0.089521259061477787 1.2424533248940004 0.13060028036922969 0.053023675792302195 -0.020019710465566446 0.025113990691450708 0.041051680378618137 0.023233091999235334 -0.012531713700226618 0.013499418943247552 0.059509285902735583 0.079327651696222842 -0.035447909685097444 -0.019244813011449997 -0.081471117129558332 0.036922459413382673 -0.077835783102116571 -0.0013785144383588776 0.66230994837271073 -0.010569555354165821 -0.07822684299276246 0.068259379892182823 -0.045395904372283101 4.5798392285869785 -0.01740751652723577 0.0074078424897231947 0.027786527764442171 0.002853235671682124 0.045451819809833184
decision_type=2 2 2 2 2 2 2 2 2 2 2 2 2 2 2 2 2 2 2 2 2 2 2 2 2 2 2 2 2 2
left_child=1 2 3 4 7 -6 -7 12 9 -9 11 -11 13 14 -1 -15 17 18 -17 21 -21 -19 23 -23 25 -25 27 -26 -29 -28
right_child=-2 -3 -4 -5 5 6 -8 8 -10 10 -12 -13 -14 15 -16 16 -18 19 -20 20 -22 22 -24 24 26 -27 29 28 -30 -31
leaf_value=0.00023567541777863099 0.00040810160041603798 -0.00016605898292709753 0.00015930538028052462 -0.00017873297135035198 0.00034519117481977444 7.9880848692908418e-05 -0.00010802224663806287 -0.00018097231178823374 -0.00025361425721022332 -0.00018594861956863987 0.00014489874927890283 6.5399728135581928e-05 -0.00015506055817847181 -0.00019866821327013895 2.2676792316035844e-05 4.1184642022448027e-06 0.00018329090384213489 -0.00019764884101277857 -0.00019845884079758609 -2.8716244593273259e-05 0.00021441709793137422 7.1560752560248479e-05 -0.00015034974366526829 -0.00033124027594686085 1.2002755645274495e-05 -3.216952112279039e-05 -8.6446185105160114e-05 4.03647056932991e-05 0.00031976651156108584 0.00010616170586824107
leaf_weight=28 28 32 28 24 20 47 27 24 29 26 34 26 30 20 112 38 20 20 37 22 32 142 29 23 450 158 162 39 23 30
leaf_count=28 28 32 28 24 20 47 27 24 29 26 34 26 30 20 112 38 20 20 37 22 32 142 29 23 450 158 162 39 23 30
internal_value=-7.28758e-14 -6.59749e-06 -3.59586e-06 -6.32387e-06 -3.81306e-06 8.23577e-05 1.13216e-05 -9.02544e-06 -7.12652e-05 -2.31914e-05 2.08405e-05 -6.02744e-05 -2.91143e-06 3.84216e-07 6.52765e-05 -6.91291e-06 -3.78221e-06 -6.88716e-06 -9.58197e-05 -9.84558e-07 0.000115363 -6.82355e-06 -3.20944e-06 9.45452e-07 -1.03849e-05 -7.0173e-05 4.98674e-06 2.79885e-05 0.000144014 -5.63512e-05
internal_weight=1760 1732 1700 1672 1648 94 74 1554 139 110 86 52 1415 1385 140 1245 1225 1205 75 1130 54 1076 1056 1027 885 181 704 512 62 192
internal_count=1760 1732 1700 1672 1648 94 74 1554 139 110 86 52 1415 1385 140 1245 1225 1205 75 1130 54 1076 1056 1027 885 181 704 512 62 192
is_linear=0
shrinkage=0.05


Tree=266
num_leaves=31
num_cat=0
split_feature=225 130 51 141 106 97 19 273 5 96 268 310 304 198 324 273 143 183 296 193 209 276 288 288 256 203 300 198 292 272
split_gain=0.00188393 0.000966799 0.000951954 0.000258913 0.000233198 0.000280687 0.000211045 0.000234746 0.00020034 0.000205343 0.000171656 0.000323172 0.000449388 0.000455824 0.000344296 0.000414488 0.000298994 0.000280382 0.000252116 0.000257202 0.000402229 0.000374576 0.000329014 0.000302833 0.000302521 0.000269026 0.000423093 0.000420207 0.00037129 0.000354156
threshold=0.15205142098972116 0.10450407560464715 0.89587973461402759 0.10121221227309303 0.13336549233235348 -0.11653215119266726 43.500000000000007 0.090355892043337757 4.1806204448211766 0.09802510594755337 0.016181522349385441 0.020260478928379098 0.043218446615163296 0.028197941208071561 -0.007580964441383539 -0.031666840217022672 0.0042609068848175778 -0.016599671704569694 -0.075689558841007656 0.013576501276462162 0.44716880387186553 -0.042095004427604769 0.0049818358415359741 0.013024023669418542 -0.0021393430661168071 -0.0011316690235836397 0.010259455731839697 0.0076726660965130309 -0.01063984759069561 0.0015357848581578632
decision_type=2 2 2 2 2 2 2 2 2 2 2 2 2 2 2 2 2 2 2 2 2 2 2 2 2 2 2 2 2 2
left_child=1 2 3 4 5 -1 7 8 9 10 18 12 13 14 15 -12 -17 -13 -7 21 22 -20 -21 -24 -25 26 -23 29 -28 -27
right_child=-2 -3 -4 -5 -6 6 -8 -9 -10 -11 11 17 -14 -15 -16 16 -18 -19 19 20 -22 25 23 24 -26 27 28 -29 -30 -31
leaf_value=-0.00016571668008880268 0.00043996187802501185 0.00032326737498144874 -0.00031658888212405146 -0.00017618365225809446 0.00014803146768826991 0.00019341170045663605 -0.00015696606265423312 -0.00012909724242993954 -0.00015539046049525495 -0.00013278926387472355 8.6088030697542971e-05 0.00018754594044973299 0.00012383469867337547 -0.00022527453640233601 1.9461419563142683e-06 -8.2516092023373263e-05 -0.00027631340562948029 6.683366484746027e-06 -6.5332835986330959e-05 5.3506360110777602e-05 -0.0001900498308660805 3.227148195613884e-05 -0.00022179609016166071 -0.00012161041900194628 8.0580511555151162e-05 -7.1340378610552663e-05 2.1448368489792623e-05 0.00011123789636595003 0.00021417113501040336 4.2178550228167894e-05
leaf_weight=27 24 22 25 22 25 20 22 35 20 27 21 30 37 37 185 48 34 75 94 113 34 213 25 37 37 147 37 81 77 129
leaf_count=27 24 22 25 22 25 20 22 35 20 27 21 30 37 37 185 48 34 75 94 113 34 213 25 37 37 147 37 81 77 129
internal_value=6.30113e-13 -6.08242e-06 -1.03098e-05 -5.77634e-06 -3.52742e-06 -5.83495e-06 -3.16201e-06 -1.03791e-06 1.83891e-06 3.8835e-06 6.3257e-06 -1.88719e-05 -4.1273e-05 -6.00698e-05 -3.88456e-05 -0.000112112 -0.000162871 5.83584e-05 1.75971e-05 1.41632e-05 -3.04003e-05 2.82539e-05 -4.79618e-06 -7.13435e-05 -2.0515e-05 4.11153e-05 7.38795e-05 1.11044e-05 0.000151621 -1.82826e-05
internal_weight=1760 1736 1714 1689 1667 1642 1615 1593 1558 1538 1511 467 362 325 288 103 82 105 1044 1024 246 778 212 99 74 684 327 357 114 276
internal_count=1760 1736 1714 1689 1667 1642 1615 1593 1558 1538 1511 467 362 325 288 103 82 105 1044 1024 246 778 212 99 74 684 327 357 114 276
is_linear=0
shrinkage=0.05


Tree=267
num_leaves=31
num_cat=0
split_feature=299 130 51 89 333 328 9 224 269 251 141 265 148 220 9 318 92 296 306 100 303 153 271 0 278 277 117 203 316 225
split_gain=0.00185371 0.000790936 0.000978197 0.00023663 0.00065208 0.0007444 0.000332245 0.000842858 0.000259292 0.000274864 0.000208371 0.000203949 0.000244139 0.000203439 0.000201953 0.000257678 0.000208061 0.000433721 0.00037025 0.000323635 0.000337643 0.000289367 0.000362082 0.0003598 0.000355047 0.000363383 0.0003214 0.000284958 0.000338631 0.000628882
threshold=-0.096082389719443287 0.10450407560464715 0.89587973461402759 -0.16524420371482582 -0.0023178385168945857 0.0020681574909006801 0.061089514331622873 0.032001776593276625 0.0098060768609171175 -0.011123976328951879 0.10121221227309303 0.095768442055737327 -0.069433609330888477 -0.0016195513922511293 0.05163526484180591 -0.00080478660364070745 0.070382513775838609 0.046500900795627791 0.0084390917946023398 0.017444526267009191 -0.011428182277220431 -0.027539254744100638 -0.026830209810479955 6.087904647576436 0.079327651696222842 0.076416675952971677 -0.0013988925876732854 0.01227647594052882 0.0014329185726560066 0.022614597694448031
decision_type=2 2 2 2 2 2 2 2 2 2 2 2 2 2 2 2 2 2 2 2 2 2 2 2 2 2 2 2 2 2
left_child=-1 2 3 4 13 -6 10 8 9 -8 11 12 -5 -2 16 -16 21 19 -19 20 -18 22 -14 26 25 27 -24 28 29 -23
right_child=1 -3 -4 6 5 -7 7 -9 -10 -11 -12 -13 14 -15 15 -17 17 18 -20 -21 -22 24 23 -25 -26 -27 -28 -29 -30 -31
leaf_value=0.0004669542811045956 -6.3043497417917632e-05 0.00028562438677434568 -0.00031389835001811243 0.00016067329244991846 -0.00044211545737198325 -5.5535658909568816e-05 -0.00018607540593868844 0.00038017249267795704 0.000151061119478462 7.0035082862887073e-05 -0.00016569372714002385 -0.00015431902074024867 -4.0081955464812363e-05 0.00013226357400223304 -0.00019660890723268194 1.6304788517084457e-05 -8.0179471494731217e-05 -0.00034498568712933777 -4.4388718864259619e-05 -0.00012484613653214184 8.7645838120383715e-05 -8.634427987196451e-05 9.7071513550872623e-05 -3.106545965155502e-05 -0.00018231113944448926 0.00020128537447738424 0.00032903224678843153 5.0258858029164875e-05 2.0113829787985474e-05 5.3257029791724712e-05
leaf_weight=21 24 23 26 23 20 33 22 20 21 20 20 22 41 30 30 27 46 20 21 46 86 282 32 22 26 23 28 221 371 113
leaf_count=21 24 23 26 23 20 33 22 20 21 20 20 22 41 30 30 27 46 20 21 46 86 282 32 22 26 23 28 221 371 113
internal_value=1.20482e-13 -5.6389e-06 -9.54277e-06 -4.86038e-06 -7.68236e-05 -0.000201415 3.84025e-09 9.73828e-05 7.60835e-06 -6.4118e-05 -5.38446e-06 -3.21812e-06 -9.38137e-07 4.54604e-05 -3.52842e-06 -9.57551e-05 2.86465e-07 -4.44087e-05 -0.000191021 -1.06384e-05 2.91613e-05 8.73189e-06 8.1239e-05 0.000141899 1.23427e-07 4.81976e-06 0.00020532 2.41536e-07 -1.4189e-05 -4.64077e-05
internal_weight=1760 1739 1716 1690 107 53 1583 83 63 42 1500 1480 1458 54 1435 57 1378 219 41 178 132 1159 123 82 1036 1010 60 987 766 395
internal_count=1760 1739 1716 1690 107 53 1583 83 63 42 1500 1480 1458 54 1435 57 1378 219 41 178 132 1159 123 82 1036 1010 60 987 766 395
is_linear=0
shrinkage=0.05


Tree=268
num_leaves=31
num_cat=0
split_feature=51 299 330 268 130 166 288 318 201 201 260 7 283 278 184 161 182 282 279 155 269 170 106 160 65 298 220 88 86 175
split_gain=0.00194042 0.000358817 0.000306867 0.000840409 0.000489518 0.000270112 0.000249548 0.000704915 0.000354479 0.00032058 0.000310282 0.000454176 0.000336387 0.000368587 0.000300527 0.00027595 0.000300913 0.000406179 0.000361327 0.000275259 0.000305027 0.000260728 0.000400179 0.0003845 0.000413905 0.000445323 0.000427361 0.00038768 0.000366358 0.000345521
threshold=0.89587973461402759 -0.096082389719443287 0.058734888332247513 -0.006330688962379598 0.10450407560464715 0.072129114818795428 -0.025132372575824926 0.037351485284213219 0.012221579190827584 0.0068673486051847232 -0.018326241900781484 0.80571895424836615 0.06261407461574571 0.031933637416953993 0.016706933701538477 -0.021993923183862136 0.035578360020899945 -0.032458270599575532 0.026508502540774973 -0.0058777362258076388 0.0077802449604360219 0.0079442004634342027 0.075532565681617939 0.015118622306185533 0.89587973461402759 0.0030421988027664738 0.064070422106896077 -0.12081704404574529 -0.19736386657182506 -0.021652541287388589
decision_type=2 2 2 2 2 2 2 2 2 2 2 2 2 2 2 2 2 2 2 2 2 2 2 2 2 2 2 2 2 2
left_child=1 -1 4 -4 5 6 7 8 9 -3 12 21 13 15 -10 -8 17 -17 19 20 -19 23 29 24 25 27 -27 -12 -25 -23
right_child=-2 2 3 -5 -6 -7 10 -9 14 -11 11 -13 -14 -15 -16 16 -18 18 -20 -21 -22 22 -24 28 -26 26 -28 -29 -30 -31
leaf_value=-0.00021723223617300393 0.0004129113588922857 2.7128253016657723e-05 0.00037221913047687851 -5.3645466631938431e-06 -0.00025462692545715984 -0.00016559293818807841 -0.0001720166223860456 0.00028812189076024179 -1.2724041638042158e-05 0.00023529864979320253 0.00020799028275683262 0.00018740507557595267 0.00013118156251869589 -0.00021291985398611836 -0.00023950485074670895 9.3310617308435583e-05 0.00015380213513881678 -0.00021455456346582372 -0.00025419049838092182 6.4290110094589176e-06 2.180492172642733e-05 -6.580920357663803e-05 -0.00015805860620457681 -0.00028704383068543391 -0.00020546009087094876 -1.8231252097182226e-05 -0.00025227258712137967 3.0645375969368481e-05 -5.9574748752606577e-05 7.6847606260540906e-05
leaf_weight=20 28 155 20 56 20 26 38 26 48 21 36 32 23 38 21 43 21 39 25 90 21 52 25 20 23 172 22 214 154 231
leaf_count=20 28 155 20 56 20 26 38 26 48 21 36 32 23 38 21 43 21 39 25 90 21 52 25 20 23 172 22 214 154 231
internal_value=-1.24915e-13 -6.67524e-06 -4.21546e-06 9.39996e-05 -8.77802e-06 -5.73534e-06 -3.12131e-06 4.05792e-05 1.43094e-05 5.19668e-05 -1.21e-05 2.1348e-06 -5.34145e-05 -6.68929e-05 -8.17443e-05 -4.68603e-05 -2.6961e-05 -4.43739e-05 -7.8205e-05 -4.88741e-05 -0.000131829 -4.11246e-06 3.36956e-05 -2.22792e-05 1.35847e-06 1.2072e-05 -4.4772e-05 5.6183e-05 -8.57206e-05 5.0635e-05
internal_weight=1760 1732 1712 76 1636 1616 1590 271 245 176 1319 981 338 315 69 277 239 218 175 150 60 949 308 641 467 444 194 250 174 283
internal_count=1760 1732 1712 76 1636 1616 1590 271 245 176 1319 981 338 315 69 277 239 218 175 150 60 949 308 641 467 444 194 250 174 283
is_linear=0
shrinkage=0.05


Tree=269
num_leaves=31
num_cat=0
split_feature=305 90 112 239 260 263 97 96 106 299 260 257 141 320 119 251 320 94 116 117 144 293 302 124 252 114 106 254 114 324
split_gain=0.00183206 0.000769709 0.000722659 0.00134929 0.000589472 0.000493171 0.000809503 0.000769508 0.000414249 0.00026912 0.000360476 0.000409709 0.000233036 0.000213454 0.000437986 0.00035651 0.000322079 0.000573544 0.00048262 0.000398326 0.000489602 0.000336108 0.000451636 0.000337773 0.000335014 0.000310566 0.000296403 0.00036334 0.000277807 0.000423977
threshold=0.086039783199755263 0.25380170012930109 0.099503553864640201 0.011130905300119556 0.11096571768214984 0.051822530780088576 0.2027640246683852 0.037100195210980715 0.12371410990414393 0.012409839304872328 0.021819660667637235 -0.0067501856319772211 0.068073201905178168 0.011607213977670736 0.056568521910011993 0.060186166518048013 -0.0030112909281159845 -0.098713027173951293 -0.06314306929455972 -0.036075167946603898 0.023116944600287907 -0.0029800298437683858 -0.0010485342490192174 -0.0027696394154550397 0.0029086691203500255 0.00095335821383722935 -0.01682621272789547 0.046102474837060904 0.020120031626955418 -0.0072888718923156169
decision_type=2 2 2 2 2 2 2 2 2 2 2 2 2 2 2 2 2 2 2 2 2 2 2 2 2 2 2 2 2 2
left_child=1 2 4 -4 5 6 8 9 12 10 11 -7 13 16 15 26 17 24 -18 -20 21 22 -21 -23 -1 -24 -15 -28 -19 -30
right_child=-2 -3 3 -5 -6 7 -8 -9 -10 -11 -12 -13 -14 14 -16 -17 18 28 19 20 -22 23 25 -25 -26 -27 27 -29 29 -31
leaf_value=0.00033016366484974114 0.00043386292218201562 0.00022278903189645565 -0.00051666697205291715 -1.1538645603883569e-05 -0.00026173631194978956 -0.00028411438431703574 0.0003165779560471752 -0.00037246801803121344 0.00019784538251567735 4.1071534690410654e-05 7.263131398455395e-05 -4.2718634918296283e-05 -0.00011182098603361131 9.3177229656388462e-05 -0.00019092667817382055 0.00021881548174725913 -0.00028508205169124442 1.2299167833701362e-05 -0.00020732969967260335 -9.0068026414276869e-06 0.00018641862291217506 -0.00010567018995827408 -0.00036926979221226208 7.650713629921591e-05 4.4227877551747952e-05 -9.396476972597157e-05 2.1764716682572355e-05 -0.00016275473346468063 -0.00025807843776419758 -1.7277612847893206e-05
leaf_weight=21 24 36 20 39 22 32 21 20 27 59 24 39 45 130 21 27 21 487 30 48 27 38 21 77 20 20 241 30 25 68
leaf_count=21 24 36 20 39 22 32 21 20 27 59 24 39 45 130 21 27 21 487 30 48 27 38 21 77 20 20 241 30 25 68
internal_value=-6.12126e-13 -5.99811e-06 -1.0843e-05 -0.000182769 -4.66165e-06 -1.16836e-06 8.40768e-06 -8.06935e-05 3.86304e-06 -4.28007e-05 -9.48898e-05 -0.000151517 1.13917e-07 3.83956e-06 3.20139e-05 4.29526e-05 -1.01696e-05 9.95306e-06 -5.44823e-05 -3.59283e-05 -1.36684e-05 -4.01505e-05 -0.000113104 1.63094e-05 0.000190683 -0.000234975 3.11115e-05 1.33821e-06 -2.82266e-06 -8.2009e-05
internal_weight=1760 1736 1700 59 1641 1619 1445 174 1424 154 95 71 1397 1352 449 428 903 621 282 261 231 204 89 115 41 41 401 271 580 93
internal_count=1760 1736 1700 59 1641 1619 1445 174 1424 154 95 71 1397 1352 449 428 903 621 282 261 231 204 89 115 41 41 401 271 580 93
is_linear=0
shrinkage=0.05


Tree=270
num_leaves=31
num_cat=0
split_feature=141 19 51 201 56 146 5 2 119 315 207 225 307 117 191 307 298 146 307 315 157 287 154 329 130 321 202 175 254 112
split_gain=0.00186256 0.000739048 0.00315659 0.00206882 0.000278856 0.00191966 0.000258921 0.0003214 0.00033322 0.000309135 0.00031772 0.000296148 0.000268809 0.000547503 0.000276409 0.00028933 0.000606987 0.000289026 0.0002638 0.000281225 0.000366343 0.000349043 0.000335577 0.00047803 0.000321302 0.000318136 0.000300508 0.000272797 0.000261762 0.000258579
threshold=0.10121221227309303 37.125000000000007 0.89587973461402759 0.00096906510722529848 1.0000000180025095e-35 0.0092720615203990206 3.2951505240983434 2.9700856263602158 -0.10020718040163504 -0.0029504773493829509 -0.0004665002929012941 0.15205142098972116 -0.0073924057212584925 0.060361610715011844 -0.047909726291473699 -0.0029352117435652385 0.0015311583469522917 0.0022840701624289839 -0.012544518296206996 -0.0073707822838137132 -0.009555912199052519 0.024487669570526099 0.0087818252154614387 1.0000000180025095e-35 0.049413694761326142 0.0020082707006540261 0.0042175949305644613 0.0045010590380593829 0.084184914307701683 0.0037648659304927736
decision_type=2 2 2 2 2 2 2 2 2 2 2 2 2 2 2 2 2 2 2 2 2 2 2 2 2 2 2 2 2 2
left_child=1 2 4 -3 6 -6 7 8 -1 10 -9 12 13 18 -14 16 17 -16 19 20 -10 24 23 -22 25 27 -23 -21 -17 -27
right_child=-2 3 -4 -5 5 -7 -8 9 11 -11 -12 -13 14 -15 15 28 -18 -19 -20 21 22 26 -24 -25 -26 29 -28 -29 -30 -31
leaf_value=-0.00020194695813267533 0.00044699775936430308 -9.5855827789313885e-05 -0.00059311200343274879 0.00057508429308654745 -4.9478249246252723e-05 0.00051278027560329063 -0.00018677587388083339 9.6117370828453985e-06 0.00011969110200413687 1.1364786254034698e-05 0.0002599029241991957 -0.00020107299023948145 -0.00017963467835215854 0.00022412139918625117 -9.9569740723381986e-05 -3.4402773486347118e-06 3.2022054529079473e-05 -0.00035946242056999599 8.4893619301650545e-05 -0.00017901739948532244 -6.3265125386462347e-05 -5.5006798375918729e-05 -0.00014451576267379712 0.00021080168853586658 0.00017052877413913268 0.00012425696982973022 -0.00027560877491711067 3.041030418978113e-05 -0.00015940246737175455 -5.44277066449179e-05
leaf_weight=23 23 27 23 20 63 20 20 21 78 100 32 20 28 31 20 687 40 23 91 48 41 38 37 26 22 40 26 23 28 41
leaf_count=23 23 27 23 20 63 20 20 21 78 100 32 20 28 31 20 687 40 23 91 48 41 38 37 26 22 40 26 23 28 41
internal_value=-2.513e-13 -5.9188e-06 -1.13577e-05 0.000189651 -3.3311e-06 8.60057e-05 -8.01226e-06 -5.72628e-06 -1.319e-05 6.3106e-05 0.000160731 -1.00622e-05 -7.26966e-06 2.00918e-05 -2.52236e-05 -1.98056e-05 -0.00010817 -0.000238582 7.7143e-06 -9.00789e-06 3.77791e-05 -4.47862e-05 -2.36549e-05 4.30892e-05 -8.06335e-06 -3.39122e-05 -0.000144626 -0.000111175 -9.54789e-06 3.38116e-05
internal_weight=1760 1737 1690 47 1667 83 1584 1564 1411 153 53 1388 1368 542 826 798 83 43 511 420 182 238 104 67 174 152 64 71 715 81
internal_count=1760 1737 1690 47 1667 83 1584 1564 1411 153 53 1388 1368 542 826 798 83 43 511 420 182 238 104 67 174 152 64 71 715 81
is_linear=0
shrinkage=0.05


Tree=271
num_leaves=31
num_cat=0
split_feature=51 299 299 236 261 202 100 138 210 153 229 329 107 267 154 139 152 139 208 167 274 274 9 187 217 151 237 126 131 204
split_gain=0.00189693 0.0003174 0.000347505 0.0013944 0.000422434 0.00026896 0.000538404 0.000413463 0.000461942 0.000496494 0.0007494 0.000483098 0.000675899 0.000402186 0.000569568 0.000327358 0.000307039 0.000483102 0.000358209 0.000332747 0.000429036 0.000483216 0.000529569 0.00037349 0.000370262 0.000306195 0.000297963 0.000294966 0.000272102 0.00026405
threshold=0.89587973461402759 -0.075471055046718735 -0.049256171866867447 0.023108830004773616 0.015014472098025774 0.0043295148189503108 0.11865620486504425 0.035137358534307779 -0.004478234027891036 0.01285000704493419 -0.005431642000057771 -0.011870105917663439 0.0013185727199591978 0.071390753052045217 -0.00024626945753102519 -0.0024843085519120974 0.0046469873019819108 -0.0049651691344227171 0.0037683192761781364 -0.019275168554800017 -0.050492495577602194 -0.0033904215994736251 0.023673341232227491 0.0049672312282536346 0.0070196408509157681 -0.0011703895380173054 -0.073710134488124343 0.0076033943863706415 0.0021486169078573764 0.00043536776277284199
decision_type=2 2 2 2 2 2 2 2 2 2 2 2 2 2 2 2 2 2 2 2 2 2 2 2 2 2 2 2 2 2
left_child=1 -1 3 4 -3 13 7 8 26 10 11 -10 -13 15 -15 16 17 19 -18 -4 -21 25 23 -23 -24 -22 -7 28 -11 -17
right_child=-2 2 5 -5 -6 6 -8 -9 9 27 -12 12 -14 14 -16 29 18 -19 -20 20 21 22 24 -25 -26 -27 -28 -29 -30 -31
leaf_value=-0.00013475935787202152 0.00040825796630607718 7.3792810307120245e-05 0.00011009962317691516 0.00046005026364582592 -0.00021010132326409805 -0.00015095829579737398 -0.00028978731621464248 0.00010191522183288869 -9.7886389016037297e-05 -0.00016983899723498091 -4.4309467666801327e-05 -0.00057623355955001895 -0.00018626259034499527 0.00034390429403477664 -1.2656603121286026e-05 -5.6487159449732121e-06 8.084732451805233e-05 -0.00025562001474706145 -5.9820943014772905e-05 0.00013588614854835097 -0.0003251295436971954 0.00020018909155623986 -0.00025778625051065446 -7.1041841279524803e-05 2.1859668495380903e-05 -0.00010722313682459859 2.7943268252931522e-05 0.00011010475709320955 4.1392963721591515e-05 6.4791923706213904e-05
leaf_weight=47 28 38 31 20 20 26 20 57 29 31 94 20 25 21 24 287 101 30 82 23 28 30 29 22 20 38 222 39 30 248
leaf_count=47 28 38 31 20 20 26 20 57 29 31 94 20 25 21 24 287 101 30 82 23 28 30 29 22 20 38 222 39 30 248
internal_value=7.47187e-13 -6.60001e-06 -3.02524e-06 0.00010004 -2.41017e-05 -8.02778e-06 -3.47761e-05 -2.58752e-05 -3.99916e-05 -8.55006e-05 -0.000138006 -0.000257026 -0.000359583 7.61501e-06 0.000153738 8.29087e-07 -3.14374e-05 -6.7347e-05 1.78156e-05 -4.17896e-05 -6.65715e-05 -9.44549e-05 -2.57015e-05 8.54375e-05 -0.000143645 -0.000199668 9.18746e-06 2.70866e-06 -6.59544e-05 2.70041e-05
internal_weight=1760 1732 1685 78 58 1607 593 573 516 268 168 74 45 1014 45 969 434 251 183 221 190 167 101 52 49 66 248 100 61 535
internal_count=1760 1732 1685 78 58 1607 593 573 516 268 168 74 45 1014 45 969 434 251 183 221 190 167 101 52 49 66 248 100 61 535
is_linear=0
shrinkage=0.05


Tree=272
num_leaves=31
num_cat=0
split_feature=96 97 130 86 94 9 87 272 272 320 132 81 200 269 206 96 185 261 283 170 314 308 180 146 302 324 287 238 158 103
split_gain=0.00180752 0.0009086 0.000701436 0.000302761 0.000260267 0.000434913 0.000820493 0.00041179 0.000665592 0.000432697 0.000405151 0.000316983 0.000316512 0.000307049 0.000414853 0.000327646 0.000436811 0.000318376 0.000302156 0.000365134 0.000304825 0.000300695 0.000304723 0.000299065 0.000291546 0.000339792 0.000317018 0.000278988 0.000278438 0.000299491
threshold=0.10630283631224409 0.19769325664880663 0.10450407560464715 -0.43544782749678029 -0.0061828487265294394 0.061089514331622873 0.005935905707386677 -0.037468522904345346 -0.03091222048381323 0.032155520973790895 -0.0044983927485690483 -0.35100109328941814 0.039745302594503394 0.0014662824605641549 -0.030178973236118109 0.0098489823492677788 0.0072063781152753763 0.022772030661369839 0.024028676256796947 -0.016726460942490567 0.0052799542257868483 0.006965329416626022 -0.0027466944357507771 0.0092720615203990206 0.0093255876686976266 0.0046502917079164824 0.0008191725304427421 0.022322453504716854 -0.0098133888792467702 0.041679363232199611
decision_type=2 2 2 2 2 2 2 2 2 2 2 2 2 2 2 2 2 2 2 2 2 2 2 2 2 2 2 2 2 2
left_child=1 2 3 -1 5 28 -7 9 -9 10 11 -6 13 14 -10 18 -17 24 19 -15 21 -21 -23 -19 25 -16 -27 -26 29 -5
right_child=-2 -3 -4 4 7 6 -8 8 12 -11 -12 -13 -14 15 17 16 -18 23 -20 20 -22 22 -24 -25 27 26 -28 -29 -30 -31
leaf_value=0.00018761983694275843 0.00043094709932726505 -0.00033284949853883258 0.00026645464816586658 6.6768447265345943e-05 -0.00020602279590344427 -4.1603157429066909e-05 0.00040088926092721519 -0.00029646990000037479 -0.000204088547907304 0.00025789543759033437 8.0873343350636642e-05 4.9050096658036291e-05 0.00013081388231544875 -0.0002826751730117394 0.00014495832278792959 -6.4249696965311569e-05 -0.00033029408939371397 5.3154768763554537e-06 5.0513840461350983e-05 5.1439909175560643e-05 -0.00014488037326145786 -0.00025703775577312626 1.5665065231067794e-05 -0.00017569460210208304 2.3495145144450998e-05 -9.8928413129984756e-05 0.00011341263573712014 -0.00019298932089771949 -1.9008085711699878e-05 -7.5561338797507983e-05
leaf_weight=20 24 21 24 231 29 22 20 25 25 21 84 21 28 20 85 36 27 55 57 74 64 20 21 39 46 39 32 22 484 44
leaf_count=20 24 21 24 231 29 22 20 25 25 21 84 21 28 20 85 36 27 55 57 74 64 20 21 39 46 39 32 22 484 44
internal_value=5.65776e-13 -5.95779e-06 -1.95504e-06 -5.76452e-06 -8.07911e-06 1.24862e-05 0.000169108 -2.70133e-05 -4.30296e-05 4.68681e-05 1.37967e-05 -9.88922e-05 -3.3847e-05 -4.08115e-05 -7.97226e-06 -7.61214e-05 -0.000178269 7.44568e-06 -5.09836e-05 -8.00557e-05 -5.74166e-05 -8.74118e-06 -0.000117361 -6.97844e-05 3.98548e-05 7.75157e-05 -3.22541e-06 -4.65439e-05 3.81937e-06 4.39957e-05
internal_weight=1760 1736 1715 1691 1671 801 42 870 715 155 134 50 690 662 343 319 63 318 256 199 179 115 41 94 224 156 71 68 759 275
internal_count=1760 1736 1715 1691 1671 801 42 870 715 155 134 50 690 662 343 319 63 318 256 199 179 115 41 94 224 156 71 68 759 275
is_linear=0
shrinkage=0.05


Tree=273
num_leaves=31
num_cat=0
split_feature=299 130 51 141 92 153 296 88 92 195 0 153 220 216 187 212 7 112 175 133 131 297 278 277 168 8 124 231 5 214
split_gain=0.0018053 0.000757637 0.00104286 0.000230419 0.000215921 0.000522611 0.000304295 0.000379625 0.000257785 0.00061402 0.000253734 0.000248251 0.000337844 0.000320394 0.00032981 0.000293251 0.000289715 0.000247495 0.000227812 0.000490849 0.000371727 0.000246063 0.000299222 0.00023885 0.000325622 0.00024619 0.000287694 0.000231014 0.000350493 0.000285764
threshold=-0.096082389719443287 0.10450407560464715 0.89587973461402759 0.10121221227309303 0.07250651631382396 -0.027539254744100638 0.046500900795627791 -0.1451834931996687 0.066129882897246015 -0.0019148265738073466 3.3140206880897671 -0.027539254744100638 0.16657428352427578 0.061749599502753251 -0.017016888559510227 0.064561796238606264 0.80571895424836615 -0.040010254726386967 -0.021038194228003845 -0.018533233833622289 -0.0016921307771337647 0.059879319122235229 -0.0057146527098348608 0.0060244045721869451 -0.018156576732963 0.027088174146997681 0.002663370469432469 -0.0047670298179004911 2.249904835165133 0.2838246961949899
decision_type=2 2 2 2 2 2 2 2 2 2 2 2 2 2 2 2 2 2 2 2 2 2 2 2 2 2 2 2 2 2
left_child=-1 2 3 4 8 -6 7 -7 10 -10 -2 13 16 14 -12 -16 18 -9 19 20 -13 27 -23 24 -21 26 -26 28 29 -20
right_child=1 -3 -4 -5 5 6 -8 17 9 -11 11 12 -14 -15 15 -17 -18 -19 21 23 -22 22 -24 -25 25 -27 -28 -29 -30 -31
leaf_value=0.00046081709186269326 -0.00017071233984703821 0.00027950134060475927 -0.00032364027988828294 -0.00016914118691818746 -0.00022971114678622335 0.00021336905847419986 -0.00014936921550149753 -0.00015005831390163654 -5.9839725630202647e-05 0.00032726514109526761 0.00015069006407724669 -0.00036009768482472284 -0.00018535043561132626 0.0001965897453659896 4.1771045630767391e-05 -0.00014797039495419997 0.00014878005813443452 9.1695434856295862e-06 5.5005208899746477e-06 0.00012123465320378866 -6.5359037746574091e-05 2.148241929673878e-05 -0.00024543200079711998 0.00010591761886590737 -4.5458393159445712e-05 4.5405152585923744e-05 -0.00026188608571828812 3.1457787339928471e-05 -0.00021410310278456151 -0.00018557205469170142
leaf_weight=21 21 23 26 21 33 20 37 29 21 20 37 20 25 35 56 32 32 154 287 23 23 21 21 34 34 24 28 559 22 21
leaf_count=21 21 23 26 21 33 20 37 29 21 20 37 20 25 35 56 32 32 154 287 23 23 21 21 34 34 24 28 559 22 21
internal_value=3.92483e-13 -5.56478e-06 -9.3856e-06 -4.55091e-06 -2.47997e-06 -4.31477e-05 -1.74953e-05 6.54089e-06 5.47296e-06 0.000128992 1.73549e-06 4.45018e-06 -3.51257e-06 6.28769e-05 2.54373e-05 -2.72258e-05 4.43868e-07 -1.60633e-05 -3.80569e-06 -5.43241e-05 -0.000202447 6.28714e-06 -0.000111975 -9.78375e-06 -4.58741e-05 -9.0566e-05 -0.0001432 1.18743e-05 -2.12989e-05 -7.52715e-06
internal_weight=1760 1739 1716 1690 1669 273 240 203 1396 41 1355 1334 1174 160 125 88 1149 183 1117 186 43 931 42 143 109 86 62 889 330 308
internal_count=1760 1739 1716 1690 1669 273 240 203 1396 41 1355 1334 1174 160 125 88 1149 183 1117 186 43 931 42 143 109 86 62 889 330 308
is_linear=0
shrinkage=0.05


Tree=274
num_leaves=31
num_cat=0
split_feature=51 299 141 106 141 195 293 270 229 176 309 279 173 268 255 19 179 223 90 325 307 209 114 267 135 285 167 153 241 127
split_gain=0.00178311 0.000358523 0.000299902 0.000819619 0.000466556 0.00102814 0.000453673 0.000604649 0.000472932 0.000393908 0.000370131 0.000333545 0.000331719 0.000462218 0.000820891 0.000370804 0.00036847 0.000355148 0.000346302 0.000339079 0.000332487 0.000404682 0.000331611 0.000447642 0.000383146 0.000394665 0.000333821 0.000419385 0.000318959 0.000316958
threshold=0.89587973461402759 -0.096082389719443287 0.00072184095446497945 0.10422843662718799 0.0056504468731595021 -0.011683657543902392 0.0090222946809443063 -0.011422939968887063 -0.0069286132034499922 0.026737102673478997 -0.0033982677668639182 0.0084593380278477695 -0.0014194240317208426 -0.024060899088342025 -0.02557495557814431 11.480769230769232 0.0038424771980867154 0.06036237318050134 -0.025089507042876612 -0.013702906065979516 -0.018258525156706982 0.20412030181112192 0.0083797435895515571 0.024880319611549667 -0.036589304209655692 -0.019589936791206717 -0.029722180824096698 0.023378395974046177 0.018735839572533202 -0.0080806992137785836
decision_type=2 2 2 2 2 2 2 2 2 2 2 2 2 2 2 2 2 2 2 2 2 2 2 2 2 2 2 2 2 2
left_child=1 -1 3 9 5 -4 7 -7 -9 22 11 -11 17 14 -14 -16 19 18 -6 -15 -21 -22 24 -24 29 -26 -27 -28 -12 -3
right_child=-2 2 4 -5 12 6 -8 8 -10 10 28 -13 13 16 15 -17 -18 -19 -20 20 21 -23 23 -25 25 26 27 -29 -30 -31
leaf_value=-0.0002168696140870452 0.00039581974108711751 0.00024420242782350845 -0.00043144338640212524 0.00028778349360099705 0.00010287300846130166 -0.00028617084672077908 9.6198585055794368e-05 0.00015180960933018167 -0.00015892662185069641 -5.7111991023143325e-05 9.0779644223072287e-05 -0.00028102039861300127 -0.00041791660436761704 2.996048261753886e-05 -0.00019265801343135538 6.8073148904659325e-05 4.2799079289876674e-05 0.00018480468045254384 -1.9720434808633181e-05 4.3002478033203858e-06 -0.0003339729956898172 -6.4980553842933325e-05 9.9551845196572245e-05 -0.00010186201616306789 -0.00010465762119283064 0.00017310888285594826 -3.3210479040813509e-05 0.00014378185110101001 -0.0001460620619279022 2.7442280478832501e-05
leaf_weight=20 28 26 21 27 76 32 36 24 25 39 44 29 21 51 25 30 144 32 238 29 29 27 200 32 103 28 236 39 21 48
leaf_count=20 28 26 21 27 76 32 36 24 25 39 44 29 21 51 25 30 144 32 238 29 29 27 200 32 103 28 236 39 21 48
internal_value=1.75071e-13 -6.39893e-06 -3.94016e-06 1.65993e-05 -2.52621e-05 -0.000109307 -5.14876e-05 -0.000117126 -6.72928e-06 7.93426e-06 -7.10523e-05 -0.000152602 -8.74046e-06 -4.26248e-05 -0.00015198 -5.0441e-05 -1.29426e-05 2.61232e-05 9.95186e-06 -7.19632e-05 -0.000133117 -0.00020428 2.26888e-05 7.17706e-05 -1.03411e-06 -2.01056e-05 8.63653e-06 -8.10975e-06 1.42616e-05 0.000103601
internal_weight=1760 1732 1712 872 840 138 117 81 49 845 133 68 702 356 76 55 280 346 314 136 85 56 712 232 480 406 303 275 65 74
internal_count=1760 1732 1712 872 840 138 117 81 49 845 133 68 702 356 76 55 280 346 314 136 85 56 712 232 480 406 303 275 65 74
is_linear=0
shrinkage=0.05


Tree=275
num_leaves=31
num_cat=0
split_feature=141 90 51 130 109 318 288 93 93 8 0 11 299 8 164 327 310 7 287 162 226 199 202 273 0 1 208 106 282 184
split_gain=0.00178447 0.000734802 0.00105947 0.00043762 0.000217955 0.0002217 0.000516289 0.000194404 0.000233944 0.000209076 0.000296056 0.000191037 0.000180422 0.000196603 0.000375993 0.000380648 0.000270312 0.000377963 0.000249839 0.000267655 0.000335264 0.000290531 0.000288912 0.000244638 0.000206807 0.000215543 0.000248577 0.000249399 0.000219864 0.000262056
threshold=0.10121221227309303 0.25380170012930109 0.89587973461402759 0.10450407560464715 0.13060028036922969 0.053023675792302195 -0.020019710465566446 0.10340429695066221 0.087944780998875607 0.47722567287784684 3.5972184255501678 2.4431524547803622 -0.075471055046718735 0.047259759759759767 0.016787551147704544 0.0062913483698898657 -0.044481073001362829 0.76729779874213844 0.021684240761961248 -0.00074206543162677 0.012363010915242485 -0.0038095542875014724 -0.0010106415922098452 -0.024392377853014329 4.5798392285869785 3.8176519431297078 0.013789935102454494 -0.043042648195270337 0.060368673461768788 -0.042054973257514609
decision_type=2 2 2 2 2 2 2 2 2 2 2 2 2 2 2 2 2 2 2 2 2 2 2 2 2 2 2 2 2 2
left_child=1 2 3 4 5 7 -7 8 9 10 -1 -8 -12 16 18 -16 17 -14 19 20 22 -21 -15 -23 -18 26 27 -26 29 -27
right_child=-2 -3 -4 -5 -6 6 11 -9 -10 -11 12 -13 13 14 15 -17 24 -19 -20 21 -22 23 -24 -25 25 28 -28 -29 -30 -31
leaf_value=-0.00016119032037926036 0.00043752631753823544 0.00021774712254733053 -0.00032724926434009555 -0.00022713986588562626 -0.00015550309408749656 0.00029943709493636563 -0.00011888791736055284 -0.00015615063228844 0.00011952440993474356 0.00015444151387782769 -0.00011712331620011745 6.2009646764501542e-05 -3.449455430333782e-05 4.8038952116344482e-05 0.00031769802477687006 1.6307070063703579e-05 -0.00012166069584762024 -0.00026896971647384697 -8.9913675083153066e-05 -2.4550267157909007e-06 0.00012765971951012034 4.5900037730461921e-05 -0.00018919840641143365 0.00027320863589230956 0.00020964495793123207 9.906772494312527e-05 -4.2618531111656923e-05 4.7127034164683816e-05 -0.00012030192648274161 -1.2214823161842319e-05
leaf_weight=31 23 36 26 22 23 20 20 21 38 20 35 54 68 21 22 20 36 23 48 39 24 20 33 29 32 57 50 90 43 736
leaf_count=31 23 36 26 22 23 20 20 21 38 20 35 54 68 21 22 20 36 23 48 39 24 20 33 29 32 57 50 90 43 736
internal_value=4.64624e-13 -5.79338e-06 -1.05244e-05 -5.60807e-06 -2.65968e-06 -5.02989e-07 7.40373e-05 -5.0647e-06 -2.97044e-06 -6.12196e-06 -8.32599e-06 1.31184e-05 -5.00285e-06 -2.18171e-06 3.73986e-05 0.000174179 -1.11091e-05 -9.37575e-05 1.0554e-05 3.96049e-05 -2.7832e-05 9.93785e-05 -9.69394e-05 0.00018043 -3.90505e-06 3.00509e-07 5.12741e-05 8.97547e-05 -1.01869e-05 -4.21595e-06
internal_weight=1760 1737 1701 1675 1653 1630 94 1536 1515 1477 1457 74 1426 1391 256 42 1135 91 214 166 78 88 54 49 1044 1008 172 122 836 793
internal_count=1760 1737 1701 1675 1653 1630 94 1536 1515 1477 1457 74 1426 1391 256 42 1135 91 214 166 78 88 54 49 1044 1008 172 122 836 793
is_linear=0
shrinkage=0.05


Tree=276
num_leaves=31
num_cat=0
split_feature=225 130 51 141 109 106 19 273 96 5 258 324 128 315 99 296 178 324 324 164 188 177 141 117 270 122 158 209 110 279
split_gain=0.00178365 0.000828052 0.000845521 0.000266963 0.00019466 0.000241882 0.000193969 0.000172625 0.000171118 0.000157312 0.000146983 0.000155013 0.000152436 0.000151153 0.000341175 0.000227124 0.000204303 0.000194828 0.000494378 0.000362421 0.000343735 0.000323491 0.000319462 0.000305526 0.000294953 0.000284264 0.000277418 0.000240179 0.000235914 0.000225507
threshold=0.15205142098972116 0.10450407560464715 0.89587973461402759 0.10121221227309303 0.13060028036922969 0.13336549233235348 43.500000000000007 0.090355892043337757 0.09802510594755337 4.1806204448211766 0.082207251309886639 0.005968449090842938 -0.094642903203247905 0.041051680378618137 0.040850292456207478 -0.037322912966159867 0.022529236090722871 -0.0085924828366429114 -0.012632024622298293 0.0050558514903606558 -0.0044805205199048067 -0.0015212676137513891 -0.026729968198733991 -0.030560023355114239 -0.0024291995311003568 -0.01279059187393543 -0.018500755081975333 0.28491784801966596 0.009310473165571943 -0.026428096450363696
decision_type=2 2 2 2 2 2 2 2 2 2 2 2 2 2 2 2 2 2 2 2 2 2 2 2 2 2 2 2 2 2
left_child=1 2 3 4 5 6 7 8 9 10 12 -12 -1 17 15 -15 -17 18 19 22 -21 -22 27 -24 -20 -25 -27 -14 -23 -19
right_child=-2 -3 -4 -5 -6 -7 -8 -9 -10 -11 11 -13 13 14 -16 16 -18 29 24 20 21 28 23 25 -26 26 -28 -29 -30 -31
leaf_value=-0.00013156407651314069 0.00042809277159297683 0.00029888383062577558 -0.00029848069499712436 -0.00017859435743461786 -0.00014772794156274558 0.00016342411611483179 -0.00015094210306911424 -0.00011128058355617604 -0.0001237869542280721 -0.00013612681788799819 0.00016406452769246997 -1.6876886802492664e-05 0.00021694197435863317 0.00013118398031069359 -0.00023702735910774211 -4.5653589880273035e-07 -0.00016629492909907219 -3.2565503467312e-05 -0.0002670709864885014 -3.2566571777135973e-05 2.6733309808453973e-05 0.00012120445415700576 -0.00020187389191050897 5.0798265880393234e-05 -5.1979468839449148e-05 -0.00025099024940573145 -4.4473647784766873e-05 -2.5163547598779028e-05 0.0003414648718899116 3.5357085905742759e-05
leaf_weight=21 24 22 25 22 23 22 22 35 27 20 29 20 20 22 20 65 26 148 28 59 48 31 32 63 37 20 87 21 20 701
leaf_count=21 24 22 25 22 23 22 22 35 27 20 29 20 20 22 20 65 26 148 28 59 48 31 32 63 37 20 87 21 20 701
internal_value=1.33698e-13 -5.91833e-06 -9.83061e-06 -5.55811e-06 -3.27449e-06 -1.25355e-06 -3.48715e-06 -1.45965e-06 9.9641e-07 3.18702e-06 5.02251e-06 9.02109e-05 2.18096e-06 4.12063e-06 -4.66755e-05 -1.29849e-05 -4.78389e-05 9.25819e-06 -1.67191e-05 4.01528e-06 6.29646e-05 0.000119897 -3.43139e-05 -6.0142e-05 -0.000144634 -3.34631e-05 -8.30749e-05 9.29367e-05 0.000207581 2.35166e-05
internal_weight=1760 1736 1714 1689 1667 1644 1622 1600 1565 1538 1518 49 1469 1448 133 113 91 1315 466 401 158 99 243 202 65 170 107 41 51 849
internal_count=1760 1736 1714 1689 1667 1644 1622 1600 1565 1538 1518 49 1469 1448 133 113 91 1315 466 401 158 99 243 202 65 170 107 41 51 849
is_linear=0
shrinkage=0.05


Tree=277
num_leaves=31
num_cat=0
split_feature=51 299 141 330 224 130 166 99 267 7 174 89 192 220 305 193 227 92 167 305 180 225 299 309 238 286 215 167 232 84
split_gain=0.00183296 0.000306768 0.000282545 0.000269961 0.000739091 0.00028645 0.000235843 0.00019986 0.000609773 0.000183058 0.000278851 0.000185142 0.000361206 0.000325214 0.000233505 0.000289285 0.0004612 0.000257129 0.000360083 0.000256761 0.000251294 0.000310164 0.000284204 0.000281111 0.000226805 0.00021768 0.00021739 0.000218901 0.000319938 0.000397962
threshold=0.89587973461402759 -0.096082389719443287 0.089521259061477787 0.058734888332247513 0.0030405453977230489 0.094982780185472404 0.072129114818795428 0.13922506117470876 -0.0014453503046237594 0.80571895424836615 0.0081742404320697282 -0.089005499069940056 0.028023909150050697 0.066698217335403445 -0.015756018761335835 -0.0060416624581755424 0.061235673565697514 0.05356793263036206 -0.0018280031023320549 -0.027032645846630992 -0.0057938066760645631 0.0019631320759051583 0.034213044708731981 -0.00082592933516761034 0.0039505073026452576 -0.0036546115230130416 -0.1061567591947022 0.0023808943261994114 0.024578389949100918 -0.011191293576494366
decision_type=2 2 2 2 2 2 2 2 2 2 2 2 2 2 2 2 2 2 2 2 2 2 2 2 2 2 2 2 2 2
left_child=1 -1 3 5 -5 6 7 9 -9 11 -11 12 13 -3 15 20 17 19 -19 24 21 -13 23 -22 -17 -21 -16 -28 -29 -30
right_child=-2 2 -4 4 -6 -7 -8 8 -10 10 -12 14 -14 -15 26 16 -18 18 -20 25 22 -23 -24 -25 -26 -27 27 28 29 -31
leaf_value=-0.00020117522741202264 0.00040131473423181364 -7.1026667286880701e-07 -0.00015379038560504638 -1.0861372370877341e-05 0.00033485638728465847 -0.000177198281865761 -0.00015250323491412788 -7.9909316541272276e-05 0.00030585447100747845 0.0002229934377034872 -2.5999708526322377e-05 0.00022327721765447807 -0.00023000194217578007 -0.00016427591670233394 -0.00011463971377158869 0.00012207371434090999 -0.0002860571823971854 -0.00030679971852805467 -2.6886499512733683e-05 1.0588219629426022e-05 -0.00020159659522635465 -1.6549141274971099e-05 0.00013212306483183057 1.3799652237084405e-05 -3.7572655079808709e-05 -0.00018707484162102143 4.2776971633352238e-05 1.6916711704307188e-05 -0.00024815350843709894 -1.796481847441898e-05
leaf_weight=20 28 195 31 52 22 24 26 21 20 22 23 28 24 36 31 44 22 20 27 26 28 26 20 33 45 30 470 281 28 57
leaf_count=20 28 195 31 52 22 24 26 21 20 22 23 28 24 36 31 44 22 20 27 26 28 26 20 33 45 30 470 281 28 57
internal_value=-2.31789e-13 -6.48777e-06 -4.21338e-06 -1.45497e-06 9.19196e-05 -5.75473e-06 -3.15546e-06 -6.61537e-07 0.000108268 -3.60752e-06 9.57303e-05 -6.64641e-06 -4.53823e-05 -2.6201e-05 1.47666e-06 -3.30574e-05 -6.92134e-05 -4.43667e-05 -0.000145999 -1.1424e-05 2.42565e-05 0.000107805 -3.14427e-05 -8.50708e-05 4.13536e-05 -9.53027e-05 1.53779e-05 2.01991e-05 -8.79425e-06 -9.37917e-05
internal_weight=1760 1732 1712 1681 74 1607 1583 1557 41 1516 45 1471 255 231 1216 349 214 192 47 145 135 54 81 61 89 56 867 836 366 85
internal_count=1760 1732 1712 1681 74 1607 1583 1557 41 1516 45 1471 255 231 1216 349 214 192 47 145 135 54 81 61 89 56 867 836 366 85
is_linear=0
shrinkage=0.05


Tree=278
num_leaves=31
num_cat=0
split_feature=299 130 51 141 229 89 333 328 331 265 7 232 330 316 208 224 284 248 196 331 153 309 202 123 254 246 248 229 149 322
split_gain=0.00178598 0.00070871 0.00100304 0.000216485 0.000198588 0.000204466 0.000558643 0.000594276 0.000235288 0.000583513 0.000243951 0.000409281 0.000232695 0.000229096 0.000231097 0.000220533 0.000212314 0.000221313 0.000211429 0.00027738 0.000478654 0.000330319 0.00024409 0.000338545 0.000449195 0.000388234 0.000270597 0.000404699 0.00023317 0.000372228
threshold=-0.096082389719443287 0.10450407560464715 0.89587973461402759 0.10121221227309303 -0.1382584589524197 -0.16524420371482582 -0.0023178385168945857 0.0020681574909006801 -0.035760043588133804 0.057225439809659835 0.80148725165562917 -0.0056675423842012457 -0.051840196490046959 0.0019545993110451966 0.0014550137237702174 1.0000000180025095e-35 -0.097558355777054864 -0.12016641872665765 0.012989974247963667 -0.01215000225469263 -0.00050030868659537862 -0.0039528972614195539 0.0033964972722704246 -0.023940816642217203 -0.024194085507291987 0.012850717651596623 0.031172194606738687 -0.012331870578199348 0.0027796943480363451 0.0024082558184749772
decision_type=2 2 2 2 2 2 2 2 2 2 2 2 2 2 2 2 2 2 2 2 2 2 2 2 2 2 2 2 2 2
left_child=-1 2 3 4 -2 6 -6 -8 9 13 12 -12 -10 15 -15 -7 -14 -18 22 20 -20 -22 26 24 -24 -26 -19 -28 29 -25
right_child=1 -3 -4 -5 5 8 7 -9 10 -11 11 -13 16 14 -16 -17 17 18 19 -21 21 -23 23 28 25 -27 27 -29 -30 -31
leaf_value=0.00045834404888973087 -0.00012391917253174169 0.00027017293097505107 -0.00031742576538817957 -0.00016402487731067509 4.7597387242174869e-05 -0.00010118231255236946 -0.00039703649183138624 -5.1630238720628597e-05 -9.6370630902075565e-05 0.0003135176891601077 0.0002469610581174493 -5.6499538477510224e-05 -0.00015901844813448582 -3.2390431553005444e-06 0.00017875566631413972 6.327228014444902e-05 0.00016224056922683737 1.7416795134209371e-05 2.7908042428517267e-05 -1.0926715009915021e-05 -9.520266154140701e-05 -0.00038256952218944211 6.8081644195234944e-05 3.3545671836918697e-05 -8.9242242323789043e-05 -0.00034852339668676991 -1.6307810801663437e-05 0.00023714418603049126 6.2497646864531335e-05 -0.00013281668881094888
leaf_weight=21 33 23 26 21 53 47 20 33 68 20 25 20 21 33 37 36 21 530 29 206 20 20 26 80 42 22 28 36 105 58
leaf_count=21 33 23 26 21 53 47 20 33 68 20 25 20 21 33 37 36 21 530 29 206 20 20 26 80 42 22 28 36 105 58
internal_value=-4.51757e-13 -5.53492e-06 -9.2303e-06 -4.48884e-06 -2.48149e-06 -3.19549e-08 -6.71874e-05 -0.000181972 4.62065e-06 5.95356e-05 -2.3803e-06 0.00011209 -6.30648e-06 2.63353e-05 9.29582e-05 -2.98526e-05 -1.38336e-06 1.32337e-06 -1.48799e-06 -3.99891e-05 -0.000126755 -0.000238886 9.9336e-06 -2.43334e-05 -0.000107173 -0.00017837 2.91439e-05 0.000126259 6.3479e-06 -3.63747e-05
internal_weight=1760 1739 1716 1690 1669 1636 106 53 1530 173 1357 45 1312 153 70 83 1244 1223 1202 275 69 40 927 333 90 64 594 64 243 138
internal_count=1760 1739 1716 1690 1669 1636 106 53 1530 173 1357 45 1312 153 70 83 1244 1223 1202 275 69 40 927 333 90 64 594 64 243 138
is_linear=0
shrinkage=0.05


Tree=279
num_leaves=31
num_cat=0
split_feature=51 299 56 130 97 99 0 213 269 108 83 319 269 182 251 277 166 215 336 7 84 327 327 171 280 19 275 103 115 182
split_gain=0.00177291 0.000348988 0.000263983 0.000424384 0.000210383 0.000207568 0.000163027 0.000216404 0.000304288 0.000397551 0.000385278 0.000193872 0.000187228 0.000330512 0.000275538 0.000229672 0.000267347 0.000218908 0.000238475 0.000215566 0.000292564 0.000264391 0.000352892 0.000332084 0.00031923 0.000463776 0.000328925 0.000289878 0.000374708 0.000264336
threshold=0.89587973461402759 -0.096082389719443287 1.2424533248940004 0.10450407560464715 -0.11653215119266726 0.13922506117470876 11.055853368301584 0.13728430190829299 0.0062184488935797923 0.01739865486273736 0.23680004658413398 0.016463854287990829 0.013737898407776479 0.038773264939665021 0.011752144022487131 -0.049946736670835268 -0.015087001033082512 0.0064783788739781831 -0.018294803510339297 0.78205509215126223 -0.014680683724433066 0.016459528549764898 0.01415432094645909 0.016003339586142151 0.018767104327173621 11.607692307692309 -0.02289642378262299 0.012728478439769904 -0.010211139021531432 0.042709710564559321
decision_type=2 2 2 2 2 2 2 2 2 2 2 2 2 2 2 2 2 2 2 2 2 2 2 2 2 2 2 2 2 2
left_child=1 -1 3 4 -3 6 7 12 9 11 -10 -9 19 14 15 -14 -17 18 -16 21 -21 22 23 29 26 -26 -25 -23 -29 -6
right_child=-2 2 -4 -5 5 -7 -8 8 10 -11 -12 -13 13 -15 17 16 -18 -19 -20 20 -22 27 -24 24 25 -27 -28 28 -30 -31
leaf_value=-0.00021403366830782035 0.00039468570243375979 -0.00012495524208394013 0.00014830954441354802 -0.00022985130531846416 -7.734376847212726e-06 0.00012118569986127755 0.00010006309280347401 -0.00011415333059525373 -6.5429783660420071e-05 0.00014190069401486067 -0.00031224225552120647 4.8960477761283984e-05 -7.4007743484495836e-05 0.00020754202944226561 -0.00015680626151648046 0.00020164902564240897 4.5766634812278226e-05 -0.00019192830586689524 2.9074948915877034e-05 -0.00019712960391708685 -3.1314423434129664e-07 -8.7787261325993452e-08 0.00020094634490609075 0.00023401326034218074 -0.00016439893372535155 9.5540862467542707e-05 5.5725730428178417e-05 -0.00021159992190442441 -2.3046604524336689e-05 -0.00016893076353207345
leaf_weight=20 28 35 28 21 438 34 37 56 64 34 21 27 30 25 22 34 144 20 80 35 41 137 24 37 32 37 86 49 57 27
leaf_count=20 28 35 28 21 438 34 37 56 64 34 21 27 30 25 22 34 144 20 80 35 41 137 24 37 32 37 86 49 57 27
internal_value=-1.93448e-13 -6.3806e-06 -3.95475e-06 -6.48646e-06 -3.66585e-06 -1.05828e-06 -3.66574e-06 -6.13072e-06 -5.4409e-05 -2.10282e-06 -0.000126407 -6.10922e-05 1.06649e-06 3.22605e-05 1.89816e-05 5.39723e-05 7.55419e-05 -4.06747e-05 -1.10171e-05 -1.00074e-05 -9.09523e-05 -3.34957e-06 1.26271e-05 5.74789e-06 6.10685e-05 -2.50109e-05 0.000109357 -4.81238e-05 -0.000110208 -1.70942e-05
internal_weight=1760 1732 1712 1684 1663 1628 1594 1557 202 117 85 83 1355 355 330 208 178 122 102 1000 76 924 681 657 192 69 123 243 106 465
internal_count=1760 1732 1712 1684 1663 1628 1594 1557 202 117 85 83 1355 355 330 208 178 122 102 1000 76 924 681 657 192 69 123 243 106 465
is_linear=0
shrinkage=0.05


Tree=280
num_leaves=31
num_cat=0
split_feature=141 104 123 51 130 320 226 283 318 153 160 203 277 151 191 336 93 93 107 251 265 186 288 333 112 107 270 136 249 19
split_gain=0.00176824 0.000700556 0.00255661 0.00100197 0.000343293 0.000273215 0.000248842 0.000211862 0.000201256 0.000638185 0.000251227 0.000339224 0.000201127 0.00033477 0.000309954 0.000194593 0.000193735 0.000207504 0.000191751 0.000406226 0.00030847 0.000353657 0.00026641 0.000258627 0.000225145 0.00020232 0.000277761 0.000250338 0.000224939 0.000346046
threshold=0.10121221227309303 0.093001867747932565 0.033940807805316033 0.89587973461402759 0.10450407560464715 0.0038295931703563233 -0.11346319100586927 -0.084582464407062533 0.046828538736056795 0.023378395974046177 -0.012338241206131332 -0.0037364350852164179 -0.056922755509237352 -0.075273255357528837 0.0090264099461676971 0.013021524032459221 0.10340429695066221 0.087944780998875607 -0.040739080425812722 0.036775586339087493 0.013099719205038253 0.012639256333767114 -0.01006891309580187 0.010647300690642866 0.026989055689536887 -0.017745692770008942 -0.0083538839018790449 0.0063365312873833188 0.0060139877031390393 26.472222222222225
decision_type=2 2 2 2 2 2 2 2 2 2 2 2 2 2 2 2 2 2 2 2 2 2 2 2 2 2 2 2 2 2
left_child=1 3 5 4 6 -3 -1 -8 12 10 -10 -12 14 -14 15 -9 17 18 19 20 21 23 -22 -15 -21 26 27 -20 -27 -30
right_child=-2 2 -4 -5 -6 -7 7 8 9 -11 11 -13 13 16 -16 -17 -18 -19 25 24 22 -23 -24 -25 -26 28 -28 -29 29 -31
leaf_value=-0.00014164265188755412 0.00043553175163374956 -0.00010728210654633586 0.00062856588330760131 -0.00032128875990075851 -0.00020925290821521359 8.4936466411914138e-05 -0.00014443561208631414 -8.2373781316523814e-05 -0.00012972573478782579 0.00030518794784174216 -7.5952217167500285e-05 0.0001474930861771033 0.0001971915943570258 -1.3725886958873628e-05 -0.00023214524020052828 0.00010331266236053559 -0.00015468065667803224 0.00011511569535139495 6.2980432658850285e-05 0.00017662170292533118 -0.00011206420844973764 -0.00033699556988722181 0.00011876464063243476 -0.00021089098336233292 -3.5578688897658141e-05 1.4769387557449094e-05 2.3335729929385708e-06 0.00027391852292401545 -2.3409356101172739e-05 -0.00022367617012882283
leaf_weight=33 23 36 20 26 21 38 26 43 25 22 29 41 21 39 24 21 21 37 39 25 25 20 25 29 25 539 95 22 347 23
leaf_count=33 23 36 20 26 21 38 26 43 25 22 29 41 21 39 24 21 21 37 39 25 25 20 25 29 25 539 95 22 347 23
internal_value=-4.85662e-13 -5.76697e-06 0.000126987 -1.33621e-05 -8.41093e-06 -8.57527e-06 -5.76827e-06 -2.89952e-06 -5.05287e-07 6.25264e-05 6.33115e-06 5.49229e-05 -5.69875e-06 -8.62033e-07 -7.8909e-05 -2.14454e-05 -4.03452e-06 -1.58214e-06 -5.02812e-06 -5.15823e-05 -9.58228e-05 -0.000152171 3.35022e-06 -9.7811e-05 7.05215e-05 3.18989e-06 5.57957e-05 0.000139056 -5.83817e-06 -3.58584e-05
internal_weight=1760 1737 94 1643 1617 74 1596 1563 1537 117 95 70 1420 1332 88 64 1311 1290 1253 188 138 88 50 68 50 1065 156 61 909 370
internal_count=1760 1737 94 1643 1617 74 1596 1563 1537 117 95 70 1420 1332 88 64 1311 1290 1253 188 138 88 50 68 50 1065 156 61 909 370
is_linear=0
shrinkage=0.05


Tree=281
num_leaves=31
num_cat=0
split_feature=225 90 51 130 141 106 97 299 283 164 164 314 236 254 167 172 312 180 233 311 326 301 333 211 11 169 285 97 306 117
split_gain=0.00171747 0.000825864 0.000799894 0.000340996 0.000263052 0.000223444 0.000214723 0.000181897 0.000161888 0.000168309 0.000461869 0.000285634 0.000307207 0.000334283 0.000244931 0.000376095 0.000329484 0.000327996 0.000343407 0.000317582 0.000303917 0.000323879 0.000291231 0.000314958 0.000454977 0.000283826 0.000271039 0.000364307 0.000341158 0.000346108
threshold=0.15205142098972116 0.25380170012930109 0.89587973461402759 0.10450407560464715 0.10121221227309303 0.13336549233235348 -0.11653215119266726 -0.087224439402094317 -0.093280768403702793 0.024511120612379696 0.023205607109399409 0.0086233027751411711 -0.024328539675866154 -0.00081185867754807683 0.0023808943261994114 -0.0094968456131087915 -0.0042490035460090629 0.0016486107053672128 -0.023187256312133982 0.0084201002574244531 0.017116641342886558 -0.03068675019526183 -0.047984407479667417 -0.039179426173154966 3.6895003903200627 -0.0017514299041974733 -0.0033173642938703987 -0.034303005596400094 0.001397672963907775 0.016356781240010481
decision_type=2 2 2 2 2 2 2 2 2 2 2 2 2 2 2 2 2 2 2 2 2 2 2 2 2 2 2 2 2 2
left_child=1 2 3 4 5 6 -1 -8 -9 10 14 12 13 -11 15 -10 20 26 19 -19 21 -16 -18 24 -24 -22 27 -17 -28 -30
right_child=-2 -3 -4 -5 -6 -7 7 8 9 11 -12 -13 -14 -15 16 17 22 18 -20 -21 25 -23 23 -25 -26 -27 28 -29 29 -31
leaf_value=-0.00014378090432492845 0.00042007558683205089 0.00023819250343555775 -0.00029142095654970037 -0.00021171886588490453 -0.00017576170291497628 0.00014973031220506529 -0.00013538228860124945 -0.00014077388746954966 -4.0451943386339048e-05 1.5123401889078586e-05 -0.00024331977503607048 9.6494877831546699e-05 4.0082129247997321e-05 -0.0002705004540621303 -0.00017542288554138325 0.00018273773438219601 9.5545622441152651e-05 0.00021109879019474777 -5.5864023620828952e-05 -2.4980257650644616e-05 0.00023780291435455351 1.5638434945607429e-05 -5.0439758427294921e-05 -4.2311506007152258e-05 -0.00029323691884720963 1.0598676349867933e-05 5.0821207566790118e-05 -1.02872841235887e-05 0.00027334755923591876 4.4722758408170191e-05
leaf_weight=27 24 34 25 20 22 24 25 20 197 21 20 118 93 20 26 30 28 28 132 29 27 151 43 218 35 28 89 132 49 25
leaf_count=27 24 34 25 20 22 24 25 20 197 21 20 118 93 20 26 30 28 28 132 29 27 151 43 218 35 28 89 132 49 25
internal_value=-7.07068e-13 -5.8075e-06 -1.06818e-05 -6.49662e-06 -4.01959e-06 -1.70869e-06 -3.96476e-06 -1.58153e-06 5.64087e-07 2.40084e-06 -4.91587e-06 3.97683e-05 -1.01849e-05 -0.000124205 -1.15259e-06 1.82878e-05 -2.60126e-05 4.08009e-05 -1.15752e-05 9.09884e-05 1.94735e-05 -1.24271e-05 -5.85828e-05 -7.31625e-05 -0.000159387 0.000122135 7.12597e-05 2.54581e-05 0.00011678 0.000196109
internal_weight=1760 1736 1702 1677 1657 1635 1611 1584 1559 1539 1287 252 134 41 1267 711 556 514 189 57 232 177 324 296 78 55 325 162 163 74
internal_count=1760 1736 1702 1677 1657 1635 1611 1584 1559 1539 1287 252 134 41 1267 711 556 514 189 57 232 177 324 296 78 55 325 162 163 74
is_linear=0
shrinkage=0.05


Tree=282
num_leaves=31
num_cat=0
split_feature=51 299 141 287 211 109 229 229 277 321 206 230 302 283 206 146 91 328 209 167 11 150 86 205 176 139 236 150 317 226
split_gain=0.00181235 0.000289755 0.000258698 0.000260136 0.00159968 0.000389711 0.000691294 0.000196394 0.000217702 0.00032008 0.000307867 0.000341161 0.00030531 0.000303338 0.000349305 0.000388824 0.000264374 0.000252341 0.000314858 0.000300029 0.000375171 0.00031038 0.00039219 0.000480358 0.000519449 0.000449799 0.000424852 0.00037132 0.000312581 0.000255502
threshold=0.89587973461402759 -0.096082389719443287 0.089521259061477787 -0.035917568927070098 -0.071307664248011049 0.10121054671881639 0.014119344911067909 -0.1382584589524197 0.016911934713029871 -0.048228122184830163 0.0066387515619928412 -0.0064084299466241647 0.003975992482471216 -0.023415002170663755 0.011502726935762483 0.0064697627972862626 -0.044959062721408469 0.042642495366737317 0.07608716747756307 -0.0059827773329092721 2.3621697451484693 -0.0038286070143895351 0.1172721115506087 0.0012332702931781598 0.010878093862804906 -0.0030318268503291275 -0.0015962781555018091 -0.006022546958330802 -0.016118688154842405 0.0095026707670685818
decision_type=2 2 2 2 2 2 2 2 2 2 2 2 2 2 2 2 2 2 2 2 2 2 2 2 2 2 2 2 2 2
left_child=1 -1 3 4 -3 7 -7 -5 9 12 17 13 -9 -12 -15 -16 -13 19 -19 20 -11 27 23 24 25 -23 -25 28 -21 -27
right_child=-2 2 -4 5 -6 6 -8 8 -10 10 11 16 -14 14 15 -17 -18 18 -20 21 -22 22 -24 26 -26 29 -28 -29 -30 -31
leaf_value=-0.00019566292445233558 0.00039905246538215322 0.00047526545589789745 -0.00014736658699656538 -0.00012553270541199407 6.7917516997379327e-06 -0.00037110199467861094 4.4618307802011261e-05 1.195329453436828e-05 3.3047045921282961e-05 -0.00022873099679903439 0.00010767351312097163 -1.4013082821498581e-05 -0.00020924304100425128 3.7272017524207134e-05 -5.8078799392623719e-05 -0.0003317115410754923 0.00010934980257624029 -1.8822719833294216e-05 -0.0002758326358161867 0.00015479986716801411 -3.8187302240941637e-05 -0.00040698715369217095 0.00012258852439117618 0.00015696931052389118 4.5156564418734575e-05 -0.00021559165782241154 -8.5944794621658135e-05 0.00020600692527402906 -1.8659055104680275e-05 1.2221569522807841e-05
leaf_weight=20 28 20 31 33 205 20 20 26 334 30 30 62 39 41 37 20 145 26 22 34 186 20 34 36 29 32 36 34 110 20
leaf_count=20 28 20 31 33 205 20 20 26 334 30 30 62 39 41 37 20 145 26 22 34 186 20 34 36 29 32 36 34 110 20
internal_value=-7.6674e-15 -6.45119e-06 -4.24078e-06 -1.60134e-06 4.84339e-05 -9.33342e-06 -0.000163242 -4.98573e-06 -2.10934e-06 -1.33031e-05 -6.2045e-06 3.27228e-05 -0.000120765 -3.14437e-05 -7.40305e-05 -0.00015409 7.24005e-05 -2.62979e-05 -0.000136619 -1.74869e-05 -6.46517e-05 8.97435e-06 -3.26561e-05 -6.31666e-05 -0.000133512 -0.000205476 3.55123e-05 5.73873e-05 2.22965e-05 -0.000127971
internal_weight=1760 1732 1712 1681 225 1456 40 1416 1383 1049 984 335 65 128 98 57 207 649 48 601 216 385 207 173 101 72 72 178 144 52
internal_count=1760 1732 1712 1681 225 1456 40 1416 1383 1049 984 335 65 128 98 57 207 649 48 601 216 385 207 173 101 72 72 178 144 52
is_linear=0
shrinkage=0.05


Tree=283
num_leaves=31
num_cat=0
split_feature=299 130 51 141 229 89 274 106 265 274 304 244 246 300 186 196 116 148 333 312 214 275 139 255 145 93 237 250 125 101
split_gain=0.00178573 0.00074401 0.000967286 0.000207369 0.00018837 0.00018674 0.000431486 0.000364381 0.0002287 0.00031513 0.000185075 0.000178811 0.000168657 0.00037468 0.000315027 0.00038768 0.000333595 0.000266084 0.000198574 0.000223032 0.000197691 0.000189855 0.000372778 0.00031266 0.000315354 0.000227987 0.000216343 0.000191524 0.000287868 0.000378256
threshold=-0.096082389719443287 0.10450407560464715 0.89587973461402759 0.10121221227309303 -0.1382584589524197 -0.13821875116753043 0.058296906527446228 0.12371410990414393 -0.018439440425450086 0.0079867398021420052 -0.0040039423740023811 0.014127795068198654 -0.023479073893784428 -0.005083712039449231 -0.0047367030262829403 -0.0074040500340634635 0.018215058241648509 0.00024355220049235616 0.0093167190044182308 -0.0097319307006107029 -0.004002444091579343 0.038655688900548456 0.017292190221759731 0.053705529103184678 0.0025356797066886333 0.087944780998875607 0.0043369251912098875 1.0000000180025095e-35 0.0044102703484934884 -0.0051886689035984309
decision_type=2 2 2 2 2 2 2 2 2 2 2 2 2 2 2 2 2 2 2 2 2 2 2 2 2 2 2 2 2 2
left_child=-1 2 3 4 -2 6 8 12 9 -6 -10 -12 13 20 15 -15 18 -17 19 -16 -7 25 23 24 -23 27 -26 -14 29 -29
right_child=1 -3 -4 -5 5 7 -8 -9 10 -11 11 -13 21 14 16 17 -18 -19 -20 -21 -22 22 -24 -25 26 -27 -28 28 -30 -31
leaf_value=0.00045831308913572388 -0.00012097217423257516 0.00027695624886963862 -0.00031197416565891429 -0.00016080569673379485 -4.6409091117783209e-05 -9.3386553871823721e-05 -0.00026791916083311666 0.00021743184734077659 1.1434135686890249e-05 0.00020852017494028339 -5.8273934228884319e-05 -0.00024383571420912633 -2.3740180981269948e-05 -0.00013839877671368111 0.00012549828965607699 0.00016876577695906496 -3.403269799056706e-05 -5.6362533030637898e-05 9.3566559151539067e-05 0.00034275957178680176 3.3596241895605185e-05 -5.8624341763521339e-05 -0.00021529589994467342 -0.00019847093500131798 0.00022414829595204951 0.00013328100338867445 1.29230414367393e-05 -2.2617942191248916e-06 -1.5958617878069776e-05 0.0001352688584248803
leaf_weight=21 33 23 26 21 27 65 20 20 46 22 37 20 494 30 21 35 23 21 37 27 58 68 30 21 22 32 27 101 233 99
leaf_count=21 33 23 26 21 27 65 20 20 46 22 37 20 494 30 21 35 23 21 37 27 58 68 30 21 22 32 27 101 233 99
internal_value=-2.48661e-13 -5.53455e-06 -9.32084e-06 -4.66464e-06 -2.70001e-06 -3.14327e-07 -4.9598e-05 5.47584e-06 -2.08716e-05 6.80489e-05 -6.31736e-05 -0.000123383 2.54016e-06 3.47598e-05 7.80433e-05 6.64216e-06 0.0001349 8.43427e-05 0.000180611 0.000247708 -3.35085e-05 -6.52252e-06 -5.55538e-05 -2.08272e-05 1.10575e-05 2.0669e-06 0.000107759 -2.4626e-06 2.18125e-05 6.58159e-05
internal_weight=1760 1739 1716 1690 1669 1636 172 1464 152 49 103 57 1444 317 194 86 108 56 85 48 123 1127 168 138 117 959 49 927 433 200
internal_count=1760 1739 1716 1690 1669 1636 172 1464 152 49 103 57 1444 317 194 86 108 56 85 48 123 1127 168 138 117 959 49 927 433 200
is_linear=0
shrinkage=0.05


Tree=284
num_leaves=31
num_cat=0
split_feature=96 97 51 130 299 227 222 296 98 336 118 107 230 106 264 264 311 112 197 8 213 205 159 211 131 99 333 177 165 153
split_gain=0.00175262 0.000800086 0.000932738 0.000463198 0.000235678 0.000214844 0.000534895 0.000456135 0.000375527 0.000354718 0.000391331 0.000251862 0.000241931 0.000249479 0.00020326 0.000247688 0.000205921 0.00031001 0.000354644 0.000235963 0.0002595 0.000244243 0.000230109 0.000219284 0.000217825 0.000210815 0.000299807 0.000282065 0.000331292 0.000268793
threshold=0.10630283631224409 0.1686549159209543 1.0000000180025095e-35 0.10450407560464715 -0.075471055046718735 0.04551837408601201 -0.022982995376407304 0.035428667613759839 0.056800622536973079 -0.0057430901373413798 -0.01740751652723577 -0.017745692770008942 -0.083668024879232708 0.1170305277272513 0.085619693472805986 0.069699982823435327 0.027796037961602606 0.019732356006914951 -0.0033099720325436861 0.046543293928328282 0.027497854731544074 -0.0041298188296546665 -0.002705909261285611 -0.0059812318044617022 0.0091170986212193005 0.085517947913740525 0.0070011979329539144 -0.0099280693785835181 0.010243156852422592 0.0027693993766917386
decision_type=2 2 2 2 2 2 2 2 2 2 2 2 2 2 2 2 2 2 2 2 2 2 2 2 2 2 2 2 2 2
left_child=1 2 3 4 -1 12 -7 8 9 10 -8 -11 -6 14 15 16 19 -18 -19 25 21 22 -21 -23 -25 27 -27 28 -14 -29
right_child=-2 -3 -4 -5 5 6 7 -9 -10 11 -12 -13 13 -15 -16 -17 17 18 -20 20 -22 23 -24 24 -26 26 -28 29 -30 -31
leaf_value=-0.00011652693753906837 0.0004243525014317129 -0.00024971156178225733 0.00024715989109953059 -0.00023999592892886583 -0.00010398626808966312 -0.00029086809008731506 -0.00027452901422688944 -0.00019685961970026256 0.0001664320479199711 0.00017188810560145177 -2.8920027305668392e-05 -9.3872764630236133e-06 -6.8875932008334679e-05 0.00018242569480900699 0.00014440949574539747 -0.00014128771834488621 8.1294158793124884e-06 -0.00025106091886603583 -2.7068656243838719e-05 0.00024223805198941948 0.00018103728947075647 8.0299429951205767e-05 2.7021133300203711e-05 -0.00020309987400347987 6.8611553676115968e-06 4.4444301238399935e-06 -0.00019131020751721677 2.9978970402032743e-06 5.7983286135519552e-05 7.5859810035908744e-05
leaf_weight=45 24 33 37 21 47 20 23 32 31 27 55 66 164 21 27 28 139 30 43 23 41 37 27 21 30 53 31 273 75 236
leaf_count=45 24 33 37 21 47 20 23 32 31 27 55 66 164 21 27 28 139 30 43 23 41 37 27 21 30 53 31 273 75 236
internal_value=-2.29221e-13 -5.86662e-06 -1.1415e-06 -6.656e-06 -3.67719e-06 -5.03293e-07 -4.26804e-05 -2.14678e-05 6.31705e-06 -2.27097e-05 -0.000101343 4.32411e-05 7.45584e-06 1.1488e-05 8.67917e-06 5.74973e-06 9.11609e-06 -3.56877e-05 -0.00011912 1.85111e-05 7.05888e-05 3.77744e-05 0.000126021 -1.23657e-05 -7.95934e-05 7.30694e-06 -6.77984e-05 1.57412e-05 -2.90666e-05 3.67806e-05
internal_weight=1760 1736 1703 1666 1645 1600 254 234 202 171 78 93 1346 1299 1278 1251 1223 212 73 1011 179 138 50 88 51 832 84 748 239 509
internal_count=1760 1736 1703 1666 1645 1600 254 234 202 171 78 93 1346 1299 1278 1251 1223 212 73 1011 179 138 50 88 51 832 84 748 239 509
is_linear=0
shrinkage=0.05


Tree=285
num_leaves=31
num_cat=0
split_feature=141 19 51 56 146 130 270 191 336 286 277 239 222 283 119 331 273 246 152 280 49 324 303 275 91 211 262 238 137 101
split_gain=0.0017573 0.000714487 0.00171148 0.000251018 0.00156913 0.000281167 0.000205041 0.000554563 0.000339815 0.000254579 0.000297127 0.00023676 0.000324546 0.00025349 0.000301018 0.000238144 0.000219661 0.000215344 0.000286173 0.000208748 0.000203672 0.000185772 0.000185001 0.000291533 0.00027502 0.00024484 0.000347758 0.000297608 0.000226393 0.000279482
threshold=0.10121221227309303 44.500000000000007 0.89587973461402759 1.0000000180025095e-35 0.0092720615203990206 0.088293294797913938 0.025421116300263658 -0.034384979690692159 0.055164538231988407 -0.053782641529649407 0.030459994272401588 -0.0081942867719221376 0.0074313141052328516 0.032450915908320423 -0.042261887899527402 -0.033079996241608615 0.087476389637725124 -0.0080824687477889356 -0.0036732683056435659 -0.0053055833017075123 1.0000000180025095e-35 0.058472409370871795 -0.00035450593107290868 0.045780358405943404 0.12013229584304845 -0.044884423991312823 0.0013962877463872723 0.0037082379560913095 0.016381297016343586 -0.00066672915134495005
decision_type=2 2 2 2 2 2 2 2 2 2 2 2 2 2 2 2 2 2 2 2 2 2 2 2 2 2 2 2 2 2
left_child=1 2 3 5 20 6 9 -8 11 10 19 12 15 14 -13 -9 21 -17 -19 -1 -5 22 24 28 25 26 27 -11 -24 -30
right_child=-2 -3 -4 4 -6 -7 7 8 -10 16 -12 13 -14 -15 -16 17 -18 18 -20 -21 -22 -23 23 -25 -26 -27 -28 -29 29 -31
leaf_value=0.00017100838362932251 0.00043418290126836568 0.00028412946142322785 -0.00042856422381494969 -0.00015188521561503878 0.0004672911216039211 -0.00015936048509805308 -0.0002470198494847864 6.0503708802917537e-05 -0.00020525975854505542 0.00010719579569502878 0.00025548260062350895 0.00018118989071808756 0.00012739243885334872 0.00014259227953936296 -2.6561719847878149e-05 -4.8527149599774732e-05 -0.00016156062525364437 -8.8068191835191108e-05 -0.00033843906019769964 -1.5772067069100068e-05 3.1871868295160023e-05 -0.00011511072192330506 5.5339234192428098e-05 -7.3370964558059574e-05 -0.00016615116840292668 8.4781218619292584e-06 -0.00022959162948349595 -0.00013971496838147013 -9.7661768696695122e-05 7.9117545424701858e-05
leaf_weight=21 23 21 24 25 20 30 29 21 23 26 20 20 20 39 136 45 21 25 21 52 38 33 393 66 29 393 28 23 59 36
leaf_count=21 23 21 24 25 20 30 29 21 23 26 20 20 20 39 136 45 21 25 21 52 38 33 393 66 29 393 28 23 59 36
internal_value=1.25546e-13 -5.74911e-06 -9.29658e-06 -3.34952e-06 8.14437e-05 -7.72356e-06 -4.84255e-06 -3.69031e-05 -1.94934e-05 5.28323e-06 8.47385e-05 -6.42727e-06 -5.8138e-05 2.85769e-05 7.3102e-08 -9.12685e-05 -1.39187e-06 -0.000126293 -0.000202368 3.79593e-05 -4.10476e-05 1.70531e-06 5.36621e-06 2.52564e-05 -1.67162e-05 -7.49578e-06 -8.90249e-05 -8.70109e-06 3.85953e-05 -3.06717e-05
internal_weight=1760 1737 1716 1692 83 1609 1579 379 350 1200 93 327 132 195 156 112 1107 91 46 73 63 1086 1053 554 499 470 77 49 488 95
internal_count=1760 1737 1716 1692 83 1609 1579 379 350 1200 93 327 132 195 156 112 1107 91 46 73 63 1086 1053 554 499 470 77 49 488 95
is_linear=0
shrinkage=0.05


Tree=286
num_leaves=31
num_cat=0
split_feature=51 299 141 330 211 141 128 99 130 141 296 0 315 325 8 90 151 214 96 331 328 158 328 250 82 239 309 311 254 189
split_gain=0.00181389 0.000303532 0.000260741 0.000240223 0.000682021 0.00020795 0.000579254 0.000297726 0.000202406 0.000165929 0.000192328 0.000172246 0.000434886 0.000474508 0.000306243 0.000242686 0.000231051 0.00023452 0.00029967 0.000235339 0.000328061 0.000271663 0.000271071 0.00031649 0.000263182 0.000257468 0.000411967 0.00027217 0.000251483 0.000247208
threshold=0.89587973461402759 -0.096082389719443287 0.089521259061477787 0.058734888332247513 -0.037432793276143524 -0.053414957041066823 0.0046740540547928582 0.15224517173393717 0.094982780185472404 -0.043897457278027859 0.0084230749817040644 3.9415346756528771 0.0076897597823143227 -0.014513597485585899 0.29758481886141469 0.25380170012930109 -0.077605530292438094 0.0025196536526019713 0.084583340959037592 -0.035760043588133804 -0.032678347934869664 -0.029978656034108209 -0.0019210331274492111 0.025271808888338767 0.084339229102076377 0.01350302071660806 0.00046073931400152757 0.015027175848126897 -0.0011907857729235754 0.00039319819250837885
decision_type=2 2 2 2 2 2 2 2 2 2 2 2 2 2 2 2 2 2 2 2 2 2 2 2 2 2 2 2 2 2
left_child=1 -1 3 5 -5 6 -3 8 9 10 -7 12 13 -11 15 16 -13 18 -18 -19 24 -22 23 -23 -21 26 29 -27 -28 -24
right_child=-2 2 -4 4 -6 7 -8 -9 -10 11 -12 14 -14 -15 -16 -17 17 19 -20 20 21 22 25 -25 -26 27 28 -29 -30 -31
leaf_value=-0.00020011189437354915 0.00039922218332191865 -1.7577078610787447e-05 -0.00014788121059081601 0.00033596203546039762 -5.838514808029113e-06 -2.4776478292788737e-06 0.00029828718137910721 -0.00018410541403378984 -0.00015065884434193322 8.6907793537158384e-06 -0.00021448274528665934 0.00016744844955004132 6.4127639425584141e-05 -0.00027691972806651114 0.00018825090499541893 -0.00016452112132273297 -9.0065851167942239e-06 0.00015858742104187101 -0.00016268121393240469 3.0400794154653946e-07 -8.7998962706665356e-05 5.8410310521139765e-05 -0.00010442917309985713 0.00023800857685273512 -0.00023570414613320034 -0.00014860810106023193 4.301654357732332e-05 7.1335351739517972e-05 0.00023830747811777708 9.3291414367286047e-05
leaf_weight=20 28 47 31 20 54 23 21 24 24 26 20 21 39 33 22 22 820 33 33 27 39 82 43 35 21 39 32 22 34 25
leaf_count=20 28 47 31 20 54 23 21 24 24 26 20 21 39 33 22 22 820 33 33 27 39 82 43 35 21 39 32 22 34 25
internal_value=1.39178e-13 -6.45394e-06 -4.19158e-06 -1.54174e-06 8.654e-05 -5.59778e-06 7.99692e-05 -9.37851e-06 -6.61056e-06 -4.29188e-06 -0.000101085 -1.41751e-06 -6.54226e-05 -0.000151057 3.22879e-06 1.63661e-07 2.93783e-06 2.4933e-07 -1.49518e-05 3.02645e-05 1.96513e-05 3.64173e-05 5.19693e-05 0.000112136 -0.00010295 1.58691e-05 5.46329e-05 -6.92842e-05 0.000143621 -3.17378e-05
internal_weight=1760 1732 1712 1681 74 1607 68 1539 1515 1491 43 1448 98 59 1350 1328 1306 1285 853 432 399 351 312 117 48 195 134 61 66 68
internal_count=1760 1732 1712 1681 74 1607 68 1539 1515 1491 43 1448 98 59 1350 1328 1306 1285 853 432 399 351 312 117 48 195 134 61 66 68
is_linear=0
shrinkage=0.05


Tree=287
num_leaves=31
num_cat=0
split_feature=299 130 51 141 92 54 184 92 177 288 222 167 9 224 101 330 93 188 310 304 0 4 129 123 188 191 332 86 191 300
split_gain=0.00172309 0.000766758 0.000930847 0.000218318 0.000179708 0.000520549 0.000183917 0.000368368 0.000255791 0.000250187 0.000200013 0.00019205 0.000181647 0.00061279 0.000219387 0.000165584 0.000249004 0.000219943 0.000287234 0.000230419 0.00021699 0.000299361 0.000281791 0.000215408 0.000238206 0.00023665 0.000209524 0.000283461 0.000240151 0.000460305
threshold=-0.096082389719443287 0.10450407560464715 0.89587973461402759 0.10121221227309303 0.081406394260784956 1.0000000180025095e-35 -0.0025910282102513615 0.1132895974083864 0.0063346320290137157 0.0088114077928575091 0.00032938680048525608 -0.003306726333489518 0.061089514331622873 0.029143905732524612 0.012722420221338482 -0.018820740440174597 0.10340429695066221 -0.00088036435123205875 0.015193473944437057 0.021032149455890308 11.03313783648162 5.3278643862018891 0.0058623541969634952 0.034374451927390311 -0.0080166929271376555 -0.0028703566850854555 0.002483240918700723 -0.22663279272143996 -0.011030555526760395 -0.0030554538338808776
decision_type=2 2 2 2 2 2 2 2 2 2 2 2 2 2 2 2 2 2 2 2 2 2 2 2 2 2 2 2 2 2
left_child=-1 2 3 4 12 6 7 11 10 -9 -8 -6 15 14 -14 17 20 23 -19 -20 21 26 -23 24 25 -2 28 -28 29 -17
right_child=1 -3 -4 -5 5 -7 8 9 -10 -11 -12 -13 13 -15 -16 16 -18 18 19 -21 -22 22 -24 -25 -26 -27 27 -29 -30 -31
leaf_value=0.00045020192919764668 -0.00010596714359379779 0.00028134030973255312 -0.00030617833662500537 -0.00016492269434300916 -0.00016635429647462647 -0.00027558892652450594 0.00010329747576906811 0.00025170968014129401 -0.00018115670682163911 9.9086649424862119e-06 -6.8271421456164778e-05 4.278247891176891e-05 6.5241440878286618e-05 0.00030180168508774265 -0.00012769283350438777 -0.00017900500913258709 -0.00018145120924427396 3.0199763747352132e-05 0.00027368647773982961 4.9024977973507105e-05 9.5118386332392326e-05 -0.00027829954415210524 -2.866147792351862e-05 0.00010087072123183291 -0.00019541523405401358 5.9850338978624987e-05 -0.00018053585197776558 -2.093642713520496e-05 3.5260033737720345e-05 3.1523057087082738e-05
leaf_weight=21 39 23 26 21 23 22 25 23 32 20 53 21 41 22 23 42 21 169 25 21 49 20 26 29 23 48 30 383 371 68
leaf_count=21 39 23 26 21 23 22 25 23 32 20 53 21 41 22 23 42 21 169 25 21 49 20 26 29 23 48 30 383 371 68
internal_value=-6.45451e-13 -5.4366e-06 -9.28034e-06 -4.71268e-06 -2.69686e-06 -4.49139e-05 -1.91532e-05 3.51699e-05 -6.21178e-05 0.000139244 -1.32814e-05 -6.6539e-05 3.67937e-06 7.41582e-05 -4.09431e-06 -7.64308e-07 -1.1078e-05 2.86617e-05 6.03509e-05 0.000171124 -7.46035e-06 -1.28075e-05 -0.0001372 -2.0354e-05 -5.23132e-05 -1.44816e-05 -6.40704e-06 -3.25296e-05 1.60225e-05 -4.88604e-05
internal_weight=1760 1739 1716 1690 1669 219 197 87 110 43 78 44 1450 86 64 1364 1010 354 215 46 989 940 46 139 110 87 894 413 481 110
internal_count=1760 1739 1716 1690 1669 219 197 87 110 43 78 44 1450 86 64 1364 1010 354 215 46 989 940 46 139 110 87 894 413 481 110
is_linear=0
shrinkage=0.05


Tree=288
num_leaves=31
num_cat=0
split_feature=51 299 141 106 141 195 293 285 229 176 309 279 155 169 304 266 114 332 135 256 312 225 308 190 275 294 192 130 267 241
split_gain=0.00175038 0.000344376 0.000233294 0.000680517 0.000389572 0.00081741 0.000349382 0.000514375 0.000330702 0.00030715 0.000288342 0.000265735 0.000253663 0.000273643 0.000269868 0.0002847 0.000270902 0.000384746 0.000344138 0.000409453 0.000310139 0.000325022 0.000416301 0.000296137 0.000320631 0.000281562 0.000267149 0.000248366 0.000243515 0.000235578
threshold=0.89587973461402759 -0.096082389719443287 0.00072184095446497945 0.10422843662718799 0.0056504468731595021 -0.011683657543902392 0.0090222946809443063 0.014910040863493314 -0.01637467386208467 0.026737102673478997 -0.0033982677668639182 0.0084593380278477695 -0.03335533371796149 0.00050382638313754152 0.043218446615163296 -0.0054884394953933673 0.010113032083137396 0.046112169224205711 -0.036589304209655692 0.004028233230447 -0.032783047255829499 0.0039837878962871113 -0.0013968549182222735 -0.0026836943762950493 0.023997319844975756 0.0066933590786559206 -0.016394237121756625 -0.0023987154673340218 -0.0014453503046237594 0.018735839572533202
decision_type=2 2 2 2 2 2 2 2 2 2 2 2 2 2 2 2 2 2 2 2 2 2 2 2 2 2 2 2 2 2
left_child=1 -1 3 9 5 -4 7 8 -7 12 11 -11 13 -3 16 -16 17 18 19 -14 -20 23 -23 28 -25 26 -18 -24 -22 -12
right_child=-2 2 4 -5 -6 6 -8 -9 -10 10 29 -13 14 -15 15 -17 25 -19 20 -21 21 22 27 24 -26 -27 -28 -29 -30 -31
leaf_value=-0.0002126163922366686 0.00039217016199911216 1.5516204535635873e-05 -0.00038676694752038678 0.00026128826268379473 -7.6386567270233778e-06 0.00012156986234582622 8.1624200578921273e-05 -0.00032562952459556986 -0.00012087323432355429 -5.0203416956206541e-05 7.7602347923030643e-05 -0.00025005943123311417 -6.1739215522285795e-05 0.00022091523025019635 0.00023137419198907016 1.0912546963481873e-05 -6.0979595317886303e-05 0.00018510662983836873 -0.00017800649718908041 0.00023058095545275137 -3.501044661139271e-05 -2.6063461353425574e-07 -7.8239495525378049e-05 2.2773793050911299e-06 -0.0002091440444928594 -3.2783538298899929e-05 0.0001321907351259218 -0.00028272040556961053 0.00017816451102565199 -0.00012594143090176484
leaf_weight=20 28 34 21 27 702 22 36 20 39 39 44 29 23 31 27 32 22 21 43 25 21 55 27 97 22 66 96 33 37 21
leaf_count=20 28 34 21 27 702 22 36 20 39 39 44 29 23 31 27 32 22 21 43 25 21 55 27 97 22 66 96 33 37 21
internal_value=5.49637e-14 -6.33993e-06 -3.93016e-06 1.41854e-05 -2.27358e-05 -9.95344e-05 -4.79798e-05 -0.000105582 -3.34347e-05 6.28978e-06 -6.34581e-05 -0.000135436 1.93185e-05 0.000113476 9.85914e-06 0.000111802 -3.698e-07 -2.32735e-05 -3.4699e-05 9.05109e-05 -5.26396e-05 -3.4178e-05 -9.96224e-05 8.3424e-06 -3.68089e-05 4.99187e-05 9.61759e-05 -0.000190704 0.00010098 1.18421e-05
internal_weight=1760 1732 1712 872 840 138 117 81 61 845 133 68 712 65 647 59 588 404 383 48 335 292 115 177 119 184 118 60 58 65
internal_count=1760 1732 1712 872 840 138 117 81 61 845 133 68 712 65 647 59 588 404 383 48 335 292 115 177 119 184 118 60 58 65
is_linear=0
shrinkage=0.05


Tree=289
num_leaves=31
num_cat=0
split_feature=315 101 51 187 299 320 164 295 320 248 5 182 330 321 204 227 280 296 266 171 95 283 308 272 96 106 189 310 201 301
split_gain=0.00168418 0.0126916 0.00152921 0.000301888 0.000253549 0.000209314 0.000478605 0.000194434 0.000218152 0.000346992 0.000189977 0.000531276 0.000245859 0.000185252 0.000178256 0.000288007 0.000292715 0.000305503 0.000454362 0.000273332 0.000386485 0.00032246 0.000299317 0.000225672 0.00036998 0.000267751 0.000226696 0.000218264 0.000218051 0.000202319
threshold=0.04971749227683625 0.018381713682676541 0.89587973461402759 0.0083420826332040992 -0.075471055046718735 0.052348604343009988 -0.020688518720863181 -0.081471117129558332 0.03329842467848048 0.018063180708891891 2.249904835165133 0.0035229479900556076 -0.0042965197319203207 -0.019069414659987453 0.00043536776277284199 0.12527566167291551 0.021717077555035828 0.042027566514113282 0.0015786474032363669 0.00012483726649136951 0.016319795879591998 0.021190187575892656 -0.0056943691782533048 0.009495781227789336 0.0090818616382419993 -0.047232176920838372 -0.026847983246454127 0.0183515638623446 0.002209993767856288 0.042689795535170161
decision_type=2 2 2 2 2 2 2 2 2 2 2 2 2 2 2 2 2 2 2 2 2 2 2 2 2 2 2 2 2 2
left_child=2 3 4 13 -1 7 -7 -6 10 -10 14 12 -12 -2 15 16 17 19 -19 27 21 -21 -22 26 25 -25 -16 28 -9 -18
right_child=1 -3 -4 -5 5 6 -8 8 9 -11 11 -13 -14 -15 23 -17 29 18 -20 20 22 -23 -24 24 -26 -27 -28 -29 -30 -31
leaf_value=-0.00013520912214421275 -0.00010388536650550254 0.0013309042622313427 -0.00041817517997950072 -0.00016061243621987996 -0.0001385956571175484 -0.00028835664838663348 -9.7775043255312314e-06 -5.1209028675284231e-05 1.3344312229696234e-05 0.00019305874855097107 -8.5878913960186768e-05 -0.00022076035044544065 0.00015634168111401697 7.6612595810068103e-05 -0.00010527540708489655 -0.0001912032591976838 2.4475305743180799e-05 -0.0003055437747737718 -9.0686642189601632e-06 -6.4940536971594818e-05 1.2627011501030617e-05 0.00012213190277869781 0.00021513627654860248 0.00019200911157730101 0.00020472086712528068 3.6017963669688805e-06 1.2527053029891129e-05 3.1913751831316222e-05 -0.00018470101706550976 0.00019017876294951533
leaf_weight=38 21 20 23 37 25 21 58 106 98 37 20 36 22 44 46 23 150 24 28 112 36 29 37 22 38 132 364 49 43 21
leaf_count=38 21 20 23 37 25 21 58 106 98 37 20 36 22 44 46 23 150 24 28 112 36 29 37 22 38 132 364 49 43 21
internal_value=2.93306e-13 0.00017922 -1.33485e-05 -4.6601e-05 -7.58313e-06 -4.50781e-06 -8.38302e-05 -3.24583e-07 2.02218e-06 6.25994e-05 -4.08987e-06 -7.98133e-05 4.09985e-05 1.82979e-05 5.97765e-07 -1.73906e-05 -1.1095e-05 -3.17034e-05 -0.000145903 -1.72899e-05 2.18836e-05 -2.64646e-05 0.000115269 2.02595e-05 6.4995e-05 3.05171e-05 -6.89808e-07 -5.96289e-05 -8.97336e-05 4.48249e-05
internal_weight=1760 122 1638 102 1615 1577 79 1498 1473 135 1338 78 42 65 1260 658 635 464 52 412 214 141 73 602 192 154 410 198 149 171
internal_count=1760 122 1638 102 1615 1577 79 1498 1473 135 1338 78 42 65 1260 658 635 464 52 412 214 141 73 602 192 154 410 198 149 171
is_linear=0
shrinkage=0.05


Tree=290
num_leaves=31
num_cat=0
split_feature=242 178 90 51 130 141 112 186 83 186 0 155 336 126 126 279 287 259 304 225 96 315 325 288 289 289 238 169 246 169
split_gain=0.00166218 0.00322392 0.000684448 0.00111758 0.000342917 0.000239614 0.000205382 0.000179689 0.00044905 0.000330894 0.000242983 0.000225319 0.000211765 0.000208987 0.000305534 0.000252447 0.000210518 0.000207913 0.00018283 0.000202904 0.000170141 0.000184241 0.000239072 0.000297803 0.000218978 0.000252383 0.00016651 0.000280948 0.000328193 0.000311678
threshold=0.095007709352699879 -0.0053103811398414885 0.25380170012930109 0.89587973461402759 0.10450407560464715 0.10121221227309303 0.11712800595121929 -0.014321978201465737 0.21407895204322583 -0.012829584934581544 6.1420350931759513 -0.03335533371796149 -0.0013107793164396293 0.014587462063731554 0.0053089127733721249 -0.011721736769589548 -0.011553017997723651 0.079156998584195989 0.021352966263599133 0.00021533873980947443 0.09802510594755337 0.035615139484227863 0.0063909750356456923 0.0085045845257284459 -0.074428942217343377 -0.059683335767337219 0.019229802858476776 0.003082188773370458 -0.023479073893784428 -0.0017514299041974733
decision_type=2 2 2 2 2 2 2 2 2 2 2 2 2 2 2 2 2 2 2 2 2 2 2 2 2 2 2 2 2 2
left_child=2 -2 3 4 5 6 7 8 10 -9 11 12 -1 14 16 -15 -13 20 19 -18 21 24 -23 -24 -11 -26 -27 28 -28 -30
right_child=1 -3 -4 -5 -6 -7 -8 9 -10 17 -12 13 -14 15 -16 -17 18 -19 -20 -21 -22 22 23 -25 25 26 27 -29 29 -31
leaf_value=3.107655158435757e-06 -0.00010690726369582329 0.00077021596185659295 0.00020812263797375231 -0.00035096795343179113 -0.00020339959413501099 -0.00016857254410173152 -0.00012402734815516263 -0.00019232191866649375 0.00025680650925053106 -0.00013950635264471339 0.00015554341940703033 9.6119397329630385e-05 0.00022790712457208427 2.278291369573428e-05 0.00016047896770032821 -0.00018290041899620389 4.2797741009183359e-05 0.0001229828030949237 -0.00016550481374836708 -0.00011503163686938934 -0.00013995803334789043 1.0744662470261251e-06 -4.3707286738114616e-05 -0.00028424331923650409 0.00016498247714480385 1.3319684420491833e-05 0.00012524450571420502 -8.7204893041792006e-05 -8.3572830732382738e-05 0.00012587332267962071
leaf_weight=22 22 20 36 24 22 22 34 24 21 27 29 32 20 26 29 35 56 31 26 32 24 62 31 22 24 734 46 126 78 23
leaf_count=22 22 20 36 24 22 22 34 24 21 27 29 32 20 26 29 35 56 31 26 32 24 62 31 22 24 734 46 126 78 23
internal_value=-3.75167e-14 0.00031077 -7.59742e-06 -1.22145e-05 -7.31094e-06 -4.67405e-06 -2.44e-06 1.76439e-07 3.31198e-05 -8.45409e-06 1.78188e-05 3.45179e-06 0.000110155 -1.55378e-05 1.22414e-05 -9.52321e-05 -1.7203e-05 -4.86058e-06 -4.90128e-05 -1.45948e-05 -8.17148e-06 -5.47508e-06 -6.55797e-05 -0.000143552 1.05803e-06 4.73915e-06 9.20044e-07 -3.24182e-05 1.45419e-05 -3.58772e-05
internal_weight=1760 42 1718 1682 1658 1636 1614 1580 328 1252 307 278 42 236 175 61 146 1228 114 88 1197 1173 115 53 1058 1031 1007 273 147 101
internal_count=1760 42 1718 1682 1658 1636 1614 1580 328 1252 307 278 42 236 175 61 146 1228 114 88 1197 1173 115 53 1058 1031 1007 273 147 101
is_linear=0
shrinkage=0.05


Tree=291
num_leaves=31
num_cat=0
split_feature=51 299 56 130 141 92 153 333 287 97 127 129 310 99 287 184 0 330 93 145 176 320 315 279 198 55 176 330 204 19
split_gain=0.00174049 0.000279588 0.000235789 0.000276366 0.000207048 0.000173583 0.0004436 0.000219527 0.000257222 0.000268305 0.00024529 0.000277444 0.000230752 0.000192299 0.000159452 0.000155004 0.000152897 0.00015055 0.000217509 0.00020661 0.000288349 0.000316681 0.000311929 0.000249135 0.000211755 0.000188871 0.000196919 0.000190319 0.000207213 0.000303558
threshold=0.89587973461402759 -0.096082389719443287 1.2424533248940004 0.10450407560464715 0.10121221227309303 0.07250651631382396 -0.027539254744100638 0.00040979264925529603 0.044217762343243074 -0.038727396929885451 -0.00042661699611589013 -0.00088637819853911272 -0.0021802897597736379 0.13922506117470876 -0.0048398628819369145 0.00029303390239865233 11.068792181580115 -0.019185484133860758 0.10340429695066221 0.0021062074531499712 0.010253595408122146 -0.019730351736928043 -0.018715063800639826 -0.034717180613098024 -0.0049204219250782088 0.89587973461402759 0.060915515576456407 -0.016696807737890163 0.00010272777814690453 11.031250000000002
decision_type=2 2 2 2 2 2 2 2 2 2 2 2 2 2 2 2 2 2 2 2 2 2 2 2 2 2 2 2 2 2
left_child=1 -1 3 4 5 13 -7 8 9 -8 12 -12 -9 16 -11 -16 17 19 25 23 22 -22 -21 -3 -24 26 27 -19 -29 -30
right_child=-2 2 -4 -5 -6 6 7 10 -10 14 11 -13 -14 -15 15 -17 -18 18 -20 20 21 -23 24 -25 -26 -27 -28 28 29 -31
leaf_value=-0.00019218457688111813 0.00039106075727935222 0.00015680591277487111 0.00013975294202412311 -0.00018679456370591653 -0.00016027148715996495 -0.00021070719924340885 0.00022648055317057742 0.00011373919177068664 -0.00011453616134531331 -5.5921406002359142e-05 -3.4879918578423845e-05 -0.00024400928535936239 -0.00010000026396364379 0.00013704239204849323 0.0001857885081941883 -6.3198868745184018e-06 0.00012734456322505139 -0.00012544845297991837 -0.000169039840728233 -1.1829883369500749e-05 -0.00015699789910286201 7.2741569456411523e-05 4.8865592471461899e-05 -3.0844526690106802e-05 0.00023922801039285939 -0.00014489165749485741 -0.00015424212621534633 -1.9107890334241518e-05 -1.0203048696141571e-05 7.2981275388665036e-05
leaf_weight=20 28 20 28 21 21 33 21 28 24 34 35 29 23 27 21 21 24 29 21 30 24 40 21 153 48 24 21 451 232 208
leaf_count=20 28 20 28 21 21 33 21 28 24 34 35 29 23 27 21 21 24 29 21 30 24 40 21 153 48 24 21 451 232 208
internal_value=5.08468e-13 -6.322e-06 -4.15071e-06 -6.5434e-06 -4.26723e-06 -2.27205e-06 -3.89999e-05 -1.499e-05 3.20226e-05 6.82846e-05 -6.44554e-05 -0.000129642 1.73469e-05 4.92372e-06 2.45725e-05 8.97343e-05 2.2735e-06 2.91795e-09 -9.84684e-06 2.89073e-05 6.93002e-05 -1.34107e-05 0.00012277 -9.15083e-06 0.000181292 -6.38254e-06 -2.84989e-06 6.05798e-07 4.70857e-06 2.91204e-05
internal_weight=1760 1732 1712 1684 1663 1642 269 236 121 97 115 64 51 1373 76 42 1346 1322 986 336 163 64 99 173 69 965 941 920 891 440
internal_count=1760 1732 1712 1684 1663 1642 269 236 121 97 115 64 51 1373 76 42 1346 1322 986 336 163 64 99 173 69 965 941 920 891 440
is_linear=0
shrinkage=0.05


Tree=292
num_leaves=31
num_cat=0
split_feature=299 130 51 141 166 99 307 166 128 93 290 313 214 317 19 321 81 186 93 164 167 184 297 328 96 104 223 311 179 203
split_gain=0.00171722 0.000768394 0.00091173 0.00018506 0.000160781 0.000164459 0.000489516 0.000144167 0.000264336 0.000246767 0.000236938 0.000186764 0.000182836 0.000214355 0.000143196 0.000143257 0.000267086 0.000271987 0.00017641 0.000185499 0.000218475 0.000271292 0.000378571 0.000265967 0.000261489 0.000252081 0.00025044 0.000234379 0.00022775 0.000215033
threshold=-0.096082389719443287 0.10450407560464715 0.89587973461402759 0.10121221227309303 0.072129114818795428 0.13922506117470876 0.0010410509702068729 0.031186674167784902 0.0050362257773777048 0.10340429695066221 -0.014188753371420646 -0.0023666023316809308 -0.0042326842871119501 -0.0071264014150519998 43.500000000000007 -0.044316871463787134 -0.32420246731590102 0.00072225495304238674 0.087944780998875607 0.024511120612379696 0.0023808943261994114 -0.0019437273148518513 0.0020815675170434834 -0.010374336663840947 -0.013002177161342386 0.054747155454732459 -0.018162447973157487 -0.0059120776121701956 -0.0079560943637643107 0.0095367004138955085
decision_type=2 2 2 2 2 2 2 2 2 2 2 2 2 2 2 2 2 2 2 2 2 2 2 2 2 2 2 2 2 2
left_child=-1 2 3 4 5 7 -7 9 12 14 -10 -12 -9 -14 15 16 17 -2 19 20 -17 24 23 -23 -22 26 -24 29 -25 -26
right_child=1 -3 -4 -5 -6 6 -8 8 10 -11 11 -13 13 -15 -16 18 -18 -19 -20 -21 21 22 25 28 27 -27 -28 -29 -30 -31
leaf_value=0.00044943485575328981 -0.00015020005487783168 0.00028165524550865443 -0.00030310860954089618 -0.00015225791259061746 -0.00012170367357871979 0.00027504297046107242 -7.0594338544218601e-05 -9.046318980677905e-05 -8.4196788051368425e-06 -0.00017120887020175124 5.1587836622440426e-05 0.00023966203800889412 -6.2853326697064491e-05 0.00014669525984432907 -0.00013264283284529071 7.9801348446926559e-06 -0.00022047861282425445 4.9178851615579335e-05 0.00012683387073964157 4.1527696127589299e-05 -8.1744627177299822e-05 -4.2343549634097144e-05 0.00016506376731558706 -0.00032218959716809206 -0.00010311644858423582 -0.00016548677809623768 -2.1971130430872097e-05 0.0001109109029320239 -0.00013481901371216571 8.5587208430017487e-05
leaf_weight=21 26 23 26 21 28 20 21 46 31 23 22 33 23 26 22 625 21 50 27 202 58 50 25 23 36 20 63 67 55 26
leaf_count=21 26 23 26 21 28 20 21 46 31 23 22 33 23 26 22 625 21 50 27 202 58 50 25 23 36 20 63 67 55 26
internal_value=-3.69913e-13 -5.42733e-06 -9.27518e-06 -4.75466e-06 -2.89872e-06 -8.71579e-07 9.80092e-05 -3.4054e-06 3.86183e-05 -8.76572e-06 0.000102125 0.000164432 -1.88722e-05 4.83357e-05 -6.08936e-06 -4.06303e-06 -6.26424e-05 -1.90297e-05 3.86613e-07 -2.34465e-06 -1.0801e-05 -3.85508e-05 -7.41945e-05 -0.000132364 6.43271e-06 -5.25299e-06 3.11638e-05 4.60783e-05 -0.000190069 -2.39827e-05
internal_weight=1760 1739 1716 1690 1669 1641 41 1600 181 1419 86 55 95 49 1396 1374 97 76 1277 1250 1048 423 236 128 187 108 88 129 78 62
internal_count=1760 1739 1716 1690 1669 1641 41 1600 181 1419 86 55 95 49 1396 1374 97 76 1277 1250 1048 423 236 128 187 108 88 129 78 62
is_linear=0
shrinkage=0.05


Tree=293
num_leaves=31
num_cat=0
split_feature=141 19 51 56 265 130 265 270 96 286 320 233 146 286 277 273 143 173 239 313 117 191 191 191 191 303 179 102 179 262
split_gain=0.00171292 0.000678639 0.00156324 0.00021847 0.00143652 0.000244043 0.000193538 0.000180832 0.000478731 0.000272829 0.000279206 0.000249906 0.000239654 0.000200584 0.000234891 0.000185151 0.000184167 0.000220747 0.000214269 0.000207491 0.000199711 0.000181271 0.000165467 0.000313856 0.000309265 0.000237365 0.000265586 0.000328719 0.000322605 0.000301035
threshold=0.10121221227309303 44.500000000000007 0.89587973461402759 1.0000000180025095e-35 0.013099719205038253 0.088293294797913938 -0.015119739689300643 0.025421116300263658 -0.030856748217480901 -0.046117290943310081 -0.00088943264861891748 -0.031203280836910253 0.011490040264098335 -0.053782641529649407 0.030459994272401588 0.087476389637725124 -0.032438338766978332 0.013507002461180081 -0.038036014411060776 -0.022535353859083503 -0.014953933043674051 -0.0024283957657717718 -0.0045508038054877407 -0.0037340403915948335 -0.0059731550738636079 -0.001236215317837596 -0.0013863573014621527 0.019545706962334802 0.0053536237835708888 -0.015225590570953634
decision_type=2 2 2 2 2 2 2 2 2 2 2 2 2 2 2 2 2 2 2 2 2 2 2 2 2 2 2 2 2 2
left_child=1 2 3 5 6 7 -5 13 -9 10 -10 12 -11 14 21 22 -13 18 -18 -20 -21 -1 24 -24 -15 26 -25 28 -28 -30
right_child=-2 -3 -4 4 -6 -7 -8 8 9 11 -12 16 -14 15 -16 -17 17 -19 19 20 -22 -23 23 25 -26 -27 27 -29 29 -31
leaf_value=-4.627881814182426e-05 0.00042866500691715105 0.00027683692288909309 -0.00040983317602088696 -0.00017342149105294526 0.00043307096091753226 -0.00014880216166602623 1.5555750481629125e-05 -0.00025107957620396825 -0.00026882136977898579 -2.2619154763312756e-05 -1.3935422016815707e-05 -8.8090355594402128e-05 -0.00020184390058812615 1.0454311095505393e-05 0.00022700328183418604 -0.00014831171223098256 -5.2169301716276097e-05 -5.7698583865809876e-05 0.00022642769367848815 0.00020663375486037694 2.829878066135379e-05 0.00011131642779120641 -0.0001999557837817437 7.943320490315747e-06 0.00014384189959985502 2.0531953451502301e-05 -0.00029247150488663466 2.7106957548477857e-05 3.5241334626334722e-05 -0.00016384651224477556
leaf_weight=36 23 21 24 20 21 30 42 24 21 66 22 31 26 384 20 21 28 42 26 20 73 37 22 142 49 340 25 44 31 49
leaf_count=36 23 21 24 20 21 30 42 24 21 66 22 31 26 384 20 21 28 42 26 20 73 37 22 142 49 340 25 44 31 49
internal_value=-1.23805e-13 -5.67605e-06 -9.13337e-06 -3.44969e-06 7.56554e-05 -7.53031e-06 -4.54047e-05 -4.84624e-06 -3.49547e-05 -2.03434e-05 -0.000138415 -4.07077e-06 -7.32696e-05 4.66301e-06 7.51907e-05 -1.26209e-06 2.48669e-05 4.33943e-05 7.2278e-05 0.00010156 6.66504e-05 3.35982e-05 1.58142e-06 -1.43113e-05 2.5549e-05 -7.83877e-06 -4.09867e-05 -8.7618e-05 -0.000135693 -8.67e-05
internal_weight=1760 1737 1716 1692 83 1609 62 1579 379 355 43 312 92 1200 93 1107 220 189 147 119 93 73 1086 653 433 631 291 149 105 80
internal_count=1760 1737 1716 1692 83 1609 62 1579 379 355 43 312 92 1200 93 1107 220 189 147 119 93 73 1086 653 433 631 291 149 105 80
is_linear=0
shrinkage=0.05


Tree=294
num_leaves=31
num_cat=0
split_feature=51 299 141 110 211 112 201 167 92 111 108 279 216 270 108 250 150 194 194 150 202 288 155 299 195 92 129 139 309 7
split_gain=0.00181725 0.000308965 0.000233245 0.000223117 0.00124611 0.000262705 0.000166007 0.000181297 0.000204114 0.000179777 0.000164539 0.000261915 0.000465236 0.000252958 0.000181169 0.000253924 0.000229029 0.000372635 0.000393145 0.000317981 0.00023254 0.000262413 0.000264083 0.000307416 0.000239405 0.000220504 0.000217217 0.000458479 0.000231737 0.00044122
threshold=0.89587973461402759 -0.096082389719443287 0.089521259061477787 -0.044670404864431031 -0.098702431702471699 0.11712800595121929 0.012948899445397599 -0.00045652744022882006 -0.009793337154709765 0.068086804630651906 0.051851743548592767 1.0000000180025095e-35 -0.0046795293441944706 -0.0065025800968694881 0.0074571134203580284 -0.066228341611600169 0.021716496940455774 -0.0065493688214853371 -0.0075801775792764476 0.026957505241059044 -0.0023001111850276122 -0.018500808112335339 -0.03413681943613367 -0.016564766771895927 0.0087925851461665202 0.066129882897246015 0.017345695884468614 -0.0015426627827283058 0.0029149155415123568 0.05594435992175615
decision_type=2 2 2 2 2 2 2 2 2 2 2 2 2 2 2 2 2 2 2 2 2 2 2 2 2 2 2 2 2 2
left_child=1 -1 3 4 -3 10 7 8 -6 -9 14 -12 -13 -14 16 -16 17 18 -5 -18 21 -19 -23 -24 -25 -21 28 -28 29 -22
right_child=-2 2 -4 5 6 -7 -8 9 -10 -11 11 12 13 -15 15 -17 19 20 -20 25 26 22 23 24 -26 -27 27 -29 -30 -31
leaf_value=-0.00020184312539640815 0.00039959083265525157 0.00040200155417551291 -0.00014007982092387525 -5.6314409086659367e-05 0.0001732338009484617 -0.00017293919730718699 -7.5319958991807801e-05 2.2814922917787623e-05 7.0917203438033252e-06 -0.00014611103286456671 3.5502254200094425e-06 -0.00028311616497376238 0.0001035538456995883 -0.00012601008634841751 -0.00014365494243975263 3.4513766533850723e-05 0.00020867707720026375 5.6480667376936437e-05 -0.00027525165211915486 4.8842192887064269e-05 0.00028650960705887816 8.1290185809611217e-05 -0.0002600087804312352 -0.00010770850755925028 7.0094074762891973e-05 -0.00013473307640413709 -0.00019557946414958376 6.1641412339224371e-05 4.6052820250354544e-06 4.7070410751935877e-05
leaf_weight=20 28 22 31 189 36 24 48 63 38 21 95 28 21 28 21 419 25 51 23 74 26 23 25 78 25 21 30 41 112 74
leaf_count=20 28 22 31 189 36 24 48 63 38 21 95 28 21 28 21 419 25 51 23 74 26 23 25 78 25 21 30 41 112 74
internal_value=4.34723e-14 -6.4599e-06 -4.17738e-06 -1.67115e-06 4.4314e-05 -8.88699e-06 6.11433e-06 3.08539e-05 8.79176e-05 -1.94166e-05 -6.13174e-06 -5.19979e-05 -0.000120531 -2.76255e-05 1.44296e-07 2.60103e-05 -1.3786e-05 -2.47704e-05 -8.0067e-05 5.00155e-05 -5.99541e-07 -4.15789e-05 -7.46984e-05 -0.000102728 -6.45525e-05 8.2624e-06 2.86508e-05 -4.70435e-05 5.40012e-05 0.000109325
internal_weight=1760 1732 1712 1681 228 1453 206 158 74 84 1429 172 77 49 1257 440 817 697 212 120 485 202 151 128 103 95 283 71 212 100
internal_count=1760 1732 1712 1681 228 1453 206 158 74 84 1429 172 77 49 1257 440 817 697 212 120 485 202 151 128 103 95 283 71 212 100
is_linear=0
shrinkage=0.05


Tree=295
num_leaves=31
num_cat=0
split_feature=322 128 153 51 112 287 92 141 115 229 114 198 308 273 334 239 189 312 118 112 136 165 165 239 100 189 330 309 327 258
split_gain=0.00169072 0.000639034 0.00169869 0.00163128 0.000361117 0.000246404 0.00135819 0.000185392 0.000184848 0.000165672 0.000162653 0.000208817 0.000151503 0.00016307 0.000218611 0.000157643 0.000281286 0.000192282 0.000185107 0.000218266 0.000305978 0.000269783 0.000263167 0.000371019 0.000304137 0.00025017 0.000232104 0.000264793 0.000301083 0.000296353
threshold=0.074563000707993946 0.086584933288196428 -0.00023300114738748285 0.89587973461402759 0.11712800595121929 -0.048849779050016813 0.062736755349862144 0.10121221227309303 0.019975268650356755 -0.1382584589524197 -0.060763509563212477 -0.00089701943849116296 0.068676206229636175 -0.050081678832150062 -0.013029045237345894 0.025367191330756683 -0.026847983246454127 0.021686857978581785 0.02394627400104166 -0.040010254726386967 -0.011852715343937751 -0.0091383758544010592 -0.01391029613623007 -0.021541837510884631 -0.016441265415436526 -0.0020041990216423658 -0.043961438627479248 0.021198008638316345 0.0072162986478802298 0.0081194784270004604
decision_type=2 2 2 2 2 2 2 2 2 2 2 2 2 2 2 2 2 2 2 2 2 2 2 2 2 2 2 2 2 2
left_child=1 3 -3 4 5 6 8 9 -1 -7 11 -11 13 14 -12 18 -17 -18 19 20 25 22 -21 -24 -25 -15 -23 28 -28 -30
right_child=-2 2 -4 -5 -6 7 -8 -9 -10 10 12 -13 -14 15 -16 16 17 -19 -20 21 -22 26 23 24 -26 -27 27 -29 29 -31
leaf_value=3.5778287773220132e-05 0.00037214428567191742 0.00051837467264704174 -0.00012549004805762146 -0.00041207925212802368 -0.0001770676760133938 -0.0001201828488481096 0.000442965896363603 -0.00015906983202512495 -0.00010544035085331417 -1.5977051225490871e-06 -7.0646486654788124e-05 0.00018760368933726571 -0.00011109362068750403 -0.00030797024344792596 9.6242399035872952e-05 -0.00020530323690036315 -6.8189325707755741e-06 -0.00014411859192478004 6.1276993371911978e-05 1.243773879372657e-05 -1.9772635648239467e-06 -0.00014218116937425091 -5.4109855591377714e-05 5.3294332146833768e-05 0.00030858279216252932 -6.6177697084165876e-05 1.7461745414519378e-06 5.7177737478752991e-05 -3.2435223239314259e-05 -0.00018209485048639593
leaf_weight=84 30 20 21 25 30 31 20 20 32 35 26 25 34 20 80 25 170 30 107 193 57 36 20 20 28 23 265 112 88 53
leaf_count=84 30 20 21 25 30 31 20 20 32 35 26 25 34 20 80 25 170 30 107 193 57 36 20 20 28 23 265 112 88 53
internal_value=3.1198e-13 -6.45337e-06 0.00018859 -1.1188e-05 -5.16499e-06 -2.00889e-06 6.24309e-05 -7.85923e-06 -3.17858e-06 -5.81308e-06 -3.36286e-06 7.72362e-05 -6.84948e-06 -4.22989e-06 5.53074e-05 -9.2908e-06 -4.71794e-05 -2.74139e-05 -9.49386e-07 -8.22613e-06 -7.7942e-05 3.27957e-07 4.22394e-05 0.000126824 0.000202213 -0.000178639 -1.94173e-05 -1.08855e-05 -2.96616e-05 -8.86903e-05
internal_weight=1760 1730 41 1689 1664 1634 136 1498 116 1478 1447 60 1387 1353 106 1247 225 200 1022 915 100 815 261 68 48 43 554 518 406 141
internal_count=1760 1730 41 1689 1664 1634 136 1498 116 1478 1447 60 1387 1353 106 1247 225 200 1022 915 100 815 261 68 48 43 554 518 406 141
is_linear=0
shrinkage=0.05


Tree=296
num_leaves=31
num_cat=0
split_feature=51 299 141 106 141 195 160 257 101 287 202 320 295 315 1 155 175 135 205 132 328 285 325 278 303 215 311 334 95 322
split_gain=0.00178015 0.000271135 0.000209876 0.000619398 0.000322388 0.000684109 0.000317243 0.00027899 0.000284501 0.000253106 0.000268472 0.000219194 0.000334172 0.000243749 0.000224258 0.000213529 0.000290559 0.000244171 0.000215921 0.00024517 0.00020172 0.0002131 0.000305646 0.000384569 0.000323511 0.000320864 0.000233547 0.000209443 0.000231815 0.000192272
threshold=0.89587973461402759 -0.096082389719443287 0.00072184095446497945 0.10422843662718799 0.0056504468731595021 -0.011683657543902392 0.01583566156928002 0.0072717700245883638 -0.0059796812439883735 0.019455061216452168 0.018732147067524147 0.038913614969345166 0.015323555508584448 0.055784334289161193 2.524928003624769 -0.032769274045476436 0.0028108392323162872 -0.036589304209655692 0.01692688144533901 0.015503925671194142 0.0010979772362454121 0.024069326841413313 -0.0024198575312253672 0.019297464244051543 0.015090010487011521 0.0031726061052314348 0.0039983755931180887 -0.030626485829468208 0.015225879463680756 0.0033059359911266806
decision_type=2 2 2 2 2 2 2 2 2 2 2 2 2 2 2 2 2 2 2 2 2 2 2 2 2 2 2 2 2 2
left_child=1 -1 3 9 5 -4 7 8 -7 15 -11 13 -13 14 -6 16 -3 18 19 -17 21 22 25 24 26 -19 -24 -22 -29 -23
right_child=-2 2 4 -5 11 6 -8 -9 -10 10 -12 12 -14 -15 -16 17 -18 20 -20 -21 27 29 23 -25 -26 -27 -28 28 -30 -31
leaf_value=-0.00018942524198791943 0.00039549179767033949 1.9577562262703714e-05 -0.000354725848661647 0.00024867227006729488 -0.00012806277510930952 -5.9405941981822248e-05 -0.00017614944438471206 -0.00012928485826145894 0.00016420813935286735 -2.0609580807710397e-05 -0.00018805637285238067 0.0001330914431013822 -7.9280243651872427e-05 -0.0001686250246236271 -3.9941194883915604e-06 6.5245843178408607e-05 0.00024023162818048152 -4.4495260215929499e-05 -3.1236634885831533e-05 0.00028978560490941166 -7.5777952866297316e-05 -2.5100223475809412e-05 0.00016800661578599831 -0.00018154474149317443 -0.00013097621538856236 -0.00022871666099094092 2.2358985006576403e-06 1.383879798977585e-05 0.00012956559135224833 0.00015068618532885532
leaf_weight=20 28 37 21 27 39 25 33 26 33 165 28 59 27 26 551 31 25 60 23 20 36 35 42 24 22 39 43 119 68 28
leaf_count=20 28 37 21 27 39 25 33 26 33 165 28 59 27 26 551 31 25 60 23 20 36 35 42 24 22 39 43 119 68 28
internal_value=-2.44071e-13 -6.39363e-06 -4.25541e-06 1.29269e-05 -2.20923e-05 -9.19555e-05 -4.47916e-05 6.81326e-06 6.78228e-05 5.39417e-06 -4.49024e-05 -8.35845e-06 6.64166e-05 -1.87978e-05 -1.21953e-05 2.02826e-05 0.000108551 1.10069e-05 9.59445e-05 0.000153301 -1.17407e-06 -2.84474e-05 -5.07643e-05 -6.57474e-07 3.99154e-05 -0.000117067 8.41461e-05 3.46604e-05 5.59213e-05 5.30271e-05
internal_weight=1760 1732 1712 872 840 138 117 84 58 845 193 702 86 616 590 652 62 590 74 51 516 293 230 131 107 99 85 223 187 63
internal_count=1760 1732 1712 872 840 138 117 84 58 845 193 702 86 616 590 652 62 590 74 51 516 293 230 131 107 99 85 223 187 63
is_linear=0
shrinkage=0.05


Tree=297
num_leaves=31
num_cat=0
split_feature=299 130 51 141 227 281 120 273 123 277 170 163 269 164 125 167 269 214 96 84 159 171 187 316 291 246 199 242 173 84
split_gain=0.00169913 0.000693303 0.000839704 0.000185775 0.000151999 0.000385393 0.000315821 0.000319876 0.000394084 0.000349396 0.000317964 0.00028517 0.000186452 0.000414079 0.000195311 0.000214433 0.000186505 0.00018788 0.000233454 0.000351038 0.000217412 0.000199309 0.000348368 0.000249892 0.000392991 0.000238371 0.000231684 0.00032881 0.000219665 0.000283173
threshold=-0.096082389719443287 0.10450407560464715 0.89587973461402759 0.10121221227309303 0.04551837408601201 0.044900019660602648 0.052370073525806235 -0.024117480980638716 -0.020658549328377997 -0.032967608454303125 0.0010593089101199225 -0.0067511760950314864 0.013737898407776479 -0.039729929178034966 0.051319348772242097 0.025963164209294173 0.011787631045269533 0.0025196536526019713 0.059110153719174864 -0.03578931253632691 0.034016159709629297 0.0039291770925430789 0.0023149768757803652 -0.0099966120141555866 0.0090717570020897986 -0.03602449955316684 -0.0019494044656698526 0.0023987017924581204 0.001220019010497444 0.069650703696804192
decision_type=2 2 2 2 2 2 2 2 2 2 2 2 2 2 2 2 2 2 2 2 2 2 2 2 2 2 2 2 2 2
left_child=-1 2 3 4 12 6 7 9 10 -6 -9 -10 16 -14 15 -15 17 18 -2 -20 21 22 26 -24 -25 -23 -19 -28 -27 -30
right_child=1 -3 -4 -5 5 -7 -8 8 11 -11 -12 -13 13 14 -16 -17 -18 20 19 -21 -22 25 23 24 -26 28 27 -29 29 -31
leaf_value=0.00044706162623783926 -1.0803902995300744e-05 0.0002672958030218623 -0.0002910420621237091 -0.00015250343494699337 -0.0001299773192191164 -0.00020336046924762007 0.00016458864622770556 -0.00035434924036962915 -0.0001337645887461905 0.00010804575729958617 -7.2407870704864775e-05 4.7910226762555626e-05 0.00021963974921683467 1.9105086650006676e-05 -0.00010699559006103041 0.00018135131117146973 -0.00012034765107923055 -2.338419217267074e-05 2.3883307420130058e-05 -0.00024517858519512058 -9.9834657339670238e-05 0.00022490564745491308 3.5938033753072061e-05 -0.00027293583886973835 -5.8374078854775202e-07 0.00010202378446742438 0.00025150278046826962 2.8100240705271065e-05 9.2916416317512774e-05 -0.00016377382582339291
leaf_weight=21 591 23 26 21 21 31 22 20 36 58 20 54 28 274 28 22 35 48 22 27 32 24 33 27 26 79 28 40 21 22
leaf_count=21 591 23 26 21 21 31 22 20 36 58 20 54 28 274 28 22 35 48 22 27 32 24 33 27 26 79 28 40 21 22
internal_value=3.70438e-13 -5.39867e-06 -9.05367e-06 -4.71539e-06 -2.85586e-06 -3.78229e-05 -1.56079e-05 -3.4576e-05 -8.27963e-05 4.47738e-05 -0.000213379 -2.47597e-05 3.65542e-06 3.51664e-05 1.92242e-05 3.11639e-05 -6.85818e-06 -2.96393e-06 -1.94992e-05 -0.000124375 2.4885e-05 3.63534e-05 4.18394e-06 -7.20755e-05 -0.000139329 8.08619e-05 6.07211e-05 0.00012009 5.25254e-05 -3.84135e-05
internal_weight=1760 1739 1716 1690 1669 262 231 209 130 79 40 90 1407 352 324 296 1055 1020 640 49 380 348 202 86 53 146 116 68 122 43
internal_count=1760 1739 1716 1690 1669 262 231 209 130 79 40 90 1407 352 324 296 1055 1020 640 49 380 348 202 86 53 146 116 68 122 43
is_linear=0
shrinkage=0.05


Tree=298
num_leaves=31
num_cat=0
split_feature=51 299 89 106 226 130 269 117 269 295 115 336 281 315 182 104 324 324 335 103 326 209 290 1 105 9 138 272 8 129
split_gain=0.00171295 0.00031103 0.000203604 0.000939148 0.00037161 0.000278096 0.000200337 0.000311396 0.000243592 0.00035444 0.00027682 0.000200979 0.000195038 0.000238587 0.000192972 0.000200776 0.000182763 0.000357788 0.00023677 0.000235434 0.000261703 0.00023087 0.000201475 0.000198909 0.000314725 0.000186201 0.00018227 0.00017959 0.000178367 0.000189899
threshold=0.89587973461402759 -0.096082389719443287 -0.0017770586856914554 0.10072941190815972 -0.10284861856369661 0.085282602705567465 0.013737898407776479 0.079696439502433339 0.0040686518059713595 0.011357087109974738 0.002753530265732313 0.040855026646494132 -0.053309715287257871 0.042207772647023543 0.038773264939665021 0.070112351540831577 -0.025373539563124926 -0.031756180584259275 -0.011920934445479538 -0.010461368037667442 -0.025174077347479812 0.018657780674631193 0.033650040001165615 5.0968083143154814 0.032202635863212842 0.030257255332784037 -0.016875041287571727 0.0063600513422561707 0.30429292929292934 0.057390805154299902
decision_type=2 2 2 2 2 2 2 2 2 2 2 2 2 2 2 2 2 2 2 2 2 2 2 2 2 2 2 2 2 2
left_child=1 -1 4 16 -3 6 7 8 11 10 -10 12 -6 26 15 -8 17 18 -4 20 -18 -22 25 -21 -25 -23 -14 -11 29 -28
right_child=-2 2 3 -5 5 -7 14 -9 9 27 -12 -13 13 -15 -16 -17 19 -19 -20 23 21 22 -24 24 -26 -27 28 -29 -30 -31
leaf_value=-0.00020230705995345489 0.00038795426961379627 -0.00022722940325149382 -0.00010978756986982522 0.00033740224359710488 9.6701110762809658e-05 -0.00019024289236271711 3.2200198977710952e-05 0.00015078618083255908 -0.00010433252006324063 -9.1213395801157903e-05 -0.00033876125518872869 -0.00013626801785850311 5.9857901168243184e-05 -0.00012904359801331743 0.00017054324576054657 -8.7143436531093922e-05 -0.00017782860356965104 -0.00017739627249906527 6.9382232780939104e-05 2.7199414835757103e-05 -0.00016579676419496537 -4.8614992736338053e-05 0.00016284714190987871 0.00027950032199875011 8.8870743638835844e-06 7.0266975572118174e-05 -2.2748088125890008e-05 0.00010537756354876496 0.00011607948385755577 -0.00016953350521665319
leaf_weight=20 28 21 28 22 39 22 219 24 34 26 20 34 80 45 21 42 25 38 54 356 20 93 20 21 22 51 269 21 21 24
leaf_count=20 28 21 28 22 39 22 219 24 34 26 20 34 80 45 21 42 25 38 54 356 20 93 20 21 22 51 269 21 21 24
internal_value=3.22732e-13 -6.27178e-06 -3.98165e-06 1.55468e-05 -1.92065e-05 -1.45642e-05 -1.03586e-05 -2.58913e-05 -3.28085e-05 -0.000103774 -0.000191158 -1.88095e-05 -1.04547e-05 -1.99743e-05 2.47278e-05 1.29955e-05 5.82041e-06 -5.05706e-05 8.2023e-06 1.69502e-05 -2.60396e-05 -5.41615e-06 1.41425e-05 3.94687e-05 0.000141047 -6.51096e-06 -7.5171e-06 -3.37488e-06 -2.46827e-05 -3.47715e-05
internal_weight=1760 1732 1712 750 962 941 919 637 613 101 54 512 478 439 282 261 728 120 82 608 209 184 164 399 43 144 394 47 314 293
internal_count=1760 1732 1712 750 962 941 919 637 613 101 54 512 478 439 282 261 728 120 82 608 209 184 164 399 43 144 394 47 314 293
is_linear=0
shrinkage=0.05


Tree=299
num_leaves=31
num_cat=0
split_feature=141 19 51 216 109 107 203 299 275 217 205 275 315 318 153 290 164 332 190 190 208 322 204 242 195 89 125 275 176 294
split_gain=0.00168797 0.000616601 0.00272502 0.0017618 0.000214361 0.000227342 0.00084863 0.000181803 0.000162226 0.000144539 0.000177773 0.000140802 0.000274858 0.000170049 0.000495613 0.000201362 0.000191653 0.000254009 0.000241791 0.000262383 0.000227246 0.000336962 0.000199442 0.000197546 0.000221782 0.000196462 0.000285737 0.000289873 0.000335971 0.000245017
threshold=0.10121221227309303 37.125000000000007 0.89587973461402759 -0.004097792877598384 0.13060028036922969 0.089022088644225242 -0.0084270332930546869 -0.087224439402094317 0.0084324500674766052 -0.16811412740104351 -0.0065221447116765863 0.063679703571030741 0.0164821094748407 0.046828538736056795 0.020838551399971601 -0.015203056172758083 0.024511120612379696 -0.021789743469697767 -0.006564342253637531 -0.013338171433341418 0.015867823630636425 -0.023884386829871804 -0.0077296839949207276 0.057852913085720152 0.0029626793113811463 0.01468344933868899 0.011018525749945685 -0.015176045234367158 -0.0036205785084810808 -0.01222522417156806
decision_type=2 2 2 2 2 2 2 2 2 2 2 2 2 2 2 2 2 2 2 2 2 2 2 2 2 2 2 2 2 2
left_child=1 2 4 -3 5 7 -7 -1 -8 10 -9 13 -13 16 15 -15 17 18 19 -11 25 -22 -20 24 -18 -19 27 28 -27 -29
right_child=-2 3 -4 -5 -6 6 8 9 -10 11 -12 12 -14 14 -16 -17 23 20 22 -21 21 -23 -24 -25 -26 26 -28 29 -30 -31
leaf_value=-0.00014474881096722801 0.00042553153209313598 -9.0470461927233612e-05 -0.00055112720406411781 0.00052868638071231541 -0.000151495046823887 0.00036333923169877384 -0.00012450667404447727 5.8569486446642607e-06 4.7108313528951841e-05 3.8196062717561604e-05 -0.00020243390972609634 7.3448041696204152e-07 -0.00017337807214918191 -9.3732901699820946e-05 0.00028944043675437569 7.6754132801714914e-05 0.00010526407342560426 -3.2270976452061271e-05 1.3244755693851276e-06 -0.00014548053782320871 -0.00026475271623071638 -4.7090829692588787e-05 0.00013639304048168317 -0.00010759752658486833 -2.0061444873177588e-06 2.8088326451744739e-05 -4.9564249718176789e-05 0.00011129987731692381 0.00028227285208861128 -2.2001578813251606e-05
leaf_weight=23 23 27 23 20 24 20 21 21 40 59 20 68 34 29 20 43 108 432 43 29 21 116 75 20 87 26 101 50 26 111
leaf_count=23 23 27 23 20 24 20 21 21 40 59 20 68 34 29 20 43 108 432 43 29 21 116 75 20 87 26 101 50 26 111
internal_value=2.91011e-13 -5.63456e-06 -1.06025e-05 0.000173001 -3.14477e-06 -9.7775e-07 8.06972e-05 -5.21314e-06 -1.19723e-05 -3.12781e-06 -9.57483e-05 -5.928e-07 -5.7303e-05 3.55078e-06 6.92498e-05 8.08574e-06 -1.08442e-06 -9.60158e-06 4.03935e-05 -2.23337e-05 -2.12652e-05 -8.04551e-05 8.71731e-05 4.2056e-05 5.74051e-05 -1.03952e-05 1.97013e-05 5.25456e-05 0.000155181 1.93964e-05
internal_weight=1760 1737 1690 47 1667 1643 81 1562 61 1539 41 1498 102 1396 92 72 1304 1089 206 88 883 137 118 215 195 746 314 213 52 161
internal_count=1760 1737 1690 47 1667 1643 81 1562 61 1539 41 1498 102 1396 92 72 1304 1089 206 88 883 137 118 215 195 746 314 213 52 161
is_linear=0
shrinkage=0.05


end of trees

feature_importances:
Column_1=485
Column_0=363
Column_51=165
Column_8=123
Column_97=123
Column_130=113
Column_19=111
Column_91=101
Column_88=91
Column_141=89
Column_7=85
Column_214=78
Column_5=76
Column_96=75
Column_221=71
Column_211=68
Column_283=68
Column_4=66
Column_315=66
Column_9=65
Column_277=65
Column_11=62
Column_295=59
Column_299=59
Column_106=58
Column_305=58
Column_210=57
Column_109=56
Column_83=54
Column_296=54
Column_312=54
Column_84=53
Column_128=53
Column_89=52
Column_92=52
Column_219=52
Column_287=50
Column_104=49
Column_212=48
Column_227=48
Column_225=47
Column_112=46
Column_117=46
Column_275=46
Column_288=45
Column_290=45
Column_107=44
Column_14=43
Column_81=43
Column_99=43
Column_330=43
Column_165=42
Column_202=42
Column_324=42
Column_215=41
Column_93=40
Column_229=40
Column_294=40
Column_10=39
Column_61=39
Column_82=39
Column_199=39
Column_303=39
Column_2=38
Column_314=37
Column_320=37
Column_336=37
Column_121=36
Column_286=36
Column_198=35
Column_86=34
Column_191=34
Column_278=34
Column_322=34
Column_123=33
Column_220=33
Column_90=32
Column_114=32
Column_164=32
Column_167=32
Column_246=32
Column_274=32
Column_302=32
Column_148=31
Column_216=31
Column_276=31
Column_309=31
Column_135=30
Column_194=30
Column_298=30
Column_333=30
Column_153=29
Column_269=29
Column_316=29
Column_325=29
Column_332=29
Column_100=28
Column_160=28
Column_171=28
Column_173=28
Column_189=28
Column_249=28
Column_265=28
Column_270=28
Column_307=28
Column_308=28
Column_132=27
Column_158=27
Column_186=27
Column_207=27
Column_213=27
Column_237=27
Column_267=27
Column_273=27
Column_304=27
Column_185=26
Column_206=26
Column_248=26
Column_327=26
Column_335=26
Column_139=25
Column_150=25
Column_166=25
Column_193=25
Column_222=25
Column_279=25
Column_280=25
Column_281=25
Column_282=25
Column_292=25
Column_306=25
Column_311=25
Column_168=24
Column_182=24
Column_233=24
Column_238=24
Column_254=24
Column_272=24
Column_297=24
Column_321=24
Column_102=23
Column_154=23
Column_201=23
Column_239=23
Column_252=23
Column_291=23
Column_110=22
Column_116=22
Column_119=22
Column_142=22
Column_156=22
Column_161=22
Column_177=22
Column_179=22
Column_188=22
Column_196=22
Column_228=22
Column_328=22
Column_67=21
Column_115=21
Column_129=21
Column_175=21
Column_197=21
Column_218=21
Column_231=21
Column_250=21
Column_268=21
Column_301=21
Column_331=21
Column_85=20
Column_98=20
Column_101=20
Column_145=20
Column_151=20
Column_155=20
Column_170=20
Column_200=20
Column_204=20
Column_224=20
Column_226=20
Column_284=20
Column_300=20
Column_310=20
Column_318=20
Column_133=19
Column_137=19
Column_157=19
Column_159=19
Column_163=19
Column_180=19
Column_241=19
Column_56=18
Column_95=18
Column_131=18
Column_146=18
Column_172=18
Column_181=18
Column_203=18
Column_232=18
Column_245=18
Column_258=18
Column_260=18
Column_264=18
Column_118=17
Column_125=17
Column_195=17
Column_208=17
Column_217=17
Column_263=17
Column_313=17
Column_319=17
Column_326=17
Column_94=16
Column_120=16
Column_136=16
Column_143=16
Column_176=16
Column_183=16
Column_184=16
Column_205=16
Column_223=16
Column_242=16
Column_244=16
Column_261=16
Column_266=16
Column_289=16
Column_293=16
Column_334=16
Column_6=15
Column_147=15
Column_87=14
Column_111=14
Column_126=14
Column_127=14
Column_138=14
Column_152=14
Column_187=14
Column_240=14
Column_262=14
Column_80=13
Column_103=13
Column_140=13
Column_144=13
Column_192=13
Column_209=13
Column_230=13
Column_285=13
Column_108=12
Column_190=12
Column_236=12
Column_247=12
Column_257=12
Column_317=12
Column_174=11
Column_178=11
Column_234=11
Column_256=11
Column_259=11
Column_323=11
Column_329=11
Column_62=10
Column_122=10
Column_134=10
Column_149=10
Column_253=10
Column_124=9
Column_113=8
Column_162=8
Column_169=8
Column_255=8
Column_105=7
Column_235=7
Column_251=7
Column_271=7
Column_49=6
Column_243=6
Column_21=2
Column_54=1
Column_55=1
Column_65=1

parameters:
[boosting: gbdt]
[objective: regression]
[metric: l2]
[tree_learner: serial]
[device_type: cpu]
[data_sample_strategy: bagging]
[data: ]
[valid: ]
[num_iterations: 300]
[learning_rate: 0.05]
[num_leaves: 31]
[num_threads: 4]
[seed: 42]
[deterministic: 1]
[force_col_wise: 1]
[force_row_wise: 0]
[histogram_pool_size: -1]
[max_depth: -1]
[min_data_in_leaf: 20]
[min_sum_hessian_in_leaf: 0.001]
[bagging_fraction: 1]
[pos_bagging_fraction: 1]
[neg_bagging_fraction: 1]
[bagging_freq: 0]
[bagging_seed: 400]
[bagging_by_query: 0]
[feature_fraction: 1]
[feature_fraction_bynode: 1]
[feature_fraction_seed: 30056]
[extra_trees: 0]
[extra_seed: 12879]
[early_stopping_round: 0]
[early_stopping_min_delta: 0]
[first_metric_only: 0]
[max_delta_step: 0]
[lambda_l1: 0]
[lambda_l2: 0]
[linear_lambda: 0]
[min_gain_to_split: 0]
[drop_rate: 0.1]
[max_drop: 50]
[skip_drop: 0.5]
[xgboost_dart_mode: 0]
[uniform_drop: 0]
[drop_seed: 17869]
[top_rate: 0.2]
[other_rate: 0.1]
[min_data_per_group: 100]
[max_cat_threshold: 32]
[cat_l2: 10]
[cat_smooth: 10]
[max_cat_to_onehot: 4]
[top_k: 20]
[monotone_constraints: ]
[monotone_constraints_method: basic]
[monotone_penalty: 0]
[feature_contri: ]
[forcedsplits_filename: ]
[refit_decay_rate: 0.9]
[cegb_tradeoff: 1]
[cegb_penalty_split: 0]
[cegb_penalty_feature_lazy: ]
[cegb_penalty_feature_coupled: ]
[path_smooth: 0]
[interaction_constraints: ]
[verbosity: -1]
[saved_feature_importance_type: 0]
[use_quantized_grad: 0]
[num_grad_quant_bins: 4]
[quant_train_renew_leaf: 0]
[stochastic_rounding: 1]
[linear_tree: 0]
[max_bin: 255]
[max_bin_by_feature: ]
[min_data_in_bin: 3]
[bin_construct_sample_cnt: 200000]
[data_random_seed: 175]
[is_enable_sparse: 1]
[enable_bundle: 1]
[use_missing: 1]
[zero_as_missing: 0]
[feature_pre_filter: 1]
[pre_partition: 0]
[two_round: 0]
[header: 0]
[label_column: ]
[weight_column: ]
[group_column: ]
[ignore_column: ]
[categorical_feature: ]
[forcedbins_filename: ]
[precise_float_parser: 0]
[parser_config_file: ]
[objective_seed: 16083]
[num_class: 1]
[is_unbalance: 0]
[scale_pos_weight: 1]
[sigmoid: 1]
[boost_from_average: 1]
[reg_sqrt: 0]
[alpha: 0.9]
[fair_c: 1]
[poisson_max_delta_step: 0.7]
[tweedie_variance_power: 1.5]
[lambdarank_truncation_level: 30]
[lambdarank_norm: 1]
[label_gain: ]
[lambdarank_position_bias_regularization: 0]
[eval_at: ]
[multi_error_top_k: 1]
[auc_mu_weights: ]
[num_machines: 1]
[local_listen_port: 12400]
[time_out: 120]
[machine_list_filename: ]
[machines: ]
[gpu_platform_id: -1]
[gpu_device_id: -1]
[gpu_device_id_list: ]
[gpu_use_dp: 0]
[num_gpu: 1]

end of parameters

pandas_categorical:null
