tree
version=v4
num_class=1
num_tree_per_iteration=1
label_index=0
max_feature_idx=336
objective=regression
feature_names=Column_0 Column_1 Column_2 Column_3 Column_4 Column_5 Column_6 Column_7 Column_8 Column_9 Column_10 Column_11 Column_12 Column_13 Column_14 Column_15 Column_16 Column_17 Column_18 Column_19 Column_20 Column_21 Column_22 Column_23 Column_24 Column_25 Column_26 Column_27 Column_28 Column_29 Column_30 Column_31 Column_32 Column_33 Column_34 Column_35 Column_36 Column_37 Column_38 Column_39 Column_40 Column_41 Column_42 Column_43 Column_44 Column_45 Column_46 Column_47 Column_48 Column_49 Column_50 Column_51 Column_52 Column_53 Column_54 Column_55 Column_56 Column_57 Column_58 Column_59 Column_60 Column_61 Column_62 Column_63 Column_64 Column_65 Column_66 Column_67 Column_68 Column_69 Column_70 Column_71 Column_72 Column_73 Column_74 Column_75 Column_76 Column_77 Column_78 Column_79 Column_80 Column_81 Column_82 Column_83 Column_84 Column_85 Column_86 Column_87 Column_88 Column_89 Column_90 Column_91 Column_92 Column_93 Column_94 Column_95 Column_96 Column_97 Column_98 Column_99 Column_100 Column_101 Column_102 Column_103 Column_104 Column_105 Column_106 Column_107 Column_108 Column_109 Column_110 Column_111 Column_112 Column_113 Column_114 Column_115 Column_116 Column_117 Column_118 Column_119 Column_120 Column_121 Column_122 Column_123 Column_124 Column_125 Column_126 Column_127 Column_128 Column_129 Column_130 Column_131 Column_132 Column_133 Column_134 Column_135 Column_136 Column_137 Column_138 Column_139 Column_140 Column_141 Column_142 Column_143 Column_144 Column_145 Column_146 Column_147 Column_148 Column_149 Column_150 Column_151 Column_152 Column_153 Column_154 Column_155 Column_156 Column_157 Column_158 Column_159 Column_160 Column_161 Column_162 Column_163 Column_164 Column_165 Column_166 Column_167 Column_168 Column_169 Column_170 Column_171 Column_172 Column_173 Column_174 Column_175 Column_176 Column_177 Column_178 Column_179 Column_180 Column_181 Column_182 Column_183 Column_184 Column_185 Column_186 Column_187 Column_188 Column_189 Column_190 Column_191 Column_192 Column_193 Column_194 Column_195 Column_196 Column_197 Column_198 Column_199 Column_200 Column_201 Column_202 Column_203 Column_204 Column_205 Column_206 Column_207 Column_208 Column_209 Column_210 Column_211 Column_212 Column_213 Column_214 Column_215 Column_216 Column_217 Column_218 Column_219 Column_220 Column_221 Column_222 Column_223 Column_224 Column_225 Column_226 Column_227 Column_228 Column_229 Column_230 Column_231 Column_232 Column_233 Column_234 Column_235 Column_236 Column_237 Column_238 Column_239 Column_240 Column_241 Column_242 Column_243 Column_244 Column_245 Column_246 Column_247 Column_248 Column_249 Column_250 Column_251 Column_252 Column_253 Column_254 Column_255 Column_256 Column_257 Column_258 Column_259 Column_260 Column_261 Column_262 Column_263 Column_264 Column_265 Column_266 Column_267 Column_268 Column_269 Column_270 Column_271 Column_272 Column_273 Column_274 Column_275 Column_276 Column_277 Column_278 Column_279 Column_280 Column_281 Column_282 Column_283 Column_284 Column_285 Column_286 Column_287 Column_288 Column_289 Column_290 Column_291 Column_292 Column_293 Column_294 Column_295 Column_296 Column_297 Column_298 Column_299 Column_300 Column_301 Column_302 Column_303 Column_304 Column_305 Column_306 Column_307 Column_308 Column_309 Column_310 Column_311 Column_312 Column_313 Column_314 Column_315 Column_316 Column_317 Column_318 Column_319 Column_320 Column_321 Column_322 Column_323 Column_324 Column_325 Column_326 Column_327 Column_328 Column_329 Column_330 Column_331 Column_332 Column_333 Column_334 Column_335 Column_336
feature_infos=[2.6390573296152584:11.151467672855061] [1.6094379124341003:9.2677598628436684] [0.69314718055994529:6.692083742506628] none [0.69314718055994529:7.2093402566029097] [0:6.7912214627261855] [0:0.70930232558139539] [0:0.87128712871287128] [0:0.89473684210526316] [0:0.36781609195402298] [0:0.59999999999999998] [1.076086956521739:6.3571428571428568] [0:1] [0:1] [0:1] [0.00018571428571428572:0.99521428571428572] [0.06964623588996019:1.2435523125873147] none none [3:94] [0:1] [0:1] none none none none none none none none none none none none none none none none none none none none none none none none none [0:2.7080502011022101] none [0:2.3978952727983707] [0:4.219507705176107] [0:3.2580965380214821] [0:3.912023005428146] [0:1.9459101490553132] [0:1.9459101490553132] [0:2.4849066497880004] [0:3.0910424533583161] none none none none [0:7.6463537224459994] [0:1.6094379124341003] [0:2.8332133440562162] none [0:2.1972245773362196] none [0:4.5643481914678361] [0:3.0910424533583161] [0:1.0986122886681098] none [0:2.4849066497880004] [0:2.7725887222397811] [0:1.6094379124341003] none none none [0:3.4011973816621555] none [0:0.69314718055994529] [0:1.6094379124341003] [-0.83718011123231773:-0.096126464043361434] [-0.48768947341389235:0.65292774413704657] [-0.47465585475165384:0.44308320932525574] [-0.5633914865669124:0.48659167805718295] [-0.46425387854847094:0.40480475189761039] [-0.50947907324942732:0.37720831011682493] [-0.64064944999282747:0.22381868527659973] [-0.36665502801998384:0.38434868017919682] [-0.2868233118747423:0.5660099507391505] [-0.53840450666518858:0.46777429984411401] [-0.39552677813117976:0.25710451740523815] [-0.38106001024828035:0.41888882966754265] [-0.68702685043348566:0.14644660200273663] [-0.41854130986994925:0.2712536966192825] [-0.38953509441468015:0.28052180390621495] [-0.71381912188145769:0.20389781296247814] [-0.26961497078111873:0.56828893082118437] [-0.57287956940492324:0.23088470673663225] [-0.21161347590589974:0.27159748376358933] [-0.24743244048901814:0.24978295209923609] [-0.26737125090496883:0.51503209900233349] [-0.27694347255475138:0.25335980387158741] [-0.27888111746340244:0.24598388548329761] [-0.24362891767062017:0.20936602224500767] [-0.17296369727773417:0.23382208252318945] [-0.25252572776984528:0.2507244858093946] [-0.26393804542164928:0.24024573894563947] [-0.18226181652875584:0.28203433453792076] [-0.26889675527464557:0.19252414270207688] [-0.24186993356330827:0.20585442307067126] [-0.2304815901224975:0.23195786540122046] [-0.20736991814750119:0.16522226111450369] [-0.35990674637440784:0.33025588550692564] [-0.11406060543001521:0.44862105959583909] [-0.15411617040777795:0.18477967799909653] [-0.16282139910569315:0.15986384057212674] [-0.21906647444211874:0.18251823701834738] [-0.25333871893487214:0.33827069278414357] [-0.28479668941699032:0.2502599760735475] [-0.24110872859270058:0.16795878455553614] [-0.16856034725961952:0.18072679352592472] [-0.16171896580087461:0.16843523415122155] [-0.19842551719403065:0.17800629399241766] [-0.3678877701850391:0.19798066235064399] [-0.22146471431919618:0.19638134497825016] [-0.23313289982233723:0.21059044956059603] [-0.19483256481867586:0.17927482717788448] [-0.20294134058433452:0.20768142757041047] [-0.1845309584276901:0.15029511642329771] [-0.13362430601749017:0.26231557500423586] [-0.24778944206793618:0.33322839646146879] [-0.14235461977476971:0.15005904666569886] [-0.21947296631454252:0.15020216914881768] [-0.22911431583211123:0.30066212628613181] [-0.2460366072028366:0.20895996091666391] [-0.19063629510096503:0.21162293557957981] [-0.20599408812757442:0.17633876662606263] [-0.23340582900372867:0.20088096246649556] [-0.28505342007403367:0.19137919299526054] [-0.18270320492440245:0.18932849492282128] [-0.19813797637881866:0.2063778455519005] [-0.17242671776818796:0.18764558110023999] [-0.15941406935317973:0.23748543014593884] [-0.29572835535836722:0.14310190147903151] [-0.19042316444043417:0.17843939977593171] [-0.23325105703864815:0.1819678721089443] [-0.16734325182526105:0.20562950144659906] [-0.18380853936758101:0.30168843457069255] [-0.1388325216566052:0.18755532088413088] [-0.1846647666411233:0.23504146677792026] [-0.17135313392730492:0.18083241820422782] [-0.14648585027260244:0.16224420367064665] [-0.22663775416636389:0.16275794739923438] [-0.15609958479664915:0.17724748656111936] [-0.16841227193605174:0.15758666390654094] [-0.13843599827652048:0.19762142041552605] [-0.17682979783167219:0.24703355548507105] [-0.13384972206396428:0.21413643077076544] [-0.13571910804974166:0.20436035480835615] [-0.17225228479171409:0.10482638720454188] [-0.25614624434432132:0.13742514969070183] [-0.15468421960406714:0.15336275013970133] [-0.14352966315557653:0.15349079028729967] [-0.14779021897368719:0.15289836828485134] [-0.17633287701762834:0.13015895065404595] [-0.13187331959104343:0.1387169462874889] [-0.13371685420710885:0.12417156557745984] [-0.12930332650344412:0.14985726061633417] [-0.20496075444712233:0.13364859415812316] [-0.27247174692434206:0.15168523566312239] [-0.1391290126691955:0.10833741970440472] [-0.18924864245028852:0.14530298956576343] [-0.14063993148864032:0.13331194807536156] [-0.18899693698528017:0.11220064445469906] [-0.15052233571678594:0.11352685174425238] [-0.155961046175568:0.10960664825555663] [-0.17003784584306547:0.19539754027129261] [-0.17360219559593937:0.14139704133577069] [-0.13338674171643275:0.16599792994218707] [-0.18894116914263329:0.28078958325401171] [-0.13502322115321092:0.11653621180497643] [-0.1101842551162406:0.19431945395372568] [-0.11957196781663734:0.13144134497620491] [-0.16161328534474914:0.14715815789871103] [-0.132709274418392:0.16959700475933931] [-0.26627542946400395:0.17617585900598567] [-0.12034222991595213:0.21148615559081702] [-0.22296158028680657:0.18911189037235948] [-0.1269989028780148:0.1721374326279734] [-0.15358952725024044:0.1946115839461168] [-0.14390945718834669:0.12935150779968146] [-0.14499538976441878:0.23492051972655126] [-0.16093554680653235:0.13338215203772338] [-0.12829888425840444:0.13090896100773092] [-0.12700676774331854:0.14113313565559271] [-0.12401818534264235:0.16990371568066073] [-0.13436897122834179:0.15945102644318554] [-0.21299078077598491:0.16282522867969712] [-0.17918598117542267:0.17395095100701918] [-0.14596247772993184:0.14495911333875039] [-0.19315253066119253:0.10275897540829478] [-0.16265433849942834:0.20942567168730389] [-0.12730478377072191:0.14594409823810506] [-0.189010911509679:0.14993132914545468] [-0.15164302346234335:0.14488773810952435] [-0.14261574877139616:0.15223572980981076] [-0.18858389607841622:0.16968776814090789] [-0.12736251894781231:0.14364145765130942] [-0.016591501578839939:0.89352733093374903] [-0.73764436538032474:0.025504154146733411] [-0.26080794133088187:0.74458704616705196] [-0.24695489922389896:0.65511200728171481] [-0.4312982103783411:0.39504610365154164] [-0.14877649010973418:0.44951258096508157] [-0.16216456683975169:0.6967115555494664] [-0.61747928246984074:0.24482180563233999] [-0.33945036493120667:0.40972419291029982] [-0.35493429560288381:0.47285551191571101] [-0.13609676841870688:0.36983873977796028] [-0.31089308293396134:0.3374490523721107] [-0.16974723959573484:0.38321333064413016] [-0.70407974924786587:0.27008321191640705] [-0.18511560505461702:0.45969130065952363] [-0.27300774021692736:0.51375964820720788] [-0.25282963091957877:0.2920512300771349] [-0.33815651665825225:0.36679480755197341] [-0.24745747812034671:0.38768984357788483] [-0.35114005682997068:0.25709768435093511] [-0.38529733634886831:0.16112857809962625] [-0.30458481258427117:0.33857957959557849] [-0.31587303388611188:0.24497880602649727] [-0.21815828614530924:0.53972658007878094] [-0.1846893341334794:0.2784441724000154] [-0.32441828446256205:0.27479583535629531] [-0.33316919452077565:0.19843001905089777] [-0.19171312500438425:0.29515253121067436] [-0.1840208293823368:0.23052258030116624] [-0.19881297035746576:0.29509533687199241] [-0.30087802510302647:0.30873907563854786] [-0.37775450104114616:0.24985339812341431] [-0.228393129611626:0.30364171552494695] [-0.36259936920885388:0.16201611672426772] [-0.22538528542026406:0.31544097284873873] [-0.34134536756050571:0.19413214832899295] [-0.2101405099833937:0.21786317297567043] [-0.27167621660915958:0.16635083887157628] [-0.19863112137296116:0.2524129589831321] [-0.24487900021726222:0.25036574218396607] [-0.29179544674325519:0.28582430504305634] [-0.1910586059560522:0.19731847749444084] [-0.15336505935819919:0.25343435710083462] [-0.26768677447831624:0.22107907703986421] [-0.26745193050204719:0.20902123127108313] [-0.20786687162555006:0.21189369435341934] [-0.19435436382794838:0.19758108259870499] [-0.23006775926384393:0.20361242831908885] [-0.27338631875387487:0.22245808929328537] [-0.2182272519734012:0.20159869688016901] [-0.22122289509430521:0.20020563725571355] [-0.18121765262294828:0.16442142911026797] [-0.24854497273237783:0.17936704284353991] [-0.20721197224122934:0.2264353087596683] [-0.1530393356973456:0.16589787562041025] [-0.17730942912055137:0.28523414046661794] [-0.21299637240901251:0.20178101703142332] [-0.18502759439204472:0.1387218863345068] [-0.25216821407071133:0.20640411457753513] [-0.21786579118427352:0.19324722634790978] [-0.17802072505294458:0.18324506779129149] [-0.24461582278445609:0.1869403866397204] [-0.18627190960544454:0.23297303867731223] [-0.16221631924744742:0.26538806055265207] [-0.18132214554291068:0.19950094362197712] [-0.20912553317539662:0.18354015739756699] [-0.17107109994479286:0.14922905413970011] [-0.16404055058029349:0.14447947763238272] [-0.17874270773981329:0.18766154035764226] [-0.17519843566460624:0.17070650543376992] [-0.20197439652984486:0.17531071535693302] [-0.20241381550538856:0.14064084567756302] [-0.2561301079141633:0.15807903235117648] [-0.14840357822061973:0.17297430959080906] [-0.13835525213092181:0.19618136517746992] [-0.19512561736738021:0.20540135401378035] [-0.17107367382501129:0.2273498684204007] [-0.13182548397759647:0.1752061169390533] [-0.15574483407469811:0.15208191831281925] [-0.1663561994865779:0.25607779897261085] [-0.14719215426367602:0.17265139705651017] [-0.1625022941068581:0.15934761549299467] [-0.13004280951383621:0.16438062717549487] [-0.1593020884014133:0.15050714058530276] [-0.13650624332802344:0.18717363207036528] [-0.13941415532467613:0.16826507315380418] [-0.16956432882570385:0.18631803943307768] [-0.14321477796401941:0.16938483205060428] [-0.16404630786663413:0.20131530470662748] [-0.18440926213337422:0.19672748010946531] [-0.24331609771608786:0.18915320190153556] [-0.20241566073327266:0.16023224287981369] [-0.16600279269802293:0.16106334562921412] [-0.18676346265338006:0.19981830321958802] [-0.17618186918144246:0.1769484055803752] [-0.16718337229836486:0.15126135319165335] [-0.20807145053181469:0.16550183106459401] [-0.14717851914383279:0.15128045656377573] [-0.25215045997629387:0.1248082220239673] [-0.14823780312436752:0.1926312589870077] [-0.17207387336020735:0.15450345045308397] [-0.15638800699923019:0.19040279931735274] [-0.12544984088798714:0.18602801288599374] [-0.21480851843480336:0.1937449010648554] [-0.13116201892714799:0.17430017729887956] [-0.13866733650282459:0.1905033109028296] [-0.13176251472463127:0.15093889223749832] [-0.12268203586196218:0.14035086449181336] [-0.16476769628671578:0.1610839554016181] [-0.13124328010193378:0.1713688191520138] [-0.11564627247004036:0.15102156308156542] [-0.13347845440916389:0.13353204918616593] [-0.20573416741608494:0.14313624692473129] [-0.26752995325199186:0.12231797972318484] [-0.11400244959141995:0.16213494402172032] [-0.14643287692090126:0.14583300267128471] [-0.15587851621681523:0.14893766517477466] [-0.17388264841231463:0.12198916151675203] [-0.20385907142143556:0.17409956014041039] [-0.1331005057011386:0.1768934106600322] [-0.17077358220527158:0.12197748455433617] [-0.13430499128785603:0.13942766698836478] [-0.1781347365260334:0.17819186947007867] [-0.12634533068640993:0.15150015471178335] [-0.12730529547159963:0.12929718226744077] [-0.12514459118577889:0.19883086368104927] [-0.11181800634676768:0.12666304765376121] [-0.14293758496770664:0.13185611849321024]
tree_sizes=2678 2855 2857 2857 2865 2865 2835 2847 2869 2879 2859 2861 2865 2850 2879 2863 2852 2859 2872 2850 2880 2873 2877 2885 2892 2868 2883 2868 2899 2885 2887 2890 2880 2889 2912 2889 2912 2882 2893 2891 2903 2887 2923 2914 2914 2899 2920 2921 2898 2913 2919 2920 2907 2915 2914 2919 2913 2905 2908 2901 2929 2919 2930 2911 2933 2919 2916 2919 2930 2926 2922 2932 2929 2920 2923 2914 2927 2936 2915 2931 2950 2921 2940 2931 2911 2933 2939 2919 2961 2936 2937 2947 2952 2958 2937 2939 2958 2937 2959 2963 2962 2970 2938 2959 2949 2950 2967 2982 2975 2962 2976 2975 2979 2976 2928 2977 2969 2967 2971 2967 2979 2978 2958 2987 2973 2972 2968 2955 2963 2982 2978 2959 2977 2977 2971 2958 2961 2983 2990 2964 2963 2974 2975 2991 2994 2990 2973 2988 2976 2985 2967 2980 2982 2973 2976 2984 2976 2981 2983 2977 2989 2991 2965 2998 2984 2979 2972 3002 2974 2984 2971 2976 2999 2981 2975 2969 2987 2964 2979 2987 2972 2973 2972 2982 2986 3003 2999 2986 2976 2982 2999 2967 2999 2977 2977 2984 2973 2983 2975 2984 2991 2995 2990 2977 2986 2983 2989 2964 2989 2984 2985 2964 2978 2998 2985 2982 2990 3005 2987 2975 2989 2988 3003 2993 2977 3001 2991 2989 2997 2996 3015 3004 2997 2996 3000 2985 2993 3005 3001 3022 3039 3003 3009 3003 3012 3014 3006 3006 3031 3009 3002 3008 3014 3014 2990 3005 3030 3030 3022 3028 3008 3025 3029 3019 3029 3024 3025 3013 3014 3029 3031 3020 3023 3012 3046 3031 3021 3028 3034 3009 3012 3024 3001 3017 3051 3032 3033 3010 3025 3001 3031 3016 3040 3020 3017 3035 3028 3037 3028 3016

Tree=0
num_leaves=31
num_cat=0
split_feature=62 96 142 7 86 9 278 9 132 91 11 212 212 167 218 145 119 1 147 283 19 214 0 214 246 317 110 129 235 313
split_gain=665.277 91.8271 68.0982 65.3062 45.5497 32.466 24.1511 21.8737 18.8702 18.2498 23.913 18.0918 12.6457 12.4547 12.1594 16.3815 12.4113 11.6973 10.9001 11.173 10.4509 10.4121 10.2132 9.47305 8.82302 7.79785 7.67153 7.58862 7.4747 7.78993
threshold=0.89587973461402759 0.064516756529473571 -0.0090821887783690027 0.71253283510513477 -0.12313770214709516 0.014260294865277074 0.032314617139495717 0.029745102169791451 0.0027047050799791764 0.033144044568656369 3.9919309291481695 0.13547879679992417 -0.0035297371655260428 -0.04224408606698541 0.024933854367849305 -0.0025231389442404452 0.0025624787281910556 3.8393944990995772 0.014815665963273628 0.030075165261545085 33.045454545454554 0.022343158211346505 10.916273326314245 0.09719698472287501 0.022715592772936926 -0.0040375076590091156 0.020061251039741702 0.060443498240054926 0.072382665159137285 0.014280987960230565
decision_type=2 2 2 2 2 2 2 2 2 2 2 2 2 2 2 2 2 2 2 2 2 2 2 2 2 2 2 2 2 2
left_child=1 4 -3 13 7 6 18 -1 -4 10 11 12 -7 -2 24 16 -16 -8 19 20 25 -20 23 -14 27 -6 -25 -11 -5 -30
right_child=3 2 8 28 5 9 17 -9 -10 14 -12 -13 22 -15 15 -17 -18 -19 21 -21 -22 -23 -24 26 -26 -27 -28 -29 29 -31
leaf_value=7.5207709077693776 7.4329277349889953 7.47994322322121 7.5489599963456584 7.4396254106114243 7.4642782312136511 7.4850245369564403 7.4412800788788216 7.4790215589261804 7.6079685253988609 7.4682371401457992 7.5164283939530492 7.4963589163881368 7.441635168056302 7.4043121000783678 7.5453802799989438 7.4790339201191136 7.4927459036294382 7.4850420039680872 7.5061938634590506 7.5141592090489802 7.5177177044901651 7.5487603376399379 7.4869617859399025 7.4515431642667282 7.4926152352020976 7.4913190706984452 7.481127359203505 7.5002290187476124 7.4461838866736398 7.4858894725092302
leaf_weight=124 44 34 42 118 42 40 26 42 20 158 23 37 116 280 24 49 21 37 51 56 24 20 22 56 73 73 36 21 30 21
leaf_count=124 44 34 42 118 42 40 26 42 20 158 23 37 116 280 24 49 21 37 51 56 24 20 22 56 73 73 36 21 30 21
internal_value=7.47062 7.4898 7.53681 7.42134 7.48594 7.48194 7.49482 7.51021 7.568 7.47567 7.46725 7.46357 7.45908 7.4082 7.48369 7.49904 7.52082 7.46698 7.50141 7.4953 7.48771 7.51818 7.45456 7.45114 7.47797 7.48144 7.46312 7.47199 7.44654 7.46253
internal_weight=1760 1267 96 493 1171 1005 329 166 62 676 330 307 270 324 346 94 45 63 266 195 139 71 230 208 252 115 92 179 169 51
internal_count=1760 1267 96 493 1171 1005 329 166 62 676 330 307 270 324 346 94 45 63 266 195 139 71 230 208 252 115 92 179 169 51
is_linear=0
shrinkage=1


Tree=1
num_leaves=31
num_cat=0
split_feature=62 96 222 209 86 9 95 278 143 110 91 252 178 324 283 1 217 213 313 90 167 102 295 254 304 211 209 119 283 220
split_gain=600.413 82.8739 63.6393 58.948 41.3124 28.8063 26.6234 23.4651 21.0064 15.7077 15.0174 13.7083 13.6129 11.8 12.34 11.6741 14.0889 12.4807 11.5427 11.1272 10.8443 10.7113 10.431 10.1968 9.51183 8.59767 8.79592 8.49981 8.26044 8.16314
threshold=0.89587973461402759 0.064516756529473571 0.0052825395102696947 0.13024460191825057 -0.066621909152058637 0.01371744693662502 -0.016776364021963509 0.032314617139495717 0.00028582329925471068 0.049730421292115141 0.031048992854257489 -0.00085057396840865207 -0.010008623342691311 0.0028266215685299871 0.0081480353217877506 8.969795909612353 -0.062155318057147212 0.045139477934702694 -0.013211402290869598 -0.027446285071365741 -0.04224408606698541 0.016795363786141451 0.018157646409452666 0.0041146493205009285 -0.018526889946203547 -0.17712915921052338 0.34152230571746406 0.015163888851489293 -0.00038131864933621675 -0.036225855915837026
decision_type=2 2 2 2 2 2 2 2 2 2 2 2 2 2 2 2 2 2 2 2 2 2 2 2 2 2 2 2 2 2
left_child=1 4 8 20 6 7 12 13 -3 10 15 -4 -1 24 -15 16 27 -18 -11 -14 -2 25 29 -8 -6 -12 -27 -7 -9 -23
right_child=3 2 11 -5 5 9 23 28 -10 18 21 -13 19 14 -16 -17 17 -19 -20 -21 -22 22 -24 -25 -26 26 -28 -29 -30 -31
leaf_value=0.019657888645823633 -0.035914279760585893 0.00030721824732609098 0.079225978390737029 -0.021758446071240004 0.066637226925896742 0.028384876747926075 0.0009847902214435275 -0.022435829105476538 0.065628981180489071 -0.0037250223103910685 -0.024512533138373069 0.13504288359121844 0.077706327577752463 0.0034845074974611161 0.038224593974419727 0.017041760042775422 -0.0039038485270880517 -0.032664920307418452 0.038598392934215318 0.043294951744070373 -0.062301173567720351 -0.013416227928939321 0.052830296073807403 0.029492636385627768 0.032884230419266518 -0.0073260348316592479 0.015688026717974132 -0.013482857783409683 0.017678722282428116 0.023959776328410953
leaf_weight=45 45 32 22 159 28 27 73 33 20 24 28 22 31 61 44 36 63 94 49 97 289 21 21 55 82 75 93 22 21 48
leaf_count=45 45 32 22 159 28 27 73 33 20 24 28 22 31 61 44 36 63 94 49 97 289 21 21 55 82 75 93 22 21 48
internal_value=-1.43153e-10 0.0182169 0.0628784 -0.046817 0.0145555 0.00903144 0.0305219 0.0226307 0.025431 0.00294458 -6.10325e-05 0.107134 0.0433128 0.0300316 0.0180423 -0.00922799 -0.0138188 -0.0211239 0.0246838 0.051629 -0.0587461 0.00769562 0.0219752 0.0132343 0.0414759 0.00113869 0.00541389 0.00958712 -0.00683573 0.0125845
internal_weight=1760 1267 96 493 1171 870 301 269 52 601 528 44 173 215 105 242 206 157 73 128 334 286 90 128 110 196 168 49 54 69
internal_count=1760 1267 96 493 1171 870 301 269 52 601 528 44 173 215 105 242 206 157 73 128 334 286 90 128 110 196 168 49 54 69
is_linear=0
shrinkage=0.05


Tree=2
num_leaves=31
num_cat=0
split_feature=62 96 222 7 86 9 280 143 9 91 112 86 0 252 105 90 157 233 260 167 325 324 130 198 313 194 269 148 133 239
split_gain=541.872 74.9023 60.8876 53.5676 37.7335 27.2304 20.6962 18.6872 18.559 14.6809 20.9695 13.39 12.9786 12.323 11.2332 14.6596 10.8269 10.8293 11.9315 10.4503 10.0932 9.99786 9.59071 10.7071 9.61254 9.40649 9.25502 9.75868 9.1935 9.09096
threshold=0.89587973461402759 0.061426263748552402 0.0052825395102696947 0.71253283510513477 -0.12313770214709516 0.014260294865277074 0.018425644841533546 0.00028582329925471068 0.029745102169791451 0.033144044568656369 0.070339969696290874 0.13870922797631044 4.5271940351011493 -0.00085057396840865207 0.0137171096082292 -0.025535264221440993 -0.026514503976618687 -0.0085186350165261555 0.017715623295705172 -0.027236747794977912 -0.016488555042517141 0.0050883226571958005 0.030521250107050694 0.0041231850973297256 0.0061484722718292495 0.0012803210904644752 0.02952403318574277 0.0021950666771647213 -0.0054431041931739454 -0.011854653551797345
decision_type=2 2 2 2 2 2 2 2 2 2 2 2 2 2 2 2 2 2 2 2 2 2 2 2 2 2 2 2 2 2
left_child=1 4 7 19 8 6 16 -3 -1 10 11 22 -8 -4 15 -11 -6 18 -18 -2 -16 -14 23 25 -25 28 27 29 -7 -17
right_child=3 2 13 -5 5 9 12 -9 -10 14 -12 -13 21 -15 20 26 17 -19 -20 -21 -22 -23 -24 24 -26 -27 -28 -29 -30 -31
leaf_value=0.045576144357572401 -0.038792494195165922 -0.0001956872246933706 0.075264677811752667 -0.02165554925322687 0.051006648689508438 0.026113211713505516 -0.032114031868563458 0.060139703191816808 0.0071200357428530155 0.053611045230466586 0.035279567893303464 -0.025113190841884948 0.034901319124868942 0.12760770865108656 0.019743514685641703 -0.034320226622124514 0.024688385175088319 0.011948436581760005 0.062673532185626449 -0.06096440145187805 -0.010639959106025878 -0.0044740448068631327 -0.027794326045389835 0.0043466048827394844 0.043869234144687658 -0.020229852042193044 0.03867197533047969 0.01735932552964765 -0.010672062290832401 0.0080175716080702845
leaf_weight=124 67 33 22 169 47 33 22 21 42 26 32 78 28 23 41 21 72 93 29 257 82 38 29 40 25 58 31 110 35 32
leaf_count=124 67 33 22 169 47 33 22 21 42 26 32 78 28 23 41 21 72 93 29 257 82 38 29 40 25 58 31 110 35 32
internal_value=-8.12691e-11 0.017306 0.0590634 -0.0444761 0.0137667 0.0101088 0.0218977 0.0232681 0.0358463 0.00434569 -0.00318315 -0.00731338 0.00114448 0.102018 0.0115892 0.0183549 0.0294756 0.0242593 0.035595 -0.0563795 -0.000512135 0.0122307 -0.00100254 0.00306533 0.0195476 -0.00543744 0.0136299 0.00886726 0.00717961 -0.00875778
internal_weight=1760 1267 99 493 1168 1002 329 54 166 673 330 298 88 45 343 220 241 194 101 324 123 66 220 191 65 126 194 163 68 53
internal_count=1760 1267 99 493 1168 1002 329 54 166 673 330 298 88 45 343 220 241 194 101 324 123 66 220 191 65 126 194 163 68 53
is_linear=0
shrinkage=0.05


Tree=3
num_leaves=31
num_cat=0
split_feature=62 96 222 7 86 9 95 278 143 110 91 178 252 137 0 103 324 283 19 85 170 102 295 164 130 164 167 290 254 200
split_gain=489.04 67.6319 51.7779 48.3448 34.5692 23.4292 22.5181 20.0573 17.1598 13.2061 12.2108 11.5532 11.1807 10.379 10.3614 11.6796 10.1327 10.7382 9.94736 9.7855 9.28444 9.27973 9.45632 8.31598 10.4984 8.30307 8.2611 7.79649 7.76953 7.66423
threshold=0.89587973461402759 0.064516756529473571 0.0052825395102696947 0.71253283510513477 -0.066621909152058637 0.01371744693662502 -0.016776364021963509 0.032314617139495717 0.00028582329925471068 0.049730421292115141 0.031048992854257489 -0.010008623342691311 -0.00085057396840865207 0.0077028984641502769 10.968067845939002 -0.072536675118009777 0.0028266215685299871 0.0081480353217877506 10.114379084967322 -0.12047374369946476 0.0020313425333246863 0.016795363786141451 0.011357087109974738 0.035221244452557691 0.013692400095769814 0.0010005245846624519 -0.04224408606698541 -0.025935181778022794 -0.011121925475110584 -0.02069878951373565
decision_type=2 2 2 2 2 2 2 2 2 2 2 2 2 2 2 2 2 2 2 2 2 2 2 2 2 2 2 2 2 2
left_child=1 4 8 18 6 7 11 16 -3 10 14 -1 -4 25 15 -7 23 -18 -2 -13 28 29 -23 24 -6 -11 -20 -17 -8 -12
right_child=3 2 12 -5 5 9 20 -9 -10 13 21 19 -14 -15 -16 27 17 -19 26 -21 -22 22 -24 -25 -26 -27 -28 -29 -30 -31
leaf_value=0.017709911674675016 -0.064833696113258107 0.00030164167983457449 0.071501443331891845 -0.02057277145547539 0.016628370721502087 0.018373510996648943 0.0036955126461439901 -0.0068983088290594796 0.059340547423344103 0.015973035253894829 0.023536596097795653 0.040015303488765468 0.12191035557876935 -0.0028245742732766442 0.02349353945085212 0.011096624284982683 0.0024967496023803465 0.03490381523628127 -0.021545645434941568 0.073901584523695482 -0.0029543053824454546 0.0092285103064158099 0.044237322080880409 0.066093839775948293 0.051472058368695756 0.058013631727384489 -0.050808111137185974 -0.019943089216637115 0.037698156537399413 -0.0035596750007772988
leaf_weight=45 122 32 22 169 52 28 28 54 20 24 31 101 22 26 23 23 61 44 28 27 58 62 28 21 37 23 174 168 42 165
leaf_count=45 122 32 22 169 52 28 28 54 20 24 31 101 22 26 23 23 61 44 28 27 58 62 28 21 37 23 174 168 42 165
internal_value=1.73811e-10 0.0164407 0.0567867 -0.0422523 0.0131331 0.00807999 0.0277385 0.0203445 0.0230089 0.00259055 -0.000165353 0.0395019 0.0967059 0.0225237 -0.00843143 -0.0117843 0.0271869 0.0160769 -0.0535605 0.0471632 0.0118394 0.00682902 0.0201201 0.0377919 0.0311139 0.0365461 -0.0467519 -0.0162053 0.0240971 0.00072596
internal_weight=1760 1267 96 493 1171 870 301 269 52 601 528 173 44 73 242 219 215 105 324 128 128 286 90 110 89 47 202 191 70 196
internal_count=1760 1267 96 493 1171 870 301 269 52 601 528 173 44 73 242 219 215 105 324 128 128 286 90 110 89 47 202 191 70 196
is_linear=0
shrinkage=0.05


Tree=4
num_leaves=31
num_cat=0
split_feature=62 96 142 209 86 9 95 278 132 88 91 212 178 324 280 190 90 19 276 167 101 294 170 218 211 97 106 195 264 181
split_gain=441.359 61.0978 50.0325 43.9337 31.4717 21.5057 20.3226 18.1084 14.0773 11.4698 12.5468 13.5441 10.4268 9.33869 10.3454 10.7047 9.11927 8.62723 8.56899 8.48539 8.42222 9.68128 8.37921 8.33218 8.30159 10.1787 7.87678 8.45134 7.62661 7.5463
threshold=0.89587973461402759 0.061426263748552402 -0.0090821887783690027 0.13024460191825057 -0.066621909152058637 0.01371744693662502 -0.016776364021963509 0.030379655298691799 0.0027047050799791764 -0.2183969072777541 0.031048992854257489 0.13547879679992417 -0.010008623342691311 -0.027824697069907329 0.019825107910031881 0.0053083430818112445 -0.029619252088420207 10.451388888888891 0.013352573163991991 -0.04224408606698541 0.011454273835083456 0.021487719999994919 0.0020313425333246863 0.024933854367849305 -0.17712915921052338 -0.043780663295654894 -0.022601766388676701 0.0010300989478748506 0.0082533553716084007 -0.0051733414330094049
decision_type=2 2 2 2 2 2 2 2 2 2 2 2 2 2 2 2 2 2 2 2 2 2 2 2 2 2 2 2 2 2
left_child=1 4 -3 17 6 7 12 13 -4 -7 11 20 -1 -6 15 18 -14 -2 -15 -19 21 29 -8 24 -12 -26 -25 -28 -27 -11
right_child=3 2 8 -5 5 9 22 -9 -10 10 23 -13 16 14 -16 -17 -18 19 -20 -21 -22 -23 -24 26 25 28 27 -29 -30 -31
leaf_value=0.016824416116966556 -0.059668697564565165 0.0063106853980571037 0.063489206352581581 -0.018506549013801995 0.048382660543153946 0.029268137035841076 0.0228922441508621 -0.0062620628738394857 0.1136270566000825 0.00049920754209466158 -0.018045520496089013 0.024465896430072086 0.071894071459770212 0.054193536547774625 -0.0020505729572553384 0.011534053079230944 0.038230022983354275 -0.016904574116835228 0.020772784501861999 -0.047649552692977215 -0.029484245825845464 0.016537992757124208 -0.0028065900679613495 -0.0016013656121989092 -0.0099090338829660521 0.025759186359613929 0.013495993814789331 0.054641791537869723 0.0016223229231157651 -0.023112408860010633
leaf_weight=45 144 36 42 159 38 37 70 55 21 61 40 29 25 44 38 60 103 26 34 164 52 36 58 24 61 72 26 24 60 76
leaf_count=45 144 36 42 159 38 37 70 55 21 61 40 29 25 44 38 60 103 26 34 164 52 36 58 24 61 72 26 24 60 76
internal_value=-6.9239e-11 0.0156187 0.0533323 -0.0401397 0.0124221 0.00758612 0.0263516 0.0193273 0.0802018 0.00230455 0.000526206 -0.00769446 0.0375268 0.025904 0.0210506 0.0274118 0.044805 -0.0504381 0.0396255 -0.0434423 -0.0118396 -0.00653597 0.0112475 0.00732767 0.00268553 0.00698212 0.0219441 0.033246 0.0147879 -0.0125992
internal_weight=1760 1267 99 493 1168 867 301 269 63 598 561 254 173 214 176 138 128 334 78 190 225 173 128 307 233 193 74 50 132 137
internal_count=1760 1267 99 493 1168 867 301 269 63 598 561 254 173 214 176 138 128 334 78 190 225 173 128 307 233 193 74 50 132 137
is_linear=0
shrinkage=0.05


Tree=5
num_leaves=31
num_cat=0
split_feature=62 96 222 209 86 9 9 98 278 143 281 164 257 89 252 103 19 285 209 1 239 324 283 203 162 304 196 19 167 181
split_gain=398.326 55.1408 46.4339 39.652 28.4032 19.4089 18.9141 16.6677 16.3561 14.0836 10.8998 16.4989 10.3182 10.057 9.42187 9.33964 9.15958 12.1725 10.0167 8.86991 8.70934 8.5924 9.5128 8.50083 8.39396 7.93549 7.83581 7.82181 8.47082 7.33269
threshold=0.89587973461402759 0.061426263748552402 0.0052825395102696947 0.13881896773654592 -0.066621909152058637 0.01371744693662502 0.029745102169791451 0.0342146861479432 0.032314617139495717 0.00028582329925471068 -0.036410600201757008 -0.0046659048185243518 -0.00089593544764027678 -0.048727571356539955 -0.00085057396840865207 -0.069952801939488246 5.4807692307692317 -0.018279575739544984 0.73428680665578694 3.3497501700808394 0.00072224876475690091 0.0028266215685299871 0.0081480353217877506 0.0069312639213307096 -0.0089418632250811442 -0.018526889946203547 -0.0012532488286252487 10.52777777777778 -0.04224408606698541 -0.0017613840287646692
decision_type=2 2 2 2 2 2 2 2 2 2 2 2 2 2 2 2 2 2 2 2 2 2 2 2 2 2 2 2 2 2
left_child=1 4 9 27 6 8 7 23 21 -3 11 -7 15 -13 -4 -12 -14 29 24 -17 -20 25 -23 -1 -19 -6 -25 -2 -29 -18
right_child=3 2 14 -5 5 10 -8 -9 -10 -11 12 13 16 -15 -16 19 17 18 20 -21 -22 22 -24 26 -26 -27 -28 28 -30 -31
leaf_value=0.042086531295765034 -0.056372123159118152 -0.00096321520818905401 0.064783915741877127 -0.017388422688125234 0.057287626826603502 -0.0053690567850432497 0.0034682720152073004 -0.0080115602230248252 -0.0062402905728150583 0.051415809953496573 0.014053486917345299 0.063165437200805183 -0.023700720020993191 0.019555777368637232 0.11055271314538045 -0.032981059290468698 0.047939953673630957 0.034502453949036345 -0.036806354433298112 -0.0070150577274428029 0.0074610373249743142 0.0015272553078830243 0.032029211041200066 0.038982970919460062 0.0021756402823523108 0.026458068457204942 -0.0047469964871803922 -0.013926669090986252 -0.045196539320534579 0.012640507567313412
leaf_weight=161 149 33 22 157 28 47 76 23 54 21 42 20 22 39 23 40 28 28 25 185 20 61 44 20 71 82 21 25 162 31
leaf_count=161 149 33 22 157 28 47 76 23 54 21 42 20 22 39 23 40 28 28 25 185 20 61 44 20 71 82 21 25 162 31
internal_value=1.38111e-10 0.0148378 0.0506657 -0.0381327 0.011801 0.00720681 0.025034 0.0323184 0.0183609 0.0194064 0.00218933 0.0167324 -0.000943947 0.0343387 0.0881769 -0.00759094 0.00694382 0.0102649 0.00242779 -0.0116312 -0.017132 0.0245398 0.014309 0.0369104 0.0113186 0.0343056 0.0165847 -0.0478258 -0.0410161 0.0293928
internal_weight=1760 1267 99 493 1168 867 301 225 269 54 598 106 492 59 45 267 225 203 144 225 45 215 105 202 99 110 41 336 187 59
internal_count=1760 1267 99 493 1168 867 301 225 269 54 598 106 492 59 45 267 225 203 144 225 45 215 105 202 99 110 41 336 187 59
is_linear=0
shrinkage=0.05


Tree=6
num_leaves=31
num_cat=0
split_feature=62 96 222 7 86 9 9 98 278 143 110 95 91 1 217 251 176 254 90 109 219 0 102 271 185 295 172 252 1 119
split_gain=359.489 49.8511 39.3416 36.0784 25.4272 17.2397 17.0699 15.0426 14.7688 12.9404 10.9822 9.65414 9.61161 9.35041 10.6981 9.92533 9.2931 8.27964 8.80322 8.61933 8.18122 7.93921 7.89833 7.82079 8.60578 7.77795 7.64781 7.48251 7.20839 7.0153
threshold=0.89587973461402759 0.064516756529473571 0.0052825395102696947 0.71253283510513477 -0.066621909152058637 0.01371744693662502 0.029745102169791451 0.0342146861479432 0.030379655298691799 0.00028582329925471068 0.049730421292115141 -0.017914405471311911 0.031048992854257489 8.969795909612353 -0.062155318057147212 0.045801001688294977 0.00026268310496587008 -0.011121925475110584 -0.029619252088420207 -0.01646582846000012 -0.056502026145256519 5.763621242782512 0.016795363786141451 -0.022013082096103035 0.0020466149248343272 0.018157646409452666 0.0066717132482834946 0.04720018184443061 3.8393944990995772 0.015163888851489293
decision_type=2 2 2 2 2 2 2 2 2 2 2 2 2 2 2 2 2 2 2 2 2 2 2 2 2 2 2 2 2 2
left_child=1 4 9 21 6 8 7 17 20 -3 12 -12 13 14 29 -16 -4 19 -19 -1 -6 -2 -14 -22 26 -24 -25 -26 -10 -7
right_child=3 2 16 -5 5 10 -8 -9 28 -11 11 -13 22 -15 15 -17 -18 18 -20 -21 23 -23 25 24 27 -27 -28 -29 -30 -31
leaf_value=-0.0050818164256357014 -0.054911549917772307 -0.00042752118315547705 0.10450759480396908 -0.017497741950664825 -0.0070657065138220792 0.025731341285562079 0.0032948583407376554 -0.0076109819114208227 -0.029612338400911542 0.050841622725129133 0.04344213898543136 0.0060480576795008453 0.00027535804678039739 0.015877024472380676 -0.026076303667754736 0.001725767687894404 0.058359270840883264 0.067205961697317407 0.0357327646075895 0.032390199739714728 0.011697548856103763 -0.039124680213284135 0.010058894378902472 0.06482724189277618 0.013240933114368664 0.044811677418294407 0.027658166587352751 0.04878658523783088 0.0080165676067450228 -0.012304942021993073
leaf_weight=21 141 32 24 169 20 27 76 23 20 20 28 45 196 36 112 45 20 29 95 57 61 183 69 31 57 21 25 20 35 22
leaf_count=21 141 32 24 169 20 27 76 23 20 20 28 45 196 36 112 45 20 29 95 57 61 183 69 31 57 21 25 20 35 22
internal_value=-4.98734e-12 0.0140959 0.0487346 -0.0362261 0.0112561 0.00692239 0.0237823 0.0307025 0.0174429 0.0192914 0.00221355 0.020391 -0.000299615 -0.00763337 -0.011742 -0.0181076 0.0835311 0.0350649 0.0430934 0.0223016 0.0233822 -0.0459949 0.00590587 0.0265212 0.03332 0.0181679 0.0482339 0.0224736 -0.00566667 0.00865383
internal_weight=1760 1267 96 493 1171 870 301 225 269 52 601 73 528 242 206 157 44 202 124 78 214 324 286 194 133 90 56 77 55 49
internal_count=1760 1267 96 493 1171 870 301 225 269 52 601 73 528 242 206 157 44 202 124 78 214 324 286 194 133 90 56 77 55 49
is_linear=0
shrinkage=0.05


Tree=7
num_leaves=31
num_cat=0
split_feature=62 96 222 7 86 9 280 215 143 281 164 89 0 102 105 83 223 277 262 260 323 95 226 242 9 192 5 167 8 83
split_gain=324.439 45.0111 37.9604 32.5608 23.3412 16.6683 15.3365 13.9071 11.5007 11.0831 17.8494 12.2793 10.5172 10.2861 10.3203 11.7841 9.85308 8.54348 11.7833 11.4359 11.1498 8.1676 8.53298 8.95578 8.30544 9.31591 8.03047 7.83097 7.59643 7.77416
threshold=0.89587973461402759 0.061426263748552402 0.0052825395102696947 0.71253283510513477 -0.12313770214709516 0.014260294865277074 0.018425644841533546 -0.0042393882329574408 0.00028582329925471068 -0.037814295864291504 -0.0080446173246266645 -0.070373580515096679 4.5271940351011493 0.016795363786141451 0.029143772440939176 0.087546559433035728 0.041724289022605381 0.0041439004581758235 -0.010015657520036516 0.019236464702982164 -0.0037584730900691384 0.020888874196748567 0.030928140351468302 0.021357958252862293 0.021946824425404601 0.010225398597322454 1.2424533248940004 -0.027236747794977912 0.0030266063696046939 0.20389391732360021
decision_type=2 2 2 2 2 2 2 2 2 2 2 2 2 2 2 2 2 2 2 2 2 2 2 2 2 2 2 2 2 2
left_child=1 4 8 27 7 6 17 -1 -3 10 -7 -12 -8 21 16 -16 28 18 20 -19 -6 22 23 -11 -23 -26 -4 -2 -15 -30
right_child=3 2 26 -5 5 9 12 -9 -10 13 11 -13 -14 14 15 -17 -18 19 -20 -21 -22 24 -24 -25 25 -27 -28 -29 29 -31
leaf_value=0.0027434276939347028 -0.028470950128872005 -0.0009095669808712874 0.10033524334430695 -0.016622855491349311 0.0044594777343065842 -0.006022908643353731 -0.030810346784578131 0.036301405996084217 0.046423334375556027 -0.011081379313745407 0.064523708532479671 0.01910646742857669 0.0091085859024050558 0.0095551765228713489 0.012331646630683771 -0.036800594134863633 -0.015401445498520678 0.024004075246972637 0.00062605523676409025 0.059911474483087659 0.049534696863745065 0.00274295127910978 0.02178162131231369 0.013565713381570466 -0.032173800187698311 0.0051914147440005436 0.058080874789844861 -0.0476641008260765 0.0212912859882982 0.059166307220002635
leaf_weight=41 67 33 23 169 23 48 22 125 21 121 22 46 66 71 26 23 22 85 69 30 34 47 41 53 69 22 22 257 42 20
leaf_count=41 67 33 23 169 23 48 22 125 21 121 22 46 66 71 26 23 22 85 69 30 34 47 41 53 69 22 22 257 42 20
internal_value=-1.66553e-11 0.0133911 0.0457613 -0.0344148 0.0106474 0.00777043 0.0169938 0.028013 0.0174977 0.00326151 0.0173217 0.0338003 -0.000871147 0.000333348 0.00927135 -0.0107304 0.0155945 0.0235172 0.0145234 0.0333712 0.0313465 -0.00483195 0.00126131 -0.00357393 -0.0143251 -0.0231405 0.0796776 -0.0436951 0.0207216 0.033509
internal_weight=1760 1267 99 493 1168 1002 329 166 54 673 116 68 88 557 204 49 155 241 126 115 57 353 215 174 138 91 45 324 133 62
internal_count=1760 1267 99 493 1168 1002 329 166 54 673 116 68 88 557 204 49 155 241 126 115 57 353 215 174 138 91 45 324 133 62
is_linear=0
shrinkage=0.05


Tree=8
num_leaves=31
num_cat=0
split_feature=62 96 142 209 85 81 280 82 281 98 272 243 19 164 288 212 231 85 102 1 295 251 224 215 288 19 167 0 301 111
split_gain=292.806 40.6853 32.2169 29.6053 21.3327 22.8268 13.9589 16.1743 11.5914 11.3847 10.3827 9.52329 10.2584 9.44655 9.44169 8.4378 8.18826 7.87879 7.86355 9.26817 8.33906 7.62416 9.45055 7.12628 8.47171 6.80478 6.98864 6.76295 6.52882 6.40804
threshold=0.89587973461402759 0.064516756529473571 -0.0090821887783690027 0.13881896773654592 -0.41339940081624998 -0.25597797080737333 -0.022098768941861403 0.41710252268569187 -0.037814295864291504 0.01234464305059545 -0.012471178139584179 -0.095835252023369219 34.166666666666679 -0.0080446173246266645 -0.0047464933899359863 0.13547879679992417 0.0027488684528053984 0.12145842199409838 0.0133356150401638 3.8606743063089755 -0.031792231322739867 0.064769083437492117 0.012017252029737779 0.00022488277310751925 -0.0019318035233015125 10.743421052631581 -0.04224408606698541 6.0672668391739295 -0.016806382093511762 0.0077955049587360757
decision_type=2 2 2 2 2 2 2 2 2 2 2 2 2 2 2 2 2 2 2 2 2 2 2 2 2 2 2 2 2 2
left_child=1 4 -3 25 -1 6 7 15 13 -4 -9 -10 18 -8 -15 17 -11 27 19 -13 -20 22 -21 -22 29 -2 -27 -6 -24 -25
right_child=3 2 9 -5 5 -7 8 10 11 16 -12 12 -14 14 -16 -17 -18 -19 20 21 23 -23 28 24 -26 26 -28 -29 -30 -31
leaf_value=0.03340515755935685 -0.048577069252752847 0.0049001778640291272 0.034415084482170642 -0.014769369689812573 0.0034309628470024717 0.047342480180992019 0.00084136067148806023 0.062061368508471382 0.0348478177934885 0.10340365827083589 0.021282692348609702 -0.017983288669974767 0.027399418207642159 0.054124844941095665 0.014808087755699416 0.028579721429405059 0.059199395301667124 -0.024841661043465139 -0.022726460422078768 0.0042311682245970046 -0.0074838852397752578 0.024235192589737751 0.0047784987128882987 0.033853270931234747 0.00063203340491968887 -0.0086170774439106815 -0.038165116359709539 0.030720694416335653 -0.026152557027289428 0.0071319394562443768
leaf_weight=91 159 34 20 157 120 36 44 27 20 20 37 116 32 26 37 47 22 20 24 135 54 27 24 57 73 23 154 28 59 37
leaf_count=91 159 34 20 157 120 36 44 27 20 20 37 116 32 26 37 47 22 20 24 135 54 27 24 57 73 23 154 28 59 37
internal_value=-8.54586e-11 0.0127215 0.0440142 -0.032694 0.0101561 0.00819716 0.00684732 0.0164209 0.00335578 0.0654639 0.0384862 0.000873874 -0.00019114 0.0186184 0.0310341 0.0098526 0.080249 0.00461346 -0.00164807 -0.00634022 0.00526568 -0.000827588 -0.00393169 0.00830555 0.0134111 -0.0410696 -0.0343255 0.00859389 -0.0172086 0.0233353
internal_weight=1760 1267 96 493 1171 1080 1044 279 765 62 64 658 638 107 63 215 42 168 606 361 245 245 218 221 167 336 177 148 83 94
internal_count=1760 1267 96 493 1171 1080 1044 279 765 62 64 658 638 107 63 215 42 168 606 361 245 245 218 221 167 336 177 148 83 94
is_linear=0
shrinkage=0.05


Tree=9
num_leaves=31
num_cat=0
split_feature=62 96 222 210 85 81 280 88 281 143 85 243 19 164 288 181 283 275 56 210 19 137 315 167 198 331 228 210 235 313
split_gain=264.258 36.7185 29.7327 26.7385 19.2527 20.6012 12.5979 15.0026 10.4612 9.80134 9.45869 8.59477 9.25819 8.52551 8.52113 7.55967 7.35166 11.0226 9.29622 11.7198 11.0575 8.2945 7.51895 7.22235 7.07447 8.03911 6.66793 6.32402 6.16818 6.9239
threshold=0.89587973461402759 0.064516756529473571 0.0052825395102696947 -0.035884558999537929 -0.41339940081624998 -0.25597797080737333 -0.022098768941861403 0.11804426683117644 -0.037814295864291504 0.00028582329925471068 0.14337599435472395 -0.095835252023369219 34.166666666666679 -0.0080446173246266645 -0.0047464933899359863 -0.001198440310135731 -0.0097543480265024889 0.028264296633955754 1.0000000180025095e-35 0.0017096642545409483 22.432686980609422 0.022371234911499834 0.0081163897677961217 -0.027236747794977912 -0.018397248065376796 0.0056081521573276404 -0.012182876771159085 0.014742954518819506 0.072382665159137285 0.014280987960230565
decision_type=2 2 2 2 2 2 2 2 2 2 2 2 2 2 2 2 2 2 2 2 2 2 2 2 2 2 2 2 2 2
left_child=1 4 9 23 27 6 7 10 13 -3 24 -10 16 -8 -15 -4 17 -13 19 21 -20 -18 -19 -2 -6 -26 -27 -1 -5 -30
right_child=3 2 15 28 5 -7 8 -9 11 -11 -12 12 -14 14 -16 -17 18 22 20 -21 -22 -23 -24 -25 25 26 -28 -29 29 -31
leaf_value=0.0083917740774764257 -0.024723693799665748 -0.00094405545969493691 0.093753145777043856 -0.021054456111908492 -0.01282716558767292 0.044975355101956264 0.00079929276306012816 0.045723201634569305 0.033105426393449308 0.043675416689366107 -0.021802595891058447 -0.01418360906491916 0.026029447425389665 0.051418602480911291 0.014067683499809858 0.052260201456754113 0.017918563047155309 -0.0061431748870139323 0.050505214725576703 -0.0084487887981788638 0.0017242377337354882 -0.0091200264505086805 0.034324722167432563 -0.043011484398303969 0.025338251749591652 0.018570310208773196 -0.009979667145466338 0.039177634993541072 -0.015491007718568048 0.021942475580033802
leaf_weight=22 68 32 21 112 22 36 44 36 20 20 20 182 32 26 37 23 104 24 21 188 26 39 22 262 119 43 39 69 30 21
leaf_count=22 68 32 21 112 22 36 44 36 20 20 20 182 32 26 37 23 104 24 21 188 26 39 22 262 119 43 39 69 30 21
internal_value=-6.70397e-11 0.0120854 0.0418135 -0.0310593 0.0096483 0.0077873 0.00650495 0.0155998 0.00318799 0.0162173 0.0111371 0.00083018 -0.000181583 0.0176874 0.0294823 0.0720637 -0.00156566 -0.00865662 0.00271142 -0.000243271 0.02352 0.0105444 0.013211 -0.0392431 0.0140913 0.0170377 0.00499166 0.0317349 -0.014491 -7.72205e-05
internal_weight=1760 1267 96 493 1171 1080 1044 279 765 52 243 658 638 107 63 44 606 228 378 331 47 143 46 330 223 201 82 91 163 51
internal_count=1760 1267 96 493 1171 1080 1044 279 765 52 243 658 638 107 63 44 606 228 378 331 47 143 46 330 223 201 82 91 163 51
is_linear=0
shrinkage=0.05


Tree=10
num_leaves=31
num_cat=0
split_feature=62 96 222 209 86 203 9 0 290 297 223 143 333 241 145 192 90 1 86 278 9 324 288 269 145 278 56 9 200 275
split_gain=238.493 33.1729 29.0203 24.2578 17.5733 13.1434 12.7252 13.407 12.8711 10.62 10.34 8.60439 8.58837 12.5764 10.4731 8.55513 8.44621 9.72861 8.60263 8.31258 8.28816 7.98376 8.61235 7.78949 6.80033 6.73244 6.47743 8.5347 6.33423 6.18968
threshold=0.89587973461402759 0.061426263748552402 0.0052825395102696947 0.13024460191825057 -0.066621909152058637 0.0067090033731193217 0.02015621191192005 4.5271940351011493 -0.029919174384459225 0.0034623032927955659 0.041724289022605381 0.00028582329925471068 -0.0026469544754656152 0.023335806260826597 -0.0025231389442404452 0.0057188874371788979 -0.0047897777963634572 4.1026092131977068 0.010125007823402159 0.023559749421722776 0.029745102169791451 0.014585224592842184 -0.033044318677143865 -0.0028747937598150391 0.0029668456825592405 0.014568882073362424 1.0000000180025095e-35 0.012022105419162292 -0.0063176408866688159 0.0126638311425214
decision_type=2 2 2 2 2 2 2 2 2 2 2 2 2 2 2 2 2 2 2 2 2 2 2 2 2 2 2 2 2 2
left_child=1 4 11 -2 5 10 7 19 9 -8 15 -3 13 14 29 20 17 -14 -18 -6 -1 22 -9 -7 -4 -19 27 -24 -23 -10
right_child=3 2 24 -5 6 23 8 21 12 -11 -12 -13 16 -15 -16 -17 18 25 -20 -21 -22 28 26 -25 -26 -27 -28 -29 -30 -31
leaf_value=0.040901211568713187 -0.037158774337759187 -0.0013633796648884363 0.050743527679393691 -0.013431533455333246 0.0059648833803326029 0.0201578118527929 0.0014138167875859401 0.042998303325944828 0.050207724462708707 0.050593376408020654 -0.0038962596263736487 0.039577799441204188 -0.019279025008436295 -0.016549913847244326 0.00028661953010519997 0.0098399639129638679 0.0085546677360649817 -0.00025027120803914422 -0.026249626888286162 -0.02527301497551996 0.007620598523962227 0.02052506195931611 0.023460650574881586 -0.0096549476906657231 0.089704167700949175 0.033093554107472299 0.043934933040291071 0.0011479255182979009 -0.0032563673011813464 0.015201421780511738
leaf_weight=125 334 33 24 159 57 39 23 38 23 21 25 21 40 47 61 40 22 41 92 34 22 44 100 50 21 24 20 75 77 28
leaf_count=125 334 33 24 159 57 39 23 38 23 21 25 21 40 47 61 40 22 41 92 34 22 44 100 50 21 24 20 75 77 28
internal_value=5.64217e-11 0.0114812 0.0392704 -0.0295064 0.00912574 0.0195346 0.00551207 0.0114109 -0.000708308 0.0248859 0.0263042 0.0145582 -0.00368753 0.00515758 0.014267 0.0303417 -0.0101093 0.000122126 -0.019533 -0.00570642 0.0359204 0.0158112 0.0212223 0.00340907 0.0689252 0.0120613 0.0169788 0.0138981 0.00539143 0.0309886
internal_weight=1760 1267 99 493 1168 301 867 445 422 44 212 54 378 159 112 187 219 105 114 91 147 354 233 89 45 65 195 175 121 51
internal_count=1760 1267 99 493 1168 301 867 445 422 44 212 54 378 159 112 187 219 105 114 91 147 354 233 89 45 65 195 175 121 51
is_linear=0
shrinkage=0.05


Tree=11
num_leaves=31
num_cat=0
split_feature=62 96 142 11 85 81 280 82 200 256 230 289 98 295 144 248 283 252 231 112 19 81 258 158 11 10 157 257 85 210
split_gain=215.24 29.9696 24.2472 22.1074 15.8571 17.458 11.1174 13.347 9.71283 12.3732 9.58389 9.28895 9.28591 7.86874 7.61126 9.02064 7.37886 7.20714 7.03701 6.75806 6.67133 6.66969 6.1757 6.10091 5.97123 6.8259 5.96591 7.81783 5.87607 5.50472
threshold=0.89587973461402759 0.064516756529473571 -0.0090821887783690027 3.5490779992759465 -0.41339940081624998 -0.25597797080737333 -0.022098768941861403 0.41710252268569187 0.0016173549582169727 -0.011629804171325139 0.012555296615922142 -0.00058619282035256856 0.01234464305059545 0.025217782348148778 -0.0062763186568451429 -0.003513399496653421 0.0019388945350343057 0.055527348458230825 0.0027488684528053984 -0.034057847197029527 10.114379084967322 -0.33995706787727115 -0.078657018379897803 0.007594606649643329 4.0155373502635578 0.26491228070175443 0.0057525803391291668 -0.0030162751082699066 0.20443059599303312 0.014742954518819506
decision_type=2 2 2 2 2 2 2 2 2 2 2 2 2 2 2 2 2 2 2 2 2 2 2 2 2 2 2 2 2 2
left_child=1 4 -3 20 29 6 7 17 9 13 -9 16 -4 19 15 -13 -11 -6 -14 -8 -2 -5 -10 -16 25 -24 27 -18 -22 -1
right_child=3 2 12 21 5 -7 8 10 22 11 -12 14 18 -15 23 -17 26 -19 -20 -21 28 -23 24 -25 -26 -27 -28 -29 -30 -31
leaf_value=0.0069711524061858657 -0.042736384919102213 0.0038316795164171388 0.028331805022899059 0.014923123621796867 0.0050923608696872465 0.041250135708186364 -0.004475558814776473 0.020420385307321945 -0.030449180100113157 -0.019003256052059849 0.061157935614358977 0.051469838388618974 0.091191152483224874 0.044030869942158463 -0.010731288708928156 0.00512578474535119 -0.0052996339357417564 0.03365010366588831 0.050212055139920934 0.019982596602401995 -0.021893958294425499 -0.015054474287899211 -0.0012365496153292684 0.02101012656154732 0.022179035939431439 -0.026367470336457095 -0.016584442397984473 0.036895841431050076 -0.037785490925083515 0.03569365330580352
leaf_weight=22 138 34 20 23 190 36 38 42 20 72 22 21 20 25 41 21 23 25 22 110 132 96 272 24 24 30 23 21 104 69
leaf_count=22 138 34 20 23 190 36 38 42 20 72 22 21 20 25 41 21 23 25 22 110 132 96 272 24 24 30 23 21 104 69
internal_value=-5.21901e-11 0.0109071 0.0377646 -0.0280311 0.0087053 0.00701637 0.0058359 0.0143797 0.00271993 0.00783962 0.0344239 0.000634198 0.056373 0.0180855 0.0117081 0.0282978 -0.00789033 0.00841303 0.0697259 0.0137028 -0.0340035 -0.00926048 -0.00347992 0.000988618 -0.00182536 -0.003733 0.00405192 0.0148391 -0.028897 0.0287498
internal_weight=1760 1267 96 493 1171 1080 1044 279 765 419 64 246 62 173 107 42 139 215 42 148 374 119 346 65 326 302 67 44 236 91
internal_count=1760 1267 96 493 1171 1080 1044 279 765 419 64 246 62 173 107 42 139 215 42 148 374 119 346 65 326 302 67 44 236 91
is_linear=0
shrinkage=0.05


Tree=12
num_leaves=31
num_cat=0
split_feature=62 96 222 7 86 330 212 283 203 1 105 319 304 223 333 235 193 192 218 11 174 117 9 269 0 102 176 164 235 313
split_gain=194.254 27.0503 24.3912 20.123 14.7388 11.5184 11.5296 12.0817 11.2085 11.0733 11.3532 10.7275 10.1309 8.89367 8.7719 8.43913 7.76509 7.3299 7.27805 7.88627 7.44102 6.92017 6.90722 6.76215 6.39638 6.27092 6.07859 5.91838 5.71344 6.15601
threshold=0.89587973461402759 0.061426263748552402 0.0052825395102696947 0.71253283510513477 -0.066621909152058637 0.025941658790798568 0.11065341449097903 0.0081480353217877506 0.0067090033731193217 9.0188165970836902 -0.059999689679517167 -0.022241892564875163 -0.020478689511821694 0.041724289022605381 -0.020856671169972113 -0.011780230605814868 0.0062331811632335933 0.0057188874371788979 0.0070629772630150947 3.8018404907975465 0.0022718282417317579 0.013425580345674119 0.029745102169791451 -0.0028747937598150391 5.763621242782512 0.019545706962334802 0.00026268310496587008 0.0042301084849930108 0.072382665159137285 0.014280987960230565
decision_type=2 2 2 2 2 2 2 2 2 2 2 2 2 2 2 2 2 2 2 2 2 2 2 2 2 2 2 2 2 2
left_child=1 4 16 24 8 6 9 15 13 10 -6 -7 -13 17 -9 -8 -3 22 19 20 -12 -21 -1 -10 -2 -17 -4 -16 -5 -30
right_child=3 2 26 28 5 11 7 14 23 -11 18 12 -14 -15 27 25 -18 -19 -20 21 -22 -23 -24 -25 -26 -27 -28 -29 29 -31
leaf_value=0.037474026204645634 -0.041928656627126831 0.029131728242481909 0.07983246135214965 -0.018686529709483989 0.013779843241177701 0.043341692513786258 -0.018958258325536107 0.042156426207639458 0.018481153375707948 0.023619391412163775 0.0035272769321201612 -0.011347044021305111 0.020784865890163928 -0.003989935680932831 -0.0052658123930019365 -0.0024138542377234746 -0.0092120953045947401 0.0087863104743883015 -0.016012415650728546 -0.002753336547704583 -0.016637677945014969 0.036904784897342328 0.007092185682532462 -0.0092961559398099785 -0.027758507770002706 0.02477383656966451 0.042997303924390246 0.025521998318868717 -0.013192548342049122 0.022104181952419737
leaf_weight=125 141 31 24 118 74 32 37 41 39 39 92 36 77 25 27 48 23 40 154 22 91 22 22 50 183 38 21 37 30 21
leaf_count=125 141 31 24 118 74 32 37 41 39 39 92 36 77 25 27 48 23 40 154 22 91 22 22 50 183 38 21 37 30 21
internal_value=1.56474e-11 0.0103618 0.0354558 -0.0266295 0.00823478 0.00492535 0.00234266 0.0116431 0.0177673 -0.00194987 -0.00414152 0.0177853 0.0105482 0.0240188 0.0241005 0.00100882 0.0128001 0.0277633 -0.00762231 -0.00193034 -0.00650011 0.0170757 0.0329271 0.00287592 -0.0339251 0.00959931 0.0626427 0.0125334 -0.0126426 0.0013414
internal_weight=1760 1267 99 493 1168 867 722 228 301 494 455 145 113 212 105 123 54 187 381 227 183 44 147 89 324 86 45 64 169 51
internal_count=1760 1267 99 493 1168 867 722 228 301 494 455 145 113 212 105 123 54 187 381 227 183 44 147 89 324 86 45 64 169 51
is_linear=0
shrinkage=0.05


Tree=13
num_leaves=31
num_cat=0
split_feature=62 96 142 11 88 1 213 1 320 209 132 1 4 94 324 227 330 177 203 120 244 122 296 93 239 161 81 203 176 91
split_gain=175.314 24.4129 22.1695 18.2683 13.3458 16.7599 16.0565 13.836 11.7025 10.2792 9.52356 9.18126 9.73494 9.41542 8.96465 8.44105 9.25667 9.5772 9.00304 7.2128 7.13791 7.05002 6.29648 6.12123 6.1155 6.06266 6.00959 5.97523 5.94477 5.68267
threshold=0.89587973461402759 0.061426263748552402 -0.018044501909680016 3.5490779992759465 -0.2183969072777541 3.6762205501217919 0.12182085589929488 4.9163179057820896 1.0000000180025095e-35 0.072493246567485223 0.0027047050799791764 9.0188165970836902 0.89587973461402759 -0.0023529598280323223 -0.025373539563124926 -0.012744043341161367 0.021103483406388856 0.014146316338945098 -0.0061452708684015473 -0.011833269352640924 0.090495856925405724 0.023370465046440126 -0.032330566325737241 0.028026086457249477 0.011880305247905161 0.014210266422008037 -0.33995706787727115 0.0046881409947639114 0.014623885059285389 0.017614062301958156
decision_type=2 2 2 2 2 2 2 2 2 2 2 2 2 2 2 2 2 2 2 2 2 2 2 2 2 2 2 2 2 2
left_child=1 4 -3 24 9 8 7 14 28 -1 -4 12 -8 -13 21 18 17 -17 -10 25 22 -7 -21 -24 -2 -16 -5 -9 -6 -14
right_child=3 2 10 26 5 6 11 27 15 -11 -12 13 29 -15 19 16 -18 -19 -20 20 -22 -23 23 -25 -26 -27 -28 -29 -30 -31
leaf_value=0.057848656346852136 -0.032401451126206668 0.00096795937758596511 0.037105974552037499 0.014720762480536234 -0.0092370883847417481 0.014279038633093617 0.0065464833439685989 0.037194446520304979 0.048143294462934139 0.015298201426630839 0.077552449516952046 0.030743854940944428 -0.04235206678509712 -0.0076858182637287043 -0.0059216011574654108 -0.022385119049894542 0.025786807760596275 0.015469226582596699 0.0031356911435723306 0.035193578824530253 -0.014421947193997248 0.042864232000840066 0.015937449186857716 -0.011222241360762081 -0.0063109746338644371 0.013706184518033347 -0.013734745457865453 0.010400362578885896 -0.034402954857796431 -0.012131434617164944
leaf_weight=22 350 34 43 23 88 59 65 81 20 40 22 37 20 28 127 55 22 24 25 36 21 34 153 24 24 57 96 28 32 70
leaf_count=22 350 34 43 23 88 59 65 81 20 40 22 37 20 28 127 55 22 24 25 36 21 34 153 24 24 57 96 28 32 70
internal_value=6.56738e-12 0.00984367 0.033683 -0.025298 0.00782304 0.0065576 0.0100212 0.0141391 -0.00438011 0.0303967 0.0507956 -0.00158364 -0.0081982 0.0141895 0.0106894 0.00512772 -0.00289713 -0.0108851 0.0231391 0.00756558 0.0133898 0.0247295 0.0161318 0.0122548 -0.0307272 0.000158745 -0.00823494 0.0303116 -0.015948 -0.0188471
internal_weight=1760 1267 99 493 1168 1106 840 620 266 62 65 220 155 65 511 146 101 79 45 418 234 93 213 177 374 184 119 109 120 90
internal_count=1760 1267 99 493 1168 1106 840 620 266 62 65 220 155 65 511 146 101 79 45 418 234 93 213 177 374 184 119 109 120 90
is_linear=0
shrinkage=0.05


Tree=14
num_leaves=31
num_cat=0
split_feature=62 96 142 209 86 131 9 1 290 9 328 297 290 176 192 90 222 277 244 94 239 137 244 201 90 217 315 317 211 167
split_gain=158.221 22.1176 24.0418 16.5815 13.4864 10.6534 10.5785 13.0056 11.0578 9.51688 10.7895 9.39644 8.06574 7.65207 7.52164 7.17601 10.3192 6.99938 7.98928 6.81186 6.60613 6.95435 6.56399 6.69254 6.32443 6.20692 5.98389 5.8566 5.78064 5.45926
threshold=0.89587973461402759 0.053842917434028484 -0.0090821887783690027 0.13881896773654592 -0.066621909152058637 0.0021486169078573764 0.02015621191192005 3.6762205501217919 -0.029919174384459225 0.029745102169791451 -0.027584498407445177 0.0034623032927955659 -0.029919174384459225 -0.012509368491103097 0.0067530285866098756 -0.0047897777963634572 -0.011981977792689497 0.0041439004581758235 0.013549016639250712 0.045550447334707332 -0.00132160745519815 -0.016552215597315928 0.0010590642399433145 -0.003560990423284329 -0.029619252088420207 -0.081873060921095073 -0.00085961105253988871 0.02450708774727316 -0.16611115867353718 -0.04224408606698541
decision_type=2 2 2 2 2 2 2 2 2 2 2 2 2 2 2 2 2 2 2 2 2 2 2 2 2 2 2 2 2 2
left_child=1 4 -3 29 9 26 7 25 11 10 -1 -8 -9 -14 19 16 -10 18 28 24 -17 -22 23 -19 -12 -6 -4 -18 -15 -2
right_child=3 2 5 -5 6 -7 8 12 15 -11 14 -13 13 17 -16 20 27 22 -20 -21 21 -23 -24 -25 -26 -27 -28 -29 -30 -31
leaf_value=-0.0088042021943972662 -0.01409407702779087 0.0032332622391336111 0.017595776789069838 -0.010618530576240426 0.013399011929604141 0.078075564439807621 -0.00010482532012721768 -0.0041086785310956962 -0.018292095145972614 0.0010022462353318636 0.055835675242645988 0.046155039043653583 0.031203532407260676 -0.023890288114547732 0.0079872391800931159 -0.021000855171459391 0.01522981454366415 0.018837768189690036 0.024404495377610955 0.0051760914312167609 0.017287786220831255 -0.011037209360963769 0.0064507251161808991 0.058385430984199051 0.029315488884691151 -0.012280865494025553 0.051908831353540776 -0.0098467322687308002 0.0052770895356277249 -0.032807526103898171
leaf_weight=26 45 51 24 157 33 21 23 48 44 76 29 21 79 25 47 91 104 23 36 22 31 72 29 20 100 82 27 30 53 291
leaf_count=26 45 51 24 157 33 21 23 48 44 76 29 21 79 25 47 91 104 23 36 22 31 72 29 20 100 82 27 30 53 291
internal_value=6.50537e-11 0.00935149 0.0294985 -0.0240331 0.00718533 0.0481031 0.00394869 0.00946738 -0.00172919 0.0162911 0.0214783 0.0219737 0.0147505 0.0181665 0.0254548 -0.00453277 0.00271712 0.0126292 0.00492097 0.0308918 -0.0111847 -0.00251221 0.024834 0.037232 0.0352774 -0.00491186 0.0357615 0.00961566 -0.00407143 -0.0303013
internal_weight=1760 1267 123 493 1144 72 844 428 416 300 224 44 313 265 198 372 178 186 114 151 194 103 72 43 129 115 51 134 78 336
internal_count=1760 1267 123 493 1144 72 844 428 416 300 224 44 313 265 198 372 178 186 114 151 194 103 72 43 129 115 51 134 78 336
is_linear=0
shrinkage=0.05


Tree=15
num_leaves=31
num_cat=0
split_feature=62 96 142 11 86 315 330 287 243 1 94 333 9 280 262 323 109 183 278 336 253 216 147 91 0 19 241 278 155 93
split_gain=142.794 20.1413 17.2533 15.2631 12.8546 10.4121 9.14772 9.2787 8.92025 8.90059 13.0151 9.93082 7.39754 10.4142 9.76223 9.22519 6.60892 6.475 7.57529 6.37633 6.94965 5.66904 6.19843 5.96077 5.65578 5.56936 5.52628 7.0585 5.10422 5.05627
threshold=0.89587973461402759 0.047459324288915118 -0.0090821887783690027 3.5490779992759465 -0.066621909152058637 -0.0051907659261700651 0.037278675290346196 -0.023802260550716811 -0.091449494791253541 4.8789996228937618 -0.10460155750925158 0.032104987626525631 0.02055297407116851 0.019825107910031881 -0.015808787620718929 0.0046345543068252509 0.012059676425791669 0.014721696626116004 0.0026530468314682376 0.0014380494522194017 -0.025378534549048468 -0.074498825030085813 0.062517179132963327 0.03371120136208574 10.916273326314245 10.114379084967322 0.0023163847713233883 0.0174327532102042 0.0018445950360201251 -0.0054297089262765183
decision_type=2 2 2 2 2 2 2 2 2 2 2 2 2 2 2 2 2 2 2 2 2 2 2 2 2 2 2 2 2 2
left_child=1 4 -3 25 9 -4 8 -8 -6 10 -1 19 13 14 15 -10 -7 18 28 20 -12 -14 23 24 -23 -2 -5 -28 -16 -25
right_child=3 2 5 26 6 16 7 -9 12 -11 11 -13 21 -15 17 -17 -18 -19 -20 -21 -22 22 -24 29 -26 -27 27 -29 -30 -31
leaf_value=0.043362221866846087 -0.035773114806742994 0.0055971025576088893 0.011912142436789432 -0.017741466569332561 0.030383754770558043 0.04017330794486889 0.044586864635348326 0.0081476865753788378 0.010563493518060095 0.028030976920369238 0.035166924340384348 0.035520192458415811 0.015406038018409163 -0.010026881743940605 -0.00016651482034761174 0.045208075641174662 0.074963470930233603 0.022926875425036998 -0.011559741211270817 -0.0095260254241111408 0.0013552006143568592 -0.018790284568177804 0.016708386495995983 0.015422755075352533 0.0096344946371391422 -0.023128292421541241 0.017450708419912392 -0.018497520494433543 0.024129068875540602 -0.0068083521615909907
leaf_weight=25 138 59 23 61 26 43 25 58 46 96 21 23 32 83 52 33 20 38 76 80 55 140 26 35 20 236 36 22 37 95
leaf_count=25 138 59 23 61 26 43 25 58 46 96 21 23 32 83 52 33 20 38 76 80 55 140 26 35 20 236 36 22 37 95
internal_value=-1.71663e-11 0.00888391 0.0264202 -0.0228315 0.00661763 0.0407058 0.00338447 0.0191233 0.00161677 0.0154765 0.00956853 0.00484874 0.000567767 0.0055407 0.0101226 0.0250353 0.0512178 0.0043192 3.37966e-05 0.000326663 0.0106979 -0.00464809 -0.00667889 -0.00877568 -0.0152372 -0.027794 -0.00723487 0.00381517 0.0099339 -0.000823054
internal_weight=1760 1267 145 493 1122 86 822 83 739 300 204 179 713 365 282 79 63 203 165 156 76 348 316 290 160 374 119 58 89 130
internal_count=1760 1267 145 493 1122 86 822 83 739 300 204 179 713 365 282 79 63 203 165 156 76 348 316 290 160 374 119 58 89 130
is_linear=0
shrinkage=0.05


Tree=16
num_leaves=31
num_cat=0
split_feature=62 96 142 7 86 131 254 277 1 209 1 217 107 248 203 254 328 321 1 91 257 161 137 270 61 300 91 269 0 231
split_gain=128.872 18.1775 15.5711 13.8574 11.6013 9.72217 13.8184 8.45543 8.72103 11.3144 13.0365 10.835 9.4594 8.67653 8.3552 8.32951 7.47205 6.25537 7.34798 6.5994 6.24623 7.35913 6.06139 5.95871 5.83103 8.36554 5.88979 5.82513 5.4674 5.04711
threshold=0.89587973461402759 0.047459324288915118 -0.0090821887783690027 0.71253283510513477 -0.066621909152058637 0.0021486169078573764 0.0054468659588794554 0.096880343568119448 3.8606743063089755 0.73058315779480532 8.9417393846185664 -0.056683256384228393 0.0066555830585106196 0.0054286150328438252 0.0067090033731193217 0.0041146493205009285 -0.027584498407445177 -0.017083371279888442 4.9163179057820896 -0.012968142140129859 0.00050418856615835526 0.010315759657379979 0.024435963379189764 0.008121647766512986 2.0126758453675748 0.0049772105876150991 0.046278605489906498 -0.0028747937598150391 5.763621242782512 0.005613911162993891
decision_type=2 2 2 2 2 2 2 2 2 2 2 2 2 2 2 2 2 2 2 2 2 2 2 2 2 2 2 2 2 2
left_child=1 4 -3 28 14 6 -4 8 11 22 13 23 15 -11 16 -12 -1 -18 19 -19 -13 -22 24 -6 26 -26 -10 -16 -2 -5
right_child=3 2 5 29 7 -7 -8 -9 9 10 12 20 -14 -15 27 -17 17 18 -20 -21 21 -23 -24 -25 25 -27 -28 -29 -30 -31
leaf_value=-0.0081799550070649103 -0.0351436394200733 0.0053172473432654046 0.047883529918534423 -0.017617841503427677 0.016888153532762889 0.064208799084791768 -0.00078745707869529733 0.030219560126507922 0.0012081668474802785 -0.043376237924756679 0.0339329379145056 -0.017573130359717956 -0.018854719446972014 -0.0046986860126770778 0.016338457209237208 -0.0067321889335289599 0.042342083275850331 -0.012068546481430532 0.031920292785798665 0.018096297354239857 -0.014731255026929308 0.019485281004259985 -0.0019984787683210311 -0.011198277388197873 0.012911137583297353 0.048421071925097044 0.01748851694617054 -0.0094425769206136472 -0.022042836751303394 -0.00017418474547424649
leaf_weight=21 141 59 35 96 69 26 25 28 102 29 34 132 24 29 39 20 35 25 64 66 33 30 74 26 43 27 122 50 183 73
leaf_count=21 141 59 35 96 69 26 25 28 102 29 34 132 24 29 39 20 35 25 64 66 33 30 74 26 43 27 122 50 183 73
internal_value=-4.65924e-11 0.00843972 0.0250992 -0.0216899 0.00628675 0.0386705 0.027604 0.00321525 0.00226295 0.00623786 -0.00608537 -0.00464517 0.00726363 -0.0240375 0.0147027 0.0188718 0.020122 0.0232501 0.018939 0.00980925 -0.0113909 0.00156233 0.0107921 0.00920134 0.0140115 0.0266078 0.0100751 0.00185473 -0.0277441 -0.010083
internal_weight=1760 1267 145 493 1122 86 60 822 794 504 136 290 78 58 300 54 211 190 155 91 195 63 368 95 294 70 224 89 324 169
internal_count=1760 1267 145 493 1122 86 60 822 794 504 136 290 78 58 300 54 211 190 155 91 195 63 368 95 294 70 224 89 324 169
is_linear=0
shrinkage=0.05


Tree=17
num_leaves=31
num_cat=0
split_feature=62 97 54 235 281 85 248 336 268 215 286 283 256 301 11 215 1 265 86 256 213 19 252 100 95 313 318 11 317 156
split_gain=116.307 16.5136 13.846 12.9008 10.0999 11.7072 9.67122 8.83951 8.01132 7.87633 10.8851 7.6806 9.98855 7.28032 7.19849 7.13437 7.04696 10.353 7.0889 8.25354 6.53009 6.34342 7.345 5.54516 5.09817 5.06871 4.79638 4.79012 4.76197 4.50189
threshold=0.89587973461402759 0.18404322688957683 0.89587973461402759 0.072382665159137285 -0.045429198047839757 -0.41339940081624998 -0.011709915910624955 0.020567212809021278 0.030632726231911867 0.0069579484881976015 0.0046815959513521197 0.031529925538367899 0.069147362852712432 0.013312790759095902 2.7077380952380961 0.025958914472241225 3.7726948748059121 -0.04729144148286394 -0.0012188913403930887 -0.032081153970055558 0.059729394403008791 10.256578947368423 -0.01618767623732845 0.0077030627886309246 -0.039017555687436152 0.014280987960230565 0.0055807444855651934 3.8160580021482282 -0.023795376206155641 0.0070917287642651913
decision_type=2 2 2 2 2 2 2 2 2 2 2 2 2 2 2 2 2 2 2 2 2 2 2 2 2 2 2 2 2 2
left_child=1 2 4 21 6 -6 -1 11 -8 20 -11 12 15 -3 -13 16 17 -7 24 -20 28 -2 26 -14 -18 -5 -23 -19 -9 -16
right_child=3 13 -4 25 5 7 8 9 -10 10 -12 14 23 -15 29 -17 18 27 19 -21 -22 22 -24 -25 -26 -27 -28 -29 -30 -31
leaf_value=-0.00036885697652747773 -0.031463230022181495 0.018997466589578176 0.037956625978861541 -0.0099823413261522845 0.021483638630872902 0.019944482878781856 0.017619660488245162 -0.0049942324093232553 0.048434150630548123 0.010412160525548048 0.058360239276662479 0.027189161721237372 0.0036262703693604897 0.060678987354040148 0.011014214059281531 0.021848277389430085 0.027848004915618469 -0.021465800240465252 0.010913716510759067 -0.0102969045291917 -0.011623465494226872 0.016095606213837692 -0.022527449707424332 0.03602410577237606 0.0033185643667820843 0.022045922953458058 -0.0156255778677475 0.00099207126888735549 0.021358251334168018 -0.011168891991089497
leaf_weight=46 156 22 35 30 91 21 66 24 31 29 20 46 28 20 66 26 28 131 59 206 36 22 238 25 87 21 26 29 60 35
leaf_count=46 156 22 35 30 91 21 66 24 31 29 20 46 28 20 66 26 28 131 59 206 36 22 238 25 87 21 26 29 60 35
internal_value=-3.8675e-11 0.00801773 0.00696077 -0.0206054 0.00604912 0.00434677 0.0185132 0.00271554 0.0274676 0.0130908 0.0299828 0.000487563 -0.00187971 0.0388458 0.0107941 -0.00375665 -0.00494333 -0.0130631 -0.00107577 -0.00557454 0.00619324 -0.0233528 -0.018929 0.0189083 0.00929095 0.00320577 -0.0010867 -0.0173953 0.013829 0.003327
internal_weight=1760 1267 1225 493 1190 1047 143 956 97 169 49 787 640 42 147 587 561 181 380 265 120 442 286 53 115 51 48 160 84 101
internal_count=1760 1267 1225 493 1190 1047 143 956 97 169 49 787 640 42 147 587 561 181 380 265 120 442 286 53 115 51 48 160 84 101
is_linear=0
shrinkage=0.05


Tree=18
num_leaves=31
num_cat=0
split_feature=62 96 192 11 86 95 117 330 319 283 213 0 112 328 9 209 0 285 319 107 286 129 90 303 293 118 81 9 239 328
split_gain=104.967 15.1465 13.2534 11.8385 9.67035 9.20157 8.89926 7.79255 9.1041 7.6338 8.00932 7.95845 8.76616 7.20154 8.11908 7.18357 12.9251 7.52427 9.26322 7.10589 6.19316 6.17544 6.04426 5.93884 5.39212 5.19758 5.19092 4.86557 4.74209 4.46163
threshold=0.89587973461402759 0.047459324288915118 0.0021627956802632918 3.5490779992759465 -0.066621909152058637 -0.042899175895163962 0.0023803338842160585 0.021946916899089789 -0.022241892564875163 0.037212234827794129 0.056343379954355531 5.4138732270297307 0.065406251784564481 -0.027584498407445177 0.029745102169791451 0.69065987034923215 10.968067845939002 -0.014373109612976593 -0.0017423739072225952 0.024643631454548977 0.00070613098066608655 0.030444074564274146 -0.0065526132850846691 -0.0021900504383845902 -0.037188197844101899 0.010847177024048077 -0.33995706787727115 0.036572622779519337 0.011880305247905161 -0.012042780981688634
decision_type=2 2 2 2 2 2 2 2 2 2 2 2 2 2 2 2 2 2 2 2 2 2 2 2 2 2 2 2 2 2
left_child=1 4 6 28 13 -4 -3 9 -9 11 -11 12 27 -1 21 24 23 -18 -19 -10 -7 22 -15 -17 -13 -23 -5 29 -2 -6
right_child=3 2 5 26 7 20 -8 8 19 10 -12 15 -14 14 -16 16 17 18 -20 -21 -22 25 -24 -25 -26 -27 -28 -29 -30 -31
leaf_value=-0.0064152761572040615 -0.025419972431845961 -0.0025585645893237224 0.012400690643116833 0.015495682945070061 0.0027298641080657645 0.034406371689623315 0.031520481514744458 0.033844829233697596 -0.0022148726760973163 0.024633686053642974 -0.002215240242909275 0.028848606237443165 0.01592183772008866 0.032541486792642314 0.00058411073029762315 -0.038110566638144001 0.03617963741533458 -0.025135745365350022 0.019512429768935996 0.024745859913527967 0.072806386507692791 0.018961572121932276 0.0078263621955557035 -0.0080867242440581331 0.0060682885997517012 -0.012338627021138866 -0.010950696505218124 -0.02948002108537099 -0.0024451958551556649 -0.014107971389477295
leaf_weight=40 350 53 20 23 57 21 30 39 81 61 51 32 32 109 62 28 20 21 26 35 21 36 32 40 138 21 96 34 24 127
leaf_count=40 350 53 20 23 57 21 30 39 81 61 51 32 32 109 62 28 20 21 26 35 21 36 32 40 138 21 96 34 24 127
internal_value=-3.81955e-11 0.00761684 0.0228241 -0.0195751 0.00565156 0.0403142 0.00975916 0.00284729 0.0129461 0.000500488 0.0124078 -0.00190244 -0.00851573 0.0133352 0.0163738 0.00351829 -0.00509259 0.0104935 -0.000436755 0.00591983 0.0536064 0.021318 0.0269324 -0.0204495 0.0103563 0.00742992 -0.00583921 -0.0121029 -0.0239457 -0.0088919
internal_weight=1760 1267 145 493 1122 62 83 822 155 667 112 555 250 300 260 305 135 67 47 116 42 198 141 68 170 57 119 218 374 184
internal_count=1760 1267 145 493 1122 62 83 822 155 667 112 555 250 300 260 305 135 67 47 116 42 198 141 68 170 57 119 218 374 184
is_linear=0
shrinkage=0.05


Tree=19
num_leaves=31
num_cat=0
split_feature=62 96 142 235 88 1 213 278 320 98 273 1 254 1 209 94 83 149 129 19 252 122 249 282 290 301 309 279 90 318
split_gain=94.7327 13.6697 12.4035 11.0785 8.81985 12.8082 10.8914 9.67994 10.9632 8.6815 8.41775 8.05888 8.05234 7.85499 7.5516 7.53607 6.60916 6.3084 5.7798 5.58024 6.39139 5.52703 5.31888 5.28571 5.09597 5.30844 4.80273 4.73338 4.67534 4.35427
threshold=0.89587973461402759 0.047459324288915118 -0.018044501909680016 0.072382665159137285 -0.2183969072777541 3.8606743063089755 0.12331269877795524 0.030379655298691799 -0.027884984565566474 0.011611150633857141 -0.032174091434426726 4.9938224302714262 0.021082654195030439 9.0188165970836902 0.072493246567485223 -0.0023529598280323223 0.21565930975849493 0.0066390024993404385 0.0090766101649919027 10.256578947368423 -0.01618767623732845 -0.025016143721263817 0.0011518629424265457 -0.00082656884215324847 0.017466788339276569 0.010968273417635911 -0.0058427260217447877 -0.015545205126266214 -0.009662440458666351 0.0055807444855651934
decision_type=2 2 2 2 2 2 2 2 2 2 2 2 2 2 2 2 2 2 2 2 2 2 2 2 2 2 2 2 2 2
left_child=1 4 -3 19 14 7 11 8 -6 -4 -10 16 -9 17 -1 -15 24 26 -13 -2 29 -12 -18 -11 -7 -26 -8 -23 -5 -21
right_child=3 2 9 28 5 6 13 12 10 23 21 18 -14 15 -16 -17 22 -19 -20 20 -22 27 -24 -25 25 -27 -28 -29 -30 -31
leaf_value=0.047435098513960841 -0.028749268339873735 0.0026991531753015742 0.012473905308059219 0.015628900595249667 -0.020425017129467885 0.0036079475146241313 0.003605554155295804 -0.026836966363374484 0.020955119333195719 0.032797361713730627 0.012164536557303599 0.014741127017885448 0.0044046951675166691 0.027259625403864965 0.010252395175403864 -0.0071214331979198124 0.046746155309956523 0.005329147413372994 0.040808673759267944 0.016021889581514355 -0.020349928608794938 -0.02981685720384121 0.010280829891562463 0.063905432100661783 0.02414412739342206 0.0010999294892443639 -0.02400491374456102 -0.0018972425647671262 -0.015378528144210576 -0.014202009410095903
leaf_weight=22 156 54 33 31 46 282 21 66 68 36 52 50 30 37 36 28 20 50 37 22 238 20 20 22 73 38 63 63 20 26
leaf_count=22 156 54 33 31 46 282 21 66 68 36 52 50 30 37 36 28 20 50 37 22 238 20 20 22 73 38 63 63 20 26
internal_value=7.32515e-12 0.007236 0.0216829 -0.0185964 0.00536898 0.00433396 0.008134 -0.00358553 0.00161482 0.0329479 0.00660907 0.0119409 -0.0170739 -0.00181372 0.0243562 0.0124493 0.00915081 -0.00873235 0.0258273 -0.0211424 -0.0169932 -0.000617093 0.0285135 0.044597 0.00718005 0.0162551 -0.0171023 -0.00862486 0.00346912 -0.000349389
internal_weight=1760 1267 145 493 1122 1064 719 345 249 91 203 520 96 199 58 65 433 134 87 442 286 135 40 58 393 111 84 83 51 48
internal_count=1760 1267 145 493 1122 1064 719 345 249 91 203 520 96 199 58 65 433 134 87 442 286 135 40 58 393 111 84 83 51 48
is_linear=0
shrinkage=0.05


Tree=20
num_leaves=31
num_cat=0
split_feature=62 215 51 7 281 81 85 280 88 194 283 269 19 56 169 332 103 233 111 167 325 85 235 241 231 243 320 332 1 316
split_gain=85.4962 12.5099 12.2121 10.0847 9.28826 10.1172 9.46595 8.41277 11.3393 8.07574 6.89724 6.86085 8.18025 6.3983 8.72216 7.44875 6.38425 6.00479 5.50048 5.39897 5.13389 4.88309 4.90941 4.75763 6.43408 4.74263 4.29659 4.16055 4.13154 4.03665
threshold=0.89587973461402759 0.028262720081313236 0.89587973461402759 0.22246482290150413 -0.038741876671594705 -0.30666552711169776 -0.41339940081624998 -0.029743298289502337 0.11804426683117644 0.019080736004077978 -0.0093942772613349428 0.028228099177010166 14.612500000000002 1.0000000180025095e-35 -0.0026845235638431964 -0.013186146230269787 0.06283964259047585 -0.030793754843173378 0.0077955049587360757 -0.027236747794977912 -0.021518404994610441 -0.079240303765639841 -0.02194474778708657 0.0023163847713233883 0.005613911162993891 -0.05789672634478981 -0.019121654108134583 0.0014319531065837869 4.8402344967050359 0.014203727784999559
decision_type=2 2 2 2 2 2 2 2 2 2 2 2 2 2 2 2 2 2 2 2 2 2 2 2 2 2 2 2 2 2
left_child=1 2 4 19 5 9 -6 8 21 17 16 13 -13 15 -15 26 25 -1 20 -2 -17 -8 -23 -5 -25 -9 -12 -19 -21 -18
right_child=3 -3 -4 23 6 -7 7 10 -10 -11 11 12 -14 14 -16 18 29 27 -20 28 -22 22 -24 24 -26 -27 -28 -29 -30 -31
leaf_value=-0.0069237266722219915 -0.010448367713773346 0.028414486558176577 0.038362388109089811 -0.016146156581241515 0.018475890373293724 0.045477502637853225 0.016290132901833756 0.010753216177479111 0.044910733566873452 0.036253267727219145 -0.011158911335514859 0.0035254063774590137 0.035123377891652513 -0.0043814376294612888 0.037384957887232305 0.007760615766580616 0.019365792316966692 0.0268514862133039 0.00099412203296133793 -0.029889702938459068 -0.019387268869881975 0.011732455959773271 -0.012853356475631399 -0.011490119040012362 0.016013326752628829 -0.013762320508553859 0.015077731976101936 0.0042183365755611001 -0.014355399189093574 -0.0066299612035176578
leaf_weight=55 67 64 28 91 90 24 69 22 22 26 20 54 33 25 25 21 32 37 101 193 102 37 45 50 37 191 71 45 55 28
leaf_count=55 67 64 28 91 90 24 69 22 22 26 20 54 33 25 25 21 32 37 101 193 102 37 45 50 37 191 71 45 55 28
internal_value=4.35135e-11 0.0068742 0.00572825 -0.0176666 0.00495059 0.0151688 0.00301657 0.00146719 0.0113743 0.0107062 -0.00089685 0.00289325 0.0155108 -0.000114229 0.0165018 -0.00275169 -0.00717204 0.00585785 -0.00765233 -0.0230422 -0.0147523 0.00648821 -0.00175976 -0.00815344 0.000206749 -0.0112302 0.00931144 0.0144309 -0.0264446 0.00723444
internal_weight=1760 1267 1203 493 1175 187 988 898 173 163 725 452 87 365 50 315 273 137 224 315 123 151 82 178 87 213 91 82 248 60
internal_count=1760 1267 1203 493 1175 187 988 898 173 163 725 452 87 365 50 315 273 137 224 315 123 151 82 178 87 213 91 82 248 60
is_linear=0
shrinkage=0.05


Tree=21
num_leaves=31
num_cat=0
split_feature=62 96 192 235 95 88 1 213 1 82 320 56 117 83 227 330 104 290 88 239 256 286 183 277 270 52 260 328 230 253
split_gain=77.1603 11.6413 11.1267 9.34332 7.82204 7.5396 11.1955 9.24058 8.43801 7.51198 7.24789 7.20625 7.11764 6.70635 6.2764 8.26302 6.18394 6.06581 7.02842 5.57112 5.39962 5.24662 5.20234 5.10844 5.93175 4.99304 4.83823 4.63418 4.59384 4.41173
threshold=0.89587973461402759 0.047459324288915118 0.0021627956802632918 0.072382665159137285 -0.042899175895163962 -0.2183969072777541 3.6762205501217919 0.12182085589929488 4.6774800307930642 -0.15588913165522786 -0.0017208063227055071 1.2424533248940004 0.0023803338842160585 0.062402255483396459 -0.012744043341161367 0.021103483406388856 0.026746077719175188 -0.020391497230598538 -0.13461259424605035 -0.00132160745519815 -0.0071818902319265897 0.00070613098066608655 -0.00045578006147743792 -0.021908961723585113 0.017419438790201018 1.0000000180025095e-35 -0.0039898728266699107 0.00562192402220994 0.0071188925676674815 0.0079736692905984837
decision_type=2 2 2 2 2 2 2 2 2 2 2 2 2 2 2 2 2 2 2 2 2 2 2 2 2 2 2 2 2 2
left_child=1 5 12 25 -4 13 10 8 9 20 -7 19 -3 -1 26 22 -10 -11 -19 -9 -8 -6 -16 -20 -25 28 -12 -27 -2 -30
right_child=3 2 4 -5 21 6 7 11 16 17 14 -13 -14 -15 15 -17 -18 18 23 -21 -22 -23 -24 24 -26 27 -28 -29 29 -31
leaf_value=0.039364663665664608 -0.024887532925318558 -0.003124351305711382 0.010151842851191759 0.0034806790524253661 0.030471341311931611 -0.014751900579767205 0.0064834410600932485 -0.012471953057264491 0.015048906056169611 -0.001414425826895936 0.00064388843486085535 0.026377056129276755 0.027353089529400073 0.0053607314311224846 0.0006105507478902215 0.022325302525000139 0.040464339517699233 -0.0094540606770250543 0.0086577449606755341 0.0046534772496670488 -0.014647671916792471 0.065815298472132008 -0.025552741385457156 0.032599877994001068 0.0082404247780859079 -0.01827378020544226 0.034622973406856709 0.010874103236943483 -0.021036122553050519 -0.0019231338693084671
leaf_weight=29 262 53 20 51 21 113 59 111 137 81 20 20 30 29 38 22 29 27 88 83 62 21 38 77 37 30 22 25 74 51
leaf_count=29 262 53 20 51 21 113 59 111 137 81 20 20 30 29 38 22 29 27 88 83 62 21 38 77 37 30 22 25 74 51
internal_value=-2.09403e-11 0.00653049 0.0198625 -0.0167832 0.035888 0.00480755 0.0038506 0.00671525 0.00991068 0.00622159 -0.00533213 -0.0021991 0.00789159 0.0223627 0.00227098 -0.00465966 0.019489 0.0103456 0.0145053 -0.00514509 -0.00434407 0.0481433 -0.0124711 0.0177078 0.0246937 -0.0191214 0.0184425 -0.00502474 -0.0211248 -0.013238
internal_weight=1760 1267 145 493 62 1122 1064 811 597 431 253 214 83 58 140 98 166 310 229 194 121 42 76 202 114 442 42 55 387 125
internal_count=1760 1267 145 493 62 1122 1064 811 597 431 253 214 83 58 140 98 166 310 229 194 121 42 76 202 114 442 42 55 387 125
is_linear=0
shrinkage=0.05


Tree=22
num_leaves=31
num_cat=0
split_feature=62 96 222 11 88 1 81 1 320 139 123 218 248 212 9 238 82 138 299 198 196 326 169 111 283 177 176 305 307 330
split_gain=69.6372 10.5989 12.3069 8.78225 7.56443 8.8722 11.0149 11.8016 9.39639 8.65164 7.32211 7.87979 7.22768 6.56819 6.37048 6.11255 5.99573 5.56656 4.97883 4.86065 4.74837 5.04605 4.74347 4.36211 5.99744 5.12556 4.21468 4.184 4.16497 3.82268
threshold=0.89587973461402759 0.061426263748552402 0.0029564783662635219 3.5490779992759465 -0.2183969072777541 4.135134555718313 -0.62966627734450664 8.9417393846185664 0.00025034018079208344 0.007537991681350901 0.004801230620691206 0.027074781620395956 0.0054286150328438252 0.10615966427370778 0.029986376021798367 -0.022296961764024164 0.2230088825095434 0.0045286853005920991 -0.032323842968774184 -0.015298758349581399 0.002965914275838252 0.010562218412027737 -0.013742493828383618 0.00060443561979104689 -0.024955344257290974 -0.0012914168543099597 -0.010837745034314438 -0.033545322417018485 0.055359998637660973 -0.0026927518468682909
decision_type=2 2 2 2 2 2 2 2 2 2 2 2 2 2 2 2 2 2 2 2 2 2 2 2 2 2 2 2 2 2
left_child=1 4 22 28 16 8 7 12 23 15 13 29 -7 19 18 -9 17 -1 -8 -10 21 -5 -3 26 -25 -26 -6 -20 -2 -12
right_child=3 2 -4 20 5 6 14 9 10 -11 11 -13 -14 -15 -16 -17 -18 -19 27 -21 -22 -23 -24 24 25 -27 -28 -29 -30 -31
leaf_value=0.051873799511231479 -0.021090088713556596 0.024702356811612845 0.040834630585437563 -0.0094271279239494885 -0.0013344196900725365 -0.037312030383656103 0.035803343022416813 -0.025048847002908589 -0.025876831342107977 0.03117993761552498 -0.0036484690087779264 0.036096186478706924 -0.0025852015820042843 0.018153541524182349 0.0046850639890540216 0.0088052944745868455 0.00014157618529030255 0.015015877313202336 6.3100176048465074e-05 -0.0014221283512049787 -0.01401752640803655 0.019855639410595743 -0.006156784245236354 -0.018667060928419233 -0.0066977984499230619 0.016995478189550339 -0.019236687527154572 0.017905395438530199 0.00044130479606489348 0.017813851098929131
leaf_weight=20 350 20 46 28 50 31 32 20 26 28 41 33 29 34 162 40 21 21 40 93 60 31 33 33 42 50 96 184 24 42
leaf_count=20 350 20 46 28 50 31 32 20 26 28 41 33 29 34 162 40 21 21 40 93 60 31 33 33 42 50 96 184 24 42
internal_value=1.15076e-11 0.00620397 0.0219118 -0.0159441 0.00487257 0.00391987 0.00829405 -0.00342818 -0.000664919 0.00823038 0.00595514 0.015429 -0.0205274 -0.00122768 0.0124445 -0.00247942 0.0218675 0.0329954 0.0173548 -0.00676517 -0.00411333 0.00595873 0.00548817 -0.00723612 -0.000380373 0.00617898 -0.0131058 0.0147193 -0.0197084 0.00721198
internal_weight=1760 1267 99 493 1168 1106 566 148 540 88 269 116 60 153 418 60 62 41 256 119 119 59 53 271 125 92 146 224 374 83
internal_count=1760 1267 99 493 1168 1106 566 148 540 88 269 116 60 153 418 60 62 41 256 119 119 59 53 271 125 92 146 224 374 83
is_linear=0
shrinkage=0.05


Tree=23
num_leaves=31
num_cat=0
split_feature=62 96 192 220 192 155 281 112 320 111 95 117 120 244 173 98 221 330 190 0 263 277 239 261 204 286 281 328 165 128
split_gain=62.8476 9.56578 9.72404 8.22841 6.81415 8.30397 7.29952 7.98489 7.14792 6.57972 6.56819 6.16189 6.1154 9.98123 6.99991 5.59405 7.94467 5.32723 5.16255 4.9164 4.81271 4.71275 4.84856 5.17878 4.66985 4.59423 4.58855 5.09736 4.58503 4.5475
threshold=0.89587973461402759 0.047459324288915118 0.0021627956802632918 0.015446976973844348 -0.0045863501080625462 -0.022522141759282976 0.0069820195013154786 0.051609300279835478 -0.021688804702011035 0.0045998031974785452 -0.042899175895163962 0.0023803338842160585 -0.011833269352640924 0.007076795018720561 -0.00085335943480875176 -0.013265811116818483 -0.043083578259536619 0.020746763295169095 -0.010782821291850446 6.1366459725839873 -0.026328343770247151 -0.00074515778540303957 0.0038827613894688246 0.010324586761093628 -0.0030984570181292821 0.00045659183382180886 0.0029019003960654064 -0.0067385098959301211 0.0016361501449766002 -0.028085890712786655
decision_type=2 2 2 2 2 2 2 2 2 2 2 2 2 2 2 2 2 2 2 2 2 2 2 2 2 2 2 2 2 2
left_child=1 4 11 21 5 -1 7 8 -7 15 -4 -3 29 14 -14 16 -6 26 -5 -18 -10 22 -2 -24 -22 -12 -17 -28 -15 -8
right_child=3 2 10 18 9 6 12 -9 20 -11 25 -13 13 28 -16 17 19 -19 -20 -21 24 -23 23 -25 -26 -27 27 -29 -30 -31
leaf_value=-0.0054280275315115303 -0.017504650136127588 -0.0034616366889819784 0.0093769766794866895 -0.01853550246683881 -0.016712437109912142 -0.0059628017006616574 0.013588257830336013 0.04670782757356115 0.0052371296933607057 0.0066675492652399698 0.026846630955114959 0.024895827888200682 0.045759305909562571 -0.022014640165226803 0.011295307868653362 -0.0042734720527712426 0.004319652026707802 0.006062134371285199 0.012576851472258569 0.027815733189063687 0.013132999825756997 -0.022566804315170483 0.0074601902949566748 -0.022732038144022228 0.035419408676394246 0.059957805987108842 -0.0062464994057459203 -0.030624502919176046 0.010299577547804169 -0.013309059349650688
leaf_weight=81 139 53 20 20 34 32 22 23 38 298 20 30 26 21 34 89 79 51 40 31 40 225 49 20 57 22 37 51 23 55
leaf_count=81 139 53 20 20 34 32 22 23 38 298 20 30 26 21 34 89 79 51 40 31 40 225 49 20 57 22 37 51 23 55
internal_value=8.21191e-12 0.00589377 0.017979 -0.0151469 0.00433195 0.00907599 0.0122426 0.0190879 0.015284 0.0011315 0.0329604 0.00678805 0.00505695 0.0129651 0.0262297 -0.00330329 0.00441193 -0.00817605 0.00220607 0.0109413 0.0203203 -0.0175514 -0.0121261 -0.00129118 0.0262291 0.0441906 -0.0122786 -0.0203747 -0.00512312 -0.00562411
internal_weight=1760 1267 145 493 1122 452 371 190 167 670 62 83 181 104 60 372 144 228 60 110 135 433 208 69 97 42 177 88 44 77
internal_count=1760 1267 145 493 1122 452 371 190 167 670 62 83 181 104 60 372 144 228 60 110 135 433 208 69 97 42 177 88 44 77
is_linear=0
shrinkage=0.05


Tree=24
num_leaves=31
num_cat=0
split_feature=62 96 222 235 88 1 219 198 325 242 150 61 189 199 117 176 233 95 324 158 171 189 219 224 247 169 242 117 125 90
split_gain=56.7199 8.74138 10.4189 7.57674 6.68557 8.02011 7.74288 6.35426 6.90102 5.64129 5.62631 5.50789 5.16012 5.14318 5.11992 4.94139 4.74588 5.34583 5.23803 5.02139 4.49886 4.48632 4.48136 4.21468 4.16669 4.10697 3.99627 4.46307 3.95538 3.89866
threshold=0.89587973461402759 0.061426263748552402 0.0029564783662635219 0.072382665159137285 -0.2183969072777541 3.5408542930527882 -0.029771095855196078 -0.015153985004194468 -0.010148831736665502 0.024793154682589847 0.0014499936901766364 2.8617925509761908 -0.0095138857683059012 0.00081631538948848668 0.030282755483495422 -0.020993633546221063 -0.0068199605857723984 0.034715307541988254 0.0050883226571958005 0.010989919846847829 -0.014268078025076255 -0.0030423592242074041 -0.037145645449652508 0.01962172253750832 -0.0055304289068106366 -0.013742493828383618 0.007723633739383424 0.020974938051661129 0.034870472442581922 -0.009662440458666351
decision_type=2 2 2 2 2 2 2 2 2 2 2 2 2 2 2 2 2 2 2 2 2 2 2 2 2 2 2 2 2 2
left_child=1 4 25 22 10 7 12 -6 21 13 -1 28 23 20 -15 -10 17 -14 19 24 -8 -9 -2 -7 -18 -3 27 -22 -11 -5
right_child=3 2 -4 29 5 6 9 8 15 11 -12 -13 16 14 -16 -17 18 -19 -20 -21 26 -23 -24 -25 -26 -27 -28 -29 -30 -31
leaf_value=0.032748107536620386 0.0025043435298420236 0.022631445294246079 0.037275175276495841 0.014962343015377562 -0.025422139317892931 -0.0028573953620848603 -0.015543185085621908 0.024579734054784624 0.011444410781841725 0.016818657465637092 0.0020432564252987504 0.037806556023657324 0.0035002825772134614 0.015724835864730759 -0.0044365154230035847 -0.016692160084371417 0.012694879757007586 0.027750295304665065 -0.015141385248689741 0.025352242267267275 0.0027302165820191687 -0.0015402127589498249 -0.017829151628634805 -0.025461361440829933 -0.014366674598193531 -0.0060827535774671676 -0.011502853653468524 0.025219636978415241 -0.0015355460933948817 -0.013352676291641075
leaf_weight=37 29 20 46 31 34 58 38 31 20 129 25 25 73 148 40 71 25 33 54 22 104 35 413 32 33 33 35 28 38 20
leaf_count=37 29 20 46 31 34 58 38 31 20 129 25 25 73 148 40 71 25 33 54 22 104 35 413 32 33 33 35 28 38 20
internal_value=-2.22742e-12 0.00559908 0.0198642 -0.0143895 0.00438996 0.00349432 0.00543963 -0.00582484 -0.00158083 0.00889416 0.0203671 0.0159189 -0.000684321 0.00546226 0.0114352 -0.0105083 0.00314444 0.0110498 -0.00310906 0.00501276 -1.53588e-05 0.0107282 -0.0164951 -0.0108944 -0.00270221 0.00475279 0.00351792 0.0075007 0.0126423 0.00385841
internal_weight=1760 1267 99 493 1168 1106 915 191 157 585 62 192 330 393 188 91 240 106 134 80 205 66 442 90 58 53 167 132 167 51
internal_count=1760 1267 99 493 1168 1106 915 191 157 585 62 192 330 393 188 91 240 106 134 80 205 66 442 90 58 53 167 132 167 51
is_linear=0
shrinkage=0.05


Tree=25
num_leaves=31
num_cat=0
split_feature=62 1 91 220 213 1 96 99 9 254 239 278 166 174 249 245 237 233 191 0 209 278 87 207 167 148 205 19 259 259
split_gain=51.2272 13.6409 14.1899 8.86845 7.95363 8.51089 8.19244 7.11028 7.86207 6.35235 6.00858 5.74864 5.82393 5.54303 5.20517 4.83438 5.80438 4.78675 4.77448 4.5785 4.58067 4.69197 6.49329 4.53683 5.00812 4.26615 4.1949 3.89497 3.82927 3.7408
threshold=1.2424533248940004 4.135134555718313 0.094059338084064345 -0.054130338586964186 0.12331269877795524 9.0188165970836902 -0.02345931895328009 -0.11201736807247008 0.024987440792306592 0.014967432531577408 -0.016326402358972307 0.015635747496908433 -0.023163410696814893 -0.039692255919798233 0.015570904861914115 -0.024607835406398954 -0.015118296735116653 0.017505816747971827 -0.00074355886782893324 6.231453129745586 0.66228189462916853 -0.006142876964359072 -0.053791846755560827 -0.054508160276288263 -0.04224408606698541 -0.0010527411887347033 0.0015763055963466739 10.677083333333334 0.017636814608855831 -0.010597425913310615
decision_type=2 2 2 2 2 2 2 2 2 2 2 2 2 2 2 2 2 2 2 2 2 2 2 2 2 2 2 2 2 2
left_child=1 3 4 -1 19 26 -7 -5 9 11 -4 12 -9 -10 17 16 -15 29 -13 20 21 22 -3 -2 -25 -21 -6 -27 -14 -11
right_child=23 2 10 7 5 6 -8 8 13 14 -12 18 28 15 -16 -17 -18 -19 -20 25 -22 -23 -24 24 -26 27 -28 -29 -30 -31
leaf_value=-0.012073371329001692 -0.0026649023938391889 0.0053986225343708484 0.050875378335299704 0.030014881914989518 -0.018793027158526866 -0.0081166468496466498 0.027592786955129768 -0.013272086766493671 0.015151317574574413 0.044755375130361326 0.020521686162932644 -0.023942173158542981 0.014913704338653239 0.021609415694211539 0.00071861215426748549 -0.012459437552972179 -0.012133010558784008 -2.9017189517617227e-05 0.0018089802832239204 0.0081375971216604958 -0.012913947769751154 0.0028322675054033215 0.032365695175873802 -0.0028699319395754075 -0.022842153214507416 0.019070144784476224 0.0027702332960496492 0.044658382060006267 -0.001734958474031266 0.019687553494156379
leaf_weight=133 42 49 23 22 67 29 36 34 28 22 56 36 107 26 46 172 25 20 36 63 27 130 41 36 245 58 34 20 51 46
leaf_count=133 42 49 23 22 67 29 36 34 28 22 56 36 107 26 46 172 25 20 36 63 27 130 41 36 245 58 34 20 51 46
internal_value=-9.8829e-12 0.00404424 0.00953445 -0.000278282 0.00670751 -0.00245173 0.0116609 0.00205964 0.00111201 0.00548231 0.0293588 0.000981961 0.00550017 -0.0058178 0.0143487 -0.00845069 0.00506901 0.0214735 -0.0110666 0.0106262 0.00652245 0.00890782 0.0176836 -0.0179925 -0.0202834 0.0178149 -0.0115341 0.0256312 0.00953977 0.0277977
internal_weight=1760 1437 633 804 554 166 65 671 649 398 79 264 192 251 134 223 51 88 72 388 247 220 90 323 281 141 101 78 158 68
internal_count=1760 1437 633 804 554 166 65 671 649 398 79 264 192 251 134 223 51 88 72 388 247 220 90 323 281 141 101 78 158 68
is_linear=0
shrinkage=0.05


Tree=26
num_leaves=31
num_cat=0
split_feature=62 215 112 286 86 328 89 9 262 268 1 276 248 82 186 125 286 117 90 100 283 240 117 195 242 327 162 295 237 244
split_gain=46.2325 12.4007 8.5035 15.7121 8.67911 8.478 7.47272 6.09076 6.40242 5.94218 5.23198 5.75436 5.18371 4.90936 4.91958 4.7773 5.67555 5.23626 4.65463 4.59357 4.37907 4.10872 5.15963 4.16093 4.02049 4.21776 5.06308 3.77354 3.73562 3.71486
threshold=1.2424533248940004 -0.010793705791835292 0.062944387567128432 0.019516874421424794 -0.065522959521201601 -0.029312979752741979 -0.069511558977603749 0.02015621191192005 -0.016039251812393834 -0.046559334528454913 4.0517471391904856 0.0051845006537437994 -0.0066686214095360808 0.39282480130396485 -0.010151636981358804 -0.015627950258933987 0.03044021359901802 0.012689362170603688 0.015567225706173492 0.028091725514216431 -0.024955344257290974 -0.00073218576647150952 0.011846098835277735 -0.014269384155271523 -0.031944181270857942 -0.015971156715649196 0.01456386498587558 0.015561152435590956 0.049912248779804942 0.0039383116606293246
decision_type=2 2 2 2 2 2 2 2 2 2 2 2 2 2 2 2 2 2 2 2 2 2 2 2 2 2 2 2 2 2
left_child=1 28 4 19 5 -3 12 8 10 -10 20 -12 -7 14 -8 24 18 -18 -17 -4 -6 22 23 -2 -9 -26 29 -11 -1 -27
right_child=21 2 3 -5 7 6 13 15 9 27 11 -13 -14 -15 -16 16 17 -19 -20 -21 -22 -23 -24 -25 25 26 -28 -29 -30 -31
leaf_value=-0.0044956863881606196 -0.0022614106016520127 -0.013222885460903248 0.015379799454967725 0.049466528070549812 -0.012728036559470322 0.020244169721534526 -0.0032050882058683784 -0.0097622286166167919 0.022779992537508752 0.0026100782590047539 0.011258278799390323 0.040035618946421894 0.050278592002578087 -0.004519211254892466 0.018918681763606067 -0.0063608636351105254 -0.0076543772564918707 0.021208091011891764 -0.024312001913785936 -0.012210879237814384 0.013184907597522916 -0.022182600384609504 0.00022326483406492922 -0.026332965901458699 -0.0089063496775149062 0.038425533475608314 -0.0070250128582119951 -0.01189767678008705 -0.026546161710506395 0.012956749466134282
leaf_weight=225 26 30 48 31 23 51 32 36 29 169 38 32 20 46 117 130 33 30 50 22 56 178 61 58 24 22 20 61 21 41
leaf_count=225 26 30 48 31 23 51 32 36 29 169 38 32 20 46 117 130 33 30 50 22 56 178 61 58 24 22 20 61 21 41
internal_value=-4.39207e-11 0.00384203 0.00595297 0.0198322 0.00466692 0.0119742 0.014816 0.00194277 0.00620228 0.0014516 0.0144602 0.0244136 0.0287046 0.00975918 0.0141673 -0.0025595 -0.0068266 0.00608966 -0.0113473 0.00670844 0.00564063 -0.0170929 -0.0108448 -0.0188822 0.00469158 0.00955454 0.0148926 -0.00123763 -0.00637804 0.0218506
internal_weight=1760 1437 1191 101 1090 296 266 794 408 259 149 70 71 195 149 386 243 63 180 70 79 323 145 84 143 107 83 230 246 63
internal_count=1760 1437 1191 101 1090 296 266 794 408 259 149 70 71 195 149 386 243 63 180 70 79 323 145 84 143 107 83 230 246 63
is_linear=0
shrinkage=0.05


Tree=27
num_leaves=31
num_cat=0
split_feature=62 1 91 220 213 1 94 99 9 270 254 241 239 242 220 278 91 0 209 278 87 207 167 302 239 148 19 266 91 155
split_gain=41.7249 11.646 12.1368 7.6425 6.76653 7.51352 7.47096 6.23623 6.67669 5.96354 5.30386 5.59733 5.20828 4.98044 4.31984 3.996 4.00466 3.97088 4.08711 4.13524 5.57288 3.95981 4.36157 3.83949 4.91777 3.77933 3.46319 3.26084 3.12971 3.10129
threshold=1.2424533248940004 4.135134555718313 0.094059338084064345 -0.054130338586964186 0.12331269877795524 9.0188165970836902 -0.0023529598280323223 -0.11201736807247008 0.024987440792306592 0.047092916230013084 0.014967432531577408 0.040118367213984991 -0.016326402358972307 0.073886634192613182 0.0091965666964848158 0.018478533058575181 0.0099192354481145145 6.231453129745586 0.66228189462916853 -0.006142876964359072 -0.053791846755560827 -0.054508160276288263 -0.04224408606698541 -0.016507518265251476 0.0065603190009519913 -0.0010527411887347033 10.677083333333334 0.0089076141380402731 -0.01686238108956321 -0.03130498535676611
decision_type=2 2 2 2 2 2 2 2 2 2 2 2 2 2 2 2 2 2 2 2 2 2 2 2 2 2 2 2 2 2
left_child=1 3 4 -1 17 23 -7 -5 9 10 11 15 -4 29 -12 27 -17 18 19 20 -3 -2 -23 -6 -25 -19 -27 -9 -24 -10
right_child=21 2 12 7 5 6 -8 8 13 -11 14 -13 -14 -15 -16 16 -18 25 -20 -21 -22 22 28 24 -26 26 -28 -29 -30 -31
leaf_value=-0.011293558308879209 -0.0019184889715342297 0.0050119332551043861 0.047089443177632667 0.028006965006616986 0.0081541159991285802 0.025208876982919484 -0.0091897650518351134 0.0028582879486493771 -0.019713320295429895 -0.010649172256602951 0.029871995651506278 -0.016119719952852888 0.018829396332122481 0.014039726542501614 0.0093560614752807199 0.0077332712399462867 -0.021463307292888995 0.007309109206119227 -0.012458357608152761 0.0024505444358174618 0.029994732518566821 -0.0021279025046775741 -0.025539151370408131 -0.023264008326361243 0.0049109488770010925 0.017587649312416284 0.041715939519926908 0.017703071551091253 -0.014075128910675026 -0.0050130678906426425
leaf_weight=133 42 49 23 22 21 38 27 75 45 53 38 33 56 29 79 24 23 63 27 130 41 36 143 59 21 58 20 73 102 177
leaf_count=133 42 49 23 22 21 38 27 75 45 53 38 33 56 29 79 24 23 63 27 130 41 36 143 59 21 58 20 73 102 177
internal_value=-1.65363e-14 0.00364993 0.00872282 -0.000344035 0.00610838 -0.00233974 0.0109202 0.00182629 0.000938807 0.0049662 0.00736508 0.00292407 0.027057 -0.00544725 0.0160194 0.00614686 -0.00655442 0.00972278 0.00590107 0.00815427 0.016393 -0.0162382 -0.0183785 -0.0108734 -0.0158681 0.0164176 0.0237744 0.0101804 -0.0207664 -0.00799285
internal_weight=1760 1437 633 804 554 166 65 671 649 398 345 228 79 251 117 195 47 388 247 220 90 323 281 101 80 141 78 148 245 222
internal_count=1760 1437 633 804 554 166 65 671 649 398 345 228 79 251 117 195 47 388 247 220 90 323 281 101 80 141 78 148 245 222
is_linear=0
shrinkage=0.05


Tree=28
num_leaves=31
num_cat=0
split_feature=215 112 286 86 210 7 234 102 164 264 268 114 213 171 176 125 207 19 248 207 319 186 108 182 90 100 111 167 248 96
split_gain=37.7355 7.99922 13.8746 6.52368 6.91004 5.44762 5.33693 4.65413 6.54075 6.68198 5.86402 6.20394 5.86171 5.30258 5.2224 5.09277 8.1169 4.8982 4.80165 4.30798 4.25536 4.83997 3.98873 3.75944 3.56322 3.42296 4.04862 3.17623 3.1332 2.97469
threshold=-0.010793705791835292 0.062944387567128432 0.019516874421424794 -0.2177851817922862 -0.018624744585104425 0.22246482290150413 0.17176213132988413 -0.043424783845316207 0.035221244452557691 -0.014589047673462764 0.011022219187906059 0.0038306999301053655 0.25423378568160787 0.023795838339171798 -0.044163996654332342 -0.016797004224116629 0.0089047371514060555 34.166666666666679 0.0039129016977972886 -0.049199358870176096 -0.0073201386234666233 -0.0092336481447560671 -0.014662503708547962 0.0035229479900556076 -0.00024443087258541372 0.042753902410097001 -0.017249437083284129 -0.04224408606698541 0.00044606401120901741 -0.016010588462223762
decision_type=2 2 2 2 2 2 2 2 2 2 2 2 2 2 2 2 2 2 2 2 2 2 2 2 2 2 2 2 2 2
left_child=5 3 22 28 -5 19 7 14 9 10 -9 -12 15 -10 -6 16 18 20 24 -1 21 -17 -3 -20 -11 26 -22 -21 -2 -28
right_child=1 2 -4 4 6 -7 -8 8 13 12 11 -13 -14 -15 -16 17 -18 -19 23 27 25 -23 -24 -25 -26 -27 29 -29 -30 -31
leaf_value=-0.00085430618288905133 0.026117167825324708 0.017986110909176727 0.046230711223136996 -0.018799691531603459 0.021288557811861949 -0.0054624527315964488 -0.019803937918428952 0.0078488970452265158 0.011675711165298709 0.019335516681894663 0.04914743587374687 0.010236563161015511 -0.021644641451824171 0.042318794988095765 -0.00494742550577865 -0.014270557208718466 -0.0090998414046380947 0.021412070488314269 0.012347998134791852 -0.0039814896562269759 -0.024765018774912911 0.0091255496730584477 -0.0058847748009221894 0.040730979466544734 -0.0032354182015885326 0.0070439569914015013 -0.020003944264586876 -0.020202839730060811 0.0024120448308531197 -0.00061500609248272468
leaf_weight=43 46 35 31 36 21 249 24 148 48 36 20 21 26 20 196 28 41 23 20 35 39 105 35 28 34 32 27 219 20 74
leaf_count=43 46 35 31 36 21 249 24 148 48 36 20 21 26 20 196 28 41 23 20 35 39 105 35 28 34 32 27 219 20 74
internal_value=1.14075e-11 0.00490993 0.0183832 0.0036873 0.0027262 -0.010917 0.0034927 0.00405918 0.00588188 0.00444763 0.0124844 0.0292175 0.00148672 0.0206884 -0.00240846 0.00272166 0.0100655 -0.000838297 0.0167246 -0.0154899 -0.00251619 0.00420005 0.00605067 0.0289047 0.00837249 -0.00770957 -0.0110818 -0.0179676 0.0189338 -0.00579819
internal_weight=1760 1214 101 1113 1047 546 1011 987 770 702 189 41 513 68 217 487 159 328 118 297 305 133 70 48 70 172 140 254 66 101
internal_count=1760 1214 101 1113 1047 546 1011 987 770 702 189 41 513 68 217 487 159 328 118 297 305 133 70 48 70 172 140 254 66 101
is_linear=0
shrinkage=0.05


Tree=29
num_leaves=31
num_cat=0
split_feature=215 112 286 278 93 97 85 245 149 224 157 260 121 7 0 146 52 269 180 280 168 295 244 222 100 167 125 139 211 90
split_gain=34.0563 7.2193 12.5218 6.03148 7.53813 7.08704 5.65119 6.50634 6.27745 6.13286 7.12225 5.19782 4.91782 4.91647 4.46464 4.31718 4.09141 4.08508 4.01688 4.56918 4.04462 5.57023 3.94703 3.92133 3.82538 3.60987 3.35795 3.1475 3.12006 3.07555
threshold=-0.010793705791835292 0.062944387567128432 0.019516874421424794 0.032314617139495717 -0.060573939741531989 -0.041437856252101737 -0.061436012735780893 -0.012049151676470563 0.0026599982397680333 0.026717007124427015 0.00053071009436937299 0.012762987868373337 -0.022992659673745659 0.22246482290150413 5.4004200416950168 0.0075082729426491392 1.0000000180025095e-35 0.0081180750784483977 -0.0077624627631657133 0.0028780662053350553 0.0084755798326279167 0.0098165896121127222 -0.0023373806623080231 0.0035520891727567317 0.028091725514216431 -0.04224408606698541 -0.031555211043816235 -0.010022158987433078 -0.014297747270685824 0.0056376410225182768
decision_type=2 2 2 2 2 2 2 2 2 2 2 2 2 2 2 2 2 2 2 2 2 2 2 2 2 2 2 2 2 2
left_child=13 3 24 4 28 -5 12 9 -9 17 -11 27 -6 16 -7 -13 25 23 19 26 -20 -22 -16 -8 -3 -1 -14 -10 -2 -18
right_child=1 2 -4 5 6 14 7 8 11 10 -12 15 18 -15 22 -17 29 -19 20 -21 21 -23 -24 -25 -26 -27 -28 -29 -30 -31
leaf_value=-0.002144362266574587 0.029433112375305166 0.013661275734193623 0.043919175094173805 0.019558109143482789 -0.0011084926814731698 -0.014079146727777292 0.0031968274353338143 -0.0128326934441275 -0.01677924115811625 0.0055066197216510774 0.045537948943674571 0.034141787464031952 0.025900909659469985 -0.0051893300912623491 0.01136206111456785 0.0012891424726694824 -0.014083763230592012 0.012336847049797454 0.010350175843814214 -0.0077190108299255381 0.015907527627682105 0.047620870731770994 -0.010522910914579898 -0.025385393574833871 -0.01151690014045347 -0.019426821783312481 0.0042372368820855081 0.0044469061761628834 0.0093734853681073423 0.01331294367112042
leaf_weight=35 42 48 31 28 115 108 28 132 31 25 20 20 27 249 45 20 20 41 128 50 45 20 38 21 22 221 53 40 36 21
leaf_count=35 42 48 31 28 115 108 28 132 31 25 20 20 27 249 45 20 20 41 128 50 45 20 38 21 22 221 53 40 36 21
internal_value=-8.45003e-12 0.00466444 0.017464 0.00350293 0.00532468 -0.00393378 0.00390518 -0.000573873 -0.00546328 0.00822706 0.0232983 0.00330035 0.00777066 -0.0103711 -0.00737762 0.0177155 -0.0147154 0.000691429 0.010932 0.00413806 0.0155082 0.0256655 0.00134244 -0.0090527 0.00574813 -0.017064 0.0115487 -0.00482085 0.0201748 -5.13036e-05
internal_weight=1760 1214 101 1113 894 219 816 378 243 135 45 111 438 546 191 40 297 90 323 130 193 65 83 49 70 256 80 71 78 41
internal_count=1760 1214 101 1113 894 219 816 378 243 135 45 111 438 546 191 40 297 90 323 130 193 65 83 49 70 256 80 71 78 41
is_linear=0
shrinkage=0.05


Tree=30
num_leaves=31
num_cat=0
split_feature=62 1 91 249 220 320 213 1 96 218 232 312 152 82 293 319 111 180 205 240 117 195 277 306 230 10 246 329 139 221
split_gain=30.8443 9.33779 9.53729 6.56016 6.44621 6.1034 5.34313 6.48994 6.85293 4.79156 5.40235 4.74922 4.48371 3.97317 3.72513 3.96306 3.6337 4.88862 3.47767 3.46381 4.22375 3.47631 3.47214 3.46108 4.16537 4.60132 4.4211 3.8429 3.51138 3.19984
threshold=1.2424533248940004 4.135134555718313 0.094059338084064345 -0.097372753313149943 -0.054130338586964186 -0.00066204945081870263 0.12331269877795524 9.0188165970836902 -0.02345931895328009 0.027074781620395956 -0.017991323373845469 -0.0066670503466422738 0.0052045568038105181 -0.19262958615768208 -0.054087697319492013 -0.049977823961172702 0.00060443561979104689 0.014275724173974198 0.0015763055963466739 -0.00073218576647150952 0.011846098835277735 -0.014269384155271523 -0.0028203505336983612 -0.024778497362183533 0.028362830121894271 0.082220719959438915 -0.035281253044200579 -0.024394934842097947 -0.031926806928823291 -0.056445362783675977
decision_type=2 2 2 2 2 2 2 2 2 2 2 2 2 2 2 2 2 2 2 2 2 2 2 2 2 2 2 2 2 2
left_child=1 3 6 -1 -5 14 23 18 -9 13 -11 -4 -12 -7 -6 -16 -17 -18 -8 20 21 -2 -22 -3 25 27 -26 -25 -29 -15
right_child=19 2 11 4 5 9 7 8 -10 10 12 -13 -14 29 15 16 17 -19 -20 -21 22 -23 -24 24 26 -27 -28 28 -30 -31
leaf_value=0.025309663351314765 -0.00030458655494910026 -0.0007647216526343476 0.044306964637889044 -0.011441471337434627 -0.024486848183663652 -0.016899151106675468 -0.016684529967884075 -0.0079090242113532688 0.024750852403748368 -0.0044488574471324687 0.013565859198570252 0.016556441053398884 0.044562553577125075 0.022611655185358938 0.018242946249388516 -0.0093385171170573301 -0.003281846026731457 0.020519419905862639 0.0029489707992658679 -0.018634635407812475 0.014739856759219298 -0.022306908741352504 -0.0091986806188343161 -0.0039727830444462597 0.020352638013322245 0.034663251109421256 -0.0059101278341170092 0.002349153787751372 0.0189942983592781 0.0025995854738979571
leaf_weight=24 26 79 21 129 21 24 67 29 36 20 28 58 20 22 21 156 94 28 34 178 28 58 33 32 22 25 59 42 129 217
leaf_count=24 26 79 21 129 21 24 67 29 36 20 28 58 20 22 21 156 94 28 34 178 28 58 33 32 22 25 59 42 129 217
internal_value=-2.44406e-12 0.00313815 0.0076806 -0.000438176 -0.00123042 0.000792971 0.00536299 -0.00214415 0.0101795 0.00555319 0.0173841 0.0239332 0.0264811 0.00249425 -0.00413088 -0.00270119 -0.0042833 0.00218074 -0.0100752 -0.0139614 -0.00822455 -0.0154967 0.0017895 0.00857482 0.0109626 0.0144227 0.00122297 0.01193 0.014906 0.0044417
internal_weight=1760 1437 633 804 780 651 554 166 65 331 68 79 48 263 320 299 278 122 101 323 145 84 61 388 309 228 81 203 171 239
internal_count=1760 1437 633 804 780 651 554 166 65 331 68 79 48 263 320 299 278 122 101 323 145 84 61 388 309 228 81 203 171 239
is_linear=0
shrinkage=0.05


Tree=31
num_leaves=31
num_cat=0
split_feature=215 112 286 278 93 97 264 253 324 204 85 235 86 287 148 0 313 19 336 244 108 95 307 261 325 129 223 223 297 203
split_gain=27.9775 6.34603 11.0481 5.4771 6.54246 6.279 5.1238 5.92378 6.35454 4.94143 4.61699 4.61089 4.47203 4.02854 5.45875 4.01489 3.84043 3.76816 3.48094 3.43803 3.40873 3.40424 3.37012 3.21428 3.71278 4.69935 7.48501 3.35659 3.17082 3.06509
threshold=-0.011961909878241984 0.062944387567128432 0.019516874421424794 0.032314617139495717 -0.060573939741531989 -0.041437856252101737 -0.014589047673462764 -0.017662756271704525 -0.031312906250381627 0.021086195099902515 -0.18343776975996523 0.072382665159137285 -0.073443705893200914 -0.02004909477679755 0.010865546871815185 5.4004200416950168 0.019986452207031186 10.114379084967322 0.0017393452228169285 -0.0023373806623080231 -0.014662503708547962 0.051155615735039496 0.055359998637660973 0.019229800141976117 0.0088562591795334159 0.0082819358904620711 0.022422754924018993 0.00063098042854440076 0.042735301836336913 0.0046881409947639114
decision_type=2 2 2 2 2 2 2 2 2 2 2 2 2 2 2 2 2 2 2 2 2 2 2 2 2 2 2 2 2 2
left_child=11 3 20 4 -2 -5 9 8 -8 13 29 17 -10 14 -6 -7 -13 28 21 -17 -3 -14 -19 24 25 26 27 -12 -1 -9
right_child=1 2 -4 5 6 15 7 10 12 -11 23 16 18 -15 -16 19 -18 22 -20 -21 -22 -23 -24 -25 -26 -27 -28 -29 -30 -31
leaf_value=-0.019986245031388284 0.018629328745942659 0.016020660129207602 0.040995308918307632 0.018110329391700881 0.034868495450600195 -0.013544260435566786 0.028043182616067287 0.013723445219511632 0.020446784433090327 -0.013123627211011591 0.0085127705538814713 -0.005856936564669013 -0.016648607767586195 0.0070484146952282563 0.0074999294323580606 0.010402052451002723 0.021608850564807654 -0.0093670040507328606 0.0087670244866915586 -0.01002312288374493 -0.0058927708810993604 0.0076305799736556684 0.010150455256613594 -0.015464721888792318 -0.010429787045805571 -0.0080365898885408089 0.032028464643427956 -0.015057594512346324 -0.0010242900848075247 -0.0046794040048761028
leaf_weight=145 78 36 31 28 38 109 34 64 33 21 44 35 42 129 35 45 20 282 56 38 35 22 24 61 97 68 26 23 26 35
leaf_count=145 78 36 31 28 38 109 34 64 33 21 44 35 42 129 35 45 20 282 56 38 35 22 24 61 97 68 26 23 26 35
internal_value=1.5678e-11 0.0041493 0.0160917 0.00306748 0.00478588 -0.00400919 0.00348179 0.00109383 0.00849089 0.00996031 -0.00221538 -0.0095777 0.00414594 0.0123601 0.0217466 -0.00723495 0.00413062 -0.0111583 -0.000336795 0.00105077 0.00521826 -0.00830264 -0.00783622 -0.00514278 -0.00270233 0.00195335 0.00925782 0.000421451 -0.0171031 0.00721739
internal_weight=1760 1228 102 1126 906 220 828 605 187 223 418 532 153 202 73 192 55 477 120 83 71 64 306 319 258 161 93 67 171 99
internal_count=1760 1228 102 1126 906 220 828 605 187 223 418 532 153 202 73 192 55 477 120 83 71 64 306 319 258 161 93 67 171 99
is_linear=0
shrinkage=0.05


Tree=32
num_leaves=31
num_cat=0
split_feature=62 1 91 249 9 278 239 213 250 0 325 84 314 99 259 333 324 321 1 195 158 333 204 239 1 271 318 269 239 217
split_gain=25.6051 7.94918 8.36362 5.55684 6.24168 5.70059 5.52856 5.06248 6.97233 7.04517 4.98643 5.06558 4.56277 4.09795 3.35918 3.81077 3.29989 3.26857 3.44459 3.19013 3.96213 3.1781 3.16279 3.13372 3.10724 3.14814 3.13749 2.97698 2.94463 3.15285
threshold=1.2424533248940004 4.166635176627655 0.094059338084064345 -0.097372753313149943 0.024987440792306592 0.030379655298691799 -0.016326402358972307 0.12331269877795524 -0.021496572406453456 10.968067845939002 0.023973072617453659 0.32154973125159803 0.00032705893458073818 -0.11040624643374498 0.017636814608855831 0.012439255916559892 0.0022819448243097799 -0.029912333150522746 4.5900436644025815 -0.007740670049217877 -0.019532208287186405 0.051937445591166288 -0.00078583993266979695 0.0008355772527788881 3.4175922930736511 -0.011537419170275497 0.047525194291814295 0.0038952834720204664 0.0038827613894688246 0.0097183200039686803
decision_type=2 2 2 2 2 2 2 2 2 2 2 2 2 2 2 2 2 2 2 2 2 2 2 2 2 2 2 2 2 2
left_child=1 3 7 -1 5 10 -4 16 -9 28 11 14 -11 -6 -5 -16 19 27 -19 -3 -21 24 -12 -20 25 -15 -26 -2 29 -10
right_child=17 2 6 4 13 -7 -8 8 9 12 22 -13 -14 21 15 -17 -18 18 23 20 -22 -23 -24 -25 26 -27 -28 -29 -30 -31
leaf_value=0.023402521564275958 -0.014294594286107704 0.0051113945449469608 0.045627230666577819 0.010991382037305316 0.011914600200694183 -0.0072599851389424184 0.014609851948825607 0.020396930045847382 -0.033927567122924711 -0.010902083020967741 0.0047276843066622574 0.033319699438288809 0.01740339633077383 -0.0047695764118088849 0.0071160826861159879 -0.015840228653416551 0.0033355241659922871 -0.016131674578752031 -0.010104602515768214 -0.0015223766998609617 0.022499656489495427 0.01061548072506081 -0.015034091765992345 0.0062004834879189731 -0.0079630894639465509 -0.024630226497758041 0.011600995047584824 -0.033753551261809969 -0.0023085641107805396 -0.0088357220980383091
leaf_weight=24 57 80 20 176 29 108 51 28 31 24 41 20 35 32 48 29 176 110 79 21 94 22 40 47 188 53 23 30 23 21
leaf_count=24 57 80 20 176 29 108 51 28 31 24 41 20 35 32 48 29 176 110 79 21 94 22 40 47 188 53 23 30 23 21
internal_value=3.52388e-11 0.00285924 0.00722647 -0.000307403 -0.00101079 0.0027954 0.0233471 0.00507907 -0.00229518 -0.00703681 0.00586315 0.00909554 0.0058893 -0.00607839 0.00718059 -0.0015298 0.00829909 -0.0127205 -0.00966663 0.012779 0.018113 -0.00771926 -0.00503122 -0.00402255 -0.00908198 -0.0171533 -0.00583051 -0.0210046 -0.0172054 -0.0237943
internal_weight=1760 1437 604 833 809 462 71 533 162 134 354 273 59 347 253 77 371 323 236 195 115 318 81 126 296 85 211 87 75 52
internal_count=1760 1437 604 833 809 462 71 533 162 134 354 273 59 347 253 77 371 323 236 195 115 318 81 126 296 85 211 87 75 52
is_linear=0
shrinkage=0.05


Tree=33
num_leaves=31
num_cat=0
split_feature=62 1 91 220 99 239 213 250 0 182 237 147 83 129 314 81 317 180 283 324 137 277 299 1 117 257 319 179 333 259
split_gain=23.1086 7.17413 7.54816 5.19059 7.9228 4.98953 4.56889 6.29253 6.35827 4.43398 5.27565 5.11717 4.38336 6.39419 4.1179 3.8833 3.84758 4.38359 3.1302 3.11092 3.22269 3.75712 4.2161 3.02657 4.02517 3.95759 3.62143 3.01351 2.95761 2.83078
threshold=1.2424533248940004 4.166635176627655 0.094059338084064345 -0.048427285125640908 -0.11452575089969688 -0.016326402358972307 0.12331269877795524 -0.021496572406453456 10.968067845939002 0.014755386727820211 0.01366733580974819 -0.055630595405630298 0.22737468193700647 -0.022989932359277796 0.00032705893458073818 -0.4516615751605666 -0.046717702655092952 0.026936549851777281 -0.033421512671517058 0.029855904863373972 0.052321282420701477 -0.018087785935184123 -0.025897968615332608 4.7405652883788738 0.012689362170603688 0.014168226671684223 0.00098154653362166684 0.0029743308650252453 0.037008271120006812 -0.018440069316277938
decision_type=2 2 2 2 2 2 2 2 2 2 2 2 2 2 2 2 2 2 2 2 2 2 2 2 2 2 2 2 2 2
left_child=1 3 6 -1 -5 -4 19 -8 -9 10 11 -6 15 -14 -10 27 -17 -18 -11 20 21 29 -23 25 -25 26 -2 -13 -12 -3
right_child=23 2 5 4 9 -7 7 8 14 18 28 12 13 -15 -16 16 17 -19 -20 -21 -22 22 -24 24 -26 -27 -28 -29 -30 -31
leaf_value=-0.0081154490777321665 -0.019782749567107828 -0.0078385563360320199 0.043345869630575184 0.032691438198089603 -0.014301035209343985 0.013879359480650985 0.019377083457740293 -0.016345088522260388 -0.010356979332088184 -0.023127082723658533 -0.0065636486496810399 -0.018567152414470912 0.0038509500456885212 0.042423290488394827 0.016533226601646415 -0.010477370633320375 0.0088277154879149375 0.033142668925713568 -0.0035412929065333793 -0.0038528745694618137 -0.0072073979446521177 0.037026799528393897 0.012772046822410208 -0.012664420934283714 0.0064778888671013241 -0.023857219114527643 -0.0020430645966068067 0.0074720605835318565 0.013093202493407511 0.0095008341174380971
leaf_weight=169 51 36 20 20 26 51 28 75 24 24 147 25 21 22 35 22 158 21 136 49 26 20 172 76 43 87 66 20 22 68
leaf_count=169 51 36 20 20 26 51 28 75 24 24 147 25 21 22 35 22 158 21 136 49 26 20 172 76 43 87 66 20 22 68
internal_value=-9.65263e-12 0.00271628 0.00686515 -0.000292033 0.00169917 0.0221798 0.00482511 -0.00218042 -0.00668497 0.000736676 0.00312208 0.00694568 0.00885715 0.0235856 0.00559484 0.00628266 0.00925509 0.0116803 -0.00647916 0.00788413 0.0096702 0.0111527 0.0152986 -0.0120845 -0.00574745 -0.0157811 -0.00977575 -0.00699417 -0.00400477 0.00349874
internal_weight=1760 1437 604 833 664 71 533 162 134 644 484 315 289 43 59 246 201 179 160 371 322 296 192 323 119 204 117 45 169 104
internal_count=1760 1437 604 833 664 71 533 162 134 644 484 315 289 43 59 246 201 179 160 371 322 296 192 323 119 204 117 45 169 104
is_linear=0
shrinkage=0.05


Tree=34
num_leaves=31
num_cat=0
split_feature=215 153 215 210 111 56 242 168 317 301 170 250 250 250 102 281 200 95 281 212 206 137 246 322 307 81 285 267 301 109
split_gain=20.9419 5.5563 4.28221 5.45382 5.2182 6.93104 4.7542 6.29409 5.34383 5.06393 5.26602 4.72642 4.65812 4.47069 4.77119 4.71814 4.29443 4.16486 4.89209 3.91961 3.45577 3.41469 3.35844 3.60596 3.32338 3.28261 3.22727 3.06883 2.95047 2.88903
threshold=-0.010793705791835292 -0.086142950101293372 0.028262720081313236 -0.018624744585104425 0.0060874282428452888 1.0000000180025095e-35 0.024793154682589847 -0.0044287414891067238 -0.014177764811482916 -0.025132388822492368 0.021607327576613686 0.0030829487433242822 -0.018254396107765501 0.0073921415030868392 -0.075681970412077568 -0.045429198047839757 -0.0006776734313528914 0.10746828520687986 -0.029958048234438147 0.12238446229596818 0.0093763553275605666 0.01000673034806521 -0.052155648921357593 0.01394328635517552 0.047829169345463239 -0.54038046368524106 -0.013380024084376088 -0.02228305416115375 -0.027291432498117652 0.0098940889721274451
decision_type=2 2 2 2 2 2 2 2 2 2 2 2 2 2 2 2 2 2 2 2 2 2 2 2 2 2 2 2 2 2
left_child=19 -2 3 -3 6 13 12 8 -8 -9 16 -10 25 14 -6 -16 -11 18 21 22 -18 -14 -1 24 -24 -5 -17 -20 -29 -15
right_child=1 2 -4 4 5 -7 7 9 11 10 -12 -13 17 29 15 26 20 -19 27 -21 -22 -23 23 -25 -26 -27 -28 28 -30 -31
leaf_value=0.0061120523523320175 0.02855660605498336 -0.018560140343227737 0.01557651589850359 0.020667966048233212 -0.0087482978174063791 0.031302405208615318 -0.019555812281157291 -0.0049101336800958968 -0.009492356296686922 0.037692435522330925 -0.0047851694481713435 0.016917400406156149 0.015989005435579295 -0.0050249481335764325 0.031205859311646031 0.020127325318753719 0.024352296904793808 0.012001569698063229 0.00046896302244729465 0.010812993119291675 -0.0013039262300091131 -0.010866271629929543 -0.008549085620232667 -0.01658873336048176 0.01199395295587324 0.00069280037189008885 0.0049661137992559282 -0.0013570729546762746 -0.019045813483673901 0.0071954789710053733
leaf_weight=34 22 30 66 25 28 28 35 32 32 32 21 36 29 114 31 52 35 26 36 26 21 20 315 150 21 116 108 29 126 84
leaf_count=34 22 30 66 25 28 28 35 32 32 32 21 36 29 114 31 52 35 26 36 26 21 20 315 150 21 116 108 29 126 84
internal_value=1.14439e-11 0.0036577 0.00319816 0.00247261 0.00304832 0.0072212 0.000195893 0.00571439 -0.00368138 0.012578 0.0177121 0.00448928 -0.00311249 0.00560424 0.0105269 0.0133526 0.0230807 -0.00700695 -0.00906621 -0.00813269 0.0147312 0.00502767 -0.00907998 -0.0101428 -0.00726515 0.0042345 0.00989351 -0.0126819 -0.0157363 0.000159475
internal_weight=1760 1214 1192 1126 1096 445 651 244 103 141 109 68 407 417 219 191 88 266 240 546 56 49 520 486 336 141 160 191 155 198
internal_count=1760 1214 1192 1126 1096 445 651 244 103 141 109 68 407 417 219 191 88 266 240 546 56 49 520 486 336 141 160 191 155 198
is_linear=0
shrinkage=0.05


Tree=35
num_leaves=31
num_cat=0
split_feature=62 1 91 277 94 239 241 148 290 213 1 96 19 314 320 316 303 267 11 134 277 324 294 188 156 321 156 138 297 214
split_gain=18.9603 6.09099 6.45879 4.74104 5.14263 4.47748 4.21095 4.01717 4.20942 3.94613 5.39182 5.78811 3.68462 3.36685 3.34527 4.15068 3.9914 3.81745 3.11506 3.10027 2.88339 3.03018 2.82324 4.43158 3.63762 2.7926 3.20342 3.36012 2.71703 3.18677
threshold=1.2424533248940004 4.166635176627655 0.094059338084064345 0.10330069718208702 -0.060572280420243547 -0.016326402358972307 0.042792901095418889 0.019761149494763517 -0.010711777528685197 0.12331269877795524 9.0188165970836902 -0.02345931895328009 24.725620567375891 -0.060106084511047174 0.0050402865129076527 0.025863162669864121 -0.0021900504383845902 -0.014075836506731962 2.0038461538461543 0.016989397764876193 -0.086563453670816456 0.0022819448243097799 -0.00080058006823308949 -0.00088036435123205875 0.0042286797303386107 -0.029912333150522746 0.019062005845626551 -0.019724966999652652 0.012863545065225938 -0.025483507383352959
decision_type=2 2 2 2 2 2 2 2 2 2 2 2 2 2 2 2 2 2 2 2 2 2 2 2 2 2 2 2 2 2
left_child=1 3 9 4 6 -4 7 8 -1 20 19 -12 13 -6 28 17 -17 -16 -14 -11 -3 -22 23 -23 -25 -2 27 -27 -15 -30
right_child=25 2 5 -5 12 -7 -8 -9 -10 10 11 -13 18 14 15 16 -18 -19 -20 -21 21 22 -24 24 -26 26 -28 -29 29 -31
leaf_value=-0.0069697361766687923 -0.018603385906150009 -0.0099067864170217009 0.040500370775116611 0.023738473786506804 0.0117834429605864 0.01258676263558514 -0.011963877151720226 0.0293053522783642 0.013881088851152787 -0.014280288333324471 -0.0075951596529319366 0.022420288066172769 -0.00053449861760086878 -0.0050822587155500247 0.0033404708110603941 -0.0018184557851207883 0.021584357938596182 -0.011038297113890832 0.022992805779601139 0.0074236782799874034 0.012828183949382588 0.025999477216652758 -0.0023611012513435488 0.014232627954334021 -0.014262451719315278 0.0048836288584145505 0.0014263897159253248 -0.014625970646978216 -0.0022271414724827714 -0.021074828066463984
leaf_weight=37 87 23 20 20 32 51 24 24 70 76 29 36 34 205 83 38 35 104 24 21 182 29 92 24 21 26 64 146 33 70
leaf_count=37 87 23 20 20 32 51 24 24 70 76 29 36 34 205 83 38 35 104 24 21 182 29 92 24 21 26 64 146 33 70
internal_value=1.17791e-11 0.00246042 0.00628329 -0.000311505 -0.000903141 0.0204498 0.00729027 0.0108177 0.00667099 0.0043962 -0.00211441 0.00902878 -0.0028332 -0.0039965 -0.00488551 -0.000709125 0.00940207 -0.00465628 0.00920094 -0.00958149 0.00723911 0.00837231 0.00348696 0.0107575 0.000934924 -0.0109462 -0.00812343 -0.0116768 -0.00841103 -0.0150362
internal_weight=1760 1437 604 833 813 71 155 131 107 533 162 65 658 600 568 260 73 187 58 97 371 348 166 74 45 323 236 172 308 103
internal_count=1760 1437 604 833 813 71 155 131 107 533 162 65 658 600 568 260 73 187 58 97 371 348 166 74 45 323 236 172 308 103
is_linear=0
shrinkage=0.05


Tree=36
num_leaves=31
num_cat=0
split_feature=215 153 234 93 210 287 186 324 176 320 125 243 234 156 195 138 185 284 261 108 215 179 278 323 333 172 130 9 235 277
split_gain=17.1866 4.91441 3.98926 4.20584 4.83319 4.11179 5.23689 4.37212 4.61885 4.01578 3.69879 4.51952 4.31998 3.71539 3.40359 3.51728 3.32451 3.18867 3.16823 3.44481 4.16342 3.75127 3.5151 3.05504 3.04221 3.02516 3.56456 3.53006 2.98018 2.93466
threshold=-0.010793705791835292 -0.086142950101293372 0.17176213132988413 -0.060573939741531989 -0.018624744585104425 -0.046375230768733115 -0.006663147360929325 0.029855904863373972 -0.004509611413317626 -0.023162085321334156 -0.015627950258933987 -0.012822981501631343 0.010949180600466636 0.0020195749924991472 -0.018464422648145035 -0.018980038351929501 -0.0058122034050283227 0.019627032013690208 -0.01194526517333973 -0.030032614410403478 0.001312823157379926 0.0017119160253991018 -0.023028165381698894 -0.0049817501093487445 0.019075149753528284 -0.0039439399926369644 0.0064813378053496752 0.026692111959287536 -0.046977130685069542 0.0060244045721869451
decision_type=2 2 2 2 2 2 2 2 2 2 2 2 2 2 2 2 2 2 2 2 2 2 2 2 2 2 2 2 2 2
left_child=14 -2 3 -3 -5 6 -6 8 10 24 13 16 -13 -7 29 17 -12 -16 25 20 -20 -22 -21 -8 -10 27 -27 -11 -9 -1
right_child=1 2 -4 4 5 7 23 28 9 18 11 12 -14 -15 15 -17 -18 -19 19 22 21 -23 -24 -25 -26 26 -28 -29 -30 -31
leaf_value=0.005630450213866425 0.026730133847079496 0.01414403902838029 -0.01729734775144607 -0.016676895602722654 0.029679927192628387 0.023507948532219856 -0.0042109724957236023 0.0068050752380205432 -0.0025750230066478256 0.017564156420390914 0.026260630002555747 -0.010626234011307582 0.008477847594416367 0.0048681818964356124 -0.007211372973551131 -0.011920935137596012 0.0056339971854218419 0.014166464767633722 0.0010225203343328427 0.015032928831015641 0.039748946231390747 0.010204751450907101 -0.0018890327702845552 0.01337597934400727 -0.023007219304041617 -0.019035370344732037 0.0035005765168794564 -0.0087905758700799197 -0.010131944753017954 -0.0092161312911724826
leaf_weight=80 22 83 24 32 30 62 43 34 49 27 30 67 53 47 53 330 56 26 33 39 21 22 144 58 29 47 28 24 110 57
leaf_count=80 22 83 24 32 30 62 43 34 49 27 30 67 53 47 53 330 56 26 33 39 21 22 144 58 29 47 28 24 110 57
internal_value=-3.17926e-11 0.00331356 0.00288138 0.00329601 0.00246616 0.00304791 0.0113369 0.00187019 0.00335148 0.000173792 0.00802219 0.00408102 -0.0021886 0.0154706 -0.00736752 -0.00965228 0.0128293 -0.000175629 0.00226974 0.00543336 0.0143813 0.0246333 0.00171729 0.00588847 -0.0101716 -0.00423324 -0.010622 0.00516193 -0.00613293 -0.000546595
internal_weight=1760 1214 1192 1168 1085 1053 131 922 778 463 315 206 120 109 546 409 86 79 385 259 76 43 183 101 78 126 75 51 144 137
internal_count=1760 1214 1192 1168 1085 1053 131 922 778 463 315 206 120 109 546 409 86 79 385 259 76 43 183 101 78 126 75 51 144 137
is_linear=0
shrinkage=0.05


Tree=37
num_leaves=31
num_cat=0
split_feature=62 1 91 249 259 278 137 209 264 111 278 122 162 203 330 113 191 223 313 224 96 250 88 322 129 279 100 248 313 207
split_gain=15.752 5.104 5.55099 4.37366 4.27377 4.22102 4.86474 4.47038 6.46556 3.90092 4.0366 3.68228 4.88659 3.32384 3.24002 3.09997 2.90157 2.86608 2.8624 2.85556 2.78765 2.78293 4.8361 4.29442 3.14887 2.95031 2.89171 3.28072 2.92279 2.62668
threshold=1.2424533248940004 4.135134555718313 0.094059338084064345 -0.097372753313149943 0.018547227741485584 0.030379655298691799 -0.01028184156760858 0.082770113737625869 0.0072087235659556324 0.00034073917432073775 1.0000000180025095e-35 0.019858265992828982 0.0012279032302748493 -0.0061452708684015473 0.022342351100791382 -0.0048285846516191184 -0.011553323717766696 0.00063098042854440076 0.013915026856445634 -0.021294830278777547 0.0059919522626020764 -0.021496572406453456 0.099169558577539244 -0.010474047682142922 0.017686966767126007 -0.0076464117207428349 -0.02955593083942017 0.0062040598319929681 0.0058905872700542187 -0.054508160276288263
decision_type=2 2 2 2 2 2 2 2 2 2 2 2 2 2 2 2 2 2 2 2 2 2 2 2 2 2 2 2 2 2
left_child=1 3 11 -1 5 7 20 13 14 10 -4 21 15 -5 16 -13 -9 -15 -14 -6 -7 23 25 -3 -25 -23 -27 28 -28 -2
right_child=29 2 9 4 19 6 -8 8 -10 -11 -12 12 18 17 -16 -17 -18 -19 -20 -21 -22 22 -24 24 -26 26 27 -29 -30 -31
leaf_value=0.020622119881833594 0.0016855324285903147 -0.010872243840078061 0.022745865791597788 0.02376461163736307 -0.012597018793320997 0.018861746373586358 -0.017080915100022891 0.014947307689322365 -0.008944641984375527 0.037083362955600024 -0.0037205023802816869 -0.0090553232896569604 0.013167233091141834 0.012791511239483952 0.019891812300516499 0.010906632721605825 -0.0017961896702890165 -0.0057377184377401143 0.03439969037109139 -0.0020902953766918152 -0.0072211968823380412 -0.0056817804360021415 -0.015490584660378493 0.020295145372386157 -0.0028172745369374752 -0.0022633167174853273 0.02702916848528035 -0.0061408719846180512 0.0070896169634579566 -0.011720396199029974
leaf_weight=24 42 22 34 39 104 20 57 36 112 20 25 37 57 60 36 41 92 32 22 171 21 88 49 56 20 67 34 21 40 281
leaf_count=24 42 22 34 39 104 20 57 36 112 20 25 37 57 60 36 41 92 32 22 171 21 88 49 56 20 67 34 21 40 281
internal_value=3.65782e-12 0.00224262 0.00560095 -0.000401442 -0.00104832 0.00168285 -0.00763288 0.00392595 0.000315793 0.0180002 0.0115313 0.00383282 0.010315 0.0115321 0.00663999 0.0014375 0.00291292 0.00634656 0.0190801 -0.00606375 0.00550219 0.00126935 -0.00112729 0.00858156 0.0142129 0.00168792 0.00569121 0.0113012 0.016251 -0.00997721
internal_weight=1760 1437 633 804 780 505 98 407 276 79 59 554 157 131 164 78 128 92 79 275 41 397 299 98 76 250 162 95 74 323
internal_count=1760 1437 633 804 780 505 98 407 276 79 59 554 157 131 164 78 128 92 79 275 41 397 299 98 76 250 162 95 74 323
is_linear=0
shrinkage=0.05


Tree=38
num_leaves=31
num_cat=0
split_feature=62 1 91 277 94 190 148 290 287 250 85 122 319 215 56 120 19 307 268 105 314 192 256 320 316 233 335 267 291 123
split_gain=14.2162 4.64202 5.08094 4.02332 4.15626 4.00857 3.69836 3.87974 3.27886 3.39299 4.9816 3.36887 3.46444 3.42667 4.03684 3.1604 3.13189 3.06991 3.01905 3.45026 2.9613 2.84491 2.80804 2.77621 3.61937 3.66051 3.52223 3.25513 2.70109 2.67869
threshold=1.2424533248940004 4.166635176627655 0.094059338084064345 0.10330069718208702 -0.060572280420243547 -0.0024931402420920331 0.019761149494763517 -0.010711777528685197 0.0043826573081982142 -0.021496572406453456 -0.020862743729045341 0.019858265992828982 -0.0074015187922638181 0.017063657023829979 1.0000000180025095e-35 0.020852587735844981 24.725620567375891 -0.0047081134240215894 0.0015858241590905669 -0.059435601644385661 -0.060106084511047174 0.0021627956802632918 -0.01684846966739767 0.0050402865129076527 0.025863162669864121 0.013886365237936708 -0.012402170176717868 -0.014075836506731962 -0.0010310409484692218 0.0030145243546895874
decision_type=2 2 2 2 2 2 2 2 2 2 2 2 2 2 2 2 2 2 2 2 2 2 2 2 2 2 2 2 2 2
left_child=1 3 8 4 6 -4 7 -1 11 28 18 13 -13 14 15 -3 20 -9 -11 -20 -6 -7 -12 -22 27 26 -26 -25 -10 -18
right_child=-2 2 5 -5 16 21 -8 17 9 10 22 12 -14 -15 -16 -17 29 -19 19 -21 23 -23 -24 24 25 -27 -28 -29 -30 -31
leaf_value=-0.008891983650003871 -0.009478349948785594 -0.0017431763591817938 0.035195649478017642 0.021865527303889395 0.011157057469245047 -0.0045940605271607635 0.022980161091046676 -0.005660625485082468 -0.0022309862077236177 0.011420084185038622 0.00076319307443641483 0.028416964767331427 0.0077802411157567551 -0.0096462177219923187 0.025963772825586304 0.014007036932934154 0.00072990418901961113 0.015602174139348791 0.0099253441284721106 -0.014290218008682132 -0.0076874518762085611 0.020096510136500004 -0.021158091628846402 0.0030273009683510449 0.018115824209526184 0.026389345349300476 -0.0086321468974347223 -0.010250291081431967 0.018817425516567062 0.023336672536097468
leaf_weight=45 323 91 23 20 32 20 28 24 27 52 21 33 53 38 24 49 38 58 24 38 308 28 48 83 20 21 32 104 35 20
leaf_count=45 323 91 23 20 32 20 28 24 27 52 21 33 53 38 24 49 38 58 24 38 308 28 48 83 20 21 32 104 35 20
internal_value=-2.94346e-13 0.00213049 0.00546781 -0.000289379 -0.000834395 0.0180327 0.00653146 0.00290497 0.00379407 -0.000457811 -0.00388272 0.00741112 0.015699 0.00388262 0.00701736 0.0037694 -0.00256951 0.00937892 0.0025353 -0.00491645 -0.00364202 0.00980877 -0.0144864 -0.00447577 -0.000671155 0.00877074 0.00165553 -0.00435703 0.00965118 0.00852534
internal_weight=1760 1437 604 833 813 71 155 127 533 245 183 288 86 202 164 140 658 82 114 62 600 48 69 568 260 73 52 187 62 58
internal_count=1760 1437 604 833 813 71 155 127 533 245 183 288 86 202 164 140 658 82 114 62 600 48 69 568 260 73 52 187 62 58
is_linear=0
shrinkage=0.05


Tree=39
num_leaves=31
num_cat=0
split_feature=62 1 91 249 9 239 278 164 270 278 293 99 213 1 285 304 108 97 234 191 255 290 329 122 116 117 280 270 148 329
split_gain=12.8301 4.18942 4.58555 3.83225 4.01185 3.80959 3.79042 3.7928 3.85825 3.43785 3.40454 3.18272 3.06618 4.66296 5.48749 6.17322 3.69017 2.94081 2.96122 4.21538 2.68003 2.62583 3.84665 3.77609 3.17027 2.60229 2.5937 2.58938 3.24636 3.28499
threshold=1.2424533248940004 4.166635176627655 0.094059338084064345 -0.097372753313149943 0.024987440792306592 -0.016326402358972307 0.030379655298691799 -0.0083368557519630411 0.047092916230013084 0.014217451868030292 -0.026154123260784069 -0.11040624643374498 0.12331269877795524 8.9417393846185664 -0.011980086102880977 0.0030600971638139918 -0.012583714028191719 0.045660660177694809 0.051927582411580783 -0.00463552383647818 -0.014377118644158632 0.0015368734724337414 -0.024394934842097947 0.034699898016039281 0.037743309166330327 0.0042838986318196942 -0.033294244908675087 0.034657862974438236 -0.0052129636188909777 0.036336854618733185
decision_type=2 2 2 2 2 2 2 2 2 2 2 2 2 2 2 2 2 2 2 2 2 2 2 2 2 2 2 2 2 2
left_child=1 3 12 -1 6 -4 7 10 9 26 -5 -6 21 16 -15 -16 -14 18 -13 -20 -8 22 -3 -23 -24 -25 -9 28 29 -2
right_child=27 2 5 4 11 -7 20 8 -10 -11 -12 17 13 14 15 -17 -18 -19 19 -21 -22 23 24 25 -26 -27 -28 -29 -30 -31
leaf_value=0.019414980049865943 0.00011509555401374595 -0.018255741499541771 0.035625879236031326 -0.018607511399400044 0.010935093886379539 0.0098781834886062375 0.010024695856762786 0.020893431644071828 -0.0078962155928214393 0.026166743575595321 0.0020267434908052932 -0.0074442493802181139 0.0057245742367661515 0.024559205082348653 -0.016433688803740285 0.016686646985666208 -0.018190844431174576 -0.021265808069147171 0.020214412905848946 -0.0063642025605908474 -0.0098766596194345985 0.0062218067632056773 0.001664788174320752 0.012303699636294579 0.021684912567877253 0.036293400898575787 0.0052580066029012454 0.0067970103603632497 -0.014842194632403882 -0.018536241253417348
leaf_weight=24 99 21 20 27 29 51 21 32 33 30 77 227 23 27 34 24 54 30 26 35 87 140 141 26 23 20 155 24 169 31
leaf_count=24 99 21 20 27 29 51 21 32 33 30 77 227 23 27 34 24 54 30 26 35 87 140 141 26 23 20 155 24 169 31
internal_value=-1.53663e-11 0.00202396 0.00519442 -0.00027491 -0.000859036 0.0171311 0.00219245 0.00469397 0.00803203 0.0104543 -0.00333023 -0.00492183 0.00360437 -0.00213462 0.00593921 -0.00272872 -0.0110473 -0.0063679 -0.00481603 0.00496439 -0.00600695 0.00611034 0.00189253 0.0103055 0.00447249 0.022734 0.00793359 -0.00900443 -0.0102728 -0.00433253
internal_weight=1760 1437 604 833 809 71 462 354 250 217 104 347 533 162 85 58 77 318 288 61 108 371 185 186 164 46 187 323 299 130
internal_count=1760 1437 604 833 809 71 462 354 250 217 104 347 533 162 85 58 77 318 288 61 108 371 185 186 164 46 187 323 299 130
is_linear=0
shrinkage=0.05


Tree=40
num_leaves=31
num_cat=0
split_feature=62 165 147 215 312 243 287 330 94 167 161 215 180 9 67 165 320 233 116 202 194 241 311 118 283 317 131 293 159 148
split_gain=11.5792 3.90387 4.03979 4.97047 4.20744 4.01607 3.53319 8.07763 4.20011 4.27165 4.33463 3.41426 4.28868 3.31897 3.23847 3.55011 3.14213 3.05493 4.2577 3.05316 4.03574 2.96493 2.74015 2.62319 2.63924 2.63292 2.56279 3.79514 2.49404 2.55126
threshold=1.2424533248940004 0.057822073162986189 0.001602922763193698 0.001312823157379926 -0.032783047255829499 -0.088010063184341167 -0.047370988479519982 0.026945137858568575 -0.050527512986594948 0.0048644468424501094 0.0059165750521751551 0.002361530060038565 -0.0091114577289080241 0.024019230769230775 2.6735537653587347 -0.030435366009919331 0.058022042279601116 -0.010577856300584576 -0.028989202581790913 -0.0044259814982402007 0.0075312205396318608 0.011292551225825792 0.013006556272184581 0.072478138338018569 0.027760948927135407 -0.00059692333080280059 -0.016296966665450097 0.0029599733604048595 -0.017770841850029535 0.0086707596308582355
decision_type=2 2 2 2 2 2 2 2 2 2 2 2 2 2 2 2 2 2 2 2 2 2 2 2 2 2 2 2 2 2
left_child=1 2 3 4 -1 -6 7 13 9 10 -8 -5 -13 -4 15 -14 19 21 -19 20 28 -17 26 24 -7 -26 -21 -28 -10 -30
right_child=-2 -3 6 11 5 23 8 -9 16 -11 -12 12 14 -15 -16 17 -18 18 -20 22 -22 -23 -24 -25 25 -27 27 -29 29 -31
leaf_value=0.016416418324859645 -0.0085542107959661415 -0.011947535232127625 0.017435233498161489 0.018282633658317435 0.014363789240914313 -0.012164197235185768 0.010355275840565717 0.040775036198002379 -0.013288350912210131 -0.0049006800783578967 0.03370437413919717 -0.0067358416171198841 0.019418399855494501 -0.0045174768828372984 0.020118793529091461 0.011724170055827075 0.019100987793796737 0.012900312248435195 -0.011940331134837175 0.01046577203683122 -0.018385025054259704 -0.0067394250786552831 0.011639846438177032 0.0091997761478913691 0.0073168326157894807 -0.01236867559431442 -0.014070104795745483 0.0040308911238671908 0.011862643778769543 -0.0056445376120360666
leaf_weight=22 323 49 33 36 22 194 97 22 28 34 25 99 30 36 33 79 23 23 69 43 43 30 74 21 41 29 51 67 46 38
leaf_count=22 323 49 33 36 22 194 97 22 28 34 25 99 30 36 33 79 23 23 69 43 43 30 74 21 41 29 51 67 46 38
internal_value=2.2554e-11 0.00192276 0.00241242 -0.00015597 -0.00470576 -0.0062194 0.00524543 0.0143932 0.00378243 0.0107721 0.0151399 0.00359561 0.00213905 0.00598165 0.00546713 0.00337404 0.00114226 0.000979358 -0.00573017 8.31551e-05 -0.00536413 0.00664245 0.00367605 -0.00780828 -0.0091612 -0.000838592 1.56681e-05 -0.00379242 -0.000365041 0.00394273
internal_weight=1760 1437 1388 728 329 307 660 91 569 156 122 399 363 69 264 231 413 201 92 390 155 109 235 285 264 70 161 118 112 84
internal_count=1760 1437 1388 728 329 307 660 91 569 156 122 399 363 69 264 231 413 201 92 390 155 109 235 285 264 70 161 118 112 84
is_linear=0
shrinkage=0.05


Tree=41
num_leaves=31
num_cat=0
split_feature=62 1 91 277 190 312 326 11 87 324 179 329 322 322 81 288 210 108 90 287 285 219 298 317 95 277 209 67 270 172
split_gain=10.4502 3.56947 3.95348 3.52163 3.51154 3.29637 4.65123 4.58065 3.12287 3.05578 3.34355 3.3741 3.20821 3.59495 4.01693 3.48349 3.37698 3.03301 2.97713 2.77549 2.99893 2.86693 5.16765 5.23565 3.82283 2.96561 2.99134 2.86305 2.80204 2.9669
threshold=1.2424533248940004 4.166635176627655 0.094059338084064345 0.10330069718208702 -0.0024931402420920331 -0.028721851360185405 0.020210052788987822 3.4665064102564105 0.017940511405993117 0.03785605162425662 -0.046664775711102946 -0.038229421006313775 -0.012961054041342301 0.0055577181547452701 -0.3837302720216979 -0.039347866063147587 0.0023058817714337967 -0.0039252541826248445 -0.04452802929948934 0.0043826573081982142 0.025049549009682256 -0.0086180018064820531 0.0050815758735549719 -0.010551849543267083 0.028335242339831538 -0.046943107345571451 0.63945796507440489 1.2424533248940004 -0.022323780990708135 0.0029787150434043732
decision_type=2 2 2 2 2 2 2 2 2 2 2 2 2 2 2 2 2 2 2 2 2 2 2 2 2 2 2 2 2 2
left_child=1 3 19 5 -4 6 8 -8 -1 10 -7 -12 15 14 -14 -13 -16 -17 -15 21 28 22 23 -3 -25 -23 -27 -24 -21 -30
right_child=-2 2 4 -5 -6 9 7 -9 -10 -11 11 12 13 18 16 17 -18 -19 -20 20 -22 25 27 24 -26 26 -28 -29 29 -31
leaf_value=0.011121668228534637 -0.008126500224688844 0.025296155313403824 0.031900319513743336 0.0204322967727785 0.0081393767361684407 -0.016557725332677364 0.0021357088656672701 0.033135326169073012 -0.011373218346206058 -0.010785008930146103 -0.012111336925031189 0.013836692040786148 4.7293897390503578e-05 0.011907227389470098 0.011722766450937776 -0.0014580304745391434 0.03549700440373272 -0.015526027249482773 -0.0030031098137084031 0.0099473648952941099 0.0084749272264272087 -0.0058549085282720631 -0.00060382183227274165 0.011167658633951631 -0.014431986335664988 0.025637256673404149 0.0088891502501672673 -0.022898614157262881 -0.0015588889500577352 -0.016296969754797108
leaf_weight=27 323 33 23 20 48 32 22 26 36 88 52 24 54 42 59 106 20 60 165 30 66 20 36 35 25 42 73 24 96 53
leaf_count=27 323 33 23 20 48 32 22 26 36 88 52 24 54 42 59 106 20 60 165 30 66 20 36 35 25 42 73 24 96 53
internal_value=3.89206e-11 0.00182662 0.00475312 -0.000295346 0.0158366 -0.000805251 0.00720138 0.0189272 -0.00173255 -0.00207126 -0.00082238 4.27935e-05 0.00123527 0.00414332 0.0105574 -0.00396859 0.0177416 -0.00654285 2.2176e-05 0.00327671 -0.000635211 0.00660455 0.00191854 0.00929937 0.00050114 0.0119154 0.0150058 -0.00952174 -0.00399426 -0.00680129
internal_weight=1760 1437 604 833 71 813 111 48 63 702 614 582 530 340 133 190 79 166 207 533 245 288 153 93 60 135 115 60 179 149
internal_count=1760 1437 604 833 71 813 111 48 63 702 614 582 530 340 133 190 79 166 207 533 245 288 153 93 60 135 115 60 179 149
is_linear=0
shrinkage=0.05


Tree=42
num_leaves=31
num_cat=0
split_feature=215 153 324 56 218 208 218 247 104 141 323 296 127 238 301 270 306 236 307 257 232 156 205 215 291 90 299 318 126 225
split_gain=9.47246 3.61896 3.41347 3.77133 4.30928 4.21601 3.99753 4.28243 3.88277 3.60315 3.5222 3.85526 3.19359 3.23632 3.14816 3.04438 2.92435 2.73411 2.82537 2.75066 3.09807 2.72953 3.23304 2.58561 2.58108 2.57179 2.51367 2.48325 2.4205 2.57645
threshold=-0.0064088740682294526 -0.086142950101293372 0.029855904863373972 1.2424533248940004 -0.0059353970332758554 0.014834522721793817 0.024933854367849305 -0.0017738997680798671 -0.028576867202142399 -0.031280029208872788 -0.008107736831877951 -0.0043469876988272765 0.011439261670994631 -0.016950309036863394 0.0057713372338963611 -0.022323780990708135 -0.012069784676805398 -0.078080293010396831 0.018080375288341513 0.054235188060198218 0.0010742570998349583 -0.018053392086642913 0.015116139605113708 0.00013694475152593633 0.0031420082155484259 0.0098685080096512102 0.023496663769834249 -0.019229786222677188 -0.0020837850169477526 -0.020679163312159778
decision_type=2 2 2 2 2 2 2 2 2 2 2 2 2 2 2 2 2 2 2 2 2 2 2 2 2 2 2 2 2 2
left_child=17 -2 3 4 5 16 12 10 -9 -4 14 -12 15 -14 -8 -6 27 -1 19 20 -19 -18 -23 -11 -15 -20 -25 -3 29 -17
right_child=1 2 9 -5 6 -7 7 8 -10 23 11 -13 13 24 -16 28 21 18 25 -21 -22 22 -24 26 -26 -27 -28 -29 -30 -31
leaf_value=0.010217999204178341 0.023234382422552224 -0.012856403234521472 0.0082302483529675501 0.021519181484888711 0.0029644636766774195 -0.0041324716784171206 0.0092405286571010953 0.012871045886228484 -0.0084535566943609534 -0.020081319473018604 0.018572538710598437 -0.002810348806032946 0.014770793012128428 -0.0077550626602982554 0.036958784720350413 0.0097715713650636058 0.028181349156567684 -0.0018524243086103329 -0.0042811035810570632 -0.017358452780172229 -0.011330052792400239 0.013614262487462362 -0.0054565840830596603 -0.0085006017123535945 0.0092869014189945476 0.0093293070332242222 0.011567241116426886 0.0068485265156365376 -0.016492923478431561 -0.011328314716378466
leaf_weight=28 21 21 43 28 53 67 20 30 74 35 35 53 39 68 21 23 26 187 119 66 160 153 26 71 33 49 20 67 85 39
leaf_count=28 21 21 43 28 53 67 20 30 74 35 35 53 39 68 21 23 26 187 119 66 160 153 26 71 33 49 20 67 85 39
internal_value=-2.76259e-11 0.00266818 0.00228598 0.0034384 0.00289578 0.00718283 0.000202352 0.00524723 -0.00230223 -0.00426712 0.0113336 0.00569421 -0.00325487 0.00253703 0.0234377 -0.0073092 0.00977028 -0.00504283 -0.00577829 -0.00800211 -0.00622251 0.0130431 0.0108442 -0.0085321 -0.0021869 -0.0003114 -0.00409009 0.00214621 -0.0110133 -0.00350094
internal_weight=1760 1151 1130 961 933 360 573 233 104 169 129 88 340 140 41 200 293 609 581 413 347 205 179 126 101 168 91 88 147 62
internal_count=1760 1151 1130 961 933 360 573 233 104 169 129 88 340 140 41 200 293 609 581 413 347 205 179 126 101 168 91 88 147 62
is_linear=0
shrinkage=0.05


Tree=43
num_leaves=31
num_cat=0
split_feature=62 277 96 127 264 287 270 324 297 153 319 238 211 1 1 179 288 182 182 81 320 276 191 307 217 331 330 321 156 272
split_gain=8.65366 3.28302 3.46819 5.18532 3.24881 5.98704 3.81517 4.4361 3.23975 3.7244 3.6794 3.5818 3.34842 3.12613 4.47495 3.10576 2.97448 2.95523 2.94315 2.61036 3.62493 2.65558 2.60655 2.53125 2.50086 2.99868 3.13999 2.44586 2.67879 3.07803
threshold=1.2424533248940004 -0.086563453670816456 0.053842917434028484 0.0060422178500888464 -0.013548909213947902 -0.068869481094224874 -0.0098263435280640347 0.0030638524320527705 0.0037791258120825877 0.0094239146713747685 0.0090857660913360866 0.019229802858476776 -0.075161532498096054 8.969795909612353 5.4160608944707613 -0.026603217458248733 0.044752683008622236 0.021338846315737573 -0.0086758374136180223 -0.39676126865168698 0.016733637691522866 -0.0043556087820718426 0.00069259616402609638 0.0011879238400516719 0.070286938015435715 0.016733160118814344 -0.0082863173689727704 -0.029912333150522746 0.019062005845626551 -0.0058921223833987377
decision_type=2 2 2 2 2 2 2 2 2 2 2 2 2 2 2 2 2 2 2 2 2 2 2 2 2 2 2 2 2 2
left_child=1 -1 4 -4 5 -3 13 8 10 11 12 -10 -8 14 16 -9 17 18 23 20 21 -7 -5 -6 25 26 -17 -2 29 -29
right_child=27 2 3 22 6 19 7 15 9 -11 -12 -13 -14 -15 -16 24 -18 -19 -20 -21 -22 -23 -24 -25 -26 -27 -28 28 -30 -31
leaf_value=-0.011057444560645642 -0.014561107427138707 0.029569048733295251 0.00026164701790548861 0.034355144056936973 0.012093208035962149 -0.0053962234010988923 0.028339312685420739 0.0049737659710808665 -0.017567324444341163 0.0049028824358426327 -0.0036901377863645304 0.0052875753647337355 0.0068821858173857137 0.022025290410965681 -0.018241153758329652 0.0033121789130382238 -0.0076374187842821297 -0.0061239700168482071 0.012644289854964984 -0.0021664458251325412 0.019837125655348328 0.0082048649715790612 0.012288025023735827 -0.0053642569862339387 0.0053097441711503525 -0.023238162520220099 -0.013287293304209458 0.0024453416366595777 0.0039795725443582345 -0.012284771590989816
leaf_weight=49 87 24 60 23 33 54 24 40 60 65 59 24 75 22 24 40 46 42 146 120 44 107 32 56 23 46 99 50 64 122
leaf_count=49 87 24 60 23 33 54 24 40 60 65 59 24 75 22 24 40 46 42 146 120 44 107 32 56 23 46 99 50 64 122
internal_value=-1.09801e-11 0.00166221 0.00211125 0.0104268 0.00136004 0.00547003 -0.000192329 -0.00281207 0.00120566 -0.00408356 0.0061936 -0.0110374 0.0120839 0.00374793 0.00258913 -0.00778563 0.00413689 0.00609219 0.00827551 0.00369041 0.00711882 0.00364301 0.0215161 0.00110874 -0.0102394 -0.0121725 -0.00851047 -0.00739504 -0.00475332 -0.00800276
internal_weight=1760 1437 1388 115 1273 349 924 555 307 149 158 84 99 369 347 248 323 277 235 325 205 161 55 89 208 185 139 323 236 172
internal_count=1760 1437 1388 115 1273 349 924 555 307 149 158 84 99 369 347 248 323 277 235 325 205 161 55 89 208 185 139 323 236 172
is_linear=0
shrinkage=0.05


Tree=44
num_leaves=31
num_cat=0
split_feature=215 112 286 327 278 219 277 253 211 238 156 1 269 127 324 95 288 199 280 108 147 189 195 237 125 138 161 270 309 299
split_gain=7.87787 3.27842 6.91382 3.10425 3.31295 3.55568 3.44115 3.43504 3.40638 4.15294 3.32707 4.48485 4.25495 3.59323 3.30776 2.99283 2.84853 2.83214 3.75004 3.19809 2.62134 2.62056 2.53221 2.93558 2.90923 3.02508 3.62153 2.73537 2.40099 2.40031
threshold=-0.0064088740682294526 0.062944387567128432 0.023017013126540042 0.044200299561546218 0.031216230965658103 -0.014042201346020794 0.030459994272401588 0.0017554095760472139 -0.022220742296555029 -0.0061684200536329279 0.0015006857410494161 9.0206312386969678 0.018915450205153696 0.0028342248012257153 0.016916381048008116 -0.00080299202715202996 0.018360432222223482 0.0022151424567478793 -0.023765093249551811 0.028983089689333313 0.0086067499098032938 -0.0051148936860140283 -0.018464422648145035 0.048346085348306041 -0.052989414043788589 -0.018980038351929501 0.0080299655614769743 0.033879034040749295 0.0048625702652233755 -0.021162289919690967
decision_type=2 2 2 2 2 2 2 2 2 2 2 2 2 2 2 2 2 2 2 2 2 2 2 2 2 2 2 2 2 2
left_child=22 3 28 4 5 6 10 16 9 -6 11 12 14 -14 -2 21 29 18 -9 -19 -8 -12 27 24 -24 26 -26 -1 -3 -7
right_child=1 2 -4 -5 8 7 20 17 -10 -11 15 -13 13 -15 -16 -17 -18 19 -20 -21 -22 -23 23 -25 25 -27 -28 -29 -30 -31
leaf_value=-0.0015727027635289088 -0.010282975711640628 0.0087846249163626346 0.032195441416531266 -0.011855421071054369 0.020022872315141663 0.030677062887698416 0.0036621211639915907 0.012121574077755213 -0.0078237246068901256 -0.0061010811899905098 -0.013378169465189181 0.023016008823954812 -0.00034361850808967246 0.028939049057662487 0.0076274908931195946 -0.013706913398992686 0.001205919626927762 0.016049705752256241 -0.0084723845168593378 -0.0049619017927734939 0.026238773653749378 0.0067216633930802351 0.012841037782314031 -0.014233255139797141 -0.0042980710608669778 -0.0080145087167922471 0.018859314102679492 0.018353908294811844 -0.011899560363963247 0.012191650692491547
leaf_weight=124 85 47 28 41 29 20 36 30 141 32 24 24 22 20 37 81 54 55 84 27 20 50 23 95 52 270 25 20 20 144
leaf_count=124 85 47 28 41 29 20 36 30 141 32 24 24 22 20 37 81 54 55 84 27 20 50 23 95 52 270 25 20 20 144
internal_value=1.16448e-11 0.00243326 0.0113301 0.00163289 0.00217773 0.00360162 0.000233405 0.0068478 -0.00355305 0.0063185 -0.00164281 0.00282856 -0.000125698 0.0136005 -0.00485111 -0.00706615 0.0111663 0.00204454 -0.00305292 0.00913125 0.0117252 0.000202799 -0.00459883 -0.00639301 -0.00437997 -0.00552142 0.00322056 0.00119488 0.00261024 0.014446
internal_weight=1760 1151 95 1056 1015 813 399 414 202 61 343 188 164 42 122 155 218 196 114 82 56 74 609 465 370 347 77 144 67 164
internal_count=1760 1151 95 1056 1015 813 399 414 202 61 343 188 164 42 122 155 218 196 114 82 56 74 609 465 370 347 77 144 67 164
is_linear=0
shrinkage=0.05


Tree=45
num_leaves=31
num_cat=0
split_feature=62 165 249 256 286 244 211 165 168 200 151 313 296 94 85 151 240 222 177 288 296 294 154 248 1 257 117 223 223 296
split_gain=7.13402 3.06389 3.21786 5.37466 4.66592 4.64225 3.78657 7.3427 4.17932 3.83252 3.83479 3.52246 3.27475 3.3793 3.25133 3.23056 2.85907 2.79687 2.75426 2.74063 2.72021 2.59518 2.72017 2.43749 2.33239 3.24243 2.99449 2.31863 2.24902 2.23299
threshold=1.2424533248940004 0.057822073162986189 0.015570904861914115 0.063572107594891639 0.01652982791667169 0.003269046450515253 -0.012328053863737209 -0.016136604156271526 -0.0075482565829778003 0.0076784956584577515 -0.0044533323069509698 0.045667046107738175 0.0067368557441698698 0.040459622048874148 0.14397386321279299 0.0081402681058303349 -0.03303959796153965 0.0050812954375346149 -0.0012914168543099597 1.0000000180025095e-35 0.0059097899771485387 -0.018345584593010059 0.00246659005377481 -0.013447330045403732 4.7405652883788738 0.0097638438016896274 0.016356781240010481 0.00045218251288472685 0.0034541360510671206 0.019917829398157349
decision_type=2 2 2 2 2 2 2 2 2 2 2 2 2 2 2 2 2 2 2 2 2 2 2 2 2 2 2 2 2 2
left_child=1 2 3 5 -5 6 7 19 17 10 -10 29 14 18 15 16 -4 23 -14 -1 -13 22 -8 -9 25 27 -26 -2 -29 -7
right_child=24 -3 12 4 -6 11 21 8 9 -11 -12 20 13 -15 -16 -17 -18 -19 -20 -21 -22 -23 -24 -25 26 -27 -28 28 -30 -31
leaf_value=0.041183110734536538 -0.010476639379339759 -0.010778602094945442 0.02404871460838387 0.0060813627364312084 0.030834388922085055 -0.0012175553301421479 0.0012335533586641154 -0.0069904223196208485 0.034611228650266473 -0.0028525509347673509 0.011071275663849564 0.025317444629035891 -0.0085424554203200383 -0.014671409881984194 -0.011682645525110679 -0.0035043332446366552 0.0056893886126699331 -0.014886551282383623 0.0062442613284914728 0.016681494030170146 -0.00044806644852672309 -0.0025215353157555173 0.024253160031955868 0.014875621077282212 -0.0061677413636147434 -0.016914635099459226 0.011389496486962719 0.013207740030650582 -0.008745235865935683 -0.011070279643015081
leaf_weight=21 64 49 26 47 32 258 33 25 22 36 81 20 64 75 36 80 115 31 62 25 21 157 21 26 85 92 34 28 20 74
leaf_count=21 64 49 26 47 32 258 33 25 22 36 81 20 64 75 36 80 115 31 62 25 21 157 21 26 85 92 34 28 20 74
internal_value=2.01742e-12 0.00150922 0.00194302 0.00363248 0.0161079 0.00247437 0.00573656 0.00969264 0.00590973 0.0111909 0.0160992 -0.00170614 -0.00148756 -0.0062683 0.00225146 0.00452127 0.0090748 -0.00304241 -0.00126645 0.027867 0.0121205 0.000730534 0.0101856 0.00415697 -0.00671441 -0.00995951 -0.00115139 -0.00424637 0.00406067 -0.00341364
internal_weight=1760 1437 1388 930 79 851 478 267 221 139 103 373 458 201 257 221 141 82 126 46 41 211 54 51 323 204 119 112 48 332
internal_count=1760 1437 1388 930 79 851 478 267 221 139 103 373 458 201 257 221 141 82 126 46 41 211 54 51 323 204 119 112 48 332
is_linear=0
shrinkage=0.05


Tree=46
num_leaves=31
num_cat=0
split_feature=215 153 324 56 218 208 218 171 336 104 141 196 127 128 256 314 148 86 223 19 100 245 300 323 126 274 316 282 238 291
split_gain=6.62365 3.01311 2.90335 3.13362 3.51115 3.41069 3.40012 3.65506 5.97764 3.04637 2.94935 2.66416 2.62157 2.72983 3.01969 2.72361 2.49048 2.49031 2.41355 2.31198 2.91103 2.82778 2.79263 3.1744 2.70657 2.48107 2.22952 2.19051 2.08871 2.36588
threshold=-0.0064088740682294526 -0.086142950101293372 0.029855904863373972 1.2424533248940004 -0.0059353970332758554 0.014834522721793817 0.024933854367849305 0.019501101417717586 0.0097884394019182811 -0.028576867202142399 -0.02887531379073334 -0.0029812294444516167 0.011439261670994631 0.002955392746216787 0.040280924316477583 -0.024643649069912777 -0.032638891609402039 0.15142811305393297 -0.021619137425867272 10.114379084967322 0.036979809315102745 -0.020554630880444218 0.0038388604111240896 -0.020100036601260526 0.015302565905113526 -0.0019297433500774263 0.0099485222931861936 -0.027034997293876793 -0.015386661711523355 0.0031420082155484259
decision_type=2 2 2 2 2 2 2 2 2 2 2 2 2 2 2 2 2 2 2 2 2 2 2 2 2 2 2 2 2 2
left_child=19 -2 3 4 5 16 12 9 -9 -8 -4 -11 13 18 -15 -14 -3 26 -6 24 22 -22 -21 -24 25 -1 -18 -13 -17 -30
right_child=1 2 10 -5 6 -7 7 8 -10 11 -12 27 15 14 -16 28 17 -19 -20 20 21 -23 23 -25 -26 -27 -28 -29 29 -31
leaf_value=-0.017383813833045523 0.02099708012039108 -0.0045174509054049855 0.0069719483038749213 0.019426619201632484 0.011421121169613409 -0.0038570216773494859 0.012129787978716194 0.033817952428827992 -0.0023675020784139633 0.0060963970282630602 -0.0080800970286130907 0.0042194114625453954 0.019161177198402587 -0.017136311054795603 0.004612724939361215 0.0095115047520292657 0.0098264037034190878 0.00035108337310078906 -0.0058459378349553313 -0.0037438648572753908 0.0073624520629112207 -0.013150986920352029 0.018073307675904988 0.00096613384804196574 0.0033889445615932347 -0.0055122581241946475 0.022007174892541101 -0.013580622566639382 -0.010848008130529994 0.0069003922814902452
leaf_weight=82 21 32 44 28 28 67 50 25 21 56 125 25 20 79 20 35 161 51 73 159 21 84 39 89 40 95 49 56 57 28
leaf_count=82 21 32 44 28 28 67 50 25 21 56 125 25 20 79 20 35 161 51 73 159 21 84 39 89 40 95 49 56 57 28
internal_value=-1.08337e-11 0.00223117 0.00188243 0.00294525 0.00245064 0.00632036 1.9396e-05 0.00467206 0.0172985 0.00156609 -0.00416122 -0.00228928 -0.00316905 -0.00684238 -0.0127426 0.00207858 0.00864761 0.0102617 -0.00105903 -0.00421688 -0.00192475 -0.0090483 0.00068143 0.00617848 -0.00835751 -0.0110121 0.0126686 -0.00808678 -0.000768523 -0.00500148
internal_weight=1760 1151 1130 961 933 360 573 233 46 187 169 137 340 200 99 140 293 261 101 609 392 105 287 128 217 177 210 81 120 85
internal_count=1760 1151 1130 961 933 360 573 233 46 187 169 137 340 200 99 140 293 261 101 609 392 105 287 128 217 177 210 81 120 85
is_linear=0
shrinkage=0.05


Tree=47
num_leaves=31
num_cat=0
split_feature=215 219 167 288 153 275 243 180 115 153 325 260 101 265 218 336 219 326 297 102 110 242 322 168 220 179 90 158 125 210
split_gain=6.00928 3.61919 3.65763 3.82791 3.8515 6.08646 3.40059 3.1271 3.11573 3.03407 2.87507 3.92577 3.24518 3.0371 4.30721 2.78651 3.2441 3.48155 2.90355 2.56947 2.55267 3.15522 2.67034 2.47502 2.64686 2.4585 2.43227 2.29167 2.27772 3.09146
threshold=-0.0025180246514869579 -0.033493969015628712 0.048468904019232463 0.017306145105037741 -0.030970961716114295 -0.0044831562629100083 -0.084190586297718015 0.0029624582421710257 0.040328588940504041 -0.015470820156183033 -0.00091067371362235367 0.017169683881118416 -0.0066895983537909745 -0.011826841591190875 -0.0052997124514002243 -0.0065048650341967586 -0.042179008681778853 0.012937009999927951 0.020363210550998618 0.0041139322577434991 -0.014060374396743564 -0.064784122199758071 0.01394328635517552 -0.0068790210011581724 0.013342696668961688 -0.022004780776887525 0.0098685080096512102 -0.0049426897985851105 -0.023778235539441601 0.0095183715655416685
decision_type=2 2 2 2 2 2 2 2 2 2 2 2 2 2 2 2 2 2 2 2 2 2 2 2 2 2 2 2 2 2
left_child=6 15 3 4 5 -3 -1 -5 20 -9 13 19 -13 -6 -15 18 17 -17 28 -12 25 -22 26 -10 -25 -8 -23 -11 -2 -30
right_child=1 2 -4 7 10 -7 8 9 23 27 11 12 -14 14 -16 16 -18 -19 -20 -21 21 22 -24 24 -26 -27 -28 -29 29 -31
leaf_value=0.0096260734046115844 0.0078605816752782883 0.0036562794873204367 0.02353585631124952 -0.010050309661853949 0.0078087377043076518 0.039847633284738379 -0.026027723684906964 -0.011600718181580306 -0.0059601961867883808 -0.0018356714392125254 -0.001273938752254597 0.0094432522458108986 0.037271616235375407 0.0062861536423218225 -0.012001188059740172 0.0013579570499730412 -0.01118018176700724 0.01834809917123302 -0.018867247732909952 0.011614474579461931 0.013693068576200555 -0.005587356221893023 -0.010499485197541273 0.0016300385131647712 0.022578094262629748 -0.0084974040877568765 0.0037298192733625345 0.019556627867202608 0.00036695406356073443 -0.020392261761850841
leaf_weight=47 35 26 25 76 92 21 25 21 40 21 74 22 20 57 74 146 38 38 37 81 24 196 145 38 25 100 109 31 47 29
leaf_count=47 35 26 25 76 92 21 25 21 40 21 74 22 20 57 74 146 38 38 37 81 24 196 145 38 25 100 109 31 47 29
internal_value=3.76174e-12 0.00251472 0.00478758 0.00402669 0.00625305 0.0198269 -0.00339437 -0.00295122 -0.00426611 0.00443961 0.00473408 0.00913546 0.0226949 0.00084586 -0.0040441 -0.00142285 0.00212001 0.00486679 -0.00673714 0.0054613 -0.00564741 -0.00397123 -0.00491333 0.00376685 0.00994276 -0.0120035 -0.00225761 0.0109174 -0.00269377 -0.00755433
internal_weight=1760 1011 641 616 467 47 749 149 702 73 420 197 42 223 131 370 222 184 148 155 599 474 450 103 63 125 305 52 111 76
internal_count=1760 1011 641 616 467 47 749 149 702 73 420 197 42 223 131 370 222 184 148 155 599 474 450 103 63 125 305 52 111 76
is_linear=0
shrinkage=0.05


Tree=48
num_leaves=31
num_cat=0
split_feature=62 137 164 153 9 56 297 256 98 132 216 190 289 90 222 219 169 0 148 282 0 128 238 161 88 168 289 156 177 222
split_gain=5.45326 2.69477 3.33348 3.83079 4.04256 4.09404 3.43106 4.52017 3.69245 3.02838 3.00891 3.76425 3.81856 2.81177 3.1445 2.68418 2.58723 2.88751 2.49743 2.4074 2.6613 3.12532 2.46325 2.40381 2.31926 2.89098 2.23022 2.22128 2.1226 2.10997
threshold=1.2424533248940004 0.022371234911499834 -0.01112648737963442 -0.074080261835945432 0.019976525821596248 1.0000000180025095e-35 0.012863545065225938 -0.035464319183170785 0.0044732130305737521 -0.025430478650905124 0.018978742936884428 -0.0046310949144754672 -0.0049191446921505464 0.020168071628773768 0.01092954602575434 -0.035140957996732565 0.011448725742924949 5.4004200416950168 0.0004156982137094336 -0.0033418286257762228 6.1851787574189894 -0.033583594939434358 0.0054236901645930433 0.020216445184798936 0.031564388241622991 0.0036703316050997093 -0.012327723342870337 0.0096726184163053591 -0.012126964080720786 -0.0037173307007688805
decision_type=2 2 2 2 2 2 2 2 2 2 2 2 2 2 2 2 2 2 2 2 2 2 2 2 2 2 2 2 2 2
left_child=1 2 10 -4 5 16 9 -8 29 -6 11 12 -1 24 -15 -13 18 -18 -5 22 21 -21 26 -12 -11 -26 -3 -17 -10 -9
right_child=-2 19 3 4 6 -7 7 8 28 13 23 15 -14 14 -16 27 17 -19 -20 20 -22 -23 -24 -25 25 -27 -28 -29 -30 -31
leaf_value=-0.0017911327944602818 -0.0058704160877947496 0.018716646322670085 0.025722413291223347 -0.0010347504917511041 -0.0083094600783872666 0.028034092323935552 0.010750242551522597 -0.0091897544691825969 -0.011836696903975237 0.0055591564555483725 -0.011802913406865552 -0.011559795949558195 0.021513478303304277 0.0050796366674271788 -0.019144569461544358 -0.0045012317564604538 0.0071098636439139093 0.026896097241634772 0.009217607996348914 0.0026080803455490816 0.0091009759301827718 -0.014213710800182112 -0.0050753929934492618 0.0069080212885247808 0.0065769364546912797 0.030641887240441673 0.00095386933427044128 0.013144023500142561 0.0084978331219066269 -0.025773784552481683
leaf_weight=32 323 30 20 132 44 23 35 44 21 138 94 56 39 37 21 42 54 28 108 38 22 101 66 21 26 24 43 31 33 34
leaf_count=32 323 30 20 132 44 23 35 44 21 138 94 56 39 37 21 42 54 28 108 38 22 101 66 21 26 24 43 31 33 34
internal_value=-3.91191e-12 0.00131952 0.00243172 0.00410766 0.00356863 0.00765427 0.000484293 -0.0052248 -0.00946061 0.00377194 -0.00194169 0.00176387 0.01101 0.00593284 -0.0036912 -0.00332508 0.00619857 0.0138661 0.00357881 -0.00289572 -0.00705749 -0.00961495 0.00192475 -0.00838613 0.00890196 0.0181281 0.00825364 0.00299196 0.00058996 -0.0164187
internal_weight=1760 1437 1137 822 802 345 457 167 132 290 315 200 71 246 58 129 322 82 240 300 161 139 139 115 188 50 73 73 54 78
internal_count=1760 1437 1137 822 802 345 457 167 132 290 315 200 71 246 58 129 322 82 240 300 161 139 139 115 188 50 73 73 54 78
is_linear=0
shrinkage=0.05


Tree=49
num_leaves=31
num_cat=0
split_feature=215 219 327 281 243 302 140 296 253 115 88 106 227 4 230 86 292 285 138 107 275 198 155 110 242 322 270 310 187 156
split_gain=4.93259 3.09084 3.41073 3.42931 2.89874 2.7865 3.11209 3.6894 2.9731 2.7232 2.69592 2.67414 3.40665 2.56321 4.35196 3.03797 2.41995 2.45291 2.51407 2.93759 2.38276 3.41974 3.12342 2.28259 2.72673 2.38883 2.36555 2.36433 2.49724 2.47298
threshold=-0.0025180246514869579 -0.033493969015628712 0.042889408783775167 -0.059841409022565482 -0.084190586297718015 0.03510975605799211 -0.020613759877956613 -0.019266020311396487 0.0054669780871117457 0.040328588940504041 -0.0060832331678904979 0.024145339659192681 1.0000000180025095e-35 6.6920714277665008 0.021871836288650009 -0.065522959521201601 0.045296872864746901 -0.002855470541798829 0.0034555716065208272 0.0044627325228338661 -0.011945440016826498 -0.0028250919000839324 -0.0023301662889999562 -0.014060374396743564 -0.064784122199758071 0.01394328635517552 0.0087468299106993764 0.0061479860796771705 0.029967258404675158 0.019062005845626551
decision_type=2 2 2 2 2 2 2 2 2 2 2 2 2 2 2 2 2 2 2 2 2 2 2 2 2 2 2 2 2 2
left_child=4 13 3 -3 -1 6 7 -5 11 23 -9 20 -13 15 -15 -2 17 -17 19 -19 -8 22 -22 26 -25 27 -6 28 29 -26
right_child=1 2 -4 5 9 -7 8 10 -10 -11 -12 12 -14 14 -16 16 -18 18 -20 -21 21 -23 -24 24 25 -27 -28 -29 -30 -31
leaf_value=0.0089460705451548418 0.011588266954640859 0.021671595657244327 -0.012081050870474428 0.033134773813653741 -0.0052805529289697813 -0.0057742009137864 0.0021535236168439675 -0.0023303804298241931 -0.0010375917561040108 0.0036297889965477858 0.018532935937400907 -0.014517872988445951 0.0079974990798204783 0.022285292372440122 -0.0070678387930535758 -0.011502909184503958 0.0085400736830647927 -0.019189463265127306 0.005132879134779454 0.0014634748445435739 0.011541998005755571 0.0079182157011502257 0.037073248207569125 0.012834635555433731 0.00074970310183495963 -0.009745772005689074 -0.019198870787151018 -0.0067931899411580194 -0.013645534831183879 0.016008987435405807
leaf_weight=47 32 30 30 20 72 61 59 30 182 103 32 28 42 28 23 119 31 33 68 36 23 79 25 24 110 145 53 138 22 35
leaf_count=47 32 30 30 20 72 61 59 30 182 103 32 28 42 28 23 119 31 33 68 36 23 79 25 24 110 145 53 138 22 35
internal_value=-9.3033e-12 0.00227833 0.00437874 0.00518692 -0.00307529 0.00433573 0.0055217 0.0144614 0.00384805 -0.00388014 0.00843778 0.00732144 -0.00100865 -0.00136049 0.00904761 -0.00302449 -0.00465378 -0.00625148 -0.00169001 -0.00841402 0.0104564 0.0143137 0.0248395 -0.0051715 -0.00358647 -0.00446226 -0.0111819 -0.00195043 0.00205138 0.00443298
internal_weight=1760 1011 641 611 749 581 520 82 438 702 62 256 70 370 51 319 287 256 137 69 186 127 48 599 474 450 125 305 167 145
internal_count=1760 1011 641 611 749 581 520 82 438 702 62 256 70 370 51 319 287 256 137 69 186 127 48 599 474 450 125 305 167 145
is_linear=0
shrinkage=0.05


Tree=50
num_leaves=31
num_cat=0
split_feature=62 277 287 265 324 179 96 201 278 168 112 95 268 283 125 233 88 301 286 167 168 9 221 256 166 119 241 295 186 98
split_gain=4.48524 2.5309 2.67659 5.57124 2.88161 3.23175 3.04038 3.45694 2.52735 2.69063 2.49386 2.43777 2.33952 3.48512 2.52046 3.20153 2.65602 2.58052 2.97225 2.52222 2.77838 3.34271 3.19588 2.69726 2.40689 2.38509 2.24527 2.17928 2.9074 2.15654
threshold=1.2424533248940004 -0.086563453670816456 -0.047370988479519982 0.037241454291853354 0.029855904863373972 -0.047971628937808326 0.047459324288915118 0.0033755576592891666 0.021872069287554263 0.039359544970085765 0.047965913540020701 0.010815465658426485 -0.045213700684426442 0.032450915908320423 -0.01621427720308859 -0.039304777245987972 -0.14040068628394622 0.0064623619707815444 0.00045659183382180886 0.0086949500171175555 -0.0075482565829778003 0.013389472821521505 -0.049450888610568587 0.00094003368287136184 -0.01015240154727705 0.011680476871349571 -0.008066464313072199 0.0086328871752629471 -0.008692172654491008 0.042751565814756386
decision_type=2 2 2 2 2 2 2 2 2 2 2 2 2 2 2 2 2 2 2 2 2 2 2 2 2 2 2 2 2 2
left_child=1 -1 3 10 5 -4 12 26 9 -6 -3 -10 13 24 15 -14 -17 18 25 20 21 -16 -23 -22 -7 -18 -8 28 -21 -25
right_child=-2 2 4 -5 8 6 7 -9 11 -11 -12 -13 14 -15 19 16 17 -19 -20 27 23 22 -24 29 -26 -27 -28 -29 -30 -31
leaf_value=-0.0099713344936501434 -0.0053239468498812881 -7.8601612975554811e-05 -0.012657897351183804 0.026728032901883126 -0.0041193951067830092 0.017323730503134852 -0.0097707695979624993 0.024240769614698367 -0.0049461614402631924 0.015666064787656069 0.01879638337663242 -0.026858857087790969 -0.0050034553046316432 0.024832826174795628 0.0098191791446879517 -0.0076352385493616273 0.015075749550394866 0.0022683550272631693 0.002952721516725005 -0.01566567650507851 0.010156536284753551 -0.020491290899614493 -0.0031630942117772069 0.0022421349007804114 -0.002244482844729315 0.035565383192151787 0.010296246634148387 -0.015166958446509012 0.0043092511694080068 -0.014893552999604832
leaf_weight=49 323 105 37 31 122 22 20 32 30 20 21 22 64 25 34 24 49 64 34 27 104 36 102 111 55 20 46 53 56 22
leaf_count=49 323 105 37 31 122 22 20 32 30 20 21 22 64 25 34 24 49 64 34 27 104 36 102 111 55 20 46 53 56 22
internal_value=-3.73348e-12 0.00119668 0.00159094 0.00773911 0.000806816 0.00185315 0.00239006 0.0107543 -0.00478621 -0.00133271 0.00306723 -0.0142169 0.00148131 0.00861271 0.000572055 0.00467498 0.00791802 0.0101532 0.0150525 -0.00134766 0.000613762 -0.00422366 -0.00768349 0.00412447 0.00334644 0.0210148 0.00421533 -0.00724635 -0.00218862 -0.00059234
internal_weight=1760 1437 1388 157 1231 1037 1000 98 194 142 126 52 902 102 800 255 191 167 103 545 409 172 138 237 77 69 66 136 83 133
internal_count=1760 1437 1388 157 1231 1037 1000 98 194 142 126 52 902 102 800 255 191 167 103 545 409 172 138 237 77 69 66 136 83 133
is_linear=0
shrinkage=0.05


Tree=51
num_leaves=31
num_cat=0
split_feature=215 112 286 174 19 102 180 293 288 297 299 312 143 230 190 315 185 249 246 281 155 333 104 283 61 287 237 240 180 242
split_gain=4.1245 2.87664 5.61285 2.99373 2.87795 2.65493 3.08947 3.48668 3.3648 3.30881 3.03919 3.20576 4.41532 3.32932 3.20766 3.19641 2.58578 2.51338 2.4934 2.22709 2.21549 2.18094 2.15104 2.13638 2.07854 2.07278 1.97629 1.90143 2.59493 2.14388
threshold=-0.0025180246514869579 0.049121967210567795 0.042793992157743571 -0.060903250849480617 5.5357142857142865 -0.043424783845316207 -0.0091114577289080241 -0.022307764529822815 -0.034822109356291868 -0.016080347974467012 0.013918646304613683 0.0013972512481597932 0.0010629551177289154 0.011052605337855336 0.0033937850404761748 -0.0016510264448391303 -0.0059628623003338526 -0.097372753313149943 -0.052155648921357593 0.035527079806247273 -0.038276811865652738 -0.025827696106958998 0.063018411514672495 -0.0019567825717502724 1.7005986908310777 0.0027933692488000994 -0.0017879510547482889 -0.0020162756829097657 0.034142582017967167 -0.064784122199758071
decision_type=2 2 2 2 2 2 2 2 2 2 2 2 2 2 2 2 2 2 2 2 2 2 2 2 2 2 2 2 2 2
left_child=17 3 22 -2 -5 21 7 -7 9 -8 11 16 14 -14 -13 -12 -10 -1 -19 27 -21 23 -3 -6 -9 -18 -17 -20 29 -29
right_child=1 2 -4 4 5 6 8 24 10 -11 15 12 13 -15 -16 26 25 18 19 20 -22 -23 -24 -25 -26 -27 -28 28 -30 -31
leaf_value=0.013460686815011761 0.020177890883060174 0.0079649791866379226 0.033378168474882841 -0.011286930188847084 -0.0068526600883342323 -0.018579486751308046 0.0017377853643847632 0.0045033995572358694 -0.013438632331934632 0.028365405459356098 0.022158207263380879 -0.011113776076688536 0.0083634084894914518 0.032185627194121484 0.0080991270818880617 -0.0029121579879540067 0.0056149681906818467 0.0062616301768068832 0.00048697518225794957 0.0038431676570326091 -0.01473949799988919 -0.0084531509683950356 -0.0098065350160357508 0.015726501276631926 -0.0082847695300491374 -0.0083125957838174978 0.012936148530728109 0.010424550248353627 -0.018297133381877627 -0.0051624146588624296
leaf_weight=23 20 90 20 48 20 30 20 94 51 28 38 45 55 20 42 42 68 62 231 20 81 108 21 22 48 44 37 24 35 273
leaf_count=23 20 90 20 48 20 30 20 94 51 28 38 45 55 20 42 42 68 62 231 20 81 108 21 22 48 44 37 24 35 273
internal_value=2.84167e-11 0.00208336 0.00899599 0.00105432 0.000609588 0.00131283 0.00267376 -0.00309148 0.00469747 0.0172706 0.00333207 0.000844421 0.00582558 0.014716 -0.00183858 0.0102422 -0.00410618 -0.00281212 -0.00332765 -0.00422303 -0.0110598 -0.0046934 0.0046028 0.00497452 0.000180638 0.000143425 0.00451047 -0.00299655 -0.00542033 -0.00390286
internal_weight=1760 1011 131 880 860 812 662 172 490 48 442 325 162 75 87 117 163 749 726 664 101 150 111 42 142 112 79 563 332 297
internal_count=1760 1011 131 880 860 812 662 172 490 48 442 325 162 75 87 117 163 749 726 664 101 150 111 42 142 112 79 563 332 297
is_linear=0
shrinkage=0.05


Tree=52
num_leaves=31
num_cat=0
split_feature=215 219 327 167 288 140 318 180 253 230 335 324 252 105 278 143 254 4 182 86 332 292 292 278 300 232 214 138 327 320
split_gain=3.72236 2.64844 3.01053 2.80466 2.72638 2.82384 4.49687 2.7457 2.53993 2.67689 2.4991 3.15972 2.36575 2.26756 2.30429 2.26146 2.25015 2.22504 3.92243 2.57325 2.25329 2.19489 2.00528 1.97179 3.12357 2.91308 3.07114 3.66805 2.5504 2.32618
threshold=-0.0025180246514869579 -0.033493969015628712 0.045705150095337509 0.048468904019232463 0.017306145105037741 -0.034648130581278629 0.0010593962266260591 0.0029624582421710257 0.0015791381251747049 0.051920988835069078 0.0083383393202828334 0.016614046332685154 0.048712546828518256 0.0044051788875020493 0.031216230965658103 -0.0064905514691175658 0.12279680753993281 6.6920714277665008 0.00054718952502893006 -0.065522959521201601 -0.034171485916971368 0.045296872864746901 -0.0015235200356299738 0.015405297939144256 0.0098933420477569107 0.00010393167906835389 -0.0020715151145747185 0.0092834394872412778 0.0092306214386396728 0.0018685733481229902
decision_type=2 2 2 2 2 2 2 2 2 2 2 2 2 2 2 2 2 2 2 2 2 2 2 2 2 2 2 2 2 2
left_child=12 17 3 4 5 6 -3 -6 13 10 11 -10 16 14 -7 -14 23 19 -19 -2 -21 -22 -12 24 -1 26 -26 -28 29 -27
right_child=1 2 -4 -5 7 8 -8 -9 9 -11 22 -13 15 -15 -16 -17 -18 18 -20 20 21 -23 -24 -25 25 28 27 -29 -30 -31
leaf_value=-0.004438047648760734 0.010509243793785573 0.0025779462865709018 -0.01425243990749798 0.021327313602281114 -0.0089052579512385877 0.018366630384116435 0.033873835561627694 0.0049045468716632946 0.0024102184367030093 -0.015229846595320852 -0.018524807771401749 0.022345308005809784 -0.00098794586516010616 0.0036645323884389974 -0.00081792111508548258 0.018719165087410752 -0.019623390789188091 -0.0089554052629637233 0.019445820689772169 0.0099032588806003338 -0.0073906177250891289 0.0074222968026463471 0.0014861781450529253 -0.0067357297803445253 -0.0026299847227831685 -0.0057888593593681302 0.02705725644870351 0.0018220808956054197 -0.01390622479600772 0.01560501321218908
leaf_weight=264 32 24 22 24 73 72 22 71 97 24 21 25 37 115 20 24 21 20 31 25 234 28 31 231 30 27 36 24 31 24
leaf_count=264 32 24 22 24 73 72 22 71 97 24 21 25 37 115 20 24 21 20 31 25 234 28 31 231 30 27 36 24 31 24
internal_value=4.9508e-12 0.00197919 0.00392349 0.00456948 0.00389353 0.00580602 0.0175455 -0.00209626 0.00447264 0.000424031 0.00258319 0.00649528 -0.00267151 0.00834522 0.0141961 0.00676567 -0.00350824 -0.00138916 0.00830809 -0.00293951 -0.00443902 -0.00580756 -0.00659518 -0.00300087 -0.00102208 0.00422105 0.0104321 0.0169632 -0.002596 0.00427885
internal_weight=1760 1011 641 619 595 451 46 144 405 198 174 122 749 207 92 61 688 370 51 319 287 262 52 667 436 172 90 60 82 51
internal_count=1760 1011 641 619 595 451 46 144 405 198 174 122 749 207 92 61 688 370 51 319 287 262 52 667 436 172 90 60 82 51
is_linear=0
shrinkage=0.05


Tree=53
num_leaves=31
num_cat=0
split_feature=62 165 108 179 320 184 267 100 0 110 81 329 267 324 140 212 249 331 102 283 225 121 125 206 146 106 185 245 270 148
split_gain=3.42431 2.21993 2.47913 2.52017 2.25041 4.51434 2.74956 3.15529 2.90013 3.44048 2.4877 2.89334 2.21125 2.16243 2.13545 2.49719 2.34448 2.52128 2.45589 3.69711 2.80524 2.78768 2.64186 2.21332 2.20536 2.20042 2.16487 2.03436 2.00004 2.34985
threshold=1.2424533248940004 0.057822073162986189 0.144140731680208 -0.04912606804582579 0.033841992597722435 0.010803091989082214 0.056014732233281649 -0.033451178983835365 3.7132745361986528 0.0058267619266256241 -0.34126957049915202 -0.0016147961720137567 0.044398325063207476 0.0036158104193278616 0.030628918411758892 0.044658794128714131 0.024121278038399013 -0.024488367785491943 0.0061400556858151973 0.0077279554908811993 -0.05274604279188292 0.015035468621110279 -0.0079354866105659141 -0.0017104572137769261 -0.0026042965856996393 -0.017995810926067935 -0.024728602778107973 0.0025703961513967766 0.034657862974438236 -0.0052129636188909777
decision_type=2 2 2 2 2 2 2 2 2 2 2 2 2 2 2 2 2 2 2 2 2 2 2 2 2 2 2 2 2 2
left_child=1 2 3 -1 6 10 8 -8 9 -5 11 -6 14 -14 15 26 18 -18 19 -17 25 23 -23 -22 -21 -20 -10 -9 29 -2
right_child=28 -3 -4 4 5 -7 7 27 12 -11 -12 -13 13 -15 -16 16 17 -19 20 24 21 22 -24 -25 -26 -27 -28 -29 -30 -31
leaf_value=-0.0098713051090016969 -0.00071267908712168435 -0.0094137996112053507 0.018065805593505502 -0.024858507700264456 0.031671184711848148 -0.0032189802266657354 -0.0039593255563610879 0.02431803556129096 0.020684258742923185 0.00088272679735113078 0.0020142942863458301 0.010787719012736235 -0.00025619494004382025 -0.021373843190006236 -0.0045451298294106627 -0.010032370328356334 0.0086318400307473821 -0.010190638553436285 0.0062074484958968782 0.020119068915955725 0.0059185231530240606 0.025289846826344733 0.001118427747860551 -0.010544135824454074 -0.0013157291430979969 0.027509801165962761 0.0041701947019180388 0.0068441657116636639 0.0092354480332384522 -0.0096541801533667291
leaf_weight=50 130 49 22 25 27 66 33 31 21 27 32 43 27 22 140 81 22 93 27 20 35 20 26 49 30 22 361 36 24 169
leaf_count=50 130 49 22 25 27 66 33 31 21 27 32 43 27 22 140 81 22 93 27 20 35 20 26 49 30 22 361 36 24 169
internal_value=-1.3191e-11 0.00104562 0.00141486 0.00114669 0.00156531 0.00697023 0.000774346 0.00869591 1.84711e-05 -0.0114929 0.0135632 0.0188428 0.000619465 -0.00973759 0.00115536 0.0021443 -0.000492619 -0.00658982 0.00176925 -0.00343292 0.00557642 0.00173355 0.0116277 -0.00368469 0.00725819 0.0157718 0.00507804 0.0149291 -0.00465187 -0.00576657
internal_weight=1760 1437 1388 1366 1316 168 1148 100 1048 52 102 70 996 49 947 807 425 115 310 131 179 130 46 84 50 49 382 67 323 299
internal_count=1760 1437 1388 1366 1316 168 1148 100 1048 52 102 70 996 49 947 807 425 115 310 131 179 130 46 84 50 49 382 67 323 299
is_linear=0
shrinkage=0.05


Tree=54
num_leaves=31
num_cat=0
split_feature=91 147 322 200 202 296 327 250 315 325 150 325 295 180 182 167 189 81 279 153 214 225 254 248 248 194 215 194 313 230
split_gain=3.21628 3.95128 3.49196 3.3654 3.1893 3.15685 3.48358 3.27507 3.08716 2.77267 2.59826 2.7093 2.59049 2.92658 2.65168 2.75114 2.50989 2.48052 2.41159 3.04664 2.34336 2.30943 2.2827 2.18927 2.18455 2.12853 2.09772 2.15111 2.2286 1.91651
threshold=-0.01363351714853848 0.054095046545770221 0.022334019392917692 0.0016173549582169727 0.00079695063240113313 -0.023800787730998651 -0.0084342764515098201 0.017357915088345558 0.038504935930600497 0.0031467367078048428 -0.012370604113316008 -0.00036738803066988001 0.024355832911731688 0.034648208176035901 0.013119325018323132 -0.04224408606698541 0.0037933802730877038 -0.45882018600746494 0.00095985744894953558 -0.001834642993222678 -0.04000184287971862 0.026126874620797668 -0.034114794572710806 -0.0083319019515083002 -0.0070868390357969342 0.010942388139284944 -0.06610838088143868 0.0014461449000801668 0.0061484722718292495 0.011052605337855336
decision_type=2 2 2 2 2 2 2 2 2 2 2 2 2 2 2 2 2 2 2 2 2 2 2 2 2 2 2 2 2 2
left_child=1 12 3 5 -3 7 20 17 10 -5 23 -12 13 14 15 -1 -13 -2 24 -20 -7 -22 -17 -8 -11 -19 -24 28 -28 -30
right_child=2 4 -4 9 -6 6 8 -9 -10 18 11 16 -14 -15 -16 22 -18 25 19 -21 21 -23 26 -25 -26 -27 27 -29 29 -31
leaf_value=0.019894461371004583 0.03432858806946093 -0.0010575604189181746 -0.0044975139427086272 -0.0044763090439391357 0.026841224320814944 -0.018934205081313851 0.0086146363290026794 0.00064434414816787471 0.025438742543615046 -0.00030582428632958516 0.014483734892865356 0.0072463143128352094 -0.0084325003276388352 -0.013165448918672546 -0.006906448136565782 -0.0091529681879494867 -0.012453399014669811 0.0045008549928078779 -0.014583547949610698 0.0058810959477506751 0.0058862839227852726 -0.010132574669033704 -0.0094543919432908304 -0.010578785304171154 0.015046407175888758 0.026021854570135474 0.0033018672802521813 -0.00084423168909538186 0.028362187459355311 0.0085285700408035316
leaf_weight=20 21 21 181 197 20 20 24 32 21 37 92 61 188 49 114 49 22 27 31 44 60 36 32 39 62 20 77 113 21 29
leaf_count=20 21 21 181 197 20 20 24 32 21 37 92 61 188 49 114 49 22 27 31 44 60 36 32 39 62 20 77 113 21 29
internal_value=-7.55046e-12 -0.00253002 0.00180575 0.00315432 0.0125516 0.00594136 0.00383644 0.0138348 0.00706157 -0.000413997 0.00544005 0.00857459 -0.00342358 -0.00155518 -0.000304839 0.00190215 0.0020247 0.0200421 0.00418529 -0.00257762 -0.00336448 -0.000120788 0.000781134 -0.00326701 0.0093087 0.0136587 0.00257073 0.00417408 0.0086392 0.0168587
internal_weight=1760 733 1027 846 41 475 375 100 259 371 238 175 692 504 455 341 83 68 174 75 116 96 321 63 99 47 272 240 127 50
internal_count=1760 733 1027 846 41 475 375 100 259 371 238 175 692 504 455 341 83 68 174 75 116 96 321 63 99 47 272 240 127 50
is_linear=0
shrinkage=0.05


Tree=55
num_leaves=31
num_cat=0
split_feature=91 147 322 200 268 287 182 133 325 165 298 269 268 201 325 279 179 115 144 167 209 9 167 242 229 182 312 119 127 114
split_gain=2.90269 3.56603 3.15149 3.03728 3.03459 4.09853 3.7099 2.9359 2.55656 2.83121 2.83688 2.53804 2.51437 2.47711 2.44691 2.60834 2.18616 2.12626 2.11686 2.52328 1.99678 2.00876 2.9607 2.11372 2.51901 2.17613 2.00181 1.98056 2.39562 1.93495
threshold=-0.01363351714853848 0.054095046545770221 0.022334019392917692 0.0016173549582169727 -0.0086569983536811338 -0.047370988479519982 -0.025102426285417669 0.017763212169698409 -0.0033392489813265031 0.00022016905145587516 0.0039622683707749495 0.044418230853264913 -0.049216444488748602 9.1341175381421088e-05 0.0031467367078048428 0.00095985744894953558 0.010207319202456855 -0.032214381688151869 -0.0035880877035183324 -0.0021120613732417449 0.014680201249034649 0.018069198406701559 -0.040768346300793117 -0.033332995080421833 -0.022555292103018893 0.015392372029458536 0.0019819871560555155 0.010590160855898706 0.0016662153958363548 -0.00028634784276271779
decision_type=2 2 2 2 2 2 2 2 2 2 2 2 2 2 2 2 2 2 2 2 2 2 2 2 2 2 2 2 2 2
left_child=1 12 3 4 6 -6 -2 -3 9 10 -7 14 13 -1 29 27 -17 -10 -8 -20 -14 22 -22 24 -23 -25 -26 28 -16 -5
right_child=2 7 -4 11 5 8 18 -9 17 -11 -12 -13 20 -15 15 16 -18 -19 19 -21 21 23 -24 25 26 -27 -28 -29 -30 -31
leaf_value=0.020646668314224199 0.020456416590050572 -0.0017861524224281314 -0.0042726382244399558 -0.011417157907934884 0.026345831644721332 0.027692878790772882 0.0039811866467061923 0.024981332296461226 -0.0098356229606373566 0.0033878700467399681 0.0070431779106629308 0.014368182744968823 -0.011992979653074708 -0.0020703969556572182 0.0027767023500055079 -0.012747700112192213 0.0052527583406997789 0.005383511264385148 -0.016488070469349622 0.00077133522692343431 0.019584954860620202 -0.0090530965097800464 -0.00093658640571259741 -0.0045928573153987736 0.021474731110391165 -0.014550017531745243 -0.00010741266675970772 -0.0004965740084452064 0.023579510165032961 -0.0010153580955975662
leaf_weight=21 21 20 181 79 30 39 80 21 29 52 29 27 71 28 25 37 31 110 40 45 20 27 145 268 21 69 22 38 31 103
leaf_count=21 21 20 181 79 30 39 80 21 29 52 29 27 71 28 25 37 31 110 40 45 20 27 145 268 21 69 22 38 31 103
internal_value=1.59004e-11 -0.00240352 0.00171546 0.0029966 0.00564429 0.00885042 0.000662726 0.011924 0.00682393 0.0121704 0.0188864 -0.000393297 -0.0032524 0.00766549 -0.0015519 0.0029178 -0.00454161 0.0022083 -0.00185647 -0.00735074 -0.0040844 -0.00310275 0.00155087 -0.00498935 0.00291675 -0.00663156 0.0104327 0.00831396 0.0142925 -0.00553043
internal_weight=1760 733 1027 846 475 289 186 41 259 120 68 371 692 49 344 162 68 139 165 85 643 572 165 407 70 337 43 94 56 182
internal_count=1760 733 1027 846 475 289 186 41 259 120 68 371 692 49 344 162 68 139 165 85 643 572 165 407 70 337 43 94 56 182
is_linear=0
shrinkage=0.05


Tree=56
num_leaves=31
num_cat=0
split_feature=215 112 286 273 188 0 268 175 145 264 269 134 237 260 274 236 141 243 115 110 321 247 285 7 52 130 179 168 220 104
split_gain=2.71672 2.36088 4.58726 2.47359 2.87069 2.69922 2.67127 2.45194 2.37928 2.25876 2.15877 2.86998 2.64311 2.59684 3.22835 2.95311 2.13904 2.00101 2.08135 2.07767 2.0355 1.96919 1.962 2.55502 2.49165 2.1013 1.86786 1.86022 1.97575 1.81337
threshold=-0.0025180246514869579 0.049121967210567795 0.042793992157743571 -0.030273810695045807 0.00080268600080439663 3.9415346756528771 0.035924290321296244 -0.0046703733312907728 0.03667787025695679 0.0080302458732036137 0.028228099177010166 0.0033634254082300897 -0.0019892828206385261 0.0037690730933199216 0.029237190515073772 1.0000000180025095e-35 0.001303341824097314 -0.084190586297718015 0.040328588940504041 -0.014060374396743564 -0.035278050737604004 0.014876006574772014 -0.015459287285168785 0.77021351781127267 1.0000000180025095e-35 0.0016855988890015744 -0.022004780776887525 -0.0068790210011581724 0.013342696668961688 0.063018411514672495
decision_type=2 2 2 2 2 2 2 2 2 2 2 2 2 2 2 2 2 2 2 2 2 2 2 2 2 2 2 2 2 2
left_child=17 3 29 4 6 -5 16 -6 10 -10 12 -12 22 14 15 -14 -2 -1 19 26 -21 -17 23 -7 25 -24 -19 -20 -29 -3
right_child=1 2 -4 5 7 8 -8 -9 9 -11 11 -13 13 -15 -16 21 -18 18 27 20 -22 -23 24 -25 -26 -27 -28 28 -30 -31
leaf_value=0.0077055805620360879 0.017463752181668367 0.0070686260891509147 0.029995507262647155 -0.013532312077127004 -0.009671737250173465 -0.004545521854629947 0.025616107748534817 0.0076255347513194604 -0.0021510911639779809 -0.019984381412191748 0.0011988640453082398 0.018817698825640897 0.011632737225570185 -0.0025381083785323429 0.02660050969105214 0.0039106721366425198 -0.00046429908593048955 -0.022038340851664544 -0.0048183327051810922 -0.0097849724319889961 -0.0010802337066901366 -0.015919413594972519 -0.009497133100164994 0.014292302473137779 -0.016655149473808705 0.0035737691851729747 -0.0067582032689824699 0.001786722652123947 0.019885314196348192 -0.009248525511828207
leaf_weight=47 28 90 20 38 40 45 26 42 56 26 59 38 70 100 20 31 41 25 40 81 393 21 62 30 46 61 100 38 25 21
leaf_count=47 28 90 20 38 40 45 26 42 56 26 59 38 70 100 20 31 41 25 40 81 393 21 62 30 46 61 100 38 25 21
internal_value=4.44991e-12 0.00169084 0.00795319 0.000758601 0.00604164 -0.000571553 0.0119576 -0.000812159 0.000169062 -0.00780555 0.00129071 0.00810109 -6.85689e-05 0.00363394 0.00798046 0.00492799 0.00681085 -0.00228229 -0.00295099 -0.00407996 -0.00256775 -0.00409763 -0.00374073 0.00298961 -0.00672757 -0.00301482 -0.00981423 0.00361451 0.0089687 0.0039816
internal_weight=1760 1011 131 880 177 703 95 82 665 82 583 97 486 242 142 122 69 749 702 599 474 52 244 75 169 123 125 103 63 111
internal_count=1760 1011 131 880 177 703 95 82 665 82 583 97 486 242 142 122 69 749 702 599 474 52 244 75 169 123 125 103 63 111
is_linear=0
shrinkage=0.05


Tree=57
num_leaves=31
num_cat=0
split_feature=252 220 239 108 91 186 322 110 296 320 321 248 93 296 154 152 86 334 296 121 242 212 169 217 195 190 234 222 183 199
split_gain=2.50422 3.40229 3.50678 2.50097 2.33566 2.38784 1.95864 2.65017 3.33292 2.69035 2.63098 2.52149 2.22482 2.04722 2.01313 2.3242 2.45921 2.53166 1.97499 1.92473 2.37606 3.49081 2.00075 1.93279 2.19498 2.23156 2.00886 1.9721 1.91505 1.83065
threshold=0.048712546828518256 0.05620988910268316 -0.027912544001932379 0.144140731680208 -0.01363351714853848 -0.035734605395823765 0.022334019392917692 -0.0095978195546211707 -0.022032516440412497 -0.04175830695014919 0.0065070242588983907 0.0092087780725218556 0.048668701738143999 -0.011055316255831506 -0.026732377722203899 -0.014394802332122923 0.042804444429772368 0.0070786773639822335 0.025727890556777204 0.037084737763482624 -0.034955314637823552 0.086739686795297102 0.013797388034524452 -0.11224116876637345 -0.0034817025916319714 0.038606203621620407 0.0037877920191596325 0.01511232013528588 0.018455877723760863 -0.004042470772758963
decision_type=2 2 2 2 2 2 2 2 2 2 2 2 2 2 2 2 2 2 2 2 2 2 2 2 2 2 2 2 2 2
left_child=3 -2 -3 4 19 -6 7 10 11 -10 12 -9 -7 -8 -11 -16 -17 -18 28 20 21 -1 -21 26 27 -26 -22 -25 -15 -12
right_child=1 2 -4 -5 5 6 13 8 9 14 29 -13 -14 18 15 16 17 -19 -20 22 23 -23 -24 24 25 -27 -28 -29 -30 -31
leaf_value=-0.0042278081956984744 0.0016336803622261594 0.032745046076597645 0.005530057431616147 0.016435684589669108 -0.010206434645868363 0.0046162707300550524 -0.012668079419223511 0.0082851053767654149 -0.012836088524916425 0.018143012730971627 0.00080831756349653006 0.026930753812193869 -0.0112589068710804 -0.0017144069721501684 -0.007390948068449631 0.0084985954620476287 -0.0088648160274785292 0.0095732080869718877 -0.0084823685630812853 -0.001059368746770945 -0.0048644819209584973 0.021558161239538874 0.015183618120276011 -0.0043951916797500181 -0.010687283673757009 0.0066773744486272341 0.014271818629155556 0.010506531563945688 0.017327568218435931 -0.01367158373849916
leaf_weight=35 165 20 29 21 47 146 46 66 26 23 35 25 26 31 47 154 52 29 38 70 32 21 26 152 247 20 24 26 23 58
leaf_count=35 165 20 29 21 47 146 46 66 26 23 35 25 26 31 47 154 52 29 38 70 32 21 26 152 247 20 24 26 23 58
internal_value=1.12525e-11 0.0050693 0.0166382 -0.000701701 -0.000937691 0.000755625 0.00138013 0.00247203 0.00493293 0.00260306 -0.00144686 0.0134075 0.00221653 -0.00405561 0.00391918 0.00275908 0.00478909 -0.00226355 0.000250624 -0.0031989 -0.00432586 0.00544193 0.00333977 -0.00541767 -0.00651935 -0.00938656 0.00333679 -0.00221854 0.00639606 -0.00822216
internal_weight=1760 214 49 1546 1525 872 825 687 422 331 265 91 172 138 305 282 235 81 92 653 557 56 96 501 445 267 56 178 54 93
internal_count=1760 214 49 1546 1525 872 825 687 422 331 265 91 172 138 305 282 235 81 92 653 557 56 96 501 445 267 56 178 54 93
is_linear=0
shrinkage=0.05


Tree=58
num_leaves=31
num_cat=0
split_feature=287 92 117 225 165 242 295 204 207 9 157 0 84 86 130 172 275 273 251 264 178 110 155 82 251 333 167 157 114 153
split_gain=2.35571 4.3186 5.9307 3.79416 2.40845 3.56729 2.4793 2.35763 2.2338 2.22371 2.18147 2.1291 2.22385 1.97012 2.52551 1.90673 2.3403 2.09069 2.22379 2.07964 2.24221 2.06736 2.0603 1.94921 1.94665 1.87325 2.44687 2.20889 2.31633 1.84078
threshold=-0.023246475293097302 0.025265869086526956 0.0089006039799353117 0.018541533547158904 -0.036987690632122087 0.028395479247685627 0.021823210346004696 -0.0066525909733558186 0.015657336923729139 0.050678774536782246 -0.014335144111894951 3.7132745361986528 0.30089541117689561 0.096552316152167028 -0.0045541095647914009 0.0061208954152894958 -0.01910761849707544 -0.022697100645301376 -0.0090662677296964121 -0.0060244323166725733 -0.015673046618649749 -0.013797882850115774 0.013656828766299032 -0.016378928684496273 0.00067104308428088324 -0.0012294653262599413 -0.00045652744022882006 0.0045601472963726778 -0.0062520812100173998 0.014483598633203882
decision_type=2 2 2 2 2 2 2 2 2 2 2 2 2 2 2 2 2 2 2 2 2 2 2 2 2 2 2 2 2 2
left_child=1 9 10 -4 5 7 8 -2 11 -1 -3 -6 15 -8 -15 16 -13 21 29 20 -17 -18 23 -21 -24 27 -27 28 -20 -19
right_child=4 2 3 -5 6 -7 13 -9 -10 -11 -12 12 -14 14 -16 19 17 18 25 22 -22 -23 24 -25 -26 26 -28 -29 -30 -31
leaf_value=0.0013915755267301566 0.014867591754723851 0.01431426944004165 0.012772504770411894 0.041739620491862299 -0.011140718411754917 0.021144899255435529 -0.0076550489131665027 -0.0041843877626653861 -0.006197921891080242 -0.013525130732783251 -0.003203315927329151 -0.0039005816341856517 0.016804421676153487 0.014541384587530046 -0.0077159428422769105 -0.0099299056240500158 -0.013151322131783799 0.018134323726408184 0.018026075871395215 -0.017459689086193549 0.0053098399239088143 0.003064358533650148 -0.0068630830368160136 -0.0038291961403080716 0.013011990885504268 0.0062281830522248095 -0.0089264236707240346 0.022307809118343437 -0.0020845735931975975 0.0027919882201942903
leaf_weight=232 22 27 26 20 37 29 233 62 142 28 52 107 22 25 26 31 29 60 21 51 109 61 28 54 22 57 50 23 45 29
leaf_count=232 22 27 26 20 37 29 233 62 142 28 52 107 22 25 26 31 29 60 21 51 109 61 28 54 22 57 50 23 45 29
internal_value=1.3361e-11 0.00345697 0.0110943 0.0253669 -0.000967951 0.00602528 -0.00159413 0.000805416 -0.00039988 -0.000214839 0.00278371 0.000584954 0.00112795 -0.00570671 0.00319451 0.000684081 0.0026218 0.00448286 0.00658082 -0.00248196 0.00193532 -0.00216069 -0.00647176 -0.0104497 0.00188195 0.00360463 -0.000853409 0.00896429 0.00431427 0.0131351
internal_weight=1760 385 125 46 1375 113 1262 84 978 260 79 836 799 284 51 777 482 375 285 295 140 90 155 105 50 196 107 89 66 89
internal_count=1760 385 125 46 1375 113 1262 84 978 260 79 836 799 284 51 777 482 375 285 295 140 90 155 105 50 196 107 89 66 89
is_linear=0
shrinkage=0.05


Tree=59
num_leaves=31
num_cat=0
split_feature=117 128 259 97 314 288 324 62 177 295 86 324 308 132 148 47 200 275 333 203 151 286 7 83 240 265 210 167 203 227
split_gain=2.19347 3.70857 2.85695 2.79413 2.47819 2.74141 2.26942 2.67596 2.30709 2.74709 2.64407 2.23319 2.81597 2.055 2.51488 2.45628 2.44149 2.92172 2.00485 1.91148 1.85868 1.85256 1.8714 1.85027 1.84866 1.8077 1.71296 1.7075 2.46774 1.61742
threshold=0.011440611190302069 0.073240207413953706 0.025042979742133552 0.047609419506288102 -0.038794822342389214 0.01127244010534169 0.028964553023628492 1.2424533248940004 -0.010585757372067571 0.010356384283917044 0.1408926639940595 0.017286110928520722 0.0057340298520611758 0.015259036271778494 -0.0087180192407150681 1.0000000180025095e-35 -0.003686353732263102 0.0007335886130050731 0.0097148396414917255 -0.00073540527380327862 -0.0097588028367228009 0.014402121049075069 0.53913909313725494 0.1115061222997414 0.015616639854668669 0.026565987023583666 0.0088684913807804844 0.0025215106211110417 0.0057439643515404025 -0.016445691940572705
decision_type=2 2 2 2 2 2 2 2 2 2 2 2 2 2 2 2 2 2 2 2 2 2 2 2 2 2 2 2 2 2
left_child=6 2 3 4 -2 11 7 8 9 10 18 -6 -13 14 24 29 19 -18 23 -15 -5 26 -23 -1 -10 27 -8 28 -7 -16
right_child=1 -3 -4 20 5 25 21 -9 13 -11 -12 12 -14 16 15 -17 17 -19 -20 -21 -22 22 -24 -25 -26 -27 -28 -29 -30 -31
leaf_value=0.0086626567412167784 -0.0082808682625181967 0.019746831289075062 -0.0043917437379506477 0.0046650371130090209 0.0036391881779989105 0.0093143030449196144 -0.00087233453870571231 -0.0060184324284210892 -0.010361120650971618 -0.010247957935511792 -0.011570935699689602 0.0059334703064191025 0.026630219113495612 0.0075885597383603459 -0.0041994542966907224 0.017502133914136461 0.013521833742371479 -0.0026542868858701746 0.018741963913097331 0.028946209251880645 0.02572561496530067 -0.025570458156818694 -0.0059251955882818619 -0.0096994277778203082 0.0017516463065736128 0.0073275639450237646 -0.015569199024078748 -0.015017004873758802 -0.013858135852497074 0.0047834445074792734
leaf_weight=34 50 29 157 20 206 27 114 169 72 88 28 42 27 22 75 28 46 71 23 20 22 22 27 23 56 31 24 36 20 151
leaf_count=34 50 29 157 20 206 27 114 169 72 88 28 42 27 22 75 28 46 71 23 20 22 22 27 23 56 31 24 36 20 151
internal_value=-5.82077e-13 0.00225957 0.0014647 0.00337626 0.00219753 0.00354437 -0.0013789 -0.000343817 0.000957418 -0.0036903 0.00165299 0.00624689 0.0140322 0.00264125 0.000653121 0.00353307 0.00741775 0.00370556 0.00628136 0.0177589 0.0156968 -0.00639378 -0.0147455 0.00125339 -0.00506179 -0.00297486 -0.00342831 -0.00682276 -0.000546309 0.00180239
internal_weight=1760 667 638 481 439 389 1093 906 737 196 108 275 69 541 382 254 159 117 80 42 42 187 49 57 128 114 138 83 47 226
internal_count=1760 667 638 481 439 389 1093 906 737 196 108 275 69 541 382 254 159 117 80 42 42 187 49 57 128 114 138 83 47 226
is_linear=0
shrinkage=0.05


Tree=60
num_leaves=31
num_cat=0
split_feature=252 220 181 254 108 182 296 118 172 192 180 155 193 265 169 108 104 215 107 264 287 296 113 236 114 280 204 87 252 257
split_gain=2.14241 2.80334 3.03802 2.16512 2.00682 1.90268 2.15318 1.94358 1.91258 1.8034 2.57643 2.93716 2.89375 2.71068 2.42113 2.29924 2.26043 2.21042 2.18907 2.0522 2.46805 2.34325 2.28301 3.16607 2.04742 1.7107 1.64168 1.61294 1.47073 1.4356
threshold=0.048712546828518256 0.05620988910268316 0.0038914808524219248 0.12279680753993281 0.144140731680208 0.014755386727820211 0.033476315838810729 -0.021222057777798065 0.001592406844210795 -0.0045863501080625462 -0.0095798994127314196 0.0083178126079878154 0.0076717584441063991 -0.039013910505351655 -0.018383113574184224 -0.0023837038519006547 -0.064173396283409331 0.02232925117048111 -0.0020597462954517168 -0.01289252005188004 -0.017056936329705126 0.024289094094200433 0.0019116530550639095 -0.015437969947568689 0.0025704783824388104 -0.017600799608737863 -0.0020793104956938172 -0.0016069159324959279 -0.024000335460199824 -0.015484698902925866
decision_type=2 2 2 2 2 2 2 2 2 2 2 2 2 2 2 2 2 2 2 2 2 2 2 2 2 2 2 2 2 2
left_child=3 25 -3 4 5 6 9 8 -7 10 -1 12 15 -13 -15 18 -11 19 -12 20 -18 24 -22 -24 -21 27 -17 -2 -26 -9
right_child=1 2 -4 -5 -6 7 -8 29 -10 16 11 13 -14 14 -16 26 17 -19 -20 21 22 -23 23 -25 28 -27 -28 -29 -30 -31
leaf_value=-0.0024679115494572611 0.00017538182415077958 0.02789683012767152 0.002991764988284558 -0.016594301039973895 0.014920368349911379 0.014547737265148989 -0.0045868901713915613 -0.0007106367932865396 -0.0039801816890637082 0.0098075733697041874 -0.010749023161828519 0.030231327321380376 -0.0070981876849306423 -0.0053605110477656127 0.015110004606853742 0.0051449418785826616 0.01409076123232288 0.0069597241435114714 0.0088659023047622416 -0.0094583562693714759 -0.0079556646591237064 0.0093073692472119413 -0.0061579557694494726 0.018762650111770762 0.00786817916033959 -0.0016428527209150084 0.022823523473123025 0.01870464148839043 -0.0041300260293940334 -0.0081186920257683148
leaf_weight=106 23 24 25 21 21 26 187 100 30 50 25 20 51 20 52 24 35 71 33 173 58 28 25 26 33 118 29 24 113 189
leaf_count=106 23 24 25 21 21 26 187 100 30 50 25 20 51 20 52 24 35 71 33 173 58 28 25 26 33 118 29 24 113 189
internal_value=7.42683e-12 0.00468882 0.0151902 -0.000649034 -0.00042946 -0.000643786 0.000326494 -0.00390336 0.00462207 0.00127176 0.00407983 0.00681236 0.00276051 0.0139471 0.00942375 0.00729018 -0.000380041 -0.00128641 0.000411193 -0.00247883 0.00253908 -0.00456119 -0.00117017 0.00654667 -0.00577849 0.00157023 0.0148181 0.00963713 -0.0014181 -0.00555535
internal_weight=1760 214 49 1546 1525 1504 1159 345 56 972 360 254 162 92 72 111 612 562 58 491 144 347 109 51 319 165 53 47 146 289
internal_count=1760 214 49 1546 1525 1504 1159 345 56 972 360 254 162 92 72 111 612 562 58 491 144 347 109 51 319 165 53 47 146 289
is_linear=0
shrinkage=0.05


Tree=61
num_leaves=31
num_cat=0
split_feature=287 92 117 286 324 180 321 202 9 256 185 157 128 252 265 327 243 118 276 275 225 176 188 124 311 263 9 322 85 147
split_gain=1.99237 3.69007 4.92272 3.36046 2.06157 2.50022 2.55186 2.11868 2.40559 2.56033 2.36395 2.77837 2.99538 2.5463 2.2015 2.14904 2.68259 2.33272 2.14683 2.09948 2.28554 2.96115 1.96787 1.95273 1.91768 1.85267 1.84991 1.84529 1.69565 1.55384
threshold=-0.023246475293097302 0.025265869086526956 0.0089006039799353117 0.018555732478798766 0.029855904863373972 0.017196493315755353 0.0056300079505926083 -0.0054894475752511902 0.018205492424242426 -0.056763272430831353 0.013744607642404904 0.017678974652902572 -0.00017973960393975223 -0.020498637842671408 -0.037096512061160054 -0.0087543481246124752 0.0048578804094866193 -0.021688173465652705 -0.0043556087820718426 -0.0021343397560843673 -0.042460054753887012 0.0014783392818248538 -0.0041526997501505842 0.0018900437199685981 0.0041331039517489175 0.012462114840403297 0.050678774536782246 -0.016628355882442901 0.04704785606608463 0.00078327834353851154
decision_type=2 2 2 2 2 2 2 2 2 2 2 2 2 2 2 2 2 2 2 2 2 2 2 2 2 2 2 2 2 2
left_child=1 26 22 -4 7 -6 -7 8 23 -10 11 12 14 -13 -9 -14 17 -17 -18 29 -21 24 -3 27 -22 -19 28 -2 -1 -16
right_child=4 2 3 -5 5 6 -8 10 9 -11 -12 13 15 -15 19 16 18 25 -20 20 21 -23 -24 -25 -26 -27 -28 -29 -30 -31
leaf_value=0.0033760705502748852 0.016760297737394771 0.016221378189511599 0.0097280012094415735 0.036756419228470845 -0.0082552686007414579 -0.0054193090348585082 0.01833683823555475 0.01738082335111411 0.0094042517466258017 -0.0081976831839603425 -0.0034411248728927028 0.025758564083472543 -0.0086711163800265202 0.0058926141493160422 -0.0074403630204352674 0.011677503010088748 -0.0013917305118714772 -0.0099546373350239258 0.018261946316907238 0.024074079096317293 0.023109325704475246 -0.006379899738892688 -0.0019271115121289582 -0.0046750729275641572 0.0035095516628084276 0.0059077666846254345 -0.012355024513921568 0.0012940631171524594 -0.0073452070557876769 0.004218614014725273
leaf_weight=186 30 20 23 23 167 26 20 34 23 203 190 23 84 54 51 22 24 79 33 20 24 33 59 66 26 24 28 54 46 65
leaf_count=186 30 20 23 23 167 26 20 34 23 203 190 23 84 54 51 22 24 79 33 20 24 33 59 66 26 24 28 54 46 65
internal_value=-2.17692e-11 0.00317922 0.010239 0.0232422 -0.000890181 -0.00541218 0.00490945 -6.12767e-05 -0.00314813 -0.00640634 0.00141539 0.00296361 0.00164867 0.0118266 0.00554354 -0.00205585 0.000997351 -0.0031018 0.00998671 0.00370579 0.00890114 0.00524501 0.00266744 0.00176089 0.0129174 -0.00625854 -0.000214889 0.00681772 0.0012503 -0.000907316
internal_weight=1760 385 125 46 1375 213 46 1162 376 226 786 596 519 77 253 266 182 125 57 219 103 83 79 150 50 103 260 84 232 116
internal_count=1760 385 125 46 1375 213 46 1162 376 226 786 596 519 77 253 266 182 125 57 219 103 83 79 150 50 103 260 84 232 116
is_linear=0
shrinkage=0.05


Tree=62
num_leaves=31
num_cat=0
split_feature=252 220 239 254 277 125 91 132 110 190 171 180 186 243 211 92 158 130 261 160 99 324 254 216 122 323 1 318 140 241
split_gain=1.84726 2.45896 2.79289 1.91226 1.79182 1.71644 2.07062 2.56147 2.01604 2.02174 2.7514 1.98921 1.73745 1.81308 1.84136 1.76579 1.68287 1.65752 2.17358 2.08945 1.90447 1.62625 1.82219 2.27391 1.88332 1.62478 1.59252 1.64005 2.07364 1.82136
threshold=0.048712546828518256 0.05620988910268316 -0.027912544001932379 0.12279680753993281 0.088470103549434714 0.034870472442581922 -0.01363351714853848 -0.062053957783711471 -0.0096874513048649923 0.0042305348669888819 0.024201609881631767 0.034648208176035901 0.00063370750058755953 0.049685115053951519 -0.083570806447226545 0.043613324141582567 -0.0059367137695505558 -0.0014297177882302513 0.016260785895227659 0.00093220407915023276 0.018158751959059364 -0.048734162968156601 0.078290367435630268 0.039826299570402172 -0.028325610315620489 0.021361802670817342 4.2835627800822236 0.010211511802298271 0.0019945449665824486 0.00049774046436975477
decision_type=2 2 2 2 2 2 2 2 2 2 2 2 2 2 2 2 2 2 2 2 2 2 2 2 2 2 2 2 2 2
left_child=3 -2 -3 4 5 6 7 -1 26 10 17 21 15 14 -14 16 -7 19 20 -10 -19 -9 23 25 -25 -23 -8 28 -28 -30
right_child=1 2 -4 -5 -6 12 8 11 9 -11 -12 -13 13 -15 -16 -17 -18 18 -20 -21 -22 22 -24 24 -26 -27 27 -29 29 -31
leaf_value=0.011034273428787642 0.0014331152174396047 0.028563239239156248 0.0042758258537325114 -0.015587910459864707 0.011127844974433891 -0.004670542110591972 -0.0059789732116188451 0.0079187856345261272 -0.0069104656180435861 -0.00036537748586043664 0.020218460173055064 -0.012828366780498377 0.014633189781528453 -0.013333357560812779 -0.0015905049339268512 0.001708492584526539 -0.020175700090337725 0.017829229504849508 -0.0039308087467881184 0.0064444273055414671 0.0043651942629367117 -0.0041929208811928463 0.011737164488004055 0.01374161433428526 -0.001301724523035509 -0.013162802304588481 0.0053868833105438036 0.013781771564390512 0.00065449836963255492 -0.018116375621563444
leaf_weight=34 165 20 29 21 33 30 119 37 54 180 32 48 23 23 73 25 42 58 28 64 48 196 20 25 124 68 65 24 28 24
leaf_count=34 165 20 29 21 33 30 119 37 54 180 32 48 23 23 73 25 42 58 28 64 48 196 20 25 124 68 65 24 28 24
internal_value=-6.26022e-12 0.00435387 0.0141891 -0.00060267 -0.000396316 -0.000651207 4.65467e-05 -0.00226017 0.00180526 0.00378031 0.00640786 -0.00313278 -0.00477312 -0.00072446 0.00229642 -0.00974003 -0.0137152 0.00465413 0.00845942 0.000332866 0.0117323 -0.00214259 -0.00300234 -0.00371612 0.00122233 -0.00650334 -0.00171944 0.00187548 -0.000566835 -0.00800898
internal_weight=1760 214 49 1546 1525 1492 1276 552 724 464 284 518 216 119 96 97 72 252 134 118 106 470 433 413 149 264 260 141 117 52
internal_count=1760 214 49 1546 1525 1492 1276 552 724 464 284 518 216 119 96 97 72 252 134 118 106 470 433 413 149 264 260 141 117 52
is_linear=0
shrinkage=0.05


Tree=63
num_leaves=31
num_cat=0
split_feature=287 92 117 220 165 0 285 81 148 251 320 209 120 1 268 256 252 95 1 157 224 314 272 305 137 226 274 307 87 123
split_gain=1.71093 3.19855 4.31371 3.06163 1.97581 1.95217 2.92811 2.5246 2.42615 2.08379 2.01186 2.0813 1.9441 2.02539 2.48673 1.89087 1.75275 1.9916 2.53759 1.75173 1.74958 1.95793 1.67932 1.67439 1.62041 1.68039 2.09951 1.74927 1.68186 1.90638
threshold=-0.023246475293097302 0.025265869086526956 0.0089006039799353117 0.039005761557930625 -0.074251962827112925 10.968067845939002 -0.013971194895057458 -0.59604288076690615 0.0010859832839625347 -0.020327605929706359 -0.015161912133676146 0.20412030181112192 0.0060186130145203753 4.7999057951650004 -0.04301686446818271 -0.012304371412208208 -0.015603205339121911 0.051155615735039496 4.6867395546766826 -0.014335144111894951 -0.019160195910994354 -0.019915229415149793 -0.0048932906887326297 0.020420808580679538 0.052321282420701477 0.032399311547792568 -0.0054482848003444637 -0.0076727666294383835 0.088519208949481051 0.025285420634341377
decision_type=2 2 2 2 2 2 2 2 2 2 2 2 2 2 2 2 2 2 2 2 2 2 2 2 2 2 2 2 2 2
left_child=1 16 19 -4 -2 7 -7 9 -8 -6 11 22 24 14 -14 -16 -1 18 -18 -3 -13 -22 23 -9 25 26 -12 -27 29 -28
right_child=4 2 3 -5 5 6 8 10 -10 -11 12 20 13 -15 15 -17 17 -19 -20 -21 21 -23 -24 -25 -26 27 28 -29 -30 -31
leaf_value=-0.0059043053396339168 0.013103074442595244 0.012763770662800031 0.0098688124436885124 0.035765596071169491 0.0027518403436988595 0.022584684618881773 -0.011749302458180034 -0.0058888793237901367 0.009540460980497302 -0.016399910173625971 -0.0064708760105228677 -0.0058402542310068382 0.013601731992740599 0.011071114968085154 0.005133075253557294 -0.0039297978373688484 -0.0046454320140984105 0.013197169780162062 0.010162045484009598 -0.0029338346299482513 0.017401188286021354 0.00028546555221096656 -0.010397073478109066 0.010839279532609951 -0.011465065143047235 -0.0017293014496593088 0.001420383323272443 0.014430628942243538 -0.0042668415307800505 0.015791161737308421
leaf_weight=89 25 27 25 21 20 21 23 52 32 49 162 60 36 66 93 151 93 36 42 52 24 55 143 21 39 33 113 34 94 29
leaf_count=89 25 27 25 21 20 21 23 52 32 49 162 60 36 66 93 151 93 36 42 52 24 55 143 21 39 33 113 34 94 29
internal_value=2.22888e-12 0.00294612 0.00951888 0.0216913 -0.000824913 -0.00108284 0.00670183 -0.00154723 0.000637469 -0.0108487 -0.00101462 -0.00417596 0.000305707 0.00319171 0.00133442 -0.000475506 -0.000213863 0.00274783 -3.86612e-05 0.00243117 0.000596503 0.00548518 -0.00724712 -0.00107667 -0.00167556 -0.000854502 -0.00208773 0.00647126 0.000921033 0.00435526
internal_weight=1760 385 125 46 1375 1350 76 1274 55 69 1205 355 850 346 280 244 260 171 135 79 139 79 216 73 504 465 398 67 236 142
internal_count=1760 385 125 46 1375 1350 76 1274 55 69 1205 355 850 346 280 244 260 171 135 79 139 79 216 73 504 465 398 67 236 142
is_linear=0
shrinkage=0.05


Tree=64
num_leaves=31
num_cat=0
split_feature=296 313 189 182 174 283 243 180 92 235 235 269 261 250 229 332 219 192 322 200 266 250 269 275 182 111 332 162 256 258
split_gain=1.67171 2.67091 3.06378 2.12032 2.25801 2.1329 1.90475 2.09026 2.02133 2.04582 2.37627 2.59746 2.17257 1.88114 2.31986 1.87286 2.00881 1.79358 1.62791 1.60467 2.13584 1.9394 1.73488 1.53259 2.7091 1.49924 2.09295 1.80714 1.80365 1.47817
threshold=0.033476315838810729 0.045667046107738175 0.024264075315056529 0.015100954824428692 -0.065504581575037024 -0.034989476958708347 -0.084190586297718015 -0.0094349069647055289 0.11740170708395778 -0.0063667583711305006 -0.0015369720361272808 -0.044548155005430114 0.028823664601068655 -0.026942180322221877 -0.033025950661480168 -0.021570536554869461 0.013394007495025015 -0.0091321904611478388 -0.0013700435707625226 0.00099081997953208672 0.0086948466599471117 -0.019629324474306969 0.0081180750784483977 -0.0019682837420042934 -0.00086574616422745089 0.0081134193522748119 -0.023013465253681569 -0.0140614022652582 0.013068786552342783 1.0000000180025095e-35
decision_type=2 2 2 2 2 2 2 2 2 2 2 2 2 2 2 2 2 2 2 2 2 2 2 2 2 2 2 2 2 2
left_child=1 3 -3 4 -1 -5 -6 15 9 12 -11 -12 25 14 -2 16 -8 -16 -10 23 21 -21 -22 24 -13 27 -27 -9 -28 -23
right_child=13 2 -4 5 6 -7 7 8 18 10 11 19 -14 -15 17 -17 -18 -19 -20 20 22 29 -24 -25 -26 26 28 -29 -30 -31
leaf_value=0.017366949045321062 -0.0085716985201892953 0.0042756441217961213 0.025749591505154969 -0.011979258357791504 0.010124703753703777 -0.0015043042936492869 0.0095597475781687546 0.0038235462847210112 0.0030367575801475057 0.015261865949172429 0.017299007509763428 0.0081363173407437497 0.0070715428548579935 -0.0056232929115862832 -0.00069153330881487236 -0.0057288965658155505 -0.0079189758896827701 0.01854095010569802 0.022746601979015398 0.0059608629058030523 -0.0015960486133449845 -0.0047976567727428948 0.016864152867347004 0.0089757830394870224 -0.0099419617879902954 -0.011322132585337387 -0.0009952941297174053 -0.012746947747655214 0.015988882741128859 -0.018678443363922485
leaf_weight=21 26 98 20 61 52 239 48 21 22 38 26 43 49 229 22 209 25 27 20 22 35 44 20 85 40 32 54 76 22 34
leaf_count=21 26 98 20 61 52 239 48 21 22 38 26 43 49 229 22 209 25 27 20 22 35 44 20 85 40 32 54 76 22 34
internal_value=1.38723e-11 0.000704125 0.0079153 6.81625e-05 0.00113821 -0.00363421 0.000803106 0.000300802 0.00179608 0.00109981 0.00338823 0.0020954 -0.00238688 -0.00337239 0.00350037 -0.00332073 0.00357388 0.00990596 0.0124224 0.000871582 -0.00279744 -0.00715025 0.00511675 0.00425669 -0.000576106 -0.00464767 -0.000595358 -0.00915952 0.00392118 -0.0108483
internal_weight=1760 1456 118 1338 1038 300 1017 965 683 641 387 349 254 304 75 282 73 49 42 323 155 100 55 168 83 205 108 97 76 78
internal_count=1760 1456 118 1338 1038 300 1017 965 683 641 387 349 254 304 75 282 73 49 42 323 155 100 55 168 83 205 108 97 76 78
is_linear=0
shrinkage=0.05


Tree=65
num_leaves=31
num_cat=0
split_feature=56 268 281 156 336 150 243 261 176 88 82 269 267 239 0 295 293 238 218 159 305 164 305 149 185 102 219 312 301 300
split_gain=1.62044 1.5685 2.14119 3.22183 2.08745 2.60494 2.5968 2.28641 2.11801 2.00021 2.84596 2.05413 1.90628 1.84508 1.78921 1.81667 1.8721 2.39204 2.24756 1.77609 1.7814 1.97413 1.66699 1.83132 1.75313 1.64967 1.67042 1.64656 1.7352 1.56476
threshold=1.2424533248940004 -0.047610323332369364 -0.044153225136239392 -0.027825338301080017 -0.016320854263331627 0.016353386849327106 0.0074735315820978442 -0.011679656886489524 -0.0073822316363674045 0.10363474147574164 0.39647610499111402 -0.0018494670536452183 0.0058408750524455962 0.0024075534183420201 5.7186697390068177 0.025217782348148778 -0.0097689034991728738 0.0045041735053459051 -0.018364774502004282 -0.023348573547009834 -0.016437714929502027 0.0074969070343729252 0.018911344788377308 0.0098819711983223948 -0.003507073421882593 -0.028575959930813067 -0.031212869923429355 0.019789460749187342 -0.016977050891633257 -0.030889216128117267
decision_type=2 2 2 2 2 2 2 2 2 2 2 2 2 2 2 2 2 2 2 2 2 2 2 2 2 2 2 2 2 2
left_child=1 22 3 -3 5 -4 -7 8 29 14 13 -12 -8 -11 15 16 17 18 -9 -16 21 -21 -1 24 -24 -22 -27 28 -10 -6
right_child=-2 2 4 -5 7 6 12 9 27 10 11 -13 -14 -15 19 -17 -18 -19 -20 20 25 -23 23 -25 -26 26 -28 -29 -30 -31
leaf_value=0.00040792317959130746 0.011521079395703661 0.020998955370858313 -0.0075397019048354455 0.0017220978394430703 -0.009303087253123522 -0.0054733679426410067 0.0018359168190867283 0.0056045961411048976 -0.013307219555246689 -0.020626358852736774 0.011229859722473468 -0.00837786940603771 0.022368339947424831 -0.0030805383712567136 -0.0077464917816383681 -0.0078435181593522439 -0.0014982475867482271 -0.00086540628661878588 0.028299647560343144 0.024020218177299418 0.015521525262437505 0.0050715436831254655 0.026825370136648419 -0.0025432987883687022 0.0077142307876298822 -0.0058833464676904127 0.0055773499582084975 -0.015443650723457159 -0.0016702377667685076 0.0048035183772773722
leaf_weight=112 30 25 245 163 25 53 26 24 42 31 34 22 20 29 23 60 147 41 20 28 29 27 20 20 30 43 122 42 135 92
leaf_count=112 30 25 245 163 25 53 26 24 42 31 34 22 20 29 23 60 147 41 20 28 29 27 20 20 30 43 122 42 135 92
internal_value=-1.26511e-11 -0.000199788 -0.000716013 0.00428551 -0.0014074 -0.00477388 0.00207083 -0.000267568 -0.00364188 0.00139974 -0.00457975 0.00352682 0.0107631 -0.0121459 0.00262956 -8.84654e-05 0.00191715 0.00782378 0.0159205 0.00554745 0.0067754 0.0147181 0.00419097 0.0102438 0.0153587 0.00452359 0.00259062 -0.00654346 -0.00443156 0.00178929
internal_weight=1760 1730 1548 188 1360 344 99 1016 336 680 116 56 46 60 564 292 232 85 44 272 249 55 182 70 50 194 165 219 177 117
internal_count=1760 1730 1548 188 1360 344 99 1016 336 680 116 56 46 60 564 292 232 85 44 272 249 55 182 70 50 194 165 219 177 117
is_linear=0
shrinkage=0.05


Tree=66
num_leaves=31
num_cat=0
split_feature=117 286 128 288 174 176 261 92 308 125 299 186 275 186 315 119 139 239 105 259 290 149 261 136 151 221 119 19 175 216
split_gain=1.53304 2.78075 4.36397 2.48556 3.04296 2.08926 1.90288 2.43581 1.9676 1.84905 2.133 1.82939 2.31287 2.20556 2.20496 2.47695 2.18811 2.26489 1.93728 1.88616 1.74722 1.64956 1.67324 1.61974 1.52766 1.45329 1.44428 1.44252 1.42582 1.74784
threshold=0.011440611190302069 0.028431887020134296 0.041542189728359248 0.018360432222223482 -0.016849441156602446 -0.0082185430152131832 -0.0067377612984967057 -0.092338954624487032 0.0040160212558242288 -0.0057006327430773615 -0.0018693993402331573 -0.0027917782482614791 -0.014274758393425855 0.0057802570814887884 -0.014423240425874118 0.011680476871349571 -0.010582334760343556 -0.00054771681759266172 -0.010714278818294809 -0.052124750474750771 0.00065428324601937574 0.013330591334143964 -0.020980335854798915 0.037304140314568419 0.0055749445622675451 0.0064139048712335747 -0.079163413967090299 33.045454545454554 0.011347920571009345 -0.0082505496118732945
decision_type=2 2 2 2 2 2 2 2 2 2 2 2 2 2 2 2 2 2 2 2 2 2 2 2 2 2 2 2 2 2
left_child=11 5 3 4 -3 9 21 -8 -9 25 -11 12 -1 14 15 -13 -16 18 -18 -14 -12 24 -23 27 -7 -2 -15 -21 29 -10
right_child=1 2 -4 -5 -6 6 7 8 28 10 20 13 19 26 16 -17 17 -19 -20 23 -22 22 -24 -25 -26 -27 -28 -29 -30 -31
leaf_value=-0.008216216924723567 0.017884340801754516 0.025624576341360807 0.029418285528109191 -0.0093101085852831597 0.0030075158839563618 -0.015839505751672037 -0.012831015995632494 -0.0014084059954397024 0.023586831837892536 -0.0062980549793724937 -2.7836259040567611e-05 0.0045730039692716681 -0.012802277678415051 0.01130777864251286 -0.0096360044702628843 0.024891098367515952 0.011066009095785293 0.01052710411992545 -0.0062794733260913439 -0.002571436969365654 0.019470432903617621 0.0098079799312270344 -0.0085442372739476993 0.010021977364802016 -0.0036014133137559482 0.0037734197918325666 -0.002476687689248286 0.01128048724716618 0.0010424242820590735 0.0050707655063328833
leaf_weight=170 37 20 21 25 58 51 27 104 25 54 27 40 29 20 36 24 22 72 60 179 20 27 23 39 51 36 381 21 35 26
leaf_count=170 37 20 21 25 58 51 27 104 25 54 27 40 29 20 36 24 22 72 60 179 20 27 23 39 51 36 381 21 35 26
internal_value=2.90274e-12 0.00188902 0.00864483 0.00440946 0.00880676 0.000346263 -0.00178348 0.00122158 0.00321853 0.00486279 0.000480813 -0.00115277 -0.00365425 0.000519974 0.00416553 0.0121923 0.00146178 0.00405607 -0.00162581 -0.00076047 0.0082693 -0.00607361 0.00136596 0.00070067 -0.00972046 0.0109255 -0.00178918 -0.00111698 0.0088139 0.0141473
internal_weight=1760 667 124 103 78 543 369 217 190 174 101 1093 438 655 254 64 190 154 82 268 47 152 50 239 102 73 401 200 86 51
internal_count=1760 667 124 103 78 543 369 217 190 174 101 1093 438 655 254 64 190 154 82 268 47 152 50 239 102 73 401 200 86 51
is_linear=0
shrinkage=0.05


Tree=67
num_leaves=31
num_cat=0
split_feature=277 287 265 216 92 164 170 165 0 222 47 268 266 216 186 148 166 320 82 250 214 286 98 154 109 9 180 206 143 192
split_gain=1.47891 1.75015 3.1035 3.27796 5.05845 2.25549 1.90199 1.70467 1.61416 2.50724 2.13101 1.72272 2.07407 2.04711 1.92917 1.84552 1.6302 1.81399 1.8833 2.0357 2.0227 1.66853 1.63753 1.61448 1.57464 1.56204 1.46243 1.4559 1.40359 1.40013
threshold=-0.086563453670816456 -0.023246475293097302 0.0064739432884018304 0.01851971021357678 0.043613324141582567 -0.019570788455776436 -0.019599552247178475 -0.074251962827112925 10.968067845939002 0.014445120665663908 1.0000000180025095e-35 -0.04469714256786702 0.011101563499320954 0.16606285885124725 -0.005069790386876002 0.0064540466430316077 0.015643552738068528 -0.010144711561139715 0.33502754277528429 0.014252696482818971 0.0043177963917080389 -0.0029760620417582134 0.053293427884143457 0.024684014892879438 0.03805005240843589 0.014020344980097304 -0.0027466944357507771 -0.025100272271416573 -0.0014618939886642086 -0.0036274881698773838
decision_type=2 2 2 2 2 2 2 2 2 2 2 2 2 2 2 2 2 2 2 2 2 2 2 2 2 2 2 2 2 2
left_child=-1 2 5 4 -4 -2 -7 -3 10 -10 11 12 14 16 -9 -16 17 18 19 20 25 -20 24 27 -19 -13 -22 -18 -26 -29
right_child=1 7 3 -5 -6 6 -8 8 9 -11 -12 13 -14 -15 15 -17 23 22 21 -21 26 -23 -24 -25 28 -27 -28 29 -30 -31
leaf_value=-0.0085646828706613838 -0.010332741241385836 0.012345464972779156 0.0085100120191487511 -0.00082812810147350486 0.036850789808668197 0.016628832072019577 0.00022033100033376293 0.0015512725963007386 -0.0030837432317737793 0.01508568556358417 -0.012769111518103345 0.010328056159513918 -0.004161706346216802 -0.016638302057981492 0.0063170068099030439 0.02727909102326348 0.0075893655698746447 0.0012519431164484381 -0.0027167361596814143 -0.0096688022873692089 0.0016577978585181491 -0.020462965325417897 -0.007536163544390611 -0.012589829458855093 0.017973574460484087 -0.0043877928425063153 0.020317837641397048 0.00068014973825400416 0.0043031261678327598 -0.0075940357932385294
leaf_weight=49 46 25 74 55 20 20 151 41 37 39 39 22 44 22 21 21 30 366 26 54 21 27 43 50 28 100 21 87 57 124
leaf_count=49 46 25 74 55 20 20 151 41 37 39 39 22 44 22 21 21 30 366 26 54 21 27 43 50 28 100 21 87 57 124
internal_value=3.86122e-13 0.000245277 0.00331079 0.00886718 0.01454 -0.000504422 0.00213945 -0.000588908 -0.000833877 0.00624004 -0.00126605 -0.000893747 0.00461421 -0.00154264 0.00926651 0.016798 -0.00122815 -1.65096e-05 -0.00330378 -0.00124857 0.00152394 -0.0117573 0.00178683 -0.00441339 0.00267572 -0.00173412 0.0109878 -0.00271704 0.00880633 -0.0041824
internal_weight=1760 1711 366 149 94 217 171 1345 1320 76 1244 1205 127 1078 83 42 1056 765 271 218 164 53 494 291 451 122 42 241 85 211
internal_count=1760 1711 366 149 94 217 171 1345 1320 76 1244 1205 127 1078 83 42 1056 765 271 218 164 53 494 291 451 122 42 241 85 211
is_linear=0
shrinkage=0.05


Tree=68
num_leaves=31
num_cat=0
split_feature=321 296 299 117 128 259 276 320 260 136 324 179 278 287 270 84 328 256 242 295 187 323 311 313 198 165 275 140 261 286
split_gain=1.41004 1.38265 1.52111 1.42152 2.38284 2.00521 1.99897 2.29604 2.18007 1.99057 1.88528 1.76655 1.69369 2.14533 1.78017 1.62106 1.61342 1.95349 2.1924 1.73569 2.1204 1.81986 1.71818 1.69749 1.67119 1.84459 1.54732 1.53208 1.50799 1.45424
threshold=-0.068149475890040292 0.089713743017367772 0.079651220376015422 0.011440611190302069 0.073240207413953706 0.025042979742133552 0.0037512501770948937 -0.0002157314961564967 0.018234783697965624 0.025903979573182159 0.028964553023628492 -0.046664775711102946 -0.014735891086486682 -0.010637478757245812 0.011412578848826993 0.16431389297317087 -0.039478667118394394 -0.036846129889306488 0.029292149564707447 0.021823210346004696 -0.0026915499218422129 0.0078724786561747157 0.0081623772832680741 -0.0031667365072863877 -0.009476394570856729 -0.0019754043284932543 -0.021231175175848591 0.024201941427966545 -0.014169071446372148 0.014402121049075069
decision_type=2 2 2 2 2 2 2 2 2 2 2 2 2 2 2 2 2 2 2 2 2 2 2 2 2 2 2 2 2 2
left_child=-1 2 3 10 5 6 7 15 27 12 11 -2 13 -8 -14 -5 23 18 -18 20 28 24 -23 -13 -22 -26 -15 -9 -19 -12
right_child=1 -3 -4 4 -6 -7 9 8 -10 -11 29 16 14 26 -16 -17 17 19 -20 -21 21 22 -24 -25 25 -27 -28 -29 -30 -31
leaf_value=-0.0090514171646819234 -0.010258957956684753 -0.011695664180054639 0.010705433550756425 -0.008759376038934159 0.01603978668542274 -0.0037336190408259178 0.027013172979544225 0.0042501811130124332 0.015831216381047852 -0.003386181247670476 -0.0030215116289270092 -0.013161609985954351 0.009100260410764038 0.017569985151614832 -0.0052010311238137224 0.004597616889664243 0.0026412492856338976 0.0044532912967983505 0.017389116648377646 -0.0047122143634219862 -0.001035466062836349 0.0041019669359141009 -0.011800425422602687 0.0016343985839436454 0.016405795490905897 0.0050551972623817257 -0.00097776498984206823 -0.010826210115655242 -0.0051148284657064717 -0.013439933728012774
leaf_weight=42 40 24 35 85 29 146 24 72 32 41 131 42 73 23 31 31 84 58 36 144 50 41 29 36 59 91 22 22 142 45
leaf_count=42 40 24 35 85 29 146 24 72 32 41 131 42 73 23 31 31 84 58 36 144 50 41 29 36 59 91 22 22 142 45
internal_value=1.49546e-11 0.00022128 0.000390115 0.000172493 0.00204062 0.00136624 0.00299909 -0.00011399 0.00455901 0.00651948 -0.000974186 -9.95511e-07 0.00886706 0.0149408 0.00483738 -0.00518983 0.000504323 0.00123087 0.00706561 9.05314e-05 0.00156201 0.00445244 -0.00248617 -0.00633268 0.00688096 0.00951977 0.0085022 0.000721664 -0.00234007 -0.00568531
internal_weight=1760 1718 1694 1659 631 602 456 242 126 214 1028 852 173 69 104 116 812 734 120 614 470 270 70 78 200 150 45 94 200 176
internal_count=1760 1718 1694 1659 631 602 456 242 126 214 1028 852 173 69 104 116 812 734 120 614 470 270 70 78 200 150 45 94 200 176
is_linear=0
shrinkage=0.05


Tree=69
num_leaves=31
num_cat=0
split_feature=182 296 324 269 116 270 199 116 141 154 185 230 227 287 330 204 283 181 296 294 193 223 219 114 161 292 128 85 139 234
split_gain=1.35839 1.7319 1.96889 1.93589 3.09713 2.46503 1.79548 1.7873 3.5244 1.84197 1.92664 1.66879 1.59177 1.66003 1.58284 1.84548 1.57159 1.53749 1.48127 1.64675 1.51436 1.47713 1.4738 1.44691 1.64583 1.43226 1.87834 1.86151 1.67124 1.56101
threshold=0.014755386727820211 0.030468967137931267 -0.022138917610968877 -0.039783613005923493 0.012261747602324012 0.001681553178788886 0.001914974590822627 -0.050318741873798638 -0.0041511122487037462 0.019911476072823949 0.011845089946097157 -0.072853387425313748 0.026123644037217387 0.0022507695727826227 0.0053696203188113656 -0.00078583993266979695 -0.034989476958708347 -0.022593706015518623 -0.039435375867426799 0.034541915867936417 0.0016606472161403739 0.010184444073244698 -0.059962858476938073 0.00095335821383722935 -0.0074345106993019931 0.0090019622730444521 0.030296171781894313 0.030748611061206157 -0.0039819021240231362 0.0079144379802997909
decision_type=2 2 2 2 2 2 2 2 2 2 2 2 2 2 2 2 2 2 2 2 2 2 2 2 2 2 2 2 2 2
left_child=1 3 -3 4 -1 -6 17 8 -8 10 12 -2 22 -14 -4 -16 21 -5 20 23 -19 -13 -9 24 -20 26 28 -27 29 -18
right_child=11 2 14 6 5 -7 7 9 -10 -11 -12 16 13 -15 15 -17 25 18 19 -21 -22 -23 -24 -25 -26 27 -28 -29 -30 -31
leaf_value=0.0014121836919200057 -0.014317793492227794 0.0059162785289809117 -0.0015996731264986159 0.0054062871357951417 0.0075526279131216669 0.030214231647551062 0.027165166777029466 -0.0054631039786555285 0.0013291524462119648 -0.0058626317381558404 -0.0035540724377313704 -0.013473683649901936 0.02201315776479465 0.004923927763496371 -0.0015718945386734877 -0.016998262370520451 0.016749037581030281 -0.018028559815554349 -0.013349986131838028 0.0085006552166305479 -0.0015840840779544254 0.0024768612086994665 0.0056937861379009452 0.0010529237077505681 -0.0025363778415859479 0.00059106376350179994 0.015917140526774651 -0.01127023921119717 -0.0028818943182586181 -0.001831150243524462
leaf_weight=83 28 50 123 78 28 21 22 37 33 62 73 47 27 30 33 47 26 28 47 40 28 21 148 177 140 88 24 53 98 20
leaf_count=83 28 50 123 78 28 21 22 37 33 62 73 47 27 30 33 47 26 28 47 40 28 21 148 177 140 88 24 53 98 20
internal_value=4.76079e-12 0.000759423 -0.00297129 0.00161593 0.00729685 0.0172647 0.000842857 0.00324348 0.0116636 0.00201509 0.00356562 -0.00254079 0.0057133 0.0130188 -0.00516035 -0.0106349 -0.0016661 -0.00108478 -0.00218544 -0.00112908 -0.00980632 -0.00854778 0.00346241 -0.00218729 -0.00525424 -0.000151687 0.00296689 -0.00386744 0.000808516 0.0086707
internal_weight=1760 1355 253 1102 132 49 970 432 55 377 315 405 242 57 203 80 377 538 460 404 56 68 185 364 187 309 168 141 144 46
internal_count=1760 1355 253 1102 132 49 970 432 55 377 315 405 242 57 203 80 377 538 460 404 56 68 185 364 187 309 168 141 144 46
is_linear=0
shrinkage=0.05


Tree=70
num_leaves=31
num_cat=0
split_feature=336 277 267 187 56 172 182 182 241 249 256 267 143 248 308 159 157 110 190 290 123 7 322 266 231 331 279 222 276 106
split_gain=1.25439 1.30225 1.5358 1.59878 1.47688 1.57951 2.33354 2.08851 1.51346 1.91594 1.88555 1.90367 1.85058 1.97508 1.79091 1.6612 1.51731 1.81989 2.23747 1.56826 1.49436 1.60383 1.41811 1.66776 1.79155 1.39833 1.99952 1.57263 1.35974 1.496
threshold=-0.070636489991388121 -0.086563453670816456 0.056943448479517968 0.014178319179027843 1.2424533248940004 -0.022796411885425253 -0.026506868224887625 -0.057806293828504621 0.0094759566810842643 0.026111942366417069 0.042743481938750764 0.032250453988994822 -0.0089534238651771698 -0.011709915910624955 0.01977058090094708 -0.033941580323601291 0.0076887265339330929 0.0085073948984227196 -0.0083963173068429906 0.028213679613066315 0.029418118612961428 0.77561737668161446 0.031518798423238466 -0.0056103262877269791 0.001159299332681357 -0.0010043273014231108 -0.014509515077410865 0.0052825395102696947 0.0034295172593450142 -0.0010036416981967597
decision_type=2 2 2 2 2 2 2 2 2 2 2 2 2 2 2 2 2 2 2 2 2 2 2 2 2 2 2 2 2 2
left_child=-1 -2 4 -4 5 6 7 -3 9 10 11 15 -12 -14 -11 -7 19 -18 -19 25 21 22 23 -8 -25 26 -17 -27 -29 -30
right_child=1 2 3 -5 -6 8 20 -9 -10 14 12 -13 13 -15 -16 16 17 18 -20 -21 -22 -23 -24 24 -26 27 -28 28 29 -31
leaf_value=-0.0093710999483508726 -0.0078444258015298723 -0.00036118932068347932 0.0026407108017626932 0.016416450686353661 0.011196401060141366 -0.0088599397007400466 -0.0017959691634931722 0.019893260882236065 -0.0034202356182638192 -0.0081185294752815808 -0.0039008723982121977 -0.0091012988084306322 0.0047621376443809519 0.02359032694142885 0.0036912352912541893 -0.0037847391080244315 0.0017859774428264548 0.025712279569018972 0.0055767647833940949 -0.007251840153837512 0.010100618687768778 -0.012044955836609007 -0.010819093599205926 -0.000333955307446775 0.01930135080161003 0.0031470468206295991 0.009177774930625068 -0.010716411548699919 -0.0083158891601488004 0.011023175586014986
leaf_weight=35 49 20 85 28 29 38 66 35 408 112 21 48 30 26 45 42 90 22 37 58 36 28 21 21 26 106 102 56 20 20
leaf_count=35 49 20 85 28 29 38 66 35 408 112 21 48 30 26 45 42 90 22 37 58 36 28 21 21 26 106 102 56 20 20
internal_value=1.9711e-11 0.000190138 0.000425039 0.00605417 1.80706e-05 -0.000193254 0.00341696 0.012528 -0.000906278 0.00026863 0.00136548 0.000474788 0.00875707 0.0135038 -0.00473357 0.00125254 0.00194743 0.00626006 0.0130849 0.000356883 0.000886114 -0.00116155 0.00111259 0.00332998 0.0105281 0.00163233 0.00539704 -0.00105142 -0.00568722 0.00135364
internal_weight=1760 1725 1676 113 1563 1534 253 55 1281 873 716 639 77 56 157 591 553 149 59 404 198 162 134 113 47 346 144 202 96 40
internal_count=1760 1725 1676 113 1563 1534 253 55 1281 873 716 639 77 56 157 591 553 149 59 404 198 162 134 113 47 346 144 202 96 40
is_linear=0
shrinkage=0.05


Tree=71
num_leaves=31
num_cat=0
split_feature=321 325 336 156 165 108 94 143 1 286 127 89 141 231 212 171 162 162 224 335 280 88 210 320 272 264 198 107 195 198
split_gain=1.1911 1.35987 1.38847 1.33527 1.33321 1.58678 1.21727 1.5968 1.44398 2.63462 1.81398 2.3872 1.81981 2.3271 1.73032 1.77419 1.65444 1.85243 2.23574 1.84878 1.56756 2.11518 1.80717 1.61693 1.48642 1.48485 1.47247 1.42533 1.32992 1.54136
threshold=-0.068149475890040292 -0.064647807762256107 -0.054540084819807516 -0.0019782066330563141 0.06347125041223424 0.12679504565705982 -0.11365496837799105 0.00088765071839622481 4.7405652883788738 0.030954842303834284 0.0060422178500888464 -0.00093964096376271649 0.0052698445399056324 0.005999319099674329 0.0047602810674762163 -0.031461324085338367 0.0030488091672637324 -0.00013858820409497406 0.011749334194729498 0.0052895240333343373 -0.031400101015914658 0.039729931513998819 0.014315509658207401 0.0003824885013691902 -0.051456794071708188 -0.01419772433171137 0.0055560579997658973 0.0066555830585106196 -0.0088731045840177453 0.0019694595071385076
decision_type=2 2 2 2 2 2 2 2 2 2 2 2 2 2 2 2 2 2 2 2 2 2 2 2 2 2 2 2 2 2
left_child=-1 -2 3 -3 5 6 7 -4 14 10 11 -10 13 -13 15 -8 17 18 19 -12 21 26 23 24 -22 -25 -16 -11 29 -17
right_child=1 2 4 -5 -6 -7 8 -9 9 27 16 12 -14 -15 20 28 -18 -19 -20 -21 22 -23 -24 25 -26 -27 -28 -29 -30 -31
leaf_value=-0.0083190518229024572 0.0082458437390753297 -0.014711598009471933 -0.0023764757839671805 -0.00036361046984572623 -0.0094033800517874105 0.013499827217310668 0.0069329517124970159 0.012042818948005636 -0.0086052903629563471 0.0049251114157959821 0.019859444857725214 0.0013170440047186741 -0.003702750767354416 0.020453093464796745 -0.0017525484453438335 -0.0073004260249233443 -0.00458797920410606 0.02194423068780452 -0.0038646146061364559 0.0021347729522468791 0.0069029330676938921 0.019918753774836661 0.013493332531791004 0.0070271160358037713 -0.0054582377418647618 -0.0009971139495307368 0.0089667358174305069 0.023575834469825387 -0.008046497260259371 0.0054436110017098945
leaf_weight=42 51 31 32 34 35 23 32 48 81 20 31 47 67 24 81 46 33 20 40 28 27 20 21 78 245 221 53 21 179 49
leaf_count=42 51 31 32 34 35 23 32 48 81 20 31 47 67 24 81 46 33 20 40 28 27 20 21 78 245 221 53 21 179 49
internal_value=-3.2254e-12 0.000203376 -4.26742e-05 -0.0072065 0.000247993 0.000463563 0.00026937 0.0062751 -5.88124e-05 0.00245041 0.00112123 -0.0017915 0.00220791 0.00778557 -0.00104151 -0.00420768 0.00531785 0.00806484 0.00526093 0.0114477 0.000257211 0.00475101 -0.000911784 -0.00144157 -0.00423121 0.00109616 0.00248717 0.0144779 -0.00550878 -0.000727186
internal_weight=1760 1718 1667 65 1602 1567 1544 80 1464 412 371 219 138 71 1052 306 152 119 99 59 746 154 592 571 272 299 134 41 274 95
internal_count=1760 1718 1667 65 1602 1567 1544 80 1464 412 371 219 138 71 1052 306 152 119 99 59 746 154 592 571 272 299 134 41 274 95
is_linear=0
shrinkage=0.05


Tree=72
num_leaves=31
num_cat=0
split_feature=182 311 230 322 200 315 308 205 322 326 334 85 91 303 281 194 320 167 288 282 283 217 142 108 268 139 267 81 143 274
split_gain=1.15517 1.57434 1.42643 1.41855 1.65512 2.49284 3.43671 2.03317 1.7921 1.96164 2.57851 1.69915 1.68474 1.59513 1.54815 1.44688 1.40966 1.42731 2.02174 1.40076 1.34084 1.33986 1.42122 1.31949 1.64934 1.3042 1.27878 2.55302 1.95438 1.26597
threshold=0.014755386727820211 -0.070056028264700809 -0.072853387425313748 0.01918741018314599 0.0015108990434059731 0.022811802382586972 0.014251634249949177 0.034411077997283789 -0.013178608073635713 0.013462954949637493 -0.0028188861130810827 0.051742969077922578 0.040305104012144592 -0.013517815215215502 0.043734792914011125 0.0085803148277352279 0.039690623397600981 0.0023808943261994114 -0.0034372224280411474 0.0069262630913763425 -0.034989476958708347 -0.081873060921095073 -0.023216137016200854 -0.029039290976930303 0.0072065313957242437 -0.0017800345272728929 -0.016975622513000114 -0.5056286966721969 0.0044223585843804645 0.0062209199104731969
decision_type=2 2 2 2 2 2 2 2 2 2 2 2 2 2 2 2 2 2 2 2 2 2 2 2 2 2 2 2 2 2
left_child=1 -1 -2 4 5 8 11 14 12 13 -11 -7 25 19 21 -15 17 18 -5 -10 -4 22 -6 24 -23 -3 27 -25 -28 -30
right_child=2 3 20 16 7 6 -8 -9 9 10 -12 -13 -14 15 -16 -17 -18 -19 -20 -21 -22 23 -24 26 -26 -27 28 -29 29 -31
leaf_value=0.012026841702560584 -0.013231307813631639 -0.00076538374325117243 -0.0078907900962375994 -0.0059163843344352887 -0.0030566357960924509 0.012268625840911367 0.023799604567466305 0.011161375480746343 0.0019259001463651658 0.021956261908335072 0.0025247468763202625 -0.0033368515807229121 0.0045441859674130404 0.0015411274971533252 -0.012668945137411356 -0.010338445007801057 0.0073473365196297241 -0.0087823434639722111 0.0056322710595629885 0.019442570493334817 -0.00013553637389205155 0.0091812436977096908 0.014528761581513444 0.016218143616887656 -0.0043235340819228439 -0.011910806756185473 -0.0025825209085512694 -0.003487412050509682 -0.018654278793539376 -0.0031818037235643716
leaf_weight=30 28 52 68 89 20 33 32 33 25 31 38 37 53 148 30 31 31 95 66 21 309 52 27 22 40 53 142 65 39 20
leaf_count=30 28 52 68 89 20 33 32 33 25 31 38 37 53 148 30 31 31 95 66 21 309 52 27 22 40 53 142 65 39 20
internal_value=-8.07487e-13 0.000700318 -0.00234304 0.000443869 0.00129263 0.00316494 0.0102254 -0.000824223 0.00157166 0.00387966 0.0112548 0.00402002 -0.00272298 0.00161794 -0.0016897 -0.000516229 -0.00270955 -0.0039566 -0.000998892 0.00992264 -0.00153436 -0.000918329 0.00704561 -0.00190334 0.0033096 -0.00639117 -0.00356859 0.0014956 -0.00576055 -0.0134094
internal_weight=1760 1355 405 1325 1044 554 102 490 452 294 69 70 158 225 457 179 281 250 155 46 377 427 47 380 92 105 288 87 201 59
internal_count=1760 1355 405 1325 1044 554 102 490 452 294 69 70 158 225 457 179 281 250 155 46 377 427 47 380 92 105 288 87 201 59
is_linear=0
shrinkage=0.05


Tree=73
num_leaves=31
num_cat=0
split_feature=296 313 251 250 229 192 268 148 217 216 256 159 117 260 306 175 305 159 290 129 229 191 116 295 209 19 285 210 336 125
split_gain=1.11379 1.98468 2.42355 1.36564 1.73101 1.41575 1.35611 1.60006 2.51737 1.45312 1.25379 1.572 1.6481 2.42123 2.89111 1.93296 1.88497 1.5564 1.61087 1.5081 1.42749 1.40441 1.36261 1.34719 1.60467 1.38328 1.33204 1.731 1.3588 1.2784
threshold=0.033476315838810729 0.050306103242536683 0.03582944368250509 -0.026942180322221877 -0.033025950661480168 -0.0091321904611478388 -0.045213700684426442 0.00089144333692238941 0.03982866677822431 0.16606285885124725 -0.036604765307932455 -0.033941580323601291 0.01234228826742593 0.016943370098716281 -0.0029652894293853674 -0.021652541287388589 -0.0075746252232392194 -0.00040436152036545743 -0.038622879390006228 0.025782049166782936 0.05622510755750517 -0.0081008949004263992 0.0012896444320278039 -0.0046404566042361128 0.73428680665578694 13.577380952380954 0.0090252399696415467 0.015977741239886649 0.0025868044092621102 -0.035164014008854938
decision_type=2 2 2 2 2 2 2 2 2 2 2 2 2 2 2 2 2 2 2 2 2 2 2 2 2 2 2 2 2 2
left_child=1 6 -3 4 -2 -6 7 -1 -9 10 19 -12 17 15 -15 22 -16 18 -13 -8 23 -20 -14 25 -25 -17 27 28 -23 -19
right_child=3 2 -4 -5 5 -7 9 8 -10 -11 11 12 13 14 16 20 -18 29 21 -21 -22 26 -24 24 -26 -27 -28 -29 -30 -31
leaf_value=-0.00053077440348311532 -0.007324860558415261 0.0029686751202806028 0.021253359131515027 -0.0046705414434309285 -0.00077899848110973835 0.016308099783405108 0.0012830138445937842 0.0027966030735776509 0.022420240465838178 -0.012642203674962126 -0.0071656943324746357 -0.0086058656804454646 0.00099193421312520529 0.00018069119109079626 0.030206359243020415 -0.0050236831054192143 0.0092180341158224193 -0.011917090586022191 -0.0043632462011494984 0.012918389893861282 0.0092024942860007286 0.010036957503429481 0.019448706269031391 -0.0038991546062124745 -0.019264923621501243 0.0085582899727772825 -0.00080110702508439627 0.021128492443822325 -0.0019427809432694097 -0.0029068176611795711
leaf_weight=72 26 74 24 229 22 27 123 44 26 24 90 39 20 39 20 37 23 46 60 36 26 56 20 89 21 38 75 20 41 273
leaf_count=72 26 74 24 229 22 27 123 44 26 24 90 39 20 39 20 37 23 46 60 36 26 56 20 89 21 38 75 20 41 273
internal_value=4.75294e-12 0.000574739 0.00744656 -0.0027527 0.00310312 0.00863634 7.88344e-05 0.00470254 0.0100854 -0.000461105 -0.000215848 -0.000852046 -0.000249471 0.00257963 0.0100389 0.000142742 0.01898 -0.00179388 0.000850443 0.00391744 -0.0017677 0.00231392 0.0102203 -0.00330946 -0.00683262 0.00185785 0.00440053 0.00773492 0.00497336 -0.0042061
internal_weight=1760 1456 98 304 75 49 1358 142 70 1216 1192 1033 943 333 82 251 43 610 291 159 211 252 40 185 110 75 192 117 97 319
internal_count=1760 1456 98 304 75 49 1358 142 70 1216 1192 1033 943 333 82 251 43 610 291 159 211 252 40 185 110 75 192 117 97 319
is_linear=0
shrinkage=0.05


Tree=74
num_leaves=31
num_cat=0
split_feature=170 295 110 184 319 319 216 156 167 160 313 252 244 156 189 116 313 108 121 129 327 271 296 332 198 123 325 82 273 114
split_gain=1.07145 1.09831 1.83705 2.04239 1.71806 1.70325 1.65496 1.57555 1.95639 1.649 4.48343 2.14628 1.80665 1.64125 1.56207 1.43495 1.40791 1.36303 1.33271 1.34501 1.31673 2.3246 1.48541 1.31964 1.27967 1.27232 1.25714 1.2454 1.34336 1.198
threshold=-0.08722839124095097 0.021823210346004696 -0.053131125647983439 0.0023727325275719109 0.025069060382375292 0.023828386776946417 0.16606285885124725 0.0447082010646924 0.0094055775086776938 -0.0086562932325777633 0.050306103242536683 -0.031348155931183938 0.003269046450515253 0.0040595295663706597 0.0041692924262771271 0.019591682316028852 0.023686175634686384 -0.095940480065448544 0.0080016624745336586 0.0093436442607830964 0.0058907133019087581 0.014933477942195171 -0.00089041246004401594 -0.00074694569132685649 0.0016200358524425848 -0.011455559196692734 -0.0086957993426879394 -0.25371225540120379 -0.031398129588234215 0.011732708844349472
decision_type=2 2 2 2 2 2 2 2 2 2 2 2 2 2 2 2 2 2 2 2 2 2 2 2 2 2 2 2 2 2
left_child=-1 4 3 -3 5 6 7 9 -9 10 11 14 13 16 -2 25 20 -4 26 -20 23 22 -22 -11 29 -15 -13 -19 -29 -25
right_child=1 2 17 -5 -6 -7 -8 8 -10 12 -12 18 -14 15 -16 -17 -18 27 19 -21 21 -23 -24 24 -26 -27 -28 28 -30 -31
leaf_value=0.011226362504419827 0.022365150434364166 -0.0023294943729415536 0.0088906238964270978 0.019107339335605503 -0.0031536927978275345 0.014910613226896638 -0.012739391824496644 0.017969573609110331 -0.0010452601078820105 -0.0029313210071995853 0.026416244428782237 0.003585581224760972 -0.0032701182719179892 -0.012407054599279013 0.0033002704297277058 0.0070091393731173974 -0.0026362110604428121 0.002419971209808679 -0.0002046928619249509 0.011193958403499321 0.010134943627885411 7.8254994004964832e-05 0.029174639182165264 0.019844254856714264 -0.00050624966931839786 -0.0010785112753236557 -0.0075260695973078592 0.00070235135343009198 -0.0073390251708678597 0.0035671739105600864
leaf_weight=21 21 25 21 20 250 23 21 31 24 50 21 40 299 39 22 31 56 59 65 43 21 25 20 26 30 68 70 67 231 20
leaf_count=21 21 25 21 20 250 23 21 31 24 50 21 40 299 39 22 31 56 59 65 43 21 25 20 26 30 68 70 67 231 20
internal_value=-2.28812e-11 -0.000135569 -0.00235193 0.00719799 0.000576833 0.00145172 0.00115493 0.00144043 0.00967219 0.000972232 0.00419024 0.00240195 -0.000352555 0.00190742 0.012611 -0.00246327 0.0043395 -0.00348883 0.000388227 0.00433366 0.00637408 0.0120952 0.0194226 0.00337731 0.00752772 -0.00520761 -0.00348547 -0.00421703 -0.00553106 0.0127673
internal_weight=1760 1739 423 45 1316 1066 1043 1022 55 967 282 261 685 386 43 138 248 378 218 108 192 66 41 126 76 107 110 357 298 46
internal_count=1760 1739 423 45 1316 1066 1043 1022 55 967 282 261 685 386 43 138 248 378 218 108 192 66 41 126 76 107 110 357 298 46
is_linear=0
shrinkage=0.05


Tree=75
num_leaves=31
num_cat=0
split_feature=336 174 88 246 117 117 198 220 205 236 249 305 112 328 295 334 119 150 267 322 11 316 225 143 174 170 103 262 324 92
split_gain=1.04313 1.60258 1.52863 2.10528 1.39245 1.38409 1.62373 1.75074 1.82102 1.98003 2.61444 2.48669 1.7287 1.63329 1.44936 1.37603 1.28113 1.34028 1.55699 1.48776 1.52567 1.47877 1.69597 1.26431 1.25624 1.2518 1.24559 1.2112 1.18513 1.16324
threshold=-0.018876979562180232 -0.065504581575037024 -0.19488839035446612 0.01058651254827429 -0.10769892808324662 0.011440611190302069 -0.026861205230670423 -0.046711629654600927 0.015116139605113708 0.0041837768776572205 0.0068663989301780701 -0.015756018761335835 -0.0066814625526481703 -0.0085985026076924164 0.020512806007346961 0.0059494245232720134 0.053418154338281988 0.016353386849327106 0.014658443132326006 -0.015327035999085052 3.7237710931768162 -0.013573481834153051 -0.0086809076757988993 0.0063285261109184117 -0.010932201250218305 0.0029884679785827047 -0.01293336242480648 0.025973063738517103 0.010237223090753448 -0.017709595215935282
decision_type=2 2 2 2 2 2 2 2 2 2 2 2 2 2 2 2 2 2 2 2 2 2 2 2 2 2 2 2 2 2
left_child=16 -2 3 -3 -4 14 12 13 9 15 11 -11 -7 -8 29 -9 17 19 -19 28 21 22 -21 27 -25 -15 -23 -16 -1 -6
right_child=1 2 4 -5 5 6 7 8 -10 10 -12 -13 -14 25 23 -17 -18 18 -20 20 -22 26 -24 24 -26 -27 -28 -29 -30 -31
leaf_value=-0.0033049764852894816 0.013208435647189619 0.0017049199233780494 0.012199122423265617 0.019554448948717135 0.0030607090961393118 -0.016705661955411021 0.0049805265843888072 0.0065242768014163793 -0.0024776062639968147 0.030674736756831408 0.002192582271811439 0.010473951054975773 0.0026800185644432258 -0.0017430750430900265 -0.010838239350057996 -0.0041263951818742185 -0.012542732961342805 -0.00044203867067620669 0.01322631916223929 0.012097509695837895 0.01232639279216528 -0.015602531225455027 -0.0032501950720325115 0.0098763025497369799 -0.0053459471176293769 -0.01526686313861449 -0.0027666331494286185 0.00036548136667988732 -0.01482582450049316 -0.0018094741158437948
leaf_weight=49 25 53 23 24 178 23 47 89 66 25 41 39 23 44 98 46 28 74 29 30 20 27 45 23 33 28 63 32 41 394
leaf_count=49 25 53 23 24 178 23 47 89 66 25 41 39 23 44 98 46 28 74 29 30 20 27 45 23 33 28 63 32 41 394
internal_value=-1.67277e-11 0.000666557 0.00043063 0.00726841 1.0096e-05 -0.000218014 0.00191062 0.00287645 0.00487769 0.0069004 0.01205 0.0183649 -0.00701282 -0.0022696 -0.00154069 0.00289516 -0.00222295 -0.00145852 0.00340633 -0.00328063 -0.000715524 -0.00229636 0.00288889 -0.0053748 0.000906048 -0.00700233 -0.0066174 -0.0080804 -0.00855336 -0.000293928
internal_weight=1760 1354 1329 77 1252 1229 471 425 306 240 105 64 46 119 758 135 406 378 103 275 185 165 75 186 56 72 90 130 90 572
internal_count=1760 1354 1329 77 1252 1229 471 425 306 240 105 64 46 119 758 135 406 378 103 275 185 165 75 186 56 72 90 130 90 572
is_linear=0
shrinkage=0.05


Tree=76
num_leaves=31
num_cat=0
split_feature=277 287 265 216 92 164 170 314 165 135 164 0 285 148 81 251 295 335 94 186 106 137 297 324 136 315 149 223 259 238
split_gain=0.99712 1.18491 2.1791 2.78164 3.54581 1.55664 1.49467 1.36185 1.29674 2.26886 1.81768 1.12474 2.05674 1.84911 1.52071 1.65299 1.18332 1.30675 1.20119 1.18226 1.98035 1.49436 1.6019 1.46033 1.29989 1.58256 1.63478 1.47869 1.4469 1.33948
threshold=-0.086563453670816456 -0.023246475293097302 0.0062455911593579426 0.01851971021357678 0.043613324141582567 -0.019570788455776436 -0.019599552247178475 0.016875666724676924 -0.036987690632122087 -0.029954466199315282 0.022581478380234919 10.968067845939002 -0.013971194895057458 0.0010859832839625347 -0.59604288076690615 -0.020327605929706359 0.024874629829977273 0.062053823915836595 0.053620311011784459 -0.008692172654491008 -0.0094447461806434537 0.032998661011252518 0.024610006557071466 0.027792325623866129 -0.00054625237103212581 0.022811802382586972 0.0062501586455602472 0.00063098042854440076 0.0052109717732872467 0.010216354578589231
decision_type=2 2 2 2 2 2 2 2 2 2 2 2 2 2 2 2 2 2 2 2 2 2 2 2 2 2 2 2 2 2
left_child=-1 2 5 4 7 -2 -7 -4 9 -3 -11 14 -13 -14 15 -10 17 19 -18 20 21 22 -16 24 25 26 27 -21 -26 -30
right_child=1 8 3 -5 -6 6 -8 -9 11 10 -12 12 13 -15 16 -17 18 -19 -20 23 -22 -23 -24 -25 28 -27 -28 -29 29 -31
leaf_value=-0.0070325731401977955 -0.0089098879752617152 0.01868307367536624 0.0033509287681361593 -0.0014306575680772464 0.031246856581419707 0.014481279142200949 -7.0160590771896144e-05 0.018356740270696937 0.0034927455266006292 -0.0029237574762178225 0.014252789327874779 0.018270979076623919 -0.010884861822199563 0.0079587817225061971 0.0014657482182701643 -0.013616229913168354 -0.0022569847728447531 -0.010296248992284139 -0.011320793293618962 0.0063402776288884605 -0.0063742586816242066 -0.0098950667306780815 0.016700375008142806 -0.0042357471367965149 0.002837582068503328 0.014783092312371501 0.0096217430061174211 -0.0059572667255997662 0.00010329752799589188 -0.012875525362676743
leaf_weight=49 44 23 54 57 20 20 150 21 20 67 20 21 23 30 80 48 178 30 46 44 145 21 22 90 193 39 67 55 50 33
leaf_count=49 44 23 54 57 20 20 150 21 20 67 20 21 23 30 80 48 178 30 46 44 145 21 22 90 193 39 67 55 50 33
internal_value=-3.16308e-12 0.0002014 0.00272376 0.00730152 0.0125408 -0.000527727 0.00164177 0.00755256 -0.000484983 0.00471704 0.00102487 -0.000948321 0.00502841 -0.000218648 -0.00132927 -0.00858418 -0.000877909 -4.26406e-05 -0.0041183 0.000323996 -0.00241566 0.00225099 0.00475165 0.00160986 0.00270363 0.00571961 0.00359024 -0.000491691 0.0004635 -0.00505696
internal_weight=1760 1711 366 152 95 214 170 75 1345 110 87 1235 74 53 1161 68 1093 869 224 839 268 123 102 571 481 205 166 99 276 83
internal_count=1760 1711 366 152 95 214 170 75 1345 110 87 1235 74 53 1161 68 1093 869 224 839 268 123 102 571 481 205 166 99 276 83
is_linear=0
shrinkage=0.05


Tree=77
num_leaves=31
num_cat=0
split_feature=321 325 336 197 128 125 267 136 265 260 334 190 128 253 277 231 307 233 208 191 118 299 334 182 88 103 225 162 247 185
split_gain=0.97392 1.16358 1.2177 1.20463 3.05858 1.40324 1.68974 1.46626 1.41189 1.46056 1.29133 1.27918 1.40531 1.95088 1.40809 1.42878 1.35112 1.84057 1.64101 1.91542 1.50273 1.49825 2.27447 1.36111 1.34884 1.31318 1.57088 1.27492 1.2427 1.2254
threshold=-0.053555943171937868 -0.064647807762256107 -0.054540084819807516 -0.018827179878072309 0.053256651778482184 0.034107812277296139 0.055249076545658339 0.074054373501672988 -0.0299912809565645 -0.035787606893650417 -0.010326357262672526 0.0085139677119011829 0.0083183459433640132 0.058982416788628256 0.01496428013191224 -0.0030579922842295672 0.0081686048505515835 -0.023651566359217373 0.0042323523049628848 -0.005610351967973006 -0.021222057777798065 0.014965315710425411 -0.0040289349939511979 0.0012714916405216633 -0.047631908800922267 -0.073940363248465826 -0.042460054753887012 0.004901062550296543 -0.021417204818780716 -0.01408095735940665
decision_type=2 2 2 2 2 2 2 2 2 2 2 2 2 2 2 2 2 2 2 2 2 2 2 2 2 2 2 2 2 2
left_child=-1 -2 -3 4 10 6 7 11 -7 -10 29 12 16 14 15 -14 20 -18 19 -19 -5 24 -23 -24 -22 -13 -27 -21 -11 -4
right_child=1 2 3 5 -6 8 -8 -9 9 28 -12 25 13 -15 -16 -17 17 18 -20 27 21 22 23 -25 -26 26 -28 -29 -30 -31
leaf_value=-0.0050371260882437147 0.0077107336034304384 -0.006831372922076093 0.012842896410616162 0.013694747510765279 0.019277189126134749 0.0035355148060868184 0.0078586722238802569 -0.013527485826052727 0.0030537662671550232 -0.016343699999757717 -0.00090705431182187986 0.0079841017876438308 -0.012792472413275392 0.010537653873626401 0.0021789808829243366 -0.0024633500616046342 -0.0014488303357793485 -0.0072570954053662725 0.019262614642160343 0.015855292030610143 0.0026101461706658532 -0.0067700696018867098 0.00389095102658584 0.021687226431359622 -0.006051549961266574 -0.013987895588136533 -0.0022858225684676782 0.00086995034944266087 -0.0055581453238119144 0.00069133124752191919
leaf_weight=91 51 62 41 21 27 48 71 20 34 37 171 26 52 29 78 94 50 20 34 40 76 22 21 22 110 33 219 22 96 42
leaf_count=91 51 62 41 21 27 48 71 20 34 37 171 26 52 29 78 94 50 20 34 40 76 22 21 22 110 33 219 22 96 42
internal_value=-1.64344e-11 0.000274643 4.0254e-05 0.000314059 0.00327748 -0.000339056 0.00040799 -0.000126892 -0.00402217 -0.00619444 0.00157673 0.000149694 0.00130197 -0.00166487 -0.00324466 -0.00614222 0.00301569 0.00657046 0.010027 0.00619767 0.000846242 -0.000228733 0.00630596 0.012996 -0.00251236 -0.00271442 -0.00381824 0.0105379 -0.00855864 0.00669391
internal_weight=1760 1669 1618 1556 281 1275 1060 989 215 167 254 969 691 253 224 146 438 166 116 82 272 251 65 43 186 278 252 62 133 83
internal_count=1760 1669 1618 1556 281 1275 1060 989 215 167 254 969 691 253 224 146 438 166 116 82 272 251 65 43 186 278 252 62 133 83
is_linear=0
shrinkage=0.05


Tree=78
num_leaves=31
num_cat=0
split_feature=182 230 287 92 316 186 316 206 315 253 278 150 120 249 152 175 312 318 249 331 301 7 229 164 224 271 294 186 249 306
split_gain=0.963916 1.23017 1.22186 1.83497 2.138 1.29854 1.59844 1.82739 1.99379 1.66359 1.5955 1.56418 1.59358 1.61936 1.5225 1.51708 1.47704 1.77325 1.52815 1.44086 1.40569 1.87527 1.22788 1.1762 1.16802 1.1496 1.30673 1.16455 1.13264 1.24977
threshold=0.014755386727820211 -0.072853387425313748 -0.023246475293097302 0.043613324141582567 0.017202603111276478 -0.0024898893881656848 -0.015415560788604064 -0.0012406387615829407 -0.0024569139901726915 0.026985332929402014 0.022765747612465782 0.021716496940455774 -0.0038871238948406934 0.0068663989301780701 0.00055148507378890283 -0.00049068409508833306 -0.0005098918184661133 0.020758080324846478 0.005058544325755321 0.011310637912590476 0.016631902983932089 0.76270805617147086 0.010619524155296779 -0.017780295476395327 0.0018031083317361309 -0.0063731312168736421 0.020059858703529079 0.0067209697469777438 -0.014536441633244322 -0.0037657363404198286
decision_type=2 2 2 2 2 2 2 2 2 2 2 2 2 2 2 2 2 2 2 2 2 2 2 2 2 2 2 2 2 2
left_child=2 -2 3 23 -5 10 7 19 -9 16 11 12 14 22 24 -13 -8 18 -18 -7 21 -11 -14 -1 -4 27 -27 -25 -16 -30
right_child=1 -3 5 4 -6 6 9 8 -10 20 -12 15 13 -15 28 -17 17 -19 -20 -21 -22 -23 -24 25 -26 26 -28 -29 29 -31
leaf_value=-0.0044813591104223213 -0.012251836613618903 -0.0013893142531993237 -0.0055015120124153327 0.0049782024125658705 0.023121099491519009 0.0055650716067625668 -0.0053880783671047539 0.0041739315409813574 0.021626911273342559 0.0040740238309081179 -0.006903606604447398 0.00027231924379101166 0.0014318226667819544 -0.0043169399233423727 -0.018706402512123951 0.01858921241131611 -0.0015615558199074476 -0.0086528157006557065 0.0078409101683227875 -0.0088053819436866507 -0.0042138467947749987 0.022825374575331809 0.013112199691305351 0.015426245007303455 0.0092704071622827771 0.0036574818579141392 -0.010325179039500655 0.0022884641286312932 -0.013789580385827532 0.0015691231987956498
leaf_weight=67 28 377 32 62 22 53 148 36 30 40 127 26 60 67 26 20 84 38 89 26 23 20 36 31 23 55 24 37 26 27
leaf_count=67 28 377 32 62 22 53 148 36 30 40 127 26 60 67 26 20 84 38 89 26 23 20 36 31 23 55 24 37 26 27
internal_value=8.9086e-12 -0.0021403 0.000639722 0.00346747 0.00972991 -0.000157505 0.00141066 0.00596605 0.0121071 -8.37609e-05 -0.00211604 -0.000343382 -0.0016722 0.00164855 -0.00571163 0.00823619 -0.0015587 0.00112731 0.00327555 0.000835555 0.00629578 0.0103245 0.00581196 0.00100931 0.000675836 0.00351186 -0.000590415 0.00827775 -0.0101586 -0.00596534
internal_weight=1760 405 1355 298 84 1057 587 145 66 442 470 343 297 163 134 46 359 211 173 79 83 60 96 214 55 147 79 68 79 53
internal_count=1760 405 1355 298 84 1057 587 145 66 442 470 343 297 163 134 46 359 211 173 79 83 60 96 214 55 147 79 68 79 53
is_linear=0
shrinkage=0.05


Tree=79
num_leaves=31
num_cat=0
split_feature=277 123 91 322 200 149 98 278 296 176 302 325 107 144 192 318 269 204 277 333 85 326 309 220 254 52 206 123 309 199
split_gain=0.921511 1.64189 1.00283 1.69799 1.48539 1.60937 1.61303 1.60331 1.57442 1.91802 1.72823 1.56474 1.47743 1.26478 1.24033 1.2188 1.21528 1.52859 1.14494 1.99212 1.51104 1.3664 1.25489 1.21414 1.14437 1.14259 1.14004 1.09862 1.35372 1.08064
threshold=0.084048494931481213 0.0018185637875841631 -0.01363351714853848 0.022334019392917692 0.0016173549582169727 0.043791688844415776 0.02319829994514468 -0.0023503798244056098 -0.023399874375709877 0.029806311290800261 0.01964245577538087 -0.003557273922701343 -0.0038235375572607581 -0.0083954387992246741 0.0021627956802632918 -0.032341253852955415 0.045808300114424889 -0.02399533204919635 0.0021584505381684002 0.031584396695690971 0.053876972360393051 0.049789424481766258 -0.021200345309444365 -0.050532469828454198 0.004568319423826077 1.0000000180025095e-35 -0.0029569481939738496 -0.019830391455964835 -0.016685770465178242 -0.030178895622402811
decision_type=2 2 2 2 2 2 2 2 2 2 2 2 2 2 2 2 2 2 2 2 2 2 2 2 2 2 2 2 2 2
left_child=2 -2 18 4 5 6 8 -8 12 10 11 -10 -4 -12 -13 -5 17 -6 21 20 22 25 -20 -24 -21 29 -16 28 -19 -1
right_child=1 -3 3 15 16 -7 7 -9 9 -11 13 14 -14 -15 26 -17 -18 27 19 24 -22 -23 23 -25 -26 -27 -28 -29 -30 -31
leaf_value=0.0073995281041910254 0.017774466366972774 -0.00098276799544692048 0.022555811027441884 0.0050539183839591164 -0.013884780300862116 0.015046820911610949 0.0034988320115953682 -0.0092945877346210185 0.0073540028986905752 -0.0094763860172991238 0.0048999646190731301 -0.0056648164167595301 0.0061061462268042262 0.02225326749363116 0.012846947003803824 -0.0055994093283920346 0.0099819796457886693 0.015727599086239937 -0.010017305157250828 -0.0016572325985180214 -0.0093319600732100494 0.010148111724993214 -0.0088714319632854314 0.0037154605299824987 0.012465077580418439 0.0079111065758791354 -0.0024349874010882698 -0.0023359164714088871 0.00079661948044621757 -0.0025855737892145824
leaf_weight=30 20 28 21 33 23 29 50 48 92 28 21 69 39 21 23 144 25 20 36 32 134 32 25 82 26 35 26 225 63 280
leaf_count=30 20 28 21 33 23 29 50 48 92 28 21 69 39 21 23 144 25 20 36 32 134 32 25 82 26 35 26 225 63 280
internal_value=-2.10308e-11 0.00683275 -0.000191572 0.000829538 0.00178502 0.00363965 0.00288438 -0.00276733 0.0045134 0.00293838 0.00431779 0.00246603 0.0118635 0.0135766 -0.00134493 -0.0036132 -0.000647873 -0.00145073 -0.00162572 -0.00375273 -0.00551705 0.000264333 -0.00194224 0.000774598 0.00467346 -0.000652423 0.00473817 -0.000522215 0.00439445 -0.00161927
internal_weight=1760 48 1712 1000 823 467 438 98 340 280 252 210 60 42 118 177 356 331 712 335 277 377 143 107 58 345 49 308 83 310
internal_count=1760 48 1712 1000 823 467 438 98 340 280 252 210 60 42 118 177 356 331 712 335 277 377 143 107 58 345 49 308 83 310
is_linear=0
shrinkage=0.05


Tree=80
num_leaves=31
num_cat=0
split_feature=296 299 275 94 287 277 273 325 199 163 186 277 129 232 109 205 125 248 318 262 280 280 133 7 19 270 237 263 322 276
split_gain=0.885175 1.09758 0.976099 1.18972 1.16257 1.63179 2.35994 1.27676 1.3523 1.20969 1.40193 1.54332 1.43345 1.21621 1.37604 1.71193 1.65549 1.80638 1.47799 1.95026 1.65521 1.34941 1.30065 1.20045 1.18748 1.26139 1.35428 1.47496 1.39634 1.26294
threshold=0.089713743017367772 0.079651220376015422 0.078887137878928995 -0.11365496837799105 -0.047370988479519982 -0.002584069171271494 0.031032098329750128 -0.064647807762256107 0.0027740537440148231 -0.018430226748430239 -0.0015214671071580761 -0.002584069171271494 0.00038897880955438528 0.00036975115397917948 -0.021578736520159816 0.00097896935454578672 -0.010511970511024976 0.0076663743447432315 -0.00061741515685003292 -0.018200520787193423 0.022791013507737854 -0.044715801848610008 0.010826146065267295 0.77352029142581902 31.436567164179106 -0.032266385901795473 -0.061908451258084619 -0.0277951851491017 0.014405292737060179 0.01764859417717635
decision_type=2 2 2 2 2 2 2 2 2 2 2 2 2 2 2 2 2 2 2 2 2 2 2 2 2 2 2 2 2 2
left_child=1 2 3 -1 5 -5 -7 8 -6 10 11 -9 -13 14 15 -11 17 23 20 -20 -18 22 -15 -16 25 -23 -27 29 -29 -28
right_child=-2 -3 -4 4 7 6 -8 9 -10 13 -12 12 -14 21 16 -17 18 -19 19 -21 -22 24 -24 -25 -26 26 27 28 -30 -31
leaf_value=0.0060507532169406381 -0.0095366861515988905 0.0088964386390788224 -0.0063123796881215336 -0.0027393604899671946 -0.0017311294917904197 0.0028975529127413979 0.020260602601670796 -0.0026660472279348012 0.015479858677834272 -0.007634202305744112 -0.00065863988873429767 -0.007839333100710064 -0.025120385140180591 -0.00014806103725463916 0.00085286754117575741 0.0024447761137912239 0.0077221435500848066 0.021299593578177421 0.0078011988300002279 -0.0055622573414471303 -0.004099417392426404 0.0037295795541636098 0.015286115805308025 0.014331463848551116 0.0052540037272021528 0.0045630185540128298 -0.018844979013973737 -0.0020927907576990109 -0.0099449466067211088 -0.0030105113890022041
leaf_weight=82 24 35 60 55 21 65 28 56 25 80 133 30 20 39 53 89 114 22 36 113 40 54 21 24 43 38 34 231 75 20
leaf_count=82 24 35 60 55 21 65 28 56 25 80 133 30 20 39 53 89 114 22 36 113 40 54 21 24 43 38 34 231 75 20
internal_value=-2.97653e-14 0.000131844 -4.84979e-05 0.000180529 -0.000128232 0.00408766 0.00812514 -0.000570437 0.00762267 -0.000846542 -0.00407734 -0.00836685 -0.0147518 -0.000160785 0.00145929 -0.00232634 0.00305076 0.00866412 0.00121669 -0.0023335 0.00465161 -0.00182756 0.0052539 0.00505399 -0.00268592 -0.00344127 -0.0044142 -0.00536179 -0.00401734 -0.0129804
internal_weight=1760 1736 1701 1641 1559 148 93 1411 46 1365 239 106 50 1126 571 169 402 99 303 149 154 555 60 77 495 452 398 360 306 54
internal_count=1760 1736 1701 1641 1559 148 93 1411 46 1365 239 106 50 1126 571 169 402 99 303 149 154 555 60 77 495 452 398 360 306 54
is_linear=0
shrinkage=0.05


Tree=81
num_leaves=31
num_cat=0
split_feature=296 313 189 174 0 263 8 216 320 11 131 0 309 249 187 306 332 162 127 305 162 256 172 277 139 237 233 260 144 303
split_gain=0.844613 1.48064 1.92469 1.14784 1.30966 2.03911 1.97436 1.14034 1.16254 2.04397 1.20167 1.63696 1.48249 1.69202 1.40011 1.38414 1.34374 1.20749 2.58176 1.57105 1.54591 1.22289 1.19111 1.177 1.28545 1.73038 1.15701 1.12717 1.11871 1.10805
threshold=0.033476315838810729 0.045667046107738175 0.024264075315056529 -0.063462877281975902 3.7132745361986528 0.0078685821959603493 0.27477793361383829 0.17066316366140175 -0.033558824011912937 2.3703932584269665 0.020904477254169117 6.1537953943602615 0.0093719961627043592 -0.026060834354437231 0.010473737108779359 -0.031256530337230748 0.0099213457693723885 -0.017099383352215839 0.015861935540245727 -0.026560958226649195 0.008610256016890909 -0.035464319183170785 0.0057305331726895123 -0.019605883995694354 0.00052291927630636803 -0.015633849462876742 -0.042724967997741961 0.0013016549077217231 0.030108770839380242 -0.00086780436958646138
decision_type=2 2 2 2 2 2 2 2 2 2 2 2 2 2 2 2 2 2 2 2 2 2 2 2 2 2 2 2 2 2
left_child=1 3 -3 -1 5 -5 7 8 9 -6 12 16 15 14 -14 -10 -12 18 22 20 -19 27 -17 -23 29 -26 -15 -21 -11 -25
right_child=-2 2 -4 4 6 -7 -8 -9 10 28 11 -13 13 26 -16 17 -18 19 -20 21 -22 23 -24 24 25 -27 -28 -29 -30 -31
leaf_value=0.0090964614002801043 -0.0023971021899533776 0.0029848118010927377 0.020004981117090211 -0.01991244082649549 -0.017197805021889511 0.0021216511105497677 0.012541981851081213 -0.011785823993739628 -0.0032358778229581173 -0.0035933540785028427 -0.0093137278854401109 0.0041025003705350361 0.00070067762816324833 0.0041480960508220293 0.016353760180063546 0.0096129713178580191 0.0011154300910635833 0.019135139434149975 0.021350651195850865 0.017646883969150842 0.0014950343867024894 -0.005891647809670152 -0.005445471636145764 0.011349387998616666 -0.010935068439640519 0.0020353194419294599 -0.0054628031398300499 0.0024364606204346339 0.0092994279589038355 0.0017312215473321447
leaf_weight=34 304 98 20 21 25 21 31 21 81 106 94 58 50 38 20 29 46 27 29 21 23 60 24 49 36 90 178 29 20 77
leaf_count=34 304 98 20 21 25 21 31 21 81 106 94 58 50 38 20 29 46 27 29 21 23 60 24 49 36 90 178 29 20 77
internal_value=4.19112e-12 0.000500494 0.00586959 2.69865e-05 -0.000209488 -0.00889539 7.95838e-05 -0.000234254 -3.37722e-05 -0.00413809 0.000551452 -0.00296079 0.00135914 -0.00158267 0.00517299 0.00282237 -0.005887 0.00381573 0.00935675 0.00271291 0.0110207 0.00156542 0.00279405 0.000402056 0.00190056 -0.00167051 -0.003772 0.00882484 -0.00154688 0.00547162
internal_weight=1760 1456 118 1338 1304 42 1262 1231 1210 151 1059 198 861 286 70 575 140 494 82 412 50 362 53 312 252 126 216 50 126 126
internal_count=1760 1456 118 1338 1304 42 1262 1231 1210 151 1059 198 861 286 70 575 140 494 82 412 50 362 53 312 252 126 216 50 126 126
is_linear=0
shrinkage=0.05


Tree=82
num_leaves=31
num_cat=0
split_feature=170 300 313 189 107 287 0 84 188 280 97 325 269 217 136 91 195 220 53 282 178 171 282 110 273 126 308 143 134 305
split_gain=0.831483 0.811082 1.23734 1.86532 1.27231 1.06964 1.05974 2.43185 1.76282 0.955682 1.39828 1.20351 1.09905 0.919336 0.963428 1.05549 1.58043 1.4759 1.3267 1.22614 1.28726 1.24612 1.57719 1.46585 1.39075 1.74782 1.37215 1.36102 1.26676 1.20429
threshold=-0.08722839124095097 -0.041961587811409164 0.04778761761267248 0.018967288201810286 -0.0090938546263390815 -0.0017011416341720872 3.7132745361986528 0.32154973125159803 0.0079832546149683388 0.0058429972454597289 -0.014870062208419074 0.023408335376732346 0.023546878154167401 -0.11224116876637345 0.07843612536276541 -0.01363351714853848 -0.0027619788449851084 0.018874828713157814 0.89587973461402759 0.022467245921057446 -0.019491074154083538 -0.027103072228454612 0.014523432341416022 -0.044670404864431031 0.008383767345566508 0.0073493641502995677 0.0049975441458574785 -0.0020767962228246703 -0.003732389397122299 0.0076776840892820051
decision_type=2 2 2 2 2 2 2 2 2 2 2 2 2 2 2 2 2 2 2 2 2 2 2 2 2 2 2 2 2 2
left_child=-1 9 6 4 -4 -6 8 13 -3 11 -11 12 -2 -8 15 16 17 -15 19 21 -21 28 23 26 29 -26 -23 -24 -17 -25
right_child=1 2 3 -5 5 -7 7 -9 -10 10 -12 -13 -14 14 -16 18 -18 -19 -20 20 -22 22 27 24 25 -27 -28 -29 -30 -31
leaf_value=0.0098896421591884321 -0.00030300492400753878 -0.016032741467157999 -0.0052343979158571792 0.019142070710659029 0.014141642252259232 0.00072250330369129324 0.0059284601802937695 0.017026329679148539 0.0020351131412166138 0.00066976186353713281 -0.011398964646068635 -0.0098491639526479928 0.012959046227236591 -0.00082766516538841119 -0.010123063798993826 -0.01446076587541029 -0.0044157460179679439 0.0095473593523926203 -0.011744788181968033 -0.011114917599650867 -0.00024562135982891396 0.00022638373830843542 0.0026170974354381149 0.0054964874303165493 -0.0071509355607087769 0.0058918393594590392 0.016674777825392086 0.019032258427302755 0.00042828225996345283 -0.0016694122739136221
leaf_weight=21 61 27 35 20 27 33 60 21 27 40 60 23 21 169 25 20 287 43 20 34 137 21 23 189 84 37 32 28 50 85
leaf_count=21 61 27 35 20 27 33 60 21 27 40 60 23 21 169 25 20 287 43 20 34 137 21 23 189 84 37 32 28 50 85
internal_value=4.12952e-12 -0.000119426 0.000275319 0.00526352 0.00234172 0.00676112 -0.00012894 0.000142836 -0.00699881 -0.00307328 -0.00657147 0.000258342 0.00309337 -0.000120969 -0.000403653 -0.000210654 -0.00199731 0.0012767 0.000962427 0.00130587 -0.00240677 0.00242161 0.00329799 0.00234956 0.00130191 -0.00316265 0.0101575 0.0116293 -0.00382573 0.00327349
internal_weight=1760 1739 1534 115 95 60 1419 1365 54 205 100 105 82 1344 1284 1259 499 212 760 740 171 569 499 448 395 121 53 51 70 274
internal_count=1760 1739 1534 115 95 60 1419 1365 54 205 100 105 82 1344 1284 1259 499 212 760 740 171 569 499 448 395 121 53 51 70 274
is_linear=0
shrinkage=0.05


Tree=83
num_leaves=31
num_cat=0
split_feature=182 230 283 276 230 0 308 193 311 166 298 298 106 178 101 210 289 61 145 9 288 166 232 207 257 309 191 184 138 336
split_gain=0.798777 1.06139 1.01144 1.06298 1.31922 1.25802 1.10032 1.46577 1.00829 1.00328 0.980135 1.03717 1.58728 1.47494 1.24604 1.22419 1.33233 1.53817 1.6386 1.65341 1.69743 1.43306 1.2822 1.32695 1.20954 1.18781 1.37474 1.16583 1.47284 1.4078
threshold=0.014755386727820211 -0.072853387425313748 -0.034989476958708347 0.023683022620181311 0.025226683075571344 5.772996334337213 0.017533497420648064 0.0058390752523152798 -0.070056028264700809 -0.0083102603562623788 -0.022952474167702696 -0.0011232576323504035 0.075532565681617939 -0.0012661792316858999 -0.0097464323229071084 0.020110149097380913 -0.031839577720248542 4.5053345884235583 0.0027980827195511712 0.014727941176470589 0.0078961733975075506 -0.0039853982244057807 -0.0016570045369453318 -0.0073954516310194597 0.039586976262229359 0.014853239739481215 -0.0057494561999625179 0.034148822095105516 0.0016673532251935534 0.017174419746068034
decision_type=2 2 2 2 2 2 2 2 2 2 2 2 2 2 2 2 2 2 2 2 2 2 2 2 2 2 2 2 2 2
left_child=8 -2 9 6 5 -5 -4 -8 -1 -3 -10 12 13 14 -12 16 -13 18 24 20 21 -20 23 -21 27 26 -16 28 29 -18
right_child=1 2 3 4 -6 -7 7 -9 10 -11 11 15 -14 -15 25 -17 17 -19 19 22 -22 -23 -24 -25 -26 -27 -28 -29 -30 -31
leaf_value=0.0096467877676089612 -0.011340629528941853 -0.014255535926807811 -0.0046198705276608359 -0.003758044663737429 0.014515256047404061 0.010512803065712038 -0.0029008821894725163 0.01122849846949741 -0.0024289922049226626 -0.0018429662418983331 0.005673159589275235 -0.0043422048012546179 0.015886145124576336 0.0057687902287668269 0.010462138580069655 -0.0096540388403809629 -0.0078077690758927764 0.01502886815229431 0.024223069421461095 -0.0047144237683997272 -0.0023270148341543971 0.0079647405905592626 -0.0037687936830999597 0.010307955700067843 -0.011983084909617902 -0.01291958115493449 -0.0038239523960167873 0.011127789075253532 0.0022211438707445802 0.00563898362791709
leaf_weight=30 28 27 139 47 24 23 45 31 252 41 54 123 23 165 21 32 103 20 23 21 20 33 70 49 25 26 85 20 136 24
leaf_count=30 28 27 139 47 24 23 45 31 252 41 54 123 23 165 21 32 103 20 23 21 20 33 70 49 25 26 85 20 136 24
internal_value=3.31856e-13 -0.00194836 -0.00125079 -3.58762e-05 0.00439928 0.000930948 -0.00197497 0.00286242 0.00058235 -0.00677149 0.000377118 0.00103615 0.00316134 0.00232752 -0.000725213 -0.000100938 0.000357382 0.00141997 0.000900549 0.00423934 0.0101767 0.0146423 0.00101622 0.00580124 -0.00144094 -0.00334273 -0.000993689 -0.000509658 -0.00139464 -0.00526665
internal_weight=1760 405 377 309 94 70 215 76 1355 68 1325 1073 374 351 186 699 667 544 524 216 76 56 140 70 308 132 106 283 263 127
internal_count=1760 405 377 309 94 70 215 76 1355 68 1325 1073 374 351 186 699 667 544 524 216 76 56 140 70 308 132 106 283 263 127
is_linear=0
shrinkage=0.05


Tree=84
num_leaves=31
num_cat=0
split_feature=241 137 268 241 282 227 153 0 51 88 239 96 2 160 206 240 149 261 270 280 327 278 0 278 113 209 298 308 246 83
split_gain=0.776468 1.20927 0.78798 1.24423 2.09085 1.19595 1.23389 1.06673 1.72366 1.00543 1.83882 1.2617 1.66093 1.22536 1.14657 1.11712 1.11004 1.10402 1.06421 0.994055 1.13919 1.25693 1.64337 1.28402 1.19157 1.15784 1.1293 1.11819 1.1222 1.10716
threshold=0.12661493437271712 -0.088835043470522804 -0.047610323332369364 0.027346954108504885 -0.0056271263410047068 -0.010014245148827938 0.010582288225588031 5.772996334337213 1.0000000180025095e-35 0.068973054045215462 0.0057747833944598211 -0.02345931895328009 5.6903366269220443 -0.0071992403081212056 0.0018859459923198621 -0.0021200854569126725 0.028985156056763658 -0.01194526517333973 -0.0028723355776791764 0.042181341836479279 0.045705150095337509 -0.010348225311241127 3.6762205501217919 -0.053427889075856681 0.0098276664229713564 0.094890151727271763 0.023690157084027396 0.017533497420648064 -0.028420546407281592 0.20389391732360021
decision_type=2 2 2 2 2 2 2 2 2 2 2 2 2 2 2 2 2 2 2 2 2 2 2 2 2 2 2 2 2 2
left_child=1 -1 3 5 -5 -3 -7 19 9 13 11 -11 16 14 15 -9 -13 -15 -12 20 21 23 -23 25 26 -4 -24 28 -21 -25
right_child=-2 2 7 4 -6 6 -8 8 -10 10 18 12 -14 17 -16 -17 -18 -19 -20 27 -22 22 24 29 -26 -27 -28 -29 -30 -31
leaf_value=0.011055214628577233 -0.0079751298266152546 -0.0046967118964450251 0.0030332045233808459 0.02136686998842792 0.00042314716399862221 0.0098148295143619183 -0.0048631025212151667 0.0056226043134099913 0.015730119715444742 -0.012453772333768629 -0.0018799140257760882 -0.011178032595794215 0.0077858140174066649 -0.0044872385331818573 0.0019643574528994839 0.020800975371490827 0.0022445523676045318 0.0025193037440140661 0.0137367954904524 0.0015384464164857161 -0.0075252727183898723 -0.0138257611129019 0.0021150668239577294 0.0027958429388738959 -0.0051517412060191137 -0.0089236070674548803 -0.0051200452463134481 0.0020182736784691872 -0.011364553163487775 0.012651574230574839
leaf_weight=25 30 58 40 22 26 45 21 27 20 41 20 43 30 79 56 22 24 195 24 22 58 27 247 176 130 41 69 36 72 34
leaf_count=25 30 58 40 22 26 45 21 27 20 41 20 43 30 79 56 22 24 195 24 22 58 27 247 176 130 41 69 36 72 34
internal_value=-4.09769e-12 0.000138297 -2.17751e-05 0.00318724 0.0100224 0.000541394 0.00514458 -0.000381821 0.0013065 0.000792293 -0.00226226 -0.00510012 -0.00199187 0.00225912 0.00685177 0.0124374 -0.00636994 0.000499169 0.00663829 -0.0014122 -0.000769668 -0.000256808 -0.00184753 0.0023288 -0.00112239 -0.00301901 0.000535248 -0.00547496 -0.0083447 0.00439153
internal_weight=1760 1730 1705 172 48 124 66 1533 581 561 182 138 97 379 105 49 67 274 44 952 822 764 473 291 446 81 316 130 94 210
internal_count=1760 1730 1705 172 48 124 66 1533 581 561 182 138 97 379 105 49 67 274 44 952 822 764 473 291 446 81 316 130 94 210
is_linear=0
shrinkage=0.05


Tree=85
num_leaves=31
num_cat=0
split_feature=277 268 106 217 281 156 1 286 168 279 168 288 295 108 162 116 169 81 237 180 161 304 281 305 117 187 254 174 242 151
split_gain=0.762425 0.824145 1.00416 1.30438 0.983619 1.90897 1.11939 1.65139 1.15726 1.33463 1.28867 1.26734 1.50767 1.14226 1.37267 1.12923 1.0974 1.05894 1.12889 1.20332 1.28623 1.6663 1.60042 1.08969 1.05196 1.28906 1.36876 1.04787 1.19078 1.33005
threshold=-0.086563453670816456 -0.047610323332369364 0.0104589847648152 0.03982866677822431 -0.044153225136239392 -0.027825338301080017 4.7317931335534196 0.041516521493515035 -0.0072419638151538018 -0.029161479607671244 -0.010415292761491257 0.0010442372034754302 -0.010028415353348539 -0.007794883717092623 -0.0061828539074982513 0.013426443620978152 -0.0044217815098031446 -0.52572234698735942 0.018333680708088232 -0.030008236676952942 0.01264584327483278 -0.014852743742337528 0.059662261340801936 0.0038474764934030982 0.011071227225448949 -0.00023163303187730683 0.0025174843195386741 0.023404319311948581 -0.0012984803661389875 -0.0057113771752229569
decision_type=2 2 2 2 2 2 2 2 2 2 2 2 2 2 2 2 2 2 2 2 2 2 2 2 2 2 2 2 2 2
left_child=-1 2 3 -2 5 -3 17 8 10 -10 -8 13 -13 -11 -15 16 -14 23 19 -19 21 -21 24 -6 25 26 -23 28 -22 -30
right_child=1 4 -4 -5 6 -7 7 -9 9 11 -12 12 15 14 -16 -17 -18 18 -20 20 27 22 -24 -25 -26 -27 -28 -29 29 -31
leaf_value=-0.0061494901671777583 0.0023387821481030968 0.016066968642175199 -0.0016374942384751849 0.01384529851707875 0.014584337543928997 0.0012286449363133785 -0.00059588928358786028 0.014506272663888726 -0.0071062407906978368 0.0019780720279298047 -0.012820071758081517 0.010772669825702907 0.010211838334798815 0.021300406629840535 0.0065495517206094842 -0.011637583205959312 -0.0043251468737081104 -0.007200472793192603 -0.0044972406623489695 -0.0061607735874150103 0.0017951874712178876 -0.0012586242943182291 0.014086451150831722 -0.0017232380097820647 0.0038869209830208044 0.0020618912993184595 -0.014020156091397727 -0.0017918300951391252 0.0047342925909019656 0.022529771569229307
leaf_weight=49 70 25 61 38 20 163 107 23 31 55 27 25 20 24 46 27 37 64 298 124 43 47 21 21 95 74 38 45 21 21
leaf_count=49 70 25 61 38 20 163 107 23 31 55 27 25 20 24 46 27 37 64 298 124 43 47 21 21 95 74 38 45 21 21
internal_value=-1.61485e-11 0.00017611 0.00349082 0.00638737 -0.000187175 0.00320183 -0.000657731 0.00147877 0.000727809 0.00264263 -0.00305897 0.00393415 -6.34558e-06 0.00737026 0.011607 -0.00321439 0.00077555 -0.00162512 -0.00198665 -0.000725006 5.84155e-05 -0.00134888 0.000820842 0.00623168 -0.000275921 -0.00276315 -0.00696378 0.00437774 0.00764398 0.013632
internal_weight=1760 1711 169 108 1542 188 1354 422 399 265 134 234 109 125 70 84 57 932 891 593 529 399 275 41 254 159 85 130 85 42
internal_count=1760 1711 169 108 1542 188 1354 422 399 265 134 234 109 125 70 84 57 932 891 593 529 399 275 41 254 159 85 130 85 42
is_linear=0
shrinkage=0.05


Tree=86
num_leaves=31
num_cat=0
split_feature=296 299 205 277 182 139 230 164 174 325 320 324 276 166 0 283 153 84 197 219 191 152 117 328 115 251 213 1 117 50
split_gain=0.733135 0.891818 0.762432 0.954406 0.805624 1.50553 1.13866 1.22355 0.878548 0.876605 1.17107 2.12217 1.01413 0.998361 0.926549 1.48589 0.924051 0.908818 0.888059 1.1051 0.960928 1.54489 1.37474 2.2017 1.51995 1.01694 1.4699 1.53164 1.67816 1.39333
threshold=0.089713743017367772 0.079651220376015422 -0.040414505936986825 0.10330069718208702 0.015100954824428692 -0.0054380430224799979 -0.0026381511770522718 0.0092288710436953195 -0.065504581575037024 0.056200855642443669 0.047150000626755499 0.022898317883735312 0.015334611037369323 0.054315276229819485 3.7132745361986528 0.01762377060208466 0.0017282180795888003 0.31169920526964517 0.026514222312233948 0.027321008430261938 -0.010291494911399033 -0.043215440524542174 0.011440611190302069 0.0065595943496959668 -0.018062101355553865 0.066227120691886757 0.25423378568160787 8.9524645033942978 -0.0004170728742519015 1.8688348091416842
decision_type=2 2 2 2 2 2 2 2 2 2 2 2 2 2 2 2 2 2 2 2 2 2 2 2 2 2 2 2 2 2
left_child=1 2 -1 4 8 6 -6 -8 -4 10 13 16 -11 14 15 -10 -12 18 20 -20 21 -16 -23 -24 -25 26 27 29 -29 -22
right_child=-2 -3 3 -5 5 -7 7 -9 9 12 11 -13 -14 -15 17 -17 -18 -19 19 -21 25 22 23 24 -26 -27 -28 28 -30 -31
leaf_value=-0.0043949772317060515 -0.0086791027240299932 0.0080204274332416909 0.0097674676790260352 0.010804221205346819 -0.0023924205723839503 -0.0045769738428641247 0.013880981686816085 5.4210741654969756e-05 -0.016546955704689028 0.00034575640818039922 0.018637324213229407 -0.0069075983195077814 -0.013713304344159755 -0.0086575979025413606 0.016414917244110257 0.0022835437377745457 0.0058556465807581143 0.010947106312960387 0.0096600665909915874 -0.0023650031906135125 -0.00092984491342807188 -0.0016257202201686279 0.016974817431764679 -0.010367666664533318 0.0091256204718956728 0.0057208569520234807 -0.013388583719885598 0.01575655648484826 -0.0020662397374399009 -0.011674069520086051
leaf_weight=95 24 35 26 21 66 219 32 32 20 29 26 21 23 30 20 22 31 22 56 29 529 114 32 20 20 57 24 28 25 32
leaf_count=95 24 35 26 21 66 219 32 32 20 29 26 21 23 30 20 22 31 22 56 29 529 114 32 20 20 57 24 28 25 32
internal_value=2.12441e-11 0.000119988 -4.25729e-05 0.000214886 7.45853e-05 -0.00204679 0.00221559 0.0069676 0.000673583 0.000478177 0.000763362 0.00667995 -0.00587267 0.000336053 0.000593015 -0.00668336 0.0116859 0.000896197 0.000671937 0.0055574 0.000211045 0.00321029 0.00179044 0.00719935 -0.000621023 -0.000677939 -0.00124962 -0.000775131 0.00734958 -0.00154271
internal_weight=1760 1736 1701 1606 1585 349 130 64 1236 1210 1158 78 52 1080 1050 42 57 1008 986 85 901 206 186 72 40 695 638 614 53 561
internal_count=1760 1736 1701 1606 1585 349 130 64 1236 1210 1158 78 52 1080 1050 42 57 1008 986 85 901 206 186 72 40 695 638 614 53 561
is_linear=0
shrinkage=0.05


Tree=87
num_leaves=31
num_cat=0
split_feature=197 128 242 335 171 210 250 215 101 244 288 166 180 250 137 265 283 123 1 303 148 253 302 287 283 222 268 180 278 161
split_gain=0.69844 1.77143 0.902419 1.54669 1.62296 1.17382 1.28087 1.15246 1.04488 0.923921 1.00192 0.909417 1.09174 1.25238 1.68087 1.20284 1.32244 1.62849 1.15472 1.18259 1.32109 1.83335 1.49761 1.24627 1.119 1.18972 1.10048 1.0835 1.04313 1.02562
threshold=-0.018827179878072309 0.053256651778482184 0.034821118954088466 -0.010042234383839853 0.020441208906184664 0.014988185349046005 0.02363565867379298 0.0027275448643992607 -0.008705251036434233 0.024512126686684652 0.0078961733975075506 0.049913491665747427 -0.0099438951934989316 -0.0030247813453405758 -0.035570127645425338 -0.017010225287908385 0.0097696756149729704 0.017136652832187207 8.1208858443596572 0.001262280012418946 0.0060542362116202944 0.010093788659685174 0.0014112609636647456 0.004749271005145504 0.033134458237265178 -0.0039234365828465538 -0.0035828027220551383 -0.011742199222595969 -0.0031368766745132615 -0.0059483299580190665
decision_type=2 2 2 2 2 2 2 2 2 2 2 2 2 2 2 2 2 2 2 2 2 2 2 2 2 2 2 2 2 2
left_child=1 -1 11 4 9 7 -7 -5 -9 10 -4 12 24 14 -14 16 17 -15 19 20 21 22 -16 -22 27 -26 -21 -2 -13 -28
right_child=2 -3 3 5 -6 6 -8 8 -10 -11 -12 28 13 15 18 -17 -18 -19 -20 26 23 -23 -24 -25 25 -27 29 -29 -30 -31
leaf_value=0.00089293683890871159 -0.0037980652608199644 0.013436054822898681 -0.0078162697133729638 -0.006853575191660962 0.018923803274114821 -0.00097327416778766906 0.015025878714566883 0.011689481004141272 -0.0026369018054434234 0.012220080015027807 0.0069421083018507655 0.00063269971869885924 0.01636130195343867 0.014542882468418351 0.0086568303330433246 -0.003495193404643878 -0.0038100178836126966 -0.00093909757719798533 0.010105140975543431 0.0030123874289203299 -0.0076643674702542592 0.017101396632290655 -0.0057600139580186345 0.0052828229498118164 -0.0043422092203841064 0.008984845923259854 -0.014915949355539247 -0.015203501611097675 -0.013421046157037059 -0.0029598497205190889
leaf_weight=306 220 31 23 79 23 29 22 20 35 21 23 23 20 35 43 285 48 33 35 53 41 31 31 34 33 34 24 23 31 71
leaf_count=306 220 31 23 79 23 29 22 20 35 21 23 23 20 35 43 285 48 33 35 53 41 31 31 34 33 34 24 23 31 71
internal_value=-3.27418e-13 0.00204675 -0.00048472 0.0020879 0.00746404 -0.000527514 0.00592832 -0.00298458 0.00257269 0.00353009 -0.000437081 -0.00110098 -0.000788327 0.00020489 0.0022497 -0.00174813 0.00254422 0.00702957 0.0014722 0.000551 0.00327335 0.00689359 0.00261734 -0.00179497 -0.0033002 0.00242077 -0.00275997 -0.00487759 -0.00743519 -0.00598034
internal_weight=1760 337 1423 275 90 185 51 134 55 67 46 1148 1094 784 383 401 116 68 363 328 180 105 74 75 310 67 148 243 54 95
internal_count=1760 337 1423 275 90 185 51 134 55 67 46 1148 1094 784 383 401 116 68 363 328 180 105 74 75 310 67 148 243 54 95
is_linear=0
shrinkage=0.05


Tree=88
num_leaves=31
num_cat=0
split_feature=325 264 336 168 165 153 140 254 0 197 88 163 233 320 190 105 140 307 331 244 152 111 297 164 158 256 160 274 111 326
split_gain=0.657966 1.08756 0.858065 0.812759 0.781867 0.887639 0.787755 1.08422 1.17598 1.08405 1.50035 1.22651 1.06841 0.993028 1.2382 1.34741 1.71307 1.39552 1.08526 1.51398 1.41312 1.52852 1.20855 1.15526 1.43168 1.0716 0.986623 0.973767 1.09952 1.0117
threshold=-0.064647807762256107 0.0026939016073235047 -0.054540084819807516 0.020658313533829419 0.06347125041223424 -0.086142950101293372 0.029575815719625521 -0.009880754275178082 11.022253272935755 -0.018498840214011446 -0.0068006963335681091 -0.023232155627698054 0.045153313953072836 -0.045575767898935381 -0.0059414990005728406 -0.015697697093528255 -0.032306832296989905 0.019340587436971441 -0.0010043273014231108 -0.00033326299186675759 -0.0053928346483905635 0.0043235543375120013 -0.013188309038999009 -0.0083368557519630411 0.0074863957006287346 -0.014800569159645007 0.013161863205828673 -0.030336585629993404 -0.0045221507128807995 0.00055124958441061785
decision_type=2 2 2 2 2 2 2 2 2 2 2 2 2 2 2 2 2 2 2 2 2 2 2 2 2 2 2 2 2 2
left_child=1 -1 3 -2 5 -4 7 8 9 10 -7 -11 -8 -9 15 -15 -17 -18 22 -20 -21 -22 25 24 -24 -16 -12 28 -13 -29
right_child=2 -3 4 -5 -6 6 12 13 -10 11 26 27 -14 14 18 16 17 -19 19 20 21 -23 23 -25 -26 -27 -28 29 -30 -31
leaf_value=0.013378649970400149 -0.001454625505192036 -0.00070157033578652781 0.0093818720790575481 -0.012604932676857481 -0.0073356850684753493 0.010983667712259506 -0.0012140919404986944 -0.0045785238237811198 0.010430944610852748 -0.013111169692450042 0.0025495610795481954 -0.0029597716347780079 -0.01091402774601353 0.00045492451272106601 0.0045629285193760603 0.018983838073212869 0.0020648074685595931 0.013676543895983035 0.0015513381151044195 0.00094182495364641895 -0.017694562599062918 -0.0031186056549887403 -0.0061277562275702108 0.0075264820010752242 0.009926377465238884 -0.0070390736218541861 -0.010468815051188525 -0.006710587653021018 0.010607532312029176 -0.00051850763878508925
leaf_weight=24 44 32 26 26 35 35 172 62 20 29 43 32 34 105 34 28 92 36 170 47 35 37 41 138 21 48 22 135 28 129
leaf_count=24 44 32 26 26 35 35 172 62 20 29 43 32 34 105 34 28 92 36 170 47 35 37 41 138 21 48 22 135 28 129
internal_value=1.26585e-12 0.00533281 -0.000175257 -0.00559617 5.69733e-05 0.000218789 6.73329e-05 0.000501694 -0.0014342 -0.00195805 0.00263746 -0.00325989 -0.00281505 0.00152594 0.00198084 0.00483384 0.00778119 0.00533061 0.000676759 -0.00147649 -0.00580195 -0.0102041 0.00288346 0.00497935 -0.000690066 -0.00222849 -0.00185666 -0.00237814 0.00337164 -0.00368491
internal_weight=1760 56 1704 70 1634 1599 1573 1367 473 453 100 353 206 894 832 261 156 128 571 289 119 72 282 200 62 82 65 324 60 264
internal_count=1760 56 1704 70 1634 1599 1573 1367 473 453 100 353 206 894 832 261 156 128 571 289 119 72 282 200 62 82 65 324 60 264
is_linear=0
shrinkage=0.05


Tree=89
num_leaves=31
num_cat=0
split_feature=277 287 134 267 264 268 217 322 98 168 56 249 327 319 306 242 116 262 200 121 330 281 316 132 152 322 139 135 209 318
split_gain=0.632264 0.701323 0.736817 0.844197 1.21348 0.770665 0.892714 1.08916 0.951563 0.762553 1.1735 0.997552 1.53054 1.30206 1.35631 1.0109 1.8048 1.7819 1.4317 1.70714 1.36884 0.936757 0.924962 0.923276 0.913044 0.954455 1.0021 1.10153 0.885224 1.14097
threshold=-0.086563453670816456 -0.10949423669667063 0.093796453243531419 0.073302367348293387 0.0055073256500424829 -0.047610323332369364 0.031457910226421172 0.013278592476940744 0.037311927239200467 -0.007940874907955954 1.2424533248940004 0.01471747102755167 0.056542373532349331 -0.035900035456621342 -0.011864317180743102 0.029292149564707447 -0.0010033539859076199 0.0017428173424564209 0.0020893903493413263 -0.0011870410718533223 -0.0049753396269765883 0.0034447067973655409 0.040441056766954774 -0.030669337428464078 -0.020196882180059616 0.016309680976038618 -0.0015426627827283058 -0.0020028099608582592 0.69396218584033031 0.0099134571073804037
decision_type=2 2 2 2 2 2 2 2 2 2 2 2 2 2 2 2 2 2 2 2 2 2 2 2 2 2 2 2 2 2
left_child=-1 -2 3 5 -5 6 8 -8 -3 28 11 12 13 14 -11 18 -17 -18 24 23 -21 -16 -13 -20 -15 26 -26 -28 -7 -30
right_child=1 2 -4 4 -6 9 7 -9 -10 10 -12 22 -14 15 21 16 17 -19 19 20 -22 -23 -24 -25 25 -27 27 -29 29 -31
leaf_value=-0.0056000247716485544 0.0094684701226651676 -0.0035269748272472308 -0.0081432761676195602 0.015345926730978218 0.00065980536731867457 -0.00099190029610999458 0.01400154080680188 -8.647837068723596e-05 0.0074744844196053851 -0.0014609908064206444 0.011857973559844224 -0.0029767318034906306 -0.0097217077451447649 0.010759705080029866 0.020058354033002011 -0.0020624701986976324 0.019841588130220772 0.0013435881139467593 0.00017019532567176684 0.0095634839963167906 -0.0026939759768656985 0.0059374378467707536 0.0074538947245025126 -0.010842810089791745 -0.00068655616699114937 -0.0058532749277514385 0.012244187682453131 0.0006827956417845072 -0.010204430403293021 0.0022741895885421679
leaf_weight=49 20 57 27 22 39 411 34 23 30 24 22 280 30 30 24 42 30 23 26 34 69 23 23 71 89 37 45 38 62 26
leaf_count=49 20 57 27 22 39 411 34 23 30 24 22 280 30 30 24 42 30 23 26 34 69 23 23 71 89 37 45 38 62 26
internal_value=6.29463e-12 0.000160375 5.02849e-05 0.000183233 0.00595644 -3.64582e-05 0.0034532 0.0083169 0.000266632 -0.000380879 0.000443244 0.000175521 0.00130186 0.00184849 0.00820983 0.00100269 0.00567923 0.0118142 -9.31472e-06 -0.0031307 0.00135218 0.0131481 -0.00218497 -0.00789087 0.00260272 0.00143187 0.00299902 0.00695102 -0.00196637 -0.00651757
internal_weight=1760 1711 1691 1664 61 1603 144 57 87 1459 960 938 635 605 71 534 95 53 439 200 103 47 303 97 239 209 172 83 499 88
internal_count=1760 1711 1691 1664 61 1603 144 57 87 1459 960 938 635 605 71 534 95 53 439 200 103 47 303 97 239 209 172 83 499 88
is_linear=0
shrinkage=0.05


Tree=90
num_leaves=31
num_cat=0
split_feature=170 147 327 277 222 83 186 264 330 136 190 192 1 320 282 7 265 155 118 331 128 80 324 268 257 154 11 174 232 154
split_gain=0.623909 1.18137 0.89758 0.942867 0.977539 0.871098 0.831675 0.856264 1.4151 1.6764 1.12483 1.45169 1.45439 1.26913 1.14736 1.11731 1.11027 1.73726 1.22061 1.20888 1.23212 1.13544 1.29735 1.49069 2.02109 1.50302 1.04104 0.998959 0.986797 0.982579
threshold=-0.028215407133168401 0.051577805641746126 -0.039872729858864253 -0.0090553265348271971 -0.0032283404205469299 -0.18914778143328279 -0.024451793591558368 -0.0095277202584932493 0.045290561716242538 0.0039403871730304607 0.0086993674536826413 -0.011719047450957828 3.6242520361853052 0.014601368418658171 -0.0070823511461296351 0.36184668989547047 -0.037440706439124595 0.018756081495970609 -0.019585626539525385 0.0056081521573276404 0.040014584323510259 1.0000000180025095e-35 0.030793604669780629 0.0039761210299934019 0.019220576804577779 0.0079634637957495674 3.5596210740220546 0.011339399046041254 0.0027656171787255571 0.0087818252154614387
decision_type=2 2 2 2 2 2 2 2 2 2 2 2 2 2 2 2 2 2 2 2 2 2 2 2 2 2 2 2 2 2
left_child=1 2 -1 -4 -5 -6 -2 8 10 -10 11 15 -13 -14 -15 -8 17 18 -9 21 -21 22 23 24 25 28 -25 -24 -18 -23
right_child=6 -3 3 4 5 -7 7 16 9 -11 -12 12 13 14 -16 -17 19 -19 -20 20 -22 29 27 26 -26 -27 -28 -29 -30 -31
leaf_value=0.0097107669131623383 -0.0034280752327513738 0.014205186828039588 -0.0064167449608185274 -0.0026708676813238224 -0.00023193726189095867 0.012962116821315782 -0.012224679667016736 0.010669206082820893 0.0012113336896341618 0.021004429263994099 -0.0025708646616621517 -0.0029544979730185047 0.0042336535690696833 0.021887355629840625 0.0066903350184913035 0.00059794808057351753 0.0088616688427282497 0.016774336658418178 -0.0014202256897850982 -0.0030831674596556698 -0.013806876251474025 -0.0007542086581815966 -0.010760413965436857 -0.0050221468409967374 -0.0046977495805860109 0.017253441785490424 0.0045061591157126565 0.0031092303083278244 -0.00062857963222389421 -0.012724706213921308
leaf_weight=27 190 20 43 48 22 29 23 26 23 20 153 47 123 23 27 65 70 20 106 250 30 40 37 86 41 33 43 20 45 30
leaf_count=27 190 20 43 48 22 29 23 26 23 20 153 47 123 23 27 65 70 20 106 250 30 40 37 86 41 33 43 20 45 30
internal_value=-1.60009e-11 0.00271414 0.00135425 -0.000234668 0.00245048 0.00727056 -0.000326525 0.00010019 0.00174252 0.0104174 0.000933369 0.00267411 0.00484512 0.00696409 0.013681 -0.00275342 -0.000843637 0.00304172 0.000961026 -0.00165822 -0.00423214 -3.86819e-05 0.00105252 0.00229763 0.00512585 0.00784726 -0.00184604 -0.00589387 0.00514809 -0.00588442
internal_weight=1760 189 169 142 99 51 1571 1381 504 43 461 308 220 173 50 88 877 152 132 725 280 445 375 318 189 148 129 57 115 70
internal_count=1760 189 169 142 99 51 1571 1381 504 43 461 308 220 173 50 88 877 152 132 725 280 445 375 318 189 148 129 57 115 70
is_linear=0
shrinkage=0.05


Tree=91
num_leaves=31
num_cat=0
split_feature=296 299 275 94 284 333 169 105 108 85 296 295 278 0 226 324 86 224 107 266 231 202 277 185 198 201 114 230 125 290
split_gain=0.616148 0.732382 0.671907 0.850259 0.770292 0.802055 0.730029 1.13548 1.82508 2.26704 0.968998 0.991638 1.21976 1.62683 1.47233 1.35197 1.16717 1.41078 1.09954 1.11672 1.06298 1.3668 1.66723 1.1996 1.06541 1.04479 1.03524 0.923896 0.904782 0.901963
threshold=0.089713743017367772 0.079651220376015422 0.078887137878928995 -0.11365496837799105 0.0034188601614921076 0.0061535081077748353 -0.010712751923431079 0.0062631878735549011 0.044719063850420543 -0.16115480933295598 -0.065481683997288903 -0.0046404566042361128 -0.015071877462110072 11.055853368301584 -0.033582549356260968 0.021849713941916621 0.10062187956455533 -0.017405667151495819 0.00098705062434403215 -0.0066211453024145718 0.0028412426014309258 -0.0053639389309678371 -0.012891000954603075 -0.0036158103875345896 0.0072347742722994584 0.00021383561043647619 -0.001217432644433702 0.064088746704501681 -0.016797004224116629 -0.047603510977528088
decision_type=2 2 2 2 2 2 2 2 2 2 2 2 2 2 2 2 2 2 2 2 2 2 2 2 2 2 2 2 2 2
left_child=1 2 3 4 5 -1 7 27 29 -10 -8 16 14 15 -13 -14 17 -12 -16 -20 28 24 -23 -24 -22 -17 -21 -5 -19 -9
right_child=-2 -3 -4 6 -6 -7 10 8 9 -11 11 12 13 -15 18 25 -18 20 19 26 21 22 23 -25 -26 -27 -28 -29 -30 -31
leaf_value=0.016754087140517578 -0.0079565645661205057 0.0072694900917953682 -0.0052342964765072497 0.00032484359632769502 0.00014952359255403282 0.0029350596080933299 0.0072055410222477611 -0.0061297803402080072 0.0015919963008491321 0.02485135407398709 -0.0029429923068424353 0.0091776253691586186 -0.0032233908910285084 0.0096715077181302386 -0.005972150096040167 -0.01716189058497548 -0.0043961392346298905 0.0082187471597342555 0.0093178786177720348 0.0060039881489832303 -0.0062615556883867142 0.0016595661515990895 0.025679709141453108 0.010098459016686927 0.0080629009753465652 -0.0051703955411003567 -0.0082757826242595908 -0.010931234592571856 -0.0011050929375962029 0.0038858242945647558
leaf_weight=21 24 35 60 206 40 21 37 28 20 22 112 42 324 21 71 34 93 33 35 22 27 30 21 30 25 39 30 20 123 114
leaf_count=21 24 35 60 206 40 21 37 28 20 22 112 42 324 21 71 34 93 33 35 22 27 30 21 30 25 39 30 20 123 114
internal_value=9.5468e-12 0.000109999 -3.7316e-05 0.000152702 0.00511528 0.00984457 -0.000108319 0.00170296 0.00461913 0.0137755 -0.000754641 -0.0010195 -0.00235445 -0.00389097 0.000856888 -0.00460838 0.000650529 0.00182095 -0.00135495 0.0024131 0.00366719 0.00695132 0.0110125 0.0165143 0.000625202 -0.0107555 -0.00223434 -0.00067127 0.000867258 0.00191092
internal_weight=1760 1736 1701 1641 82 42 1559 410 184 42 1149 1112 618 418 200 397 494 401 158 87 289 133 81 51 52 73 52 226 156 142
internal_count=1760 1736 1701 1641 82 42 1559 410 184 42 1149 1112 618 418 200 397 494 401 158 87 289 133 81 51 52 73 52 226 156 142
is_linear=0
shrinkage=0.05


Tree=92
num_leaves=31
num_cat=0
split_feature=296 313 160 318 226 269 114 174 216 180 208 281 296 225 197 275 170 315 138 245 301 324 251 198 238 143 285 170 309 193
split_gain=0.57061 1.03968 1.42526 0.884233 1.25083 1.21712 0.901765 0.79343 0.845406 0.87238 1.15653 1.15194 1.07098 2.35259 1.06251 1.08877 1.17395 1.00196 1.28332 1.20599 0.99844 1.03229 1.19269 1.42382 1.19291 1.08835 1.1706 1.19277 0.960656 0.915158
threshold=0.033476315838810729 0.050306103242536683 -0.0081320723862444381 0.017142189111360773 -0.00090758451837643554 -0.024145080258417818 -0.0032491337650076306 -0.063462877281975902 0.16606285885124725 -0.0094349069647055289 0.012361352317488947 0.01091584091701569 0.024289094094200433 0.00274649606780675 -0.010001187633395877 -0.016275741854479265 0.005461097504661964 0.033325811847422657 -0.00044448967606344048 -0.052418992226676446 0.02884126393861831 -0.02328587853247829 -0.0033818429854706594 -0.0029254405878832751 -0.0025171446173804231 -0.003389588983412602 -0.0053630970712787137 0.0012626965656589203 -0.032694058484259249 0.0043434312118872378
decision_type=2 2 2 2 2 2 2 2 2 2 2 2 2 2 2 2 2 2 2 2 2 2 2 2 2 2 2 2 2 2
left_child=1 7 -3 5 -5 -2 -6 -1 9 11 12 -9 14 -14 15 -11 -17 19 -19 -16 21 -21 23 24 -23 -24 -27 -28 -12 -25
right_child=3 2 -4 4 6 -7 -8 8 -10 10 28 -13 13 -15 17 16 -18 18 -20 20 -22 22 25 29 -26 26 27 -29 -30 -31
leaf_value=0.0075943215253680731 -0.0060802501979086432 0.014463196042925119 0.0013799632177003386 -0.014349933216468462 -0.0075090451405331916 0.0019968729552230064 0.0063057947637779376 0.00046906507090251483 -0.0090682964700345824 0.012578289310396132 0.0059308494234250652 -0.0049311378894510037 0.022062845863401889 -0.00074689546241783191 0.009631318318330355 -0.0010547929179544251 0.0096402942059704896 0.0012031582063562903 -0.014223389033801282 -0.0074398043432406013 0.0066593228470323215 0.001199162673826019 -0.007759690929572874 0.0030471189378075444 0.015672224122764807 0.0064158548028208327 0.0025256526308173005 -0.0091196000467725965 -0.0043247309639637766 -0.0088961435815967296
leaf_weight=34 66 30 68 31 27 159 21 225 26 36 27 176 20 26 37 75 39 28 26 49 53 24 60 53 35 50 45 43 148 23
leaf_count=34 66 30 68 31 27 159 21 225 26 36 27 176 20 26 37 75 39 28 26 49 53 24 60 53 35 50 45 43 148 23
internal_value=1.79336e-12 0.000411376 0.00538503 -0.00197028 -0.00652115 -0.000372417 -0.00146505 5.24527e-05 -0.000141221 3.7596e-05 0.000904281 -0.0019011 0.00178818 0.00917038 0.00128584 0.00499787 0.00260405 0.00022728 -0.00622444 0.000965401 0.0002283 -0.000663963 0.000333083 0.00395699 0.00978488 -0.00213776 0.000306553 -0.00316464 -0.00274244 -0.000567289
internal_weight=1760 1456 98 304 79 225 48 1358 1324 1298 897 401 722 46 676 150 114 526 54 472 435 382 333 135 59 198 138 88 175 76
internal_count=1760 1456 98 304 79 225 48 1358 1324 1298 897 401 722 46 676 150 114 526 54 472 435 382 333 135 59 198 138 88 175 76
is_linear=0
shrinkage=0.05


Tree=93
num_leaves=31
num_cat=0
split_feature=182 230 118 151 224 329 126 217 314 330 287 92 316 124 186 208 243 88 218 278 104 316 274 176 288 192 108 239 213 320
split_gain=0.572081 0.841317 0.811676 1.15108 1.07597 0.936146 1.06811 0.858936 0.851881 0.803534 0.725807 1.25606 1.45023 0.964707 0.936187 1.18679 1.19594 1.16852 1.14139 1.04598 0.986896 1.51243 1.00399 0.967192 1.12069 1.42854 0.939989 0.936877 0.903073 0.894897
threshold=0.01455621654829437 -0.072853387425313748 -0.019585626539525385 0.012056517479664526 -0.033904900704753209 -0.017872128864793717 -0.018145959631286384 -0.00010738925426021814 -0.001867288043399574 0.015441898357152791 -0.023246475293097302 0.043613324141582567 0.017202603111276478 0.00027708262167621588 -0.0024898893881656848 0.0014550137237702174 0.0050479082053353662 0.084696783648173721 0.0027544798249055711 0.022765747612465782 -0.010984067254834674 0.0091348903157482311 0.00073422479890622352 -0.001895757762899411 -0.0047464933899359863 0.0037208651239941395 0.012521526632959934 0.0028079212470657543 0.061542177016253148 -0.00088943264861891748
decision_type=2 2 2 2 2 2 2 2 2 2 2 2 2 2 2 2 2 2 2 2 2 2 2 2 2 2 2 2 2 2
left_child=10 -2 3 8 -4 6 -6 -7 -3 -8 11 13 -13 -1 19 17 29 20 -18 23 21 22 -16 -12 25 26 -25 -19 -15 -17
right_child=1 2 4 -5 5 7 9 -9 -10 -11 14 12 -14 28 15 16 18 27 -20 -21 -22 -23 -24 24 -26 -27 -28 -29 -30 -31
leaf_value=-0.0020764059925004264 -0.0098416735490398678 -0.0061794661402959257 -0.0094736007388767814 0.01269562568437929 0.011459341134522455 -0.0080316825643560654 -0.0045445941832093972 -0.00058865786405935458 0.007043707605806135 0.0067771912552416326 0.0025202275124891322 0.0039452313569434466 0.018887634380635891 0.0092986498886602938 0.015266544392943615 -0.0024467679426786217 0.0026415432924598767 -0.011551983051467688 0.013489671811765556 -0.0056783204631222087 -0.0016815255358233118 -0.004099932723329403 0.0026282967673614622 0.01556621559319042 -0.0059776423307060199 -0.0059185923717450352 0.00042019045155029751 0.00063978075408018551 -0.0011774411387806241 0.0049211380257474964
leaf_weight=129 29 29 43 24 27 59 42 113 21 25 158 62 22 48 33 85 48 40 49 126 160 32 30 21 111 32 20 26 36 80
leaf_count=129 29 29 43 24 27 59 42 113 21 25 158 62 22 48 33 85 48 40 49 126 160 32 30 21 111 32 20 26 36 80
internal_value=-6.92828e-12 -0.00163057 -0.00100884 0.00369471 -0.00213525 -0.00094898 0.00306339 -0.00314179 -0.000625733 -0.000320047 0.000498363 0.00268089 0.00785872 0.000638925 -0.000118392 0.00121863 0.00371566 -0.000819446 0.00812153 -0.00178396 0.000715306 0.00475207 0.00924833 -0.00034919 -0.00281315 0.00199862 0.00817791 -0.00674917 0.0048089 0.00112555
internal_weight=1760 412 383 74 309 266 94 172 50 67 1348 297 84 213 1051 583 262 321 97 468 255 95 63 342 184 73 41 66 84 165
internal_count=1760 412 383 74 309 266 94 172 50 67 1348 297 84 213 1051 583 262 321 97 468 255 95 63 342 184 73 41 66 84 165
is_linear=0
shrinkage=0.05


Tree=94
num_leaves=31
num_cat=0
split_feature=300 313 189 312 244 278 106 266 124 2 229 210 327 328 269 111 168 0 203 242 270 189 231 117 186 328 137 126 148 104
split_gain=0.550522 0.821911 1.37371 1.16845 0.848776 1.23591 1.17252 1.10065 1.17019 0.91585 1.41922 1.1766 0.845107 0.820486 1.0241 0.789197 0.914611 1.28194 1.02935 0.807902 0.770977 0.764267 1.01488 0.863074 0.983136 0.806643 0.806604 0.737981 0.715259 0.797738
threshold=-0.041961587811409164 0.04778761761267248 0.018967288201810286 -0.025655051093819041 0.003269046450515253 -0.045557693005746129 0.10422843662718799 0.059547624211814656 -0.0049102104377362335 5.7087686410618739 0.016988863445952882 0.020110149097380913 -0.049306727231148602 0.019720243639426756 0.023546878154167401 0.00060443561979104689 0.0089165798799519021 5.9335696915338003 -0.020936734170211562 0.0030879360211140679 0.0070176000378368011 -0.0068659273592705881 0.044717131132985852 0.011071227225448949 -0.00031468857586602889 0.0038035752920447547 0.0016682735831541724 -0.0044294916192093086 0.047602202095940231 -0.013540366555807329
decision_type=2 2 2 2 2 2 2 2 2 2 2 2 2 2 2 2 2 2 2 2 2 2 2 2 2 2 2 2 2 2
left_child=13 4 3 -3 5 7 9 8 -2 11 -11 12 -7 14 -1 16 18 19 -6 -18 -15 -17 23 24 -23 27 -26 -25 29 -14
right_child=1 2 -4 -5 15 6 -8 -9 -10 10 -12 -13 28 20 -16 21 17 -19 -20 -21 -22 22 -24 25 26 -27 -28 -29 -30 -31
leaf_value=-0.0066178774620970346 0.018591839030546987 0.012662447728216647 0.016286458449903878 -0.00090192683757730314 0.0043989166989922522 -0.0072029858176859141 0.011216320341918619 -0.004000142067670822 0.005047354732120697 0.016754567790776494 -0.0018561244188320071 -0.011589763188005789 0.0023980536204383732 -0.003416644668738757 0.003140264017773526 -0.0034615265089087189 -0.0066066773048226671 0.011004951073909584 -0.0064247836606951374 0.0026724910414446237 0.0080294404043665824 -0.0065468195735950739 0.011998391949632408 0.0084535095794126391 0.009693729811503243 0.011495749951051229 -0.0026980482876814648 -0.0039459276733881171 0.008196256482707602 -0.0014822461261781797
leaf_weight=116 23 20 20 77 25 39 24 20 52 20 21 23 215 28 35 88 49 23 181 45 31 57 23 20 24 29 29 30 28 345
leaf_count=116 23 20 20 77 25 39 24 20 52 20 21 23 215 28 35 88 49 23 181 45 31 57 23 20 24 29 29 30 28 345
internal_value=-3.58558e-12 0.000325495 0.00435496 0.00189485 -3.49743e-06 0.0010637 0.000351784 0.00642181 0.009201 -2.55665e-05 0.00722226 -0.000482737 -7.53025e-05 -0.00240247 -0.00435606 -0.00139103 -0.00310608 0.000424349 -0.00511123 -0.00216452 0.0025974 0.000455517 0.00208146 0.000874638 -0.00198875 0.00486163 0.00291332 0.00101385 0.000397452 7.51181e-06
internal_weight=1760 1550 117 97 1433 810 715 95 75 691 41 650 627 210 151 623 323 117 206 94 59 300 212 189 110 79 53 50 588 560
internal_count=1760 1550 117 97 1433 810 715 95 75 691 41 650 627 210 151 623 323 117 206 94 59 300 212 189 110 79 53 50 588 560
is_linear=0
shrinkage=0.05


Tree=95
num_leaves=31
num_cat=0
split_feature=234 117 313 308 159 176 241 244 174 293 105 325 85 263 122 95 278 229 269 106 187 231 188 215 281 97 117 258 313 273
split_gain=0.537169 0.555857 1.04853 1.78079 0.842979 0.889998 1.10553 1.24787 1.60491 1.48655 1.08303 1.0529 1.03287 1.01078 0.991872 1.05152 0.877019 0.866041 0.809396 0.940937 1.08417 0.925735 0.905777 0.896544 1.01946 1.33915 1.04127 0.96208 0.919657 1.16202
threshold=0.17176213132988413 0.011071227225448949 0.045667046107738175 -0.012922293864600981 -0.03075123534711011 0.010878093862804906 0.00049774046436975477 0.0062647443571822829 -0.0022333994518454648 0.00017233485057915809 -0.014143087376448109 0.0015392329761850564 0.14634166625611295 0.0007191707055685478 0.0039152920568694518 0.0051248831922084672 0.018478533058575181 -0.011058845437317855 0.021832849910197655 -0.021789737433390223 0.00047416977669909835 0.0077663915296341639 -0.0034234453818551328 0.021035527665445353 -0.040145668122448117 -0.011541673310868901 -0.047056198728179587 -0.0019127855836328343 -0.023172074934624993 0.020502417637947832
decision_type=2 2 2 2 2 2 2 2 2 2 2 2 2 2 2 2 2 2 2 2 2 2 2 2 2 2 2 2 2 2
left_child=1 18 4 -4 16 6 7 8 9 -6 -7 13 17 -10 15 -12 -3 -8 23 -20 21 -21 -22 24 25 -1 27 -26 29 -28
right_child=-2 2 3 -5 5 10 12 -9 11 -11 14 -13 -14 -15 -16 -17 -18 -19 19 20 22 -23 -24 -25 26 -27 28 -29 -30 -31
leaf_value=0.010036114853573964 -0.0074291388504207139 -3.4105330864390871e-05 -0.0017846442467998715 0.016093517700210214 0.0075127421654070971 -0.0060422633829006513 -0.0038253429154348042 0.00017140474575128232 0.0055793808189452555 0.025250108535623268 0.014433818997349591 0.010588521991989444 -0.0087731177618186312 -0.0084563847631216049 -0.0032136850328081182 -0.0008865514637104102 -0.011353816780527789 0.0051428426719103849 -0.0019051291338162476 0.0044969715488453708 0.0015468136340911901 -0.008431548613589258 0.014485944371278349 0.003680414301469496 0.0052268678297599167 -0.0019874793985350568 0.0034548234194517139 -0.002609015393593326 -0.0045749887123514854 -0.0079912422046375785
leaf_weight=40 24 44 26 30 27 77 45 84 29 21 24 35 31 23 45 21 28 67 83 45 21 20 38 83 75 55 85 82 422 30
leaf_count=40 24 44 26 30 27 77 45 84 29 21 24 35 31 23 45 21 28 67 83 45 21 20 38 83 75 55 85 82 422 30
internal_value=-9.45668e-13 0.000102707 0.00124929 0.00779294 0.000639563 0.00133041 0.00272337 0.00495615 0.00793333 0.0152728 -0.00168908 0.00388395 -0.00069606 -0.000628746 0.00203531 0.00728431 -0.00443622 0.00153955 -0.000595443 0.00221525 0.00497324 0.000518965 0.00988049 -0.00126266 -0.00178265 0.00307509 -0.00244762 0.00113424 -0.00349483 0.000468893
internal_weight=1760 1736 657 56 601 529 362 219 135 48 167 87 143 52 90 45 72 112 1079 207 124 65 59 872 789 95 694 157 537 115
internal_count=1760 1736 657 56 601 529 362 219 135 48 167 87 143 52 90 45 72 112 1079 207 124 65 59 872 789 95 694 157 537 115
is_linear=0
shrinkage=0.05


Tree=96
num_leaves=31
num_cat=0
split_feature=182 230 283 292 128 85 139 256 166 114 122 272 0 163 256 227 21 330 134 282 208 314 84 331 222 286 312 316 249 237
split_gain=0.526903 0.759449 0.715634 0.788306 0.972398 0.891106 0.861292 0.792292 0.737768 0.695951 0.613826 1.05169 0.928925 0.851114 0.854551 0.796467 0.780254 1.51102 1.44589 0.829611 0.910949 0.854175 1.15474 1.07336 1.46232 1.0737 1.51175 1.00569 0.988423 1.01485
threshold=0.015100954824428692 -0.072853387425313748 -0.034989476958708347 0.0090019622730444521 0.030296171781894313 0.030748611061206157 -0.0052554683191861065 -0.005473894943175313 -0.0017667695565583995 0.0069131333581253255 0.029056036403845627 -0.061709113350770686 5.3636340903656388 0.008108794800472904 -0.0051292222971684957 -0.029027029172828487 1.0000000180025095e-35 0.020746763295169095 0.0068436133346128645 -0.031070656431446787 0.02555258624499503 -0.001322799971116231 0.10343393381740475 0.00086781931300224677 -0.012978281584524702 1.0000000180025095e-35 0.0023332155298965147 0.010966194278127029 0.017963202297067788 -0.0054303600276241508
decision_type=2 2 2 2 2 2 2 2 2 2 2 2 2 2 2 2 2 2 2 2 2 2 2 2 2 2 2 2 2 2
left_child=10 -2 8 4 6 7 9 -5 -3 -4 16 -12 15 -14 -15 -13 19 18 -18 20 -1 22 -21 24 -23 26 -26 -28 29 -25
right_child=1 2 3 5 -6 -7 -8 -9 -10 -11 11 12 13 14 -16 -17 17 -19 -20 21 -22 23 -24 28 25 -27 27 -29 -30 -31
leaf_value=0.00097249873744493186 -0.0095400067944345739 -0.01115761144901626 -0.00012621190398931503 0.005483005116329878 0.011653816529239219 -0.0079295600898778781 -0.0017669204368139617 -0.0042935858902976264 -0.00072343691847183639 0.0126268586245082 0.011892032125723307 0.0038577356608584523 0.0016012263242155312 0.016646064419056413 0.0031589713762514293 -0.0046636126119101165 0.0039654466474042622 0.01380286346788385 -0.0097703240551054484 -0.0047647492428703397 0.011052181315419686 -0.0046004953014911433 0.0015640521864171584 0.0040301325007316632 0.020887185448026729 0.00098205657200632645 -7.1499998448416584e-05 0.013571024465967307 -0.0081184906252431428 -0.0040461330854890459
leaf_weight=132 28 32 20 40 24 52 100 43 36 23 27 42 100 23 24 79 82 28 25 265 27 49 99 74 21 73 35 22 53 82
leaf_count=132 28 32 20 40 24 52 100 43 36 23 27 42 100 23 24 79 82 28 25 265 27 49 99 74 21 73 35 22 53 82
internal_value=-6.48263e-12 -0.00160039 -0.000999555 4.38806e-05 0.00234068 -0.00279734 0.000777633 0.000418024 -0.00563364 0.0066952 0.000467662 0.00248638 0.00153879 0.00420951 0.00975904 -0.00170579 -9.04651e-05 0.00346214 0.000756154 -0.000605059 0.00268414 -0.00128162 -0.00304345 0.000286366 0.00290478 0.00534027 0.00941911 0.00519404 -0.0022193 -0.000215084
internal_weight=1760 398 370 302 167 135 143 83 68 43 1362 295 268 147 47 121 1067 135 107 932 159 773 364 409 200 151 78 57 209 156
internal_count=1760 398 370 302 167 135 143 83 68 43 1362 295 268 147 47 121 1067 135 107 932 159 773 364 409 200 151 78 57 209 156
is_linear=0
shrinkage=0.05


Tree=97
num_leaves=31
num_cat=0
split_feature=296 313 189 331 253 129 167 269 216 216 210 190 19 302 0 138 325 201 301 19 290 260 151 155 235 238 247 134 324 326
split_gain=0.510529 0.808812 1.64999 0.974764 0.893712 0.809594 0.799802 0.821253 1.05007 0.808473 0.801717 0.767743 1.5963 1.27114 1.19433 1.10207 1.03945 0.933968 1.16818 1.03607 0.923485 0.847467 0.87172 1.04378 0.83098 1.13439 1.05278 1.10939 0.966094 0.939961
threshold=0.033476315838810729 0.031768042878496987 0.022938910561847645 0.015811566813499035 0.005740561645258966 -0.025522986806907486 0.025963164209294173 0.0023281181085469415 -0.012255244693637358 0.056322597554021907 -0.01565095955063937 -0.0086678712510797878 17.708333333333339 0.00095547977627259326 3.7726948748059121 0.00872779015447263 0.060584508072544251 0.0076499245991531678 -0.008162304967766508 10.881944444444446 0.017912455401604164 0.027862205468821236 -0.0051365839886921682 1.0000000180025095e-35 -0.0063667583711305006 -0.032555558272043213 -0.037930732078041506 0.012338490104814167 0.0065617212080474495 -0.0046184345555456184
decision_type=2 2 2 2 2 2 2 2 2 2 2 2 2 2 2 2 2 2 2 2 2 2 2 2 2 2 2 2 2 2
left_child=1 11 4 -4 5 -3 7 8 -2 -10 -8 12 15 -14 -13 17 20 18 -1 -20 24 22 23 -22 25 28 29 -28 -16 -27
right_child=6 2 3 -5 -6 -7 10 -9 9 -11 -12 14 13 -15 16 -17 -18 -19 19 -21 21 -23 -24 -25 -26 26 27 -29 -30 -31
leaf_value=-0.0065943764795253924 -0.00039678942489748204 -0.0027765289414674044 0.0045428430859465151 0.02015344913117588 -0.0031117863422165299 0.0066169269417177589 -0.001953716770124932 0.00021791076287627222 -0.012525867075393243 -0.0021202163205349019 0.011423676948817005 -0.011465328788528076 0.017802529322216289 0.0016658692276510208 -0.0031175359545159154 -0.0031466740919882811 -0.010844339395407588 0.0074049448161127261 -0.0011473296677323584 0.011459074417195682 0.0036319588361793456 -0.0044728765877693694 0.0010928165992094285 0.01611729584132823 0.00011461384165062973 0.0080921182408928878 -0.01199977082386613 -0.0020693825379324458 0.010316986633140755 -0.0059504820893590271
leaf_weight=41 60 32 20 20 74 81 24 115 56 28 21 26 26 23 32 123 24 72 39 28 47 37 115 26 379 22 75 45 23 26
leaf_count=41 60 32 20 20 74 81 24 115 56 28 21 26 26 23 32 123 24 72 39 28 47 37 115 26 379 22 75 45 23 26
internal_value=5.69261e-12 0.000389117 0.00313117 0.0123481 0.00115963 0.00395683 -0.00186367 -0.00293267 -0.00544876 -0.00905732 0.00428907 -0.000117349 0.00185521 0.0102282 -0.000909072 0.000501168 -0.000586554 0.00299386 5.3137e-05 0.00412102 -0.000288868 0.00244413 0.00380546 0.00807879 -0.00131034 -0.00373211 -0.00577257 -0.00827588 0.00250054 0.00048571
internal_weight=1760 1456 227 40 187 113 304 259 144 84 45 1229 352 49 877 303 851 180 108 67 827 225 188 73 602 223 168 120 55 48
internal_count=1760 1456 227 40 187 113 304 259 144 84 45 1229 352 49 877 303 851 180 108 67 827 225 188 73 602 223 168 120 55 48
is_linear=0
shrinkage=0.05


Tree=98
num_leaves=31
num_cat=0
split_feature=241 137 244 56 96 222 281 84 280 145 198 336 143 280 279 1 322 9 284 290 90 290 312 180 172 333 154 86 313 273
split_gain=0.501687 0.778332 0.523578 1.34491 1.93935 1.01418 1.1337 1.06177 0.965774 1.00801 0.882354 0.795912 0.787029 0.954973 0.909394 0.914664 0.832826 0.893669 0.767968 0.859881 0.767568 0.738568 0.727874 0.679772 0.81581 1.24772 0.976663 0.952359 0.992406 0.868551
threshold=0.12661493437271712 -0.088835043470522804 0.003269046450515253 1.0000000180025095e-35 -0.013789579785471075 0.0056671023009632294 -0.018460886523689997 0.31169920526964517 0.03696816807482424 -0.058212682330719349 -0.01264815994497211 -0.0044706281453185314 0.0022612051699018925 0.013275789268041285 -0.0044060714353650028 3.9019216517693867 -0.015327035999085052 0.021655324909747295 0.039768297550611571 -0.032021367207605754 0.0053050907897168832 0.0013109778730218673 0.0023332155298965147 0.031845019853005009 -0.017519421418657984 -0.02529913833238235 -0.0017263198721033108 -0.0012188913403930887 0.0063141830627642037 -0.012009216199099042
decision_type=2 2 2 2 2 2 2 2 2 2 2 2 2 2 2 2 2 2 2 2 2 2 2 2 2 2 2 2 2 2
left_child=1 -1 3 5 -5 7 20 8 9 -3 -8 -12 18 14 15 -14 -16 -18 19 -11 21 -7 -21 24 25 -4 -27 -26 -29 -28
right_child=-2 2 23 4 -6 6 10 -9 -10 12 11 -13 13 -15 16 -17 17 -19 -20 22 -22 -23 -24 -25 27 26 29 28 -30 -31
leaf_value=0.0088694998752325768 -0.0064105076249203795 -0.0083109532624645079 0.010944554957354235 -0.0011121372692286969 0.018582302857190369 -0.0055947163359037246 -0.010632292817463168 0.0099261305614241537 -0.0034332822551679555 -0.0069537926369752645 -0.0060167082520875053 0.00065310602076351643 -0.00041944790088261171 0.012091122254276195 -0.0079940617345273506 0.011715093839236281 0.0078136443781356025 -0.004803733570177271 0.0094097073225977677 0.0037867228344776269 0.010552585747791455 0.0062629322977348538 -0.0021982507805780069 -0.0059429717905004516 0.00062336139491220061 0.0056247569756900399 -0.011627977741106105 -0.00084082110075517586 -0.0070084121347965024 0.0016885217018425464
leaf_weight=25 30 23 36 25 25 29 40 35 103 39 83 97 24 37 25 44 36 23 23 115 24 24 91 64 285 41 24 149 116 25
leaf_count=25 30 23 36 25 25 29 40 35 103 39 83 97 24 37 25 44 36 23 23 115 24 24 91 64 285 41 24 149 116 25
internal_value=7.84232e-12 0.000111165 -1.72565e-05 0.000750018 0.00873508 0.000313676 -0.00208755 0.00146766 0.000959863 0.00190256 -0.00391512 -0.00242242 0.00241659 0.00488742 0.00313389 0.00743231 -0.000345788 0.00289501 0.000674096 -0.000145982 0.0031341 -0.000225215 0.00114288 -0.00101782 -0.000551538 0.00307747 -6.9371e-05 -0.00138291 -0.0035406 -0.00483385
internal_weight=1760 1730 1705 965 50 915 297 618 583 480 220 180 457 189 152 68 84 59 268 245 77 53 206 740 676 126 90 550 265 49
internal_count=1760 1730 1705 965 50 915 297 618 583 480 220 180 457 189 152 68 84 59 268 245 77 53 206 740 676 126 90 550 265 49
is_linear=0
shrinkage=0.05


Tree=99
num_leaves=31
num_cat=0
split_feature=277 328 141 299 300 287 186 92 165 156 328 115 280 325 97 202 9 124 324 201 250 139 214 249 322 0 118 239 280 240
split_gain=0.480107 0.522176 0.705975 0.63138 0.637763 0.779159 1.10005 1.58832 0.962081 0.902182 1.07098 0.871097 0.711789 0.786027 0.750326 0.708698 1.25884 1.27876 1.02164 1.46034 1.07796 1.28483 1.23138 0.89342 0.796823 0.772298 0.955147 1.05213 1.05447 1.10337
threshold=-0.086563453670816456 0.064275192165725442 -0.0022742950651805948 0.079651220376015422 -0.041961587811409164 -0.023246475293097302 -0.0071910645446335072 0.017077374649307378 -0.001343448609081951 0.0447082010646924 -0.0023112517682040133 -0.0030365887109620655 0.0058429972454597289 0.023408335376732346 -0.014870062208419074 -0.0057067302649817736 0.018205492424242426 0.00063114535699256545 0.029855904863373972 0.013224048353685781 -0.021496572406453456 -0.022639337339448899 -0.041434421578167034 0.0066213267575219023 -0.012961054041342301 3.7726948748059121 -0.01740751652723577 -0.010265838507891751 0.040629159767835675 0.0097369287229021693
decision_type=2 2 2 2 2 2 2 2 2 2 2 2 2 2 2 2 2 2 2 2 2 2 2 2 2 2 2 2 2 2
left_child=-1 3 -3 4 12 6 7 -6 -8 15 -11 -10 13 -2 -14 16 17 24 20 -20 21 -17 -23 -24 -7 -22 -27 -28 29 -29
right_child=1 2 -4 -5 5 9 8 -9 11 10 -12 -13 14 -15 -16 18 -18 -19 19 -21 25 22 23 -25 -26 26 27 28 -30 -31
leaf_value=-0.0048798850960839468 0.0027124131760501769 -0.0015473337005823852 0.01105601241439581 0.0069517023395746953 0.00084210266849320194 0.013775234903289897 -0.0033629279088174752 0.015717693275826821 -0.0007578509146064197 0.011278704525902869 -7.9030764754861604e-05 0.0070266229491680867 -0.00023494735489495928 -0.0082815486405576986 -0.0093946110772884506 -0.0048643009094842555 -0.0049564246836495511 -0.0037550641672550555 -0.0087007909686540926 0.0050726320266861608 -0.0094642682932317267 0.016735033728182316 0.0092289416367471542 -0.00052234993442349764 0.0020956532214768233 0.0053656138891150082 -0.0047732614470521548 0.00023811340221555489 -0.010122134513803758 0.0090825091018666357
leaf_weight=49 72 20 25 32 38 23 87 34 69 35 51 75 36 21 59 29 217 62 67 27 22 25 46 48 40 73 119 196 20 43
leaf_count=49 72 20 25 32 38 23 87 34 69 35 51 75 36 21 59 29 217 62 67 27 22 25 46 48 40 73 119 196 20 43
internal_value=-1.03486e-11 0.000139751 0.00545453 -3.80509e-06 -0.000140021 0.000216158 0.0024704 0.00786669 0.000788443 -0.000381423 0.0045433 0.00329656 -0.00287957 0.000229906 -0.00592358 -0.00078211 -0.0026541 0.00134274 0.000113302 -0.0047446 0.000848636 0.00457277 0.00687256 0.00424956 0.00635963 -0.000316632 0.000129595 -0.000881594 0.000906469 0.00182936
internal_weight=1760 1711 45 1666 1634 1446 303 72 231 1143 86 144 188 93 95 1057 342 125 715 94 621 148 119 94 63 473 451 378 259 239
internal_count=1760 1711 45 1666 1634 1446 303 72 231 1143 86 144 188 93 95 1057 342 125 715 94 621 148 119 94 63 473 451 378 259 239
is_linear=0
shrinkage=0.05


Tree=100
num_leaves=31
num_cat=0
split_feature=321 325 273 336 197 128 125 334 267 265 286 182 136 99 128 326 185 275 272 210 207 157 126 190 83 128 253 166 193 232
split_gain=0.464945 0.636792 0.716647 0.644581 0.613605 1.25457 0.901027 0.874321 0.863406 0.861194 0.825584 0.826003 0.824673 0.785366 0.746952 0.706704 0.703257 0.703547 0.676949 0.704025 0.638579 0.615376 0.60765 0.584283 0.801253 0.770222 0.897783 0.86165 0.98036 1.34374
threshold=-0.053555943171937868 -0.064647807762256107 0.012544087520704938 -0.054540084819807516 -0.018827179878072309 0.053256651778482184 0.034107812277296139 -0.010326357262672526 0.055249076545658339 -0.0299912809565645 0.041516521493515035 -0.0024794200048476622 0.074054373501672988 -0.0092532116500622513 0.013384320459761607 0.013229325089558592 -0.01408095735940665 0.0033477501112306458 0.040774115543964366 0.0064835223260007189 0.0033200932406054844 -0.0066856199678506584 0.0060458787727684666 0.0085139677119011829 0.20389391732360021 0.010830548692954972 0.058982416788628256 0.036731697838660565 -0.0041181129741449827 0.0025018669551909543
decision_type=2 2 2 2 2 2 2 2 2 2 2 2 2 2 2 2 2 2 2 2 2 2 2 2 2 2 2 2 2 2
left_child=22 2 -2 -3 5 7 8 16 12 13 11 20 23 -8 21 -13 17 -5 19 -9 -11 -10 -1 25 -25 27 -27 28 29 -6
right_child=1 3 -4 4 6 -7 9 18 14 10 -12 15 -14 -15 -16 -17 -18 -19 -20 -21 -22 -23 -24 24 -26 26 -28 -29 -30 -31
leaf_value=-0.0059949711815341184 0.011278864869382232 -0.004983156644401231 -0.00059576664449802294 0.016502092392849072 0.011012566767564916 0.012577623535913449 0.0088351615909487008 -0.00066111534327252986 0.0071830563289536674 0.0011306043093403182 0.0023223633155794233 -0.013340573301180625 -0.010084132400806994 -0.0039672819411625034 0.011845785305546277 -0.0022810039483010768 0.0009046479239172879 0.0033986989263939909 0.0066268584296966977 -0.01037256511520933 -0.0095479737737193884 -0.0049351583840325473 0.0031582809893880045 -0.00061430662675194712 -0.0080378136451377778 -0.0024884803150330586 0.0073689045169605663 -0.0053968823727752486 0.0011719234578232646 0.0007541872490727311
leaf_weight=66 27 62 24 21 71 27 25 123 22 42 32 52 20 23 29 20 42 20 26 22 21 20 25 235 43 207 26 35 294 58
leaf_count=66 27 62 24 21 71 27 25 123 22 42 32 52 20 23 29 20 42 20 26 22 21 20 25 235 43 207 26 35 294 58
internal_value=8.92834e-12 0.000189761 0.0056908 1.6366e-05 0.000215576 0.00233058 -0.000250555 0.00124133 0.000348063 -0.00320188 -0.00489842 -0.00661001 -3.4282e-05 0.00270066 0.00567397 -0.0102685 0.00545197 0.0101102 -0.000802429 -0.00213458 -0.00242892 0.00141248 -0.00348034 0.000173145 -0.00176255 0.000951904 -0.00138851 0.00214255 0.00276638 0.00640027
internal_weight=1760 1669 51 1618 1556 281 1275 254 1060 215 167 135 989 48 71 72 83 41 171 145 63 42 91 969 278 691 233 458 423 129
internal_count=1760 1669 51 1618 1556 281 1275 254 1060 215 167 135 989 48 71 72 83 41 171 145 63 42 91 969 278 691 233 458 423 129
is_linear=0
shrinkage=0.05


Tree=101
num_leaves=31
num_cat=0
split_feature=259 293 185 203 117 191 233 245 217 167 200 257 181 90 273 280 312 92 312 206 314 308 82 201 326 201 325 104 131 206
split_gain=0.457252 0.923732 0.915046 0.981351 1.06209 1.33613 1.08204 1.03286 0.999222 0.911335 0.997477 1.12033 0.841013 1.1947 0.811803 0.967823 0.936679 0.903806 0.894381 0.871854 0.874157 0.828456 0.810979 0.807284 0.90252 0.771497 0.745206 0.927988 0.740497 0.795444
threshold=0.0017583370490700662 -0.016525637850667577 -0.015717689730216186 0.007298599576280396 0.011846098835277735 -0.0092813628115237124 0.0015243806850601491 0.028370983472844138 -0.0056708542580040091 0.0042579252322285342 -0.0048881590977613723 0.014640329643716752 -0.0050375103774204563 -0.012266529182546278 -0.031398129588234215 -0.00038975883527483978 -0.027212921171817187 0.10979835442495448 0.00090706389515376378 0.0061840755324045144 -0.009087281280977539 -0.0052756882053370856 -0.080650878310065691 0.00021383561043647619 -0.0082881350099392945 -0.015661240023575895 -0.0094382323274968313 -0.0005194390260042657 0.022169731929941365 -0.010468495261647627
decision_type=2 2 2 2 2 2 2 2 2 2 2 2 2 2 2 2 2 2 2 2 2 2 2 2 2 2 2 2 2 2
left_child=1 9 12 4 6 -6 -4 -8 -7 28 11 -11 -3 -14 16 19 -2 18 23 20 -16 -20 -5 25 -25 -17 -22 -28 29 -1
right_child=14 2 3 22 5 8 7 -9 -10 10 -12 -13 13 -15 15 17 -18 -19 21 -21 26 -23 -24 24 -26 -27 27 -29 -30 -31
leaf_value=-0.014638415151275695 0.012410470465838444 0.0002085526400294743 0.0029402021968004798 -0.006957648898442758 0.018144328016787767 -0.002803340152438198 -0.0080431887604020258 0.005258102244697512 0.0077637881189378186 0.013741349068004638 -0.002248622784289815 -0.00082103406265377995 0.017904738473813409 0.0042035396915020016 -0.0022679787909146397 -0.0044968857119480768 0.00091717726676366653 0.0069727932102978231 -0.005799268621233972 -0.0030004648253184243 0.0096279975104456156 0.00097148098771115119 0.00050185728884701226 0.0045792767330287741 -0.0072212663912322632 -0.014137334449927095 -0.0023048964173843461 0.0077430712385103103 0.0040979956795733109 -0.0038549521626210061
leaf_weight=20 20 38 150 58 20 35 54 20 62 28 69 25 26 41 70 36 156 20 74 122 48 116 98 26 43 49 54 40 24 118
leaf_count=20 20 38 150 58 20 35 54 20 62 28 69 25 26 41 70 36 156 20 74 122 48 116 98 26 43 49 54 40 24 118
internal_value=2.26319e-12 0.000800443 0.00190933 0.00101333 0.00251608 0.00637713 0.000499376 -0.00444825 0.00395091 -0.00155008 0.00171375 0.0068723 0.00615041 0.00952042 -0.000811433 -0.00157662 0.00222323 -0.00336008 -0.00396083 0.000367027 0.00230492 -0.00166555 -0.00227155 -0.00679267 -0.00277468 -0.0100543 0.00455917 0.00197083 -0.00400803 -0.00541777
internal_weight=1760 886 602 497 341 117 224 74 97 284 122 53 105 67 874 698 176 364 344 334 212 190 156 154 69 85 142 94 162 138
internal_count=1760 886 602 497 341 117 224 74 97 284 122 53 105 67 874 698 176 364 344 334 212 190 156 154 69 85 142 94 162 138
is_linear=0
shrinkage=0.05


Tree=102
num_leaves=31
num_cat=0
split_feature=147 185 9 1 259 325 290 145 163 11 298 153 144 282 159 150 251 151 283 174 271 275 181 265 151 290 281 316 227 195
split_gain=0.443871 0.888905 1.19776 1.15216 1.07495 0.953563 1.26884 0.906431 0.83842 0.824008 1.09921 0.823928 0.809328 0.80505 0.800133 0.798252 0.878621 0.959109 0.901292 1.44529 0.830354 0.779068 1.32362 0.778181 0.972794 0.763088 0.853627 0.759965 0.713483 0.87279
threshold=0.00097922595535264857 -0.015717689730216186 0.024987440792306592 8.969795909612353 0.016192691369473902 0.024690716844406158 -0.013310822329719139 0.01116963212817056 -0.0045145553012692794 4.2366316841579215 -0.0016347701577662107 0.040052762559946116 0.018955703580269684 -0.031630247830786919 0.0057901029437969175 -0.0094713120801432297 -0.0010262554815583149 0.013946194817023026 -0.02276746636022622 -0.029699756948210098 -0.068992725243990541 -0.029876866049912524 -0.0092244534097475437 -0.0023845453749026949 0.0060323862460295299 -0.05562011819683383 -0.055692302540776735 -0.010747875940600409 0.0056541866025487846 -0.0036190765134568323
decision_type=2 2 2 2 2 2 2 2 2 2 2 2 2 2 2 2 2 2 2 2 2 2 2 2 2 2 2 2 2 2
left_child=1 4 3 7 5 6 -1 8 13 15 -11 -4 -6 -3 -8 16 18 -18 -2 -20 -17 22 -22 -10 -25 -23 -27 -21 -9 -30
right_child=9 2 11 -5 12 -7 14 28 23 10 -12 -13 -14 -15 -16 20 17 -19 19 27 21 25 -24 24 -26 26 -28 -29 29 -31
leaf_value=0.016746105393394828 -0.0056404873169958597 0.0030414531869744814 -0.0050437356674736958 0.010066771089892698 -0.0054058753802349348 -0.0022050831587083881 0.0088861548424119981 -0.0018382381962461247 -0.0026850536658723908 0.015392718548801813 6.8508445052430038e-05 0.0041466660430025384 0.0060765240784911891 -0.0065445704353523666 -0.0031909981858916584 -0.0058248855086276315 -0.00772338843724521 0.00079062335140440824 0.015314121162962347 0.0068457655924638473 0.014575188546892135 -0.0073895509596914061 0.002137314802899525 0.0095755454420577736 -0.0024519723743714138 0.010965964345909331 0.001039346520429053 -0.0036914959883275022 0.00016719260423157651 0.012416378771321792
leaf_weight=28 35 27 252 27 57 31 32 37 82 22 25 27 21 116 24 36 88 53 21 28 31 25 69 40 29 23 371 44 26 33
leaf_count=28 35 27 252 27 57 31 32 37 82 22 25 27 21 116 24 36 88 53 21 28 31 25 69 40 29 23 371 44 26 33
internal_value=8.45029e-13 -0.00078596 -0.00161853 7.8093e-05 0.00221647 0.00528962 0.00805552 -0.000613431 -0.00199085 0.000802202 0.00724154 -0.00415434 -0.00231446 -0.00473462 0.00371023 0.00043491 -0.00180045 -0.00452309 0.00119871 0.0037726 0.00151835 0.00202771 0.00599306 0.000607551 0.0045205 0.00108133 0.00161882 0.000406328 0.00360492 0.00701843
internal_weight=1760 889 696 417 193 115 84 390 294 871 47 279 78 143 56 824 269 141 128 93 555 519 100 151 69 419 394 72 96 59
internal_count=1760 889 696 417 193 115 84 390 294 871 47 279 78 143 56 824 269 141 128 93 555 519 100 151 69 419 394 72 96 59
is_linear=0
shrinkage=0.05


Tree=103
num_leaves=31
num_cat=0
split_feature=182 230 329 329 298 182 283 216 223 330 311 322 200 315 308 147 205 281 322 326 334 303 240 310 91 281 267 11 200 260
split_gain=0.441298 0.618987 0.611377 1.46431 1.00675 0.974528 0.793828 0.772639 0.681603 0.606303 0.519323 0.555515 0.709781 1.06814 1.67239 0.993761 0.861768 0.853011 0.816867 0.913725 1.33462 0.786292 0.771874 0.746254 0.836278 0.780373 0.670194 0.882742 0.740871 0.72159
threshold=0.015100954824428692 -0.072853387425313748 -0.017872128864793717 -0.024394934842097947 -0.0033359164200163455 0.035578360020899945 -0.049905911077852617 -0.011313116789064475 0.06036237318050134 -0.0015726894011308006 -0.070056028264700809 0.01918741018314599 0.0015108990434059731 0.022811802382586972 0.014251634249949177 0.012694944349264789 0.034411077997283789 0.04194958955940669 -0.013178608073635713 0.013462954949637493 -0.0028188861130810827 -0.013517815215215502 0.0013748580503595159 -0.015658814108162198 0.046278605489906498 0.014257341908853404 -0.02228305416115375 3.8325082508250827 0.0028693291566721773 0.019236464702982164
decision_type=2 2 2 2 2 2 2 2 2 2 2 2 2 2 2 2 2 2 2 2 2 2 2 2 2 2 2 2 2 2
left_child=10 -2 3 4 9 -6 -4 -8 -9 -3 -1 12 13 18 15 -15 17 -14 23 21 -21 22 -20 25 -25 -12 28 29 -13 -28
right_child=1 2 6 -5 5 -7 7 8 -10 -11 11 26 16 14 -16 -17 -18 -19 19 20 -22 -23 -24 24 -26 -27 27 -29 -30 -31
leaf_value=0.006933651872289677 -0.0086325124745988951 -0.001841365160154445 -0.0097363671040511697 0.014299808400683107 -0.011197508637172482 0.0018961810472386854 0.0019909412808027408 -0.006055495188468033 0.0035892280709484354 0.0092358274214590589 -0.00062946624654744356 -0.0026464077614007462 -0.00053319629788206905 -0.0016098143266780034 0.016121291235322133 0.011181957075711001 0.0072322388546484893 -0.0088775358369192949 0.00035002702928107723 0.015281027014697753 0.0013819979838071725 -0.0005021673056827702 0.013303739735451731 -0.0028919844223357933 0.0060397847951389853 -0.014104636098173532 -0.0036818408635003069 -0.011114682003470331 0.0081992484410875477 0.0031427216491903423
leaf_weight=30 28 21 32 20 30 27 97 90 23 30 21 31 426 49 32 22 33 33 23 31 39 179 23 76 40 22 137 29 32 54
leaf_count=30 28 21 32 20 30 27 97 90 23 30 21 31 426 49 32 22 33 33 23 31 39 179 23 76 40 22 137 29 32 54
internal_value=-9.64643e-12 -0.00146463 -0.000922191 0.00187245 -0.000428909 -0.00499523 -0.00240035 -0.00128248 -0.00409241 0.00467463 0.000427989 0.000281465 0.000811826 0.00203419 0.0066311 0.00235383 -0.000572025 -0.00113312 0.000991274 0.00254833 0.00753728 0.000996216 0.00682688 -0.00189761 0.000187936 -0.00752374 -0.00168443 -0.0029865 0.0028625 -0.00175238
internal_weight=1760 398 370 128 108 57 242 210 113 51 1362 1332 1049 557 103 71 492 459 454 295 70 225 46 159 116 43 283 220 63 191
internal_count=1760 398 370 128 108 57 242 210 113 51 1362 1332 1049 557 103 71 492 459 454 295 70 225 46 159 116 43 283 220 63 191
is_linear=0
shrinkage=0.05


Tree=104
num_leaves=31
num_cat=0
split_feature=174 237 174 323 268 198 279 245 205 222 308 297 300 277 266 194 245 325 229 0 264 270 88 256 196 305 1 313 325 210
split_gain=0.419341 0.581713 0.57437 0.695726 0.510304 0.460828 0.811092 1.1713 0.847757 1.0082 0.834661 0.751899 0.712047 0.834623 0.679187 0.6747 0.588226 0.585979 0.956039 0.90279 0.789468 0.901248 1.35019 0.853553 0.913389 0.977991 0.963865 0.835497 0.779348 0.731989
threshold=0.063746580311001874 -0.008680993526157978 0.041841361844116805 0.030313940010184424 -0.0078261006829170535 -0.016200222988513067 -0.013108207924716711 -0.027859423646124891 -0.0072944788656787215 0.014011294310624745 -0.0035209371070436288 0.014619162749269875 0.070259500485752288 0.0090866143403783763 -0.0032780489758369902 0.010734040267919217 -0.0023356529185349774 0.024393454772971439 0.013308071081080047 4.7405652883788738 -0.0073323435927229114 0.0025154823280835871 0.17767721491808011 -0.036846129889306488 0.006072216860833324 -0.027847897586410496 9.007487355912172 -0.013814180352311736 -0.051269230025322222 0.0038871253441490339
decision_type=2 2 2 2 2 2 2 2 2 2 2 2 2 2 2 2 2 2 2 2 2 2 2 2 2 2 2 2 2 2
left_child=2 -2 5 4 -4 6 10 11 16 14 -1 -8 17 -14 -10 -16 -9 20 19 -19 28 23 27 -22 25 -25 -27 -23 -7 -20
right_child=1 -3 3 -5 -6 12 7 8 9 -11 -12 -13 13 -15 15 -17 -18 18 29 -21 21 22 -24 24 -26 26 -28 -29 -30 -31
leaf_value=-0.011478918437895023 0.0013745951418637891 -0.0096724746677164866 0.0069285843670368191 0.010691230571656316 -0.0020170818594289651 0.012001959790941328 0.0014614972885641639 -0.014203970087692142 -0.0018775350697388924 -0.0095949346479028471 -0.0016898105610344634 0.013564135081001691 -0.00034817087143892424 0.014096754002384844 0.0010276619205251336 0.014015159821137785 -0.0034548137425112406 -0.0090334608664979117 -0.0037417180440790054 0.0016949649615724451 0.0084327106713317345 0.00059898166616647686 0.0098414281508303267 -0.005822559973865802 -0.0037764900315975405 0.0021225413050192888 0.013642737980699166 -0.0056125909943359658 0.0018686318769107096 -0.01463633757971582
leaf_weight=38 22 26 25 27 44 20 33 20 37 20 51 21 20 20 20 20 35 23 58 133 36 79 20 35 97 197 20 172 370 21
leaf_count=38 22 26 25 27 44 20 33 20 37 20 51 21 20 20 20 20 35 23 58 133 36 79 20 35 97 197 20 172 370 21
internal_value=1.33763e-11 -0.00460923 0.000129231 0.00388673 0.0012241 -9.3987e-05 -0.00188072 -0.00015744 -0.00240466 0.000407103 -0.00586943 0.00616808 0.000305018 0.00687429 0.00300503 0.00752141 -0.0073636 9.98886e-05 -0.00215626 0.00011321 0.000606768 -0.000452368 -0.00266132 0.0011025 0.000346379 0.00193336 0.00318431 -0.00365755 0.00238829 -0.00663776
internal_weight=1760 48 1712 96 69 1616 295 206 152 97 89 54 1321 40 77 40 55 1281 235 156 1046 656 271 385 349 252 217 251 390 79
internal_count=1760 48 1712 96 69 1616 295 206 152 97 89 54 1321 40 77 40 55 1281 235 156 1046 656 271 385 349 252 217 251 390 79
is_linear=0
shrinkage=0.05


Tree=105
num_leaves=31
num_cat=0
split_feature=296 117 313 308 324 229 251 232 256 116 112 269 269 265 108 236 218 273 319 208 113 216 159 301 176 131 260 144 229 81
split_gain=0.40647 0.46653 0.863531 1.21699 0.735965 0.905601 0.724382 0.703011 1.0331 0.848564 0.741971 0.719784 0.947866 0.74347 0.691845 0.699939 0.938181 0.66819 0.923031 0.879611 0.831531 0.684407 0.664429 1.01477 0.7879 0.770233 0.690722 1.41924 0.992982 0.958217
threshold=0.089713743017367772 0.011071227225448949 0.045667046107738175 -0.012922293864600981 0.028964553023628492 0.05622510755750517 -0.012590289989483526 0.027910098856128111 -0.039603957904236826 0.061692150424249283 -0.018085895745052882 0.022743688608262876 0.0064978899981517502 0.0070829204051276852 0.054136098835693647 -0.0475993284156613 -0.0022473881883551925 0.008383767345566508 0.0068943305327818487 0.00028309493456998061 -0.0015716895726449636 0.0078894849450235477 -0.03075123534711011 0.055088223710444383 0.010878093862804906 0.0032287302397289198 0.0022347725903137786 0.0057460955665520471 0.042706702028785966 -0.43096315097928378
decision_type=2 2 2 2 2 2 2 2 2 2 2 2 2 2 2 2 2 2 2 2 2 2 2 2 2 2 2 2 2 2
left_child=1 4 22 -4 6 -6 14 8 10 11 -8 12 -10 -14 15 16 -1 19 -19 -17 -21 -20 25 24 26 -3 28 29 -24 -28
right_child=-2 2 3 -5 5 -7 7 -9 9 -11 -12 -13 13 -15 -16 17 -18 18 21 20 -22 -23 23 -25 -26 -27 27 -29 -30 -31
leaf_value=0.0013563963498121926 -0.0064624531543813653 -0.0075323830801304822 -0.00030808546321673525 0.014704210572246532 -0.0022071375535869619 -0.013480542786419393 0.013232013575642751 -0.0054196977500856822 5.6435257332587067e-05 -0.009268055896585187 0.0013776989343265694 0.0055626092554438254 -0.010685454069503717 -0.00081837728619575494 0.0086575304979787156 0.0001301724829846212 -0.011643187005234801 -0.0055917011862620719 0.0091821627649811242 0.00085469552835163018 0.01184178581096086 -0.0027587236437414376 -0.0019247911124273211 0.011247007668134757 -0.0022598600787618619 0.0037655285242098298 0.013354298361809925 -0.00074855836301848493 0.0074461614420371402 0.003310589323642644
leaf_weight=35 24 48 27 27 163 20 22 79 283 30 33 43 42 35 34 62 23 50 28 26 51 21 147 24 154 22 48 77 35 47
leaf_count=35 24 48 27 27 163 20 22 79 283 30 33 43 42 35 34 62 23 50 28 26 51 21 147 24 154 22 48 77 35 47
internal_value=4.16879e-12 8.93427e-05 0.00114105 0.00719806 -0.000549472 -0.0034392 4.00718e-05 -0.00104391 -0.000335537 -0.00115545 0.00611942 -0.000551536 -0.00128184 -0.00620042 0.00190255 0.00112664 -0.00379861 0.00232692 -0.0008123 0.00456276 0.00813186 0.00406464 0.00059773 0.00120027 0.000725626 -0.00398161 0.0020244 0.00429631 -0.000122685 0.00838531
internal_weight=1760 1736 656 54 1080 183 897 567 488 433 55 403 360 77 330 296 58 238 99 139 77 49 602 532 508 70 354 172 182 95
internal_count=1760 1736 656 54 1080 183 897 567 488 433 55 403 360 77 330 296 58 238 99 139 77 49 602 532 508 70 354 172 182 95
is_linear=0
shrinkage=0.05


Tree=106
num_leaves=31
num_cat=0
split_feature=210 324 210 303 255 56 283 1 1 192 82 272 177 275 156 322 282 174 122 172 123 194 316 185 241 143 316 126 139 226
split_gain=0.414603 1.02232 0.951258 0.742866 0.909941 0.484958 1.73134 0.689431 0.529901 0.84027 0.699583 0.663393 0.614387 0.600241 0.59949 0.597797 0.857807 0.853655 0.841625 1.46417 0.806235 0.769812 0.81876 0.992085 0.768615 0.6529 1.05171 0.741364 0.632096 0.71719
threshold=0.020398707923847934 -0.0083814587878951602 0.017276416138774311 0.0025322386552064486 -0.001829113516794448 1.0000000180025095e-35 0.0015492900652561991 7.6534920966593791 4.7405652883788738 0.011648618985615328 -0.44012571961085739 -0.0046438928485625927 -0.0047065572813205963 0.0038623210246419184 0.0024906679673134158 -0.015327035999085052 0.034581668221639959 -0.046911584237190239 -0.051998737963396456 -0.017007830745527062 -0.034274659461222941 -0.0035379948777249028 -0.0088612331965927885 -0.041648630863678968 -0.0095700054966176094 -0.007599221996664361 0.029969999521058308 0.012489362606675233 0.0029375782217626041 0.045243943770357301
decision_type=2 2 2 2 2 2 2 2 2 2 2 2 2 2 2 2 2 2 2 2 2 2 2 2 2 2 2 2 2 2
left_child=2 -2 5 4 -4 7 -7 8 10 12 -1 -11 14 -14 -10 20 18 -18 19 -17 24 25 23 -23 -12 -20 27 -27 29 -22
right_child=1 -3 3 -5 -6 6 -8 -9 9 11 15 -13 13 -15 -16 16 17 -19 21 -21 28 22 -24 -25 -26 26 -28 -29 -30 -31
leaf_value=-0.0083350692077406828 0.0046565513685345649 -0.00958988784456297 0.00045910852828196115 -0.00037004353331499982 0.013624294570514135 -0.0051141998171806338 0.015690459869801998 -0.006939799184175699 0.0038060850619028013 0.0036411763434963567 -0.003240478635832135 -0.0076616692723131142 0.010057987699192895 0.0016207107596086904 -0.004668226966896327 0.017740536397323012 0.006770464330911637 -0.0042677711005197133 -0.0011164719808699662 0.0019425951141800561 -0.0025002804153421727 0.012332149017602205 -0.0027666559236458532 0.00041097398901725343 0.0076175387631221203 0.0048566002491861587 0.013314760797324458 -0.0033740549615735339 -0.0054954406663975013 0.005388175067990753
leaf_weight=28 20 34 21 38 35 20 20 38 60 21 28 34 53 35 32 20 20 141 76 55 163 20 227 137 39 105 28 37 140 35
leaf_count=28 20 34 21 38 35 20 20 38 60 21 28 34 53 35 32 20 20 141 76 55 163 20 227 137 39 105 28 37 140 35
internal_value=-7.60317e-12 -0.00431343 0.000136533 0.00502585 0.00868735 -0.000148576 0.00528813 -0.000286915 -0.000122111 0.00206276 -0.000517372 -0.00334604 0.00371544 0.00670225 0.000858498 -0.000345148 0.000396405 -0.00289656 0.00114842 0.00615538 -0.00193079 0.000552349 -0.000846574 0.0019296 0.00307986 0.00273603 0.00445833 0.00271199 -0.00292403 -0.00110586
internal_weight=1760 54 1706 94 56 1612 40 1572 1534 235 1299 55 180 88 92 1271 866 161 705 75 405 630 384 157 67 246 170 142 338 198
internal_count=1760 54 1706 94 56 1612 40 1572 1534 235 1299 55 180 88 92 1271 866 161 705 75 405 630 384 157 67 246 170 142 338 198
is_linear=0
shrinkage=0.05


Tree=107
num_leaves=31
num_cat=0
split_feature=182 230 118 224 151 329 120 217 320 288 91 199 254 106 175 331 92 206 251 219 257 300 298 271 287 328 327 128 247 188
split_gain=0.382942 0.532604 0.532144 0.766325 0.74664 0.607578 0.840768 0.676583 0.623353 0.499159 0.487133 0.759425 0.565795 0.875032 0.84114 1.24962 1.36749 0.938479 0.87328 0.855802 0.911435 0.826658 0.92141 0.812999 0.809392 0.809183 0.865543 0.852331 0.736519 0.687183
threshold=0.015100954824428692 -0.072853387425313748 -0.019585626539525385 -0.030430212796608708 0.012056517479664526 -0.017872128864793717 -0.01089701690348102 -0.00010738925426021814 0.0097332239250045322 -0.0062933218116695885 0.14745610802328704 0.00060291079572162174 -0.010126381045279494 0.097381275912149012 1.0000000180025095e-35 -0.0010043273014231108 -0.0988660803920869 0.024307686812777524 0.016460423661189331 -0.024663127873296196 -0.0012821120176890648 -0.044319197688756036 0.021126185914133479 -0.050133232929703168 -0.031112954521808261 -0.029312979752741979 -0.0084342764515098201 0.011716170957972874 -0.0051910476586018743 -0.024568133287658563
decision_type=2 2 2 2 2 2 2 2 2 2 2 2 2 2 2 2 2 2 2 2 2 2 2 2 2 2 2 2 2 2
left_child=10 -2 4 -4 9 6 -5 -7 -8 -3 12 -12 25 14 15 17 -17 18 -14 -18 -21 -16 23 -23 -22 -1 -27 29 -24 -28
right_child=1 2 3 5 -6 7 8 -9 -10 -11 11 -13 13 -15 21 16 19 -19 -20 20 24 22 28 -25 -26 26 27 -29 -30 -31
leaf_value=-0.0050423325428790933 -0.008013297279831022 -0.0049828493346770614 -0.0074278224753215917 0.0093332686536614935 0.010446101378487505 -0.0070886378615813445 -0.0063973069259965869 -0.00021177782814695755 0.0041599253329030915 0.0054389180080033836 -0.0092792109586298469 0.001892078762617091 0.0059335736729647787 0.0094983107730513446 -0.0065316289070655002 -0.015510209016501903 -0.0073314449893167391 -0.0074749444188042125 -0.0010840506562828154 0.0041150561674553436 0.0049714597780257464 0.012061958257108927 0.017095191460102795 0.0016061579837586386 -0.0067192941352626993 -0.0028701925610067507 -0.002786044146005924 -0.0014799218330881559 0.0049353449788847661 0.0062147390189246565
leaf_weight=90 28 27 50 31 23 53 27 110 29 20 32 29 124 32 22 20 52 22 69 73 20 20 20 264 57 142 26 100 33 115
leaf_count=90 28 27 50 31 23 53 27 110 29 20 32 29 124 32 22 20 52 22 69 73 20 20 20 264 57 142 26 100 33 115
internal_value=3.27563e-12 -0.00136435 -0.000861192 -0.00177714 0.00306431 -0.000647006 0.00272692 -0.00244781 -0.000930169 -0.000548055 0.000398688 -0.00396827 0.000603442 0.00139153 0.00106563 -0.000407542 -0.00303879 0.00230937 0.00342468 -0.00180399 0.00011219 0.00285888 0.00347191 0.00234248 -0.00368273 -0.000776134 0.000226366 0.00205089 0.00952397 0.00455502
internal_weight=1760 398 370 300 70 250 87 163 56 47 1362 61 1301 828 796 437 222 215 193 202 150 359 337 284 77 473 383 241 53 141
internal_count=1760 398 370 300 70 250 87 163 56 47 1362 61 1301 828 796 437 222 215 193 202 150 359 337 284 77 473 383 241 53 141
is_linear=0
shrinkage=0.05


Tree=108
num_leaves=31
num_cat=0
split_feature=296 198 254 324 148 247 168 213 313 189 253 331 129 190 19 0 325 290 138 331 190 292 307 147 114 273 215 86 166 316
split_gain=0.375701 0.660498 0.739403 0.649267 0.789905 0.667681 0.694413 0.656207 0.603882 1.20205 0.655502 0.640279 0.627749 0.623839 1.17895 0.934461 0.759233 0.705846 0.702888 0.792366 0.670052 0.81261 0.695835 0.931781 0.912404 0.794804 0.835907 0.659191 0.658726 0.728016
threshold=0.033476315838810729 -0.016898567640047723 0.0081518181445429296 -0.022794564893827158 -0.029165621782689357 -0.0084026903477194131 0.020466037266342486 -0.0074070518421365328 0.031768042878496987 0.022938910561847645 0.005740561645258966 0.015811566813499035 -0.025522986806907486 -0.0086678712510797878 21.616576086956524 3.7726948748059121 0.060584508072544251 0.017912455401604164 0.00872779015447263 -0.024028375184271821 -0.0068730119866975614 0.039974599976907124 -0.051603704654305381 0.022843636688625442 -0.00028634784276271779 0.008383767345566508 0.0026000153125729699 0.04637624666467572 0.048299193370080949 -0.023574265787593387
decision_type=2 2 2 2 2 2 2 2 2 2 2 2 2 2 2 2 2 2 2 2 2 2 2 2 2 2 2 2 2 2
left_child=8 2 -2 -3 -5 6 -6 -7 13 10 12 -11 -10 14 18 -15 17 20 19 -1 -17 22 -22 25 -25 -24 -27 -20 29 -21
right_child=1 3 -4 4 5 7 -8 -9 9 11 -12 -13 -14 15 -16 16 -18 -19 27 28 21 -23 23 24 -26 26 -28 -29 -30 -31
leaf_value=0.0095368242130747863 -0.0014620425079816155 0.0041348942988470461 -0.01371117535639893 0.0058538859909666443 -0.010411437329380437 -0.0059816190388487858 0.00071234320523217321 0.0023596648764438355 -0.0025131739414064216 0.0042442075855797156 -0.0026377629403754868 0.016896073557436466 0.0057583352185808772 -0.010154960820308099 0.011331445919670936 -0.0091847270401194704 -0.009298996084059279 0.0021115450193691584 -0.0041998956922907381 0.010392621479695663 -0.007717921362879375 -0.0077927930495486812 0.00068515429899836068 0.014259877580810676 0.00016291109495796265 -0.00074289021237442898 -0.0092474004471714191 0.0037451832995025651 -0.0070247175271755877 0.00079650648071297582
leaf_weight=35 28 57 22 28 47 37 20 65 32 20 74 20 81 26 29 25 24 225 95 24 30 39 340 22 24 75 47 36 21 112
leaf_count=35 28 57 22 28 47 37 20 65 32 20 74 20 81 26 29 25 24 225 95 24 30 39 340 22 24 75 47 36 21 112
internal_value=7.44959e-12 -0.00159874 -0.00685166 -0.000564703 -0.00192449 -0.00321321 -0.00709091 -0.000666095 0.000333803 0.00270315 0.00102037 0.0105701 0.00341596 -0.000103822 0.00167429 -0.000817499 -0.000532219 -0.000277802 0.000807238 0.00273386 -0.00117083 -0.000823607 -0.000318406 0.000118573 0.00690494 -0.000557126 -0.00401922 -0.00201652 0.00121728 0.00248994
internal_weight=1760 304 50 254 197 169 67 102 1456 227 187 40 113 1229 352 877 851 827 323 192 602 577 538 508 46 462 122 131 157 136
internal_count=1760 304 50 254 197 169 67 102 1456 227 187 40 113 1229 352 877 851 827 323 192 602 577 538 508 46 462 122 131 157 136
is_linear=0
shrinkage=0.05


Tree=109
num_leaves=31
num_cat=0
split_feature=230 241 137 19 283 268 278 1 336 246 130 225 289 109 158 280 121 221 123 247 302 300 142 235 315 232 257 333 242 103
split_gain=0.362961 0.539275 0.492116 0.476162 0.570479 0.466793 0.613063 0.835102 0.74602 0.727236 0.670887 0.809498 1.75655 0.683213 0.659041 0.755658 0.730525 1.00611 0.704618 0.726232 1.14292 0.734507 1.32113 0.655347 0.651227 0.627886 0.723993 0.66742 0.69336 0.623076
threshold=-0.1052324338223221 0.0045929541168081784 -0.10339687573005249 4.9736842105263168 0.082822128326863878 -0.047610323332369364 0.0174327532102042 3.8176519431297078 -0.039344529876661066 -0.025207469190228392 -0.031329290646056898 0.08390201449004471 0.0041436077811739828 -0.073678408423036953 -0.023440217729854357 -0.00822239388805154 -0.00058511227433549339 0.0030150806946534509 0.033940807805316033 0.04706188141009738 0.014744003266595041 0.0011615775784958003 0.010036186350140011 0.00043030376293621685 -0.0089998633178162753 -0.010953041083208673 0.003708311491032794 0.0016781629220910439 0.0023987017924581204 -0.03021274510826414
decision_type=2 2 2 2 2 2 2 2 2 2 2 2 2 2 2 2 2 2 2 2 2 2 2 2 2 2 2 2 2 2
left_child=1 -1 -2 -4 5 -5 10 9 -9 -8 -7 13 -13 -12 24 18 17 23 19 20 21 22 -16 -17 -15 -18 27 28 -27 -25
right_child=2 -3 3 4 -6 6 7 8 -10 -11 11 12 -14 14 15 16 25 -19 -20 -21 -22 -23 -24 29 -26 26 -28 -29 -30 -31
leaf_value=-0.0073813098296523095 0.0069791112704059265 0.00099378112527365625 -0.005641082936846134 0.002676890011781851 0.0068904261209911874 -0.0019511998349212502 0.00088889461843983135 -0.00804691438014353 0.00054114050324649413 -0.0072256194009782176 -0.0061268411115452184 -0.00059555186453508213 0.017519610933959484 4.7225044108927254e-05 0.0023765724528520544 -0.012278459255105338 0.0065823723725043238 0.0006949593829041398 0.010589768696576358 0.010749601358547807 -0.0058273229681487593 -0.00093541719515116944 0.017420001905411483 0.0030232883590672697 0.0084319100418890069 0.012949558618761924 -0.0042288904196359743 -0.0014006259060412084 0.0005335931533905255 -0.0085563002924363193
leaf_weight=40 26 37 36 152 31 228 38 28 261 101 35 32 23 40 54 37 40 74 25 20 49 62 20 21 55 23 71 53 22 26
leaf_count=40 26 37 36 152 31 228 38 28 261 101 35 32 23 40 54 37 40 74 25 20 49 62 20 21 55 23 71 53 22 26
internal_value=5.54089e-12 -0.00335692 0.000153584 4.6485e-05 0.000172797 4.18248e-05 -0.000236708 -0.00182263 -0.00029092 -0.00500726 0.000435346 0.00113117 0.00697988 0.000688693 0.00103341 0.000417881 -0.000990358 -0.00355602 0.00266494 0.0016985 0.000720001 0.00307896 0.00644236 -0.00730093 0.00490152 0.000949232 -0.000384056 0.00240149 0.00687953 -0.00338244
internal_weight=1760 77 1683 1657 1621 1590 1438 428 289 139 1010 782 55 727 692 597 367 158 230 205 185 136 74 84 95 209 169 98 45 47
internal_count=1760 77 1683 1657 1621 1590 1438 428 289 139 1010 782 55 727 692 597 367 158 230 205 185 136 74 84 95 209 169 98 45 47
is_linear=0
shrinkage=0.05


Tree=110
num_leaves=31
num_cat=0
split_feature=241 137 136 109 163 109 128 61 278 95 109 129 187 239 264 153 327 156 148 222 336 52 310 331 244 218 256 91 219 296
split_gain=0.377881 0.439855 0.40275 0.389384 0.76803 0.717234 0.501411 0.423447 0.413138 0.873644 0.692876 0.65899 0.771343 0.628279 0.959894 1.04379 0.926681 0.782424 1.41139 0.749376 0.652516 0.844415 0.840103 0.795419 0.744287 0.72785 0.697159 0.851706 0.727071 0.629017
threshold=0.12661493437271712 -0.088835043470522804 0.09242462225349983 -0.073678408423036953 -0.022517372869408664 -0.064019399514233924 0.023274349089605583 2.249904835165133 0.01701750986760342 0.0062014215242300859 -0.022830858579521749 -0.024984719390217996 0.037449784195396969 0.00072224876475690091 -0.0073323435927229114 0.021829832861171818 -0.0062330916590433534 0.0069203799759510257 0.0018796287713308461 0.020332860164597639 -0.0082264115925953785 1.0000000180025095e-35 -0.029256298406772706 0.0232658467699845 0.0035735583291262407 -0.0019605753901286347 -0.012630505819719076 -0.01363351714853848 0.019413684211834054 -0.00069971367718226179
decision_type=2 2 2 2 2 2 2 2 2 2 2 2 2 2 2 2 2 2 2 2 2 2 2 2 2 2 2 2 2 2
left_child=1 -1 3 4 -3 -5 7 -6 13 -10 -11 -12 -13 14 15 16 -7 18 -18 -16 22 23 -15 29 -23 -25 27 -24 -28 -22
right_child=-2 2 -4 5 6 8 -8 -9 9 10 11 12 -14 20 19 -17 17 -19 -20 -21 21 24 26 25 -26 -27 28 -29 -30 -31
leaf_value=0.0066805375553667546 -0.0055635721453775964 -0.010901157479004367 -0.0067214057198725641 0.0096999227956985137 -0.0011266899224760573 -0.002798258576868373 -0.0065185045796589784 0.007535256584274716 0.00060751163638135617 -0.010854876487804898 -0.0095236329577380319 0.0008125014671779081 -0.0096764733926171364 -0.0026615306876148241 -0.0012694767641543009 0.012329709003476994 6.0610292899993158e-06 -0.0011157598687402373 0.014863572429131831 -0.0095181329431943615 0.00081925843044051104 0.012509881896683232 0.003077246858738363 -0.0024164957602889362 -0.00014600832281368121 0.0091271370138403859 0.0003261762776735665 0.016489414308733984 0.0096862275968305767 -0.0047216829040553424
leaf_weight=25 30 23 22 20 43 86 26 21 304 29 27 106 21 33 335 23 31 42 33 30 105 26 20 22 21 36 59 29 32 100
leaf_count=25 30 23 22 20 43 86 26 21 304 29 27 106 21 33 335 23 31 42 33 30 105 26 20 22 21 36 59 29 32 100
internal_value=5.46854e-12 9.64781e-05 -6.23255e-08 8.77984e-05 -0.00274704 0.000291834 -0.000663204 0.00171551 0.000170439 -0.00103558 -0.00376508 -0.00242999 -0.000921896 0.000722961 -0.000386313 0.00226399 0.0010582 0.00418702 0.00766697 -0.00194745 0.00205501 0.000682125 0.00451509 -0.000421035 0.00685512 0.00474852 0.00620673 0.0110151 0.00361762 -0.00188364
internal_weight=1760 1730 1705 1683 113 1570 90 64 1550 487 183 154 127 1063 580 215 192 106 64 365 483 310 173 263 47 58 140 49 91 205
internal_count=1760 1730 1705 1683 113 1570 90 64 1550 487 183 154 127 1063 580 215 192 106 64 365 483 310 173 263 47 58 140 49 91 205
is_linear=0
shrinkage=0.05


Tree=111
num_leaves=31
num_cat=0
split_feature=182 230 329 329 298 273 283 216 223 243 203 146 0 84 331 281 153 303 153 178 124 330 270 305 318 316 251 274 293 330
split_gain=0.357409 0.438916 0.458207 1.20233 0.780372 0.854011 0.619806 0.609725 0.525982 0.473984 0.447301 0.435323 0.669316 0.713711 0.905481 0.452118 0.742331 0.70137 0.644458 1.0917 0.600769 0.59087 0.713717 0.889475 0.755124 0.743705 0.697971 0.730464 0.747239 0.659065
threshold=0.015100954824428692 -0.072853387425313748 -0.017872128864793717 -0.024394934842097947 -0.0033359164200163455 -0.012917700633187467 -0.049905911077852617 -0.011313116789064475 0.06036237318050134 0.0041158910280646973 -0.0063039940715524361 0.076505303937198454 3.4175922930736511 0.31830407457891613 0.012999013979091404 0.034987685973168654 0.01614672954222935 0.0097140273780468422 -0.03349362149275862 -0.018918577663728033 0.0028050742608303849 0.0018349165539474626 0.0013294991371658952 0.023394530889917293 0.020026724733627366 0.010966194278127029 -0.042814030976301744 -0.0024823139640579206 0.0078827576275210028 -0.0015726894011308006
decision_type=2 2 2 2 2 2 2 2 2 2 2 2 2 2 2 2 2 2 2 2 2 2 2 2 2 2 2 2 2 2
left_child=11 -2 3 4 9 -6 -4 -8 10 -3 -9 12 -1 15 -15 18 20 -18 19 -14 -17 29 23 26 25 -24 -23 28 -28 -20
right_child=1 2 6 -5 5 -7 7 8 -10 -11 -12 -13 13 14 -16 16 17 -19 21 -21 -22 22 24 -25 -26 -27 27 -29 -30 -31
leaf_value=-0.0088127601984888306 -0.0073539669575568819 -0.0015682323232547126 -0.0086232186229608498 0.012818969665095209 -0.011471774043515326 0.00086195100739132617 0.0017546932487244498 -0.0011550959803768108 0.0030985924455782642 0.0081643136912667811 -0.0083190431003184236 0.0070595264667645099 0.013258007061309541 0.014510666541464164 -0.00035474207252264025 -0.0069547102719202244 -0.0019563660250916598 0.0095674354603271124 0.00070507167708488397 0.0012361248781351183 -0.0003797828603865128 -0.0070218498839120227 -0.0038316887875838321 0.0087422546872403476 -0.0081521515056073423 0.0039329110323968863 -0.0059370812935022905 0.004208635399672425 0.0028266534604522034 0.0062232834453499865
leaf_weight=20 28 22 32 20 25 32 97 37 23 29 53 24 26 20 21 76 31 23 479 69 64 34 98 30 58 45 56 84 43 61
leaf_count=20 28 22 32 20 25 32 97 37 23 29 53 24 26 20 21 76 31 23 479 69 64 34 98 30 58 45 56 84 43 61
internal_value=-8.42854e-12 -0.00131808 -0.000861315 0.00155806 -0.000527296 -0.00454758 -0.00214098 -0.00115321 -0.00364938 0.00396596 -0.00537386 0.000385167 0.000265448 0.000403205 0.00689668 0.000194722 -0.00202815 0.00295192 0.000592909 0.00452632 -0.00394903 0.000214696 -0.00112774 0.000672549 -0.00334005 -0.00138828 -0.000443078 0.000779207 -0.00213061 0.00132843
internal_weight=1760 398 370 128 108 57 242 210 113 51 90 1362 1338 1318 41 1277 194 54 1083 95 140 988 448 247 201 143 217 183 99 540
internal_count=1760 398 370 128 108 57 242 210 113 51 90 1362 1338 1318 41 1277 194 54 1083 95 140 988 448 247 201 143 217 183 99 540
is_linear=0
shrinkage=0.05


Tree=112
num_leaves=31
num_cat=0
split_feature=210 324 210 303 255 110 81 56 198 243 176 210 318 136 300 156 1 335 327 271 198 8 119 153 163 300 325 244 294 214
split_gain=0.350486 0.866179 0.772654 0.642899 0.750401 0.427043 0.400236 0.60843 0.437537 0.660203 0.644846 0.761631 0.92853 0.731324 0.638439 0.63206 0.618616 0.618768 0.535054 0.513622 0.759099 0.645388 0.496313 0.523087 0.74171 0.614239 0.565488 0.540062 0.521403 0.963637
threshold=0.020398707923847934 -0.0083814587878951602 0.017276416138774311 0.0025322386552064486 -0.001829113516794448 -0.12582806544999117 -0.70910282408126912 1.0000000180025095e-35 -0.016200222988513067 -0.10167031904415776 -0.00045912663836806492 0.0025286299295379151 -0.018738756333111464 0.016904730282336345 0.0077087255337305134 0.024701403570996063 2.249904835165133 -0.057652560732514395 0.0070393032341496053 -0.066250585844974369 0.0086817974627500637 0.3615900383141763 0.089597002535032708 0.017954826123964911 0.014575989122446649 -0.05811372623496671 -0.06032674054203984 -0.0071679478298497792 0.044611524187151454 -0.0015623096523051862
decision_type=2 2 2 2 2 2 2 2 2 2 2 2 2 2 2 2 2 2 2 2 2 2 2 2 2 2 2 2 2 2
left_child=2 -2 5 4 -4 -1 -7 8 9 -8 15 12 -12 18 -13 -11 -10 -18 -14 20 -19 22 23 25 -25 -21 -27 -26 -28 -30
right_child=1 -3 3 -5 -6 6 7 -9 16 10 11 14 13 -15 -16 -17 17 19 -20 21 -22 -23 -24 24 27 26 28 -29 29 -31
leaf_value=-0.0058498524449532852 0.0042907034570089306 -0.0088227261984309951 0.00046607642656280889 -0.00048771287608695662 0.01242155535146594 -0.0054642382670532577 0.0068697880742894044 0.0075405726899151456 0.0068571021857981879 -0.0067468530821695356 0.0090233168571584813 -0.00059972281792554372 0.00023163712414150887 0.0072898287326097488 -0.012211903603747487 0.001396478928865925 -0.0048783344361653328 -0.0083159958318758161 -0.0097027687376122114 -0.0054587538492806417 0.0033545632084662266 0.0083498840780790763 -0.0063015609590085942 0.0012026929871439386 0.0023387123389208382 0.0081539574929553535 0.0006486842117956373 0.012401595548726619 -0.0094805058928810679 0.0020099157119046951
leaf_weight=32 20 34 21 38 35 33 21 27 36 103 34 29 33 20 20 31 57 38 23 47 22 27 26 170 24 23 633 30 37 36
leaf_count=32 20 34 21 38 35 33 21 27 36 103 34 29 33 20 20 31 57 38 23 47 22 27 26 170 24 23 633 30 37 36
internal_value=3.08443e-12 -0.0039659 0.000125533 0.00453201 0.00793825 -0.000131421 -1.56045e-05 0.000100624 -3.15333e-05 -0.00169404 -0.00230783 -0.000154468 0.00215518 -0.000917409 -0.00533939 -0.00486295 0.000401326 0.000202687 -0.00384857 0.000462901 -0.00403679 0.000719293 0.000518488 0.00069581 0.00282426 8.1411e-05 0.000438596 0.0079292 0.000187246 -0.003814
internal_weight=1760 54 1706 94 56 1612 1580 1547 1520 314 293 159 110 76 49 134 1206 1170 56 1113 60 1053 1026 1000 224 776 729 54 706 73
internal_count=1760 54 1706 94 56 1612 1580 1547 1520 314 293 159 110 76 49 134 1206 1170 56 1113 60 1053 1026 1000 224 776 729 54 706 73
is_linear=0
shrinkage=0.05


Tree=113
num_leaves=31
num_cat=0
split_feature=277 328 294 299 169 180 330 105 303 315 135 267 125 137 302 296 327 324 95 305 68 208 83 95 158 269 321 259 324 194
split_gain=0.335701 0.396125 0.524943 0.441727 0.441015 0.683552 1.01783 0.656052 0.801364 0.721125 0.609836 0.578934 0.556364 0.825755 0.664448 0.556777 0.55358 0.551998 0.766115 0.592566 0.942059 0.783776 0.736864 0.73344 0.72224 0.693345 0.65484 0.788918 0.966868 0.635587
threshold=-0.086563453670816456 0.064275192165725442 0.0087165428663100869 0.079651220376015422 -0.010712751923431079 -0.030800230817475526 0.045290561716242538 0.0062631878735549011 -0.011933523298365714 0.029958015477183134 -0.013226946285982808 0.071390753052045217 0.034870472442581922 -0.0082146055472008764 -0.023168198030510789 0.018844018430981917 0.0062913483698898657 0.033030566902466391 0.010815465658426485 -0.0075746252232392194 1.0000000180025095e-35 0.0056406580850468279 0.26364961993849273 0.061523336285213469 -0.018849052433096401 0.021832849910197655 0.0016658534615841749 -0.036148014692179577 0.022562106996334312 0.014986862780428977
decision_type=2 2 2 2 2 2 2 2 2 2 2 2 2 2 2 2 2 2 2 2 2 2 2 2 2 2 2 2 2 2
left_child=-1 3 -3 4 5 -2 7 8 10 -9 -7 12 17 14 -14 -15 -10 19 -19 20 21 22 23 -6 -23 26 27 -21 -29 -27
right_child=1 2 -4 -5 11 6 -8 9 16 -11 -12 -13 13 15 -16 -17 -18 18 -20 25 -22 24 -24 -25 -26 29 -28 28 -30 -31
leaf_value=-0.0040805325539288477 -0.0038833520400466549 -0.00030562487275650108 0.010519100756694873 0.0058096485910937197 -0.0012335817801114547 0.0081503081190425694 0.01082706121368877 0.0023631887825479405 -0.00043076836322521184 0.012370998779910485 -0.00053836037607296659 0.0045896865436624665 0.0083376186000532464 -0.0043879641719783346 -0.0024456295631825925 -0.013280575151514748 -0.0072290945227961147 -0.00064006732621540627 -0.0090160455111236801 -0.006439159930634656 0.01160610621876043 0.012138223310466857 -0.0097914703323372793 0.0088709387473673348 0.0021565743703143422 0.00071996383778039476 -0.0036674893398581706 9.2366740449726818e-05 0.010833172558341176 0.0100334359312673
leaf_weight=49 57 24 21 32 124 36 30 126 77 21 46 51 20 75 50 23 49 78 42 38 23 24 21 21 74 90 226 165 24 23
leaf_count=49 57 24 21 32 124 36 30 126 77 21 46 51 20 75 50 23 49 78 42 38 23 24 21 21 74 90 226 165 24 23
internal_value=-4.7796e-12 0.000116859 0.00474591 -8.17529e-06 -0.000122111 0.00122684 0.00198342 0.00123607 -0.000570905 0.00379288 0.00327618 -0.00062231 -0.000855274 -0.00351238 0.000635298 -0.00647501 -0.00307456 -0.000396494 -0.00357166 5.01885e-05 0.00190087 0.00105534 -0.00103792 0.000229832 0.00460106 -0.00088823 -0.00176226 0.000134575 0.00145628 0.00261563
internal_weight=1760 1711 45 1666 1634 442 385 355 208 147 82 1192 1141 168 70 98 126 973 120 853 287 264 166 145 98 566 453 227 189 113
internal_count=1760 1711 45 1666 1634 442 385 355 208 147 82 1192 1141 168 70 98 126 973 120 853 287 264 166 145 98 566 453 227 189 113
is_linear=0
shrinkage=0.05


Tree=114
num_leaves=31
num_cat=0
split_feature=259 156 86 300 280 308 1 314 131 283 318 117 175 92 157 256 112 185 265 250 166 11 297 11 287 243 140 283 150 333
split_gain=0.33252 0.752456 0.955232 0.581474 0.673811 0.785269 0.701914 1.16739 0.646537 0.736284 0.872129 0.61719 0.841404 0.597617 0.773159 0.680365 0.597147 0.60138 0.57916 1.00682 0.9328 1.11399 0.622246 0.870164 0.598229 0.870101 0.699085 0.60502 0.597065 0.595121
threshold=0.0017583370490700662 0.0447082010646924 -0.04009201040845347 0.062849160379302091 -0.00038975883527483978 0.01977058090094708 4.816232960488728 -0.001867288043399574 0.010158200822260344 -0.012078205759433433 -0.013050009178757095 -0.00020447517986218406 1.0000000180025095e-35 -0.038409784385093584 -0.0024992678026784427 -0.0045033983568035238 0.0084878593051453937 -0.007179820245641377 -0.0023845453749026949 -0.0026159973287170025 0.018128744976036049 3.7875564152159904 0.01512112973685578 2.393011042283868 0.012053277215933895 0.0050479082053353662 0.0076650837444167614 0.015934617027995781 0.021716496940455774 -0.0085686813252978562
decision_type=2 2 2 2 2 2 2 2 2 2 2 2 2 2 2 2 2 2 2 2 2 2 2 2 2 2 2 2 2 2
left_child=1 18 -3 4 8 6 11 -8 13 -10 -11 -6 -13 14 15 -2 17 -7 28 20 21 22 23 -20 25 26 -21 -26 -1 -27
right_child=3 2 -4 -5 5 16 7 -9 9 10 -12 12 -14 -15 -16 -17 -18 -19 19 24 -22 -23 -24 -25 27 29 -28 -29 -30 -31
leaf_value=-0.0017383521341285142 0.016280433030000756 0.013797501637600363 0.0011193260204238006 0.0052755065930959509 -0.0023199559479508028 -0.006766187326248849 0.0077781016298104078 -0.006072513486162342 0.002933199760736898 0.0033382066348124117 -0.0085536701010604354 -0.011826674731219101 -0.0036548895109364018 0.00054669335644509328 -0.0018870996034127615 0.0038326026912292709 0.0050261625444464808 0.00319643323143412 0.015020059455524794 -0.0052242628132392263 -0.002228110088201772 0.014998039586373189 -0.0012033258510679222 0.003254210310882296 -0.0074823294924572115 0.012755490537910237 0.0040399247809546068 0.0014082802677406901 0.0042508689944255858 0.0022170540090096563
leaf_weight=363 21 24 39 39 128 33 32 29 40 21 58 56 72 219 21 23 54 28 22 56 42 29 38 55 50 21 32 31 47 37
leaf_count=363 21 24 39 39 128 33 32 29 40 21 58 56 72 219 21 23 54 28 22 56 42 29 38 55 50 21 32 31 47 37
internal_value=2.28841e-12 0.000682593 0.00594911 -0.000691965 -0.000970685 -0.00234253 -0.00362651 0.00119338 0.000499884 -0.00259397 -0.00539254 -0.004775 -0.00723005 0.00179625 0.00600631 0.00977361 0.00119677 -0.00219318 0.000279445 0.001601 0.00432827 0.00624055 0.00403214 0.00661588 -0.000633677 0.00127819 -0.00185547 -0.00407975 -0.00105178 0.00603269
internal_weight=1760 886 63 874 835 432 317 61 403 119 79 256 128 284 65 44 115 61 823 413 186 144 115 77 227 146 88 81 410 58
internal_count=1760 886 63 874 835 432 317 61 403 119 79 256 128 284 65 44 115 61 823 413 186 144 115 77 227 146 88 81 410 58
is_linear=0
shrinkage=0.05


Tree=115
num_leaves=31
num_cat=0
split_feature=296 292 150 123 107 263 281 325 132 111 158 193 150 167 144 95 283 167 313 95 156 275 165 181 111 333 161 172 305 241
split_gain=0.320684 0.364755 1.16109 0.556319 0.450368 0.650699 0.489503 0.503386 0.615865 0.535495 0.426519 0.639112 0.427887 0.482138 0.450881 0.420352 1.11782 0.916893 0.871256 0.744411 0.711459 0.726059 0.626231 0.973689 0.576323 0.492644 0.485297 0.770801 0.721353 0.844802
threshold=0.089713743017367772 -0.037532802879505202 -0.032301422470609409 0.039662628057350338 -0.046962257305699993 0.030770198707546017 -0.043187452999333804 -0.03414866927284977 0.018489658105478212 0.017626962009061064 -0.012248592454302727 -0.00010904386448199421 -0.013237728108563317 0.0059978971122357583 0.012663384926898121 0.039337857259543148 0.0092604042680477731 0.0050956819745536118 0.010790952789363064 0.023665856067252477 -0.0060834422432947234 -0.017443311853625288 -0.0019754043284932543 -0.0014962649726224055 -0.0036984470224755493 0.0040822517822707944 0.0077158123198899833 0.024590658287137634 -0.0039986596472796994 0.010361038087122382
decision_type=2 2 2 2 2 2 2 2 2 2 2 2 2 2 2 2 2 2 2 2 2 2 2 2 2 2 2 2 2 2
left_child=1 2 -1 10 5 6 -3 -8 9 -9 11 -4 -12 14 -14 19 20 18 -18 26 21 -17 23 -22 -21 -24 28 -28 29 -6
right_child=-2 4 3 -5 15 -7 7 8 -10 -11 12 -13 13 -15 -16 16 17 -19 -20 24 22 -23 25 -25 -26 -27 27 -29 -30 -31
leaf_value=0.010158185904017753 -0.005740129483941322 0.0033010908926371487 -0.010935614548030902 0.0065149909840329203 0.0032854455888948041 0.0031875434925314043 0.0019965835226078829 -0.0065185345398883036 -0.0024273480656191561 -0.016581511197146029 -0.0051199071473092776 0.00036581162170603362 0.0021371492318576204 -0.0016888086139012805 0.011331718508154155 0.0021572021976074512 0.016928659362235556 0.00038100650433350256 0.0041049944643208837 -0.0083341020740287305 0.013606937739836135 -0.0088960043954639089 0.0020858397740084913 -6.6995266824960704e-05 -0.0010364537510359961 -0.0077699148639415704 0.002781463336990976 -0.0035208899051274601 -0.0021581827827260344 -0.0032028099744987322
leaf_weight=36 24 20 22 32 171 40 21 39 51 20 24 29 40 44 20 24 27 37 26 48 23 39 32 30 62 21 273 59 355 71
leaf_count=36 24 20 22 32 171 40 21 39 51 20 24 29 40 44 20 24 27 37 26 48 23 39 32 30 62 21 273 59 355 71
internal_value=-1.67182e-12 7.93566e-05 0.00185884 0.000442842 -0.00021583 -0.0024827 -0.00398475 -0.0050971 -0.00645134 -0.00992971 -0.000642682 -0.00450931 0.00089793 0.00228666 0.00520201 0.000117739 0.00191991 0.00642112 0.0106378 -0.000331505 -0.000477177 -0.00468526 0.00202385 0.00586698 -0.00422088 -0.00181927 0.000129025 0.00166147 -0.000723188 0.00138187
internal_weight=1760 1736 247 211 1489 191 151 131 110 59 179 51 128 104 60 1298 259 90 53 1039 169 63 106 53 110 53 929 332 597 242
internal_count=1760 1736 247 211 1489 191 151 131 110 59 179 51 128 104 60 1298 259 90 53 1039 169 63 106 53 110 53 929 332 597 242
is_linear=0
shrinkage=0.05


Tree=116
num_leaves=31
num_cat=0
split_feature=241 137 0 188 84 190 56 325 166 226 99 201 296 271 242 198 288 181 251 324 295 327 283 207 183 249 190 194 89 209
split_gain=0.317784 0.347734 0.363184 1.17038 1.12659 0.374353 0.683389 0.557454 0.515384 0.624981 0.617521 0.538321 0.53798 0.491476 0.725054 0.773484 0.722052 0.638169 0.774082 0.59293 0.521255 0.469475 0.791904 0.639731 0.629724 0.693395 0.678392 0.67751 0.610883 0.560021
threshold=0.12661493437271712 -0.088835043470522804 3.7132745361986528 0.0079832546149683388 0.32154973125159803 -0.00094063845046163093 1.0000000180025095e-35 -0.06032674054203984 0.04556519666908998 0.038547020602790479 -0.011558095602668093 -0.0029150090567247031 0.015200826165249268 0.024573523918788063 0.03415740855234603 0.0039461709865716505 0.032580539652091046 0.0068189782078205722 0.015115866894803565 -0.016493111917584572 0.010356384283917044 -0.0039003808850057854 0.056719683997329413 0.021991777798553411 0.006636959329056529 -0.010313513696494291 0.0039025691727972013 0.022417238548346683 -0.016161832203515022 0.014164251329383972
decision_type=2 2 2 2 2 2 2 2 2 2 2 2 2 2 2 2 2 2 2 2 2 2 2 2 2 2 2 2 2 2
left_child=1 -1 3 -3 5 6 8 -7 9 13 -11 -12 -10 16 -15 -16 17 19 -19 20 -4 22 23 29 25 26 -23 -27 -26 -9
right_child=-2 2 4 -5 -6 7 -8 21 12 10 11 -13 -14 14 15 -17 -18 18 -20 -21 -22 24 -24 -25 28 27 -28 -29 -30 -31
leaf_value=0.0059426086489111187 -0.0051020209630951293 -0.011404756283653636 -0.0015438571455888451 0.0019938556763988277 0.010093503357243858 0.0052722027172913428 0.0076178101343767988 -0.011477292515337467 -0.00029129586311885054 0.0095414912189684207 -0.0031384403637661528 0.0053515342227995486 -0.01021570537281646 0.0001010540926300392 0.015427119643427432 0.0016878694733826534 -0.0069352665109696197 0.0042041858924415634 -0.0040878165718620752 -0.00036554799514931677 -0.012077400738211432 0.0055241583516666051 0.0055825230553103941 0.0031707812084130491 -0.0058736284761430908 0.0043162583444438345 -0.0040604934826842512 -0.0048305809993863759 0.00024667334739128722 -0.0031880550627238998
leaf_weight=25 30 28 24 39 28 37 35 22 36 37 33 43 22 74 20 21 41 129 36 173 23 24 29 37 72 169 80 23 94 276
leaf_count=25 30 28 24 39 28 37 35 22 36 37 33 43 22 74 20 21 41 129 36 173 23 24 29 37 72 169 80 23 94 276
internal_value=6.38713e-13 8.84744e-05 2.63661e-06 -0.00360556 0.000150225 -2.27018e-05 0.000796787 -0.000732039 0.000461483 0.000862092 0.00424409 0.0016651 -0.00405573 0.000155685 0.00305622 0.00838994 -0.000627324 4.44311e-05 0.00239502 -0.00171851 -0.00669857 -0.00100099 -0.00234393 -0.0030301 5.70794e-05 0.00143948 -0.00184865 0.00322054 -0.00240792 -0.00380001
internal_weight=1760 1730 1705 67 1638 1610 747 863 712 654 113 76 58 541 115 41 426 385 165 220 47 826 364 335 462 296 104 192 166 298
internal_count=1760 1730 1705 67 1638 1610 747 863 712 654 113 76 58 541 115 41 426 385 165 220 47 826 364 335 462 296 104 192 166 298
is_linear=0
shrinkage=0.05


Tree=117
num_leaves=31
num_cat=0
split_feature=170 312 122 222 267 186 120 190 336 299 256 333 0 210 84 283 56 61 177 89 333 273 135 175 181 297 324 89 164 262
split_gain=0.319163 0.550085 0.692948 0.870123 0.507508 0.403201 0.463239 0.576351 0.657855 0.453328 0.451827 0.867549 0.443183 1.18345 0.905182 0.462029 1.2165 0.979852 0.81021 0.848157 0.897762 0.829612 0.745342 0.706231 0.790979 0.703028 0.676952 0.604309 0.67327 0.574668
threshold=-0.028215407133168401 -0.048372783677169268 0.039705690824940985 -0.0013785144383588776 0.0026357803676871207 -0.024451793591558368 -0.0089134024112073416 0.0088418463002043254 -0.011412508235481346 -0.022174560438124026 0.074128519689634603 0.0016781629220910439 3.7132745361986528 0.0017096642545409483 0.32154973125159803 0.0072915267092701604 1.0000000180025095e-35 1.2424533248940004 0.0027039807903882283 -0.036035891067364829 -0.0066318407428339185 -0.028269375450256005 0.005345883799977435 0.0040969917818499809 -0.020048292685787637 0.018891798061373508 0.018865285686283959 -0.13494176017889939 -0.00046128035562699666 0.0098391282526746008
decision_type=2 2 2 2 2 2 2 2 2 2 2 2 2 2 2 2 2 2 2 2 2 2 2 2 2 2 2 2 2 2
left_child=1 -1 3 -3 -5 6 9 8 -8 -2 12 -12 13 -7 15 17 23 -14 19 25 -21 -20 -22 24 -17 -19 -26 -25 -29 -28
right_child=5 2 -4 4 -6 10 7 -9 -10 -11 11 -13 14 -15 -16 16 -18 18 21 20 22 -23 -24 27 26 -27 29 28 -30 -31
leaf_value=0.0075994583827975609 -0.00073224804105444089 -0.0043937162977542629 0.0079293813832380152 -0.00080218114803924613 0.0089850757844172988 0.00076772073577893415 -0.0083334126728860768 0.0041821684322452977 0.00079697406295924751 -0.0091172214061953135 0.0098438644245492698 -0.001536547254277941 0.00039237929108489099 -0.014258586671203374 0.0094756199521943939 0.0035382407763066021 0.011186155410749573 -0.0021866497280486207 0.0016433942201547324 -0.0054488065205514436 0.0013255114695339494 -0.0099411613352405025 0.013375262139985959 -0.005016584454902581 -0.0010917829554256602 -0.012488199713301253 -0.012672437834380955 0.00049694828226670826 0.0071229561530167188 -0.0016441662263657368
leaf_weight=35 27 74 27 27 26 38 34 42 47 40 33 34 492 20 25 69 28 67 20 25 33 68 21 21 163 22 27 72 82 21
leaf_count=35 27 74 27 27 26 38 34 42 47 40 33 34 492 20 25 69 28 67 20 25 33 68 21 21 163 22 27 72 82 21
internal_value=8.99428e-12 0.00194123 0.000655269 -0.000891196 0.00399911 -0.000233541 -0.00239309 -0.000570953 -0.00303553 -0.0057382 6.3573e-05 0.00406873 -0.000140647 -0.00441376 5.66782e-05 -0.000134608 0.00107085 -0.000913 -0.00342178 -0.00138597 0.00238484 -0.00730831 0.00601153 0.000448372 -0.00110895 -0.0047331 -0.00262864 0.00294008 0.00402508 -0.00784757
internal_weight=1760 189 154 127 53 1571 190 123 81 67 1381 67 1314 58 1256 1231 483 748 256 168 79 88 54 455 280 89 211 175 154 48
internal_count=1760 189 154 127 53 1571 190 123 81 67 1381 67 1314 58 1256 1231 483 748 256 168 79 88 54 455 280 89 211 175 154 48
is_linear=0
shrinkage=0.05


Tree=118
num_leaves=31
num_cat=0
split_feature=177 296 167 89 163 121 169 332 330 150 180 283 222 312 269 125 143 204 319 221 278 336 1 239 328 147 169 194 323 320
split_gain=0.298382 0.447689 0.42799 0.778142 0.501802 0.40938 0.372223 0.663982 0.776615 0.882618 0.624061 0.528661 0.511802 0.58919 0.482086 0.667679 0.612814 0.493924 0.841099 0.678825 0.467312 0.448538 0.724529 0.646431 0.884506 0.686361 0.664884 0.677259 0.620303 0.858615
threshold=0.050696207209041284 0.016115118183107818 -0.04224408606698541 0.0074989947018615274 -0.0046104679079974975 0.015035468621110279 -0.010712751923431079 -0.016129538981969862 -0.028552349537305819 -0.030217734952582006 -0.030800230817475526 -0.012531507340390933 -0.018331804590075138 -0.037725059080641353 0.021832849910197655 0.034870472442581922 0.00040648518420680931 0.0050649400604892304 -0.0073201386234666233 -0.016519698099840673 -0.039103908076540274 -0.0052048199765962096 9.0651411728127798 0.017622187969918494 -0.017977772128815885 0.00078327834353851154 0.039579888789334168 0.034017493185116064 -0.0008352892870392433 -0.0017208063227055071
decision_type=2 2 2 2 2 2 2 2 2 2 2 2 2 2 2 2 2 2 2 2 2 2 2 2 2 2 2 2 2 2
left_child=2 5 3 4 -1 -2 7 8 -4 -10 -9 -11 -12 -14 21 17 -17 20 -19 -20 -16 23 28 26 -25 -26 27 -8 29 -23
right_child=1 -3 6 -5 -6 -7 14 10 9 11 12 -13 13 -15 15 16 -18 18 19 -21 -22 22 -24 24 25 -27 -28 -29 -30 -31
leaf_value=0.0053074424243371547 -0.0046480188988005889 -0.00932167759553219 -0.0025914346234816497 0.0098847824539388396 -0.003377347506391697 0.0048670178023166961 -0.0033762399359237773 -0.0061323397177099987 0.015368518756613846 -0.0023609361902344975 -0.0050228999913529016 0.0064626690409756429 0.0084268573657027453 0.00063009713815012636 0.0081064370321109885 -0.010630869688466191 0.0010107041909717597 0.014473555179401524 -0.0038426711315299729 0.0088849460100755093 -0.0001207140804682341 -0.0017885378358933409 0.0084130283231691767 -0.0075692598064917892 0.0096839161559699044 -0.00028349223773544417 0.0043160278350114828 -0.0129082612041384 -0.0022563755982394551 0.0041484919770833429
leaf_weight=29 26 21 33 31 39 20 273 38 21 24 33 58 28 180 20 20 26 21 22 20 126 117 24 21 31 39 26 20 246 127
leaf_count=29 26 21 33 31 39 20 273 38 21 24 33 58 28 180 20 20 26 21 22 20 126 117 24 21 31 39 26 20 246 127
internal_value=8.77559e-12 -0.00327259 0.000129512 0.00331947 0.00032646 -0.000511046 -6.86099e-05 0.00121923 0.00408378 0.00622244 -0.000177115 0.00388015 0.000761883 0.00167966 -0.000521919 0.00140268 -0.00405085 0.00260298 0.00630325 0.0022181 0.00100629 -0.00105306 -6.91754e-05 -0.00228652 0.00143067 0.00413065 -0.0033469 -0.00402689 -0.00048463 0.00130164
internal_weight=1760 67 1693 99 68 46 1594 415 136 103 279 82 241 208 1179 255 46 209 63 42 146 924 514 410 91 70 319 293 490 244
internal_count=1760 67 1693 99 68 46 1594 415 136 103 279 82 241 208 1179 255 46 209 63 42 146 924 514 410 91 70 319 293 490 244
is_linear=0
shrinkage=0.05


Tree=119
num_leaves=31
num_cat=0
split_feature=336 328 141 259 185 114 95 147 323 9 322 195 281 323 232 167 285 99 133 153 85 243 242 286 232 275 258 145 200 106
split_gain=0.286847 0.352398 0.574852 0.344601 0.687538 0.689398 0.826301 0.572547 0.778906 0.709409 0.666323 0.882667 0.867267 0.590037 0.660765 0.575685 0.716532 0.570252 0.558555 0.554409 0.542144 0.670235 0.7488 0.727452 0.724007 0.537787 0.866568 0.713447 0.629322 0.536608
threshold=-0.070636489991388121 0.064275192165725442 -0.0054168026178457547 0.025042979742133552 -0.015241653514746866 -0.011051565540333241 0.037427117137671655 0.00097922595535264857 0.032467807896323982 0.023301058727716952 -0.006994918472849815 -0.0087000550234653719 -0.013772573073637983 0.017360677879263948 0.025372947274699468 0.0011642387634410521 -0.019129618142574894 -0.020549891125118909 0.01268904036189559 0.038464093794665359 -0.41339940081624998 -0.020248641446153088 -0.013433523816764525 0.0064135329395990084 0.0042427867873609153 -0.0033427368671083164 0.014950743019359633 0.0050157823297332293 -0.0011771895876464269 0.033920606096036428
decision_type=2 2 2 2 2 2 2 2 2 2 2 2 2 2 2 2 2 2 2 2 2 2 2 2 2 2 2 2 2 2
left_child=-1 3 -3 4 5 18 25 9 10 15 13 12 -12 14 -9 16 -6 -17 -2 29 -13 -22 24 -24 -23 26 27 -7 -27 -11
right_child=1 2 -4 -5 7 6 -8 8 -10 19 11 20 -14 -15 -16 17 -18 -19 -20 -21 21 22 23 -25 -26 28 -28 -29 -30 -31
leaf_value=-0.0044812522176653144 0.0016915148985132856 -0.001752394624054432 0.0097252761945128448 -0.0011875500775031037 0.008581036328936793 0.017801397414878014 0.013644031443717806 -0.002004755625273988 0.0078393928515605431 -0.0029524100181891211 0.014629927496813858 0.0083437933784443891 0.0022158240789876267 0.0034158641356043518 -0.011264462541788818 -0.0064039697798434648 0.00050107157490340869 0.00052724899556679168 -0.0076390455568047331 0.0044262899435125293 -0.0058475939378272307 0.012428010243456812 0.0019169635123236933 -0.0062433807274580684 0.0010145819604848369 0.0047994739601909669 -0.0012307260172251106 0.0044461856782436375 -0.0040210026352164837 -0.0093239013515856294
leaf_weight=35 53 20 24 462 35 20 22 84 39 155 24 20 34 34 25 50 127 73 23 20 43 24 72 44 33 42 22 20 39 42
leaf_count=35 53 20 24 462 35 20 22 84 39 155 24 20 34 34 25 50 127 73 23 20 43 24 72 44 33 42 22 20 39 42
internal_value=-1.02873e-11 9.09239e-05 0.00450815 -2.46966e-05 0.000416024 0.00280811 0.00462305 -0.000173438 0.00106894 -0.00135147 0.000464714 0.00182637 0.00735269 -0.00233477 -0.00412854 0.000288642 0.00224674 -0.00229032 -0.00113221 -0.00350554 0.000468201 -0.000261021 0.00112755 -0.00117834 0.00582024 0.00323521 0.00673993 0.0111238 0.000552578 -0.0043108
internal_weight=1760 1725 44 1681 1219 241 165 978 476 502 437 294 58 143 109 285 162 123 76 217 236 216 173 116 57 143 62 40 81 197
internal_count=1760 1725 44 1681 1219 241 165 978 476 502 437 294 58 143 109 285 162 123 76 217 236 216 173 116 57 143 62 40 81 197
is_linear=0
shrinkage=0.05


Tree=120
num_leaves=31
num_cat=0
split_feature=322 318 200 161 124 153 200 172 217 137 279 9 199 277 315 187 134 187 306 278 245 192 281 168 275 286 265 158 317 222
split_gain=0.287555 0.694314 0.558428 0.528025 0.627853 0.593194 0.508401 0.657643 0.801303 0.731821 0.583012 0.773072 0.647936 0.550014 1.10091 0.983978 0.810144 0.716677 1.01985 0.607229 0.853935 0.678787 0.635304 0.572261 0.520392 0.512846 0.492259 0.711569 0.530027 0.626812
threshold=0.020726065782862086 -0.044310491901118278 -0.011230173425023754 -0.029672072699342137 -0.0051645402161533413 -0.0028218693018524595 0.0016173549582169727 -0.036034737808401156 -0.077718963117721834 0.0027606749672133696 0.022685233907534279 0.014092253521126762 -0.0043942748138369432 -0.0055075403080225771 0.022811802382586972 0.013347906248705186 -0.00043316319424866471 0.0057812085448191207 -0.01416746758301826 0.0053985242725843935 0.014048330523546945 -0.010435491567081146 -0.019867979724288852 -0.0057258103220907955 -0.029876866049912524 -0.00050514217913273966 -0.020791776290477015 0.0043622545152439832 -0.010802810147317666 -0.0041701768130940906
decision_type=2 2 2 2 2 2 2 2 2 2 2 2 2 2 2 2 2 2 2 2 2 2 2 2 2 2 2 2 2 2
left_child=6 -2 -3 -4 5 -5 13 9 -9 -8 24 -12 -13 19 17 16 -16 18 -15 20 21 -1 -21 -23 -10 -24 27 -26 -28 -30
right_child=1 2 3 4 -6 -7 7 8 10 -11 11 12 -14 14 15 -17 -18 -19 -20 22 -22 23 25 -25 26 -27 28 -29 29 -31
leaf_value=-0.0018562597339041532 0.0050927953197596933 -0.0053523463597434529 -0.0069589111643532922 0.0092507157707586891 -0.0020591863465597273 0.00049251167842283337 0.010115547574657414 0.0042676520181603025 0.0024449017154696733 -0.00042389768292196102 -0.013065393213182688 0.0035866825422272083 -0.0067248638948046559 0.010564363468438387 -0.00076663693747459319 0.015173128486128042 0.010500375524214987 -0.0015935799829573005 0.0013782303373947335 0.0037571638318089151 -0.0033133276602333919 0.00080315199006220398 -0.0018426233920288962 0.0096000166295590467 0.0057256509225035827 -0.0095837455522269008 0.0002116495272763664 -0.0041212579082639421 -0.0012245491872277313 -0.0073482179701386489
leaf_weight=36 39 89 30 29 132 58 28 58 81 40 25 25 39 36 39 27 27 152 188 24 65 29 46 51 43 40 82 32 74 96
leaf_count=36 39 89 30 29 132 58 28 58 81 40 25 25 39 36 39 27 27 152 188 24 65 29 46 51 43 40 82 32 74 96
internal_value=-6.61099e-12 -0.00122409 -0.00195297 -0.000737926 0.000114264 0.00341191 0.000333683 -0.000725144 -0.00129377 0.00391587 -0.00194279 -0.00560941 -0.00269692 0.00120164 0.00226116 0.00713211 0.0038426 0.00105638 0.00285457 -0.000505972 0.00127459 0.0038454 -0.00343581 0.00641115 -0.00114297 -0.00544315 -0.00203171 0.0015243 -0.00309004 -0.00468262
internal_weight=1760 377 338 249 219 87 1383 623 555 68 497 89 64 760 469 93 66 376 224 291 181 116 110 80 408 86 327 75 252 170
internal_count=1760 377 338 249 219 87 1383 623 555 68 497 89 64 760 469 93 66 376 224 291 181 116 110 80 408 86 327 75 252 170
is_linear=0
shrinkage=0.05


Tree=121
num_leaves=31
num_cat=0
split_feature=241 292 150 123 308 89 274 107 299 279 113 264 186 220 314 257 214 255 325 168 108 172 130 336 172 85 104 200 294 329
split_gain=0.279246 0.295918 1.08324 0.409673 0.446784 0.423084 0.443907 0.405645 0.524212 0.67633 0.487299 0.400396 0.415749 0.389911 0.455356 0.405212 0.566456 0.712871 0.457981 0.665975 0.675462 0.802123 0.517487 0.499283 0.611523 0.564074 0.688371 0.748216 0.798492 0.623241
threshold=0.12661493437271712 -0.03559928066446947 -0.032301422470609409 0.039662628057350338 -0.014982520332460727 -0.099255942125487356 -0.018867693244188712 -0.046962257305699993 0.017142465505699849 -0.0044060714353650028 -0.0076251736635641028 0.015542977048082536 -0.0039766086303864795 -0.14251220101537082 0.0013783569940892255 0.044555719626595845 0.0015373982210347764 0.051942066416574256 0.023408335376732346 0.0030415948782044435 1.0000000180025095e-35 0.0051432105667284424 0.080488071746426748 -0.023797172036557235 0.006321214518225639 0.15527088313103229 -0.0082022042529342684 -0.0041165325335737772 0.0079447255562823515 -0.0049655251352592614
decision_type=2 2 2 2 2 2 2 2 2 2 2 2 2 2 2 2 2 2 2 2 2 2 2 2 2 2 2 2 2 2
left_child=1 2 -1 4 -4 -6 -7 8 9 11 -11 12 -3 14 -9 18 17 -17 22 20 -20 -22 23 24 -15 -25 27 29 -29 -27
right_child=-2 7 3 -5 5 6 -8 13 -10 10 -12 -13 -14 15 -16 16 -18 -19 19 -21 21 -23 -24 25 -26 26 -28 28 -30 -31
leaf_value=0.0098249493665727126 -0.0047826575208455326 -0.0084411976947670886 -0.0039660494026657759 0.0055894933895615402 -0.0052877157128282956 -0.001657629371911753 0.0050369611131743748 -0.0082465479921164184 0.0015311451916932128 -0.014259244038257748 -0.0048464939384509562 0.0049272378123450013 0.0011921392322013467 0.00072641241655219352 0.0015602985420264306 -0.0024718044021913195 -0.0070107321812619659 0.0077956904487853701 -0.0031632041114909182 -0.0051764736157636363 -0.00033567501370617678 0.010589685361732597 0.0088758747647738178 0.0022416024383796452 -0.0064122350578448579 0.001757981045153903 -0.0052434015733700615 0.0006647676844815059 0.01126783794651811 -0.010013446038250219
leaf_weight=35 30 21 63 32 21 40 65 29 60 20 44 22 24 80 20 73 43 22 61 77 42 28 21 550 48 23 62 56 26 22
leaf_count=35 30 21 63 32 21 40 65 29 60 20 44 22 24 80 20 73 43 22 61 77 42 28 21 550 48 23 62 56 26 22
internal_value=8.77042e-13 8.29363e-05 0.00165207 0.000357728 -0.000528073 0.00119091 0.00248664 -0.000189587 -0.00233935 -0.0041121 -0.00778798 -0.000600815 -0.00330342 0.000130448 -0.00424375 0.00030414 -0.00224926 -9.40688e-05 0.000625645 -0.00148621 0.000682881 0.00403447 0.00112031 0.000932462 -0.00195058 0.00143183 -0.000924669 0.00118369 0.00402672 -0.00399694
internal_weight=1760 1730 256 221 189 126 105 1474 191 131 64 67 45 1283 49 1234 138 95 1096 208 131 70 888 867 128 739 189 127 82 45
internal_count=1760 1730 256 221 189 126 105 1474 191 131 64 67 45 1283 49 1234 138 95 1096 208 131 70 888 867 128 739 189 127 82 45
is_linear=0
shrinkage=0.05


Tree=122
num_leaves=31
num_cat=0
split_feature=173 173 308 11 259 257 199 336 141 122 138 244 244 106 322 207 287 287 105 329 283 284 134 164 323 100 149 301 312 264
split_gain=0.282482 0.531856 0.755129 0.551935 0.445013 0.411429 0.494286 0.420418 0.544097 0.464405 0.713152 0.561349 1.18352 0.67177 0.512248 0.519473 0.461172 0.663983 0.647536 0.649663 0.62921 0.63828 0.65564 0.552948 0.52404 0.518509 0.513688 0.491162 0.645156 0.496577
threshold=-0.073183740124007496 -0.041121513591709381 -0.00075456991136494539 2.55228483319316 0.013338603989732951 0.044555719626595845 -0.010287602066530196 -0.043057213719933464 0.018035626910114861 -0.046975782400364173 -0.02646817568263209 0.003269046450515253 0.0015185031925778047 0.10072941190815972 -0.006994918472849815 0.0036006570839740514 -0.0017011416341720872 -0.00418369192167706 -0.012950737669189399 -0.018359920966902116 0.022713716498309836 0.010313060321425734 0.0026048835530999197 -0.007321077152892091 0.01147666281254668 0.042753902410097001 -0.0016872982277806191 0.027856792122603152 0.0077656831285225006 1.0000000180025095e-35
decision_type=2 2 2 2 2 2 2 2 2 2 2 2 2 2 2 2 2 2 2 2 2 2 2 2 2 2 2 2 2 2
left_child=-1 2 3 -2 -4 7 -7 8 -3 10 -9 12 13 16 -12 -16 17 18 23 -20 21 22 25 -11 -22 -18 -25 28 29 -21
right_child=1 5 4 -5 -6 6 -8 9 -10 11 14 -13 -14 -15 15 -17 20 -19 19 27 24 -23 -24 26 -26 -27 -28 -29 -30 -31
leaf_value=-0.0049820043828471437 0.0065513199350045242 -0.001020523875397689 0.014164954877924175 -0.0032248343629319044 0.003743609209500608 -0.0072555833931324922 -0.00081982360418108343 0.010459780389926612 -0.0097589029566101416 -0.0058967511149366266 -0.002113349964904422 -0.0012037542576693932 0.012105086016843257 0.0095922356066876092 0.0015902870495305048 0.01104743019444868 0.00016559532313193713 0.010572845810092987 0.010888252966105939 -0.0040697488010507715 0.0048525263383255709 -0.0060611010373880468 -0.0044492908417513325 -0.0025521617016888093 -0.0035967870764434338 0.0089921038865577434 0.0058566771629557481 -0.0032128508935463339 0.0088796321299506008 0.0060260218922935788
leaf_weight=28 22 79 20 42 21 42 103 26 23 46 58 537 23 20 53 20 99 20 24 29 69 75 70 42 25 20 32 34 37 21
leaf_count=28 22 79 20 42 21 42 103 26 23 46 58 537 23 20 53 20 99 20 24 29 69 75 70 42 25 20 32 34 37 21
internal_value=-1.43675e-11 8.05405e-05 0.00352953 0.000135719 0.00882719 -0.000142044 -0.00268397 0.000106661 -0.00299094 0.000335614 0.00289563 6.97783e-06 0.000954738 0.000567923 0.00139435 0.00418129 0.000287229 0.001788 0.00112499 0.00337346 -0.00090752 -0.00215832 -0.0006096 -0.0015919 0.00260537 0.00164904 0.00108409 0.00188292 0.00387437 0.000170475
internal_weight=1760 1732 105 64 41 1627 145 1482 102 1380 157 1223 686 663 131 73 643 285 265 145 358 264 189 120 94 119 74 121 87 50
internal_count=1760 1732 105 64 41 1627 145 1482 102 1380 157 1223 686 663 131 73 643 285 265 145 358 264 189 120 94 119 74 121 87 50
is_linear=0
shrinkage=0.05


Tree=123
num_leaves=31
num_cat=0
split_feature=277 169 186 287 206 267 267 322 136 239 230 104 325 227 332 150 0 172 305 305 293 305 137 246 186 285 323 321 259 315
split_gain=0.267578 0.297154 0.531338 0.603894 0.492352 0.465369 0.457184 0.491238 0.560071 0.438696 0.436349 0.595838 0.614877 0.736805 0.456583 0.584223 0.762406 0.544099 0.74965 0.637203 0.736727 0.584221 0.58015 0.549216 0.541077 0.629246 0.586167 0.556428 0.704063 0.682763
threshold=-0.086563453670816456 -0.010712751923431079 0.011858362386538094 -0.047370988479519982 -0.025841850079833004 0.071390753052045217 -0.011156958294233634 0.020726065782862086 -0.01961657706163392 0.0087345017767707697 -0.016370306701466424 -0.015424637102539581 -0.0021529214778876278 0.057128224475676857 0.0086276369658489973 0.0061189045051419826 3.9981586158983733 -0.022236635203704409 -0.0075746252232392194 -0.026073111580821377 -0.014155962208867241 -0.00027862130711125049 0.023060270105687553 -0.0039000213047717344 -0.0024898893881656848 -0.019807065857543955 0.011026754860218943 0.0042914187487327398 -0.0013877276330075724 0.0024980561014030156
decision_type=2 2 2 2 2 2 2 2 2 2 2 2 2 2 2 2 2 2 2 2 2 2 2 2 2 2 2 2 2 2
left_child=-1 2 3 -2 -5 10 9 8 -8 -6 11 12 13 -3 15 16 -12 23 19 -19 -21 -20 -23 -16 25 -18 27 29 -29 -26
right_child=1 5 -4 4 6 -7 7 -9 -10 -11 14 -13 -14 -15 17 -17 24 18 21 20 -22 22 -24 -25 26 -27 -28 28 -30 -31
leaf_value=-0.0036430539278199479 0.0087701917334925394 0.010317146235943906 -0.0015393365066013005 0.0076256751575662449 0.0063881065714542348 0.0042430962017668342 0.0078384392700778949 -0.0050706639238025835 -0.00061298014343690098 -0.0005797410750568127 -0.010270756662178498 -0.003682770129857846 -0.0025745783764250518 -0.001259072394006782 0.012946022488176823 0.0012284623048707253 0.0022850316900075995 0.00066842164832147928 -0.0088024288841077811 0.001997887321472676 0.014796243948133095 0.0014664924806390791 -0.0073165107417203813 0.0014977556685070422 0.0022528485703332993 -0.0057704599329590567 -0.0050898316017805763 0.012538938683903086 0.000417264761403203 -0.0069486763652613654
leaf_weight=49 32 28 129 30 58 54 24 46 107 37 26 207 64 27 20 227 32 60 23 22 23 103 23 22 72 100 39 23 25 28
leaf_count=49 32 28 129 30 58 54 24 46 107 37 26 207 64 27 20 227 32 60 23 22 23 103 23 22 72 100 39 23 25 28
internal_value=-1.5029e-11 0.000104331 0.00118614 0.0022388 0.00154673 -0.000297015 0.000876261 -0.000625519 0.000935372 0.00367431 -0.000502347 -0.00206203 0.000757245 0.00463428 8.34318e-05 -0.0007415 -0.00203768 0.00167756 0.000805849 0.00404164 0.00853927 -0.00147441 -0.000136754 0.00694931 -0.00136664 -0.00381761 0.000363454 0.00180047 0.00622557 -0.000323578
internal_weight=1760 1711 463 334 302 1248 272 177 131 95 1194 326 119 55 868 572 345 296 254 105 45 149 126 42 319 132 187 148 48 100
internal_count=1760 1711 463 334 302 1248 272 177 131 95 1194 326 119 55 868 572 345 296 254 105 45 149 126 42 319 132 187 148 48 100
is_linear=0
shrinkage=0.05


Tree=124
num_leaves=31
num_cat=0
split_feature=210 282 210 320 214 295 108 115 333 1 106 220 193 169 266 92 254 313 274 215 153 224 279 278 90 293 120 281 280 297
split_gain=0.260161 0.66161 0.553681 0.50276 0.469073 0.33658 0.578145 0.747392 0.658921 0.970181 0.76665 0.512142 0.464441 0.458248 0.438745 0.450515 0.416062 0.803406 0.555284 0.822056 0.762883 0.734932 0.733245 0.807643 0.665092 0.595748 0.635122 0.58583 0.572405 0.553807
threshold=0.020398707923847934 0.0064631360464357445 0.017276416138774311 0.0030345484948897578 -0.031244620907491173 0.024355832911731688 -0.072019388710281254 -0.024133297079356922 -0.028797188797279227 3.9981586158983733 0.016016214539352029 -0.14251220101537082 -0.011110122315795182 0.0012789729667377662 -0.028497615128459757 0.0098191524034911774 -0.037607512980662047 -0.020258572718572548 -0.0021450632357762588 -0.097372736804606549 -0.0056836923199034507 -0.00080371393143675884 -0.0073502367332247678 -0.0078218432916631105 0.11861936771000502 -0.014155962208867241 0.018502400103587911 0.012093418029746552 0.0092997341880518298 -0.06542637712921158
decision_type=2 2 2 2 2 2 2 2 2 2 2 2 2 2 2 2 2 2 2 2 2 2 2 2 2 2 2 2 2 2
left_child=2 -2 5 4 -4 11 -7 14 9 -9 12 13 -10 -1 -8 -16 17 -13 20 -20 21 -18 -23 -24 25 27 28 -22 -27 -21
right_child=1 -3 3 -5 -6 6 7 8 10 -11 -12 16 -14 -15 15 -17 18 -19 19 29 24 22 23 -25 -26 26 -28 -29 -30 -31
leaf_value=-0.00029352727758053405 -0.0085554656749270083 0.0025439169257879257 0.011794167341521153 -0.00050412959729631741 0.0025453597708637345 0.0050676217507345661 -4.6918120157594487e-05 0.01301095796748996 -0.0070138219258059631 -0.00086741984722560599 -0.0089119992755127674 0.0051244811733450859 0.00071738724721362814 -0.010098423652181571 -0.01165272044332547 -0.0035510742010956167 -0.0010329244221470111 -0.003597909475413899 0.011653939501515456 -0.0050310224643908448 -0.0018734172161202879 -0.00044500309375247781 0.015511962190270423 0.0036734748597475977 -0.010044554122926101 0.00078176465848138412 0.005067550500526148 -0.010839835716480459 -0.0056431269244337908 0.0019664515286510835
leaf_weight=26 29 25 26 39 29 31 24 20 23 34 33 33 125 22 37 32 90 132 21 30 56 35 25 34 23 104 51 27 52 492
leaf_count=26 29 25 26 39 29 31 24 20 23 34 33 33 125 22 37 32 90 132 21 30 56 35 25 34 23 104 51 27 52 492
internal_value=-3.63798e-12 -0.00341686 0.000108154 0.00383833 0.00691752 -0.000109362 -0.00145913 -0.00207599 -0.000574526 0.00427272 -0.00202067 0.000277363 -0.000484084 -0.00478744 -0.00587001 -0.00789544 0.000479115 -0.00185343 0.000849182 0.0019545 -0.000358444 0.00219652 0.00528853 0.00868978 -0.0018604 -0.00121131 0.0002237 -0.0047902 -0.00135987 0.0015643
internal_weight=1760 54 1706 94 55 1612 359 328 235 54 181 1253 148 48 93 69 1205 165 1040 543 497 184 94 59 313 290 207 83 156 522
internal_count=1760 54 1706 94 55 1612 359 328 235 54 181 1253 148 48 93 69 1205 165 1040 543 497 184 94 59 313 290 207 83 156 522
is_linear=0
shrinkage=0.05


Tree=125
num_leaves=31
num_cat=0
split_feature=173 173 308 330 323 259 300 105 130 97 278 87 87 194 295 310 267 261 261 190 249 177 136 167 263 192 308 102 166 209
split_gain=0.255966 0.458921 0.680803 0.487038 0.422701 0.394396 0.369211 0.732287 0.653803 0.715719 0.562411 0.540568 0.502883 0.588408 0.492721 0.645378 0.632448 0.67549 0.850118 0.662177 0.588403 0.568719 0.561737 0.70329 0.599258 0.588979 0.561973 0.668277 0.586404 0.55707
threshold=-0.073183740124007496 -0.041121513591709381 -0.00075456991136494539 0.013777299502425379 -0.016627773787107617 0.013338603989732951 0.023284622269392177 0.049309427242798354 0.047486061789377455 0.0030384737872541944 0.019297464244051543 0.017940511405993117 0.015528499173895796 0.0010145451215614134 0.023453657804595535 0.017458586281835092 -0.016629337587894824 -0.01088976164526227 -0.01880238325391238 -0.026890725344637659 -0.017435994256808092 0.024351146967598065 0.0030729555296058757 -0.0073212765963636345 -0.0078130973727578313 0.0015181374212695127 -0.014533334576667624 -0.011355274114072987 0.0013731034008072102 0.28816131394529104
decision_type=2 2 2 2 2 2 2 2 2 2 2 2 2 2 2 2 2 2 2 2 2 2 2 2 2 2 2 2 2 2
left_child=-1 2 3 4 -2 -4 14 8 9 -8 12 -9 -11 -14 15 16 19 18 -18 -3 -17 22 23 24 -19 -26 -24 -28 -29 -20
right_child=1 6 5 -5 -6 -7 7 11 -10 10 -12 -13 13 -15 -16 20 17 21 29 -21 -22 -23 26 -25 25 -27 27 28 -30 -31
leaf_value=-0.0047424138989299539 0.0022460867251668658 -0.0056236601457931102 0.013335678311996163 0.0065275244927033779 -0.0075655081289132016 0.0035248979393924986 0.0018906509109244797 0.010179413754182558 0.0077275435785176582 -0.0053690887846504203 -0.0072160680981480756 0.00049186509568244219 0.0087184166945834564 -0.0021254463426383405 -0.0024315328889043582 0.0018179835745631237 -0.0005075574382951781 -0.0045182430806259312 -0.0037394151945287983 0.0039509045581648788 -0.00409612189526586 0.006919108113248109 -0.0031384857429657131 -0.0034813218924251419 0.010228250728085123 -0.00048592626724554147 0.010484859939970193 -0.00072849796390449955 0.0087063074324522979 -0.014214431707329245
leaf_weight=28 21 20 20 20 23 21 157 36 27 33 51 24 22 29 271 58 119 21 30 186 153 36 32 135 29 23 32 58 23 22
leaf_count=28 21 20 20 20 23 21 157 36 27 33 51 24 22 29 271 58 119 21 30 186 153 36 32 135 29 23 32 58 23 22
internal_value=4.80957e-12 7.66672e-05 0.00328046 5.79941e-05 -0.0028827 0.00831064 -0.000130092 0.00123669 0.000283523 -0.000404794 -0.00307431 0.00630439 -0.000559675 0.0025523 -0.000545167 -2.19267e-05 0.000652534 -0.000218846 -0.00283801 0.00302134 -0.00247044 0.000932508 0.000321976 -0.00134336 0.00261041 0.00548929 0.00271087 0.00436732 0.00195052 -0.00817115
internal_weight=1760 1732 105 64 44 41 1627 379 319 292 135 60 84 51 1248 977 766 560 171 206 211 389 353 208 73 52 145 113 81 52
internal_count=1760 1732 105 64 44 41 1627 379 319 292 135 60 84 51 1248 977 766 560 171 206 211 389 353 208 73 52 145 113 81 52
is_linear=0
shrinkage=0.05


Tree=126
num_leaves=31
num_cat=0
split_feature=321 177 170 312 246 255 137 137 111 125 138 160 326 302 271 174 316 116 301 181 314 257 274 274 126 125 279 228 228 144
split_gain=0.25455 0.28967 0.348027 0.628855 0.639666 0.551751 0.416204 0.519595 0.508526 0.563473 0.634325 0.642533 0.576232 0.499294 0.664756 0.877552 0.49916 0.479067 0.472516 0.461624 0.518454 0.472146 0.453792 0.556401 0.643025 0.530552 0.837194 0.677742 0.585732 0.47439
threshold=-0.068149475890040292 0.052276444494178266 -0.028215407133168401 -0.046006351535027835 -0.014348537400707561 0.040111270850408297 0.0073734142857176171 0.0087399925202811968 0.0064294487677533209 -0.015627950258933987 0.010243802005774485 0.0065136714093250577 -0.017059719728342981 -0.021197830132633846 0.0090239142465756133 -0.0047829608127100557 0.011372282741324789 0.0068466961527112518 -0.0090632632530254168 -0.014371451267178346 0.0031643393215923074 -0.0064769811714595416 0.00029400939320428827 0.014907951413939389 0.006688115960323769 0.005300707619614548 0.015874812834537604 0.001745403382005012 0.014744961085988826 -0.0078742118551595325
decision_type=2 2 2 2 2 2 2 2 2 2 2 2 2 2 2 2 2 2 2 2 2 2 2 2 2 2 2 2 2 2
left_child=-1 2 3 -2 -5 -6 8 -8 13 10 11 -10 18 14 15 -4 -15 -17 -11 -18 21 -21 25 24 -24 27 -27 29 -29 -9
right_child=1 -3 6 4 5 -7 7 22 9 12 -12 -13 -14 16 -16 17 19 -19 -20 20 -22 -23 23 -25 -26 26 -28 28 -30 -31
leaf_value=-0.0038458039984107018 0.0088037577502789992 -0.0033793464216708754 0.012625041537642205 0.0062380981247406458 -0.0032584979969358663 0.0058976159918875922 -0.0071653418339503172 -0.004543088415844573 0.01666343984659761 0.00039745063477312218 0.0011093179256256138 0.0039893254963681108 -0.00041862899933928726 -0.0021306095986824911 -0.0023633369540965016 -0.00367509939651427 0.0059841891319956635 0.0058748594987013472 0.008595304372601021 0.008201014057461483 -0.0042440345278009772 -0.00085270575687496205 0.00063247077990896423 -0.00077791934265715489 0.009555957669561561 -0.0020943149164491899 0.0083569909894356028 -0.013541285823642588 -0.0043621228843380424 0.0025003060369807131
leaf_weight=42 31 58 27 40 76 21 33 45 20 32 35 20 180 313 44 24 40 29 39 24 47 36 52 188 33 66 27 24 63 51
leaf_count=42 31 58 27 40 76 21 33 45 20 32 35 20 180 313 44 24 40 29 39 24 47 36 52 188 33 66 27 24 63 51
internal_value=1.04952e-11 9.40185e-05 0.000215377 0.00237288 0.000917723 -0.00127625 -2.75594e-05 -0.00107179 0.000640292 0.00222228 0.00602509 0.0103264 0.00108598 -0.000242805 0.00257305 0.00528806 -0.00100186 0.00155035 0.0049005 0.00140153 -0.000311614 0.00276878 -0.000705515 0.000739876 0.00409688 -0.0021352 0.000939935 -0.00369797 -0.00689431 -0.000801285
internal_weight=1760 1718 1660 168 137 97 1492 582 910 326 75 40 251 584 124 80 460 53 71 147 107 60 549 273 85 276 93 183 87 96
internal_count=1760 1718 1660 168 137 97 1492 582 910 326 75 40 251 584 124 80 460 53 71 147 107 60 549 273 85 276 93 183 87 96
is_linear=0
shrinkage=0.05


Tree=127
num_leaves=31
num_cat=0
split_feature=289 130 283 146 299 147 67 210 147 328 319 131 313 194 194 300 251 150 1 7 206 81 127 233 54 217 206 216 157 336
split_gain=0.248254 0.618484 0.613106 0.623652 0.405364 0.404834 0.459924 0.511382 0.48163 0.540887 0.459676 0.645801 1.00707 0.553362 0.68164 0.580939 0.62975 0.558393 0.769502 0.782806 0.747568 0.677582 0.647685 0.515583 0.457792 0.450813 0.439957 0.430412 0.428185 0.554916
threshold=-0.037282916975597366 0.015488808741268021 -0.01842247049202687 0.0123417624798182 -0.0092835026933127448 0.0005856145884423628 2.6735537653587347 0.020398707923847934 -0.0017937569785697069 0.010629260775285133 -0.031019771922965279 -0.002935609337638373 -0.0064689629723614986 0.0075312205396318608 0.012060669894155223 -0.043590917177921872 -0.01149269630017827 -0.002045572296726353 4.9938224302714262 0.76649344482840498 0.013471154279741311 -0.51858814936307829 0.01194915717317927 0.013886365237936708 1.0000000180025095e-35 -0.0019443107052465737 -0.0015731086035883841 -0.010508607403922864 0.012879967127177571 -0.0044706281453185314
decision_type=2 2 2 2 2 2 2 2 2 2 2 2 2 2 2 2 2 2 2 2 2 2 2 2 2 2 2 2 2 2
left_child=1 2 -1 4 -4 6 7 8 -2 -10 11 12 -7 17 -15 -16 -17 21 20 -20 26 -12 24 27 -23 -24 28 -18 29 -19
right_child=5 -3 3 -5 -6 10 -8 -9 9 -11 13 -13 -14 14 15 16 23 18 19 -21 -22 22 25 -25 -26 -27 -28 -29 -30 -31
leaf_value=-0.0037201648777616877 -0.00019223620390724019 -0.0055333762283279455 0.004558617998554837 0.0094163809646852312 -0.0028735232520523636 0.00048086544099662986 0.0050411665971790039 -0.0085151634378624816 -0.0014996790223651463 -0.011065955252640626 -0.0078803641900706753 0.0010086375718930032 0.015333361305762084 -0.0063238223634211211 -0.0071179846990043708 0.0059298362150522217 -7.5244312532819245e-05 -0.00016409529770802087 0.016305800843983888 0.0039055809618106911 0.0083167202540525148 0.0045159177275084115 -0.0083283290732651949 0.0044245033015322408 -0.0038225660100579262 0.00021603147891399111 -0.0041793878835795278 -0.0095776771458490253 -0.0027853035878750588 0.0097163982689380656
leaf_weight=63 662 68 32 25 43 21 35 21 45 22 26 74 25 56 23 49 26 30 20 35 33 93 26 25 20 38 44 22 31 27
leaf_count=63 662 68 32 25 43 21 35 21 45 22 26 74 25 56 23 49 26 30 20 35 33 93 26 25 20 38 44 22 31 27
internal_value=1.08321e-11 -0.00152778 0.000143272 0.00257724 0.000297524 0.000230815 -0.000561241 -0.000822687 -0.000601093 -0.00464084 0.00106652 0.00390059 0.00855287 0.000521505 -0.0016385 0.000171005 0.00154516 0.00154789 0.00329293 0.00841475 0.00158566 -0.00034329 0.000763851 -0.00139798 0.00304008 -0.00325511 -9.71029e-05 -0.00443053 0.00194404 0.00451614
internal_weight=1760 231 163 100 75 1529 785 750 729 67 744 120 46 624 201 145 122 423 220 55 165 203 177 73 113 64 132 48 88 57
internal_count=1760 231 163 100 75 1529 785 750 729 67 744 120 46 624 201 145 122 423 220 55 165 203 177 73 113 64 132 48 88 57
is_linear=0
shrinkage=0.05


Tree=128
num_leaves=31
num_cat=0
split_feature=241 182 139 282 162 169 279 115 317 297 269 92 106 186 91 199 257 328 320 97 276 310 328 229 161 244 298 235 257 190
split_gain=0.240064 0.25425 0.338278 0.448996 0.634398 0.407949 0.391724 0.456671 0.378068 0.449183 0.443575 0.430107 0.376773 0.354503 0.336434 0.506862 0.367942 0.569576 0.634441 0.62738 0.530932 0.455066 0.558749 0.512943 0.441699 0.440211 0.419064 0.412768 0.446948 0.876064
threshold=0.12661493437271712 0.015100954824428692 -0.0054380430224799979 0.027022583022125294 -0.023752922459170756 -0.01656480726615046 -0.004126623872070718 0.0084670807399815796 -0.0026604092958304455 -0.0068762656808985514 0.013314248711277546 0.0043187772034396542 0.021260422949301552 0.0026798039070208561 0.14745610802328704 0.00060291079572162174 0.014168226671684223 -0.039478667118394394 0.041364977077684155 -0.0028542681897995212 1.0000000180025095e-35 -0.013459905130491409 -0.010050715004144657 0.021447047150025544 -0.013909654174866866 -0.0089667658327849294 -0.0011232576323504035 -0.089590010961758296 0.011454764004507682 0.0023714313296907957
decision_type=2 2 2 2 2 2 2 2 2 2 2 2 2 2 2 2 2 2 2 2 2 2 2 2 2 2 2 2 2 2
left_child=1 14 3 4 -3 -4 7 -6 9 -7 12 -11 -10 -8 16 -16 27 26 19 20 -19 22 -21 24 -23 -22 -18 -1 -29 -30
right_child=-2 2 5 -5 6 8 13 -9 10 11 -12 -13 -14 -15 15 -17 17 18 -20 21 25 23 -24 -25 -26 -27 -28 28 29 -31
leaf_value=0.0060740022221580153 -0.0044344525597989556 0.0095864288799930378 0.0021864814585900272 -0.0041108851879835132 0.0094678612848247221 -0.00066125406301580374 0.0012188248959968664 -0.0012170669931219893 -0.0012412263057508515 -0.013698156144131314 0.0028488787888948409 -0.004776399776871716 -0.0090696552345021202 -0.0072627132612152236 -0.0075596616465190896 0.001566872543430534 -0.0007693396590184421 -0.0017846518320441516 0.0079549062065780163 0.00035970560973510148 0.010794696992351896 -0.0032552793518334511 -0.010013186065731823 -0.0073077808665719043 0.004465097971578044 0.0022407082353173842 -0.010569109390295733 0.00061046566636408005 0.011785893604302636 -0.0017710096657868814
leaf_weight=40 30 24 44 35 20 30 28 20 51 22 42 35 22 22 32 29 20 56 23 20 21 32 37 23 44 53 24 833 26 22
leaf_count=40 30 24 44 35 20 30 28 20 51 22 42 35 22 22 32 29 20 56 23 20 21 32 37 23 44 53 24 833 26 22
internal_value=-6.49157e-12 7.6898e-05 -0.00103745 0.000842662 0.00236349 -0.00217621 0.00043737 0.0041254 -0.0031265 -0.00561346 -0.00124506 -0.00821988 -0.00360048 -0.00251305 0.00040661 -0.00322082 0.000580294 -0.000792222 -3.43328e-05 -0.000676824 0.00188851 -0.0028146 -0.00637357 -0.000765491 0.00121441 0.00466819 -0.00611467 0.00110635 0.000880805 0.00557231
internal_weight=1760 1730 395 149 114 246 90 40 202 87 115 57 73 50 1335 61 1274 353 309 286 130 156 57 99 76 74 44 921 881 48
internal_count=1760 1730 395 149 114 246 90 40 202 87 115 57 73 50 1335 61 1274 353 309 286 130 156 57 99 76 74 44 921 881 48
is_linear=0
shrinkage=0.05


Tree=129
num_leaves=31
num_cat=0
split_feature=165 165 91 91 98 285 251 296 153 159 189 159 276 290 310 162 109 222 312 241 233 108 94 0 222 287 295 130 179 144
split_gain=0.237205 0.292483 0.408585 0.617615 0.528419 0.614474 0.593131 0.466953 0.37679 0.418168 0.509587 0.496819 0.423172 0.389346 0.370402 0.443468 0.587447 0.441135 0.722576 0.844678 0.654886 0.666598 0.630829 0.588535 0.551577 0.702353 0.653671 0.610666 0.838179 0.568915
threshold=0.057822073162986189 0.042987452014275951 0.14745610802328704 0.094059338084064345 -0.038529781480578347 -0.002855470541798829 -0.0027336552191063275 -0.0044875108422882818 -0.086142950101293372 0.044954797281715773 0.01930084720540436 0.040353157189107543 0.0082057292291226238 -0.099838902808241939 -0.028169735618809637 0.0094895634036143862 -0.02404405657975878 0.0020421600340984002 0.0069789330323602131 -0.047371028882311962 0.028705283791465478 0.052813902472034324 -0.051526372237794361 5.8777318586263663 -0.0032283404205469299 -0.002249826496089524 0.011083344766669638 -0.01028982469330062 0.0017119160253991018 0.017001718683683654
decision_type=2 2 2 2 2 2 2 2 2 2 2 2 2 2 2 2 2 2 2 2 2 2 2 2 2 2 2 2 2 2
left_child=1 2 3 8 -5 -6 -7 -4 -1 11 12 13 -11 -10 15 16 -15 24 19 -19 21 -21 23 -20 25 -16 27 -26 -29 -27
right_child=-2 -3 7 4 5 6 -8 -9 9 10 -12 -13 -14 14 17 -17 -18 18 22 20 -22 -23 -24 -25 26 29 -28 28 -30 -31
leaf_value=0.0063702718804548074 -0.0032626340935368921 0.0035030368216465548 0.0012409057251976006 -0.0027235879868385384 0.011729734889896853 0.0087551590419657852 -0.001771434515103465 -0.0070949803633127547 -0.0067504685245115652 -0.0023264292423846203 0.0029139847782928322 0.0066967602357854723 -0.010914204366361866 0.00270146496522312 0.0024538379868048726 0.00082030545397684344 -0.0057902298637967997 0.0046642038312839423 0.0011244916114956142 -0.0031869405413805663 -0.0096786168936107836 0.0061540964392146902 -5.7345990932603572e-05 0.012086207342023652 0.0017433396369253972 -0.00040584881932469825 -0.00054888637205294797 0.015107420478016137 0.0037180296832229941 -0.0066519800408018958
leaf_weight=22 54 61 28 24 28 23 32 42 22 32 21 27 26 26 196 82 94 38 25 211 35 21 147 24 53 192 64 30 35 45
leaf_count=22 54 61 28 24 28 23 32 42 22 32 21 27 26 26 196 82 94 38 25 211 35 21 147 24 53 192 64 30 35 45
internal_value=-1.80972e-12 0.000103272 -2.27982e-05 0.000143327 0.00381074 0.00570018 0.0026306 -0.00376063 -0.000123984 -0.00022279 -0.00375976 -1.83855e-05 -0.00617612 -0.000153691 -4.35776e-05 -0.00201375 -0.00395036 0.000313032 -0.000788361 -0.00231056 -0.00330322 -0.00234142 0.00158036 0.0064935 0.00121026 0.000239469 0.0035199 0.0057267 0.00897467 -0.00159182
internal_weight=1760 1706 1645 1575 107 83 55 70 1468 1446 79 1367 58 1340 1318 202 120 1116 501 305 267 232 196 49 615 433 182 118 65 237
internal_count=1760 1706 1645 1575 107 83 55 70 1468 1446 79 1367 58 1340 1318 202 120 1116 501 305 267 232 196 49 615 433 182 118 65 237
is_linear=0
shrinkage=0.05


Tree=130
num_leaves=31
num_cat=0
split_feature=109 163 109 198 163 277 201 179 283 327 190 330 167 282 95 9 262 129 195 232 239 190 120 331 91 201 260 117 310 315
split_gain=0.22881 0.449532 0.364419 0.358349 0.281915 0.280258 0.578919 0.347571 0.32524 0.318518 0.640777 0.535405 0.337378 0.480467 0.560763 0.683235 0.533726 0.76482 1.12999 0.463075 0.428099 0.396514 0.39582 0.45052 0.691433 0.607378 0.55215 0.633798 0.627017 0.53787
threshold=-0.073678408423036953 -0.022517372869408664 -0.064019399514233924 0.0075576262108128745 -0.00070136672020971221 0.061067057145875001 -0.0010615008293705739 0.0082627915927311335 -0.087447006686249565 0.056542373532349331 -0.015401757097484725 0.0050842025882776231 -0.0065640842604889746 0.038392006537947505 0.0036798366783950269 0.013080450330219351 0.0098391282526746008 -0.0051357542869420623 0.0025287873774110033 -0.0070868201666166499 0.0029595304308012087 -0.0059414990005728406 0.080118439372827713 0.00086781931300224677 -0.01363351714853848 -0.0041117821735902069 -0.001489774825098643 0.0013401505606556001 0.018997778511776985 0.025145854727806952
decision_type=2 2 2 2 2 2 2 2 2 2 2 2 2 2 2 2 2 2 2 2 2 2 2 2 2 2 2 2 2 2
left_child=1 -1 -2 4 -3 8 -7 -8 -4 12 -11 -12 13 14 16 -16 -10 20 -19 -15 -18 -17 23 24 26 -26 27 -14 -28 -27
right_child=2 3 5 -5 -6 6 7 -9 9 10 11 -13 22 19 15 21 17 18 -20 -21 -22 -23 -24 -25 25 29 28 -29 -30 -31
leaf_value=-0.0079264172406580593 0.0066985005280002959 0.0004253389399416526 -0.006257623141365392 0.0039028670216794126 -0.0062852496762984787 0.0075209997002840855 -0.0058172880252823234 0.0035043382039293652 0.0015508519722925735 -0.010865384786739015 -0.0058438096195459373 0.005198608002746883 -0.00043980006433638009 0.0030635078397134078 0.0056088237956698449 0.0020338178030215206 0.0059512985857785999 0.015666596139507258 0.00068870931747369471 -0.0056577680161636742 -0.0039227360556001907 -0.0041456289017364261 0.0055716758076515471 -0.0016504759972592138 -0.00068114835422067928 0.0031636247839778664 0.0031453250011774015 -0.0080809635781299554 -0.0067652442306280133 0.011811715479762782
leaf_weight=26 21 34 21 31 29 37 20 20 181 20 21 23 58 23 35 37 23 34 20 45 21 87 27 472 98 125 79 51 20 21
leaf_count=26 21 34 21 31 29 37 20 20 181 20 21 23 58 23 35 37 23 34 20 45 21 87 27 472 98 125 79 51 20 21
internal_value=-5.40772e-12 -0.00210757 0.000154213 -0.000498105 -0.00266366 6.93268e-05 0.00301322 -0.00115647 -7.76769e-05 7.64777e-06 -0.00344468 -7.16368e-05 0.000159294 0.00120236 0.00180944 -0.000560438 0.00316002 0.00613205 0.0101192 -0.00270792 0.00123869 -0.00230176 -0.000395694 -0.000570065 0.000558152 0.00236372 -0.00155991 -0.00401502 0.00114319 0.00440753
internal_weight=1760 120 1640 94 63 1619 77 40 1542 1521 64 44 1457 506 438 159 279 98 54 68 44 124 951 924 452 244 208 109 99 146
internal_count=1760 120 1640 94 63 1619 77 40 1542 1521 64 44 1457 506 438 159 279 98 54 68 44 124 951 924 452 244 208 109 99 146
is_linear=0
shrinkage=0.05


Tree=131
num_leaves=31
num_cat=0
split_feature=180 281 317 153 160 181 156 128 252 293 303 153 315 189 307 131 308 318 201 327 94 276 203 19 168 184 290 9 284 235
split_gain=0.225709 0.462224 0.443178 0.421188 0.402513 0.499343 0.44523 0.392857 0.384524 0.698768 0.590867 0.518202 0.40701 0.384388 0.381332 0.856415 0.825917 0.498615 0.514232 0.468958 0.474494 0.516375 0.658265 0.751833 0.645171 0.612507 0.574753 0.617038 0.553141 0.462235
threshold=-0.0085730550025928925 0.01091584091701569 -0.064730100757743131 0.025166593618096322 0.034944974997620684 -0.02730727986412114 0.012133833596442271 0.041087005650778892 -0.0088333125208931822 -0.018379453565495987 0.01955050975087019 -0.00086163570341157814 -0.00085961105253988871 -0.0034151334885852377 0.0062943456516728604 -0.033623449235043963 0.010882235696736011 -0.045622812770496617 0.0074128543040655045 -0.053345372069372156 0.08707192335969606 -0.0051334805520754428 -0.0045045366716583079 8.9761904761904781 0.014899731379781523 0.010423320725768025 0.0045961047916188149 0.021946824425404601 0.00430049308123017 0.0032970897774489815
decision_type=2 2 2 2 2 2 2 2 2 2 2 2 2 2 2 2 2 2 2 2 2 2 2 2 2 2 2 2 2 2
left_child=1 4 -2 8 5 6 -1 -7 9 -3 11 -10 -11 -5 17 16 -16 18 -4 -19 21 24 25 28 -21 -23 27 -25 -24 -28
right_child=2 3 14 13 -6 7 -8 -9 10 12 -12 -13 -14 -15 15 -17 -18 19 -20 20 -22 22 23 26 -26 -27 29 -29 -30 -31
leaf_value=0.011305547896440008 -0.0052303939095616125 -0.010756330170115689 0.00045395575974497101 -0.0020104017776988998 -0.0038219473849823503 -0.00041600055500361162 0.0014299978315830233 0.0069208219245774673 -0.00058178100527064619 -0.0064342071291651915 0.0042612955687218344 -0.0082072444732074392 0.003183608936061236 0.0071350890328176321 0.00098065593745559447 0.00098941237362450379 0.014873578487996662 -0.0078919849757637297 0.010587486367495288 -0.0029116414732777993 -0.0037471740972250703 0.0026423321387249957 -0.010178307954359938 0.00058903772663325069 0.0030549863902706422 0.01150384946869543 0.002101190110053202 0.0089798452834097247 0.00014306853059679271 -0.0072526553686475389
leaf_weight=21 34 40 31 27 47 208 25 20 56 22 32 37 22 20 20 404 23 21 21 185 86 78 27 50 60 26 28 39 25 25
leaf_count=21 34 40 31 27 47 208 25 20 56 22 32 37 22 20 20 404 23 21 21 185 86 78 27 50 60 26 28 39 25 25
internal_value=-7.98159e-13 -0.00081076 0.000395443 -0.00239544 0.000453032 0.00118633 0.0059384 0.00022758 -0.00335719 -0.00597341 -0.00159909 -0.00361557 -0.0016253 0.0018813 0.000561916 0.00170342 0.00841175 -0.000164937 0.00454634 -0.00054184 -0.000296446 0.000250079 0.00164814 -7.24475e-05 -0.00145043 0.00485771 0.00181115 0.00426591 -0.00521611 -0.002311
internal_weight=1760 577 1183 256 321 274 46 228 209 84 125 93 44 47 1149 447 43 702 52 650 629 543 298 194 245 104 142 89 52 53
internal_count=1760 577 1183 256 321 274 46 228 209 84 125 93 44 47 1149 447 43 702 52 650 629 543 298 194 245 104 142 89 52 53
is_linear=0
shrinkage=0.05


Tree=132
num_leaves=31
num_cat=0
split_feature=173 173 178 121 83 300 326 224 92 295 131 310 156 261 261 107 211 136 222 314 116 204 167 231 192 185 169 213 333 176
split_gain=0.219596 0.382942 0.587354 0.46366 0.317609 0.309183 0.563198 0.55174 0.489153 0.451125 0.568268 0.549331 0.498311 0.492631 0.666892 0.709897 0.541261 0.523554 0.760225 0.719761 0.766294 0.63409 0.62788 0.563877 0.526097 0.625851 0.56318 0.468309 0.476167 0.456179
threshold=-0.073183740124007496 -0.041121513591709381 0.016584525071064209 0.010496667793400317 -0.19525131509163815 0.021571225250157623 0.012083584038431284 0.020877347474644748 -0.081777802943888492 0.023453657804595535 0.0005857070030087794 0.024151903444234037 -0.012615367703414858 -0.01194526517333973 -0.02071235007258725 0.013651116381636857 -0.14675696108431155 0.0030729555296058757 0.0029564783662635219 0.0049152406823589432 0.0046133057176439528 0.00073866050301847803 -0.011403039538714166 0.029261324040551404 -0.014511877483784691 0.0039347914878609886 -0.0038617709606899005 -0.0041422233380659498 -0.017824521733173514 0.00026268310496587008
decision_type=2 2 2 2 2 2 2 2 2 2 2 2 2 2 2 2 2 2 2 2 2 2 2 2 2 2 2 2 2 2
left_child=-1 2 3 4 -2 9 -7 8 -8 11 -11 13 -12 14 16 -16 -3 21 19 -19 -21 24 -23 -24 -15 29 -27 -13 -29 -26
right_child=1 5 -4 -5 -6 6 7 -9 -10 10 12 27 -14 17 15 -17 -18 18 -20 20 -22 22 23 -25 25 26 -28 28 -30 -31
leaf_value=-0.0043925940724355841 -0.0064212641368309661 0.0078814260129417696 0.010706987082958223 0.0060575234433335647 0.0014445982718219361 -0.00031804439922920072 -0.0047718605503351205 0.010324699275195599 0.003622266559570562 -0.0049839384432720105 -0.0047401198729251828 -0.0070424339154528254 0.0015309812591920355 -0.0039280511283626167 -0.0095871955336492877 0.0002979666736791842 -0.00067894206421519792 0.0025037509699662526 -0.00012553376792412665 0.0042387742640000526 0.016044373456086895 0.0028562490667571271 -0.0061234869801535695 0.0030051258880467641 0.011755139604210854 0.0062016714806668463 -0.0041181538435734978 -0.0065656816192910944 0.0010226983971227163 0.0037355539611288822
leaf_weight=28 21 21 20 31 33 260 21 25 100 115 45 45 107 30 42 32 153 75 99 28 27 42 87 21 25 20 39 28 79 61
leaf_count=28 21 21 20 31 33 260 21 25 100 115 45 45 107 30 42 32 153 75 99 28 27 42 87 21 25 20 39 28 79 61
internal_value=-9.62421e-12 7.10119e-05 0.0029976 0.00118363 -0.00161435 -0.000117858 0.00107745 0.00356257 0.00216543 -0.000515315 -0.002332 -6.87185e-06 -0.000325595 0.000515461 -0.00133668 -0.00531253 0.000354206 0.00134458 0.00317571 0.00568973 0.0100343 5.4332e-05 -0.00233116 -0.00434848 0.00209904 0.00334602 -0.000619908 -0.00276286 -0.000963046 0.00606683
internal_weight=1760 1732 105 85 54 1627 406 146 121 1221 267 954 152 802 248 74 174 554 229 130 55 325 150 108 175 145 59 152 107 86
internal_count=1760 1732 105 85 54 1627 406 146 121 1221 267 954 152 802 248 74 174 554 229 130 55 325 150 108 175 145 59 152 107 86
is_linear=0
shrinkage=0.05


Tree=133
num_leaves=31
num_cat=0
split_feature=177 296 121 327 280 177 177 188 253 99 170 239 137 262 9 81 159 158 137 260 167 136 199 168 120 300 115 204 312 237
split_gain=0.219159 0.315764 0.317654 0.27503 0.532426 0.498451 0.431117 0.644898 0.416115 0.376989 0.341294 0.459005 0.404075 0.415533 0.567822 0.661641 0.510719 0.455596 0.607009 0.507966 0.421365 0.420856 0.413768 0.57426 0.446508 0.713414 0.492897 1.10036 0.482896 0.540679
threshold=0.050696207209041284 0.016115118183107818 0.015035468621110279 0.036988624150124411 0.026492677836956881 0.0074671098948664626 0.040461600230526577 -0.010916769799245295 0.0054669780871117457 0.011605973131290642 -0.026760497693662195 -0.013082325486658988 0.0073734142857176171 -0.02126734296908725 0.020841666666666672 -0.47746957328571843 -0.026109494847620669 0.00091289802806800299 0.0043353203935604058 -0.05083288595400489 0.0016359937862438769 0.004127980797052149 0.015823311369004549 0.013602758450199889 -0.00036224020030874458 0.018984017724485634 -0.029824271822020531 -0.0018476999498038404 0.0093288955095214999 0.032879335288837692
decision_type=2 2 2 2 2 2 2 2 2 2 2 2 2 2 2 2 2 2 2 2 2 2 2 2 2 2 2 2 2 2
left_child=3 2 -2 6 5 9 10 -8 -7 -5 11 -1 13 14 15 -12 -15 18 19 -18 -16 -21 24 -24 25 28 27 -26 29 -14
right_child=1 -3 -4 4 -6 8 7 -9 -10 -11 12 -13 22 16 20 -17 17 -19 -20 21 -22 -23 23 -25 26 -27 -28 -29 -30 -31
leaf_value=0.0076675429065344919 -0.0041296012619008813 -0.0078849160544840358 0.0042519481421913951 0.0059564045379654727 -0.0068392849259544175 -0.00029564106598405581 -0.00022488471317606476 0.01155573400291836 -0.0085852829894671849 -0.0017294461878784072 0.011993398485255652 0.00094407250800445167 -0.008589075306568458 -0.0035928731184966126 -0.0028731794944698262 0.0023499175494931558 0.0082252725958824168 -0.00084872484672184197 0.0094308472927659755 0.0024522602777270713 0.0045036326471745271 -0.0017284542690807333 -0.0010429106435884594 0.0077693050149185905 -0.0033378562889993194 0.0013935125832046783 -0.0013815602595537999 0.011966583421841885 -0.0014153994330599882 -0.00026708312798291446
leaf_weight=33 26 21 20 39 40 41 26 21 24 27 29 110 89 83 49 46 24 277 25 136 32 108 51 29 23 63 152 24 67 25
leaf_count=33 26 21 20 39 40 41 26 21 24 27 29 110 89 83 49 46 24 277 25 136 32 108 51 29 23 63 152 24 67 25
internal_value=-1.29076e-11 -0.00280469 -0.000485449 0.000110995 -0.00179026 -0.000248575 0.000324605 0.0050388 -0.00335643 0.00281219 0.00017439 0.00249564 -7.48136e-05 0.000625392 0.00294382 0.00607873 7.15265e-05 0.000605115 0.00197956 0.00128448 4.11167e-05 0.00060178 -0.00115792 0.00215152 -0.00175556 -0.00318912 2.16155e-06 0.00447718 -0.00478418 -0.00676408
internal_weight=1760 67 46 1693 171 131 1522 47 65 66 1475 143 1332 809 156 75 653 570 293 268 81 244 523 80 443 244 199 47 181 114
internal_count=1760 67 46 1693 171 131 1522 47 65 66 1475 143 1332 809 156 75 653 570 293 268 81 244 523 80 443 244 199 47 181 114
is_linear=0
shrinkage=0.05


Tree=134
num_leaves=31
num_cat=0
split_feature=277 328 141 173 173 308 119 293 117 154 282 267 184 328 289 293 240 283 222 49 0 323 297 325 306 94 175 263 145 312
split_gain=0.208058 0.245515 0.362815 0.259815 0.258041 0.62206 0.36965 0.306437 0.692849 0.570266 0.465773 0.499028 0.462289 1.13917 0.762489 0.457643 0.553292 0.448349 0.406794 0.3977 0.403756 0.385625 0.36795 0.427953 0.361379 0.409972 0.48434 0.593887 0.492758 0.556205
threshold=-0.086563453670816456 0.064275192165725442 -0.0022742950651805948 -0.073183740124007496 -0.041121513591709381 -0.00075456991136494539 0.0077466180766855635 -0.0173128631615482 0.058038460747205166 0.033626842635111141 0.035686385354029702 -0.068664713971777466 0.011459522887280383 0.0045829255005671648 -0.021867035683168019 -0.027709680275437399 0.0018073100436398902 -0.0063421239469851976 0.00057169878582960314 0.89587973461402759 5.8777318586263663 -0.01295920924379387 0.042735301836336913 0.024690716844406158 -0.069549867260451273 -0.014070756729810632 0.0051332978535885906 -0.013710228760872316 0.0038386483340620632 0.0013972512481597932
decision_type=2 2 2 2 2 2 2 2 2 2 2 2 2 2 2 2 2 2 2 2 2 2 2 2 2 2 2 2 2 2
left_child=-1 3 -3 -2 5 6 -5 8 9 12 11 -9 15 18 -15 16 19 -17 -14 20 -6 -19 23 -12 -13 26 27 -26 29 -29
right_child=1 2 -4 4 7 -7 -8 10 -10 -11 22 24 13 14 -16 17 -18 21 -20 -21 -22 -23 -24 -25 25 -27 -28 28 -30 -31
leaf_value=-0.0032124235706964543 -0.0050652538854628806 -0.0012832095427438618 0.007751915633678436 -0.0041855227258620845 0.0025129567350361598 0.0074550620763777541 0.0038748039491474633 0.0065553040379503118 -0.007082670176120397 -0.0062712107413412576 -0.0018177799665863859 0.007035682022216775 0.0022147579079804321 0.0027361757577518409 0.015913878781083485 -0.0083094515967079337 -0.0026965670062156894 -0.0064970420254394411 -0.0053916426695650443 -0.0021823228883516531 0.01133056533522904 0.0023533902769486306 0.0034580974206328396 -0.0090529563948512082 -0.0048407379059261244 0.0013494802443168022 -0.0032786103906718464 2.6280261886616548e-05 -0.0022130767852368374 0.0060955763432981548
leaf_weight=49 25 20 25 33 37 39 25 36 45 39 112 21 39 23 21 36 71 20 32 23 20 32 25 25 44 498 132 75 62 76
leaf_count=49 25 20 25 33 37 39 25 36 45 39 112 21 39 23 21 36 71 20 32 23 20 32 25 25 44 498 132 75 62 76
internal_value=7.96924e-12 9.19981e-05 0.0037363 -6.43753e-06 7.06316e-05 0.00257212 -0.000711244 -8.65213e-05 -0.00120585 -0.000532932 0.000356757 0.000781818 9.92511e-05 0.00270406 0.00902553 -0.00115411 0.000516166 -0.00402014 -0.00121348 0.00336747 0.00560685 -0.00105062 -0.00212014 -0.00313807 0.000552914 0.000399432 -0.000816825 0.000447594 0.00154002 0.00308103
internal_weight=1760 1711 45 1666 1641 97 58 1544 438 393 1106 944 354 115 44 239 151 88 71 80 57 52 162 137 908 887 389 257 213 151
internal_count=1760 1711 45 1666 1641 97 58 1544 438 393 1106 944 354 115 44 239 151 88 71 80 57 52 162 137 908 887 389 257 213 151
is_linear=0
shrinkage=0.05


Tree=135
num_leaves=31
num_cat=0
split_feature=231 279 247 126 321 152 246 89 326 81 268 213 310 247 179 81 322 177 310 203 217 252 321 108 202 298 317 157 56 236
split_gain=0.205882 0.454526 0.253559 0.240467 0.466488 0.465096 0.485744 0.475171 0.602544 0.566925 0.529296 0.456999 0.451108 0.492068 0.577983 0.485871 0.481866 0.642899 0.522877 0.536382 0.441437 0.42976 0.516997 0.421114 0.504973 0.36295 0.334722 0.337741 0.333186 0.329834
threshold=0.092265538286202708 0.0095118220618737905 0.003605940875360582 0.00059629376613946938 -0.044316871463787134 0.017808758539497652 -0.030305672573422187 -0.061711109469061463 0.038192470638206723 -0.34126957049915202 0.011022219187906059 0.25423378568160787 -0.0043383469602434376 0.050597152203773248 0.0020242874018143605 -0.45453086269877724 0.0076919122229103893 0.0096681227446312658 0.015193473944437057 0.0043964277073811247 -0.00092547759794239456 -0.0030004877469801509 0.0011824973648213593 -0.001042687732081015 0.003700956810847283 -0.007879169771397642 0.020246646693127819 0.0015712381880099986 1.0000000180025095e-35 -0.089577257292824827
decision_type=2 2 2 2 2 2 2 2 2 2 2 2 2 2 2 2 2 2 2 2 2 2 2 2 2 2 2 2 2 2
left_child=3 2 -2 4 -1 7 -7 8 9 10 20 28 13 14 21 -16 17 23 19 -18 -6 22 -9 -14 -25 -19 27 -8 29 -5
right_child=1 -3 -4 11 5 6 26 12 -10 -11 -12 -13 16 -15 15 -17 18 25 -20 -21 -22 -23 -24 24 -26 -27 -28 -29 -30 -31
leaf_value=-0.0033990608681506275 -0.0026108567186288144 -0.0087974533155959628 0.0043444529868429524 0.0057054605135428054 -0.000415454754127293 0.0048407532098092912 -0.0063646525770811174 -0.0037271886920955568 0.011263366020284594 -0.00061597789045544752 0.01237516528912931 -0.0065480811055749662 0.0026915350632572719 0.005267991975415498 0.0076446803202005953 -0.0014220427126727172 0.012520824766327297 0.00068242225679568955 0.0005275479113487036 0.0026773043423891068 0.008042036469473884 -0.00067487068230374946 -0.013804535202216356 -0.00059092462572546021 -0.0097896759100258371 0.0099890369667925624 0.0011592169465752793 -0.0008152958366106479 0.0046571105436393713 -0.00064860994551210792
leaf_weight=64 38 21 20 21 36 29 58 35 24 69 21 30 33 27 22 45 31 20 38 25 27 42 20 37 25 22 51 52 33 744
leaf_count=64 38 21 20 21 36 29 58 35 24 69 21 30 33 27 22 45 31 20 38 25 27 42 20 37 25 22 51 52 33 744
internal_value=-4.03898e-13 -0.00249456 -0.000212474 0.000117234 0.000706423 0.00103944 -0.00111602 0.00172314 0.0038976 0.00274219 0.00550068 -0.000489745 0.000811106 -0.000986702 -0.00201644 0.00155509 0.00229761 0.000405999 0.00505452 0.0081264 0.00320918 -0.00448337 -0.00739168 -0.00187143 -0.0043001 0.00555732 -0.00218898 -0.00374132 -0.000261988 -0.000474184
internal_weight=1760 79 58 1681 853 789 190 599 177 153 84 828 422 191 164 67 231 137 94 56 63 97 55 95 62 42 161 110 798 765
internal_count=1760 79 58 1681 853 789 190 599 177 153 84 828 422 191 164 67 231 137 94 56 63 97 55 95 62 42 161 110 798 765
is_linear=0
shrinkage=0.05


Tree=136
num_leaves=31
num_cat=0
split_feature=322 318 186 171 332 191 291 151 175 289 292 309 280 204 297 166 147 318 117 192 47 310 231 116 246 274 310 177 190 253
split_gain=0.2084 0.508471 0.42016 0.365898 0.454431 0.44952 0.554582 0.435417 0.455872 0.42104 0.415172 0.405303 0.402407 0.584082 0.396376 0.367978 0.567162 0.661194 0.515251 0.485177 0.44804 0.428469 0.607066 0.476357 0.485346 0.416351 0.405928 0.443072 0.459152 0.52417
threshold=0.020726065782862086 -0.033275851960652567 0.0092458265720370015 -0.019009268048862184 -0.032762017910234933 0.012492024330652262 -0.011935867905670612 -0.0092201543472782161 -0.0092632496112818024 -0.037282916975597366 0.010086237720855311 -0.0077843354951094767 0.0003935051398193713 0.0033203109224746305 0.025150311428330147 0.015884109926010481 0.017242442889461192 0.0097510820719366436 -0.011166170911726741 -0.0016641721197153349 1.2424533248940004 -0.012565000183946625 0.013298521063652454 0.022615140786155927 0.055588265180287963 0.0012507917517337876 -0.0032750015657241243 -0.016067583284590906 0.01593506678944907 0.00020599084079462777
decision_type=2 2 2 2 2 2 2 2 2 2 2 2 2 2 2 2 2 2 2 2 2 2 2 2 2 2 2 2 2 2
left_child=3 2 -2 4 -1 6 10 8 -8 12 -6 -9 13 -5 -7 16 20 19 -19 25 21 22 -11 26 -25 -18 -23 -28 29 -29
right_child=1 -3 -4 9 5 14 7 11 -10 15 -12 -13 -14 -15 -16 -17 17 18 -20 -21 -22 23 -24 24 -26 -27 27 28 -30 -31
leaf_value=0.0030902329091913997 0.0072255113898145587 -0.0018409590019252482 -0.001147334993907109 -0.0033961964862567421 -0.0045355216330407481 0.0027938326209550725 -0.0099041164872924921 0.0074321823730133484 -0.00078976835271425769 0.00086240551179676155 -0.013435542709194124 -0.0018871823043030288 -0.0043363779246962317 0.0054357039923262273 -0.0048591238532579789 -0.00072381368432993529 0.0017904835546182262 0.0035941188316792254 0.014460502258346728 -0.00075509914701494087 0.0080850376570153811 -0.0025969422736164672 0.0082782046322245149 -0.004966362914703309 0.0037642873369622982 0.011056741735559296 -0.003164596419829207 0.0069318002668700904 -0.0027851035508016748 0.0014138934216908153
leaf_weight=50 31 317 29 39 38 64 23 20 34 89 20 28 75 36 23 212 27 20 24 60 21 69 40 78 20 22 39 72 33 107
leaf_count=50 31 317 29 39 38 64 23 20 34 89 20 28 75 36 23 212 27 20 24 60 21 69 40 78 20 22 39 72 33 107
internal_value=6.59745e-13 -0.00104208 0.00317864 0.000284068 -0.00126116 -0.00213144 -0.0036804 -0.0015128 -0.00446749 0.000712109 -0.00760449 0.00199589 -0.00174663 0.000843116 0.000770637 0.0011074 0.00164585 0.00434784 0.00952124 0.0022595 0.000918023 0.000642872 0.00316188 -0.000134524 -0.0031846 0.00595084 0.000799561 0.00173326 0.00263428 0.00363339
internal_weight=1760 377 60 1383 300 250 163 105 57 1083 58 48 150 75 87 933 721 153 44 109 568 547 129 418 98 49 320 251 212 179
internal_count=1760 377 60 1383 300 250 163 105 57 1083 58 48 150 75 87 933 721 153 44 109 568 547 129 418 98 49 320 251 212 179
is_linear=0
shrinkage=0.05


Tree=137
num_leaves=31
num_cat=0
split_feature=286 199 273 229 147 9 157 104 301 287 147 226 145 120 245 331 130 246 292 147 195 307 251 131 257 289 106 187 310 114
split_gain=0.202222 0.436799 0.370022 0.314395 0.244271 0.376062 0.566844 0.55934 0.43237 0.375144 0.529519 0.405647 0.374428 0.363711 0.463229 0.397722 0.482269 0.362842 0.45926 0.436468 0.43395 0.389377 0.362707 0.437124 0.386523 0.362115 0.348482 0.327486 0.813897 0.5916
threshold=-0.055809718443156485 0.021218526110209131 0.098823455505547886 -0.0087654624464623739 0.00097922595535264857 0.028602894902454375 0.017678974652902572 -0.019215376929104449 0.03221449085895213 -0.0085163461434087807 -0.0015053806254666259 -0.015533724879387934 -0.0076468689626607951 0.045184168473165309 0.012763854218473621 -0.024028375184271821 -0.012952211557652601 0.033752571090385264 -0.0020765717598443477 -0.018856636475168553 0.011760627845662166 0.014674539938599849 -0.0098799232903394232 -0.00015039118329978753 -0.0067501856319772211 0.0052011900279059749 -0.0094447461806434537 0.0023149768757803652 -0.024661994823526018 -0.0066514977076307822
decision_type=2 2 2 2 2 2 2 2 2 2 2 2 2 2 2 2 2 2 2 2 2 2 2 2 2 2 2 2 2 2
left_child=1 3 4 -1 5 6 9 -8 13 11 17 12 -2 14 15 -7 -17 18 22 -19 21 -20 24 -24 -11 -13 -14 -6 -29 -30
right_child=2 -3 -4 -5 27 8 7 -9 -10 10 -12 25 26 -15 -16 16 -18 19 20 -21 -22 -23 23 -25 -26 -27 -28 28 29 -31
leaf_value=0.0025343630381394183 -0.0062591836187773607 0.0079810529236662361 -0.0065936875741251502 -0.0030675923017462574 -0.00033303756151945463 0.0055483061000299845 0.0088241025230672687 0.00095906199888528816 -0.0070012777667526702 0.0089993160008452842 -0.0084709984043406118 0.00081790970415686792 -0.0026578202452510595 0.0042749184002168475 -0.0057454307237640029 0.0028030554904641277 -0.0045171489727120692 -0.0022032785791088827 -0.0080755732410276934 0.0080024637493558912 0.0022946444130502639 -0.00064848220348358158 -0.0058241258763397736 0.0016438036904092284 -0.0008307842724025249 0.0076227789429728606 0.0061970359925180678 -0.0026595715842232474 0.0062555892017459678 0.0013205449372596509
leaf_weight=70 26 24 22 39 457 23 32 77 41 20 27 46 25 25 60 36 60 20 60 22 20 25 36 43 20 34 20 82 93 175
leaf_count=70 26 24 22 39 457 23 32 77 41 20 27 46 25 25 60 36 60 20 60 22 20 25 36 43 20 34 20 82 93 175
internal_value=4.30728e-12 0.00187455 -0.000153236 0.000529994 -6.49554e-05 -0.000685258 3.72108e-05 0.00326806 -0.00231597 -0.000755949 -0.0017993 0.00126857 -0.0014823 -0.00137432 -0.00216332 -0.000357209 -0.00177207 -0.0011221 -0.00192173 0.00314259 -0.00433194 -0.00589113 0.000204922 -0.0017593 0.00408427 0.00370998 0.00127767 0.000548429 0.00169937 0.00303308
internal_weight=1760 133 1627 109 1605 798 553 109 245 444 293 151 71 204 179 119 96 266 224 42 105 85 119 79 40 80 45 807 350 268
internal_count=1760 133 1627 109 1605 798 553 109 245 444 293 151 71 204 179 119 96 266 224 42 105 85 119 79 40 80 45 807 350 268
is_linear=0
shrinkage=0.05


Tree=138
num_leaves=31
num_cat=0
split_feature=271 157 173 173 178 121 257 199 171 336 125 122 172 290 244 244 106 130 190 178 50 99 1 336 326 175 274 203 111 273
split_gain=0.19228 0.324718 0.246315 0.299474 0.470193 0.41146 0.299167 0.333766 0.329057 0.321265 0.401494 0.309449 0.416089 0.392158 0.441354 0.925066 0.521468 0.392266 0.442338 0.409209 0.510871 0.440557 0.434641 0.414563 0.519952 0.346869 0.34356 0.568485 0.374314 0.317839
threshold=-0.076185508352544493 -0.0021861435969405623 -0.073183740124007496 -0.041121513591709381 0.010378347782602245 0.010496667793400317 0.044555719626595845 0.020788061971014408 0.013164106108733116 -0.043057213719933464 -0.029803294709446471 -0.046975782400364173 -0.017007830745527062 -0.071915091660685368 0.003269046450515253 0.0015185031925778047 0.097381275912149012 -0.031329290646056898 0.0099266371228706636 -0.0031263008598581667 1.8688348091416842 -0.055730036676168153 4.5900436644025815 -0.017882624791652257 0.025590338106414121 -0.015096675618862998 0.0058435740930736684 0.0046881409947639114 0.0019296601921525191 -0.031398129588234215
decision_type=2 2 2 2 2 2 2 2 2 2 2 2 2 2 2 2 2 2 2 2 2 2 2 2 2 2 2 2 2 2
left_child=1 -1 -2 4 5 -4 9 8 -8 10 -5 12 -11 -13 15 16 29 18 -16 20 21 -19 -23 -21 26 -14 28 -28 -25 -15
right_child=2 -3 3 6 -6 -7 7 -9 -10 11 -12 13 25 14 17 -17 -18 19 -20 23 -22 22 -24 24 -26 -27 27 -29 -30 -31
leaf_value=0.0011431193677708506 -0.0047226875411489838 -0.0056929346046863914 -0.0016078413244994248 -0.008007581593468786 0.0096860707458108677 0.0057717229612171649 -0.0018110667332837779 0.0027015150067329942 -0.0079884713985314913 0.0078342369916693626 -0.00065298129193251957 -0.0051330743877984145 0.0065021369457244878 0.0030740308677755261 -0.0017377430523003016 0.011263462104199623 0.008770603216689779 -0.0057924961950629947 -0.0094885479348401237 -0.003521709145373992 -0.0090312191592106083 -0.00091430404848138731 0.0067621214092587652 -0.0032909484585356302 0.0085543621651595469 -0.00010996539896647544 0.0090119243273511541 -0.0013123622125325105 0.0026301292141022929 3.1763731585226373e-05
leaf_weight=32 26 38 51 25 20 30 84 28 29 30 72 34 25 104 79 22 20 35 24 37 22 93 23 56 28 96 30 24 51 492
leaf_count=32 26 38 51 25 20 30 84 28 29 30 72 34 25 104 79 22 20 35 24 37 22 93 23 56 28 96 30 24 51 492
internal_value=-5.65995e-12 -0.00256788 0.000106362 0.000181816 0.00282053 0.00112533 1.13041e-05 -0.00218548 -0.00339642 0.000229129 -0.0025485 0.000432472 0.00256307 0.000158434 0.000316251 0.00118893 0.000829122 -0.000792847 -0.00354376 -8.27124e-05 -0.00191287 -0.000875754 0.000607746 0.00131825 0.00226575 0.00125617 0.00117208 0.00442335 -0.000468753 0.000562629
internal_weight=1760 70 1690 1664 101 81 1563 141 113 1422 97 1325 151 1174 1140 638 616 502 103 399 173 151 116 226 189 121 161 54 107 596
internal_count=1760 70 1690 1664 101 81 1563 141 113 1422 97 1325 151 1174 1140 638 616 502 103 399 173 151 116 226 189 121 161 54 107 596
is_linear=0
shrinkage=0.05


Tree=139
num_leaves=31
num_cat=0
split_feature=210 282 210 116 178 110 7 81 56 273 81 325 282 254 320 177 179 211 261 152 336 259 152 199 179 114 115 287 306 320
split_gain=0.193598 0.49891 0.369371 0.412873 0.332753 0.248756 0.247094 0.242283 0.309847 0.261488 0.445837 0.380729 0.360474 0.408253 0.530765 0.43109 0.391931 0.448058 0.396313 0.397788 0.383739 0.502441 0.42716 0.38593 0.354163 0.456542 0.417222 0.42121 0.391263 0.372515
threshold=0.020398707923847934 0.0064631360464357445 0.017276416138774311 0.012738444948850352 -0.0032893384749237303 -0.12582806544999117 0.78498751367304409 -0.70910282408126912 1.0000000180025095e-35 -0.0011173375889295316 -0.52572234698735942 -0.06032674054203984 -0.032458270599575532 -0.0079352321892104099 -0.019730351736928043 0.015859494574172416 -0.0024643359653219441 -0.10543926925172549 -0.022358967077593377 -0.0020935321491387586 -0.013283047841081263 -0.019647294420965151 0.00328497738061009 -0.0066892715767669529 0.010686940004752133 0.0037153661779844157 -0.022322801344581453 -0.005827279945374352 0.023964676029451577 -0.0019735156296501678
decision_type=2 2 2 2 2 2 2 2 2 2 2 2 2 2 2 2 2 2 2 2 2 2 2 2 2 2 2 2 2 2
left_child=2 -2 5 4 -4 -1 -6 -7 9 10 -9 -12 13 14 -11 -15 18 -18 19 -14 21 -20 23 -22 28 -26 -27 -28 29 -19
right_child=1 -3 3 -5 6 7 -8 8 -10 12 11 -13 16 15 -16 -17 17 24 20 -21 22 -23 -24 -25 25 26 27 -29 -30 -31
leaf_value=-0.0044487972587830887 -0.0074097882249745829 0.0022287045009434223 0.010459813162345779 -0.001472484053374501 0.0067339012306183582 -0.0042352391075286449 -0.0011257065483368934 0.0069622997039308146 0.0054037725621903388 -0.0069910173196918697 0.0059378138533793395 0.00018700387241695529 -0.0029666616521680203 0.0065145886698263463 0.002141278467947481 -0.00088292046416280502 -0.0072271974801662421 -0.0022190912215806105 -0.011409688312560321 -0.011046145841479303 0.0081973975094363338 -0.001307293055288028 -0.0028395022454577082 -1.161975385734766e-05 -0.0031398255621140772 -0.0038963483847593047 0.010020245956256987 0.00082453219149487486 0.0082949852002043786 0.0033502814479567725
leaf_weight=32 29 25 22 32 20 33 20 27 27 26 30 708 39 54 41 31 21 51 20 25 22 32 69 41 113 22 20 33 22 73
leaf_count=32 29 25 22 32 20 33 20 27 27 26 30 708 39 54 41 31 21 51 20 25 22 32 69 41 113 22 20 33 22 73
internal_value=5.02579e-12 -0.00294752 9.32979e-05 0.00314 0.00552064 -8.43635e-05 0.0028041 4.03005e-06 9.44605e-05 1.50332e-07 0.000651654 0.000420777 -0.000659982 0.00151607 -0.0014026 0.00381667 -0.00120851 -0.000143071 -0.00273363 -0.00612271 -0.00155482 -0.00519283 -0.000121662 0.00285502 0.000302339 -0.00113248 0.00189193 0.00429461 0.00214991 0.00105965
internal_weight=1760 54 1706 94 62 1612 40 1580 1547 1520 765 738 755 152 67 85 603 355 248 64 184 52 132 63 334 188 75 53 146 124
internal_count=1760 54 1706 94 62 1612 40 1580 1547 1520 765 738 755 152 67 85 603 355 248 64 184 52 132 63 334 188 75 53 146 124
is_linear=0
shrinkage=0.05


Tree=140
num_leaves=31
num_cat=0
split_feature=91 296 91 127 301 203 125 183 187 252 118 236 324 245 333 309 8 153 246 294 326 290 212 8 182 256 0 179 315 125
split_gain=0.187232 0.424831 0.317682 0.540388 0.465817 0.371697 0.354485 0.421562 0.434445 0.421295 0.346266 0.312905 0.348839 0.305893 0.285212 0.26747 0.278877 0.814184 0.319964 0.483082 0.461542 0.411701 0.406972 0.337001 0.353538 0.33418 0.446891 0.355697 0.534974 0.434705
threshold=0.14745610802328704 -0.017692840785745827 0.094059338084064345 0.0089776398485376888 -0.0048694863037587353 0.0015639721292723221 0.034870472442581922 0.0041013105688051379 -0.010459700397429975 0.020275131180784615 -0.0028691495017314768 0.01423091930081625 -0.0026626963456181621 -0.011594454120571402 0.0040822517822707944 -0.084252821641242731 0.3615900383141763 -0.0020209944470185436 -0.035281253044200579 0.0092024835950364359 0.018900141747833232 0.020128459466189356 0.051894097294716258 0.18736287845546296 0.002427625356580075 0.07786102866206919 3.9019216517693867 0.00029402091251346971 -0.058938625284557671 0.0033968909868079059
decision_type=2 2 2 2 2 2 2 2 2 2 2 2 2 2 2 2 2 2 2 2 2 2 2 2 2 2 2 2 2 2
left_child=2 -2 6 4 -4 -5 15 9 -9 11 -11 12 -8 -3 -10 -1 18 -18 19 20 21 22 -17 24 -21 26 -20 28 -28 -29
right_child=1 13 3 5 -6 -7 7 8 14 10 -12 -13 -14 -15 -16 16 17 -19 25 23 -22 -23 -24 -25 -26 -27 27 29 -30 -31
leaf_value=0.0058284417016520387 0.0031402538840969406 -0.00048589471565640491 0.00064203893351886014 -0.0050886524400474246 0.0092313934871191654 0.0033910653243462243 0.003755830554291606 -0.010876542476138899 -0.0059838813503809048 -0.00088427267968654638 0.0081113275828892783 -0.006592348017902286 -0.0036414551628267339 -0.0080962872087594964 0.00049525754609411321 0.0031374419755730689 0.010961415917104618 -0.0021079281631570597 -0.00624274578453465 0.00072149709509364496 0.010307019950017673 0.0079429741827771079 -0.0044044038289468047 0.0038122533316103124 -0.0070205223614660407 0.004382607093430124 0.0053970671849258786 -0.00038704970285855303 -0.0017255035637723133 0.0027574192909025968
leaf_weight=21 24 23 27 28 38 24 30 21 33 20 23 27 34 31 35 53 22 26 33 29 22 25 27 24 30 36 28 356 451 159
leaf_count=21 24 23 27 28 38 24 30 21 33 20 23 27 34 31 35 53 22 26 33 29 22 25 27 24 30 36 28 356 451 159
internal_value=1.25014e-12 -0.0023948 0.000111055 0.0026242 0.00566351 -0.00117494 -7.68287e-05 -0.00192284 -0.00459035 -0.000151141 0.00392733 -0.00207833 -0.000173977 -0.00485482 -0.00264903 0.000229924 0.000140924 0.00388219 -1.45223e-07 0.00178331 0.003722 0.00234228 0.000592069 -0.00118311 -0.00321512 -0.000352475 -0.000518457 -0.000328415 -0.00130915 0.000583767
internal_weight=1760 78 1682 117 65 52 1565 223 89 134 43 91 64 54 68 1342 1321 48 1273 210 127 105 80 83 59 1063 1027 994 479 515
internal_count=1760 78 1682 117 65 52 1565 223 89 134 43 91 64 54 68 1342 1321 48 1273 210 127 105 80 83 59 1063 1027 994 479 515
is_linear=0
shrinkage=0.05


Tree=141
num_leaves=31
num_cat=0
split_feature=177 167 89 163 149 245 130 138 175 175 292 124 111 290 4 306 138 168 306 331 101 154 158 110 111 56 294 100 256 150
split_gain=0.176856 0.236865 0.505507 0.314793 0.253968 0.338218 0.331409 0.291685 0.257417 0.49378 0.528068 0.431543 0.40104 0.521254 0.516631 0.428514 0.54379 0.725673 0.554611 0.512373 0.44914 0.415973 0.382263 0.468088 0.429455 0.455297 0.429343 0.642231 0.449226 0.437412
threshold=0.052276444494178266 -0.04224408606698541 0.0074989947018615274 -0.0055744655805182322 0.043791688844415776 0.043113699242018501 -0.01917685558385156 0.020497978117656048 -0.0045370597508258082 -0.0064488428859093673 0.0060510846835562264 -0.039637766462229058 -0.00091278094382516123 0.019467673695605644 2.1383330595080281 -0.013759309039723703 -0.00061913275122065425 0.0089165798799519021 0.020049434258158898 -0.013209848269296902 -0.0031704646424097621 0.00072289703207526997 0.01170107326712703 0.075075657725236153 0.00086626146129331648 1.0000000180025095e-35 0.0034604536198625815 -0.0072619730742884102 -0.0085289961384356038 -0.010795872730320594
decision_type=2 2 2 2 2 2 2 2 2 2 2 2 2 2 2 2 2 2 2 2 2 2 2 2 2 2 2 2 2 2
left_child=1 2 3 -1 8 6 -6 -8 9 12 -11 -10 15 14 -14 -3 17 20 19 -18 -17 -21 23 24 -13 -26 27 28 -24 -28
right_child=-2 4 -4 -5 5 -7 7 -9 11 10 -12 22 13 -15 -16 16 18 -19 -20 21 -22 -23 26 -25 25 -27 29 -29 -30 -31
leaf_value=0.0042842520799712038 -0.0026679168815705151 -0.0018943209251896902 0.0077586235118008431 -0.0026356617254870282 -0.0005843109470636894 -0.0038205051343538801 0.00321177858784993 0.010421204641461373 -0.0041060864000778217 0.0004079215414822102 -0.010152925975953936 -0.0018262422135036623 -0.0021451377316417412 0.0016537883096555278 -0.0087786215256798923 -0.010838536438532173 0.012250348750135996 0.0042017244614308349 -0.00025653476339010964 -0.0017003904236480593 -0.0009527164821823439 0.0082628518215973265 0.014544623619876802 0.0064691986440895844 0.00036024501930544031 0.0076896504580002759 -0.0053952672888107345 0.0016751707000050532 0.0045772686385764528 0.0019388447347891463
leaf_weight=27 60 110 31 42 36 20 47 20 52 20 29 271 142 67 37 20 28 37 42 20 27 22 20 26 269 23 29 92 26 68
leaf_count=27 60 110 31 42 36 20 47 20 52 20 29 271 142 67 37 20 28 37 42 20 27 22 20 26 269 23 29 92 26 68
internal_value=-1.12926e-11 9.41618e-05 0.00245494 7.21306e-05 -5.33871e-05 0.00212953 0.00328488 0.00536385 -0.000235174 -0.00103209 -0.00584238 0.000311569 -0.000605091 -0.00210819 -0.0035163 0.000603283 0.002005 -0.00103607 0.00428581 0.00701121 -0.00515945 0.00351845 0.000590353 -8.9889e-05 -0.000392795 0.000937561 0.0022953 0.00408708 0.0089109 -0.000253828
internal_weight=1760 1700 100 69 1600 123 103 67 1477 601 49 876 552 246 179 306 196 84 112 70 47 42 824 589 563 292 235 138 46 97
internal_count=1760 1700 100 69 1600 123 103 67 1477 601 49 876 552 246 179 306 196 84 112 70 47 42 824 589 563 292 235 138 46 97
is_linear=0
shrinkage=0.05


Tree=142
num_leaves=31
num_cat=0
split_feature=109 163 109 128 261 247 277 183 205 308 82 276 295 210 300 302 120 278 171 280 248 327 192 218 310 288 288 334 297 202
split_gain=0.17604 0.359757 0.310431 0.260249 0.235008 0.343795 0.21551 0.419828 0.459031 0.251144 0.377822 0.353659 0.282285 0.267629 0.245156 0.236497 0.387943 0.419941 0.528471 0.273383 0.273345 0.462258 0.301874 0.371561 0.383677 0.739858 0.561727 0.392467 0.497141 0.382335
threshold=-0.073678408423036953 -0.022517372869408664 -0.064019399514233924 0.023274349089605583 0.0099862868653850956 0.028240746693277165 0.061067057145875001 0.0060439760428086494 -0.0005395157210973567 -0.041312635301737365 0.34339369058015556 0.0037512501770948937 -0.012025914948353136 0.0026598471956860437 0.072341000694077479 -0.03233548299023583 0.015442333019953127 -0.014446346773312919 0.0024162359805990578 -0.0085515173553000687 -0.10280561701331842 0.056542373532349331 0.016656136506444621 -0.0059353970332758554 0.0042050752256755928 0.01127244010534169 0.0020797588743071463 0.005480194404297159 -0.0056664934355524421 -0.00061700701935407621
decision_type=2 2 2 2 2 2 2 2 2 2 2 2 2 2 2 2 2 2 2 2 2 2 2 2 2 2 2 2 2 2
left_child=1 -1 -2 4 5 -3 9 8 -8 10 11 12 -4 -13 15 16 17 18 -11 -18 -17 22 23 24 -22 26 27 28 -26 -25
right_child=2 3 6 -5 -6 -7 7 -9 -10 14 -12 13 -14 -15 -16 20 19 -19 -20 -21 21 -23 -24 29 25 -27 -28 -29 -30 -31
leaf_value=-0.0070541208067040244 0.0061753720316725476 0.0083126756502315408 -0.0013792444951832294 -0.0046635181663217595 -0.0022952643489199029 -0.00095818383619189268 0.011256757527589797 -0.0022455885045928881 0.0014104168155583841 0.0017717055468396707 -0.0074646775265810664 -0.0059109170201635504 0.0070214290963485837 0.0013028919528005646 0.004442645102244569 0.0049292894154787069 0.0026700023162577833 0.0011912792962003541 0.012860740534961224 -0.00454615750217012 4.1538032706335396e-05 -0.0065885053144703653 -0.0019714313473686517 0.00074986256360419121 0.0027674328978924503 -0.0022862923006678739 0.013021635059267284 0.00020573219683553491 0.012878549239248969 -0.001838092082270075
leaf_weight=26 21 20 20 26 28 20 20 28 29 22 27 36 20 20 32 25 21 91 21 35 216 29 198 269 31 43 20 42 20 304
leaf_count=26 21 20 20 26 28 20 20 28 29 22 27 36 20 20 32 25 21 91 21 35 216 29 198 269 31 43 20 42 20 304
internal_value=1.67016e-12 -0.00184863 0.000135266 -0.00040882 0.00121798 0.00367725 5.69199e-05 0.00263845 0.00542933 -7.19892e-05 -0.00223933 -0.000769703 0.00282109 -0.00333456 0.000115878 1.60532e-05 0.00165481 0.00311537 0.00718728 -0.0018401 -0.000244067 -0.00035442 -0.00019625 0.000175693 0.00140617 0.00329567 0.00541978 0.00378497 0.00673258 -0.000623154
internal_weight=1760 120 1640 94 68 40 1619 77 49 1542 123 96 40 56 1419 1387 190 134 43 56 1197 1172 1143 945 372 156 113 93 51 573
internal_count=1760 120 1640 94 68 40 1619 77 49 1542 123 96 40 56 1419 1387 190 134 43 56 1197 1172 1143 945 372 156 113 93 51 573
is_linear=0
shrinkage=0.05


Tree=143
num_leaves=31
num_cat=0
split_feature=192 192 150 324 143 9 309 308 335 233 185 194 225 304 316 330 193 140 215 101 330 330 283 95 163 136 288 156 275 246
split_gain=0.175207 0.600146 0.656092 0.502066 0.551916 0.499436 0.541617 0.419259 0.417655 0.547523 0.482308 0.464807 0.419443 0.413663 0.450614 0.403089 0.452934 0.539326 0.584577 0.452302 0.387111 0.470439 0.391353 0.465876 0.445773 0.383673 0.383326 0.376964 0.360703 0.36044
threshold=-0.0099697456839188923 -0.0045863501080625462 -0.038129137556629222 -0.016159767754564767 0.00078433256234850142 0.014727941176470589 0.00095927975181595308 0.0044779404683224474 0.0044715518017571709 -0.072159381924095725 -0.0010949432548760121 0.017836141283224329 -0.027883559415305643 -0.00083502762078132046 -0.023574265787593387 0.018752422249102379 -0.0062987732918646485 -0.0090845972889668225 0.001312823157379926 -0.013555655063982961 0.0018349165539474626 0.0004228471942034115 0.015480667364578787 0.046752547001508236 0.0071296350878475414 -0.0067519488386988654 -0.0017220770206058372 -0.0019782066330563141 0.011930991713155252 -0.0080824687477889356
decision_type=2 2 2 2 2 2 2 2 2 2 2 2 2 2 2 2 2 2 2 2 2 2 2 2 2 2 2 2 2 2
left_child=8 2 -2 4 -4 -5 7 27 11 -10 12 13 -11 -1 -15 20 -17 18 -18 -19 21 22 24 -24 -3 -8 -26 -7 -12 -16
right_child=1 15 3 5 -6 6 25 -9 9 10 28 -13 -14 14 29 16 17 19 -20 -21 -22 -23 23 -25 26 -27 -28 -29 -30 -31
leaf_value=0.00071483053634437967 0.010962252246893267 -0.0024786054132179699 0.0033056442206725479 0.010212529994632034 -0.0079407254340670384 0.0015041805205068418 0.010377620492130519 0.0048849288183687766 -0.006421728547623691 0.0045232308672792793 0.0023973909774795176 -0.0066869760964713672 -0.0017087256166161279 0.003195274183526635 -0.0019873915344400897 -0.0012182782047368106 0.0021533837873721497 0.0062130926592443656 0.014242401593364776 -0.00046209806717152516 -0.0023733863411993933 0.0068666793095568824 0.00030529914314799485 0.0067548027441565253 0.0045516749022199831 0.0012101479861441823 -0.0012391642617205015 -0.0075026606388676632 0.0098544924597566332 -0.0085815771226771167
leaf_weight=128 22 236 20 22 24 21 25 22 24 36 50 46 108 20 43 93 20 36 20 86 245 24 126 36 51 21 65 26 24 40
leaf_count=128 22 236 20 22 24 21 25 22 24 36 50 46 108 20 43 93 20 36 20 86 245 24 126 36 51 21 65 26 24 40
internal_value=-4.14233e-12 0.000322617 0.00280897 0.00181797 -0.00282874 0.00331034 0.00198992 -0.000811782 -0.000771422 0.000746074 0.00153519 -0.00209718 -0.000150736 -0.00118319 -0.0035419 -0.000163635 0.00156293 0.00315955 0.00819789 0.00150763 -0.000725926 2.43118e-05 -0.000295176 0.00173852 -0.00123114 0.00619247 0.00130681 -0.00347833 0.00481591 -0.00516531
internal_weight=1760 1241 203 181 44 137 115 69 519 242 218 277 144 231 103 1038 255 162 40 122 783 538 514 162 352 46 116 47 74 83
internal_count=1760 1241 203 181 44 137 115 69 519 242 218 277 144 231 103 1038 255 162 40 122 783 538 514 162 352 46 116 47 74 83
is_linear=0
shrinkage=0.05


Tree=144
num_leaves=31
num_cat=0
split_feature=210 282 210 116 185 210 56 295 108 115 106 147 92 286 193 199 86 260 238 181 266 133 120 228 222 119 214 187 326 315
split_gain=0.166904 0.435639 0.313471 0.350996 0.30052 0.210823 0.432078 0.245206 0.350946 0.433793 0.547525 0.554497 0.322884 0.301479 0.362695 0.293173 0.419874 0.571577 0.582525 0.433364 0.379125 0.44109 0.382996 0.387108 0.358259 0.481452 0.426196 0.397129 0.447503 0.375186
threshold=0.020398707923847934 0.0064631360464357445 0.017276416138774311 0.012738444948850352 1.0000000180025095e-35 0.016690527610802679 1.0000000180025095e-35 0.024355832911731688 -0.072019388710281254 -0.024133297079356922 0.017754300291816297 0.024587964683049177 -0.0048160115053009827 -0.027133015795572691 -0.011110122315795182 0.00060291079572162174 -0.073443705893200914 -0.0023363731744973928 0.024978788246272279 0.0065717162375854054 0.035562194068785968 0.00026607711095703439 0.012213424207439654 0.041120237876534134 0.003799802940624754 -0.021550755442263387 0.0036924247429674095 -0.0070884669788930056 -0.010404276146661824 -0.0081244075332811225
decision_type=2 2 2 2 2 2 2 2 2 2 2 2 2 2 2 2 2 2 2 2 2 2 2 2 2 2 2 2 2 2
left_child=2 -2 5 4 -4 6 7 15 -9 12 11 13 -10 -11 -15 24 17 19 -19 -17 22 -22 -18 -24 25 26 -1 28 -27 -30
right_child=1 -3 3 -5 -6 -7 -8 8 9 10 -12 -13 -14 14 -16 16 20 18 -20 -21 21 -23 23 -25 -26 27 -28 -29 29 -31
leaf_value=0.0010401879932032899 -0.0069065083934251098 0.0021001023687422277 0.0088017264348936499 -0.0013594951444247272 0.0018250766693557981 -0.0050540844710277658 0.005564626396688469 0.0038810813132052618 -0.0083794344552896079 0.0041775898567201304 -0.005946485592867248 0.0074286381788551811 -0.0022885346242268994 -0.0064835226869788673 -0.00019783671903000636 -0.0040168107883702666 -0.00035716232067408365 0.0033820638914282123 0.012331767387998601 0.0044064325334217686 0.0013844119591106263 -0.0060296733665498019 0.0046328087230703158 -0.0024742898376037678 -0.0022469471776134617 0.0021003492154704874 0.0088023366073944741 0.00067701320215973239 0.00038634132167013986 -0.0070469398854364615
leaf_weight=48 29 25 29 32 33 21 34 30 36 28 40 25 55 29 110 37 208 75 24 26 35 47 95 24 206 32 28 237 24 58
leaf_count=48 29 25 29 32 33 21 34 30 36 28 40 25 55 29 110 37 208 75 24 26 35 47 95 24 206 32 28 237 24 58
internal_value=-8.94943e-12 -0.00273678 8.66273e-05 0.00289334 0.00508835 -7.70394e-05 -1.13462e-05 -0.000133108 -0.00129193 -0.0017724 -0.000624807 0.000483876 -0.00469812 -0.000555759 -0.00150924 0.000206647 0.00102814 0.00318248 0.00555169 -0.000540552 0.000174826 -0.00286512 0.000937138 0.00319944 -0.000534382 0.000291821 0.00389993 -0.000489422 -0.00291438 -0.00487135
internal_weight=1760 54 1706 94 62 1612 1591 1557 353 323 232 192 91 167 139 1204 571 162 99 63 409 82 327 119 633 427 76 351 114 82
internal_count=1760 54 1706 94 62 1612 1591 1557 353 323 232 192 91 167 139 1204 571 162 99 63 409 82 327 119 633 427 76 351 114 82
is_linear=0
shrinkage=0.05


Tree=145
num_leaves=31
num_cat=0
split_feature=277 169 311 196 310 218 296 191 105 284 243 251 172 184 271 290 283 227 283 167 194 186 179 134 316 264 9 283 56 322
split_gain=0.161419 0.203411 0.315327 0.359673 0.67717 0.487572 0.395124 0.474842 0.343437 0.326212 0.474952 0.437023 0.320453 0.372649 0.315815 0.262728 0.395299 0.467989 0.421588 0.300428 0.592826 0.326117 0.315209 0.291942 0.28814 0.528926 0.358698 0.323626 0.467077 0.531095
threshold=-0.086563453670816456 -0.010712751923431079 0.0672664845101964 -0.0059310600025083678 0.028053560970443304 -0.0059353970332758554 0.014649250618719368 1.0000000180025095e-35 -0.020920921641377477 -0.0085635265563438531 -0.0012798914367505541 -0.012194883621017512 0.019579849067288779 -0.0048566085938256042 0.00097509653298498411 -0.039230848405684603 -0.0023946037291034034 -0.00035971700477349953 0.025470666553254907 -0.04224408606698541 0.0024960381310444126 -0.034958331064847574 -0.010839331275902123 -0.079402826768122173 -0.032527980154734536 0.024133705477414152 0.014727941176470589 0.0072915267092701604 1.0000000180025095e-35 -0.031284864050643658
decision_type=2 2 2 2 2 2 2 2 2 2 2 2 2 2 2 2 2 2 2 2 2 2 2 2 2 2 2 2 2 2
left_child=-1 2 3 9 5 6 7 -5 -6 -2 -11 -12 13 -7 -15 16 17 -3 -18 20 -17 22 -21 -23 25 26 -25 -26 29 -29
right_child=1 15 -4 4 8 12 -8 -9 -10 10 11 -13 -14 14 -16 19 18 -19 -20 21 -22 23 -24 24 27 -27 -28 28 -30 -31
leaf_value=-0.0028295498721453609 0.0014298539369991875 -0.0018319020527556087 0.0069624312366137198 0.014577259083109147 -0.0084973913477733726 -0.00076954554748701184 0.0020810559133678909 0.0041888680372556509 0.00014722388048000912 8.8872078922577213e-05 -0.0011974377417936922 -0.011113594189286232 -0.0032556561233165367 0.0087106612691235149 0.0013849012079715198 0.01044382842257619 0.0041191324105431491 -0.011246483130592178 -0.0032938935360024599 -0.0083674665297503066 -0.00082711416512860783 -0.0053007753584533935 -0.00083242438999669901 0.0040308577851769891 -0.00087405183506372112 0.0081146896546406121 -0.0026841159996598266 0.0053135069664567713 0.0081523429544176906 -0.00032772935644191295
leaf_weight=49 79 33 21 22 20 46 32 22 27 60 20 25 30 31 28 20 34 22 44 23 28 25 35 37 549 31 43 50 22 252
leaf_count=49 79 33 21 22 20 46 32 22 27 60 20 25 30 31 28 20 34 22 44 23 28 25 35 37 549 31 43 50 22 252
internal_value=4.31762e-12 8.10333e-05 0.000976086 0.000691667 0.00189618 0.00310515 0.00630853 0.00938306 -0.00353134 -0.000997271 -0.00282339 -0.00670641 0.00130177 0.00260389 0.00523403 -0.000251026 -0.00235155 -0.00559773 -6.25745e-05 -4.69801e-07 0.00386911 -0.000174547 -0.00382046 3.50301e-05 0.000170594 0.00257009 0.000421559 -0.000134496 0.00111864 0.00060625
internal_weight=1760 1711 463 442 258 211 76 44 47 184 105 45 135 105 59 1248 133 55 78 1115 48 1067 58 1009 984 111 80 873 324 302
internal_count=1760 1711 463 442 258 211 76 44 47 184 105 45 135 105 59 1248 133 55 78 1115 48 1067 58 1009 984 111 80 873 324 302
is_linear=0
shrinkage=0.05


Tree=146
num_leaves=31
num_cat=0
split_feature=322 318 200 111 166 266 192 252 124 115 136 316 160 126 162 272 316 124 318 249 210 91 312 251 336 223 307 176 127 180
split_gain=0.161593 0.396697 0.316327 0.361968 0.336707 0.309824 0.435202 0.331935 0.307359 0.283871 0.27792 0.295466 0.529304 0.561183 0.427351 0.526938 0.434241 0.415695 0.398197 0.484905 0.379472 0.357703 0.589424 0.592736 0.613781 0.56066 0.518722 0.474246 0.510526 0.43981
threshold=0.020726065782862086 -0.044310491901118278 -0.0098717203174105601 -0.01667518472769779 0.018128744976036049 0.0010742293677421988 -0.0018149824475601178 -0.0039637918935321566 -0.0048235204306730714 0.0065403199697044558 0.09242462225349983 0.010840222994297426 0.023126770841854528 0.0060458787727684666 0.00064672349693799919 0.049169907355443222 0.020265625948191292 0.0032977286628510611 0.0099134571073804037 0.0073325918774369541 0.020630250592672993 -0.022821373647158423 0.0011186891069467047 -0.0075938149981764807 0.0022957633590846333 0.00077587853833668721 -0.00031585699005571313 0.00079580452457738435 0.0064864824575496241 0.038155332348304739
decision_type=2 2 2 2 2 2 2 2 2 2 2 2 2 2 2 2 2 2 2 2 2 2 2 2 2 2 2 2 2 2
left_child=10 -2 3 -3 -5 8 -7 -8 -4 -10 11 20 14 17 15 16 18 -14 19 -13 21 29 23 24 -23 27 -27 28 -25 -1
right_child=1 2 5 4 -6 6 7 -9 9 -11 -12 12 13 -15 -16 -17 -18 -19 -20 -21 -22 22 -24 25 -26 26 -28 -29 -30 -31
leaf_value=-0.00092035794759898692 0.0038571725689018005 -0.0091981082068135333 0.00099151127894098559 -0.0042547489239676099 0.0032263358655784816 0.0053040523648219696 -0.005128876619233654 0.0019346198207364441 -0.0013066247982774365 -0.0072802804894997065 -0.0053247483318872666 -0.00097887932012478518 -0.0010928661114751148 0.0027022066557713387 0.00017001877162189116 0.011327964573865756 0.0011004037449422938 -0.01012283032387495 0.01194203317631036 0.008788902462401894 -0.00639130362154295 0.0045517130169787671 0.0023238196049340997 -0.0021579646577055637 -0.002102933112635381 -0.010493005672469736 -0.0022056071939537437 -0.0045337705243680927 0.0076583462750056275 -0.0084396062607300423
leaf_weight=263 39 24 48 53 21 44 29 39 43 37 22 27 26 35 156 20 130 25 20 24 24 77 284 26 63 35 41 37 27 21
leaf_count=263 39 24 48 53 21 44 29 39 43 37 22 27 26 35 156 20 130 25 20 24 24 77 284 26 63 35 41 37 27 21
internal_value=9.4604e-12 -0.000917626 -0.00146856 -0.00386228 -0.00213174 -0.000491132 0.00142938 -0.00107775 -0.00217158 -0.00406944 0.000250141 0.000340257 0.00136624 -0.00217335 0.00217369 0.00358804 0.0028179 -0.00551932 0.0059626 0.00361772 -0.000188732 -1.841e-05 0.000683382 -0.000839115 0.00155712 -0.00286004 -0.00602217 -0.000189792 0.0028428 -0.00147636
internal_weight=1760 377 338 98 74 240 112 68 128 80 1383 1361 463 86 377 221 201 51 71 51 898 874 590 306 140 166 76 90 53 284
internal_count=1760 377 338 98 74 240 112 68 128 80 1383 1361 463 86 377 221 201 51 71 51 898 874 590 306 140 166 76 90 53 284
is_linear=0
shrinkage=0.05


Tree=147
num_leaves=31
num_cat=0
split_feature=192 192 150 224 264 221 313 200 296 269 335 330 141 312 294 327 330 193 140 245 101 170 170 184 148 222 157 322 326 296
split_gain=0.155758 0.493861 0.542862 0.444229 0.464017 0.453856 0.59411 0.431635 0.377096 0.374132 0.358341 0.492317 0.435129 0.338078 0.339948 0.41136 0.33321 0.375878 0.445598 0.520409 0.377734 0.338867 0.499578 0.42555 0.456305 0.35039 0.345792 0.379333 0.360034 0.378087
threshold=-0.0099697456839188923 -0.0045863501080625462 -0.038129137556629222 0.036989721204079139 -0.013548909213947902 -0.014758423345369085 0.0070220501254137768 -6.8515460971384969e-05 -0.016324773639654736 0.020848499493442089 0.0044715518017571709 0.0013851042566896457 0.017339826730565888 -0.003580542986738005 0.00052847573159810115 0.0083855454867496192 0.018752422249102379 -0.0062987732918646485 -0.0090845972889668225 0.011421213483802596 -0.013555655063982961 0.0012626965656589203 1.0000000180025095e-35 0.018552114664466643 -0.0054771589975696382 0.022387994896748892 0.015641633867211718 0.0043566587584423387 -0.010240848054638917 0.035950413430697117
decision_type=2 2 2 2 2 2 2 2 2 2 2 2 2 2 2 2 2 2 2 2 2 2 2 2 2 2 2 2 2 2
left_child=8 2 -2 4 -4 6 -6 -7 9 -1 13 12 -12 -10 -15 -16 21 -18 19 -19 -20 22 26 25 -25 -23 27 28 -3 -30
right_child=1 16 3 -5 5 7 -8 -9 10 -11 11 -13 -14 14 15 -17 17 18 20 -21 -22 23 -24 24 -26 -27 -28 -29 29 -31
leaf_value=0.00032603123131954659 0.0099760780137413269 -0.0028913030070335873 0.0070635056609494821 -0.0035875446205450735 0.010901093496275801 -0.006093632397193384 -0.00073095156770685448 0.0024608739972885314 -0.0052930326071671321 0.0072607122457829191 0.00051407855935394766 -0.0030124902179821918 0.008261738386257397 0.0023070332404702557 -0.0062931622542321767 0.0019911201043135447 -0.0011007316463116196 0.013170139426365496 0.0056859476026147604 0.0017639059864450247 -0.00041423088310524651 -0.0021889044737755932 0.0071042882446199669 0.0074976974612344875 -0.0016765561709744916 -0.0090655833168420945 0.0025716252930099042 -0.0028826597494284577 0.0029047649376643977 -0.0043587066410552891
leaf_weight=126 22 56 45 33 21 30 23 29 90 23 74 73 24 43 43 23 93 20 36 20 86 251 25 23 33 20 91 141 122 21
leaf_count=126 22 56 45 33 21 30 23 29 90 23 74 73 24 43 43 23 93 20 36 20 86 251 25 23 33 20 91 141 122 21
internal_value=8.46905e-12 0.000304184 0.00255965 0.00165821 0.00282787 0.000977354 0.00482071 -0.00188888 -0.000727346 0.00139649 -0.00158262 9.59751e-05 0.00241146 -0.00302503 -0.00115237 -0.00340622 -0.000136915 0.00143287 0.00288735 0.00746702 0.00138582 -0.000648149 0.000232688 -0.00187647 0.00209144 -0.00269641 -0.000165897 -0.000898587 0.000507214 0.0018381
internal_weight=1760 1241 203 181 148 103 44 59 519 149 370 171 98 199 109 66 1038 255 162 40 122 783 456 327 56 271 431 340 199 143
internal_count=1760 1241 203 181 148 103 44 59 519 149 370 171 98 199 109 66 1038 255 162 40 122 783 456 327 56 271 431 340 199 143
is_linear=0
shrinkage=0.05


Tree=148
num_leaves=31
num_cat=0
split_feature=238 327 280 226 152 290 255 218 127 192 92 297 283 331 153 154 287 8 226 152 311 307 144 186 114 251 106 136 290 196
split_gain=0.150456 0.178488 0.41512 0.392834 0.361525 0.349938 0.28672 0.261187 0.219082 0.290579 0.237387 0.481312 0.492967 0.45638 0.430028 0.399134 0.360779 0.284275 0.281223 0.320274 0.39773 0.35481 0.415348 0.365764 0.393086 0.346348 0.344786 0.295864 0.360101 0.451057
threshold=0.1340845822288112 0.035507486752658766 0.024964030677413204 -0.0039790447073182076 0.00013262626602883796 0.018344229142411326 0.033376173509311068 1.0000000180025095e-35 0.077255906929774562 0.0022703331177021291 -0.087119182898816969 -0.0081355703175019518 0.0089693113012992345 0.00052880379850644792 -0.0089471726877928207 -0.00024626945753102519 0.01008132078034861 0.3615900383141763 -0.0043930775632484579 -0.00041031251360862625 0.011935599907158506 0.045697608923137852 -0.0037669570549709289 0.0095734118974345663 0.001814056430960745 -0.0155170148109937 -0.0023287838980176373 -0.018059986552538553 0.0045961047916188149 0.0025759250851117147
decision_type=2 2 2 2 2 2 2 2 2 2 2 2 2 2 2 2 2 2 2 2 2 2 2 2 2 2 2 2 2 2
left_child=1 8 3 -3 -4 6 7 -5 10 -10 11 14 13 -13 -1 -14 -16 18 -12 21 25 22 23 24 -20 26 -21 -27 29 -29
right_child=-2 2 4 5 -6 -7 -8 -9 9 -11 17 12 15 -15 16 -17 -18 -19 19 20 -22 -23 -24 -25 -26 27 -28 28 -30 -31
leaf_value=0.0065085967329131175 0.0031991557955431439 0.0035342921210611438 -0.010722370727453382 -0.0052573262767579695 -0.0017033308162353934 0.0031262502850343786 -0.0089280421473085878 0.0020573154142450377 0.00026593217393383384 -0.0078198759618680926 -0.00051632178453220985 -0.0013201103239596167 -0.0047013477585278454 -0.0097766146821996729 -0.0056755368947051469 0.0048625519576792923 0.0026787202206573317 0.0055307866005157988 0.0098980442219827741 0.0015111270196188891 -0.0024272603653687037 0.0079481951611038923 0.00043942430007690153 -0.00045918915741916363 0.0025592756067478175 -0.0036326950391199681 0.0081794460761427362 -0.00032515617724704116 -0.0019218053138846981 0.0076652037939338976
leaf_weight=28 36 47 20 26 25 24 20 23 25 20 543 27 20 39 24 24 28 27 36 63 118 24 223 29 37 47 28 38 58 33
leaf_count=28 36 47 20 26 25 24 20 23 25 20 543 27 20 39 24 24 28 27 36 63 118 24 223 29 37 47 28 38 58 33
internal_value=2.24294e-12 -6.68037e-05 -0.00153417 -0.000191367 -0.00571179 -0.00207423 -0.00388309 -0.00182392 0.000109586 -0.00332776 0.00021312 -0.00143802 -0.00358415 -0.00631714 0.0015129 0.000515325 -0.00117709 0.000453701 0.000346355 0.000984547 -9.86186e-06 0.00208153 0.0016483 0.00429124 0.00617839 0.0010585 0.00356292 -0.000236395 0.00100102 0.00338867
internal_weight=1760 1724 185 140 45 93 69 49 1539 45 1494 190 110 66 80 44 52 1304 1277 734 385 349 325 102 73 267 91 176 129 71
internal_count=1760 1724 185 140 45 93 69 49 1539 45 1494 190 110 66 80 44 52 1304 1277 734 385 349 325 102 73 267 91 176 129 71
is_linear=0
shrinkage=0.05


Tree=149
num_leaves=31
num_cat=0
split_feature=86 177 325 167 89 163 149 96 220 236 236 268 99 290 295 258 120 122 255 232 112 175 284 327 146 316 114 104 92 179
split_gain=0.149058 0.184653 0.202321 0.191761 0.411687 0.262321 0.210472 0.283545 0.239055 0.282227 0.487342 0.321506 0.26178 0.319916 0.270418 0.389137 0.45255 0.309063 0.303414 0.300317 0.275522 0.317322 0.259238 0.258503 0.289424 0.265944 0.389637 0.329674 0.391732 0.329181
threshold=0.34663620958425684 0.052276444494178266 -0.0062460232540549497 -0.04224408606698541 0.0074989947018615274 -0.0055744655805182322 0.043791688844415776 -0.024781130266121332 -0.077394331565135518 0.029001658426901739 0.0041837768776572205 0.0038836761883868825 -0.11960451050526864 -0.099838902808241939 0.024355832911731688 0.0056270266434542467 0.011565831441247993 -0.0013254093800170487 0.010382202745028697 0.0039615401288071467 -0.0080145315723929265 0.0045010590380593829 0.0034188601614921076 0.058673186425982522 0.059046704208762686 -0.034835695798081094 -0.017856362982653789 -0.03917626997141252 -0.15973265727747984 -0.016990538493081436
decision_type=2 2 2 2 2 2 2 2 2 2 2 2 2 2 2 2 2 2 2 2 2 2 2 2 2 2 2 2 2 2
left_child=1 3 -3 4 5 -1 8 -8 9 10 11 -5 -10 -14 23 17 20 18 22 -19 -17 -22 -16 24 25 26 -15 29 -29 -27
right_child=-2 2 -4 6 -6 -7 7 -9 12 -11 -12 -13 13 14 15 16 -18 19 -20 -21 21 -23 -24 -25 -26 27 -28 28 -30 -31
leaf_value=0.0039456160273402931 0.0039134521832844861 -0.0069045461178757249 -0.00066271770975200115 -0.0045230038593419728 0.0069510044207075437 -0.0024448112523671062 0.0064272144828767825 0.0006138458756353468 0.0045611759430418414 0.0012959157427152 -0.0079465057468041788 0.003193098198001584 -0.0064379670191556217 0.0084190710407236347 0.0088333153822035947 0.0024371258430899339 -0.0089058641584650166 0.00045539379946193568 -0.0017759593945272543 -0.0056111961811171462 -0.0072982054107404992 0.00077222521039879049 0.0013913608812727036 -0.0042632046962777772 0.0061187899480997163 -0.0061295918694766541 0.0011013985785117758 0.0059993907355801058 0.00024610921162132528 -0.00078880226858073969
leaf_weight=26 24 20 37 27 31 42 27 94 30 39 40 27 20 23 22 26 31 51 27 34 29 21 25 30 22 37 87 31 649 131
leaf_count=26 24 20 37 27 31 42 27 94 30 39 40 27 20 23 22 26 31 51 27 34 29 21 25 30 22 37 87 31 649 131
internal_value=-1.49322e-12 -5.4103e-05 -0.00285283 4.09104e-05 0.00217561 -1.41259e-06 -9.28459e-05 0.00191104 -0.000259035 -0.0022799 -0.00376349 -0.000664953 -5.63392e-05 -0.000163226 -6.4876e-05 -0.00148322 -0.00381446 8.56004e-05 0.00244819 -0.00197124 -0.00173771 -0.00390862 0.00487483 0.000308669 0.000448624 0.000318412 0.00263146 1.83703e-05 0.000508391 -0.00196505
internal_weight=1760 1736 57 1679 99 68 1580 121 1459 133 94 54 1326 1296 1276 266 107 159 74 85 76 50 47 1010 980 958 110 848 680 168
internal_count=1760 1736 57 1679 99 68 1580 121 1459 133 94 54 1326 1296 1276 266 107 159 74 85 76 50 47 1010 980 958 110 848 680 168
is_linear=0
shrinkage=0.05


Tree=150
num_leaves=31
num_cat=0
split_feature=277 277 179 156 81 271 101 178 259 179 301 268 217 299 309 317 118 277 196 209 210 285 116 293 144 104 238 286 142 265
split_gain=0.140596 0.168033 0.184288 0.371718 0.495033 0.333843 0.368046 0.382145 0.32835 0.440861 0.530016 0.458495 0.39563 0.372264 0.499899 0.44507 0.369654 0.332447 0.341366 0.308419 0.403647 0.336168 0.332056 0.532924 0.525085 0.437407 0.444151 0.348151 0.621462 0.536868
threshold=-0.086563453670816456 -0.071572081441804838 0.00016429207889358434 -0.022863565002231249 -0.33492225733334713 -0.015908694207035969 -0.0031704646424097621 0.0082775714859783609 0.0017583370490700662 0.012190201365556253 0.0043007173619147325 0.013802335226229269 0.0019421481777793501 0.0021942530153055708 -0.023222418235475519 -0.0003993702488705319 -0.0074983734789407534 0.01496428013191224 0.0099377021891155059 0.81333116584344889 0.017276416138774311 0.0012905315543691447 0.017908416326325127 0.003988666071072588 0.0047552750545047408 0.0043172800809300029 -0.019182949028976524 -0.0060714731400953277 0.012092466187300066 0.024474139188978967
decision_type=2 2 2 2 2 2 2 2 2 2 2 2 2 2 2 2 2 2 2 2 2 2 2 2 2 2 2 2 2 2
left_child=-1 -2 3 4 5 -3 7 -7 9 10 11 12 -4 14 -11 -16 -12 18 -15 20 22 -22 27 24 -24 26 -25 -5 -29 -30
right_child=1 2 8 19 -6 6 -8 -9 -10 13 16 -13 -14 17 15 -17 -18 -19 -20 -21 21 -23 23 25 -26 -27 -28 28 29 -31
leaf_value=-0.0026407490322860531 0.0039171658190233372 0.005573340316879608 0.010527552612759967 4.4806051902677059e-05 0.0066284029763408348 -0.00023223341533752242 0.0022779196301209079 -0.009682394503324759 -0.00042761264474619427 0.0087438562641973094 0.0049626552631917339 0.00036208367673680187 0.003250891012289832 -0.0052866868266405968 -0.0035035448459287489 0.0037216922709163523 -0.0024132201505102677 0.0022609493217896673 0.0021832689188886435 -0.0060307266335163654 0.0086526346788741645 -0.00012451707443688066 0.0011804661294043965 0.0025783517637527047 -0.0064426392700674164 -0.00081500168671482247 0.012197679773505245 -0.0014245995386141859 -0.0091911266337295888 4.232834908179939e-06
leaf_weight=49 28 21 47 162 39 23 35 20 434 23 26 30 31 65 39 47 49 35 20 29 20 24 58 28 37 32 21 209 57 22
leaf_count=49 28 21 47 162 39 23 35 20 434 23 26 30 31 65 39 47 49 35 20 29 20 24 58 28 37 32 21 209 57 22
internal_value=-7.92924e-12 7.56264e-05 1.17148e-05 -0.000514302 0.00185714 -2.24437e-05 -0.001529 -0.00462766 0.000532135 0.00154313 0.00337277 0.00561514 0.00763555 8.10216e-05 0.00219624 0.000445131 0.00014375 -0.0018403 -0.00352905 -0.000982484 -0.000763978 0.0038651 -0.00108934 0.000752014 -0.00178853 0.00373167 0.00670092 -0.00180952 -0.00285258 -0.00663039
internal_weight=1760 1711 1683 837 138 99 78 43 846 412 183 108 78 229 109 86 75 120 85 699 670 44 626 176 95 81 49 450 288 79
internal_count=1760 1711 1683 837 138 99 78 43 846 412 183 108 78 229 109 86 75 120 85 699 670 44 626 176 95 81 49 450 288 79
is_linear=0
shrinkage=0.05


Tree=151
num_leaves=31
num_cat=0
split_feature=241 182 182 329 130 207 161 233 315 238 322 321 329 181 120 283 276 276 330 320 324 205 297 286 113 179 246 296 105 167
split_gain=0.141384 0.151922 0.220765 0.391364 0.382989 0.249708 0.300555 0.253374 0.284949 0.338309 0.23559 0.334065 0.221179 0.21744 0.420589 0.213554 0.471144 0.236825 0.313338 0.262431 0.35874 0.327841 0.256301 0.601715 0.402287 0.548889 0.449255 0.441734 0.461271 0.500349
threshold=0.12661493437271712 0.015100954824428692 0.031253187941519565 -0.018359920966902116 0.036504624868195897 -0.0068194765518405547 0.0050919278977834279 0.038072118018290906 -0.0064644429026984281 -0.015000580831393827 -0.0061947334987019877 0.0058797130334374221 -0.040131597299375002 -0.051785184155298924 0.0067375214480298517 0.06261407461574571 -0.011264933465919306 0.073250561062554995 -0.017641603876730968 0.047150000626755499 0.022898317883735312 -0.0048376848692070077 0.012863545065225938 0.018240875502752402 0.006759358143126057 -0.021279534313782645 0.030389470492359589 0.001076685049365619 0.030510612226884195 -0.0021945015908780975
decision_type=2 2 2 2 2 2 2 2 2 2 2 2 2 2 2 2 2 2 2 2 2 2 2 2 2 2 2 2 2 2
left_child=1 13 4 12 5 6 -3 8 -7 -10 11 -5 -4 14 -1 17 -17 19 -19 22 21 -21 23 -15 25 -24 -26 28 29 -27
right_child=-2 2 3 10 -6 7 -8 -9 9 -11 -12 -13 -14 15 -16 16 -18 18 -20 20 -22 -23 24 -25 26 27 -28 -29 -30 -31
leaf_value=-0.00050958697231382963 -0.0034031159306565925 0.0042053062249833599 0.0002565290778875351 -0.00034376326195128702 0.0034753152902653552 -0.0050903162888803139 -0.0040181290730834009 -0.0074172726140490607 -0.004378469210738937 0.0035860060591949151 0.00099673745130833893 -0.0081460098806849634 0.0063446857454255226 -0.00024437215487819276 0.008925112806970165 -0.0022489614367950709 0.0066363344522746837 0.00047797389514744285 -0.0076085687979407929 0.010183958739507944 -0.0023823939547266649 0.0023102258860420149 -0.005594807010257264 0.0032136100019726412 -0.005496368018828939 0.0085910022823914335 0.0013275054338223796 -0.0013722490007283836 -0.0037338233178888917 0.0012352205100469292
leaf_weight=27 30 25 26 34 29 54 20 35 24 30 60 23 35 563 21 25 37 25 23 20 23 39 37 162 83 43 34 103 20 50
leaf_count=27 30 25 26 34 29 54 20 35 24 30 60 23 35 563 21 25 37 25 23 20 23 39 37 162 83 43 34 103 20 50
internal_value=2.17969e-13 5.90136e-05 -0.000802376 0.000502763 -0.00187295 -0.00269795 0.000550446 -0.00372017 -0.00252204 4.62393e-05 -0.0011901 -0.00349204 0.00374973 0.000313882 0.00361809 0.000190648 0.00305355 4.57496e-05 -0.00339683 0.000186144 0.00291443 0.00497929 -1.81661e-05 0.000528308 -0.00108896 3.22061e-05 -0.00351336 0.000996093 0.00315485 0.00463628
internal_weight=1760 1730 395 178 217 188 45 143 108 54 117 57 61 1335 48 1287 62 1225 48 1177 82 59 1095 725 370 253 117 216 113 93
internal_count=1760 1730 395 178 217 188 45 143 108 54 117 57 61 1335 48 1287 62 1225 48 1177 82 59 1095 725 370 253 117 216 113 93
is_linear=0
shrinkage=0.05


Tree=152
num_leaves=31
num_cat=0
split_feature=173 173 332 272 154 304 123 95 282 245 128 138 141 282 91 152 258 227 288 332 137 111 218 90 119 297 318 141 169 330
split_gain=0.141252 0.19852 0.38274 0.4539 0.244464 0.195973 0.229459 0.207157 0.229908 0.310424 0.489655 0.28992 0.509738 0.509798 0.446348 0.475234 0.616625 0.448886 0.428757 0.38823 0.354636 0.343715 0.335486 0.308388 0.333829 0.327546 0.297354 0.291823 0.470781 0.406507
threshold=-0.073183740124007496 -0.041121513591709381 -0.0376858355446456 0.003806819293745111 -0.0096421536333573411 -0.051717169313429463 -0.010474341471452335 0.17365360044602177 -0.022937776818896822 -0.031567221931570001 0.0034280912658165882 0.0016673532251935534 0.0016907496644835744 0.019741977183342446 -0.022821373647158423 0.021228035433266696 -0.0023605927226744454 -0.0052752457105518886 0.034595274958888027 0.031203460935603691 0.021639696082547621 0.0064294487677533209 -0.010076317824405776 -0.023172011097039025 -0.0038704771234483195 0.026124678525235628 -0.0068584182971010875 -0.0010445006804651494 0.012100644880573981 -0.015345714008014983
decision_type=2 2 2 2 2 2 2 2 2 2 2 2 2 2 2 2 2 2 2 2 2 2 2 2 2 2 2 2 2 2
left_child=-1 2 -2 4 -4 6 -3 8 9 10 -7 19 13 14 -13 16 -16 -18 23 21 26 27 -15 24 -14 -25 -21 28 29 -10
right_child=1 5 3 -5 -6 7 -8 -9 11 -11 -12 12 18 22 15 -17 17 -19 -20 20 -22 -23 -24 25 -26 -27 -28 -29 -30 -31
leaf_value=-0.0035229491202958992 0.0083874221285805111 -0.0066700500626624987 2.4324019905179738e-05 -0.0031755999755114319 0.0074408248867839574 0.0013574870013588565 -0.00097982147634976071 -0.0045374580326703528 0.0024670863632179265 0.00056162309579280948 0.010672023258216326 0.00068463088771351054 0.00098648808364357275 0.0035321094653089392 0.014156288424662003 -0.00015290546829679183 0.01070690414912644 0.0017537928381768455 -0.0070083945057747236 0.007876746306207898 -0.0028392194500193001 0.00023519567688821822 -0.0024595153839618434 -0.00037452802560387867 -0.0072911890147350214 0.0052110071410425007 0.0007765054008147369 -0.0010341091009734708 -0.010359458612278105 -0.0043489232652937065
leaf_weight=28 20 22 20 40 25 43 91 24 28 286 21 82 21 33 24 28 21 42 27 29 25 177 80 146 29 32 30 161 25 100
leaf_count=28 20 22 20 40 25 43 91 24 28 286 21 82 21 33 24 28 21 42 27 29 25 177 80 146 29 32 30 161 25 100
internal_value=-2.86822e-12 5.6953e-05 0.00216411 0.000699801 0.0041446 -7.90344e-05 -0.00208765 7.08824e-05 0.000145111 0.00126602 0.00441382 -0.00019903 0.00060536 0.00196746 0.00350311 0.00551282 0.00733627 0.00473816 -0.00105052 -0.00098943 0.00215167 -0.00152681 -0.000709749 -0.000344987 -0.00381456 0.000629613 0.00426645 -0.00252004 -0.00408366 -0.00285792
internal_weight=1760 1732 105 85 45 1627 113 1514 1490 350 64 1140 565 310 197 115 87 63 255 575 84 491 113 228 50 178 59 314 153 128
internal_count=1760 1732 105 85 45 1627 113 1514 1490 350 64 1140 565 310 197 115 87 63 255 575 84 491 113 228 50 178 59 314 153 128
is_linear=0
shrinkage=0.05


Tree=153
num_leaves=31
num_cat=0
split_feature=109 261 279 303 308 109 53 56 165 165 172 256 164 147 133 190 0 83 266 4 175 161 98 19 145 261 193 280 238 329
split_gain=0.137999 0.280257 0.272539 0.274103 0.232161 0.227958 0.176898 0.22341 0.17664 0.198602 0.340552 0.311952 0.226041 0.222264 0.317426 0.229596 0.427306 0.37829 0.606771 0.336415 0.361667 0.334287 0.2838 0.40069 0.313762 0.332078 0.286102 0.311253 0.436361 0.29715
threshold=-0.073678408423036953 0.0099862868653850956 0.0046445019328744527 -0.004744351144307362 -0.017396842575507252 -0.064019399514233924 0.89587973461402759 1.2424533248940004 0.057822073162986189 0.029217852146731869 -0.029842634094859165 0.040280924316477583 -0.0096514857298898877 0.054095046545770221 0.013712040271163666 -0.0059414990005728406 3.7726948748059121 0.21097613744351726 0.0030890688412571542 6.7833245593222182 -0.028023149773131976 -0.023010569430341434 0.014713733679505634 24.060693641618503 0.012785026828205256 0.011583130705252473 -0.011763028766643363 -0.0085515173553000687 -0.029643543878724168 -0.00071676114492715199
decision_type=2 2 2 2 2 2 2 2 2 2 2 2 2 2 2 2 2 2 2 2 2 2 2 2 2 2 2 2 2 2
left_child=1 2 3 -1 -3 -2 7 8 9 13 -11 12 -12 15 -15 17 -17 -7 -19 20 21 -18 23 24 26 -26 29 28 -28 -22
right_child=5 4 -4 -5 -6 6 -8 -9 -10 10 11 -13 -14 14 -16 16 19 18 -20 -21 22 -23 -24 -25 25 -27 27 -29 -30 -31
leaf_value=-0.00098075197564195023 0.0052957077887618824 -0.0083763905790295787 -0.0035200722561317629 0.0069201994598621424 -0.0013974875605736788 0.0001470017729125175 -0.0045065573372301609 0.0049002690240740783 -0.0030838917263529518 0.0066941892342834639 -0.0035139304532770979 0.0056266748955330027 0.0012610156035995769 -0.0005008261935371492 0.0063433266888750957 -0.0074232195524255862 0.0016433365251445635 -0.00074921875160985764 0.0095698820041685284 -0.0066125992177562282 0.00037502125273213574 -0.0056306377991859335 -0.0013897731365762991 0.0046856351100099608 0.0054888878420460974 -0.0013121238651884986 -0.0036747661454137417 -0.00087069258306120701 0.0047411263145422985 -0.0055165046248086061
leaf_weight=23 21 22 28 21 26 400 21 24 44 29 39 26 68 36 32 23 22 28 29 22 38 56 242 56 50 28 20 170 67 49
leaf_count=23 21 22 28 21 26 400 21 24 44 29 39 26 68 36 32 23 22 28 29 22 38 56 242 56 50 28 20 170 67 49
internal_value=-5.72878e-12 -0.00163675 0.000336179 0.00279016 -0.00459615 0.000119762 5.26254e-05 0.00011254 3.95373e-05 0.000129361 0.00178476 0.000714281 -0.000479385 -6.66724e-05 0.00271995 -0.000212434 -0.000701677 0.000690042 0.00450085 -0.000513146 -0.000344991 -0.003579 5.36093e-06 0.000711684 0.000184335 0.0030475 -0.000464871 0.000374095 0.00280644 -0.00294319
internal_weight=1760 120 72 44 48 1640 1619 1598 1574 1530 162 133 107 1368 68 1300 843 457 57 820 798 78 720 478 422 78 344 257 87 87
internal_count=1760 120 72 44 48 1640 1619 1598 1574 1530 162 133 107 1368 68 1300 843 457 57 820 798 78 720 478 422 78 344 257 87 87
is_linear=0
shrinkage=0.05


Tree=154
num_leaves=31
num_cat=0
split_feature=210 282 210 292 319 127 209 61 129 93 317 279 257 81 183 0 192 204 322 280 259 323 310 322 267 278 271 111 161 199
split_gain=0.1306 0.357787 0.229653 0.308625 0.353091 0.307713 0.182998 0.467062 0.466652 0.447822 0.462721 0.518279 0.331122 0.217245 0.276875 0.214477 0.250763 0.261011 0.249499 0.4299 0.306226 0.289694 0.485726 0.366915 0.426492 0.308068 0.305263 0.407788 0.435719 0.289497
threshold=0.020398707923847934 0.0064631360464357445 0.017276416138774311 0.010086237720855311 -0.0044322788338698477 -0.0047653323718448402 0.69396218584033031 2.9700856263602158 0.049252522772615194 -0.000346007040810655 0.0059577200431948476 -0.010915614772214506 0.01029619512534931 -0.52779988668249145 0.006636959329056529 6.0173751870972945 0.012856920993732963 -0.0068263167523589666 -0.01195164516977444 -0.0016082026029306631 -0.053637342573992004 0.020912992552159369 0.022419223418340056 -0.0007015117666645561 0.014658443132326006 0.0014587715717094766 -0.0043260260355213439 1.0000000180025095e-35 -0.0027671900359020249 0.0027740537440148231
decision_type=2 2 2 2 2 2 2 2 2 2 2 2 2 2 2 2 2 2 2 2 2 2 2 2 2 2 2 2 2 2
left_child=2 -2 6 4 -4 -6 7 13 9 10 11 -8 -9 14 -1 18 -17 -18 19 20 -15 22 23 24 25 -20 27 28 -25 -21
right_child=1 -3 3 -5 5 -7 8 12 -10 -11 -12 -13 -14 15 -16 16 17 -19 21 29 -22 -23 -24 26 -26 -27 -28 -29 -30 -31
leaf_value=0.00034488237396414792 -0.006199730494750086 0.001962529417127371 -5.5835892063831647e-05 -0.002154315130946298 0.0028795329434797168 0.011650410071015358 -0.0015011888540660343 0.0095271394318181338 -0.0081496485867925614 -0.0061887815558853065 -0.0037902061343755063 0.0082857463448759057 0.00063794040586799387 -0.0044550476192186279 0.0077195794880390162 0.0027629475824049502 0.0027879086979241533 -0.004333159534801399 0.0051730755813575039 -0.0043632286260145963 0.00099493001682594449 -0.0015382811549768253 -0.002393432214926829 0.0092825700896355563 0.0093407846918260613 -0.00084757894808209925 -0.00058453735918312692 -0.00056850739217434942 0.0017503533187361127 -0.00063821980428388893
leaf_weight=35 29 25 28 26 20 20 24 22 24 26 29 31 20 30 20 118 22 31 42 135 183 196 105 32 27 43 219 65 48 85
leaf_count=35 29 25 28 26 20 20 24 22 24 26 29 31 20 30 20 118 22 31 42 135 183 196 105 32 27 43 219 65 48 85
internal_value=-2.41905e-12 -0.00242091 7.66289e-05 0.00247897 0.00425052 0.00726497 -6.3458e-05 9.69499e-05 -0.00183273 -0.000454497 0.0013204 0.00401508 0.00529419 -5.50584e-05 0.00302659 -0.000177789 0.00147973 -0.00137724 -0.000412033 -0.00137382 0.000227328 0.000123943 0.000684693 0.00136369 0.00386629 0.00212733 0.000593661 0.00237315 0.00476324 -0.00292402
internal_weight=1760 54 1706 94 68 40 1612 1478 134 110 84 55 42 1436 55 1381 171 53 1210 433 213 777 581 476 112 85 364 145 80 220
internal_count=1760 54 1706 94 68 40 1612 1478 134 110 84 55 42 1436 55 1381 171 53 1210 433 213 777 581 476 112 85 364 145 80 220
is_linear=0
shrinkage=0.05


Tree=155
num_leaves=31
num_cat=0
split_feature=192 192 159 174 226 232 296 269 335 316 271 232 174 315 241 330 193 264 153 236 170 170 184 148 86 157 322 251 120 248
split_gain=0.130605 0.389331 0.436418 0.455312 0.38122 0.337865 0.305845 0.311562 0.291253 0.417027 0.315933 0.311539 0.306108 0.42408 0.280387 0.269983 0.313641 0.348869 0.548992 0.470396 0.296217 0.42059 0.346066 0.369282 0.295401 0.286599 0.295775 0.291094 0.52096 0.288868
threshold=-0.0099697456839188923 -0.0045863501080625462 -0.0065813061956370277 0.0065422004297418764 -0.0032568915751046801 0.0013676172747353751 -0.015260915589727682 0.020848499493442089 0.008531992821568293 -0.01207277532952373 -0.0055194973938310484 -0.0032064409383813163 0.029419304250250956 0.020979489465990916 -0.0011005696494523112 0.018752422249102379 -0.0062987732918646485 0.0080302458732036137 -0.00248102779075787 0.0046738764559011532 0.0012626965656589203 1.0000000180025095e-35 0.018552114664466643 -0.0054771589975696382 -0.097055660769067922 0.016400134528632881 0.028257124300398791 -0.0048073081810947873 -0.016078567206755375 0.0050220134144554141
decision_type=2 2 2 2 2 2 2 2 2 2 2 2 2 2 2 2 2 2 2 2 2 2 2 2 2 2 2 2 2 2
left_child=6 2 4 5 -2 -4 7 -1 12 11 -11 -10 13 -8 -7 20 -17 18 -18 -20 21 25 24 -24 -22 26 29 28 -27 -3
right_child=1 15 3 -5 -6 14 8 -9 9 10 -12 -13 -14 -15 -16 16 17 -19 19 -21 22 -23 23 -25 -26 27 -28 -29 -30 -31
leaf_value=0.00026794827392409137 0.0087934564327281951 -0.0013172650958373957 0.0019389733034921319 0.004988663905839387 0.0018418071115752909 -0.0085260987874459151 -0.0023067937503873366 0.006592384201433996 0.0083853597519919273 -0.0055075059565225324 0.00054077678499743346 0.00095781912095844752 0.001299876268603839 -0.0084690998421449743 -0.00085652016121177716 -0.0010144425353901562 0.0095103376124623332 0.00012950577804197869 -0.0029062691003283753 0.0067440986542193137 -0.0052856241292117733 0.0065552652627229695 0.0067199959865082877 -0.0015332038972921897 -0.0014963141512624241 -0.00085161143825167708 -0.0046505838193995662 -0.00068199031105372915 0.0096486809844565074 0.0019767760509712389
leaf_weight=127 38 199 38 38 41 22 138 23 20 38 50 48 40 35 26 93 36 75 28 23 69 25 23 33 202 21 43 41 27 100
leaf_count=127 38 199 38 38 41 22 138 23 20 38 50 48 40 35 26 93 36 75 28 23 69 25 23 33 202 21 43 41 27 100
internal_value=4.4218e-12 0.000278542 0.00228114 0.000430698 0.00518564 -0.00158329 -0.000666032 0.0012377 -0.0014399 0.000201514 -0.00207098 0.00314239 -0.00264207 -0.0035535 -0.00437174 -0.000113103 0.00129992 0.00262854 0.00478288 0.00144586 -0.000573285 0.000250257 -0.00172171 0.0018565 -0.00246112 -0.000115462 -0.000773197 0.00241201 0.0050548 -0.000215579
internal_weight=1760 1241 203 124 79 86 519 150 369 156 88 68 213 173 48 1038 255 162 87 51 783 456 327 56 271 431 342 89 48 299
internal_count=1760 1241 203 124 79 86 519 150 369 156 88 68 213 173 48 1038 255 162 87 51 783 456 327 56 271 431 342 89 48 299
is_linear=0
shrinkage=0.05


Tree=156
num_leaves=31
num_cat=0
split_feature=238 327 280 226 290 152 93 271 185 292 240 158 185 305 123 92 264 191 261 176 303 184 305 229 335 312 221 275 188 150
split_gain=0.131198 0.153598 0.345946 0.318422 0.292468 0.279255 0.263143 0.27762 0.19629 0.172974 0.41355 0.299086 0.294983 0.266058 0.258315 0.254704 0.310927 0.321013 0.307741 0.3652 0.40613 0.322924 0.626899 0.409501 0.526152 0.389291 0.429234 0.326307 0.30323 0.301853
threshold=0.1340845822288112 0.035507486752658766 0.023201650118523893 -0.0039790447073182076 0.018344229142411326 0.00013262626602883796 0.048668701738143999 -0.0041824374131238804 -0.007574276094621581 -0.037532802879505202 -0.033711991148204189 0.012269497177201258 -0.01028465860366227 0.0032883494931778695 -0.012614236055677146 -0.087119182898816969 0.00053303107374968637 -0.0064718806903776554 -0.01194526517333973 -0.0095203790255467893 -0.0079504321050550501 0.0040031052773393709 -0.0095923098314711665 -0.0012432934321750825 -0.0037665718583945111 0.0063808878101461065 -0.0038756643876973669 0.010098107095430039 0.0034110568474881504 -0.002045572296726353
decision_type=2 2 2 2 2 2 2 2 2 2 2 2 2 2 2 2 2 2 2 2 2 2 2 2 2 2 2 2 2 2
left_child=1 9 3 8 6 -4 7 -5 -3 10 -1 12 -12 -13 -14 16 17 -11 19 20 -17 -20 23 -23 -25 26 27 -24 -18 -19
right_child=-2 2 5 4 -6 -7 -8 -9 -10 15 11 13 14 -15 -16 18 28 29 21 -21 -22 22 25 24 -26 -27 -28 -29 -30 -31
leaf_value=0.0070696507597209097 0.0029874077606816883 -0.00013233532979780728 -0.0094327413970382804 -0.010332869982812555 0.0028550434663581355 -0.0016116018965840343 0.0001525268511613831 -0.0020019080158090222 0.0063316206617552483 -0.0087639577668876603 0.0019435641218608778 0.00073448594014805099 -0.0072646067670101054 0.0072642211820213845 -0.00090090339967551143 0.0044174519927764775 -0.0027018596438653265 -0.0055464861714946377 -5.9124534733147286e-05 -0.0020133046227915593 -0.0011487878134394584 0.0018648032143357255 -0.0073788484102780272 0.0023539962590439245 0.012895671955855757 0.0037063937698639778 0.0014505497595694449 0.0005049121810034627 0.0039448187286325268 0.0020123798698186875
leaf_weight=28 36 23 21 20 24 25 28 20 24 26 56 39 23 26 52 56 37 28 478 276 79 42 35 20 29 61 70 21 32 25
leaf_count=28 36 23 21 20 24 25 28 20 24 26 56 39 23 26 52 56 37 28 478 276 79 42 35 20 29 61 70 21 32 25
internal_value=1.12877e-11 -6.23821e-05 -0.0014236 -0.000179774 -0.00189026 -0.00518212 -0.00356507 -0.00616739 0.00316841 0.000101247 0.00138559 0.000573578 -0.000802239 0.00334638 -0.00285244 -0.00011753 -0.00207155 -0.00421335 0.000130281 -0.000970922 0.00116017 0.000728951 0.00208399 0.00548765 0.00859295 0.000427658 -0.00115967 -0.00442244 0.000380658 -0.00198098
internal_weight=1760 1724 185 139 92 46 68 40 47 1539 224 196 131 65 75 1315 148 79 1167 411 135 756 278 91 49 187 126 56 69 53
internal_count=1760 1724 185 139 92 46 68 40 47 1539 224 196 131 65 75 1315 148 79 1167 411 135 756 278 91 49 187 126 56 69 53
is_linear=0
shrinkage=0.05


Tree=157
num_leaves=31
num_cat=0
split_feature=173 271 138 328 141 166 271 191 125 282 202 167 296 206 280 165 172 157 331 184 133 196 138 105 247 206 191 272 172 155
split_gain=0.130988 0.165815 0.266233 0.224813 0.226391 0.213634 0.19072 0.300114 0.302682 0.195186 0.232644 0.231486 0.379687 0.353565 0.368093 0.327697 0.315774 0.37205 0.361095 0.472775 0.387459 0.40361 0.502681 0.37619 0.356011 0.346092 0.336652 0.408499 0.317556 0.497867
threshold=-0.073183740124007496 -0.068992725243990541 -0.0040977674234634991 0.064275192165725442 -0.0022742950651805948 0.011590580319041923 -0.049511194537386734 0.0043356288655289196 -0.0022134498386392203 0.035686385354029702 0.02769803109930891 -0.0073212765963636345 -0.054738117192901815 0.037488351721406549 -0.044715801848610008 0.010828854785885652 0.01983688261176424 0.01369432062563029 0.00086781931300224677 -0.0077058571132518445 0.023687737065811065 -0.0078863440281219405 0.00020283831706043463 0.0062631878735549011 -0.012435339674656215 -0.0060064239862788141 -0.0011091593961212365 -0.010550793708769836 0.0027209150342986026 -0.001798414811917851
decision_type=2 2 2 2 2 2 2 2 2 2 2 2 2 2 2 2 2 2 2 2 2 2 2 2 2 2 2 2 2 2
left_child=-1 2 -2 6 -5 -4 7 8 -3 11 -11 12 -8 14 15 -14 18 25 28 26 21 24 -23 -24 -21 -18 -20 -28 -13 -30
right_child=1 3 5 4 -6 -7 9 -9 -10 10 -12 16 13 -15 -16 -17 17 -19 19 20 -22 22 23 -25 -26 -27 27 -29 29 -31
leaf_value=-0.0033925362829385062 0.0013285240089959084 0.0095484602416399875 -0.0074344579164904575 0.00010704829590395093 0.0076302021276205782 -0.00095106355292955418 0.0067249649079583057 -0.0016897737248135463 0.0016589021834079176 -0.00086743773457837424 -0.0061746671173276146 0.00020572940642212906 0.0086267763903985425 0.0066178412099058437 -0.00016145527222487211 0.00027486450625988454 -0.0088649288487310223 0.00099639108087471199 -0.0011750165679050278 -0.0021359988139010968 0.001832989000032802 -0.0051526662979540566 -0.0016264667357539849 0.0051015431037916238 -0.010247415672206592 -0.002166884800708094 0.010498042578110472 0.00091095757111907 0.0078923671808297513 0.0009687490207520692
leaf_weight=28 34 20 27 20 20 24 28 28 31 202 23 246 24 24 365 23 30 47 39 24 51 64 63 31 31 54 20 25 40 74
leaf_count=28 34 20 27 20 20 24 28 28 31 202 23 246 24 24 365 23 30 47 39 24 51 64 63 31 31 54 20 25 40 74
internal_value=6.28295e-12 5.48447e-05 -0.00209866 0.000165985 0.00386863 -0.00438345 7.38221e-05 0.00246939 0.00475285 -5.00323e-05 -0.00140995 0.000184797 0.00108095 0.00071849 0.000374838 0.00453967 -0.000310811 -0.00256587 0.000106439 -0.00104205 -0.0020816 -0.00301889 -0.00173475 0.000592345 -0.00670789 -0.00455904 0.00222511 0.00517188 0.00121664 0.00339809
internal_weight=1760 1732 85 1647 40 51 1607 79 51 1528 225 1303 464 436 412 47 839 131 708 348 264 213 158 94 55 84 84 45 360 114
internal_count=1760 1732 85 1647 40 51 1607 79 51 1528 225 1303 464 436 412 47 839 131 708 348 264 213 158 94 55 84 84 45 360 114
is_linear=0
shrinkage=0.05


Tree=158
num_leaves=31
num_cat=0
split_feature=325 199 336 168 306 334 178 178 176 324 132 147 67 147 163 162 238 9 288 304 113 192 325 120 125 287 123 327 332 215
split_gain=0.128939 0.358494 0.170229 0.244744 0.246959 0.171679 0.173941 0.283976 0.280469 0.249654 0.216041 0.205671 0.286442 0.294662 0.43593 0.346882 0.328321 0.315046 0.512691 0.363518 0.352117 0.348855 0.322728 0.423764 0.269421 0.480617 0.36037 0.382275 0.311651 0.287528
threshold=-0.064647807762256107 0.012819456643106951 -0.054540084819807516 -0.014752747734073425 0.0099070525597147133 0.064344819393349864 -0.031427969473155862 -0.026707017213108843 -0.03141642192092442 0.022562106996334312 0.015259036271778494 0.00097922595535264857 2.6735537653587347 -0.0031454871653190538 0.0071296350878475414 -0.0073783835929692697 0.0031782311721513458 0.020654105936722362 -0.0012864877560908304 -0.0033296127742608768 0.0040120073935343472 -0.017751198493836787 0.011338733484655411 0.00053639362115799703 0.034870472442581922 0.012053277215933895 -0.0082283433896936774 -0.00033149793865447629 -0.054672161790814862 -0.06610838088143868
decision_type=2 2 2 2 2 2 2 2 2 2 2 2 2 2 2 2 2 2 2 2 2 2 2 2 2 2 2 2 2 2
left_child=1 -1 3 -2 -5 6 8 10 -4 -10 -8 12 13 17 15 -15 -17 18 19 22 -21 -20 23 -9 28 26 -26 -28 -13 -30
right_child=2 -3 5 4 -6 -7 7 11 9 -11 -12 24 -14 14 -16 16 -18 -19 21 20 -22 -23 -24 -25 25 -27 27 -29 29 -31
leaf_value=-0.00062108026920921274 0.002024026854806358 0.0077280020364560199 0.0030620191746425851 -0.0014797576301699056 -0.0087019031960517169 0.0033473037857268207 0.0008797556828843275 0.0033137986734509471 -0.0016054347289574597 -0.0075300561840690311 0.0079160431781201621 0.0068034603746364945 0.0038095920346677306 -0.00075508705542787268 0.0011915219531926727 -0.012436600887904997 -0.0036771892127580941 -0.0014170499085470309 0.0033777392628878636 0.0042863384634256362 -0.0030956859850058602 -0.0031555582838509941 0.00061662438447060799 0.012717928680712762 -0.0037376143071534379 -0.0053371389814633498 -0.0012278938157788408 0.0070554272473479316 -0.0021263232897035778 0.0013153644563724236
leaf_weight=36 21 20 27 29 20 38 24 25 116 21 20 23 35 23 35 23 20 323 27 30 35 84 23 23 28 49 26 30 70 456
leaf_count=36 21 20 27 29 20 38 24 25 116 21 20 23 35 23 35 23 20 323 27 30 35 84 23 23 28 49 26 30 70 456
internal_value=5.13306e-12 0.00236073 -7.75828e-05 -0.00249209 -0.00442757 2.58539e-05 -5.32282e-05 0.000123418 -0.00159565 -0.00251359 0.00407807 -1.94533e-06 -0.000600153 -0.000830169 -0.0033193 -0.0057114 -0.00836246 -0.000389113 0.000955113 0.00301309 0.000311402 -0.00156638 0.00548647 0.00781994 0.000617313 -0.00140177 0.000893862 0.0032096 0.00110645 0.000857345
internal_weight=1760 56 1704 70 49 1634 1596 1432 164 137 44 1388 706 671 101 66 43 570 247 136 65 111 71 48 682 133 84 56 549 526
internal_count=1760 56 1704 70 49 1634 1596 1432 164 137 44 1388 706 671 101 66 43 570 247 136 65 111 71 48 682 133 84 56 549 526
is_linear=0
shrinkage=0.05


Tree=159
num_leaves=31
num_cat=0
split_feature=180 281 153 160 130 181 298 317 254 290 267 292 151 108 307 131 308 318 87 265 155 171 278 267 294 174 267 276 1 282
split_gain=0.123696 0.281208 0.287876 0.254217 0.27765 0.277595 0.328455 0.250258 0.251952 0.24681 0.428742 0.325921 0.241975 0.276386 0.221321 0.423636 0.363325 0.325398 0.311762 0.309598 0.517852 0.354038 0.300693 0.298181 0.35897 0.418675 0.285752 0.271482 0.345632 0.4898
threshold=-0.0085730550025928925 0.01091584091701569 0.025166593618096322 0.034944974997620684 -0.00747242985852321 -0.020048292685787637 -0.010300229493071017 -0.064730100757743131 0.084184914307701683 0.015193596427702937 -0.019129917629366004 0.0097630097463029426 -0.019069464862080086 0.011410394681614155 0.0062943456516728604 -0.033623449235043963 0.010882235696736011 -0.045622812770496617 0.18715641286233484 -0.033114361656630668 0.0075161793200486191 -0.0194087440843871 -0.0051509739855261126 -0.017681993470314235 -0.0030624398392684348 0.00067983124807149346 0.001598473282967414 -0.0043556087820718426 4.9938224302714262 -0.0033418286257762228
decision_type=2 2 2 2 2 2 2 2 2 2 2 2 2 2 2 2 2 2 2 2 2 2 2 2 2 2 2 2 2 2
left_child=1 3 9 5 -5 6 -1 -2 14 12 -11 -12 -3 -14 17 16 -16 -9 27 20 -17 22 -21 -23 25 26 -25 -19 -29 -30
right_child=7 2 -4 4 -6 -7 -8 8 -10 10 11 -13 13 -15 15 19 -18 18 -20 21 -22 23 -24 24 -26 -27 -28 28 29 -31
leaf_value=0.0083106596320867542 -0.0039348428644349473 -0.0075255733606515128 0.001699483263841335 -0.0066169068729504945 0.0010847917437620874 7.1826771174808243e-05 0.0010392573207798528 0.0035906024176773489 0.0055983718302424837 0.0057594632197703636 0.0019899134252530835 -0.0061891271556117414 -0.0045821292965269799 0.00080188300580138691 0.001083693690598011 0.00040017639580385196 0.010395116583359513 -0.0014572414534108451 -0.0062755621848223008 -0.0081231809898533614 0.0091233300114119502 0.0036233100220156109 -0.00070353895675402288 -0.0097903902083635343 0.0017862139939913684 0.0021711108231102119 -0.0025004673879820763 -0.00012328148368743932 0.010240927682579719 0.00072603116645232634
leaf_weight=25 34 34 47 25 22 208 41 51 23 21 21 29 67 37 20 46 22 289 23 22 27 69 36 20 107 32 41 262 21 38
leaf_count=25 34 34 47 25 22 208 41 51 23 21 21 29 67 37 20 46 22 289 23 22 27 69 36 20 107 32 41 262 21 38
internal_value=-1.29823e-11 -0.000600201 -0.00183623 0.000385541 -0.00301186 0.000968307 0.00379358 0.000292744 0.000417842 -0.00263134 -0.000235884 -0.00275393 -0.00386379 -0.00266666 0.000312023 0.00118405 0.00596111 -0.000251478 -0.00056103 0.000682456 0.00362655 2.52125e-05 -0.00351789 0.000789152 -0.000188633 -0.00246077 -0.00489061 -0.000345564 0.000655293 0.00411269
internal_weight=1760 577 256 321 47 274 66 1183 1149 209 71 50 138 104 1126 442 42 684 633 400 73 327 58 269 200 93 61 610 321 59
internal_count=1760 577 256 321 47 274 66 1183 1149 209 71 50 138 104 1126 442 42 684 633 400 73 327 58 269 200 93 61 610 321 59
is_linear=0
shrinkage=0.05


Tree=160
num_leaves=31
num_cat=0
split_feature=277 151 260 323 149 296 115 192 297 185 275 94 300 195 299 306 332 322 279 188 278 289 303 189 118 260 248 242 309 145
split_gain=0.120876 0.234387 0.20211 0.275533 0.273256 0.270522 0.201754 0.27826 0.185333 0.274476 0.189019 0.186545 0.273241 0.205323 0.360287 0.322657 0.36768 0.347359 0.402896 0.451266 0.583997 0.359336 0.334715 0.280199 0.27682 0.380223 0.407518 0.328481 0.45469 0.350369
threshold=-0.036206695946925715 -0.075273255357528837 -0.056268811596123104 -0.0013065377540920809 -0.020878869393882483 0.013449143756702199 0.022973537565274395 -0.0046870126477292938 -0.056248569277855549 -0.0093689376306629411 -0.0097641446425976042 -0.11365496837799105 -0.00095808291019685925 -0.0012618891164144698 -0.041773787827448457 -0.050756038355870267 0.0014319531065837869 -0.013178608073635713 0.0053060190943821977 -0.0082407083589715047 0.029586669153750227 0.0023928183109123116 0.018823343658787562 0.01930084720540436 -0.019585626539525385 0.0086594691154299099 -0.0095484030591829524 -0.01897825160112358 -0.059493340851451519 0.01116963212817056
decision_type=2 2 2 2 2 2 2 2 2 2 2 2 2 2 2 2 2 2 2 2 2 2 2 2 2 2 2 2 2 2
left_child=2 -2 -1 4 -4 -6 7 -5 9 -3 -11 12 -10 14 -13 16 -16 23 22 -20 21 -21 -19 -17 25 -15 -27 -26 -29 -30
right_child=1 8 3 6 5 -7 -8 -9 11 10 -12 13 -14 24 15 17 -18 18 19 20 -22 -23 -24 -25 27 26 -28 28 29 -31
leaf_value=-0.0046527217791387529 0.0052950655819255519 0.00067053951303629828 0.0060762298763923665 -0.0081935166127302447 -0.0018554725419280345 0.0043664775565266612 0.0014267597565776669 -0.0017125165991749226 -0.0013977053704286885 -0.0010633222293108702 -0.0073385814969827018 0.0049952683224159479 0.0054736509734096056 -0.00059760177488594015 0.00060507632054698963 -0.0025395909972113179 -0.0084542458832618742 -0.00080487043795394997 0.00013593442892640464 0.0047584251113056038 -0.0015601944559338419 0.011721894388028887 0.0041796821816768946 0.0023929135018708903 0.0010104164918283782 -0.0010012268922582734 0.0079004365371171548 0.0051426517746775702 -0.0028170412930056139 0.0010050915285466694
leaf_weight=33 22 48 24 22 58 25 30 67 23 21 28 47 39 84 24 110 21 170 61 44 22 32 42 39 155 20 36 23 316 74
leaf_count=33 22 48 24 22 58 25 30 67 23 21 28 47 39 84 24 110 21 170 61 44 22 32 42 39 155 20 36 23 316 74
internal_value=1.18152e-11 0.000172125 -0.000997525 -0.000463801 0.00137733 1.86088e-05 -0.00211927 -0.00331456 9.59213e-05 -0.00201674 -0.00464918 0.000244205 0.0029246 0.000118308 0.00078903 0.000439131 -0.00362261 0.000790628 0.00160959 0.0035122 0.00561375 0.00769041 0.000182635 -0.00124853 -0.000461469 0.00152995 0.00472127 -0.000952311 -0.00168893 -0.00209182
internal_weight=1760 1501 259 226 107 83 119 89 1479 97 49 1382 62 1320 612 565 45 520 371 159 98 76 212 149 708 140 56 568 413 390
internal_count=1760 1501 259 226 107 83 119 89 1479 97 49 1382 62 1320 612 565 45 520 371 159 98 76 212 149 708 140 56 568 413 390
is_linear=0
shrinkage=0.05


Tree=161
num_leaves=31
num_cat=0
split_feature=173 173 332 272 154 117 276 7 202 106 297 106 323 182 202 239 315 293 326 298 307 252 302 261 116 316 293 314 299 191
split_gain=0.120375 0.143993 0.30683 0.357635 0.188387 0.162055 0.187076 0.221781 0.177341 0.285836 0.37753 0.395808 0.31727 0.381781 0.291084 0.258552 0.314018 0.257856 0.421236 0.415415 0.487017 0.362157 0.424683 0.370854 0.34018 0.334782 0.383372 0.455455 0.446112 0.332449
threshold=-0.073183740124007496 -0.041121513591709381 -0.0376858355446456 0.003806819293745111 -0.0096421536333573411 -0.10175410384871651 0.073250561062554995 0.47357679914070899 -0.0071889458261175159 -0.047232176920838372 0.01844089689364788 -0.067792430586783664 -0.010691188094487573 0.0011223457506233344 -0.0063132424597310988 0.0345449450874179 0.020979489465990916 -0.0024214036194115727 0.013628171346470003 0.012397360130446509 0.0032765626693801145 -0.00016451708238906056 -0.0059652485931186291 -0.00029118513398356801 0.00094438761238648417 -0.036265317813841423 0.022559616392372986 -0.0011098561106348433 -0.0054654555343956876 -0.015119876211512824
decision_type=2 2 2 2 2 2 2 2 2 2 2 2 2 2 2 2 2 2 2 2 2 2 2 2 2 2 2 2 2 2
left_child=-1 2 -2 4 -4 -3 8 -8 15 10 12 -12 -10 -14 -11 -7 -17 18 24 20 -20 22 -19 -24 29 -23 27 -27 -29 -16
right_child=1 5 3 -5 -6 6 7 -9 9 14 11 -13 13 -15 17 16 -18 21 19 -21 -22 25 23 -25 -26 26 -28 28 -30 -31
leaf_value=-0.0032521997245826893 0.0074192703794687988 0.0031209598528594376 -2.3109668400138618e-05 -0.0029038968897657468 0.0064874240974895653 -0.00028857861937706873 -0.0056472199390444795 -0.00014042117542064771 -0.00044857069005956875 0.0052063792697691286 0.0032269140746211638 -0.006601407130836465 0.0083795654092063306 0.0015370452928537917 0.0044809846091084186 -0.0013939687054391533 -0.0081943693211845425 0.004765873122157465 0.0096195952695173528 -0.0027690405950933283 0.00086538839547776005 0.00437502540320296 0.0030086646262380123 -0.0018324401015963625 -0.0038457997600198726 -0.0026429308881051839 -0.0046582397450975173 0.0085598680753416079 -0.00045803045031789225 -0.0015253603307960127
leaf_weight=28 20 39 20 40 25 380 33 41 32 26 20 21 47 36 28 58 24 87 24 36 47 27 74 85 140 70 66 24 32 130
leaf_count=28 20 39 20 40 25 380 33 41 32 26 20 21 47 36 28 58 24 87 24 36 47 27 74 85 140 70 66 24 32 130
internal_value=1.63709e-12 5.2576e-05 0.00184717 0.000536089 0.00359385 -6.32399e-05 -0.000141441 -0.00259616 -2.14619e-05 0.00033715 0.00231236 -0.0018071 0.00378103 0.00541173 -6.74777e-06 -0.000838041 -0.00338433 -0.000162542 -0.0010849 0.00160615 0.00382456 0.000640798 0.00195738 0.000420653 -0.00205115 -0.000838098 -0.00157119 4.58309e-05 0.00340678 -0.000460945
internal_weight=1760 1732 105 85 45 1627 1588 74 1514 1052 156 41 115 83 896 462 82 870 405 107 71 465 246 159 298 219 192 126 56 158
internal_count=1760 1732 105 85 45 1627 1588 74 1514 1052 156 41 115 83 896 462 82 870 405 107 71 465 246 159 298 219 192 126 56 158
is_linear=0
shrinkage=0.05


Tree=162
num_leaves=31
num_cat=0
split_feature=231 279 247 126 321 213 152 246 286 126 83 307 201 313 152 274 116 277 97 326 128 229 291 315 266 134 138 275 234 298
split_gain=0.116423 0.301793 0.159574 0.145457 0.260293 0.25562 0.251322 0.28117 0.271916 0.281526 0.375448 0.263106 0.391676 0.24777 0.235266 0.228543 0.458354 0.469822 0.293768 0.278572 0.273081 0.271546 0.222281 0.218907 0.21399 0.273341 0.232487 0.238894 0.247537 0.240095
threshold=0.092265538286202708 0.0095118220618737905 0.003605940875360582 0.00059629376613946938 -0.044316871463787134 0.25423378568160787 0.017808758539497652 -0.030305672573422187 -0.06057292591732661 -0.0039883520771610984 -0.016798898060549797 -0.0039015421976762456 0.002014578421119522 -0.023172074934624993 0.0066763900972826671 0.00279379696865065 0.01365995489486726 -0.011154049563441182 0.0089776429984360483 0.01463658562616261 -0.020444145719109411 -0.022555292103018893 0.0010951042928658645 0.022343016393498307 0.056960765057534654 -0.0069586630501154391 0.058545951255682196 0.025966110717001504 0.030843940325212933 0.01363037254657808
decision_type=2 2 2 2 2 2 2 2 2 2 2 2 2 2 2 2 2 2 2 2 2 2 2 2 2 2 2 2 2 2
left_child=3 2 -2 4 -1 24 8 -8 -6 13 11 22 -13 14 -10 18 23 -18 19 21 -20 -15 -11 -17 26 -26 27 -5 29 -29
right_child=1 -3 -4 5 6 -7 7 -9 9 10 -12 12 -14 15 -16 16 17 -19 20 -21 -22 -23 -24 -25 25 -27 -28 28 -30 -31
leaf_value=-0.0025203277232776601 -0.0019189815919258093 -0.007011754296365239 0.0035987228201702238 0.00023565482195264599 0.0067534471227025444 -0.00491490624146536 0.0037427088791697192 -0.0016056379637397504 0.0013775276029071607 -0.0045296480823308225 0.0072216612555516457 -0.00050424854231935642 0.0081745953451340583 -0.00057649763808253086 0.0071787594902244485 0.00054238701475122452 -0.00072793770758878629 0.0089581380823567022 0.0061624211980961267 0.0007003896052697815 -0.00083590478891931968 -0.0066838920556340151 0.0025423484947532417 -0.0050249442923814064 0.007453481180127711 0.00016310629119592099 -0.0044772395189604996 0.00094043974922637316 -0.0058328017197323574 -0.0036229562537022394
leaf_weight=64 38 21 20 556 22 30 29 161 85 25 39 26 26 28 22 76 21 31 20 37 46 52 20 23 20 36 34 70 33 49
leaf_count=64 38 21 20 556 22 30 29 161 85 25 39 26 26 28 22 76 21 31 20 37 46 52 20 23 20 36 34 70 33 49
internal_value=1.70561e-12 -0.00187587 -1.63249e-05 8.81581e-05 0.000546399 -0.000383918 0.000795157 -0.000789311 0.00129774 0.00108973 0.00307853 0.00141273 0.00383517 0.000476401 0.0025703 -0.000194401 0.00124545 0.00504645 -0.00138248 -0.00288709 0.0012848 -0.0045463 -0.00138654 -0.000751033 -0.00021358 0.00276681 -0.000438516 -0.000244566 -0.00200116 -0.000938606
internal_weight=1760 79 58 1681 853 828 789 190 599 577 136 97 52 441 107 334 151 52 183 117 66 80 45 99 798 56 742 708 152 119
internal_count=1760 79 58 1681 853 828 789 190 599 577 136 97 52 441 107 334 151 52 183 117 66 80 45 99 798 56 742 708 152 119
is_linear=0
shrinkage=0.05


Tree=163
num_leaves=31
num_cat=0
split_feature=91 296 245 91 127 301 205 173 278 277 172 163 325 319 106 238 114 0 2 246 122 0 205 177 99 212 304 264 141 147
split_gain=0.116465 0.276429 0.192935 0.182929 0.36886 0.288846 0.223905 0.190406 0.163244 0.179805 0.214274 0.345067 0.186712 0.204847 0.176855 0.170666 0.175443 0.284505 0.268132 0.256744 0.268728 0.229456 0.223842 0.248973 0.228559 0.361028 0.223769 0.226404 0.32275 0.386343
threshold=0.14745610802328704 -0.017692840785745827 -0.0098962352069836383 0.094059338084064345 0.0089776398485376888 -0.0048694863037587353 -0.002201221301501004 -0.073183740124007496 0.083580941106319348 0.061067057145875001 0.018702439802780007 -0.0004246482107603095 -0.064647807762256107 0.073293790664253386 0.1170305277272513 0.1340845822288112 0.0025704783824388104 11.022253272935755 3.1984648276080736 0.076728723213892749 -0.076152221620004096 6.5496415321801162 0.027876146923186493 0.011550388135276307 0.0015483396368151418 -0.0041164629606492125 -0.067278367861580993 -0.01419772433171137 -0.0058873804078189177 0.013835692313503798
decision_type=2 2 2 2 2 2 2 2 2 2 2 2 2 2 2 2 2 2 2 2 2 2 2 2 2 2 2 2 2 2
left_child=3 -2 -3 7 5 -5 -6 -1 9 12 11 -11 -9 14 15 16 19 18 21 20 -14 22 24 -24 25 -18 -22 -28 29 -29
right_child=1 2 -4 4 6 -7 -8 8 -10 10 -12 -13 13 -15 -16 -17 17 -19 -20 -21 26 -23 23 -25 -26 -27 27 28 -30 -31
leaf_value=-0.0044742336729541423 0.0025760737742530184 -0.00053169100622956953 -0.006546289431862533 0.00055149811475227277 -0.0049754819991490382 0.0073152252264614961 0.0016654904776563246 0.0036230806716690388 -0.0032671895708788084 -1.6897264868021011e-06 -0.0010200829555590948 0.0080801595634381693 0.0046317029815248168 0.0046590169891715053 0.0041429106196712541 0.0032722880876848871 -0.0057661003083921969 0.0045311403555191448 -0.0039941855216733156 -0.0054068425654744115 -0.0058238591511987833 0.0053036079720847991 4.1153258644044405e-05 0.0070619749391208526 0.00082232863289825289 -0.00046179217324494447 0.00070324738787452986 -0.0045670652362235558 -0.00023187452042224989 0.00025454887241173151
leaf_weight=24 24 24 30 27 22 38 30 34 37 25 30 28 23 22 23 33 40 37 39 30 22 22 28 23 218 162 201 122 279 63
leaf_count=24 24 24 30 27 22 38 30 34 37 25 30 28 23 22 23 33 40 37 39 30 22 22 28 23 218 162 201 122 279 63
internal_value=-4.12125e-12 -0.00188876 -0.00387313 8.75883e-05 0.00199464 0.00450568 -0.00114415 -5.49838e-05 1.38429e-05 9.45598e-05 0.00235662 0.00426797 -3.75663e-05 -0.000127301 -0.000204443 -0.000278951 -0.000368478 0.000291651 -3.20084e-06 -0.000876063 -0.000684622 0.000312516 7.93864e-05 0.00320741 -0.000300445 -0.00151215 -0.000862606 -0.000698475 -0.00130569 -0.00292511
internal_weight=1760 78 54 1682 117 65 52 1565 1541 1504 83 53 1421 1387 1365 1342 1309 569 532 740 710 493 471 51 420 202 687 665 464 185
internal_count=1760 78 54 1682 117 65 52 1565 1541 1504 83 53 1421 1387 1365 1342 1309 569 532 740 710 493 471 51 420 202 687 665 464 185
is_linear=0
shrinkage=0.05


Tree=164
num_leaves=31
num_cat=0
split_feature=215 196 165 321 325 273 238 241 254 294 128 190 249 112 131 197 175 246 99 189 153 4 178 297 107 107 308 166 297 297
split_gain=0.112513 0.178329 0.258047 0.15086 0.175942 0.251514 0.18003 0.186223 0.198488 0.182682 0.314702 0.283426 0.346304 0.37359 0.34952 0.302905 0.298101 0.295042 0.278459 0.361602 0.25731 0.253261 0.240118 0.233052 0.224807 0.225389 0.242465 0.280463 0.282487 0.274217
threshold=-0.1142087567662048 -0.056746059500357812 0.0081407931128347506 -0.068149475890040292 -0.064647807762256107 0.012544087520704938 -0.083815549870376524 0.1219173238687873 0.08011936935400181 0.059767671200226219 0.024032504797030625 -0.0059414990005728406 0.0075938511458511155 -0.050781325037370227 -0.021725192381309742 0.0004110596597111063 -0.019196139646222299 -0.016849019038058802 -0.011558095602668093 -0.0012463929889955125 0.011579991966331566 2.0126758453675748 -0.017733644757074601 -0.0068762656808985514 0.092344844796681563 0.068522869745046802 0.01977058090094708 0.0003089720859717245 0.017929484922501505 0.01512112973685578
decision_type=2 2 2 2 2 2 2 2 2 2 2 2 2 2 2 2 2 2 2 2 2 2 2 2 2 2 2 2 2 2
left_child=-1 2 -2 -3 5 -5 -6 8 9 11 -11 12 13 -8 -15 17 -13 -16 19 -14 23 -17 -20 -19 25 26 29 -28 -29 -18
right_child=1 3 -4 4 6 -7 7 -9 -10 10 -12 16 18 14 15 21 24 20 22 -21 -22 -23 -24 -25 -26 -27 27 28 -30 -31
leaf_value=0.0028065730252170139 0.00049865452626896695 -0.0030361467866803138 -0.0062307819349890839 0.0068494354268414494 0.0025398882613551586 -0.00062851354649121115 0.0073949145941784788 -0.0039253447693021548 0.0037108868420390149 -0.0047117922427132725 0.0027093194006010892 -0.0026015941901665006 0.0052402927026821257 0.0071262526525533764 0.0069578340293706539 0.00040153437865930698 0.00014748624073933881 0.0040434251818805928 0.0012224327435864039 -0.0011554260236010248 0.0054409309327602389 -0.0055532907657414822 -0.0035856745301649294 -0.0023807138762398003 0.0044693634881136507 -0.0048337358542574716 -2.541510621085763e-05 0.0018951052505984151 0.009203930492512882 -0.0022591728080506991
leaf_weight=35 29 39 28 23 68 22 31 31 35 50 20 141 39 25 28 57 395 20 38 51 25 26 82 48 26 26 94 39 20 169
leaf_count=35 29 39 28 23 68 22 31 31 35 50 20 141 39 25 28 57 395 20 38 51 25 26 82 48 26 26 94 39 20 169
internal_value=5.85177e-12 -5.6945e-05 -0.00280703 3.70329e-05 0.000110608 0.00319355 2.30245e-05 -8.98691e-05 -9.80191e-06 -9.96116e-05 -0.00259147 2.67872e-05 0.00102385 0.00224361 0.00154627 0.000862445 -0.000488179 0.00245816 -0.000486325 0.00161605 0.00110341 -0.00146383 -0.00206311 -0.000491261 -0.000100674 -0.000260594 -9.47621e-05 0.00167058 0.00437267 -0.000573658
internal_weight=1760 1725 57 1668 1629 45 1584 1516 1485 1450 70 1380 470 260 229 204 910 121 210 90 93 83 120 68 769 743 717 153 59 564
internal_count=1760 1725 57 1668 1629 45 1584 1516 1485 1450 70 1380 470 260 229 204 910 121 210 90 93 83 120 68 769 743 717 153 59 564
is_linear=0
shrinkage=0.05


Tree=165
num_leaves=31
num_cat=0
split_feature=180 281 153 227 190 290 234 250 317 254 290 267 292 151 108 237 160 317 317 131 310 307 131 308 265 155 171 336 324 233
split_gain=0.110716 0.237677 0.24822 0.227675 0.285672 0.245054 0.269961 0.235022 0.209684 0.204648 0.203195 0.364768 0.267478 0.218718 0.218622 0.218638 0.20094 0.232804 0.260114 0.282152 0.226612 0.194537 0.331918 0.284405 0.273065 0.446045 0.311503 0.268667 0.400101 0.293966
threshold=-0.0085730550025928925 0.01091584091701569 0.025166593618096322 0.0021731624737944097 -0.019449299600153364 -0.016185381846251318 -0.015135779452025313 -0.0016858732771901953 -0.064730100757743131 0.084184914307701683 0.015193596427702937 -0.019129917629366004 0.0097630097463029426 -0.019069464862080086 0.032427936366528472 0.022867551749189471 0.034944974997620684 -0.034331278655475965 -0.0085789498433796983 0.030074848426721524 0.001323985105752525 0.0062943456516728604 -0.033623449235043963 0.010882235696736011 -0.033114361656630668 0.0075161793200486191 -0.0194087440843871 0.022773717223701747 0.022898317883735312 0.0015243806850601491
decision_type=2 2 2 2 2 2 2 2 2 2 2 2 2 2 2 2 2 2 2 2 2 2 2 2 2 2 2 2 2 2
left_child=1 3 10 16 -5 -6 -7 -8 -2 21 13 -12 -13 -3 15 -15 17 -1 -19 20 -20 27 23 -23 25 -24 -26 29 -29 -10
right_child=8 2 -4 4 5 6 7 -9 9 -11 11 12 -14 14 -16 -17 -18 18 19 -21 -22 22 24 -25 26 -27 -28 28 -30 -31
leaf_value=0.0040432431234943651 -0.0035927738227388437 -0.0070421284078346462 0.0015789841916015808 0.0069586757934935713 -0.0027080500952091397 0.0073909485107287766 0.0040662697898369519 -0.0021617897518092033 0.00024022099864809827 0.0050604103095120874 0.0052610194399243318 0.0017059577684406014 -0.0057035746221462715 -0.0055323209237957485 0.0018794643105534111 -7.0240541494318424e-05 -0.0051878679827179605 -0.004481976031727241 0.0015020242270838936 0.0056444171443581588 -0.0040500878726186995 0.0010268035996705293 0.00044027226954906082 0.0092650837434286436 -0.003271030921264198 0.0085360779289018231 0.00076900220892740919 0.00035387904266826809 0.0071159691533206823 -0.0021021221746211974
leaf_weight=27 34 34 47 23 34 20 28 33 331 23 21 21 29 53 23 28 23 39 40 20 34 20 46 22 58 27 269 100 28 225
leaf_count=27 34 34 47 23 34 20 28 33 331 23 21 21 29 53 23 28 23 39 40 20 34 20 46 22 58 27 269 100 28 225
internal_value=1.04468e-11 -0.000567837 -0.00170418 0.000338402 0.00187182 0.00085445 0.00234982 0.000696992 0.000276959 0.000391468 -0.0024425 -0.000268974 -0.00259157 -0.00356076 -0.00242262 -0.00364419 -0.000817946 -0.00018977 -0.0010491 0.000375174 -0.00104895 0.000296099 0.00111366 0.00534209 0.000669671 0.00343461 5.24214e-05 -0.000232207 0.00183309 -0.00070767
internal_weight=1760 577 256 321 138 115 81 61 1183 1149 209 71 50 138 104 81 183 160 133 94 74 1126 442 42 400 73 327 684 128 556
internal_count=1760 577 256 321 138 115 81 61 1183 1149 209 71 50 138 104 81 183 160 133 94 74 1126 442 42 400 73 327 684 128 556
is_linear=0
shrinkage=0.05


Tree=166
num_leaves=31
num_cat=0
split_feature=290 155 215 294 196 157 182 330 203 89 172 286 114 216 296 175 272 329 172 2 0 326 307 207 122 161 243 113 182 331
split_gain=0.109141 0.251912 0.153088 0.198779 0.184051 0.200405 0.146518 0.243045 0.381287 0.306607 0.299749 0.448482 0.433745 0.448564 0.308197 0.273237 0.370627 0.379289 0.281345 0.2703 0.250702 0.319817 0.300569 0.423444 0.243933 0.306895 0.307601 0.349546 0.233184 0.22863
threshold=-0.071915091660685368 0.013374822842759515 -0.1142087567662048 0.087196817966348206 -0.056746059500357812 0.0086896492971379555 0.014329898472441193 0.0020867523067017038 0.04330628889126803 -0.042643570398757331 -0.0098788180977003627 0.018240875502752402 0.0083797435895515571 0.023101830812867947 -0.0033062805161793367 -0.0078001233966154453 0.0052459520209374791 -0.018359920966902116 0.0088921807587370536 5.9750738023457926 6.9211590029419332 0.0071245435623770864 0.0026445312489745743 -0.015094256797030759 0.016666472451550483 0.0057556327227965172 0.016929051223028568 0.0053623536525207443 -0.018424873745409933 0.012665707621347631
decision_type=2 2 2 2 2 2 2 2 2 2 2 2 2 2 2 2 2 2 2 2 2 2 2 2 2 2 2 2 2 2
left_child=1 -1 -2 4 5 -4 7 8 9 24 14 15 13 -13 -9 16 18 -18 -12 20 22 -22 -11 -24 25 26 27 -6 -26 -16
right_child=2 -3 3 -5 6 -7 -8 10 -10 19 11 12 -14 -15 29 -17 17 -19 -20 -21 21 -23 23 -25 28 -27 -28 -29 -30 -31
leaf_value=-0.004814360854593483 0.0035095123050268742 0.00090976449835579844 0.00020165007624130409 -0.004499373823637143 -0.00016870337045368029 -0.0060681305993348367 -0.00071072277830814537 0.0001206121782210898 0.007539342695169828 -0.0012753857733118796 -0.0089246196298128268 0.009567818875823704 -0.0012632681758876778 0.00099029170211266588 -0.0059154816623777154 0.00074010672349664186 0.0058981498403591105 -0.0023495552742489332 -0.0018365830698582745 0.0056844113767147066 -0.0077225711157855887 0.00083846438210457566 -0.0042266116316358633 0.0026956130984124652 0.00047225157613866036 0.0040977449159605569 0.0031166751356795433 -0.0079679231352929505 0.0062798710685456173 0.00025744243739609377
leaf_weight=37 32 40 26 24 51 25 357 73 22 177 28 35 33 27 60 163 20 46 28 20 24 20 26 147 25 58 40 20 56 20
leaf_count=37 32 40 26 24 51 25 357 73 22 177 28 35 33 27 60 163 20 46 28 20 24 20 26 147 25 58 40 20 56 20
internal_value=-6.33029e-12 -0.00184079 8.42191e-05 1.78294e-05 8.4463e-05 -0.00287177 0.000180128 0.000441025 0.00106334 0.000848778 -0.000359933 0.00039245 0.00336762 0.00583244 -0.0022286 -0.000599273 -0.00238877 0.000149749 -0.0053806 1.38545e-05 -0.000273991 -0.00383119 0.0001732 0.00165528 0.00223141 0.00115014 -0.000390048 -0.00236567 0.0044874 -0.00437225
internal_weight=1760 77 1683 1651 1627 51 1576 1219 686 664 533 380 95 62 153 285 122 66 56 414 394 44 350 173 250 169 111 71 81 80
internal_count=1760 77 1683 1651 1627 51 1576 1219 686 664 533 380 95 62 153 285 122 66 56 414 394 44 350 173 250 169 111 71 81 80
is_linear=0
shrinkage=0.05


Tree=167
num_leaves=31
num_cat=0
split_feature=86 177 325 215 306 112 94 328 89 245 108 153 245 167 281 294 123 153 333 201 220 139 325 281 300 262 320 193 167 188
split_gain=0.106606 0.127354 0.143904 0.138603 0.142154 0.204088 0.263795 0.195527 0.182726 0.167847 0.159298 0.460855 0.369654 0.307337 0.305768 0.25721 0.245716 0.215069 0.30416 0.31601 0.27878 0.229583 0.211876 0.217677 0.267785 0.241613 0.312726 0.286404 0.325715 0.313995
threshold=0.34663620958425684 0.052276444494178266 -0.0062460232540549497 -0.1142087567662048 -0.051900839136284009 0.015074159172726576 -0.035733202062121577 0.064275192165725442 -0.1862043825645204 0.0040595936430437912 0.04637982593261436 -0.012615711246629892 0.026701441678148415 0.0086949500171175555 0.0082726871304876787 0.080458533251704725 0.036451995911059784 0.01614672954222935 -0.027589479319591555 0.010113499647217547 0.0042619951524566551 0.015864125046058122 -0.062081947665330706 1.0000000180025095e-35 -0.039864157151487549 -0.001087433814918514 -0.0059221492993537742 -0.010348882112190616 -0.0045735163076782203 0.0037110951963092013
decision_type=2 2 2 2 2 2 2 2 2 2 2 2 2 2 2 2 2 2 2 2 2 2 2 2 2 2 2 2 2 2
left_child=1 3 -3 -1 5 6 -5 8 -6 -9 15 12 14 16 -12 17 -13 22 19 -19 21 -20 -10 24 -24 26 -25 -27 29 -29
right_child=-2 2 -4 4 7 -7 -8 9 10 -11 11 13 -14 -15 -16 -17 -18 18 20 -21 -22 -23 23 25 -26 27 -28 28 -30 -31
leaf_value=0.0031930620172608867 0.0033095806429628283 -0.0057871165196411315 -0.00052296532470594488 -0.0079377581505104908 -0.0027526756451497305 0.0023928254356850752 -0.0013711477323578528 0.0067799259629100564 0.0036651410744525494 0.00030214094556868081 0.010705625019639869 6.5430790407232722e-05 -0.00074461339085939388 -0.0039368848362937572 0.0025488594383932649 -0.0057433543633669615 0.0058967503053199005 0.0088687820379467052 0.0038832975537133442 0.00075487724777000649 -0.0011734414637284054 -0.0011421446441531632 -0.0036850571185105332 -0.0046700797945803023 0.00072420262590454192 -0.0029069440543737627 -0.00090773315404315809 0.0061877581036411397 -0.00091708388998403749 -0.00047721241115747642
leaf_weight=34 24 20 37 20 58 23 65 20 31 20 27 101 21 40 20 20 22 24 73 24 124 33 38 93 367 69 136 43 103 30
leaf_count=34 24 20 37 20 58 23 65 20 31 20 27 101 21 40 20 20 22 24 73 24 124 33 38 93 367 69 136 43 103 30
internal_value=-1.37799e-12 -4.57546e-05 -0.00237004 3.31519e-05 -3.21593e-05 -0.0017856 -0.00291623 9.10493e-05 -1.13464e-06 0.00354103 0.000109768 0.00131279 0.00477047 -0.000129683 0.00723466 -0.000120279 0.00110843 -2.56146e-05 0.00119155 0.00481183 0.000436014 0.00231877 -0.000397452 -0.000540729 0.000310494 -0.00126804 -0.00243567 -0.000176659 0.000893736 0.00344873
internal_weight=1760 1736 57 1679 1645 108 85 1537 1497 40 1439 231 68 163 47 1208 123 1188 278 48 230 106 910 879 405 474 229 245 176 73
internal_count=1760 1736 57 1679 1645 108 85 1537 1497 40 1439 231 68 163 47 1208 123 1188 278 48 230 106 910 879 405 474 229 245 176 73
is_linear=0
shrinkage=0.05


Tree=168
num_leaves=31
num_cat=0
split_feature=179 209 210 303 116 0 304 314 201 312 284 202 107 90 286 269 145 264 311 278 81 194 306 161 316 166 316 191 176 245
split_gain=0.106009 0.255236 0.301389 0.245083 0.234092 0.324872 0.299539 0.347734 0.274445 0.291617 0.295382 0.275467 0.412006 0.259118 0.273608 0.368328 0.368085 0.348709 0.24546 0.282093 0.229437 0.223944 0.221773 0.21419 0.235607 0.225134 0.196441 0.196399 0.252847 0.188493
threshold=0.00016429207889358434 0.81333116584344889 0.017276416138774311 -0.00086780436958646138 0.017908416326325127 3.6762205501217919 0.050690381568077092 -0.03267314826292627 0.019671608967481404 0.0098620938440600343 -0.0044294107766046026 0.003700956810847283 0.00058189417510997839 0.083155025757169473 -0.0071365535307021596 0.0064978899981517502 -0.013324419964449573 0.051003709737498494 0.0062352632096215116 -0.022756540640037303 -0.49267420095858877 0.0083964435955221958 0.0055624740983370611 0.01264584327483278 -0.033422725373056586 -0.020776404033364813 0.0064281544092207417 -0.0012854618487934285 -0.00038158521788887685 -0.012049151676470563
decision_type=2 2 2 2 2 2 2 2 2 2 2 2 2 2 2 2 2 2 2 2 2 2 2 2 2 2 2 2 2 2
left_child=1 2 4 -4 5 -1 7 -6 9 11 -11 12 -9 14 16 17 21 18 26 -20 -17 -7 -21 24 -18 -26 27 28 -16 -2
right_child=29 -3 3 -5 6 13 -8 8 -10 10 -12 -13 -14 -15 15 20 23 -19 19 22 -22 -23 -24 -25 25 -27 -28 -29 -30 -31
leaf_value=-0.0068370652870963448 0.0014667694229718352 -0.0049227625263544425 0.0076787158580763001 0.00041633143085234158 0.005711320375513214 0.0082480369379655232 0.0064122733575376597 0.0050122200679997434 -0.0047576816234317044 0.0068860492527684468 -0.00014602351802750491 -0.0051881991349340927 -0.0028572355017949564 0.0031027145241387189 0.00091630382317816846 -0.0093529124726774177 0.0026017578810834411 -0.0068427706729959365 0.0017276745988056065 -0.0075091371071878176 -0.0033083264220008395 0.00085527334595099098 -0.00066516295308247217 0.0024417117875265449 0.00065421423455700291 -0.0051019121855409508 -0.0019414420969189599 0.00024980452872114256 0.0087716608529999143 -0.00010643860529565325
leaf_weight=23 277 30 21 26 26 21 22 29 31 28 32 31 39 40 20 20 22 22 26 29 73 20 20 38 25 53 37 49 21 609
leaf_count=23 277 30 21 26 26 21 22 29 31 28 32 31 39 40 20 20 22 22 26 29 73 20 20 38 25 53 37 49 21 609
internal_value=7.62322e-13 -0.000390703 -0.00022961 0.00366123 -0.000459057 -0.00101819 0.000854205 0.000288106 -0.000454018 0.000385061 0.00313561 -0.00128194 0.000498856 -0.000768502 -0.0010807 -0.00196315 0.000482078 -0.000864963 -0.000213914 -0.00248198 -0.00460824 0.00464181 -0.00471568 -0.000753785 -0.00196807 -0.003257 0.0011255 0.00238635 0.00493978 0.000385411
internal_weight=1760 874 844 47 797 559 238 216 190 159 60 99 68 536 496 317 179 224 202 75 93 41 49 138 100 78 127 90 41 886
internal_count=1760 874 844 47 797 559 238 216 190 159 60 99 68 536 496 317 179 224 202 75 93 41 49 138 100 78 127 90 41 886
is_linear=0
shrinkage=0.05


Tree=169
num_leaves=31
num_cat=0
split_feature=109 163 109 261 312 8 8 192 192 54 322 191 143 262 9 270 241 335 203 298 294 175 210 317 243 161 336 330 330 330
split_gain=0.104071 0.228544 0.176079 0.153102 0.216934 0.135295 0.311837 0.140044 0.257503 0.295682 0.296016 0.243115 0.240187 0.270929 0.212843 0.341845 0.305039 0.288698 0.278037 0.260336 0.272741 0.281629 0.252816 0.232351 0.226982 0.213348 0.195647 0.193047 0.270975 0.356165
threshold=-0.073678408423036953 -0.022517372869408664 -0.064019399514233924 0.0099862868653850956 -0.0028020550213285053 0.47722567287784684 0.39208074534161497 -0.0099697456839188923 -0.0045863501080625462 1.0000000180025095e-35 0.013278592476940744 -0.004960257552406055 0.015763798667030069 -0.010518619453547583 0.02055297407116851 0.0034850181027832219 -0.0084517876200748913 0.0040381375067985925 0.0089254888856825278 0.033613122488087017 0.0042158051371778285 -0.010621617406514358 -0.0011679840890843412 -0.0053695994507112071 0.011163721499449551 -0.0033979052650427648 -0.017882624791652257 0.018752422249102379 0.0018349165539474626 0.0004228471942034115
decision_type=2 2 2 2 2 2 2 2 2 2 2 2 2 2 2 2 2 2 2 2 2 2 2 2 2 2 2 2 2 2
left_child=1 -1 -2 4 -3 6 7 14 9 10 12 -12 13 -9 16 17 22 24 -19 20 21 -18 -4 -22 25 -16 -17 28 29 -10
right_child=2 3 5 -5 -6 -7 -8 8 27 -11 11 -13 -14 -15 15 26 19 18 -20 -21 23 -23 -24 -25 -26 -27 -28 -29 -30 -31
leaf_value=-0.0055703564788787989 0.004653004116733514 -0.0018367458434551264 0.0065151368547230956 -0.0027234021819343692 0.0043912253808230167 -0.0040419325462426065 0.0063003194704651837 0.0071947579418442089 -4.4960875373323683e-05 0.0073495409836101802 0.0013848713632406934 -0.006317837855312973 -0.0018844883669468498 0.0016059386819394781 -0.00057866752147674562 -0.0077963059598308362 -0.0069413836601944197 0.0046197085470670246 -0.0022645229113880884 -0.0056040191641077404 -0.0014816169942995269 0.00012267797665540563 0.00070920575782656677 0.0052461689204034035 0.0013710823806899566 -0.0075071008931845429 -0.00268414633211625 0.0012711662067739387 -0.0018722980048253455 0.0066120221989140627
leaf_weight=26 21 27 30 38 29 20 20 35 465 23 21 20 24 57 20 24 21 44 22 25 21 43 50 33 27 25 85 223 220 21
leaf_count=26 21 27 30 38 29 20 20 35 465 23 21 20 24 57 20 24 21 44 22 25 21 43 50 33 27 25 85 223 220 21
internal_value=2.96826e-13 -0.00142138 0.000104003 -0.000273786 0.00138845 4.49982e-05 9.61168e-05 1.75328e-05 0.000324078 0.00205496 0.00127932 -0.00237255 0.00257006 0.00373212 -0.000705783 -0.00171679 0.000414034 -6.3652e-05 0.00232496 -0.000969124 1.2845e-05 -0.00219522 0.00288643 0.00262981 -0.00225322 -0.0044278 -0.00380976 -1.12915e-05 -0.000416374 0.000242687
internal_weight=1760 120 1640 94 56 1619 1599 1579 1109 180 157 41 116 92 470 247 223 138 66 143 118 64 80 54 72 45 109 929 706 486
internal_count=1760 120 1640 94 56 1619 1599 1579 1109 180 157 41 116 92 470 247 223 138 66 143 118 64 80 54 72 45 109 929 706 486
is_linear=0
shrinkage=0.05


Tree=170
num_leaves=31
num_cat=0
split_feature=91 296 245 91 127 206 205 125 183 279 334 132 304 281 89 272 165 325 107 261 125 310 308 83 204 280 211 117 230 4
split_gain=0.103999 0.219026 0.161815 0.14011 0.31367 0.244122 0.185146 0.165564 0.255822 0.253773 0.217627 0.238398 0.260166 0.201348 0.166142 0.153206 0.239541 0.189439 0.263788 0.207572 0.29047 0.286568 0.237166 0.318467 0.279344 0.249789 0.232741 0.203512 0.203227 0.355006
threshold=0.14745610802328704 -0.017692840785745827 -0.0098962352069836383 0.094059338084064345 0.0089776398485376888 -0.0027111436608971986 -0.002201221301501004 0.034870472442581922 0.0041013105688051379 -0.018501382465570013 -0.010326357262672526 0.0043586959814885329 0.00013741561681339322 0.007938067582505386 -0.035308447172672848 0.049169907355443222 -0.017218838203896532 -0.06032674054203984 -0.010714851418834933 -0.01194526517333973 0.028581915413643764 -0.0051293007377919446 -0.0030743514194180505 -0.19525131509163815 0.00073866050301847803 -0.0028923706131735792 -0.011948298378049447 -0.0047572058783371353 0.032271244436403203 6.7684925510589489
decision_type=2 2 2 2 2 2 2 2 2 2 2 2 2 2 2 2 2 2 2 2 2 2 2 2 2 2 2 2 2 2
left_child=3 -2 -3 7 5 -5 -6 15 10 -10 -9 12 -12 -13 -11 17 -17 18 -1 21 28 -19 25 -24 -25 -23 -26 -27 29 -21
right_child=1 2 -4 4 6 -7 -8 8 9 14 11 13 -14 -15 -16 16 -18 19 -20 20 -22 22 23 24 26 27 -28 -29 -30 -31
leaf_value=0.0074574695737101146 0.0021894968522246927 -0.00049105968986017004 -0.0059992720970573525 0.0077025245892366886 -0.0046266737394034868 0.0014844396514634259 0.0014122103682408732 0.0032792719025900099 -0.0075376479210367865 -0.0051716540551172913 -0.0017847408151283163 -0.00045546358977887962 0.0053774926634061904 -0.0073002004784277893 0.00021447740273731875 0.0055570824144524529 0.00056830874941859045 -0.0026906128605764935 -6.0900732517308959e-05 0.00028312325552868624 0.0050216483719850661 0.0039712254989667439 0.002092790495000719 -0.007016847098636772 0.0026211443109787069 0.0035071802159239145 -0.0038924319960642606 -0.0024753540692141873 -0.0017442560845480886 0.0066169810825553932
leaf_weight=20 24 24 30 27 22 38 30 38 26 22 32 21 21 22 41 32 97 160 28 580 32 58 42 31 24 21 32 44 118 23
leaf_count=20 24 24 30 27 22 38 30 38 26 22 32 21 21 22 41 32 97 160 28 580 32 58 42 31 24 21 32 44 118 23
internal_value=1.63296e-14 -0.00178482 -0.00355118 8.27679e-05 0.00175176 0.00406734 -0.0011427 -4.20068e-05 -0.0013036 -0.00338159 7.65584e-05 -0.00119118 0.00105313 -0.00395742 -0.00166639 0.000167632 0.00180583 -6.58734e-06 0.00307175 -0.00013342 0.000360256 -0.0010357 1.50431e-05 -0.00148276 -0.00320888 0.0015859 -0.0011009 -0.000542535 0.00015337 0.000524713
internal_weight=1760 78 54 1682 117 65 52 1565 223 89 134 96 53 43 63 1342 129 1213 48 1165 753 412 252 129 87 123 56 65 721 603
internal_count=1760 78 54 1682 117 65 52 1565 223 89 134 96 53 43 63 1342 129 1213 48 1165 753 412 252 129 87 123 56 65 721 603
is_linear=0
shrinkage=0.05


Tree=171
num_leaves=31
num_cat=0
split_feature=231 279 247 180 159 109 316 174 300 121 109 259 320 168 290 213 177 96 202 98 222 95 127 315 276 195 198 129 130 301
split_gain=0.103043 0.235059 0.132192 0.117579 0.180806 0.283367 0.205383 0.182678 0.190356 0.277538 0.220069 0.240698 0.25703 0.194135 0.23298 0.197525 0.311756 0.186899 0.189296 0.17986 0.213684 0.194785 0.294338 0.403231 0.520048 0.366226 0.367374 0.328768 0.365606 0.325145
threshold=0.092265538286202708 0.0095118220618737905 0.003605940875360582 -0.0085730550025928925 0.042382317317134301 -0.0028338486627655876 0.058790431879083407 0.027797306750424026 0.036705915861206147 0.00042546838948194428 0.0061880128234363474 -0.021647243658641391 0.03154874940446338 0.013602758450199889 0.022315316477556291 0.066348181847068324 -0.0028062328840779862 0.0058080072014278011 0.014007291661927216 -0.043631746964224734 -0.011710667074149471 -0.00059991887926641116 0.0062846956175085849 0.011249055685497946 -0.019750803128910453 -0.0034817025916319714 -0.0093469868965010226 -0.0027097153467306547 -0.0093088702238188371 0.014962013072486317
decision_type=2 2 2 2 2 2 2 2 2 2 2 2 2 2 2 2 2 2 2 2 2 2 2 2 2 2 2 2 2 2
left_child=3 2 -2 4 6 -6 7 8 10 -10 13 -12 -13 15 -15 16 -1 18 -9 20 -5 -21 25 24 -24 26 -23 -26 -29 -25
right_child=1 -3 -4 19 5 -7 -8 17 9 -11 11 12 -14 14 -16 -17 -18 -19 -20 21 -22 22 23 29 27 -27 -28 28 -30 -31
leaf_value=-0.0026609378998191692 -0.001855409140453527 -0.0062974138384951014 0.0031666271947324281 -0.0040455386428994702 -7.3934163754949217e-05 -0.0079902286594733599 0.0043744694218849356 0.00098609228644313098 -0.0012323111210467428 0.0064795274729840457 -0.0031122627554254403 0.0024349185074365627 -0.0034944971183152951 0.0019966456907777454 -0.0046409085951745511 -0.0014213485134235931 -0.0095761235237919878 -0.0016763584526029952 0.0064847064427643389 0.0013110025647821099 7.6289314923709941e-05 -0.0032683077721709485 -0.0014674557250968759 -0.0040892160002221449 0.0014298729958351364 -0.002749322103981558 0.0025946380809829055 0.0029147197973956778 0.01140079013692836 0.0026431487134561458
leaf_weight=39 38 21 20 47 26 20 23 45 28 20 45 89 23 39 20 51 28 33 24 498 95 38 42 47 33 157 90 22 30 29
leaf_count=39 38 21 20 47 26 20 23 45 28 20 45 89 23 39 20 51 28 33 24 498 95 38 42 47 33 157 90 22 30 29
internal_value=1.29081e-11 -0.00176479 -0.000123672 8.2938e-05 -0.000514293 -0.0035158 -0.000241967 -0.000461343 -0.000963292 0.00198095 -0.00138642 -2.36784e-05 0.00121727 -0.00259517 -0.000253373 -0.00376607 -0.00555087 0.0014185 0.00289865 0.00037573 -0.00128798 0.00061533 -9.45973e-05 0.00136039 0.00308425 -0.00113095 0.000854076 0.00533333 0.00781053 -0.00152029
internal_weight=1760 79 58 1681 553 46 507 484 382 48 334 157 112 177 59 118 67 102 69 1128 142 986 488 203 127 285 128 85 52 76
internal_count=1760 79 58 1681 553 46 507 484 382 48 334 157 112 177 59 118 67 102 69 1128 142 986 488 203 127 285 128 85 52 76
is_linear=0
shrinkage=0.05


Tree=172
num_leaves=31
num_cat=0
split_feature=290 215 196 157 289 130 283 289 279 238 254 160 286 223 335 152 314 207 254 326 294 181 140 81 159 334 220 190 330 198
split_gain=0.104483 0.122736 0.148429 0.182001 0.123151 0.226434 0.243378 0.263879 0.172685 0.170179 0.189872 0.188672 0.36956 0.327288 0.324506 0.391302 0.402636 0.329306 0.300062 0.391685 0.273153 0.240036 0.230666 0.22167 0.216329 0.259596 0.263144 0.259621 0.302074 0.335482
threshold=-0.099838902808241939 -0.1142087567662048 -0.056746059500357812 0.0086896492971379555 -0.037282916975597366 0.015488808741268021 -0.0093942772613349428 -0.046206403798444616 0.00095985744894953558 -0.083815549870376524 0.08011936935400181 0.011766738464494107 -0.012941896620021107 -0.0091149232959102083 0.0047910136671853133 -0.010107779920500491 -0.0016967786115921824 -0.01267131453905276 -0.0068339909924464712 0.00075208339559242434 -0.0030624398392684348 -0.047861886433011813 0.068271979171172212 -0.31760665354233381 -0.023826387887363788 0.014814151218058709 -0.015589695691340199 -0.0082384373040217448 0.0053696203188113656 0.016806286667607855
decision_type=2 2 2 2 2 2 2 2 2 2 2 2 2 2 2 2 2 2 2 2 2 2 2 2 2 2 2 2 2 2
left_child=-1 -2 3 -3 5 6 -4 -8 -7 -6 11 21 23 18 15 -15 -17 -16 -14 -20 -19 -11 24 -13 -23 27 -27 -26 29 -29
right_child=1 2 4 -5 9 8 7 -9 -10 10 -12 12 13 14 17 16 -18 20 19 -21 -22 22 -24 -25 25 26 -28 28 -30 -31
leaf_value=-0.0030299204310202704 0.0031168107621397214 0.00036516805153547063 -0.0022110859277039599 -0.0053882748537684433 0.0029666878678835931 -0.00030099201318554828 0.0037611888810484247 -0.0027180629994042896 -0.0058473483424879508 0.0047088889346923683 0.0039999341049547039 0.0021174211027814196 -0.0031363407229172422 -0.0015051186971721195 -0.0059354403440374888 -0.0039426047960296274 -0.012443663123905517 -0.0020344464391793891 0.005493976944573941 -0.0014646536849405884 0.0057585457742044873 -0.0017361765862005996 0.0049394806166394405 -0.002609705173170134 0.0028312116138021612 0.0018025897636494424 -0.0026794137521560686 0.00073314285240723897 -0.0014277854795561526 0.006255125195058363
leaf_weight=28 32 27 67 28 55 23 55 22 36 32 31 124 47 42 20 30 26 23 39 42 22 128 26 31 143 47 108 244 151 31
leaf_count=28 32 27 67 28 55 23 55 22 36 32 31 124 47 42 20 30 26 23 39 42 22 128 26 31 143 47 108 244 151 31
internal_value=3.16752e-12 4.89826e-05 -8.7648e-06 -0.00256386 7.66638e-05 -0.00107637 -7.46357e-06 0.00190997 -0.00368521 0.000238983 0.000130819 4.2366e-05 -0.000800091 -0.00185051 -0.00333645 -0.00515335 -0.00788952 -0.000597124 4.17315e-05 0.0018858 0.00177546 0.000455262 0.000300233 0.001172 0.000158659 0.000493658 -0.00132035 0.000987809 0.000369014 0.00135562
internal_weight=1760 1732 1700 55 1645 203 144 77 59 1442 1387 1356 446 291 163 98 56 65 128 81 45 910 878 155 852 724 155 569 426 275
internal_count=1760 1732 1700 55 1645 203 144 77 59 1442 1387 1356 446 291 163 98 56 65 128 81 45 910 878 155 852 724 155 569 426 275
is_linear=0
shrinkage=0.05


Tree=173
num_leaves=31
num_cat=0
split_feature=199 307 185 94 268 131 290 130 265 283 138 121 333 113 117 175 292 199 162 214 223 265 259 232 85 123 322 280 319 162
split_gain=0.0979796 0.248406 0.259798 0.372293 0.371535 0.254733 0.244139 0.321238 0.279506 0.254443 0.22912 0.22095 0.29714 0.21924 0.283671 0.340699 0.427012 0.283666 0.435888 0.333421 0.331824 0.256261 0.227172 0.234162 0.222128 0.214965 0.330243 0.244839 0.300944 0.21825
threshold=0.00060291079572162174 -0.0063101206473466821 -0.015507335240504126 -0.011568435695710163 0.012713129876741421 -0.032085567667133198 -0.02088748259738599 -0.022876618699416363 -0.014955945032881208 -0.027481077084954873 0.040489722638628184 -0.0033290534981986549 -0.0061825668135326835 0.01499937592981705 0.028634830343635013 -0.011578588620778069 0.010231950057411879 -0.0035926343421587015 -0.0068875953381244892 0.0031564340492225302 0.071854101834582046 0.051120436121760794 -0.0061852112409410262 0.00051114725792867938 0.11585623027221928 -0.019412973495583279 -0.012961054041342301 -0.0016082026029306631 -0.018888590660349834 -0.0056441162535590646
decision_type=2 2 2 2 2 2 2 2 2 2 2 2 2 2 2 2 2 2 2 2 2 2 2 2 2 2 2 2 2 2
left_child=13 2 4 -4 -2 -3 8 -8 -7 -9 -5 12 -11 14 17 16 -16 20 -19 22 21 25 -20 -24 -17 -1 27 -27 -29 -28
right_child=1 5 3 10 -6 6 7 9 -10 11 -12 -13 -14 -15 15 24 -18 18 19 -21 -22 -23 23 -25 -26 26 29 28 -30 -31
leaf_value=-0.00188009248938792 -0.00073077578339367536 0.0050609439109010924 -0.0040695332173463824 0.00058770362383008684 0.0061847655917987264 0.0024167868942159285 -0.0012767231746338217 -0.0018541760538937524 -0.0030962595598063841 0.0095778053044341515 -0.0043808256698496363 0.0016076991831510908 0.0031066131348351893 -0.0020853040798482019 0.010575001747400331 0.0018453965628018173 0.0010238062585558509 0.002008022414556763 -0.010242690272967925 0.00019343655496355028 0.0052991469179938452 -0.0034168698556128552 -0.00072395916003733878 -0.0075673860702663662 -0.0035500423361857734 0.0013847432183948431 0.00017016577224818652 0.0012603000172280842 -0.006197956886363069 0.0034847492956670751
leaf_weight=93 52 38 86 165 31 34 82 32 71 24 27 133 68 153 22 65 25 40 22 31 29 55 25 25 27 44 88 21 38 114
leaf_count=93 52 38 86 165 31 34 82 32 71 24 27 133 68 153 22 65 25 40 22 31 29 55 25 25 27 44 88 21 38 114
internal_value=-2.81468e-12 0.000389092 -0.000602669 -0.00133558 0.00185214 0.00113188 0.000795614 0.00144813 -0.00131108 0.00231754 -0.000110996 0.00291085 0.00479475 -0.000357693 -1.17187e-05 0.00203126 0.00549458 -0.000466077 -0.00242172 -0.004142 0.000114123 -0.00021781 -0.00600865 -0.00414567 0.000261953 0.000224271 0.00086593 -0.00143813 -0.00354332 0.00204077
internal_weight=1760 843 361 278 83 482 444 339 105 257 192 225 92 917 764 139 47 625 143 103 482 453 72 50 92 398 305 103 59 202
internal_count=1760 843 361 278 83 482 444 339 105 257 192 225 92 917 764 139 47 625 143 103 482 453 72 50 92 398 305 103 59 202
is_linear=0
shrinkage=0.05


Tree=174
num_leaves=31
num_cat=0
split_feature=324 0 193 324 192 280 322 231 276 9 96 284 156 278 216 158 136 296 224 298 324 296 160 187 244 209 1 233 152 202
split_gain=0.0963299 0.281503 0.254054 0.274682 0.319444 0.24995 0.283292 0.240959 0.221486 0.312388 0.222287 0.200049 0.198515 0.451585 0.255223 0.230449 0.190617 0.188539 0.223444 0.262344 0.22498 0.250557 0.220323 0.344287 0.410078 0.265907 0.274947 0.257523 0.285761 0.217792
threshold=-0.017021318057822251 3.8176519431297078 -0.0057507789969933366 -0.024164284639255577 0.010673245287564427 -0.00089476470470858395 0.014405292737060179 -0.056031563520012269 0.019745714984559969 0.015180320313400162 -0.012366506068150639 -0.0010137860133255876 0.0447082010646924 -0.029556533565180173 -0.015635505282423776 0.050067665283920745 0.02086483693372811 0.026928756648883622 0.0011183997602560545 0.028548764773772599 -0.002147244970280232 0.047557179646263097 -0.007674506020736902 -0.0026915499218422129 0.019241737945771272 0.74947441893267741 4.816232960488728 0.002819184844259004 0.030987721181224014 0.016289784169253672
decision_type=2 2 2 2 2 2 2 2 2 2 2 2 2 2 2 2 2 2 2 2 2 2 2 2 2 2 2 2 2 2
left_child=1 -1 3 7 -5 6 16 -3 9 -7 -11 -9 15 -14 -15 17 -4 22 19 20 -19 -22 23 25 29 26 -2 -24 -29 -25
right_child=12 2 5 4 -6 8 -8 11 -10 10 -12 -13 13 14 -16 -17 -18 18 -20 -21 21 -23 27 24 -26 -27 -28 28 -30 -31
leaf_value=-0.0064310417004162443 -0.00017378767662539133 0.0043327557077282109 0.0054195924266241501 -0.0097280894893975491 -0.0010069579457021541 0.0052902536513283853 -0.001280477801589547 0.00048475715204734693 -0.0039943134340529258 -0.0053894216999072929 0.00057304238693581689 -0.0037994797324278845 0.0083642921604526535 0.0046931409321370578 -0.0021438291368003075 -0.003138414146788246 -0.00021684997249394656 0.0056714797876775275 -0.0028217907304482937 -0.0034145673154853287 -0.0024027313477182318 0.0032817994388298962 0.00081313028017710386 0.00049448554900551739 0.0078404820277539426 -0.0048225223552435638 0.0055150424506371989 -0.0019731749568924193 0.0027889684534858211 0.0056099225384449326
leaf_weight=20 116 20 60 21 21 25 37 55 39 22 54 54 24 21 39 54 20 25 102 36 42 36 371 81 38 24 26 212 37 28
leaf_count=20 116 20 60 21 21 25 37 55 39 22 54 54 24 21 39 54 20 25 102 36 42 36 371 81 38 24 26 212 37 28
internal_value=1.10874e-11 -0.000633027 -0.000362091 -0.0018555 -0.00536752 0.00063158 0.00233727 -0.000712055 -0.000793892 0.000441914 -0.00115293 -0.00163771 0.000216155 0.00256773 0.00024911 5.52983e-05 0.00401048 0.000202198 -0.00104452 0.000259659 0.00154385 0.000220898 0.000524234 0.00160563 0.00336782 4.51277e-05 0.000867829 -2.16934e-05 -0.00126555 0.00180854
internal_weight=1760 448 428 171 42 257 117 129 140 101 76 109 1312 84 60 1228 80 1174 241 139 103 78 933 313 147 166 142 620 249 109
internal_count=1760 448 428 171 42 257 117 129 140 101 76 109 1312 84 60 1228 80 1174 241 139 103 78 933 313 147 166 142 620 249 109
is_linear=0
shrinkage=0.05


Tree=175
num_leaves=31
num_cat=0
split_feature=336 328 141 95 179 179 276 242 164 184 95 328 1 209 259 0 200 133 1 278 250 336 258 303 96 303 253 234 289 254
split_gain=0.0937577 0.119786 0.189644 0.128273 0.121299 0.439131 0.259086 0.23653 0.20514 0.202501 0.454718 0.232733 0.20369 0.187995 0.184899 0.178584 0.185183 0.195017 0.222486 0.231612 0.273844 0.224012 0.201551 0.233071 0.303269 0.300474 0.293382 0.2913 0.260993 0.224489
threshold=-0.070636489991388121 0.064275192165725442 -0.0054168026178457547 0.17365360044602177 0.0047472870073232585 0.0089827904990524357 0.030025721306057941 0.01087048256042053 -0.0013357154353114485 0.02924355547165372 -0.0058640898378745235 0.031518158445272206 4.5591125415341898 0.83689466631181986 0.0028524644761557558 11.022253272935755 0.028106574698985962 1.0000000180025095e-35 4.1971736807086968 -0.0052967009968124578 0.0076974321914392357 -0.0080645964570093317 0.0072704477658509965 -0.0037069498611008692 0.0047330375700950196 0.0037600230486366181 1.0000000180025095e-35 -0.0016794057320293947 -0.0049191446921505464 0.0028228924054112931
decision_type=2 2 2 2 2 2 2 2 2 2 2 2 2 2 2 2 2 2 2 2 2 2 2 2 2 2 2 2 2 2
left_child=-1 3 -3 4 9 6 7 8 -6 11 -11 13 -13 15 -12 16 17 18 -2 20 -20 -21 23 24 -19 26 -25 -26 -27 -30
right_child=1 2 -4 -5 5 -7 -8 -9 -10 10 14 12 -14 -15 -16 -17 -18 22 19 21 -22 -23 -24 25 27 28 -28 -29 29 -31
leaf_value=-0.0025619920975129521 -0.00074408779995763566 -0.00096854405244812365 0.0056238895029916119 -0.0036446174189525972 -1.3027002569288016e-05 -2.9046926276642915e-05 -0.0011982819288969041 0.0081893495287901404 0.0056939957963843503 0.0067176892531279012 0.0013636658145932835 -0.0016974318184657022 -0.007338928980170749 -0.0043621239252388481 -0.0046033760084537786 0.0040393670974299316 0.0024768034310750013 0.00096929547593130609 0.0075151501538892919 -0.0028442212154486165 1.0841770563274623e-05 0.0023185117199847646 -0.0027525696488560751 0.008276771139809052 -0.0012544758595703614 0.0027832922568389526 0.00010267285674455621 -0.0096860325802117595 -0.0063961095763370394 0.00071093836799263955
leaf_weight=35 189 20 24 24 32 573 25 30 31 32 37 80 20 27 20 25 57 35 31 34 20 55 144 23 21 30 21 20 25 20
leaf_count=35 189 20 24 24 32 573 25 30 31 32 37 80 20 27 20 25 57 35 31 34 20 55 144 23 21 30 21 20 25 20
internal_value=9.97757e-13 5.19824e-05 0.00262733 -1.5427e-05 3.71382e-05 0.000542947 0.00332051 0.00453524 0.00279519 -0.000324678 0.0019478 -0.000555294 -0.00282573 -0.000263088 -0.000730033 -0.000115523 -0.000258795 -0.000492222 0.00037498 0.00188572 0.00457228 0.000346232 -0.00133384 -0.000286167 -0.0024492 0.00109527 0.0043755 -0.00536743 -0.000829136 -0.00323742
internal_weight=1760 1725 44 1681 1657 691 118 93 63 966 89 877 100 777 57 750 725 668 329 140 51 89 339 195 76 119 44 41 75 45
internal_count=1760 1725 44 1681 1657 691 118 93 63 966 89 877 100 777 57 750 725 668 329 140 51 89 339 195 76 119 44 41 75 45
is_linear=0
shrinkage=0.05


Tree=176
num_leaves=31
num_cat=0
split_feature=273 334 316 264 211 218 260 178 157 259 330 9 272 166 191 191 185 259 271 131 242 166 238 179 258 308 106 311 332 298
split_gain=0.0894423 0.127085 0.131333 0.277442 0.354823 0.243846 0.236016 0.227589 0.220804 0.194631 0.277382 0.2778 0.26084 0.26508 0.258918 0.302449 0.326237 0.325176 0.278 0.272701 0.304746 0.268592 0.256783 0.217043 0.215603 0.23129 0.235529 0.204681 0.33116 0.236488
threshold=0.098823455505547886 0.064344819393349864 0.011372282741324789 -0.0058141944698233408 -0.052389851707101857 0.022753944069689332 -0.0060649833925213977 -0.0080189729621427796 -0.0089737104251876344 0.0017583370490700662 -0.01572800704434606 0.030637620913917217 -0.061709113350770686 0.0033755281028941971 0.0036464308635512335 -0.0010380044824564872 -0.0043669413038773747 -0.026664211441946941 -0.0058755510281248719 -8.265661260878361e-05 0.026710997061199084 0.0016764648981434851 -0.029643543878724168 0.013871753022059076 0.0051610761045560371 -0.018696063071592921 0.01441852840498487 -0.00018977234412604949 0.00068045573829367224 0.005446358351788712
decision_type=2 2 2 2 2 2 2 2 2 2 2 2 2 2 2 2 2 2 2 2 2 2 2 2 2 2 2 2 2 2
left_child=1 2 9 4 -4 7 -7 8 -5 10 11 23 -11 27 15 16 18 -17 -12 -16 22 -19 -21 -1 -15 -26 -27 -14 29 -29
right_child=-2 -3 3 5 -6 6 -8 -9 -10 12 14 -13 13 24 19 17 -18 21 -20 20 -22 -23 -24 -25 25 26 -28 28 -30 -31
leaf_value=0.0049637671676653373 -0.0027067470535015068 0.0030736214221071673 0.0064569265426446991 0.0031244522041887187 0.0010843537579889276 0.0069941773172467947 0.00021980958635039213 -0.0020192322873554894 -0.0019928669377363155 0.0030581287674706532 0.0060030247325137745 -0.00075845196337948713 -0.0035876557161258604 0.0017578234124665309 -0.0037589593938279773 -0.0014306167070753874 -0.0017810385275492811 0.010474934969097377 -0.00041594357777235882 -0.0063410137989558281 0.0048407134898006922 0.0022805449541192504 0.00072510361949551028 -0.00077079924799147107 -0.0051964164649446806 0.001961447734437469 -0.0032596906323710249 0.0030419943060471934 -0.0036376318013152248 -0.0025380042016281395
leaf_weight=77 30 34 36 53 210 20 36 178 35 37 31 53 147 99 89 20 127 20 37 20 25 20 36 21 30 54 36 55 65 29
leaf_count=77 30 34 36 53 210 20 36 178 35 37 31 53 147 99 89 20 127 20 37 20 25 20 36 21 30 54 36 55 65 29
internal_value=3.06004e-12 4.69378e-05 -1.37386e-05 0.000606307 0.00187058 -0.000359568 0.00263923 -0.000990894 0.00108915 -0.00032596 0.000316994 0.00215778 -0.000996869 -0.0012882 -0.000337028 0.000670624 -0.000284554 0.00377495 0.00251035 -0.00184851 0.000250633 0.00637774 -0.00179851 0.00373493 3.05997e-05 -0.00139436 -0.000127008 -0.00226393 -0.000957977 0.00111557
internal_weight=1760 1730 1696 568 246 322 56 266 88 1128 576 151 552 515 425 255 195 60 68 170 81 40 56 98 219 120 90 296 149 84
internal_count=1760 1730 1696 568 246 322 56 266 88 1128 576 151 552 515 425 255 195 60 68 170 81 40 56 98 219 120 90 296 149 84
is_linear=0
shrinkage=0.05


Tree=177
num_leaves=31
num_cat=0
split_feature=286 229 221 273 1 176 324 170 249 170 301 101 121 288 333 148 278 159 0 222 1 11 61 118 145 257 210 250 1 215
split_gain=0.0890326 0.181847 0.213783 0.163921 0.161299 0.120572 0.10567 0.261238 0.287025 0.284933 0.228619 0.257452 0.204156 0.255253 0.212072 0.188214 0.18441 0.177418 0.26154 0.204873 0.292484 0.434564 0.247999 0.274389 0.239805 0.318212 0.313658 0.277429 0.426001 0.234679
threshold=-0.055809718443156485 0.0090224121339064958 -0.034142612515770644 0.098823455505547886 4.0859410030639109 0.0022298801054713457 -0.017021318057822251 0.0029884679785827047 0.049030301746646056 -0.00092382114410737611 0.013081059856465205 0.015515330489702406 -0.019191286070173411 -0.0074986268270672779 -0.024787962773979193 0.00056952347316108925 -0.0003682929296472994 0.044954797281715773 5.7381826048292135 0.0016912492821448408 2.6735537653587347 3.2837719298245616 2.1383330595080281 -0.0036457563562291343 -0.019813675229497795 -0.0067501856319772211 0.0010198231075179689 -0.026942180322221877 4.7999057951650004 -0.10031992277809547
decision_type=2 2 2 2 2 2 2 2 2 2 2 2 2 2 2 2 2 2 2 2 2 2 2 2 2 2 2 2 2 2
left_child=1 2 -1 6 5 -4 7 9 12 10 11 -2 13 -9 -14 16 -12 19 -19 20 21 -8 29 -24 25 -21 -27 28 -26 -22
right_child=3 -3 4 -5 -6 -7 17 8 -10 -11 15 -13 14 -15 -16 -17 -18 18 -20 24 22 -23 23 -25 27 26 -28 -29 -30 -31
leaf_value=0.0069295555818825964 -0.0024714264046126304 -0.001974585602963061 0.0022962442065666742 -0.0043883373347026388 0.004048422075963269 -0.0026784850495209082 -0.00035479546565076581 -0.00052642767550423739 -0.0076845039657893639 0.0056498854481817594 -0.0031646661327353548 0.003154408948495984 0.0034099260120586099 -0.0085147489304654295 -0.0016072892412707649 0.0058171814125355173 0.0032511641310217481 -0.0050152111933321544 0.0014928288865261354 0.0020892331690993159 0.0049448442514985801 0.0090802617586002912 0.00043857730459421877 0.0064555629192101262 0.000242560747404028 -0.0014422906599065755 -0.0096133352409157428 -0.00051514040418256446 0.0086727910950271919 -2.5377458662995579e-05
leaf_weight=20 109 33 21 22 30 29 23 20 21 23 21 25 28 20 85 23 24 38 26 20 25 26 40 36 47 24 23 381 22 475
leaf_count=20 109 33 21 22 30 29 23 20 21 23 21 25 28 20 85 23 24 38 26 20 25 26 40 36 47 24 23 381 22 475
internal_value=-3.45608e-13 0.00124382 0.00230589 -0.000101676 0.00114997 -0.000589099 -4.29184e-05 -0.000748252 -0.0022031 0.000376832 -0.000223565 -0.00142183 -0.00145075 -0.00452059 -0.000364085 0.00213772 0.00025711 0.000190438 -0.00237132 0.000334004 0.000943099 0.00465156 0.000627622 0.00328873 -0.000402328 -0.00319309 -0.00544089 1.3185e-05 0.00293046 0.000223134
internal_weight=1760 133 100 1627 80 50 1605 399 174 225 202 134 153 40 113 68 45 1206 64 1142 625 49 576 76 517 67 47 450 69 500
internal_count=1760 133 100 1627 80 50 1605 399 174 225 202 134 153 40 113 68 45 1206 64 1142 625 49 576 76 517 67 47 450 69 500
is_linear=0
shrinkage=0.05


Tree=178
num_leaves=31
num_cat=0
split_feature=290 199 154 113 257 300 210 309 296 154 113 182 314 300 273 280 149 296 92 113 117 175 292 199 162 223 265 143 214 311
split_gain=0.089307 0.0964907 0.213344 0.316395 0.264769 0.236689 0.200409 0.228829 0.265986 0.218212 0.194668 0.233772 0.234855 0.327763 0.292699 0.265803 0.232771 0.227073 0.219075 0.185391 0.225222 0.270197 0.400263 0.251895 0.410432 0.231355 0.230331 0.31633 0.229482 0.229131
threshold=-0.099838902808241939 0.00060291079572162174 0.022257338504338534 0.011995083646395514 -0.00038747748456262159 0.0080122115935921598 0.0021012548381734186 0.0071085145021403699 -0.0073076306391058584 0.040704313716174077 0.0091154703882429782 0.0040237666336195776 -0.018438480412202425 0.018613161288392428 0.012835085818228885 -0.013960656565545683 -0.0035030156536243538 0.013110685805336917 0.00270241717373202 0.016560958687123484 0.030282755483495422 -0.011578588620778069 0.010231950057411879 -0.0035926343421587015 -0.0068875953381244892 0.071854101834582046 -0.03067591473837852 0.0066181570450105998 0.0031564340492225302 0.010858339524578962
decision_type=2 2 2 2 2 2 2 2 2 2 2 2 2 2 2 2 2 2 2 2 2 2 2 2 2 2 2 2 2 2
left_child=-1 19 3 10 5 -5 7 8 -4 -9 11 12 13 -3 -14 -16 18 -18 -13 20 23 22 -22 25 -25 26 27 -2 -26 -29
right_child=1 2 6 4 -6 -7 -8 9 -10 -11 -12 16 14 -15 15 -17 17 -19 -20 -21 21 -23 -24 24 28 -27 -28 29 -30 -31
leaf_value=-0.0028012473884570814 -0.00011190570773354236 0.0017145528848881702 0.0055852862909950059 0.0027872621330657398 0.0012412209800130363 0.00957926103602285 -0.0035408403097194267 -0.0054662985089062545 -0.00097827133369829638 0.0014243753626942636 -0.0041164924148082115 -0.0057471959728799347 0.0016615816782031751 0.0089171937497502015 0.001511116396635771 -0.0052391597728378009 -0.00044663793853839343 0.0049852939497213814 -0.00067314521925604474 -0.0020300365125008081 0.010297602470964194 0.00027948141903562964 0.00062600299412303656 0.0021109562035771657 -0.0054602489662000965 0.0042440959188752457 -0.0008081453227048621 0.00915333854558412 -0.00031488583303026618 0.0015847989870235325
leaf_weight=28 77 56 29 29 83 23 58 27 33 20 24 36 162 22 25 35 97 24 52 134 20 87 23 39 72 32 342 20 31 20
leaf_count=28 77 56 29 29 83 23 58 27 33 20 24 36 162 22 25 35 97 24 52 134 20 87 23 39 72 32 342 20 31 20
internal_value=-1.6497e-12 4.52858e-05 0.00043209 0.000831701 0.00299389 0.00579142 -0.00116635 9.71357e-05 0.00209178 -0.0025341 0.000284055 0.000491547 0.00138592 0.00374607 0.000556683 -0.00242654 -0.000792246 0.00063077 -0.00274889 -0.000314783 -1.35462e-05 0.00188204 0.00512442 -0.000402845 -0.00225755 0.000133547 -0.000153028 0.00176193 -0.00391164 0.00536907
internal_weight=1760 1732 835 668 135 52 167 109 62 47 533 509 300 78 222 60 209 121 88 897 763 130 43 633 142 491 459 117 103 40
internal_count=1760 1732 835 668 135 52 167 109 62 47 533 509 300 78 222 60 209 121 88 897 763 130 43 633 142 491 459 117 103 40
is_linear=0
shrinkage=0.05


Tree=179
num_leaves=31
num_cat=0
split_feature=277 151 200 297 164 234 173 246 311 297 185 197 110 127 196 287 219 193 151 169 330 179 315 219 326 281 240 248 271 285
split_gain=0.0877424 0.170335 0.146278 0.1545 0.168466 0.200931 0.134961 0.154559 0.173118 0.132192 0.197371 0.14012 0.263354 0.197043 0.184473 0.175664 0.29762 0.210569 0.226505 0.263167 0.471579 0.289419 0.228478 0.205613 0.454613 0.241872 0.314933 0.233379 0.379336 0.231455
threshold=-0.036206695946925715 -0.075273255357528837 0.01782018878444051 -0.05738105671398145 -0.018453708358810796 0.011634341524381637 0.022284181476415591 0.017667258863034201 -0.0098613898436753066 -0.056248569277855549 -0.0093689376306629411 0.026514222312233948 0.0227413498829683 0.077255906929774562 0.0056139282214170147 -0.012581180555918526 -0.080474816601315322 0.040565045679848935 -0.015445789549987852 -0.00079120186569488313 0.025345163554449174 0.013871753022059076 0.013121728060774794 -0.066613602395221336 0.014780306906139731 -0.0067965942211297798 -0.0018893067558585174 0.002753605454766292 -0.0028211790458037042 -0.022512017637647878
decision_type=2 2 2 2 2 2 2 2 2 2 2 2 2 2 2 2 2 2 2 2 2 2 2 2 2 2 2 2 2 2
left_child=2 -2 3 -1 5 -5 7 8 -6 10 -3 13 -13 15 -15 16 -11 18 22 20 21 -20 -18 24 27 26 -25 -17 -29 -28
right_child=1 9 -4 4 6 -7 -8 -9 -10 11 -12 12 -14 14 -16 23 17 -19 19 -21 -22 -23 -24 25 -26 -27 29 28 -30 -31
leaf_value=0.0022778931682786115 0.0045138626645149834 0.00057621376132980617 0.0020157058245355362 -0.007775649768502816 -0.0049909279476851231 -0.00092314588371664283 -0.0039871783221080417 0.0023016316619200203 -4.681062133035116e-07 -0.0036686061198512713 -0.0039348451848312911 0.00055658106957846647 0.0054952148426844578 0.00013185046613216402 -0.0065030543706598113 -0.002821761785024727 0.0018437936120872936 -0.0031744633716615763 0.004626026443803488 0.00080828571349918622 0.010906653453341941 -0.0012830716169749698 -0.0037604344730836252 0.0025869693725514391 0.0083852476484718771 -0.0012850811403370237 -0.004423305330398892 -0.0024968548762527381 0.006276725648370173 0.00016123826065923759
leaf_weight=26 22 48 38 23 25 20 31 39 57 30 49 131 34 20 22 37 44 22 67 99 22 30 31 116 21 442 35 22 28 129
leaf_count=26 22 48 38 23 25 20 31 39 57 30 49 131 34 20 22 37 44 22 67 99 22 30 31 116 21 442 35 22 28 129
internal_value=-8.23403e-12 0.000146649 -0.000849883 -0.00134261 -0.00182534 -0.00458844 -0.00104368 -0.000289556 -0.00152195 8.16867e-05 -0.00170257 0.00020692 0.00157424 2.15401e-05 -0.00334358 0.000141825 0.00109007 0.00154328 0.00189751 0.00271293 0.00429746 0.00279847 -0.000472621 -0.000252326 0.00178243 -0.000556694 0.000593116 0.000188647 0.00241635 -0.00081717
internal_weight=1760 1501 259 221 195 43 152 121 82 1479 97 1382 165 1217 42 1175 345 315 293 218 119 97 75 830 108 722 280 87 50 164
internal_count=1760 1501 259 221 195 43 152 121 82 1479 97 1382 165 1217 42 1175 345 315 293 218 119 97 75 830 108 722 280 87 50 164
is_linear=0
shrinkage=0.05


Tree=180
num_leaves=31
num_cat=0
split_feature=231 290 248 126 213 153 11 127 258 329 261 209 156 156 315 278 272 130 230 163 126 288 253 296 2 220 109 307 234 236
split_gain=0.0839291 0.197482 0.22355 0.103833 0.192535 0.177514 0.173733 0.269078 0.317858 0.183265 0.179187 0.28157 0.239343 0.173388 0.173101 0.244562 0.172614 0.254582 0.249011 0.297022 0.185922 0.182574 0.204705 0.189602 0.164811 0.164691 0.161849 0.161662 0.223967 0.158033
threshold=0.092265538286202708 0.0015368734724337414 -0.0027492021878717282 0.00059629376613946938 0.25423378568160787 0.048738119693514451 3.781972685447236 0.0077717423759241311 0.014950743019359633 -0.012157507690512511 -0.0067377612984967057 0.73428680665578694 0.0447082010646924 0.0036906459100814137 -0.012786161005541915 0.0029367939239691191 -0.0055906473929261047 -0.025705119110641689 0.0071188925676674815 0.0003212094263107304 -0.0072758653473523165 0.0094330949783210574 0.0006766942494711134 -0.020809456324990889 5.7914775660660407 -0.0089896524953238972 0.0061880128234363474 0.0038408106909810133 0.0014115497816339598 -0.089577257292824827
decision_type=2 2 2 2 2 2 2 2 2 2 2 2 2 2 2 2 2 2 2 2 2 2 2 2 2 2 2 2 2 2
left_child=3 -2 -3 5 24 6 10 9 -9 -8 11 13 16 25 -15 -16 17 -12 20 -20 -19 22 23 -18 29 -1 -23 28 -24 -5
right_child=1 2 -4 4 -6 -7 7 8 -10 -11 12 -13 -14 14 15 -17 21 18 19 -21 -22 26 27 -25 -26 -27 -28 -29 -30 -31
leaf_value=0.0032673151484948204 -0.0043956534265141402 -0.0029270636489276184 0.0042008235852170573 0.0039812028962409214 -0.0042563382349908351 -0.0022084129925070586 0.0045877630636096001 0.008576471661694212 0.0010377142129948847 -0.00092757129891428219 -0.0010407272710816619 -0.0064011882944032556 0.0059374395899636596 0.00099085057536285603 -0.0073203068673610696 -0.00076411729431570031 -0.00046075131580106577 -0.0015893740781272451 0.0026848780526779591 0.010438050835260324 0.0045447210027348434 -0.0048817307518964469 -0.0054790044540603614 0.0054963476818931456 0.0040914106140421194 -0.00030444981982407065 0.00010883218001254136 0.0014704004519153387 0.00091183644343310823 -0.00041615828792317859
leaf_weight=47 35 22 22 21 30 58 20 29 27 61 47 20 23 32 25 33 22 30 30 21 21 33 29 34 22 103 32 50 26 755
leaf_count=47 35 22 22 21 30 58 20 29 27 61 47 20 23 32 25 33 22 30 30 21 21 33 29 34 22 103 32 50 26 755
internal_value=2.52881e-12 -0.00159272 0.00063688 7.48514e-05 -0.000324002 0.000462015 0.000656838 0.00227671 0.00494171 0.00043424 0.00031957 -0.000701287 0.000986462 -0.000226295 -0.00196129 -0.00359006 0.000682802 0.00200395 0.0034069 0.00587736 0.00093643 -0.000188224 0.000714757 0.00315606 -0.000176169 0.000814703 -0.00242484 -0.00058727 -0.00245788 -0.000297158
internal_weight=1760 79 44 1681 828 853 795 137 56 81 658 260 398 240 90 58 375 149 102 51 51 226 161 56 798 150 65 105 55 776
internal_count=1760 79 44 1681 828 853 795 137 56 81 658 260 398 240 90 58 375 149 102 51 51 226 161 56 798 150 65 105 55 776
is_linear=0
shrinkage=0.05


Tree=181
num_leaves=31
num_cat=0
split_feature=1 267 267 268 213 320 10 279 327 292 244 261 328 324 129 90 101 304 327 330 277 284 284 272 238 313 90 81 329 314
split_gain=0.0836818 0.249108 0.249598 0.365 0.325929 0.238506 0.338863 0.321975 0.263952 0.317354 0.228571 0.285729 0.253623 0.227248 0.255956 0.224163 0.187932 0.181425 0.171219 0.186614 0.16687 0.133929 0.180051 0.137258 0.168806 0.133587 0.220979 0.133366 0.133157 0.128797
threshold=4.7229433450037179 -0.017681993470314235 -0.0099699418629640487 0.0011713565839767852 0.2291330780993551 -0.0088756603540926324 0.00021326247370992882 -0.0056939325708543443 0.0004724706611043238 -0.0045900068788174448 -0.0054540698323476697 0.0020937344850014044 1.0000000180025095e-35 0.015291085091825161 0.0090766101649919027 0.0031620619244308152 -0.099389977542385155 -0.0044752770552365243 0.045705150095337509 0.0069979111729985858 0.0021584505381684002 0.046446701087691784 0.039768297550611571 -0.07395091842348385 -0.0025171446173804231 -0.0094689773665089672 -0.0099910722626044782 -0.52479451075537364 0.0063405302744576541 -0.060106084511047174
decision_type=2 2 2 2 2 2 2 2 2 2 2 2 2 2 2 2 2 2 2 2 2 2 2 2 2 2 2 2 2 2
left_child=16 13 3 -3 5 6 -4 8 -7 -10 12 17 -9 14 -2 -6 -1 -12 21 20 -20 22 23 24 -18 -23 -27 28 -25 -29
right_child=1 2 4 -5 15 7 -8 10 9 -11 11 -13 -14 -15 -16 -17 18 -19 19 -21 -22 25 -24 27 -26 26 -28 29 -30 -31
leaf_value=-0.0044124845775793528 0.0014229496999178083 -0.0069226469571605845 0.00060277005619797355 0.0015117669847550925 -0.00036599160812329502 0.0060368277749512349 0.007753625568002462 0.0055071125328097319 -0.0037850998245024439 0.0041169525676027488 -0.001966102927690372 0.00078395873560414961 -0.0021749479569156062 -0.0012470222624909619 0.0077977532085271618 -0.0072967081714887172 0.0055283098835498101 -0.0083552096653729674 -0.007486221668533171 0.00027391694523897528 -0.001321519387836036 0.0005632819696314216 0.0036669974710093812 -0.0001086601610517218 -0.00040709724366340953 -0.0070662213150290368 -0.0007920570923791578 0.0023005785536952318 0.0055219656898684447 -0.00030493538576010631
leaf_weight=26 32 29 37 23 28 35 30 21 24 27 20 30 22 23 31 20 25 25 23 37 21 38 36 21 23 23 36 50 21 923
leaf_count=26 32 29 37 23 28 35 30 21 24 27 20 30 22 23 31 20 25 25 23 37 21 38 36 21 23 23 36 50 21 923
internal_value=-1.73838e-12 0.000582161 2.01199e-05 -0.00319204 0.000543732 0.00121636 0.00380465 0.000366281 0.00269307 0.00039834 -0.00132952 -0.00299578 0.00157676 0.00300678 0.00455976 -0.00325379 -0.000204181 -0.00551561 -0.000118499 -0.00234321 -0.00454398 3.21714e-05 0.000189363 7.15875e-05 0.00268426 -0.00174879 -0.00323792 -5.19675e-05 0.00270665 -0.000171045
internal_weight=1760 457 371 52 319 271 67 204 86 51 118 75 43 86 63 48 1303 45 1277 81 44 1196 1099 1063 48 97 59 1015 42 973
internal_count=1760 457 371 52 319 271 67 204 86 51 118 75 43 86 63 48 1303 45 1277 81 44 1196 1099 1063 48 97 59 1015 42 973
is_linear=0
shrinkage=0.05


Tree=182
num_leaves=31
num_cat=0
split_feature=286 96 1 273 331 224 324 0 215 193 180 172 171 193 262 170 223 222 127 147 147 127 97 293 308 1 304 198 111 298
split_gain=0.0815354 0.159045 0.181177 0.142698 0.140143 0.101605 0.0928788 0.231901 0.215217 0.222355 0.238829 0.247172 0.234014 0.204729 0.21138 0.172814 0.165594 0.153423 0.218092 0.294878 0.377193 0.240787 0.246598 0.222824 0.256572 0.21558 0.204417 0.202917 0.285275 0.246954
threshold=-0.055809718443156485 -0.013002177161342386 4.0859410030639109 0.098823455505547886 0.016733160118814344 0.010564316287349173 -0.017021318057822251 3.8176519431297078 -0.092758616100516014 -0.0057507789969933366 -0.010487738420937153 0.011102180261114676 -0.0037284816349365045 -0.0021966836344637147 -0.025996806628989542 0.0037514048728092991 0.0062660999462720588 0.0016912492821448408 0.0062846956175085849 0.0059106712864703112 0.0025766118346496618 -0.0019484230692513452 -0.019950849782031491 0.014785964485475577 0.0041700985742245461 2.249904835165133 0.021678596450927897 -0.0015494416932762603 0.0067422890471722455 -0.0041181870405878366
decision_type=2 2 2 2 2 2 2 2 2 2 2 2 2 2 2 2 2 2 2 2 2 2 2 2 2 2 2 2 2 2
left_child=1 -1 4 6 5 -3 7 -2 -9 10 -10 12 -12 -11 -15 16 -16 25 21 20 -20 26 -23 24 -21 -8 27 28 29 -19
right_child=3 2 -4 -5 -6 -7 17 8 9 13 11 -13 -14 14 15 -17 -18 18 19 23 -22 22 -24 -25 -26 -27 -28 -29 -30 -31
leaf_value=0.0039241461273233748 -0.0059510862547904261 0.0026033895844150157 0.0030896980696442453 -0.0040968471339014783 -0.004941105954349042 -0.0023151123541451635 0.0050596868257141783 -0.0054748607240617279 0.0012030187161996011 0.0043544983481323086 -0.0083105727863897177 0.00075734817988372274 -0.0022520331489677367 -0.002982412800888486 0.001098778272650882 -0.00086870396264116391 0.0060065692663192755 0.0047471498651430015 0.00073463747661838669 -0.00054093293457602458 0.0069009587380869861 -0.0068570396756487241 -0.0011743858656180757 0.0018101016669694722 -0.0074768774754678212 0.0004986278898877572 -0.0033339482587762177 -0.0012456673874718643 0.0070120333947918632 -0.0021824171850716488
leaf_weight=38 20 21 33 22 20 21 27 20 47 35 28 28 37 41 55 63 25 20 124 30 31 35 42 29 24 640 50 96 22 36
leaf_count=38 20 21 33 22 20 21 27 20 47 35 28 28 37 41 55 63 25 20 124 30 31 35 42 29 24 640 50 96 22 36
internal_value=-9.7905e-12 0.0011903 9.67551e-05 -9.73014e-05 -0.00149626 0.000144139 -4.24789e-05 -0.000703748 -0.000426843 -0.000145617 -0.00170195 -0.00317006 -0.00486187 0.000849302 0.000182553 0.00108999 0.00263246 0.000176299 -0.000451051 0.00068002 0.0019679 -0.00134539 -0.00375741 -0.00172506 -0.00362357 0.000683258 -0.000516253 0.000293429 0.0021877 0.000292428
internal_weight=1760 133 95 1627 62 42 1605 399 379 359 140 93 65 219 184 143 80 1206 539 238 155 301 77 83 54 667 224 174 78 56
internal_count=1760 133 95 1627 62 42 1605 399 379 359 140 93 65 219 184 143 80 1206 539 238 155 301 77 83 54 667 224 174 78 56
is_linear=0
shrinkage=0.05


Tree=183
num_leaves=31
num_cat=0
split_feature=277 277 303 175 52 81 328 287 200 144 191 175 286 277 116 150 94 256 254 332 200 260 125 325 258 110 220 143 291 312
split_gain=0.0772678 0.344191 0.374085 0.256306 0.235117 0.209682 0.306848 0.302445 0.19197 0.180391 0.198672 0.281862 0.255723 0.265097 0.257641 0.2499 0.240896 0.238489 0.223259 0.217937 0.275096 0.206121 0.199071 0.185529 0.179603 0.175388 0.173159 0.172163 0.220307 0.166675
threshold=-0.0055075403080225771 -0.0028203505336983612 -0.0044494024254800165 -0.0070045403921091091 0.89587973461402759 -0.52090947446390368 0.010629260775285133 0.0073569537717840736 0.021982712562009888 0.053547408294762927 0.0032817124769410882 0.0056964422755225183 -0.00072805538843389174 0.0011681634564914833 0.0022633841353166917 -0.030217734952582006 -0.035364178723109159 0.00094003368287136184 -0.0014322330132182186 -0.0025174529551979896 -0.0059357173003129005 0.01049563856813438 -0.019750578110680751 -0.022291245673802793 -0.0037802061288483009 0.013713245488705648 0.0031413315153253981 -0.020633230491019516 -0.0035826394926403693 -0.055880549356532506
decision_type=2 2 2 2 2 2 2 2 2 2 2 2 2 2 2 2 2 2 2 2 2 2 2 2 2 2 2 2 2 2
left_child=8 2 -2 -4 5 6 7 -3 29 10 12 15 17 -14 18 -12 -16 24 -15 -19 -21 -13 -17 -24 -7 -25 -20 -10 -29 -1
right_child=1 4 3 -5 -6 9 -8 -9 27 -11 11 21 13 14 16 22 -18 19 26 20 -22 -23 23 25 -26 -27 -28 28 -30 -31
leaf_value=-0.0046093359665694434 0.0078839416957149893 0.0077533156989375131 -0.003504514395899605 0.0045002578124694994 -0.0039324708966483341 -0.000975073044937031 -0.0022283963725203649 0.00093121266197130996 0.0057743746676437915 0.0031326459693012849 0.0018507750869471711 -0.00078315756420187395 0.0057311513187254179 -0.0032441703713912934 0.0076936963178344409 -0.00071650384494137984 0.0013542854999925229 1.5479668595448688e-05 0.0035242547564662227 0.00012474111387167467 -0.0068677799141882226 0.0030052389215248134 -0.0012529831532447134 -0.0040906594055268222 0.0033336470546403334 -0.0092198117617517724 -0.0012506681720952731 -0.002457251996853419 0.0034569850831758231 -0.00052269302772619522
leaf_weight=26 30 32 20 20 36 51 25 33 21 42 29 116 34 45 22 54 47 54 39 22 39 52 32 50 46 25 37 31 32 618
leaf_count=26 30 32 20 20 36 51 25 33 21 42 29 116 34 45 22 54 47 54 39 22 39 52 32 50 46 25 37 31 32 618
internal_value=5.74842e-12 0.000278252 0.00366333 0.000497872 3.19369e-05 0.000186061 0.00247918 0.00428979 -0.000394446 -6.08061e-05 -0.000229729 -0.00110256 0.000486952 0.00166498 0.000937349 -0.0024218 0.00337555 -0.000757756 -0.000453029 -0.00229794 -0.00434589 0.000389441 -0.0031914 -0.00444041 0.00106824 -0.00580038 0.00119962 0.0018537 0.000546805 -0.000687682
internal_weight=1760 1032 70 40 962 926 90 65 728 836 794 358 436 224 190 190 69 212 121 115 61 168 161 107 97 75 76 84 63 644
internal_count=1760 1032 70 40 962 926 90 65 728 836 794 358 436 224 190 190 69 212 121 115 61 168 161 107 97 75 76 84 63 644
is_linear=0
shrinkage=0.05


Tree=184
num_leaves=31
num_cat=0
split_feature=296 299 80 9 131 288 101 192 1 255 292 150 270 181 179 179 179 322 178 145 315 217 221 209 311 209 275 324 286 291
split_gain=0.0760311 0.101387 0.0884052 0.224797 0.240603 0.222233 0.198606 0.175478 0.174928 0.160308 0.12956 0.197114 0.175764 0.161657 0.194976 0.159397 0.267834 0.268249 0.215447 0.301131 0.214433 0.34327 0.279511 0.205815 0.195895 0.157439 0.156055 0.15153 0.186752 0.186604
threshold=0.089713743017367772 0.079651220376015422 1.0000000180025095e-35 0.020654105936722362 0.013583239627331541 -0.0032432813640738425 -0.0031704646424097621 0.004101985685235416 9.0651411728127798 0.021559833142106077 -0.037532802879505202 -0.032301422470609409 0.043802227790212082 0.0048402379695987015 -0.0019101959190256869 0.0045433455543770649 0.0095779035983317336 0.021018710746932411 -0.0082230097408718776 0.016820238266045263 0.0067309708632999994 -0.0012058833457143125 0.0004572586938780705 0.76536771697461059 -0.0052927480735324387 0.74611816635391182 -0.0021343397560843673 0.012139049637856026 -0.0038458173658273177 -0.0021674776792753427
decision_type=2 2 2 2 2 2 2 2 2 2 2 2 2 2 2 2 2 2 2 2 2 2 2 2 2 2 2 2 2 2
left_child=1 2 8 4 6 -5 -4 -8 10 -7 11 -1 13 -13 -15 23 24 18 26 20 27 -22 -23 25 -17 -12 -18 28 -20 -29
right_child=-2 -3 3 5 -6 9 7 -9 -10 -11 15 12 -14 14 -16 16 17 -19 19 -21 21 22 -24 -25 -26 -27 -28 29 -30 -31
leaf_value=0.0047765301575771338 -0.0027949799046230813 0.0027024636244667426 -0.00055186796718491955 -0.0055803255300270402 -0.0032760687974385094 -0.0024820949163530835 0.0054215517999508826 -0.0002475642477206531 0.0039831952593321436 0.0028798920125700533 -0.00057628267419148379 -0.00035172400172226706 -0.0026008114990379132 0.0072810872155241665 0.0013054901062575885 -7.0319860242307186e-05 0.00099614640669327004 -0.0030030887181055734 0.0058408014616967803 -0.0028593101810924161 0.00010153681746330755 0.011483144443482161 0.0035528177442029117 -0.0045365557136392452 0.0044871493414617497 0.0036330509551866586 -0.0026722209926524111 0.0018226768472231925 0.00039994535820923102 -0.005007469907868654
leaf_weight=33 24 35 65 40 36 46 39 21 29 20 650 65 35 20 43 37 49 64 24 34 29 20 25 32 65 23 71 20 46 20
leaf_count=33 24 35 65 40 36 46 39 21 29 20 650 65 35 20 43 37 49 64 24 34 29 20 25 32 65 23 71 20 46 20
internal_value=-2.48788e-12 3.86403e-05 -1.61709e-05 -0.000851535 0.000325663 -0.00263954 0.00136296 0.00343736 0.000139368 -0.00085725 6.00288e-05 0.00125251 0.000539064 0.00139762 0.00320251 -0.000133294 0.000545716 -3.48805e-05 0.000527147 0.00146373 0.00226255 0.00434362 0.00707741 -0.000618714 0.00283395 -0.000432427 -0.0011743 0.000862553 0.00226538 -0.0015924
internal_weight=1760 1736 1701 267 161 106 125 60 1434 66 1405 196 163 128 63 1209 504 402 338 218 184 74 45 705 102 673 120 110 70 40
internal_count=1760 1736 1701 267 161 106 125 60 1434 66 1405 196 163 128 63 1209 504 402 338 218 184 74 45 705 102 673 120 110 70 40
is_linear=0
shrinkage=0.05


Tree=185
num_leaves=31
num_cat=0
split_feature=290 273 215 196 157 238 168 235 294 286 229 137 335 177 335 89 278 108 175 111 127 219 226 140 334 151 326 141 160 118
split_gain=0.0752583 0.0912891 0.0889203 0.115067 0.158828 0.104888 0.13912 0.116065 0.111935 0.143676 0.180128 0.118153 0.241047 0.2174 0.194289 0.203066 0.19449 0.215078 0.193857 0.193454 0.31724 0.236015 0.214934 0.259286 0.21721 0.216818 0.269166 0.297853 0.253827 0.191737
threshold=-0.099838902808241939 -0.11227780571871669 -0.1142087567662048 -0.056746059500357812 0.0086896492971379555 -0.083815549870376524 -0.011279830982979447 0.019089112591960035 0.087196817966348206 -0.081155854699186875 -0.018761147684930004 0.0077028984641502769 0.049767949393173132 0.024950441118914521 0.0066408171947862386 0.12043637009374512 0.018231899521298549 0.051215449334718562 -0.010416641211161176 0.0060874282428452888 -0.024644030923162513 -0.0012443680234055985 0.001194827086592825 0.026955739296961601 1.0000000180025095e-35 0.0012575702288794048 0.018900141747833232 -0.0010445006804651494 0.010373056933356608 -0.0083553453826881348
decision_type=2 2 2 2 2 2 2 2 2 2 2 2 2 2 2 2 2 2 2 2 2 2 2 2 2 2 2 2 2 2
left_child=-1 -2 -3 4 -4 6 -5 -8 9 10 -7 19 13 14 15 16 17 -13 -16 22 21 -21 23 25 -25 -11 27 -27 -29 -15
right_child=1 2 3 5 -6 8 7 -9 -10 11 -12 12 -14 29 18 -17 -18 -19 -20 20 -22 -23 -24 24 -26 26 -28 28 -30 -31
leaf_value=-0.0025714958643740311 0.0034000495553482323 0.0026132853236049414 0.00043957417278929993 0.0051054299343377355 -0.0049351190416408444 0.0058721641253214329 0.0025443353759193863 -0.0024118848499797641 -0.0035193238667568004 -0.00018138326303515997 -0.00045619856894270263 0.00043341249256627639 -0.0056633996956920981 0.0049896638935024388 -0.0019851665891889884 -0.0055919112316493332 -0.0033527976798359304 -0.0038465068943979636 0.0015548143911175431 0.0087864721786569469 0.00058467413708913169 0.0018098628510617547 -0.0015966721524236717 -0.006924090557731688 -0.00032056152039413894 0.0077812562253506447 -0.0015758800873300061 2.8456409031955098e-06 0.0062192395911552017 -9.6943550637330528e-05
leaf_weight=28 20 32 27 23 28 23 27 21 23 180 22 159 23 32 56 29 75 36 125 22 283 27 203 20 33 31 32 52 24 44
leaf_count=28 20 32 27 23 28 23 27 21 23 180 22 159 23 32 56 29 75 36 125 22 283 27 203 20 33 31 32 52 24 44
internal_value=6.50413e-12 4.15715e-05 2.33698e-06 -4.73954e-05 -0.00229663 2.87327e-05 0.00190806 0.000375989 -5.71311e-05 -5.11908e-06 0.0027783 -8.94083e-05 -0.000647425 -0.000439929 -0.000833343 -0.00161601 -0.00118897 -0.000356726 0.000459572 0.000266812 0.00122781 0.00494222 -0.000288058 0.000426052 -0.00281246 0.000964111 0.00244749 0.00365074 0.00196592 0.00204479
internal_weight=1760 1732 1712 1680 55 1625 71 48 1554 1531 45 1486 579 556 480 299 270 195 181 907 332 49 575 372 53 319 139 107 76 76
internal_count=1760 1732 1712 1680 55 1625 71 48 1554 1531 45 1486 579 556 480 299 270 195 181 907 332 49 575 372 53 319 139 107 76 76
is_linear=0
shrinkage=0.05


Tree=186
num_leaves=31
num_cat=0
split_feature=177 330 294 332 270 290 290 237 238 215 107 9 263 263 159 270 117 275 102 136 155 164 305 286 261 288 170 186 287 185
split_gain=0.0761135 0.135116 0.129262 0.104912 0.104508 0.0951991 0.252831 0.380619 0.44325 0.210514 0.170003 0.16895 0.288565 0.317787 0.251999 0.279896 0.248541 0.222161 0.201399 0.19545 0.180569 0.210312 0.180567 0.214444 0.199973 0.174913 0.196097 0.173046 0.217468 0.301405
threshold=-0.039885073524617932 0.020059238294057809 0.087196817966348206 -0.013644159197228301 0.0087468299106993764 -0.038622879390006228 -0.028547291247155899 0.0080114355962036463 -0.0068412063685335195 -0.088974352022833977 -0.021558175589465472 0.020654105936722362 -0.00029241826921437645 0.0014268186380469766 -0.007781746601664404 0.01581625136296862 0.052171888864924659 0.023393297416563718 -0.03712666946618761 -0.01377051715707074 0.0056839456290002453 1.0000000180025095e-35 0.0044947651923849382 -0.022694133921191333 -0.027561604128724927 -0.0012864877560908304 0.0037514048728092991 -0.0024898893881656848 -0.032510707653809416 -0.00045685515937514979
decision_type=2 2 2 2 2 2 2 2 2 2 2 2 2 2 2 2 2 2 2 2 2 2 2 2 2 2 2 2 2 2
left_child=1 3 5 -1 -5 9 7 8 -7 -2 -11 12 14 -14 15 17 22 -8 19 -13 21 -16 23 -15 -25 26 -26 28 -20 -30
right_child=2 -3 -4 4 -6 6 11 -9 -10 10 -12 18 13 16 20 -17 -18 -19 27 -21 -22 -23 -24 24 25 -27 -28 -29 29 -31
leaf_value=0.0026502837395916382 -0.005773833682213167 0.0041229447881535935 -0.0037310535548992145 0.00052569790516430754 -0.0039198417135048657 0.0010344764690368416 0.0038447739081782536 -0.0018349599919299812 0.010860013123601676 -0.0036489597481808495 0.00020687747570403959 -0.0066770861330239673 -0.0060153942943240203 0.001761870446082737 -0.00034736915232232689 0.0085799343502995645 0.0042020748976351425 -0.001516026902202241 0.0030061047662187507 -0.0014321855704437416 -0.0024003080046940146 0.0036012147650277861 0.0010381944089324021 0.001694393659099227 -0.0044664525174691033 -0.005762420464289251 0.0022371949959779157 0.00046021717844220504 -0.0035167485366839864 0.00014505132043802547
leaf_weight=30 21 30 24 39 20 24 68 26 22 35 156 23 24 35 77 22 31 27 27 78 41 60 106 21 24 49 20 375 116 109
leaf_count=30 21 30 24 39 20 24 68 26 22 35 156 23 24 35 77 22 31 27 27 78 41 60 106 21 24 49 20 375 116 109
internal_value=4.85712e-12 0.00122103 -8.85449e-05 0.000242853 -0.000981265 -3.44817e-05 0.000114544 0.00300054 0.00573365 -0.00102213 -0.00049969 -4.13387e-05 0.00057614 -0.000489091 0.00169554 0.00349804 -2.53458e-05 0.00232118 -0.000554491 -0.00262657 0.000510746 0.00138194 -0.000539268 -0.00166149 -0.00271252 -0.00370763 -0.00141934 -0.000220711 -0.001234 -0.00174281
internal_weight=1760 119 1641 89 59 1617 1405 72 46 212 191 1333 605 310 295 117 286 95 728 101 178 137 255 149 114 93 44 627 252 225
internal_count=1760 119 1641 89 59 1617 1405 72 46 212 191 1333 605 310 295 117 286 95 728 101 178 137 255 149 114 93 44 627 252 225
is_linear=0
shrinkage=0.05


Tree=187
num_leaves=31
num_cat=0
split_feature=52 300 67 186 186 279 238 325 8 336 318 242 194 109 144 317 319 191 317 256 216 228 335 190 183 238 205 268 156 258
split_gain=0.0736135 0.225079 0.224623 0.0901746 0.231456 0.299067 0.202934 0.189229 0.2058 0.21771 0.194839 0.175178 0.167234 0.246398 0.204137 0.151383 0.253861 0.260972 0.163083 0.150877 0.226622 0.153697 0.196063 0.152769 0.163941 0.142661 0.197681 0.156008 0.188121 0.369665
threshold=1.4978661367769956 0.0043027760737434613 2.6735537653587347 -0.0024898893881656848 -0.0011794978613454438 -0.010333802699761634 0.1340845822288112 -0.06032674054203984 0.39208074534161497 -0.054540084819807516 0.051534596674671702 -0.081468825311922885 0.030465517051385147 0.0054584619616788168 -0.046875441553421847 -0.017684687176944252 0.03069873979391417 0.0040114460176964321 -0.013799604155243375 -0.0085289961384356038 -0.02990237260186852 0.011343906930367197 0.018538763449185001 -0.0075051340166587275 0.0034945025693430801 0.067615337989575308 -0.0048376848692070077 -0.045213700684426442 0.045759129370675791 0.0056270266434542467
decision_type=2 2 2 2 2 2 2 2 2 2 2 2 2 2 2 2 2 2 2 2 2 2 2 2 2 2 2 2 2 2
left_child=2 -2 3 7 5 -5 25 -1 9 -9 11 -11 14 -14 -13 16 17 -16 -17 23 -21 22 -22 -20 -25 27 -27 -6 -29 -30
right_child=1 -3 -4 4 6 -7 -8 8 -10 10 -12 12 13 -15 15 18 -18 -19 19 20 21 -23 -24 24 -26 26 -28 28 29 -31
leaf_value=0.0041295821376314224 0.00081120507904525966 -0.005717851858670739 0.0051972896780907406 0.0081395727670973261 0.0020051283466786442 0.00063146629060308144 0.0047514196424542562 -0.0047012881488736839 0.004068555022873308 -0.0047678683382960472 0.002985088839950795 0.0038739433029799592 -0.00080155996976827748 -0.0075985928787849853 -0.0014631723011217009 0.0043294850504025815 0.0027720932918600741 -0.0075221115033383724 0.00075105846830410879 0.0043997141059427978 -7.1455399280347961e-05 -0.0024236962739710832 0.0051245709526396939 -0.00084855792158078857 -0.0054072894970120522 -0.006422885325737298 -0.00030880166346040103 -0.00030906099074418732 0.0081385692837648103 -0.00058036591226775798
leaf_weight=22 33 22 21 21 101 36 23 33 23 26 37 28 40 20 52 20 20 27 40 31 134 56 21 41 38 20 39 684 20 31
leaf_count=22 33 22 21 21 101 36 23 33 23 26 37 28 40 20 52 20 20 27 40 31 134 56 21 41 38 20 39 684 20 31
internal_value=-2.95586e-12 -0.00180042 5.8078e-05 -6.00957e-06 0.000305996 0.00339761 0.000114033 -0.000435072 -0.000581247 -0.000742309 -0.000535263 -0.000754544 -0.000570836 -0.00306724 -0.000275985 -0.000518064 -0.00226 -0.00353395 -6.5435e-05 -0.000308921 0.000407872 -0.000178607 0.000632522 -0.0017666 -0.00304137 -5.14043e-06 -0.00238137 0.00016256 -9.06363e-05 0.00283882
internal_weight=1760 55 1705 1684 975 57 918 709 687 664 631 594 568 60 508 480 99 79 381 361 242 211 155 119 79 895 59 836 735 51
internal_count=1760 55 1705 1684 975 57 918 709 687 664 631 594 568 60 508 480 99 79 381 361 242 211 155 119 79 895 59 836 735 51
is_linear=0
shrinkage=0.05


Tree=188
num_leaves=31
num_cat=0
split_feature=91 307 245 91 127 301 205 173 8 325 325 301 229 229 281 300 326 217 142 107 103 208 197 202 107 96 173 219 334 315
split_gain=0.0691386 0.158022 0.141586 0.0969731 0.21888 0.184644 0.135199 0.110379 0.103613 0.123026 0.278636 0.464381 0.215439 0.214326 0.251242 0.23947 0.179167 0.203607 0.195975 0.177358 0.184224 0.176073 0.205185 0.230221 0.23528 0.203302 0.169088 0.215747 0.172566 0.15466
threshold=0.14745610802328704 -0.025817333001467321 -0.0023356529185349774 0.094059338084064345 0.0089776398485376888 -0.0048694863037587353 -0.002201221301501004 -0.073183740124007496 0.39208074534161497 0.0073113391617234819 0.011725508768525862 0.017599936514698624 0.0013253076665517447 0.013308071081080047 -0.044153225136239392 -0.039864157151487549 0.025590338106414121 -0.032073525782495983 -0.019607439894008507 0.0032852485270331634 -0.033640073860328377 0.0014550137237702174 0.012630399616021144 -0.0067145427410080999 0.0048615145654806189 0.0010248519626076646 -0.0084840531275947369 -0.0059474983199008027 -0.008568650743708885 0.02027750532660318
decision_type=2 2 2 2 2 2 2 2 2 2 2 2 2 2 2 2 2 2 2 2 2 2 2 2 2 2 2 2 2 2
left_child=3 -2 -3 7 5 -5 -6 -1 9 16 11 12 -11 15 -15 -12 29 -18 -19 20 -16 26 23 -23 -25 -24 28 -28 -17 -9
right_child=1 2 -4 4 6 -7 -8 8 -10 10 13 -13 -14 14 19 21 17 18 -20 -21 -22 22 25 24 -26 -27 27 -29 -30 -31
leaf_value=-0.0034010687338498734 0.0020248960946565092 -0.00059475306033467254 -0.0056896018125116828 0.00022880631610557126 -0.0039390710330652915 0.0056366125249616358 0.0012213729818662008 -0.00039368658967040351 0.0026300456228577911 -0.0021461353753693402 -0.0028317426676221658 0.008564072246318338 0.0037517034825092807 0.003257477737846784 -0.00031247137072072792 0.0056404731244335633 0.004508204056251356 0.0039165687348161433 -0.00077305852009385077 -0.00057504225581851644 -0.0058954038310589062 -7.000378973316401e-05 0.0032748358602554583 0.008584942724414622 0.0024118520965767578 -0.0033731704679034326 0.0014187883161074029 -0.0036117051708254412 0.0003726704481040251 -0.0022150825400804653
leaf_weight=24 23 30 25 27 22 38 30 594 37 32 40 27 30 25 22 22 34 28 109 80 45 24 23 33 29 23 39 47 53 145
leaf_count=24 23 30 25 27 22 38 30 594 37 32 40 27 30 25 22 22 34 28 109 80 45 24 23 33 29 23 39 47 53 145
internal_value=-1.11815e-11 -0.00145526 -0.00291059 6.74851e-05 0.00145599 0.00339029 -0.000961892 -3.63199e-05 1.60837e-05 -4.82225e-05 0.000511499 0.00309106 0.000707658 5.6883e-05 -0.00137636 0.000797177 -0.000413579 0.00104491 0.000185405 -0.00216443 -0.0040622 0.00129259 0.00264625 0.00408799 0.00569753 -4.91673e-05 0.000182761 -0.00133043 0.00191789 -0.000751065
internal_weight=1760 78 55 1682 117 65 52 1565 1541 1504 594 89 62 505 172 333 910 171 137 147 67 293 132 86 62 46 161 86 75 739
internal_count=1760 78 55 1682 117 65 52 1565 1541 1504 594 89 62 505 172 333 910 171 137 147 67 293 132 86 62 46 161 86 75 739
is_linear=0
shrinkage=0.05


Tree=189
num_leaves=31
num_cat=0
split_feature=8 8 186 186 318 299 311 131 140 325 336 317 97 306 153 93 156 247 272 302 209 257 99 275 145 275 129 287 236 81
split_gain=0.0689535 0.214332 0.0913011 0.236171 0.341575 0.228588 0.315709 0.239794 0.237929 0.200585 0.202543 0.192337 0.276901 0.309072 0.257066 0.241873 0.189846 0.195314 0.223536 0.278196 0.20232 0.187236 0.180277 0.170404 0.172567 0.167661 0.167229 0.16546 0.290891 0.312794
threshold=0.47722567287784684 0.39208074534161497 -0.0024898893881656848 0.0061669353159313897 -0.029458717294053187 0.021939622995057011 0.0052525397126937613 -0.0061379007543527755 -0.03052745187618602 -0.06032674054203984 -0.054540084819807516 -0.0014534455626145106 -0.026366395256313343 -0.0013530981063429798 0.0040216867494556512 -0.018515566736754478 0.0030132497167313318 0.04706188141009738 0.031857324313376269 -0.014656178460523554 0.017034078276295776 0.0049345957571980282 -0.061408427370786646 -0.029876866049912524 0.00044481176337446513 -0.036897081172208822 0.0041416289151519894 -0.002249826496089524 -0.018112100625568572 -0.50295692116047397
decision_type=2 2 2 2 2 2 2 2 2 2 2 2 2 2 2 2 2 2 2 2 2 2 2 2 2 2 2 2 2 2
left_child=1 2 9 4 26 8 7 -7 -6 -1 -11 21 13 -13 15 -14 27 18 20 -20 -18 -10 -22 24 -5 -26 -4 28 -12 -30
right_child=-2 -3 3 23 5 6 -8 -9 11 10 16 12 14 -15 -16 -17 17 -19 19 -21 22 -23 -24 -25 25 -27 -28 -29 29 -31
leaf_value=0.004350378594937779 -0.0027197427488278229 0.0049398273906924514 0.008628949640496146 -0.00066151940516884569 -0.0042808313878984856 0.0017924727242312989 -0.0017744997965304982 0.0089498924557119604 0.0038344740869819581 -0.0044322353999384423 -0.00095989553839899606 0.0068332336504351018 -0.0081618674264367051 -0.0012925843251869083 0.00084315330093930963 -0.0015217235808449915 -0.0052314819845681393 0.0019544040477762793 -0.00078257604269310838 -0.0088456589576747756 -0.0041312691980912803 -0.00029489347919266912 1.2897265113737675e-05 -0.00080268049174027291 0.0012589475270673306 0.0063566104873366974 0.0023910443494308065 -0.00046769533145596225 0.0088392699602991339 0.0017470736065352301
leaf_weight=21 23 22 21 69 28 22 21 25 66 33 55 22 24 25 41 32 27 40 20 23 31 47 171 467 54 23 22 210 22 53
leaf_count=21 23 22 21 69 28 22 21 25 66 33 55 22 24 25 41 32 27 40 20 23 31 47 171 467 54 23 22 210 22 53
internal_value=6.96745e-13 3.60127e-05 -2.68934e-05 0.00027827 0.00123002 0.000717493 0.00332231 0.00559961 9.59925e-05 -0.000463026 -0.000610591 0.000572845 -0.000638848 0.00251099 -0.00216506 -0.0043675 -0.000417164 -0.00130782 -0.00178756 -0.00509539 -0.00116644 0.00211695 -0.000623089 -0.00033656 0.00115439 0.00278163 0.00543746 0.000400143 0.00180204 0.00382745
internal_weight=1760 1737 1715 1009 396 353 68 47 285 706 685 257 144 47 97 56 652 312 272 43 229 113 202 613 146 77 43 340 130 75
internal_count=1760 1737 1715 1009 396 353 68 47 285 706 685 257 144 47 97 56 652 312 272 43 229 113 202 613 146 77 43 340 130 75
is_linear=0
shrinkage=0.05


Tree=190
num_leaves=31
num_cat=0
split_feature=177 330 294 332 270 199 181 291 185 86 318 307 307 242 97 216 310 322 163 331 181 230 302 323 82 290 269 217 193 175
split_gain=0.0668911 0.115699 0.115137 0.0902923 0.093485 0.0881337 0.163259 0.233524 0.229893 0.222074 0.189816 0.179726 0.290021 0.227229 0.310598 0.208344 0.278786 0.289162 0.176833 0.237149 0.274253 0.259356 0.17299 0.172945 0.16922 0.167964 0.162663 0.160797 0.321563 0.229815
threshold=-0.039885073524617932 0.020059238294057809 0.087196817966348206 -0.013644159197228301 0.0087468299106993764 0.00060291079572162174 -0.020048292685787637 -0.019370826443471486 -0.020291273990831537 0.0081329067554934374 0.02384969003636369 -0.0071702493619530318 -0.0035592348882451819 0.021357958252862293 -0.019950849782031491 -0.002237705586311446 -0.00029935931096702428 0.0012629823033566562 0.018400043066043242 0.0057983093527791468 0.0018260299973281186 -0.00096555391709834688 0.015634129854208052 0.015063719264652307 -0.10927919990130054 0.0013109778730218673 -0.026093207380458627 -0.0014559972188747953 -0.011927049808366974 -0.024581422383800528
decision_type=2 2 2 2 2 2 2 2 2 2 2 2 2 2 2 2 2 2 2 2 2 2 2 2 2 2 2 2 2 2
left_child=1 3 5 -1 -5 6 7 9 -9 -2 11 15 -13 18 -15 16 17 -8 19 21 -21 -14 -16 -10 -12 -23 -17 29 -29 -7
right_child=2 -3 -4 4 -6 27 10 8 23 -11 24 12 13 14 22 26 -18 -19 -20 20 -22 25 -24 -25 -26 -27 -28 28 -30 -31
leaf_value=0.0024728975363541399 0.0077124031853269452 0.0038299833975906951 -0.0035207504940141612 0.00052914891738253529 -0.0036754034401383254 -0.0046030234470362625 0.0020008221406689181 -0.0049979102006182073 0.0022641222673965701 0.00060808997910829609 -0.0065561427734792234 -0.0054779918255834755 0.0015508832600122941 0.0068691955081054152 0.0014376214195296847 0.0029047390823030757 -0.00025125605450874127 0.0094223059359050936 0.0010735457763075829 -0.0077475885156838399 -0.0013013861465768777 -0.0052890412569468028 -0.0039925584732554854 -0.0026190616567619146 -0.0016420108568042432 -0.00017593929720721368 -0.0021296373883053416 -0.0011916340455709862 0.0017654118516171975 -7.1429589520718005e-05
leaf_weight=30 22 30 24 39 20 31 35 20 66 22 22 33 60 21 55 21 54 21 57 33 33 36 20 25 86 29 68 127 333 287
leaf_count=30 22 30 24 39 20 31 35 20 66 22 22 33 60 21 55 21 54 21 57 33 33 36 20 25 86 29 68 127 333 287
internal_value=5.1928e-12 0.00114467 -8.30074e-05 0.000239502 -0.000896123 -3.19834e-05 -0.000387447 0.00107773 -0.000144168 0.00416025 -0.000719468 -0.000358798 -0.00100048 -0.000570953 0.00149449 0.000856852 0.00231209 0.00478388 -0.00137048 -0.00209985 -0.00452449 -0.000819638 -1.04266e-05 0.000922588 -0.00264304 -0.00300781 -0.000941751 0.00035135 0.00094901 -0.000513189
internal_weight=1760 119 1641 89 59 1617 839 155 111 44 684 576 377 344 96 199 110 56 248 191 66 125 75 91 108 65 89 778 460 318
internal_count=1760 119 1641 89 59 1617 839 155 111 44 684 576 377 344 96 199 110 56 248 191 66 125 75 91 108 65 89 778 460 318
is_linear=0
shrinkage=0.05


Tree=191
num_leaves=31
num_cat=0
split_feature=52 295 67 147 147 293 323 141 297 186 1 293 209 273 131 109 278 198 251 121 299 261 293 296 226 181 196 207 326 174
split_gain=0.0691459 0.20016 0.195357 0.0757864 0.213054 0.231992 0.25717 0.240046 0.175038 0.202254 0.167345 0.207105 0.153158 0.155603 0.246168 0.236496 0.201872 0.166575 0.154006 0.220255 0.181161 0.167029 0.161055 0.152161 0.188796 0.169705 0.157742 0.218017 0.244974 0.178144
threshold=1.4978661367769956 -0.010028415353348539 2.6735537653587347 0.0013333987907460933 0.0055546372128806509 0.0012563262592671081 -0.016262621362774732 1.0000000180025095e-35 0.015711556535891413 -0.0021643043042005655 5.0139575654555903 0.00017233485057915809 0.69065987034923215 1.0000000180025095e-35 -0.022784789850564254 -0.0072474234127678436 0.044438121936032283 0.0067334618968210207 -0.0014541998813517093 -0.0010233717266288926 0.0033443417493425535 0.01138316579704928 0.011794820888251895 -0.017692840785745827 -0.0013687635010424738 0.0023589201662828113 0.01700042496175003 -0.013198112807475253 -0.011104300457755215 0.015330974297097283
decision_type=2 2 2 2 2 2 2 2 2 2 2 2 2 2 2 2 2 2 2 2 2 2 2 2 2 2 2 2 2 2
left_child=2 -2 3 -1 5 6 -5 -8 9 -7 12 -12 13 14 15 -6 17 18 21 -20 -21 22 -16 24 -15 -26 27 -25 29 -29
right_child=1 -3 -4 4 10 8 7 -9 -10 -11 11 -13 -14 23 16 -17 -18 -19 19 20 -22 -23 -24 26 25 -27 -28 28 -30 -31
leaf_value=-0.00033219794555942877 0.0022452873829752209 -0.0040250529342197947 0.0048490283035096671 -0.00045093169707494481 0.00080477949052762529 -0.0039952348073711624 0.0096564695234005547 0.0030023513905083139 0.004051492883757289 0.0017192668172841272 -0.0010958757688058541 0.0049345996343929856 -0.0044036192745393653 -0.0019203337924316142 0.0049161028471248957 0.0079388089217467313 0.0038591917185112831 0.0015832994293305093 0.00034284994902986066 -0.008576431622813371 -0.0020013550121802839 -0.0029838229641663255 -0.0010678552196953784 0.0030845025726766503 4.2557408872606433e-05 0.0056639657192863527 -0.0045246474737359677 -0.0075390784822117821 -0.00034922851695208464 -0.0012623594421893359
leaf_weight=859 20 35 21 24 26 32 23 33 21 30 24 35 22 39 23 21 30 64 27 22 20 27 22 27 29 25 40 26 93 20
leaf_count=859 20 35 21 24 26 32 23 33 21 30 24 35 22 39 23 21 30 64 27 22 20 27 22 27 29 25 40 26 93 20
internal_value=3.22623e-12 -0.00174493 5.6288e-05 -3.47891e-06 0.000338787 0.00195807 0.00387943 0.00573529 0.000106167 -0.00123015 -5.99189e-05 0.00248152 -0.000308584 -0.000153523 0.000689038 0.00399232 2.83813e-05 -0.000532225 -0.00149246 -0.00318046 -0.00544544 0.000125199 0.00199061 -0.000948179 0.000730541 0.00264506 -0.00170605 -0.00102687 -0.00182548 -0.00481007
internal_weight=1760 55 1705 1684 825 163 80 56 83 62 662 59 603 581 282 47 235 205 141 69 42 72 45 299 93 54 206 166 139 46
internal_count=1760 55 1705 1684 825 163 80 56 83 62 662 59 603 581 282 47 235 205 141 69 42 72 45 299 93 54 206 166 139 46
is_linear=0
shrinkage=0.05


Tree=192
num_leaves=31
num_cat=0
split_feature=109 163 109 198 163 8 8 257 328 311 290 96 134 297 292 236 249 324 192 192 143 242 304 95 279 105 1 170 170 86
split_gain=0.0642757 0.160186 0.119538 0.104302 0.129576 0.0986421 0.173482 0.0905562 0.188733 0.201261 0.097203 0.164996 0.0979524 0.0946402 0.121767 0.11351 0.219732 0.128598 0.111195 0.175032 0.22353 0.22946 0.251733 0.241793 0.159205 0.265783 0.312682 0.184261 0.209412 0.199119
threshold=-0.073678408423036953 -0.022517372869408664 -0.064019399514233924 0.0075576262108128745 -0.00070136672020971221 0.47722567287784684 0.39208074534161497 -0.044892529733773903 -0.0038600492934182397 -0.010063771591305845 -0.071915091660685368 0.0022228604646495312 0.093796453243531419 -0.067275794918074117 -0.084576077313921708 -0.077011733683491165 -0.010008802851021055 -0.0019335625521693925 -0.0099697456839188923 -0.0045863501080625462 0.014918473114680338 0.029821594221793736 0.012331846745989595 0.0067060659325789331 0.014724826495021659 0.011880784016127688 4.4127799275304271 0.0012626965656589203 1.0000000180025095e-35 -0.099146320842880012
decision_type=2 2 2 2 2 2 2 2 2 2 2 2 2 2 2 2 2 2 2 2 2 2 2 2 2 2 2 2 2 2
left_child=1 -1 -2 4 -3 6 7 8 9 -4 11 -9 13 -12 -15 16 -16 -18 -17 20 21 22 23 -20 27 -26 -27 28 -21 -29
right_child=2 3 5 -5 -6 -7 -8 10 -10 -11 12 -13 -14 14 15 18 17 -19 19 24 -22 -23 -24 -25 25 26 -28 29 -30 -31
leaf_value=-0.0045905486752207464 0.0038298675757167597 0.00076961165682672909 0.0071091281067903926 0.0022180563484829282 -0.0037798964843988934 -0.003456573457224295 0.0047042952431365845 0.00023724078843048938 -0.00026269632147012063 0.00084604107421533826 -0.0020974532833788542 -0.0055050071561709053 -0.0031841806087565296 0.0038956281817739921 0.0057562372074462477 -0.00084379814790193439 0.0026144761083802832 -0.0018768792355652241 0.0027563987771753928 -5.8657788911236567e-05 -0.0022898754812087172 0.0069007825410853209 0.0059835730896641813 -0.0032299918005235435 -0.00025721406727097928 0.0011676360563551253 0.0086948729677136394 -0.0042286535707750815 0.0050936130230270684 -0.00075546447922741726
leaf_weight=26 21 34 23 31 29 20 20 29 79 29 50 22 24 21 25 335 30 34 37 324 27 26 24 31 100 37 22 54 21 175
leaf_count=26 21 34 23 31 29 20 20 29 79 29 50 22 24 21 25 335 30 34 37 324 27 26 24 31 100 37 22 54 21 175
internal_value=-1.19055e-12 -0.00111704 8.17346e-05 -0.000156281 -0.00132461 3.31177e-05 7.67661e-05 1.81527e-05 0.00127704 0.00361625 -9.57383e-05 -0.00223981 -1.74652e-05 3.78889e-05 0.00011859 5.76697e-05 0.00178119 0.000228444 -6.87885e-05 0.000226916 0.00181418 0.00275325 0.00158112 2.7309e-05 -8.7073e-05 0.00131301 0.0039744 -0.0004749 0.000254959 -0.00157447
internal_weight=1760 120 1640 94 63 1619 1599 1579 131 52 1448 51 1397 1373 1323 1302 89 64 1213 878 145 118 92 68 733 159 59 574 345 229
internal_count=1760 120 1640 94 63 1619 1599 1579 131 52 1448 51 1397 1373 1323 1302 89 64 1213 878 145 118 92 68 733 159 59 574 345 229
is_linear=0
shrinkage=0.05


Tree=193
num_leaves=31
num_cat=0
split_feature=244 244 325 222 10 84 275 283 262 270 250 249 189 287 303 267 157 157 207 222 300 81 319 130 300 129 252 195 129 197
split_gain=0.0636047 0.188186 0.251812 0.140643 0.245908 0.216791 0.210182 0.221422 0.205977 0.181521 0.256887 0.315329 0.238221 0.277752 0.174884 0.161068 0.152834 0.15336 0.190054 0.188205 0.237432 0.156009 0.137259 0.134972 0.235737 0.199253 0.191548 0.180491 0.177436 0.313592
threshold=0.003269046450515253 0.0015185031925778047 0.0031467367078048428 0.003799802940624754 0.2198901098901099 0.31169920526964517 0.0030292354939438892 0.017998742120554637 0.0065480748486839825 -0.00037543673748778692 -0.029829555237298491 0.0071709989620244727 -0.004869777004499724 -0.0012721726904897149 0.0046898299781642167 0.0003759088530275531 0.031520583159453122 0.017310378692269989 0.007152612721619777 0.001001535375108981 -0.0045048410685782957 -0.51023367092153304 0.058716471493671631 -0.031329290646056898 0.011716625599590443 0.047109303324938658 0.00125600486863941 -0.0095702646110917937 0.022783240645849013 -0.012797353308490881
decision_type=2 2 2 2 2 2 2 2 2 2 2 2 2 2 2 2 2 2 2 2 2 2 2 2 2 2 2 2 2 2
left_child=1 3 -3 5 6 16 9 8 14 12 -11 -12 15 -14 -8 -5 17 19 -19 21 -21 -1 23 24 -2 27 -26 -25 -29 -30
right_child=22 2 -4 4 -6 -7 7 -9 -10 10 11 -13 13 -15 -16 -17 -18 18 -20 20 -22 -23 -24 25 26 -27 -28 28 29 -31
leaf_value=0.0031887394213823209 -0.0004236644171214721 5.1225314813631555e-05 0.0072575297714634378 0.0029523761322100958 -0.0060414034547284249 0.0046010739868506791 -0.0083443340673111377 0.00087945940113573712 -0.00084879774646833537 0.0043038387503474959 0.0002088718116283417 -0.006429738528957521 0.0087012017087545242 0.0012856930893446719 -0.0024302098602056506 -0.0029350816281154182 -0.0019913926726344545 0.0054082672581509022 -0.00029967971146106721 -0.00023774793403895779 0.0063931608115564342 -0.00041841566278511981 0.0029200117794736741 -0.0013217016446941095 -0.0012382591608911754 -0.0031981151478248648 -0.0072104966235828809 0.0002288833767390865 0.007958408269967715 0.00074950203118836123
leaf_weight=33 112 27 22 21 20 32 25 53 50 20 53 27 23 28 25 26 61 35 25 27 27 327 31 147 25 48 29 311 22 48
leaf_count=33 112 27 22 21 20 32 25 53 50 20 53 27 23 28 25 26 61 35 25 27 27 327 31 147 25 48 29 311 22 48
internal_value=4.46469e-12 0.000266005 0.00328671 0.000108207 -0.000648683 0.000603456 -0.000341405 -0.00173328 -0.00311803 0.000734136 -0.00076456 -0.00203166 0.00226342 0.00462994 -0.00538727 -0.000304515 0.000364346 0.000667511 0.00302996 0.000325127 0.00307771 -8.77598e-05 -0.000339647 -0.000475832 -0.001732 -0.000113812 -0.00444557 0.000166579 0.000740797 0.00301516
internal_weight=1760 987 49 938 371 567 351 153 100 198 100 80 98 51 50 47 535 474 60 414 54 360 773 742 166 576 54 528 381 70
internal_count=1760 987 49 938 371 567 351 153 100 198 100 80 98 51 50 47 535 474 60 414 54 360 773 742 166 576 54 528 381 70
is_linear=0
shrinkage=0.05


Tree=194
num_leaves=31
num_cat=0
split_feature=231 290 248 108 153 245 167 281 215 87 8 8 149 293 149 309 110 321 180 269 1 229 310 334 140 127 324 255 188 243
split_gain=0.0630142 0.139434 0.166396 0.0790064 0.268182 0.246497 0.223712 0.216501 0.187803 0.166935 0.136127 0.126393 0.119867 0.159257 0.138666 0.135705 0.120928 0.231407 0.225336 0.20535 0.229056 0.201139 0.200323 0.174134 0.161082 0.162086 0.223131 0.218564 0.168573 0.157605
threshold=0.092265538286202708 0.0015368734724337414 -0.0027492021878717282 0.04637982593261436 -0.012987471721018317 0.027465086297983093 0.0077026213563362598 0.012840930488132335 0.0043907664153391293 0.0642701915810302 0.46805273833671407 0.34450549450549456 0.043791688844415776 -0.016817618918239307 0.03685185050087262 -0.029291735835445313 -0.0010670550100906936 0.0073338563365571248 -0.021544786226606893 0.0075334370651959862 4.3107766033702406 0.0082121958680746281 -0.0078110506687433636 -0.0407037105932887 0.0076650837444167614 0.009261347224666967 0.01616404156861492 0.016865796158881393 -0.00066266179209917536 -0.0023330407160280851
decision_type=2 2 2 2 2 2 2 2 2 2 2 2 2 2 2 2 2 2 2 2 2 2 2 2 2 2 2 2 2 2
left_child=3 -2 -3 10 5 7 9 -5 -8 -6 11 12 14 -14 16 -15 -1 23 -19 21 -21 29 -23 -18 25 28 27 -27 -25 -20
right_child=1 2 -4 4 6 -7 8 -9 -10 -11 -12 -13 13 15 -16 -17 17 18 19 20 -22 22 -24 24 -26 26 -28 -29 -30 -31
leaf_value=-0.00066999764165750022 -0.0037353065137618355 -0.0025813815194520762 0.0035681850943629721 0.0077082361066431711 6.4192263074393316e-06 -0.0010960769786668772 -0.0055197426086912556 0.0012139637522133335 0.00064529348940898981 0.0043429235521346404 -0.0040781447320200857 0.003134632555227126 0.0047874946009229735 -0.0032237229077145459 -0.0027944013515176875 0.0014052128329670891 0.0036019401904643297 -0.0021708209392134891 0.00062671211651629875 0.0015975204072534465 0.0081727372728184703 -0.0049563983164262028 0.0011472992547901302 -0.00055676834163023161 0.00071607472350542975 0.0036369163795631934 -0.0033930936165041097 -0.0018828233029564907 -0.0040918806415843455 0.0052144895534580338
leaf_weight=557 35 22 22 33 107 22 30 21 21 28 21 31 27 20 51 76 26 33 36 26 27 20 41 60 142 47 33 29 77 39
leaf_count=557 35 22 22 33 107 22 30 21 21 28 21 31 27 20 51 76 26 33 36 26 27 20 41 60 142 47 33 29 77 39
internal_value=1.92337e-12 -0.00138008 0.000493402 6.48579e-05 0.000862591 0.00336515 -0.000159959 0.00518269 -0.0029812 0.000905842 -8.24333e-05 -2.24119e-05 -9.40055e-05 0.00139499 -0.00024123 0.000440851 -0.000132083 0.000339015 0.00164144 0.00230708 0.00494716 0.00127822 -0.000853913 -0.000359388 -0.000624838 -0.00139886 4.00101e-05 0.0015307 -0.00254366 0.00301236
internal_weight=1760 79 44 1681 262 76 186 54 51 135 1419 1398 1367 123 1244 96 1193 636 222 189 53 136 61 414 388 246 109 76 137 75
internal_count=1760 79 44 1681 262 76 186 54 51 135 1419 1398 1367 123 1244 96 1193 636 222 189 53 136 61 414 388 246 109 76 137 75
is_linear=0
shrinkage=0.05


Tree=195
num_leaves=31
num_cat=0
split_feature=210 324 210 255 304 167 110 81 287 1 195 157 110 165 206 322 162 300 277 217 234 195 213 286 178 178 313 135 90 268
split_gain=0.0632359 0.193116 0.0947259 0.172047 0.221115 0.137072 0.0877656 0.080784 0.0932841 0.188586 0.290672 0.163061 0.153239 0.150095 0.192267 0.151299 0.146369 0.139782 0.174501 0.141568 0.221586 0.141445 0.181228 0.244503 0.181167 0.182582 0.176619 0.258071 0.185191 0.212973
threshold=0.020398707923847934 -0.0083814587878951602 0.017276416138774311 0.0052958825929490094 0.0022565769015407467 -0.0042378025195428095 -0.12582806544999117 -0.70910282408126912 -0.0091884895164402926 4.7405652883788738 -0.0023372590574323509 0.020300706253977664 -0.052040602536605342 -0.036987690632122087 0.016343896081584579 0.011956621316819202 -0.015307550608202531 0.050121497269384634 0.0083077483818861254 -0.11224116876637345 -0.0065549156193692093 0.0049373843403078882 -0.0074070518421365328 0.01773653471014482 0.014473347878502432 -0.0038182432499741371 0.014280987960230565 -0.009004113931418296 -0.0093368063030875494 0.0028485857244588218
decision_type=2 2 2 2 2 2 2 2 2 2 2 2 2 2 2 2 2 2 2 2 2 2 2 2 2 2 2 2 2 2
left_child=2 -2 6 4 -4 -5 -1 -8 9 11 -11 12 -9 14 15 -10 -14 19 -19 20 -15 24 23 -23 25 -21 28 -28 -27 -30
right_child=1 -3 3 5 -6 -7 7 8 13 10 -12 -13 16 17 -16 -17 -18 18 -20 21 -22 22 -24 -25 -26 26 27 -29 29 -31
leaf_value=-0.0026290547597454862 0.0022140177804976699 -0.0039778511108392303 -0.0041188380829143252 0.0069907014560885734 0.0024354348004224802 0.0012069186423018222 -0.0024320365257815206 0.0039078681120265496 0.001962287871934035 0.0068300426664665865 0.00051433232004697226 -0.0014894138819510289 -0.0013566162679187451 -0.00035486967373050423 0.0060331128825782806 -0.0030803747186880738 0.00099848072612860727 -0.004974401752567954 0.00034308415251197637 -0.0002843199387047507 0.0060851042285900228 -0.001468902342294685 -0.00058615593161969349 -0.0077179929605968624 -0.001461659457725711 0.00133617924150537 -0.0047822853992693128 0.0028378182128071788 0.0024785993174494553 0.0094647568371146931
leaf_weight=32 20 34 22 20 31 21 33 34 51 29 49 109 89 34 20 21 255 36 27 194 22 49 227 23 132 57 20 25 24 20
leaf_count=32 20 34 22 20 31 21 33 34 51 29 49 109 89 34 20 21 255 36 27 194 22 49 227 23 132 57 20 25 24 20
internal_value=2.58328e-12 -0.00168457 5.33216e-05 0.00159621 -0.000285207 0.00402828 -3.66481e-05 1.58563e-05 6.80738e-05 0.000579945 0.00286248 0.000214364 0.000705665 -0.000226434 0.00169621 0.000491511 0.000389168 -0.000425179 -0.00269548 -0.00025223 0.00217512 -0.000428536 -0.00127942 -0.00346514 0.00011048 0.000720839 0.00205646 -0.000548895 0.00321726 0.00565413
internal_weight=1760 54 1706 94 53 41 1612 1580 1547 565 78 487 378 982 92 72 344 890 63 827 56 771 299 72 472 340 146 45 101 44
internal_count=1760 54 1706 94 53 41 1612 1580 1547 565 78 487 378 982 92 72 344 890 63 827 56 771 299 72 472 340 146 45 101 44
is_linear=0
shrinkage=0.05


Tree=196
num_leaves=31
num_cat=0
split_feature=324 0 215 193 7 193 183 164 160 135 270 298 316 156 278 158 216 296 293 268 296 324 281 284 160 187 244 209 95 1
split_gain=0.0654462 0.193929 0.14704 0.146306 0.206626 0.164426 0.132633 0.168894 0.125594 0.149526 0.133298 0.12087 0.127646 0.118493 0.305096 0.14987 0.143459 0.120997 0.144252 0.158748 0.167387 0.194337 0.159885 0.146064 0.140461 0.225342 0.284271 0.189769 0.18457 0.179145
threshold=-0.017021318057822251 3.8176519431297078 -0.092758616100516014 -0.0054940050667121416 0.76729779874213844 -0.0021966836344637147 0.026725648078085407 0.022581478380234919 0.0046198458301232861 -0.011161996944970635 -0.017054834542000488 0.023690157084027396 -0.010543217405235774 0.0447082010646924 -0.029556533565180173 0.050067665283920745 -0.015635505282423776 0.026928756648883622 -0.052644240974682892 0.027428427821479254 0.056115258635680863 -0.0019335625521693925 0.015575644688900462 0.012291251658067848 -0.007674506020736902 -0.0026915499218422129 0.042320175316333329 0.74947441893267741 -0.039017555687436152 4.816232960488728
decision_type=2 2 2 2 2 2 2 2 2 2 2 2 2 2 2 2 2 2 2 2 2 2 2 2 2 2 2 2 2 2
left_child=1 -1 -3 4 6 -5 7 11 9 -7 -10 12 -4 15 -15 17 -16 24 -19 20 21 -20 23 -22 25 27 28 29 -27 -2
right_child=13 2 3 5 -6 8 -8 -9 10 -11 -12 -13 -14 14 16 -17 -18 18 19 -21 22 -23 -24 -25 -26 26 -28 -29 -30 -31
leaf_value=-0.0053341510158497847 -0.00011447924605755393 -0.0044827290880493824 -0.0033567432221025227 0.0039753090657265577 -0.0043629644677275793 0.0010944209269624441 0.0031938572454711664 0.0031274076108820737 -0.0016442121145351287 -0.0026717106809761998 0.0025103506818413735 -0.0047409442149930533 0.0014115869271336123 0.0067594940080501452 0.0034209899382577056 -0.0025216326784747826 -0.0017048826160578009 -0.0045924429579273516 0.0023891832476722139 -0.0033656233345697585 0.0037331529869697993 -0.0022580980002403078 0.0057860127827596107 -0.0019503952263711162 -5.5589408790887496e-06 0.0052011962033688061 0.008260129592381418 -0.0040808386402204633 0.0007637173376375965 0.0044775128731719006
leaf_weight=20 116 20 25 33 40 47 23 20 26 60 75 27 32 24 21 54 39 23 31 38 20 82 21 26 620 31 20 24 96 26
leaf_count=20 116 20 25 33 40 47 23 20 26 60 75 27 32 24 21 54 39 23 31 38 20 82 21 26 620 31 20 24 96 26
internal_value=7.88434e-12 -0.000521776 -0.000296898 -9.17105e-05 -0.00122913 0.000696461 -0.000242098 -0.00100197 0.000176259 -0.00101743 0.00144086 -0.00198516 -0.000679786 0.000178167 0.00199498 5.38903e-05 8.91728e-05 0.000172356 -0.000826391 -0.000429055 0.000190887 -0.00098318 0.00217103 0.000520713 0.000430338 0.00129378 0.00271943 3.12989e-05 0.00184688 0.000726308
internal_weight=1760 448 428 408 167 241 127 104 208 107 101 84 57 1312 84 1228 60 1174 241 218 180 113 67 46 933 313 147 166 127 142
internal_count=1760 448 428 408 167 241 127 104 208 107 101 84 57 1312 84 1228 60 1174 241 218 180 113 67 46 933 313 147 166 127 142
is_linear=0
shrinkage=0.05


Tree=197
num_leaves=31
num_cat=0
split_feature=109 163 109 240 261 329 8 8 257 141 116 85 189 290 96 155 91 199 319 281 136 123 132 331 197 110 293 85 330 214
split_gain=0.0595699 0.138425 0.101723 0.0932306 0.1385 0.148082 0.0762354 0.136306 0.0773121 0.173761 0.164491 0.161666 0.118197 0.0840965 0.141875 0.0900733 0.103092 0.131325 0.0901759 0.217574 0.149906 0.177617 0.176377 0.134762 0.188544 0.188744 0.171726 0.267568 0.225298 0.32474
threshold=-0.073678408423036953 -0.022517372869408664 -0.064019399514233924 -0.019066133337835092 0.0099862868653850956 0.0038195095134516918 0.47722567287784684 0.39208074534161497 -0.044892529733773903 -0.010789697847652022 0.019098411551172742 0.31716185447940765 0.008367697743507329 -0.071915091660685368 0.0022228604646495312 -0.04880134576241154 0.046278605489906498 -0.0019494044656698526 0.032902553726390914 -0.029291072990520198 -0.0080185879272450123 0.0037429049889926851 -0.0033680639051420908 -0.01186204563219392 0.026514222312233948 0.0011738513382520087 -0.0019697995309034331 0.25194230689588376 -0.0056852456823184381 -0.012650017765581558
decision_type=2 2 2 2 2 2 2 2 2 2 2 2 2 2 2 2 2 2 2 2 2 2 2 2 2 2 2 2 2 2
left_child=1 -1 -2 -3 5 -5 7 8 9 -4 11 12 -11 14 -10 16 17 -15 23 -20 22 -22 -21 -17 26 -26 28 -28 29 -25
right_child=2 3 6 4 -6 -7 -8 -9 13 10 -12 -13 -14 15 -16 18 -18 -19 19 20 21 -23 -24 24 25 -27 27 -29 -30 -31
leaf_value=-0.004304336179764225 0.00353626494927864 0.0028466548654250802 0.0042592362880788963 0.003649798110605347 -0.0037734247802291066 -0.002029357381979935 -0.0030340125062502925 0.0041740482044406238 0.00021767813977303691 -0.000288645763976092 0.0041453756805640302 0.00292370529146865 -0.0048771011866629126 -0.0005538369603787682 -0.0051070564193651082 0.00069608424236280932 0.0010442708677146585 -0.0055396067909896374 -0.0020245167055691128 0.0011683406637166627 0.0033794418144167046 -0.0013065088601295083 0.0075885133306576834 -0.0027357348699089405 -0.00031610913415947424 0.0046038274839520455 -0.00030238689384349334 0.0052764002598174251 -0.0027294022826794793 0.0017728580912995723
leaf_weight=26 21 20 34 22 28 24 20 20 29 32 20 20 25 28 22 383 24 25 40 20 39 42 23 70 44 35 328 23 180 93
leaf_count=26 21 20 34 22 28 24 20 20 29 32 20 20 25 28 22 383 24 25 40 20 39 42 23 70 44 35 328 23 180 93
internal_value=-4.1334e-12 -0.00107537 7.86857e-05 -0.000182253 -0.00100088 0.00068676 3.38375e-05 7.22097e-05 2.02548e-05 0.00118345 0.000105334 -0.000944027 -0.00230113 -8.49787e-05 -0.00207927 -1.21737e-05 -0.00167448 -0.00290562 8.47943e-05 0.00118199 0.00221635 0.00094969 0.00460239 -7.08636e-05 -0.000450865 0.00186361 -0.000714328 6.31747e-05 -0.00150997 -0.000163347
internal_weight=1760 120 1640 94 74 46 1619 1599 1579 131 97 77 57 1448 51 1397 77 53 1320 164 124 81 43 1156 773 79 694 351 343 163
internal_count=1760 120 1640 94 74 46 1619 1599 1579 131 97 77 57 1448 51 1397 77 53 1320 164 124 81 43 1156 773 79 694 351 343 163
is_linear=0
shrinkage=0.05


Tree=198
num_leaves=31
num_cat=0
split_feature=268 106 106 211 88 232 121 0 330 299 8 163 194 330 231 225 163 322 148 152 333 289 0 257 324 209 117 288 262 169
split_gain=0.0590503 0.0699421 0.151772 0.168275 0.146727 0.178279 0.131422 0.121574 0.327437 0.119972 0.114244 0.117408 0.177204 0.236057 0.196741 0.18259 0.163781 0.163569 0.216062 0.155152 0.152814 0.169668 0.166702 0.128945 0.123891 0.283783 0.167381 0.239166 0.174067 0.173596
threshold=0.09938805795148388 -0.047232176920838372 -0.029562511381970837 -0.0059812318044617022 0.14971249837438996 0.0023050109959545984 0.018395439714689286 3.7726948748059121 -0.0033726469319819413 0.0060648911951537562 0.26360544217687082 0.013504374685526234 0.040030259389729157 0.0025842091249663494 -0.0013300436300376377 0.0012747506643172293 0.011582405755983049 -0.000136169732915118 -0.0048834049094611748 -0.021381361922059906 -0.027589479319591555 0.00831181457429476 5.9255909116924723 -0.0075812678952716771 0.014585224592842184 0.74139359098350688 -0.01430286669462026 0.0025753418416754009 0.0090226733667934569 -0.0087738495080707506
decision_type=2 2 2 2 2 2 2 2 2 2 2 2 2 2 2 2 2 2 2 2 2 2 2 2 2 2 2 2 2 2
left_child=1 4 3 6 5 -1 -3 8 -4 -7 11 16 13 14 -13 -16 19 18 -15 20 21 -9 -22 -20 -21 26 28 29 -26 -28
right_child=-2 2 7 -5 -6 9 -8 10 -10 -11 -12 12 -14 17 15 -17 -18 -19 23 24 22 -23 -24 -25 25 -27 27 -29 -30 -31
leaf_value=0.0017554244315263646 -0.0020042047665507806 -0.0044135012171895582 -0.0060618896536262972 0.00028988085700593032 0.0046847003935412924 0.00071737832364423453 -7.6809298247098936e-05 0.0008201220624700742 0.0013974489539020484 -0.0023237202059082098 0.0033973146139976091 0.0010876767127127906 -0.0034452143841744625 -0.0024388070441782473 0.0085335754789412025 0.0028668842490085149 -0.0032984486309578643 -0.002537686862051487 0.00052640476496890187 6.8981851388498231e-05 -0.00089802612382226398 0.0064791157747654676 0.003975540101616745 0.0060735573193100708 -0.0058384685604660602 -0.006377203829586506 -0.00094128288037609309 -0.0019735200025024825 0.00023110157898848969 0.0044376208953326576
leaf_weight=128 36 58 28 65 22 62 25 27 31 68 27 90 21 25 21 44 40 50 20 530 74 26 23 22 27 25 24 60 21 40
leaf_count=128 36 58 28 65 22 62 25 27 31 68 27 90 21 25 21 44 40 50 20 530 74 26 23 22 27 25 24 60 21 40
internal_value=-2.33399e-12 4.18511e-05 -9.8387e-05 -0.00161528 0.000765079 0.000430848 -0.00310727 7.48381e-05 -0.00214258 -0.00087335 0.0001806 0.000108822 0.000980141 0.0013218 0.00260154 0.00469766 -0.000169582 -0.000373574 0.00124144 -2.68741e-05 0.00143723 0.00359623 0.000257562 0.00343206 -0.000328958 -0.00139956 -0.000676062 0.000294378 -0.00318303 0.00242053
internal_weight=1760 1724 1444 148 280 258 83 1296 59 130 1237 1210 293 272 155 65 917 117 67 877 150 53 97 42 727 197 172 124 48 64
internal_count=1760 1724 1444 148 280 258 83 1296 59 130 1237 1210 293 272 155 65 917 117 67 877 150 53 97 42 727 197 172 124 48 64
is_linear=0
shrinkage=0.05


Tree=199
num_leaves=31
num_cat=0
split_feature=324 0 324 295 259 148 220 324 277 319 214 101 230 180 301 296 225 112 196 206 88 202 140 92 219 209 87 272 262 118
split_gain=0.0607375 0.164147 0.133453 0.13988 0.215536 0.154499 0.154045 0.147243 0.160169 0.140094 0.13653 0.127546 0.111236 0.120611 0.198136 0.181429 0.167459 0.150948 0.154141 0.149493 0.139953 0.144722 0.248921 0.259531 0.313204 0.199038 0.191343 0.139385 0.150995 0.194776
threshold=-0.017021318057822251 3.8176519431297078 -0.018153711987476406 0.010356384283917044 -0.01611334432246243 0.0067314544659570286 -0.0049769640961486823 -0.050161789489722552 0.0013105330588891225 0.022615872800433579 -0.016416152606728913 -0.0016407588696815156 -0.1052324338223221 -0.0091114577289080241 -0.066514371934207048 0.033476315838810729 -0.082185736555692404 -0.0077971511819774492 0.002965914275838252 -0.040832552510766 0.17767721491808011 0.00039629939393151384 0.026044219400706486 0.059304951261820713 0.0007918540105012825 0.013640143785420061 -0.1086054732045857 -0.044459021547045154 -0.0022906560896213055 -0.019585626539525385
decision_type=2 2 2 2 2 2 2 2 2 2 2 2 2 2 2 2 2 2 2 2 2 2 2 2 2 2 2 2 2 2
left_child=1 -1 3 4 9 -5 10 -8 -9 -3 -6 -7 -2 16 -15 19 -14 -17 -19 -16 21 22 23 -21 -25 -23 -27 -28 29 -29
right_child=12 2 -4 5 6 11 7 8 -10 -11 -12 -13 13 14 15 17 -18 18 -20 20 -22 25 -24 24 -26 26 27 28 -30 -31
leaf_value=-0.0049301147414371376 -0.0018955721288934472 0.0015449915584343087 -0.0036328238746916341 -8.6390822423152154e-05 -0.0010980425626039507 -0.0058709321006272849 0.0013430138619150967 -0.0050730856513837358 -0.00015682173504804573 0.0062539161182940013 0.0038005396914245052 -0.0010862804778541128 -0.0041885118598916698 0.0047376283111849006 0.0050271513056941337 -0.0032299091139326008 -0.00017175703652474062 -0.0015271084934716957 0.0034959743866541737 0.0010540841070003808 0.0031127231845737629 -0.0042215885703141493 -0.002234619936133002 0.0098425703268731016 0.0014478789255954326 0.0030485974663890325 0.0029268114075351221 0.0042327941041439771 -0.0023296189367642056 -0.0008549030453554895
leaf_weight=20 62 56 28 111 25 26 30 37 30 22 33 30 28 28 20 56 354 42 24 250 53 30 47 20 25 45 26 25 101 76
leaf_count=20 62 56 28 111 25 26 30 37 30 22 33 30 28 28 20 56 354 42 24 250 53 30 47 20 25 45 26 25 101 76
internal_value=1.70574e-12 -0.000502655 -0.000295764 -6.217e-05 0.000729416 -0.0011666 -0.000349366 -0.00156823 -0.00287177 0.00287315 0.00168908 -0.00330773 0.000171638 0.000274172 0.000599994 0.000462073 -0.000466179 -0.00132057 0.000299467 0.000764974 0.000642849 0.000439898 0.00114486 0.00168329 0.00517885 -0.000355802 6.90099e-05 -0.000519067 -0.000962596 0.000404428
internal_weight=1760 448 428 400 233 167 155 97 67 78 58 56 1312 1250 868 840 382 122 66 718 698 645 342 295 45 303 273 228 202 101
internal_count=1760 448 428 400 233 167 155 97 67 78 58 56 1312 1250 868 840 382 122 66 718 698 645 342 295 45 303 273 228 202 101
is_linear=0
shrinkage=0.05


Tree=200
num_leaves=31
num_cat=0
split_feature=286 300 140 286 273 106 278 328 245 328 91 272 164 293 119 164 96 295 146 172 93 1 134 116 169 126 126 126 251 285
split_gain=0.0578172 0.127248 0.120437 0.104956 0.104065 0.0912966 0.110613 0.0728291 0.0983926 0.0840079 0.0864982 0.148373 0.0918875 0.188906 0.196101 0.113613 0.236746 0.0941865 0.14753 0.154417 0.135348 0.229673 0.13524 0.132036 0.13804 0.12922 0.168939 0.167067 0.356569 0.186644
threshold=-0.055809718443156485 0.021762569481909473 -0.0015886697232345777 -0.067146637542953344 0.098823455505547886 0.022029484956781125 0.0073393318868417113 0.064275192165725442 0.0063592807596809806 0.051945507012387933 0.14745610802328704 0.00047888710894942408 -0.045644136033527689 -0.015707670531653631 -0.014107233766013886 -0.036043772248599455 -0.0060706420836826791 0.024355832911731688 -0.036943761085813688 -0.0025120906481915124 0.071065090025161537 4.516324041782946 0.0040747975826923187 0.022363847217583627 0.0058586197015718542 0.00059629376613946938 0.0017857737874661893 -0.0036338372344479806 -0.0031477363172564142 -0.002855470541798829
decision_type=2 2 2 2 2 2 2 2 2 2 2 2 2 2 2 2 2 2 2 2 2 2 2 2 2 2 2 2 2 2
left_child=1 3 -3 5 7 6 -1 9 -9 10 12 -12 13 -2 -15 16 -14 20 -19 22 25 -22 23 24 -20 27 -27 -17 -29 -30
right_child=4 2 -4 -5 -6 -7 -8 8 -10 -11 11 -13 15 14 -16 17 -18 18 19 -21 21 -23 -24 -25 -26 26 -28 28 29 -31
leaf_value=0.0028489431047637481 -0.00542756040762786 0.00081391084240749483 0.0060674983609351335 0.0025876742833553673 -0.0034974397001364694 -0.0038799477458399327 -0.002288799877384339 0.0043269788941622455 -0.00051864347071386876 -0.0025863004177539774 0.00043068674781049289 -0.0047298469285194118 -0.00094060951175735049 0.0039570569107308983 -0.0020357534939119985 0.0002798893736875842 0.0063144758883440363 0.0033910489935078656 0.0019851698101099047 8.8557874433846278e-06 0.0061192541633947536 -1.2829550384619348e-05 -0.0047761266064480883 -0.0047034424345474696 -0.0030012525516845611 -0.0037577618327405723 -0.00019582297220484808 0.0072036220949014719 0.003919199327091602 -0.0020263295267906154
leaf_weight=20 23 24 20 26 22 21 22 22 20 33 30 26 23 20 43 431 22 20 35 149 26 37 40 20 23 36 442 29 22 33
leaf_count=20 23 24 20 26 22 21 22 22 20 33 30 26 23 20 43 431 22 20 35 149 26 37 40 20 23 36 442 29 22 33
internal_value=1.36303e-12 0.00100233 0.00320191 -8.51023e-05 -8.19359e-05 -0.00118815 0.000157744 -3.5119e-05 0.00201954 -9.03306e-05 -3.64959e-05 -0.00196528 3.6782e-05 -0.00154919 -0.000133274 0.000135048 0.00260632 5.2243e-05 -0.000750945 -0.00106121 0.000270534 0.00251787 -0.00241239 -0.00120021 7.79543e-06 0.000127953 -0.000464086 0.000677458 0.00271736 0.000351882
internal_weight=1760 133 44 89 1627 63 42 1605 42 1563 1530 56 1474 86 63 1388 45 1343 287 267 1056 63 118 78 58 993 478 515 84 55
internal_count=1760 133 44 89 1627 63 42 1605 42 1563 1530 56 1474 86 63 1388 45 1343 287 267 1056 63 118 78 58 993 478 515 84 55
is_linear=0
shrinkage=0.05


Tree=201
num_leaves=31
num_cat=0
split_feature=290 273 169 105 108 327 109 310 196 323 290 90 295 294 142 169 300 300 205 185 269 311 102 164 306 300 196 281 305 99
split_gain=0.0564653 0.0720561 0.066944 0.12534 0.209093 0.143918 0.151238 0.148585 0.136468 0.147952 0.134173 0.150733 0.127336 0.117178 0.112354 0.103195 0.107616 0.144705 0.129471 0.104665 0.207014 0.239534 0.174392 0.127952 0.175824 0.159405 0.13123 0.12335 0.113517 0.146079
threshold=-0.099838902808241939 -0.11227780571871669 -0.010712751923431079 0.0062631878735549011 0.044719063850420543 0.0062913483698898657 0.029722200608690737 0.028053560970443304 -0.0050261379376391599 0.018600189035926168 -0.011007710945342307 -0.0027303972049224014 0.0098165896121127222 -0.0071927691403271066 -0.0021273899995715218 -0.009769284329082948 0.048781048784981532 0.061289947670435024 0.0020836779260258662 -0.015241653514746866 0.0075334370651959862 -0.0086858240103117931 0.051027273974577105 -0.023866833967263992 1.0000000180025095e-35 -0.0061698464080931483 -0.0022706309447259802 0.0089868783621184934 -0.0095923098314711665 0.0033035316517160793
decision_type=2 2 2 2 2 2 2 2 2 2 2 2 2 2 2 2 2 2 2 2 2 2 2 2 2 2 2 2 2 2
left_child=-1 -2 3 5 8 6 7 12 -5 -10 -7 -12 14 -13 -3 -4 19 -18 -19 20 22 -22 23 -17 25 -25 -26 -23 -21 -30
right_child=1 2 15 4 -6 10 -8 -9 9 -11 11 13 -14 -15 -16 16 17 18 -20 28 21 27 -24 24 26 -27 -28 -29 29 -31
leaf_value=-0.0022274055867455901 0.0030197984658298085 0.0012232540286442435 -0.0032444619271835245 -0.00078676592570263893 0.0049525352408333369 0.00046703974512638527 0.0037644181116347148 -0.0036269651341211541 0.0041597669642041658 -0.00053242033879671781 0.00020975707017857094 -0.002108401758596301 0.0034383524260192646 -0.0074560256541839664 -0.0028283344754267354 0.0020681109885117622 -0.0037878259012035821 0.0029569247081367811 -0.0024675837125290524 0.00062992958494397259 0.0074335238045972326 0.0036097750756501536 0.0042101142312666135 -0.0024984077576340902 -0.0064178204435544721 0.0027972035889979453 -0.0010055670104477377 -0.0016374554884220874 -0.0012994385801164969 0.00020640594129099854
leaf_weight=28 20 44 27 75 36 48 34 23 42 28 23 20 32 21 28 32 45 22 22 273 23 24 21 27 24 30 21 21 340 306
leaf_count=28 20 44 27 75 36 48 34 23 42 28 23 20 32 21 28 32 45 22 22 273 23 24 21 27 24 30 21 21 340 306
internal_value=6.02582e-12 3.60089e-05 1.15152e-06 0.00052161 0.00154191 -0.000154854 0.000802653 9.7393e-06 0.000695138 0.00228289 -0.00153127 -0.00303 0.00081401 -0.00484743 -0.000352364 -0.000186677 -0.000119609 -0.00179423 0.00024467 1.08997e-05 0.000982626 0.00328263 -2.641e-05 -0.000690343 -0.00155574 0.000288756 -0.0038921 0.00116107 -0.000224895 -0.000586144
internal_weight=1760 1732 1712 454 181 273 161 127 145 70 112 64 104 41 72 1258 1231 89 44 1142 223 68 155 134 102 57 45 45 919 646
internal_count=1760 1732 1712 454 181 273 161 127 145 70 112 64 104 41 72 1258 1231 89 44 1142 223 68 155 134 102 57 45 45 919 646
is_linear=0
shrinkage=0.05


Tree=202
num_leaves=31
num_cat=0
split_feature=177 296 172 184 173 271 305 328 177 183 195 269 126 226 313 256 271 251 2 52 52 185 303 304 129 148 182 257 153 313
split_gain=0.0551027 0.0909492 0.121718 0.0908005 0.0869054 0.093036 0.161467 0.109312 0.113502 0.226841 0.193419 0.173443 0.212603 0.177227 0.168925 0.153405 0.10883 0.119055 0.114865 0.188268 0.173013 0.237448 0.143174 0.129398 0.164298 0.16597 0.138457 0.197116 0.122335 0.146817
threshold=-0.039885073524617932 0.022880449545524238 -0.03968719151656127 -0.026238858503474231 -0.073183740124007496 -0.068992725243990541 -0.0085812589365403136 0.064275192165725442 -0.015034034667114955 0.018455877723760863 0.0044883568793728356 0.01851397002027334 -0.012477201349389743 0.038547020602790479 -0.0064689629723614986 0.010995342690889505 -0.049511194537386734 -0.023645139627523227 5.9750738023457926 0.89587973461402759 1.0000000180025095e-35 0.0013141041712257365 0.001262280012418946 0.020000996555840464 0.025782049166782936 -0.0048834049094611748 -0.033785583305910631 -0.012370012713145482 0.0040216867494556512 0.003784746663053513
decision_type=2 2 2 2 2 2 2 2 2 2 2 2 2 2 2 2 2 2 2 2 2 2 2 2 2 2 2 2 2 2
left_child=1 2 -1 -4 -2 6 -6 8 9 11 -11 13 -13 14 -7 -16 17 -10 19 20 23 -22 -21 26 -25 -26 27 -18 -28 -30
right_child=4 -3 3 -5 5 7 -8 -9 16 10 -12 12 -14 -15 15 -17 18 -19 -20 22 21 -23 -24 24 25 -27 28 -29 29 -31
leaf_value=0.0051725066290237015 -0.0030620171455666423 -0.0018635716207261958 -0.0020092989722754629 0.00184597981112477 -0.0045146351248296279 -0.0013469973729045776 0.00019660606558318252 0.002632317893439904 -0.00059949121734296736 0.0039755284400795265 -0.0016517952532292561 -0.0025016537702176721 0.0040191331254318353 0.00086324810981750497 -0.0034903860838233452 -0.0085667568788101722 -0.00082277784732958455 0.0040692070395582257 0.0032442738634667228 -0.0054577757410394648 0.00021889444859069147 0.0066046541459703198 -0.00025935504370583942 -0.001671298532425844 -0.0010689357873551282 0.00466333563722994 -0.00046379388368930987 0.0048271433260340842 0.001685277605119048 -0.00052191858473529687
leaf_weight=20 24 22 21 56 31 52 44 40 22 37 26 25 25 29 46 22 26 36 28 27 37 24 26 195 28 23 411 38 197 122
leaf_count=20 24 22 21 56 31 52 44 40 22 37 26 25 25 29 46 22 26 36 28 27 37 24 26 195 28 23 411 38 197 122
internal_value=2.25555e-12 0.00103892 0.00169721 0.00079454 -7.53389e-05 -3.10097e-05 -0.00175071 5.26331e-05 -1.60669e-05 -0.000961646 0.00165314 -0.00178944 0.00075874 -0.00264454 -0.00349225 -0.00513274 0.000183725 0.00229832 7.99629e-05 3.18586e-06 0.000143306 0.00273132 -0.00290761 -8.49148e-06 -0.00101047 0.00151621 0.000301947 0.00253186 0.000106447 0.000841146
internal_weight=1760 119 97 77 1641 1617 75 1542 1502 262 63 199 50 149 120 68 1240 58 1182 1154 1101 61 53 1040 246 51 794 64 730 319
internal_count=1760 119 97 77 1641 1617 75 1542 1502 262 63 199 50 149 120 68 1240 58 1182 1154 1101 61 53 1040 246 51 794 64 730 319
is_linear=0
shrinkage=0.05


Tree=203
num_leaves=31
num_cat=0
split_feature=324 0 215 193 180 324 300 309 300 89 193 218 230 89 324 212 257 186 163 193 127 331 296 229 10 122 158 167 236 255
split_gain=0.0544607 0.141771 0.119206 0.126492 0.179735 0.211939 0.137501 0.124697 0.12015 0.117437 0.110749 0.101875 0.100979 0.110831 0.202056 0.213694 0.165907 0.159895 0.187345 0.219871 0.139845 0.13132 0.175272 0.196882 0.188194 0.275792 0.275467 0.156793 0.175181 0.174821
threshold=-0.017021318057822251 3.8176519431297078 -0.092758616100516014 -0.011610461730487204 -0.010487738420937153 -0.031756180584259275 0.010033854143473952 -0.010177698056337598 0.010033854143473952 -0.1024129635882768 0.011805797269102697 0.0070629772630150947 -0.1052324338223221 -0.083121882825657856 -0.0064379983312681027 0.051500504716815457 0.013231866929839024 -0.00042160293828811423 -0.015601025115992999 -0.0021966836344637147 -0.0044646697183933293 0.00086781931300224677 0.00053235794591556561 0.055128924690770104 0.015209345362017119 0.014990684439156389 -0.0072491348336538039 -0.0081237777766361308 0.022592633351084069 0.00023586776651005558
decision_type=2 2 2 2 2 2 2 2 2 2 2 2 2 2 2 2 2 2 2 2 2 2 2 2 2 2 2 2 2 2
left_child=1 -1 -3 4 -4 8 9 -8 -6 -5 -9 -11 -2 14 15 -14 17 18 -16 -20 -19 22 23 24 -15 26 -26 29 -29 -23
right_child=12 2 3 6 5 -7 7 10 -10 11 -12 -13 13 21 16 -17 -18 20 19 -21 -22 27 -24 -25 25 -27 -28 28 -30 -31
leaf_value=-0.004590613297186792 -0.0018070716641934649 -0.0040525844064541166 0.00131417018128559 -0.0012405559285292153 -0.0028962117579929463 -0.0057990755204467438 0.0013736444354123835 -0.004231504336265581 0.002081584386442873 0.00087762988614090522 -5.3223512478670559e-05 0.0035677095919055047 0.0080642837146297098 -0.00042987046985044371 -0.0011144850077107549 0.0010663110627016673 -0.0016643216457997633 0.002038290414493531 0.0014586271959003705 0.0076703690977800373 -0.0017686072468047946 -0.00094789294127717999 -0.00032675710133125269 0.0059514218668007988 0.0088669926429095838 -0.00047943429439328611 0.0021222721802343319 -0.0019668621834191095 0.00058094091776486796 0.0024547612095096459
leaf_weight=20 62 20 40 37 27 34 35 35 22 92 29 57 20 105 20 24 62 45 29 28 52 76 258 23 24 45 41 227 96 75
leaf_count=20 62 20 40 37 27 34 35 35 22 92 29 57 20 105 20 24 62 45 29 28 52 76 258 23 24 45 41 227 96 75
internal_value=-3.76568e-12 -0.000475974 -0.000283701 -9.89519e-05 -0.00143906 -0.00276592 0.000479411 -0.00102595 -0.000661283 0.00128065 -0.00233822 0.00190672 0.000162528 0.00026022 0.00113652 0.00424721 0.000556561 0.00134791 0.0030491 0.00451001 -2.5207e-06 7.26727e-06 0.000575987 0.00155459 0.00108423 0.00252951 0.00461263 -0.000587848 -0.00120962 0.000742167
internal_weight=1760 448 428 408 123 83 285 99 49 186 64 149 1312 1250 280 44 236 174 77 57 97 970 496 238 215 110 65 474 323 151
internal_count=1760 448 428 408 123 83 285 99 49 186 64 149 1312 1250 280 44 236 174 77 57 97 970 496 238 215 110 65 474 323 151
is_linear=0
shrinkage=0.05


Tree=204
num_leaves=31
num_cat=0
split_feature=180 311 180 311 113 214 273 243 243 1 180 204 155 200 259 278 315 164 270 264 281 141 182 336 139 193 259 165 295 268
split_gain=0.0530169 0.255199 0.0895069 0.146156 0.104226 0.11015 0.107752 0.0724904 0.176958 0.182321 0.134949 0.135943 0.170817 0.178638 0.156234 0.136054 0.131004 0.168908 0.231046 0.1889 0.186153 0.150238 0.146423 0.173224 0.144518 0.125698 0.124339 0.123778 0.258264 0.161724
threshold=-0.057192363568206096 0.0033247889325948954 -0.030008236676952942 0.025983208432542041 0.016821737837522988 -0.0010971995615906883 -0.0014583785518642439 0.0057070817386213179 0.0031414442205392082 3.9415346756528771 -0.025889905088482181 -0.0053992566753757838 0.009277053907874996 -0.011862605917301684 -0.021980586569147604 -0.010348225311241127 -0.0024569139901726915 -0.0062814931481169111 0.034657862974438236 0.016468072534484266 0.023795148713416567 0.020119265568749399 0.010771387961969475 0.0034223131349661782 0.0038409868522569415 0.0046763710242338974 -0.015371422406857998 0.00041325804539840287 0.020512806007346961 0.062711922755885843
decision_type=2 2 2 2 2 2 2 2 2 2 2 2 2 2 2 2 2 2 2 2 2 2 2 2 2 2 2 2 2 2
left_child=1 -1 3 4 5 -2 -7 8 27 -10 -9 12 13 -12 -15 -16 21 20 19 -19 25 22 23 24 -13 -18 -21 -4 29 -29
right_child=2 -3 7 -5 -6 6 -8 10 9 -11 11 16 -14 14 15 -17 17 18 -20 26 -22 -23 -24 -25 -26 -27 -28 28 -30 -31
leaf_value=-0.0019609835168177435 -0.0019366918572199508 0.0058428426715545359 0.00052810525517226349 -0.0050072858406400144 -0.0037311839183703775 0.0045193486846983435 -8.1267235135393489e-05 0.0044146112742878144 -0.0064605121543784413 -0.00076793001976628334 -0.0025151390072240152 0.0022975516418227925 0.0034941424037132299 -0.0013174619904020802 0.0056601020826578695 0.00099208683870430749 -0.0059417702377033543 -0.0021357789180057561 0.0050991737656295305 0.0044757986522239194 0.00050921818286541007 -0.0020549611905153141 -0.0010262403677916154 0.00042505631469847522 0.0074936048542756754 -0.0011436791824443 -0.00072325391077396025 0.00022657030284841859 -0.0032338817877241091 -0.0042061643569137564
leaf_weight=22 37 20 462 22 21 20 35 21 22 39 38 32 66 32 27 37 39 81 20 23 31 36 40 51 23 21 23 318 79 22
leaf_count=22 37 20 462 22 21 20 35 21 22 39 38 32 66 32 27 37 39 81 20 23 31 36 40 51 23 21 23 318 79 22
internal_value=-7.43388e-12 0.00175512 -4.29076e-05 -0.00127874 -0.00055283 0.000172663 0.00159168 6.24857e-05 -0.000216623 -0.00282099 0.000472658 0.00033914 0.00141205 0.000386537 0.00153512 0.00296141 -0.000171768 -0.000943977 0.00010404 -0.000682595 -0.00263693 0.000838045 0.00155139 0.00252408 0.00447045 -0.00426244 0.00187627 -3.62977e-05 -0.000658623 -6.02537e-05
internal_weight=1760 42 1718 135 113 92 55 1583 942 61 641 620 200 134 96 64 420 238 147 127 91 182 146 106 55 60 46 881 419 340
internal_count=1760 42 1718 135 113 92 55 1583 942 61 641 620 200 134 96 64 420 238 147 127 91 182 146 106 55 60 46 881 419 340
is_linear=0
shrinkage=0.05


Tree=205
num_leaves=31
num_cat=0
split_feature=166 281 93 180 93 267 290 311 208 130 257 126 96 186 178 275 142 214 267 223 253 161 213 1 255 163 178 301 193 323
split_gain=0.0519288 0.191969 0.190593 0.10068 0.0962595 0.0869482 0.173441 0.173736 0.162666 0.182141 0.141409 0.156155 0.153186 0.179715 0.148635 0.139276 0.134683 0.129386 0.126623 0.171156 0.218574 0.16391 0.147169 0.198659 0.149722 0.148528 0.138064 0.181376 0.126429 0.125135
threshold=-0.040561109529667246 -0.027484618641011174 0.047347036545624867 -0.060141201048404015 -0.01071323735278717 -0.017681993470314235 0.0059150577610496006 0.027796037961602606 0.012853932855309161 -0.0093088702238188371 0.0027735434726568757 -0.00041402658015731212 0.00085423088313863903 1.0000000180025095e-35 -0.0064236026358418189 0.0061759625187667857 -0.013228949509852867 0.0055773706740172161 -0.0094663544633953496 0.0039631095632346241 0.021466594849985178 0.00077494080566304908 0.2291330780993551 9.0206312386969678 0.01264834412779659 -0.018430226748430239 -0.005999407840632384 0.010450545643913151 -0.0014465769893842676 0.020912992552159369
decision_type=2 2 2 2 2 2 2 2 2 2 2 2 2 2 2 2 2 2 2 2 2 2 2 2 2 2 2 2 2 2
left_child=1 -1 4 -2 -3 6 7 10 9 -8 12 -12 14 -14 -5 16 -11 -13 19 -7 21 -21 23 25 -24 26 27 -20 -17 -27
right_child=3 2 -4 5 -6 18 8 -9 -10 15 11 17 13 -15 -16 28 -18 -19 22 20 -22 -23 24 -25 -26 29 -28 -29 -30 -31
leaf_value=0.002273105840302176 0.0035214125821810397 -0.0034754843458675009 -0.005495811696580079 0.0011132012000652377 0.0003289603619487025 0.00027766848332248632 -0.00018856574166327335 -0.0026217389373893018 -0.00080779162668808248 0.0028326586436014621 0.0015889571400404705 -0.0041425576969049875 0.0026362439592620443 -0.0024306701905360182 0.0064635278098285204 0.0046133095584809788 0.0083375387936830535 0.00028903362773624917 -0.0012305586701516474 -0.0026583178503507819 0.00088083125384790558 -0.0085481383482969939 -0.0051743460896735392 0.0042007524873419059 0.00045478983139175745 0.00062791479064139982 -0.0025579479348380122 0.0043723014695569874 -0.00036660104524344206 -0.00097507831954025948
leaf_weight=36 21 23 28 27 60 60 39 57 44 20 41 40 35 35 25 25 25 28 52 27 21 21 27 29 21 596 98 20 26 153
leaf_count=36 21 23 28 27 60 60 39 57 44 20 41 40 35 35 25 25 25 28 52 27 21 21 27 29 21 596 98 20 26 153
internal_value=5.56135e-12 -0.000899656 -0.00192866 8.19897e-05 -0.000725283 3.66205e-05 0.000610138 -0.000149519 0.00183238 0.00269288 0.000460509 -0.000848276 0.00162983 0.000102787 0.00368547 0.00386347 0.00589093 -0.00231778 -0.000201453 -0.00167541 -0.00337374 -0.00523511 -1.05488e-05 0.000126213 -0.0027116 -2.3631e-06 -0.0013366 0.000325791 0.00207453 0.000300468
internal_weight=1760 147 111 1613 83 1592 467 288 179 135 231 109 122 70 52 96 45 68 1125 129 69 48 996 948 48 919 170 72 51 749
internal_count=1760 147 111 1613 83 1592 467 288 179 135 231 109 122 70 52 96 45 68 1125 129 69 48 996 948 48 919 170 72 51 749
is_linear=0
shrinkage=0.05


Tree=206
num_leaves=31
num_cat=0
split_feature=109 163 109 198 163 279 309 309 117 191 1 157 128 302 174 89 199 145 171 308 115 315 205 232 314 179 96 252 183 112
split_gain=0.0512864 0.116159 0.0809932 0.0770621 0.102608 0.0735202 0.149124 0.169079 0.162082 0.184074 0.147672 0.170073 0.159035 0.127696 0.158266 0.17859 0.162614 0.150066 0.129027 0.216044 0.233279 0.231227 0.311083 0.192996 0.131729 0.125776 0.179948 0.121917 0.117264 0.171218
threshold=-0.073678408423036953 -0.022517372869408664 -0.064019399514233924 0.0075576262108128745 -0.00070136672020971221 0.014724826495021659 -0.00223073377271738 -0.0069663522962882434 0.0170651531916985 -0.00792191834452949 4.4716224665663962 0.0073054431237051442 -0.0035819681445249181 -0.021197830132633846 -0.0077995681101101517 -0.086829109055029483 0.005090444352231399 -0.019813675229497795 -0.014101755467315232 0.017533497420648064 -0.00078033221988975637 0.0088466946382122144 0.0031112074420665127 -0.0019307943436078412 0.0013783569940892255 -0.0066582365648051737 -0.01267220069562486 0.0010221889769997134 0.018455877723760863 0.0027608100588595737
decision_type=2 2 2 2 2 2 2 2 2 2 2 2 2 2 2 2 2 2 2 2 2 2 2 2 2 2 2 2 2 2
left_child=1 -1 -2 4 -3 13 7 10 25 -10 -7 12 -12 14 16 -16 -4 -17 19 21 -21 24 -23 -22 -15 27 -27 -8 -20 -30
right_child=2 3 5 -5 -6 6 8 -9 9 -11 11 -13 -14 18 15 17 -18 -19 28 20 23 22 -24 -25 -26 26 -28 -29 29 -31
leaf_value=-0.0039557008099598955 0.0031582292477001571 0.00067968015791848308 0.00078110265950761875 0.0018612073869594644 -0.0033687953047398158 -0.00098277338689482688 0.00066194670836035264 -0.0045362072615799586 0.006575648654584907 0.0014337426577897177 0.006827469010438238 -0.0017535635915754194 0.0010713972434002374 -0.002988753570121174 0.003950359420243489 -0.0046998170104676062 0.0051894270853205986 -8.7267653527140461e-05 -0.00038322210971642026 -0.0024512540850350085 0.0063744813661535523 -0.0089167094742016936 -0.0019707295317175524 -0.00024840964681722906 0.001009334012439164 0.0052621389444818941 0.00040015041472350944 -0.0037088392362757414 0.0037204842796832653 -0.00029196335508170287
leaf_weight=26 21 34 52 31 29 119 39 22 28 46 21 22 28 38 23 21 35 110 592 34 22 27 40 22 45 26 71 27 46 63
leaf_count=26 21 34 52 31 29 119 39 22 28 46 21 22 28 38 23 21 35 110 592 34 22 27 40 22 45 26 71 27 46 63
internal_value=-5.75638e-12 -0.000997806 7.30102e-05 -0.000179665 -0.0011839 3.29919e-05 0.000576893 -0.000386552 0.00143871 0.00337933 9.39344e-05 0.00189856 0.00353829 -0.000175736 0.000849834 -0.000113229 0.00255457 -0.000826684 -0.000441788 -0.00147501 0.000659371 -0.00258489 -0.00476986 0.00306304 -0.000821116 0.000557691 0.00170336 -0.0011261 -0.000105733 0.00140136
internal_weight=1760 120 1640 94 63 1619 449 212 237 74 190 71 49 1170 241 154 87 131 929 228 78 150 67 44 83 163 97 66 701 109
internal_count=1760 120 1640 94 63 1619 449 212 237 74 190 71 49 1170 241 154 87 131 929 228 78 150 67 44 83 163 97 66 701 109
is_linear=0
shrinkage=0.05


Tree=207
num_leaves=31
num_cat=0
split_feature=244 244 165 211 56 222 84 185 185 208 336 324 250 303 279 0 208 157 157 11 300 222 294 170 182 334 135 161 86 191
split_gain=0.0516816 0.137025 0.181888 0.103257 0.200706 0.121206 0.185948 0.157369 0.220694 0.215823 0.188305 0.148539 0.12918 0.181624 0.126695 0.107414 0.103056 0.100555 0.1265 0.152277 0.114475 0.16449 0.131241 0.167038 0.17349 0.133607 0.113264 0.109836 0.14641 0.113487
threshold=0.003269046450515253 0.0015185031925778047 -0.0068110143930381365 -0.20577777354370441 1.0000000180025095e-35 0.0056671023009632294 0.31169920526964517 -0.00045685515937514979 -0.036762202785882887 0.0032269819571922932 0.0091366478394091372 0.004171221851028196 -0.011084791966131701 0.0017233204118109026 -0.013108207924716711 3.9019216517693867 0.00028309493456998061 0.031520583159453122 0.017310378692269989 2.6830475730499885 0.0047183718257753316 -0.0012206252732554286 0.033265491061461032 0.0051229425216235682 -0.013651381043064383 -0.017634940552236005 0.0024693513987505016 0.017221362368905462 0.064128759836862906 -0.00055164860191817802
decision_type=2 2 2 2 2 2 2 2 2 2 2 2 2 2 2 2 2 2 2 2 2 2 2 2 2 2 2 2 2 2
left_child=1 3 -3 -1 5 6 15 8 -7 10 -10 14 -13 -14 -9 -5 -16 18 20 -20 22 27 23 24 -17 -25 -26 28 29 -22
right_child=-2 2 -4 4 -6 7 -8 11 9 -11 -12 12 13 -15 16 17 -18 -19 19 -21 21 -23 -24 25 26 -27 -28 -29 -30 -31
leaf_value=-0.0033614606674139702 -0.00030616151183362594 0.0061921477233144373 6.7568266833270039e-05 -0.0032827485441451983 0.004013070663804132 0.0020431064785673067 0.0039818135050258474 0.0046770839616656302 -0.0077620101350476039 -0.00081375340859477343 -0.0016686877169247187 -0.0045973064695400273 0.0032361078723941159 -0.0029205224197357896 -0.0016245744776703455 -0.0043475797182569902 0.0025553844475231522 -0.0015164298662317119 0.0063066637539304794 0.0010058341581108314 -0.0029296486780698286 0.0039655775286603807 -0.0031831707576606681 -0.0011203651009127498 0.0011044206784572453 0.0033007370561352689 -0.0024863838445810418 0.0036973411971259681 0.0035998739441856741 0.00068229936025386985
leaf_weight=21 773 22 27 21 33 26 35 25 32 52 21 22 23 25 30 30 29 63 20 42 44 43 36 25 70 54 32 21 20 43
leaf_count=21 773 22 27 21 33 26 35 25 32 52 21 22 23 25 30 30 29 63 20 42 44 43 36 25 70 54 32 21 20 43
internal_value=4.58396e-12 0.00023978 0.00281738 0.000105129 0.000184517 4.15957e-05 0.000445441 -0.000807188 -0.00208108 -0.0031023 -0.00534767 0.000276446 -0.00142462 2.95296e-05 0.001694 0.000225985 0.000429982 0.000361682 0.000608184 0.00271578 0.000295574 0.00129003 -0.000392898 8.3168e-05 -0.00100517 0.00190165 -2.21062e-05 0.000391219 -0.000257647 -0.00114443
internal_weight=1760 987 49 938 917 884 599 285 131 105 53 154 70 48 84 564 59 543 480 62 418 171 247 211 132 79 102 128 107 87
internal_count=1760 987 49 938 917 884 599 285 131 105 53 154 70 48 84 564 59 543 480 62 418 171 247 211 132 79 102 128 107 87
is_linear=0
shrinkage=0.05


Tree=208
num_leaves=31
num_cat=0
split_feature=119 293 117 290 137 215 182 181 159 182 273 271 155 334 315 130 134 242 329 111 194 177 316 264 19 148 153 236 206 175
split_gain=0.0510281 0.120087 0.0713977 0.0625485 0.0667186 0.0618982 0.0804374 0.0970422 0.155879 0.096729 0.143993 0.150355 0.139683 0.151874 0.139615 0.128394 0.101569 0.0994892 0.11183 0.107193 0.0964698 0.131687 0.156483 0.149818 0.131056 0.12583 0.139481 0.115788 0.10367 0.113249
threshold=0.089597002535032708 -0.007288884260803285 -0.10769892808324662 -0.099838902808241939 -0.10339687573005249 -0.1142087567662048 0.015100954824428692 -0.051785184155298924 0.0097277233321424027 0.031253187941519565 0.024457826099121092 -0.0058755510281248719 -0.036737941776559653 0.02895341824459358 0.023830879146781284 -0.021708350102587547 0.002351245642656426 -0.007903574688685756 -0.017872128864793717 0.0089879983674286731 0.034017493185116064 0.015558342396281169 0.058790431879083407 0.048408234959906996 9.2583333333333346 -0.02661408627200897 -0.0047135766822934662 -0.053110086472605185 -0.029631878846952221 -0.0046703733312907728
decision_type=2 2 2 2 2 2 2 2 2 2 2 2 2 2 2 2 2 2 2 2 2 2 2 2 2 2 2 2 2 2
left_child=2 -2 -1 -4 -5 -6 7 8 -7 10 14 -12 -11 17 15 -8 -17 19 -19 -14 21 22 28 24 -23 -22 -27 -26 -9 -30
right_child=1 -3 3 4 5 6 9 20 -10 12 11 -13 13 -15 -16 16 -18 18 -20 -21 25 23 -24 -25 27 26 -28 -29 29 -31
leaf_value=0.0026480018559735842 -0.0043569573112666729 0.00044179636897752063 -0.0023794827137694316 0.0028469684637024159 0.0021879951134906152 0.005179690988734365 -0.0040154644741310875 0.0021566104351553473 -0.00079711896833032378 -0.0032930709149998926 -0.0023964861566200856 0.0026509775230402336 0.0044364265776017592 0.0042007078681005321 -0.0054876935102843817 0.0016655093483517276 -0.0020733683431246436 0.0017081562006338079 -0.002657831591246081 -0.00061551709825705212 0.001669275487603789 0.0040417811076622458 0.0031568362843245271 -0.00226511734329576 0.0044563191898521924 0.00012749164679553361 -0.004734021980160227 0.0004391370848132623 -0.0010670609958614934 0.00013731637861269519
leaf_weight=26 22 32 27 21 32 24 35 44 20 24 25 36 21 27 28 34 39 22 44 21 22 48 36 26 21 25 36 123 321 498
leaf_count=26 22 32 27 21 32 24 35 44 20 24 25 36 21 27 28 34 39 22 44 21 22 48 36 26 21 25 36 123 321 498
internal_value=2.07132e-12 -0.00151325 4.78989e-05 7.65925e-06 4.66507e-05 1.06172e-05 -3.29304e-05 0.00015672 0.00246296 -0.000695641 -0.00143608 0.000582345 0.000221757 0.000846615 -0.0023414 -0.0015257 -0.000331973 8.09209e-06 -0.0012025 0.00191045 7.21579e-05 0.000194363 -7.29767e-05 0.00129683 0.00177918 -0.00157245 -0.0027416 0.00102498 -0.000207708 -0.000334729
internal_weight=1760 54 1706 1680 1653 1632 1600 1244 44 356 197 61 159 135 136 108 73 108 66 42 1200 1117 899 218 192 83 61 144 863 819
internal_count=1760 54 1706 1680 1653 1632 1600 1244 44 356 197 61 159 135 136 108 73 108 66 42 1200 1117 899 218 192 83 61 144 863 819
is_linear=0
shrinkage=0.05


Tree=209
num_leaves=31
num_cat=0
split_feature=52 67 319 210 210 320 154 81 81 130 1 275 10 307 135 182 296 154 251 82 327 306 287 280 307 257 100 91 169 226
split_gain=0.0493549 0.15267 0.14435 0.0576818 0.0622493 0.197194 0.138589 0.08098 0.103083 0.110771 0.0904574 0.165607 0.231623 0.143096 0.227171 0.165893 0.133087 0.150044 0.131833 0.121674 0.0993774 0.108694 0.12168 0.0824326 0.117467 0.146154 0.123899 0.109664 0.104981 0.0882725
threshold=1.4978661367769956 2.6735537653587347 -0.00050261938546686377 0.020398707923847934 0.017276416138774311 0.0061371926046974732 -0.0051470455784544582 -0.59604288076690615 -0.52572234698735942 -0.0057834756038465523 4.7405652883788738 -0.0049063265260646831 0.016877937615724259 -0.0039015421976762456 -0.0011790509168211293 -0.010432687710327701 0.02153505312110426 -0.0017263198721033108 -0.002359359409686354 -0.44012571961085739 0.045705150095337509 -0.0098013726688311407 -0.003271127195991434 0.045371082405301182 -0.013032613900311086 0.012744365408667387 0.038616172407213552 0.0091091415187950723 -0.057625859844195833 0.019738203763224074
decision_type=2 2 2 2 2 2 2 2 2 2 2 2 2 2 2 2 2 2 2 2 2 2 2 2 2 2 2 2 2 2
left_child=1 3 -2 4 7 6 -6 -1 9 -9 19 12 16 14 -13 -15 17 -12 -17 -10 23 -22 -23 28 27 26 -26 -25 -21 -30
right_child=2 -3 -4 -5 5 -7 -8 8 10 -11 11 13 -14 15 -16 18 -18 -19 -20 20 21 22 -24 24 25 -27 -28 -29 29 -31
leaf_value=-0.0025600750055614738 -0.0043854134952804697 0.0042844366193527271 0.0007796239197975205 -0.0020438278340460625 1.8235296156490222e-05 -0.0022714514440546436 0.0053915681426102919 0.0045003778526454255 -0.0038333878822057795 0.00026496778024777179 0.005612938774866052 -0.0062438773033632478 0.0058735073025673046 -0.0029159957810770722 0.00060077525709790211 0.005404857021163811 -0.0020975903419849394 -0.00025094555555066713 0.00043749218080740642 0.0029800612794896289 -0.0049651785872854475 0.0018564414232969284 -0.0027991287104669029 0.0024969457938850887 -0.0024936262298271891 -0.0048552831265089268 0.0023389746972714508 -0.0020006003856669059 -0.00027596824732204064 0.0007778026084092123
leaf_weight=31 24 21 31 34 20 24 30 26 23 38 20 22 32 20 27 22 26 24 34 31 21 25 32 33 36 34 21 23 697 278
leaf_count=31 24 21 31 34 20 24 30 26 23 38 20 22 32 20 27 22 26 24 34 31 21 25 32 33 36 34 21 23 697 278
internal_value=2.11209e-12 4.75552e-05 -0.00147421 -5.28004e-06 3.67264e-05 0.00145401 0.00324224 -2.98213e-05 2.09476e-05 0.0019856 -6.39532e-05 0.000854486 0.00234952 -0.000365462 -0.00247233 0.000992917 0.000738553 0.00241446 0.00238896 -0.00023021 -0.000162888 -0.00189013 -0.000757212 -4.60409e-05 -0.00115202 -0.00226079 -0.000713194 0.000649739 0.000115568 2.44915e-05
internal_weight=1760 1705 55 1684 1650 74 50 1576 1545 64 1481 227 102 125 49 76 70 44 56 1254 1231 78 57 1153 147 91 57 56 1006 975
internal_count=1760 1705 55 1684 1650 74 50 1576 1545 64 1481 227 102 125 49 76 70 44 56 1254 1231 78 57 1153 147 91 57 56 1006 975
is_linear=0
shrinkage=0.05


Tree=210
num_leaves=31
num_cat=0
split_feature=109 261 172 277 109 279 309 309 191 147 1 157 128 303 294 110 163 163 324 288 322 324 86 187 87 202 19 219 330 219
split_gain=0.0481767 0.108755 0.11507 0.104332 0.0724427 0.065348 0.134564 0.169742 0.145766 0.18831 0.127729 0.146808 0.141714 0.123418 0.180574 0.114963 0.109158 0.155929 0.142158 0.175132 0.150824 0.196766 0.176936 0.147489 0.11992 0.13528 0.107306 0.10329 0.102969 0.124751
threshold=-0.073678408423036953 0.0099862868653850956 0.0051432105667284424 0.020080872234160604 -0.064019399514233924 0.014724826495021659 -0.0033982677668639182 -0.0071901167637045673 0.0056766334743588399 -0.014553224117197438 4.4716224665663962 0.0073054431237051442 -0.0035819681445249181 0.00070745831842563775 -0.0044493489046865771 -0.12582806544999117 0.013986371375019702 0.011582405755983049 -0.017021318057822251 -0.0012864877560908304 0.02351384994892429 -0.010237516178019096 -0.069689304938893193 0.0062670873846814293 0.009770704492792508 -0.0017388428434289003 11.133928571428573 -0.0012443680234055985 0.021103483406388856 -0.049782919448996828
decision_type=2 2 2 2 2 2 2 2 2 2 2 2 2 2 2 2 2 2 2 2 2 2 2 2 2 2 2 2 2 2
left_child=1 2 -1 -3 -2 15 7 10 9 -8 -7 12 -12 14 -11 -6 17 28 19 -18 21 -20 23 -23 -24 -26 -10 -21 -17 -30
right_child=4 3 -4 -5 5 6 8 -9 26 13 11 -13 -14 -15 -16 16 18 -19 20 27 -22 22 24 -25 25 -27 -28 -29 29 -31
leaf_value=-0.0014274196272405486 0.0029885860198798284 -0.0054538127068164098 0.0026270347172370145 -0.00075478641514631893 -0.0039221653155982498 -0.00092659531101008281 0.0060510930114625293 -0.0047621976683149122 0.0018209780509606368 0.00041848720411508111 0.0063857076024370534 -0.0016357862475243482 0.00095213311433326462 -0.00029021377284255514 0.0058658848966247051 -0.00053592653612583973 0.0013096503618815006 -0.0035685925300837171 0.0066337736486457291 -0.0056548732163553897 -0.0014712034042578383 0.0071364416440095127 -0.0012403678192138866 0.0013407861975871999 0.0045932118910261329 -3.5595597919860956e-05 -0.0015330490359031646 -0.00080976775127717055 0.0042831588010101215 0.00031179537661130054
leaf_weight=42 21 21 30 27 20 118 28 20 41 32 21 22 28 53 29 638 41 37 20 22 39 21 58 23 27 38 57 22 23 141
leaf_count=42 21 21 30 27 20 118 28 20 41 32 21 22 28 53 29 638 41 37 20 22 39 21 58 23 27 38 57 22 23 141
internal_value=5.77322e-13 -0.000967082 0.000261936 -0.00281061 7.07621e-05 3.29151e-05 0.000545697 -0.000381866 0.00135345 0.00237712 8.16616e-05 0.00175736 0.00328081 0.00147474 0.00300823 -0.00016387 -9.85087e-05 -0.000395093 0.000701602 -0.00104149 0.00135719 0.00194707 0.00138579 0.00410689 0.00041238 0.00188714 -0.000129834 -0.00323232 -0.000248685 0.000868755
internal_weight=1760 120 72 48 1640 1619 449 209 240 142 189 71 49 114 61 1170 1150 839 311 85 226 187 167 44 123 65 98 44 802 164
internal_count=1760 120 72 48 1640 1619 449 209 240 142 189 71 49 114 61 1170 1150 839 311 85 226 187 167 44 123 65 98 44 802 164
is_linear=0
shrinkage=0.05


Tree=211
num_leaves=31
num_cat=0
split_feature=290 273 232 0 50 254 254 135 300 265 93 145 335 168 254 153 245 307 91 335 257 96 260 225 257 334 246 97 281 105
split_gain=0.0481952 0.059296 0.0561268 0.175337 0.201544 0.101676 0.16013 0.187319 0.118695 0.117533 0.224124 0.127706 0.114825 0.125446 0.129249 0.133357 0.208465 0.128099 0.157489 0.162454 0.127627 0.121364 0.151152 0.12685 0.118308 0.101872 0.101315 0.0976409 0.106637 0.0922215
threshold=-0.099838902808241939 -0.11227780571871669 0.0010742570998349583 11.008851858062807 1.7005986908310777 0.08011936935400181 0.037922173654414172 0.029355616376072518 -0.076714657947470219 -0.032444727461615697 0.059241593045090538 0.0041800115055944239 0.049767949393173132 0.0046337173863707668 -0.034716564450478216 -0.01038297140939687 0.0090438431553333965 -0.0021700304392056904 -0.017677195058086081 0.0047910136671853133 0.026678112400311014 -0.002515608924520497 -0.0009426853990731471 0.011023955457010534 0.022539878061258147 0.016283370144311766 0.025325641145913045 -0.017479311954022376 -0.002663682374343434 0.018389340488844687
decision_type=2 2 2 2 2 2 2 2 2 2 2 2 2 2 2 2 2 2 2 2 2 2 2 2 2 2 2 2 2 2
left_child=-1 -2 3 4 5 6 8 25 -3 10 11 -10 13 17 24 16 -16 18 -11 -20 26 -17 23 -23 -15 27 29 -8 -29 -19
right_child=1 2 -4 -5 -6 -7 7 -9 9 12 -12 -13 -14 14 15 21 -18 20 19 -21 -22 22 -24 -25 -26 -27 -28 28 -30 -31
leaf_value=-0.0020578348576756464 0.0027400025463430212 -0.003329090692132013 -0.00030330896311737379 0.0036901257738160588 -0.003644430896212511 0.0028819721479926052 0.0030542736513661625 -0.0059224841441027822 -9.9940181934033291e-05 0.0012491197947934836 0.00676133720902726 0.0033247540056103525 -0.0030066100629762963 -0.0038916458420100667 0.0073856911932428677 -0.00060190032827896905 0.00056423557523105827 -0.0011112839268634515 -0.0051463436060704484 -0.00055270357559876221 -0.0023436777693374706 0.0018357859560005044 -2.3226861635016073e-05 0.0072804473905125639 0.001415767079396617 -0.0031464961245013727 0.0033265318454629399 -0.0030255103966704121 0.0015550730245498321 0.0022217999951357746
leaf_weight=28 20 20 802 36 34 36 23 20 81 33 20 41 26 21 24 61 21 49 39 38 30 23 36 20 21 29 41 27 24 36
leaf_count=28 20 20 802 36 34 36 23 20 81 33 20 41 26 21 24 61 21 49 39 38 30 23 36 20 21 29 41 27 24 36
internal_value=-1.08319e-11 3.32675e-05 1.64679e-06 0.00027041 0.000129552 0.000282309 0.000165906 -0.00149445 0.000465793 0.000580615 0.00185526 0.00105098 0.00023187 0.000402662 0.00126604 0.00183452 0.00420235 -0.000334135 -0.00164081 -0.00287935 0.000587239 0.00107343 0.00236704 0.00436819 -0.00123794 -0.000634632 0.00128508 0.000349747 -0.000869942 0.000300375
internal_weight=1760 1732 1712 910 874 840 804 123 681 661 142 122 519 493 227 185 45 266 110 77 156 140 79 43 42 103 126 74 51 85
internal_count=1760 1732 1712 910 874 840 804 123 681 661 142 122 519 493 227 185 45 266 110 77 156 140 79 43 42 103 126 74 51 85
is_linear=0
shrinkage=0.05


Tree=212
num_leaves=31
num_cat=0
split_feature=119 293 117 290 137 9 263 263 281 173 96 97 147 263 99 117 283 230 123 100 246 191 269 256 278 227 305 194 265 102
split_gain=0.0464877 0.102885 0.0603513 0.0561324 0.0597288 0.0562423 0.125192 0.29039 0.148709 0.144417 0.13191 0.158211 0.132207 0.138342 0.173592 0.128649 0.150488 0.146136 0.156573 0.150107 0.144744 0.133684 0.132994 0.129509 0.124173 0.122985 0.107402 0.107086 0.101927 0.100419
threshold=0.089597002535032708 -0.007288884260803285 -0.10769892808324662 -0.099838902808241939 -0.10339687573005249 0.020654105936722362 -0.00029241826921437645 0.0010413907125898199 0.03074444527129996 0.0050965721194139906 -0.027898649855255187 -0.041437856252101737 0.016284244966832652 -0.0087695387706265022 -0.0068542410449898223 0.052171888864924659 0.015934617027995781 0.0023154007560076272 0.01402857016801742 0.032923223721195154 0.024082031334098079 0.0019501785559361232 0.0014662824605641549 0.00024330535371423271 0.0073393318868417113 0.0058089947969261714 -0.0026411367856086772 0.0028937458812810283 -0.0021962322949605467 -0.037801863397583346
decision_type=2 2 2 2 2 2 2 2 2 2 2 2 2 2 2 2 2 2 2 2 2 2 2 2 2 2 2 2 2 2
left_child=2 -2 -1 -4 -5 6 8 -8 10 25 26 -12 13 -13 -15 16 17 20 19 27 21 23 -18 -9 -17 -10 -6 -19 -24 -7
right_child=1 -3 3 4 5 29 7 15 9 -11 11 12 -14 14 -16 24 22 18 -20 -21 -22 -23 28 -25 -26 -27 -28 -29 -30 -31
leaf_value=0.0024362345059881383 -0.0040765270707197486 0.00036525578516375393 -0.0022526749840903063 0.0026952337951765266 0.006496839389331978 -0.0016862815343059942 -0.0061563179176300767 -0.0035450216170283969 0.0035649466272887026 -0.0036920459790659756 -0.002167942363744122 0.00027808088523952268 0.004629291586849528 0.0006767330386747535 0.0067887883045754972 0.0049924644563967982 -0.0004405204052870561 -0.0049493375195500755 0.0038661053753457964 0.0016559039197293008 0.00094571947702206673 -0.0054451167932711543 0.0011924161329208054 0.0012848597437487511 -0.00027224309354399642 -0.0017844959797168323 0.0014342287206090987 4.4954684562981127e-06 0.0055601737292652782 -6.1287022486960994e-05
leaf_weight=26 22 32 27 21 22 109 20 35 21 30 33 142 30 26 21 24 63 24 24 36 28 38 34 23 21 22 20 20 22 744
leaf_count=26 22 32 27 21 22 109 20 35 21 30 33 142 30 26 21 24 63 24 24 36 28 38 34 23 21 22 20 20 22 744
internal_value=-5.55474e-12 -0.00144436 4.57183e-05 8.7222e-06 4.56597e-05 1.15659e-05 0.000318714 -0.000279526 0.000990306 -0.00102954 0.00149183 0.00105946 0.00154578 0.00105633 0.00340765 2.03108e-05 -0.00030588 -0.00105813 0.000324085 -0.000738521 -0.00221741 -0.00313998 0.0011354 -0.00162972 0.0025356 0.000828023 0.00408607 -0.0026976 0.00290832 -0.000268936
internal_weight=1760 54 1706 1680 1653 1632 779 412 367 73 294 252 219 189 47 392 347 228 104 80 124 96 119 58 45 43 42 44 56 853
internal_count=1760 54 1706 1680 1653 1632 779 412 367 73 294 252 219 189 47 392 347 228 104 80 124 96 119 58 45 43 42 44 56 853
is_linear=0
shrinkage=0.05


Tree=213
num_leaves=31
num_cat=0
split_feature=296 326 270 173 326 324 222 296 150 258 118 249 185 275 308 216 286 261 286 114 181 284 159 257 224 275 209 323 319 148
split_gain=0.0453177 0.0585808 0.109962 0.0813911 0.0677453 0.0669506 0.126598 0.148408 0.158499 0.134658 0.114672 0.184367 0.102802 0.100981 0.0933451 0.189974 0.145542 0.142991 0.162209 0.20704 0.319981 0.169963 0.169432 0.133163 0.156071 0.143845 0.313879 0.192161 0.314969 0.167767
threshold=0.089713743017367772 -0.064195003747770582 0.010634757283828832 -0.073183740124007496 -0.054567333168051756 -0.020580634261838888 -0.0035149541204075149 0.021151720634334913 0.019147006997586678 0.0090293909212208531 0.026413604950798378 0.039332875877745914 0.0022834441081425838 0.0057580221370275705 -0.017972662439999832 0.10960590838626749 -0.0041806052726739385 -0.011679656886489524 0.018240875502752402 -0.0087213376663908982 -0.002464128775054406 0.014828569204558131 -0.0081650134408406353 0.0043907320918849116 -0.0010448455835891221 -0.0049063265260646831 0.017487530708430888 -0.0059704673481577554 0.002830162851700989 -0.006409600995268318
decision_type=2 2 2 2 2 2 2 2 2 2 2 2 2 2 2 2 2 2 2 2 2 2 2 2 2 2 2 2 2 2
left_child=1 2 -1 -3 -5 6 10 8 9 13 11 -6 -11 -8 -7 17 -17 -16 23 20 -20 22 -21 25 -25 26 -19 28 -27 -29
right_child=-2 3 -4 4 5 14 7 -9 -10 12 -12 -13 -14 -15 15 16 -18 18 19 21 -22 -23 -24 24 -26 27 -28 29 -30 -31
leaf_value=0.0037524640447749152 -0.00215782870266897 -0.0029766539314194868 -0.00072557546927083216 -0.0021581469572265633 -0.0013432603974097392 -0.00051827890121704365 -0.0013857744677807206 0.0027647430654210246 0.0022427259690653632 -0.0058405366387556902 0.0018633175216382369 -0.0063730835872278973 -0.0014540825015180471 0.0031432156902155839 -0.00059859713514206787 0.0054835220649692932 0.00078543573480975993 0.0080561163183301681 0.0093895759876994871 0.0057041751639917496 0.0017998485005369818 -0.0032093690602447498 0.000173175917249561 0.00055296859495992804 -0.0023415846074931325 -0.0054770525700102253 0.0010943237065186944 -0.001737783043479015 0.001541635720434809 0.0029025419852587221
leaf_weight=29 24 23 26 35 106 314 32 46 39 22 20 22 34 20 304 32 34 20 21 20 41 22 45 103 85 33 85 28 31 64
leaf_count=29 24 23 26 35 106 314 32 46 39 22 20 22 34 20 304 32 34 20 21 20 41 22 45 103 85 33 85 28 31 64
internal_value=-2.18826e-12 2.98317e-05 0.00163557 -2.27059e-05 1.82717e-05 6.52061e-05 -0.000557459 0.000286183 -0.00048942 -0.00147603 -0.00165762 -0.00220776 -0.00317733 0.000356145 0.000230829 0.000473825 0.0030633 0.000284352 0.000733209 0.00216272 0.00437056 0.000589314 0.00187502 0.000258828 -0.000755739 0.000989627 0.00242038 2.66201e-05 -0.00207738 0.00149027
internal_weight=1760 1736 55 1681 1658 1623 341 193 147 108 148 128 56 52 1282 968 66 902 598 149 62 87 65 449 188 261 105 156 64 92
internal_count=1760 1736 55 1681 1658 1623 341 193 147 108 148 128 56 52 1282 968 66 902 598 149 62 87 65 449 188 261 105 156 64 92
is_linear=0
shrinkage=0.05


Tree=214
num_leaves=31
num_cat=0
split_feature=177 193 284 328 294 274 177 269 308 173 183 300 252 323 239 145 277 322 94 336 285 168 333 110 312 184 297 308 270 297
split_gain=0.0436142 0.075443 0.116642 0.0997465 0.0732129 0.0728063 0.0640571 0.165819 0.196789 0.13802 0.131451 0.132881 0.118205 0.120196 0.135302 0.119648 0.0951997 0.0971645 0.133863 0.169065 0.145731 0.156793 0.193467 0.124327 0.1864 0.166528 0.1643 0.170689 0.216392 0.158366
threshold=-0.039885073524617932 0.040565045679848935 0.029121816446003822 -0.0073898843794002302 0.087196817966348206 0.0014602747324711899 -0.015034034667114955 0.014871974291447638 0.013476749321113092 -0.0033904400619355801 0.018455877723760863 -0.017354830546521986 -0.0010579813809582202 -0.015634447599913209 0.0011008491695049635 0.0042968320365276728 0.059753934530849311 0.016309680976038618 -0.017450897227632357 -0.039344529876661066 0.027719719385573622 -0.0092111536047685492 -0.018943220124620196 -0.0010670550100906936 0.0025203609373605947 0.036394487735120877 0.024610006557071466 0.014688758550768134 0.016397737768985194 0.01512112973685578
decision_type=2 2 2 2 2 2 2 2 2 2 2 2 2 2 2 2 2 2 2 2 2 2 2 2 2 2 2 2 2 2
left_child=1 2 3 -1 6 -5 7 10 9 -9 12 -12 15 -14 -15 -2 17 23 -19 -20 21 -21 -23 25 -25 29 27 28 -26 -8
right_child=4 -3 -4 5 -6 -7 16 8 -10 -11 11 -13 13 14 -16 -17 -18 18 19 20 -22 22 -24 24 26 -27 -28 -29 -30 -31
leaf_value=0.00295064578947079 0.00087177660885370443 -0.0017953374725212122 0.0047131925176224533 0.00091286696562612498 -0.002808340573392343 -0.003012529056840798 8.8569883187587068e-05 -0.0025451392239012743 0.0047692060407895885 0.0022431935558819937 -0.0023086005495861171 0.0030275472061475741 -0.0010581681033892726 -0.0026038291394421512 -0.0076790473860455684 -0.0034997805608630497 0.0020840744681309086 -0.0021062241487303061 -0.0042695026652654639 -0.001327327024046099 -0.0025539630757217919 0.0063966089254751321 0.0011291001311797622 -0.00011038035207258706 0.0010992399426812678 0.0030486453736999208 0.0047065570283891817 -0.0010344603221471372 0.0058920698420655351 -0.0019119324274107748
leaf_weight=28 45 21 22 27 24 21 321 34 26 27 20 28 33 29 24 24 59 114 20 40 30 23 72 242 98 35 42 57 31 143
leaf_count=28 45 21 22 27 24 21 321 34 26 27 20 28 33 29 24 24 59 114 20 40 30 23 72 242 98 35 42 57 31 143
internal_value=1.46336e-12 0.00092429 0.00150707 0.000578979 -6.70265e-05 -0.000804494 -2.63391e-05 -0.000699525 0.00112679 -0.000425713 -0.00148223 0.000804152 -0.00219027 -0.00342707 -0.00490204 -0.000648765 0.000120778 2.94256e-05 -0.00075851 7.1974e-05 0.000598214 0.0012987 0.00240439 0.000272555 0.000856125 -0.0002771 0.00188198 0.00124417 0.00225101 -0.000527964
internal_weight=1760 119 98 76 1641 48 1617 290 87 61 203 48 155 86 53 69 1327 1268 299 185 165 135 95 969 470 499 228 186 129 464
internal_count=1760 119 98 76 1641 48 1617 290 87 61 203 48 155 86 53 69 1327 1268 299 185 165 135 95 969 470 499 228 186 129 464
is_linear=0
shrinkage=0.05


Tree=215
num_leaves=31
num_cat=0
split_feature=166 281 93 180 159 267 1 117 84 265 320 324 290 176 193 184 264 267 160 205 335 213 2 336 163 178 301 323 93 301
split_gain=0.0436461 0.145479 0.147524 0.0774155 0.0738412 0.0717547 0.141498 0.112198 0.12058 0.116931 0.118529 0.133691 0.116921 0.180614 0.149489 0.116845 0.111469 0.102556 0.148749 0.14585 0.118435 0.118122 0.164049 0.133093 0.112999 0.112444 0.145157 0.101452 0.139727 0.134105
threshold=-0.040561109529667246 -0.027484618641011174 0.047347036545624867 -0.060141201048404015 0.014483804372347983 -0.017681993470314235 5.3706272113530096 0.027669853804409703 -0.0053586846937625733 0.0034296686727170035 0.014230258318048829 0.017496579394260206 0.0059150577610496006 -0.0023129264665307015 -0.00074304435689922946 0.0036162550803873184 0.00081096378186974207 -0.0094663544633953496 0.019110676133271488 0.011009082654794234 -0.001295823734603869 0.2291330780993551 5.772938282554958 0.0022957633590846333 -0.018430226748430239 -0.005999407840632384 0.010450545643913151 0.020912992552159369 0.087944780998875607 0.00096365786277183014
decision_type=2 2 2 2 2 2 2 2 2 2 2 2 2 2 2 2 2 2 2 2 2 2 2 2 2 2 2 2 2 2
left_child=1 -1 4 -2 -3 6 7 9 -9 12 -11 -12 13 15 -15 -5 -10 18 19 20 -7 22 24 -23 25 26 -19 28 -26 -29
right_child=3 2 -4 5 -6 17 -8 8 16 10 11 -13 -14 14 -16 -17 -18 21 -20 -21 -22 23 -24 -25 27 -27 -28 29 -30 -31
leaf_value=0.0019371977832634002 0.0030911485819766923 -0.0021353475585956837 -0.0048589154712057542 0.001959872659224655 0.00084757395574919573 -0.0038059671930233507 0.0046709664212539791 -0.00062544480245560409 0.0013882099324837329 7.5132951734319215e-05 0.0047608149863247358 -0.00028546058927618321 0.00070230631692676888 -0.0014428326870529419 -0.006494609712347112 -0.0023913664260396253 0.0062681620019826708 -0.0010512227090657689 -0.0050587220595237651 0.0023945960822727235 0.00011624164106204915 -0.0052911543255587199 0.0041099753398448234 -7.0709708290031329e-06 0.00071346591965272587 -0.0022613663079065027 0.0039611012698151172 0.00049618861826829523 -0.0032605932519325746 -0.0024720717536311759
leaf_weight=36 21 42 28 36 41 38 20 25 25 118 35 21 79 32 27 27 22 52 24 28 39 22 25 26 577 98 20 82 23 71
leaf_count=36 21 42 28 36 41 38 20 25 25 118 35 21 79 32 27 27 22 52 24 28 39 22 25 26 577 98 20 82 23 71
internal_value=1.06246e-13 -0.000824793 -0.00172057 7.51671e-05 -0.000661856 3.53835e-05 0.000556388 0.00037229 0.00218012 2.51871e-05 0.000974135 0.00286846 -0.00079629 -0.00176669 -0.00375466 9.50559e-05 0.00367244 -0.000180891 -0.0015074 -0.000695663 -0.00181939 -9.08509e-06 0.000113439 -0.00242894 5.1908e-06 -0.00115915 0.00034109 0.000268057 0.000561127 -0.000881239
internal_weight=1760 147 111 1613 83 1592 467 447 72 375 174 56 201 122 59 63 47 1125 129 105 77 996 948 48 923 170 72 753 600 153
internal_count=1760 147 111 1613 83 1592 467 447 72 375 174 56 201 122 59 63 47 1125 129 105 77 996 948 48 923 170 72 753 600 153
is_linear=0
shrinkage=0.05


Tree=216
num_leaves=31
num_cat=0
split_feature=210 324 81 81 81 238 124 222 324 110 84 8 0 192 11 86 314 315 111 324 136 286 286 284 319 299 299 182 151 213
split_gain=0.044364 0.148638 0.0736238 0.0758368 0.0604135 0.167687 0.227151 0.105904 0.0925302 0.0756405 0.0769232 0.169047 0.0792986 0.130933 0.134171 0.129403 0.0901883 0.0864444 0.13024 0.13166 0.0985844 0.081331 0.145126 0.114741 0.0984217 0.0777453 0.168061 0.136609 0.129864 0.11567
threshold=0.020398707923847934 -0.0083814587878951602 -0.73722136049892806 -0.71258090336383995 -0.52479451075537364 -0.025895407212596214 -0.0053672808784116883 0.0025724539165636255 0.0068042848312157888 -0.12582806544999117 0.37078620848358995 0.39208074534161497 6.0173751870972945 0.013371904304914436 2.6040497193263836 -0.041835153841586807 -0.025165141195520532 0.041051680378618137 0.030427829854926553 -0.002147244970280232 0.0026830555684795219 -0.018029238245390558 -0.0086515870914025076 -0.012005599579899691 -0.016870421845274253 -0.029701088941845855 -0.039405436023811517 -0.014447453374076574 0.013946194817023026 0.0035491410509699496
decision_type=2 2 2 2 2 2 2 2 2 2 2 2 2 2 2 2 2 2 2 2 2 2 2 2 2 2 2 2 2 2
left_child=2 -2 -1 -4 5 7 -7 -5 -8 -6 11 12 17 14 -14 -15 -16 25 19 20 -19 -18 -23 -24 -25 26 28 -28 -11 -29
right_child=1 -3 3 4 9 6 8 -9 -10 10 -12 -13 13 15 16 -17 21 18 -20 -21 -22 22 23 24 -26 -27 27 29 -30 -31
leaf_value=0.0025874292827211321 0.0020093017409089954 -0.0034229133168564123 -0.0026771359647122716 0.0010950008977670225 -0.0024499065952113598 0.0060257115567635211 -0.00098796901363892029 -0.0039321826379322871 0.002949677688069642 -0.001067215646377436 -0.0029976884435330121 0.0042118821409530939 0.0046322640676711071 -0.0043728148945691913 0.003570971352970586 0.00064122490359530332 0.0029910348623525354 0.0036759633421897895 -0.0040830660597280122 -0.0018651465284925161 -0.00091328537303277048 -0.0040383822529111062 0.0034202032381910144 -0.0031102382875320949 0.00076464907380572548 0.00018110328412999989 0.00036218961351551114 -0.0074206341593526307 0.0022308679155843415 -0.0022214358373869049
leaf_weight=28 20 34 26 20 32 28 37 22 25 85 21 24 27 22 26 31 25 25 33 73 22 20 27 23 57 838 20 20 46 23
leaf_count=28 20 34 26 20 32 28 37 22 25 85 21 24 27 22 26 31 25 25 33 73 22 20 27 23 57 838 20 20 46 23
internal_value=1.05956e-12 -0.00141098 4.46618e-05 2.23182e-06 4.44011e-05 0.00107045 0.00228786 -0.00153829 0.000599792 -4.47029e-05 7.02186e-06 5.00341e-05 -1.91858e-05 0.000775177 0.0013479 -0.00144007 0.000849711 -0.000192136 -0.00130124 -0.000536241 0.0015278 0.000384232 -0.000128918 0.000601822 -0.000349381 -2.77042e-05 -0.000929667 -0.00305178 9.089e-05 -0.00463967
internal_weight=1760 54 1706 1678 1652 132 90 42 62 1520 1488 1467 1443 258 205 53 178 1185 153 120 47 152 127 107 80 1032 194 63 131 43
internal_count=1760 54 1706 1678 1652 132 90 42 62 1520 1488 1467 1443 258 205 53 178 1185 153 120 47 152 127 107 80 1032 194 63 131 43
is_linear=0
shrinkage=0.05


Tree=217
num_leaves=31
num_cat=0
split_feature=248 248 191 280 209 327 194 220 161 236 243 145 135 82 249 150 297 176 308 110 283 144 194 169 321 275 253 132 308 281
split_gain=0.0436035 0.0788896 0.108442 0.0783498 0.0777168 0.0674262 0.115756 0.0698824 0.105576 0.12198 0.171072 0.172915 0.240281 0.120782 0.105445 0.0989114 0.0880066 0.132012 0.102409 0.173807 0.141705 0.160488 0.128499 0.123646 0.121044 0.133106 0.130595 0.116425 0.110948 0.22076
threshold=-0.12016641872665765 -0.049031082480512155 -0.0045508038054877407 -0.025872822399649411 0.017179866671053822 0.056542373532349331 -0.0016002872772233189 -0.048427285125640908 -0.011164372231635073 0.027466631886851268 0.015046968947219921 -0.0041995439934035738 -0.0030983713176728788 -0.35724379257701006 0.012116114582084352 -0.0052402249806604321 -0.067275794918074117 -0.0042378908722235714 0.013476749321113092 -0.053131125647983439 -0.012531507340390933 0.01936842171605296 -0.013076316168528048 -0.063956130873475736 -0.0039156425472934419 0.0069410790274568963 0.0019403223662918837 0.011248907315206327 0.0031927677010294871 -0.0046005618239621637
decision_type=2 2 2 2 2 2 2 2 2 2 2 2 2 2 2 2 2 2 2 2 2 2 2 2 2 2 2 2 2 2
left_child=-1 2 -2 -4 -5 7 -7 8 14 10 11 -10 -13 -11 -3 -12 17 -9 23 -20 21 -21 27 -18 26 -26 -24 -22 -25 -30
right_child=1 5 3 4 -6 6 -8 16 9 13 15 12 -14 -15 -16 -17 18 -19 19 20 22 -23 24 28 25 -27 -28 -29 29 -31
leaf_value=0.0019573535639210607 -0.0032043565157800916 0.0028561843198258432 -0.0028588552383007485 0.0033026439073728397 -0.00049912263866423105 0.00098335611546644945 -0.0036102660378674045 -0.0046603134939108386 -0.00091502526683696352 0.0037500801210461018 -0.0024961853577267559 -0.00075168907697800366 -0.0075540837907122783 -0.00066942166175487313 -0.00087381494967202255 0.0017235720214979133 0.003958569958340377 0.00037106826202943922 0.0044892251705545387 0.00037366657416666987 0.0016470576836062328 -0.0038782693412421007 -0.0034541104195846455 0.00027151530145355776 0.00035929213772760708 0.0044139478340678448 0.0012676383124471614 0.0065076355737718672 0.0013141600424205536 -0.0025930299278258523
leaf_weight=28 45 40 20 20 41 24 32 22 51 22 21 21 34 52 36 41 20 32 34 107 28 28 27 639 48 35 32 22 56 102
leaf_count=28 45 40 20 20 41 24 32 22 51 22 21 21 34 52 36 41 20 32 34 107 28 28 27 639 48 35 32 22 56 102
internal_value=5.35238e-12 -3.16431e-05 -0.00123638 -0.000143065 0.000747358 6.28757e-05 -0.00164157 0.000124456 -0.000536359 -0.00104691 -0.00179193 -0.00301218 -0.00495681 0.000644484 0.00108934 0.000294299 0.000295023 -0.00167875 0.000385502 0.00108684 0.00073307 -0.000508216 0.00160585 7.56103e-05 0.000838293 0.00206909 -0.000893162 0.00378571 -2.18291e-05 -0.0012082
internal_weight=1760 1732 126 81 61 1606 56 1550 318 242 168 106 55 74 76 62 1232 54 1178 361 327 135 192 817 142 83 59 50 797 158
internal_count=1760 1732 126 81 61 1606 56 1550 318 242 168 106 55 74 76 62 1232 54 1178 361 327 135 192 817 142 83 59 50 797 158
is_linear=0
shrinkage=0.05


Tree=218
num_leaves=31
num_cat=0
split_feature=224 143 83 108 153 210 167 328 271 294 217 101 8 100 8 325 325 301 229 166 300 232 229 124 198 107 313 331 231 301
split_gain=0.0420831 0.101393 0.0696468 0.066685 0.208793 0.180174 0.129051 0.143283 0.143163 0.107847 0.0971819 0.098203 0.0938726 0.0920505 0.079266 0.0725353 0.245512 0.234311 0.133881 0.126842 0.11783 0.150409 0.139583 0.134569 0.128742 0.138979 0.108712 0.127326 0.124718 0.104361
threshold=0.089057272137037555 0.01522281182628967 0.067240011836669319 0.04637982593261436 -0.012987471721018317 0.0035695024858502142 0.0077026213563362598 0.020165715693950561 -0.0081216445572694727 0.011641115084709263 -0.0018031271684422025 -0.019636902826401913 0.46805273833671407 0.011065721848459874 0.34450549450549456 0.0073113391617234819 0.011725508768525862 0.022782039262183397 0.0073975552932550055 -0.038545217595699378 -0.041327550324869886 -0.0074115093428079549 0.012308536222003239 -0.01786225192435752 0.0067334618968210207 0.0023704090710851859 0.0109888116925557 0.037713861149453735 -0.066818996547862997 -0.0086568913012829377
decision_type=2 2 2 2 2 2 2 2 2 2 2 2 2 2 2 2 2 2 2 2 2 2 2 2 2 2 2 2 2 2
left_child=3 2 -2 12 5 9 7 10 -8 -5 11 -6 14 -12 15 19 17 18 -17 -1 21 -18 23 -22 25 -24 27 28 -21 -25
right_child=1 -3 -4 4 6 -7 8 -9 -10 -11 13 -13 -14 -15 -16 16 20 -19 -20 26 22 -23 24 29 -26 -27 -28 -29 -30 -31
leaf_value=-0.0025197742185127936 -0.0015212624692746129 -0.0034725236192602541 0.002421599868795879 -0.00063393912639404684 0.0014311424746119884 0.0070317788084503265 -0.0054659235623798208 0.0045628154382575305 -4.6317748326276036e-06 0.0036420937705164158 0.0040997604362755305 -0.0028973792299726293 -0.0033981066840212976 -0.00052827211847298629 0.0024297657197166703 -0.00080888363765552651 -0.00013336222555891084 0.0069181587616913027 0.0041687405490930278 0.0034592198226600888 -0.0013907555976711249 -0.0052157176013376255 -0.0043676040568971083 -5.3539312163290256e-05 0.0011854159105236508 -0.00043074802504669806 -0.0010308416196161112 0.0033279508562578312 -0.00016845968304318314 0.0022229181696262383
leaf_weight=64 24 29 21 29 20 20 21 20 28 30 21 38 21 22 32 35 37 25 22 25 53 24 40 78 42 51 262 31 453 142
leaf_count=64 24 29 21 29 20 20 21 20 28 30 21 38 21 22 32 35 37 25 22 25 53 24 40 78 42 51 262 31 453 142
internal_value=-5.66915e-12 -0.00116703 0.00031874 5.12218e-05 0.000806634 0.00293056 -0.000180367 0.000696295 -0.00234519 0.00154031 -6.93523e-05 -0.00140479 -7.96743e-05 0.00173193 -3.04602e-05 -8.73441e-05 0.000359066 0.00288238 0.0011123 -0.000380852 -8.40004e-05 -0.00213298 0.000223851 0.000870946 -0.0011044 -0.00216123 -0.000203302 0.000222662 2.12725e-05 0.00141581
internal_weight=1760 74 45 1686 249 79 170 121 49 59 101 58 1437 43 1416 1384 549 82 57 835 467 61 406 273 133 91 771 509 478 220
internal_count=1760 74 45 1686 249 79 170 121 49 59 101 58 1437 43 1416 1384 549 82 57 835 467 61 406 273 133 91 771 509 478 220
is_linear=0
shrinkage=0.05


Tree=219
num_leaves=31
num_cat=0
split_feature=290 290 237 137 244 244 325 335 88 179 131 130 300 178 304 164 336 147 113 324 206 200 113 299 168 85 224 257 331 287
split_gain=0.0406098 0.146418 0.22994 0.212298 0.103119 0.135213 0.166245 0.126772 0.149672 0.151454 0.171868 0.12025 0.152795 0.135439 0.150622 0.141419 0.141242 0.137528 0.108907 0.128089 0.148891 0.121434 0.111796 0.108634 0.105295 0.139611 0.131689 0.105261 0.15676 0.124696
threshold=-0.038622879390006228 -0.028547291247155899 0.0067259078348082526 0.0027606749672133696 0.003269046450515253 0.0015185031925778047 0.0011385500381302183 0.017842768601363777 0.097148520675097702 -0.0082402279399208019 0.02014541927412138 -0.031329290646056898 0.011716625599590443 -0.0031263008598581667 0.01552166126160826 0.033391279429946928 -0.017882624791652257 0.0055546372128806509 0.01499937592981705 0.0049565119855628269 0.0010889027138450303 0.0095704166931381719 -0.0094927376719582384 -0.019549398264330362 -0.024766543194674449 -0.11358442515201055 0.036989721204079139 0.0041360877835336608 0.016138824454940796 0.0033373056626244913
decision_type=2 2 2 2 2 2 2 2 2 2 2 2 2 2 2 2 2 2 2 2 2 2 2 2 2 2 2 2 2 2
left_child=-1 2 3 -2 5 7 -7 24 9 -9 -11 12 23 14 -13 16 -15 -16 19 21 -21 22 -18 -6 25 -3 27 28 -26 -29
right_child=1 4 -4 -5 11 6 -8 8 -10 10 -12 13 -14 15 17 -17 18 -19 -20 20 -22 -23 -24 -25 26 -27 -28 29 -30 -31
leaf_value=-0.00059724460864363585 0.0015530892121424931 0.0043441104927166765 -0.0013937351169131165 0.0082492735073901712 0.0020053989322925056 0.000246752406625698 0.0064190897159278398 -0.0011187347470812739 0.0047413554111179635 0.0038044268508976397 -0.0010228122536708336 -0.0018817278081978018 -0.004269543071385733 -0.0011993839248845525 0.0030553599235847492 -0.0027937161042010071 0.003144173325960186 -0.0014496277712169104 -0.00061964566179085524 0.0070823843050748115 0.0018169698140840847 0.0046103910246165468 -0.0011601003298286137 -0.001728037465135068 0.0012499828538838824 0.00013998244735308047 -0.0024150105462013016 0.00018038955381948304 -0.0019784686007001933 -0.0024012845498509704
leaf_weight=245 29 28 28 20 27 24 20 62 28 54 28 157 43 55 36 27 22 32 40 25 29 20 48 70 188 67 72 104 47 85
leaf_count=245 29 28 28 20 27 24 20 62 28 54 28 157 43 55 36 27 22 32 40 25 29 20 48 70 188 67 72 104 47 85
internal_value=6.11522e-12 9.65841e-05 0.00222079 0.00428623 -1.71596e-05 0.000357241 0.00305236 0.000201822 0.00139649 0.000746102 0.0021561 -0.000495989 -0.00178862 -0.000127418 -0.00103034 0.000636332 0.00102383 0.000935366 0.00168837 0.00232949 0.00425466 0.00117439 0.000192671 -0.000688834 -0.000145866 0.00137909 -0.000437945 -0.000102217 0.000604293 -0.000980681
internal_weight=1760 1515 77 49 1438 807 44 763 172 144 82 631 140 491 225 266 239 68 184 144 54 90 70 97 591 95 496 424 235 189
internal_count=1760 1515 77 49 1438 807 44 763 172 144 82 631 140 491 225 266 239 68 184 144 54 90 70 97 591 95 496 424 235 189
is_linear=0
shrinkage=0.05


Tree=220
num_leaves=31
num_cat=0
split_feature=325 199 325 163 190 287 61 330 257 283 182 49 118 113 274 132 186 195 330 96 270 238 98 147 127 9 155 255 333 231
split_gain=0.0392537 0.146845 0.0637935 0.174801 0.0701077 0.161208 0.114633 0.109939 0.135676 0.127962 0.171232 0.144509 0.142242 0.117511 0.130815 0.138181 0.120893 0.117361 0.106875 0.15134 0.106458 0.131369 0.155129 0.131663 0.142321 0.158558 0.135338 0.112798 0.105299 0.180366
threshold=-0.064647807762256107 0.012819456643106951 -0.049769335419710188 -0.0028854821387986579 -0.0059414990005728406 -0.068869481094224874 3.0677824455408698 0.0013851042566896457 -0.00067023083795649408 -0.009961746858091973 -0.023972774415122855 1.0000000180025095e-35 0.0083333315671115585 -0.028903833023330338 -0.019336569102266166 -0.0058077445519223265 -0.0024898893881656848 0.00090338985629236752 -0.01122888901190683 -0.01088154633890541 -0.032930605840140008 0.0061734900100125015 0.003168623609967208 0.0059106712864703112 0.0062846956175085849 0.020841666666666672 -0.0026008770871985142 0.010382202745028697 0.0056262699572859768 0.00052716785305797207
decision_type=2 2 2 2 2 2 2 2 2 2 2 2 2 2 2 2 2 2 2 2 2 2 2 2 2 2 2 2 2 2
left_child=1 -1 3 -2 5 -4 -7 9 13 11 -11 18 20 -9 15 -15 -16 -14 -6 -20 -12 23 -23 24 25 -22 -26 -25 29 -18
right_child=2 -3 4 -5 7 6 -8 8 -10 10 12 -13 17 14 16 -17 28 -19 19 -21 21 22 -24 27 26 -27 -28 -29 -30 -31
leaf_value=-0.00060584823060910124 0.00089817703037018261 0.0047376680489105635 0.0041547442133313397 -0.0047031176007854255 0.00061572881909558504 0.00011163359149662764 0.0035758691765367988 -0.0035903857377845615 -0.0017085810865570057 0.0041643800864489206 0.0036033289804537267 -0.0036410553083341154 0.00044966089146053598 -0.0044386623167576127 -0.00043849266236439013 0.00040354065781952262 0.0010293415936757811 -0.0030020373913904898 0.0010300436469895596 -0.0044694347808876171 0.0035119698858276632 0.0010681425122634714 -0.0037571357611487924 0.0014842858374447981 0.0015906808007275686 -0.0023646281153725632 0.0071089206039905558 -0.0033274045790589995 0.00010008158634365019 0.0066359359154235936
leaf_weight=36 30 20 28 26 126 533 25 21 219 34 36 36 53 26 78 34 32 46 22 29 24 36 31 29 20 22 25 21 36 26
leaf_count=36 30 20 28 26 126 533 25 21 219 34 36 36 53 26 78 34 32 46 22 29 24 36 31 29 20 22 25 21 36 26
internal_value=-1.4061e-12 0.00130255 -4.28068e-05 -0.00170242 1.35879e-05 0.000452611 0.000266841 -0.00022866 -0.000797433 0.000226358 0.000779841 -0.000753281 0.000444347 -8.73187e-06 0.00031547 -0.00169475 0.00101671 -0.00115416 -0.000165937 -0.00209711 0.00109292 0.000658427 -0.00116445 0.00152462 0.00265717 0.000701423 0.00465637 -0.000536624 0.00222421 0.00354264
internal_weight=1760 56 1704 56 1648 586 558 1062 472 590 377 213 343 253 232 60 172 99 177 51 244 208 67 141 91 46 45 50 94 58
internal_count=1760 56 1704 56 1648 586 558 1062 472 590 377 213 343 253 232 60 172 99 177 51 244 208 67 141 91 46 45 50 94 58
is_linear=0
shrinkage=0.05


Tree=221
num_leaves=31
num_cat=0
split_feature=210 282 81 81 81 238 124 222 324 81 96 315 208 117 265 19 217 334 303 272 201 310 234 264 264 150 106 218 228 166
split_gain=0.0392993 0.128654 0.0611556 0.0596408 0.0531415 0.143498 0.190961 0.0853677 0.0781096 0.0666618 0.0574199 0.0988155 0.0948988 0.100328 0.131479 0.114082 0.132821 0.0910161 0.104702 0.0885107 0.16139 0.178849 0.103458 0.163726 0.0970239 0.141338 0.169936 0.119455 0.103816 0.0824528
threshold=0.020398707923847934 0.0064631360464357445 -0.73722136049892806 -0.71258090336383995 -0.52479451075537364 -0.025895407212596214 -0.0053672808784116883 0.0025724539165636255 0.0068042848312157888 -0.517127081362874 0.005155382981563387 0.057264826229535416 -0.040683507073973273 0.028634830343635013 -0.0299912809565645 7.2678571428571432 -0.011250450593756043 0.015588487209121508 0.0052504035777970288 0.00036784615037016057 0.0011152593034527282 0.016112087334235529 -0.0051615733391134995 0.011374789577474254 -0.013548909213947902 -0.0038286070143895351 -0.0010036416981967597 -0.018364774502004282 0.0015170047635718502 0.015643552738068528
decision_type=2 2 2 2 2 2 2 2 2 2 2 2 2 2 2 2 2 2 2 2 2 2 2 2 2 2 2 2 2 2
left_child=2 -2 -1 -4 5 7 -7 -5 -8 -6 -11 12 -12 15 -15 16 -14 18 -16 20 29 22 -22 -24 28 26 -26 -27 -21 -17
right_child=1 -3 3 4 9 6 8 -9 -10 10 11 -13 13 14 17 19 -18 -19 -20 24 21 -23 23 -25 25 27 -28 -29 -30 -31
leaf_value=0.0023595127094137884 -0.0035939795069460725 0.0013005325533449652 -0.0023727326797178157 0.00095404310966841878 -0.0024598943618392307 0.0055564509920908939 -0.00087730237212019506 -0.0035594731177711354 0.0027405202267691497 0.00025201264159489481 -0.0031843786826357247 -0.0032286569540356767 -0.00030540260572538335 0.0049209670699201531 0.0033769925901045404 2.2501973678538604e-05 -0.0054760283061667629 -0.002274719930415892 -0.00057656066509319801 -0.00096746534430261315 0.00083851336116472696 -0.0012550249587123593 0.0078839967831630595 0.0018506217520157604 -0.0011699856837124876 0.0028213452838826928 -0.0068824913510900886 -0.0015614678835021859 0.0037151177064515652 -0.0032948395205984037
leaf_weight=28 29 25 26 20 28 28 37 22 25 906 26 29 27 20 33 67 23 23 34 29 26 30 22 23 30 22 23 53 20 26
leaf_count=28 29 25 26 20 28 28 37 22 25 906 26 29 27 20 33 67 23 23 34 29 26 30 22 23 30 22 23 53 20 26
internal_value=3.62971e-13 -0.001328 4.20352e-05 3.36456e-06 4.07608e-05 0.00100307 0.00212926 -0.00141018 0.000581497 -4.28086e-05 2.55223e-06 -0.000383132 -0.000234981 -9.05662e-05 0.00125399 -0.000441874 -0.00268389 0.000439101 0.00137071 -0.000139716 0.000597962 0.00198181 0.00334949 0.00480027 -0.000948244 -0.00167254 -0.003649 -0.000275843 0.000943793 -0.000904927
internal_weight=1760 54 1706 1678 1652 132 90 42 62 1520 1492 586 557 531 110 421 50 90 67 371 194 101 71 45 177 128 53 75 49 93
internal_count=1760 54 1706 1678 1652 132 90 42 62 1520 1492 586 557 531 110 421 50 90 67 371 194 101 71 45 177 128 53 75 49 93
is_linear=0
shrinkage=0.05


Tree=222
num_leaves=31
num_cat=0
split_feature=194 177 215 301 211 204 303 311 286 171 230 253 187 187 336 289 297 267 301 21 313 287 272 330 11 99 290 139 274 166
split_gain=0.0389559 0.0487677 0.0610722 0.0608107 0.111061 0.159991 0.0769294 0.0696125 0.0640418 0.0858287 0.0724993 0.131684 0.0698929 0.103931 0.194654 0.174497 0.182001 0.131237 0.107316 0.159908 0.122206 0.122963 0.118914 0.164133 0.141054 0.128615 0.0945914 0.0927969 0.131974 0.0885719
threshold=-0.083853607207984543 0.060917332222825214 -0.1142087567662048 0.045817531668576932 -0.013817487352053183 0.0060544411144638306 0.073606983846013885 -0.015332362433587845 -0.081155854699186875 0.0056418092576902626 0.08278972186940381 -0.005609676590089748 0.0023149768757803652 0.0062670873846814293 -0.010621063367639258 -0.016377647528111234 -0.014222953626719994 0.0008831185394267047 0.01439789213860323 1.0000000180025095e-35 0.053530303589933458 0.032288974328131083 -0.034105253638716887 -0.01122888901190683 4.1049103517069669 0.012530231724649067 0.024811752230649308 -0.0041105441958558895 -0.00078869091366081973 0.0015404105164915933
decision_type=2 2 2 2 2 2 2 2 2 2 2 2 2 2 2 2 2 2 2 2 2 2 2 2 2 2 2 2 2 2
left_child=-1 2 -2 6 7 -6 8 -5 9 -4 12 -12 29 14 -14 -16 -17 -18 20 26 21 22 -15 25 -25 -24 27 28 -20 -10
right_child=1 -3 3 4 5 -7 -8 -9 10 -11 11 -13 13 18 15 16 17 -19 19 -21 -22 -23 23 24 -26 -27 -28 -29 -30 -31
leaf_value=0.0021406246038774652 0.0022481095915039381 -0.0018733617484602812 -0.00018012014310806991 0.0028577384655363858 -0.00075092369279022831 -0.0059933108867632904 0.0024847863403010709 -0.00071280746799243927 -0.00074405504866538138 0.0041019498307088556 0.0003345268233014005 -0.0042658485692559879 -0.0016066346218753043 0.0024121990222116248 -0.0012868812010856346 0.00050538091280031953 0.0034123045793320568 0.0086146927671507008 -0.0012058122597712404 0.0054424045281484725 0.0030232556611299519 -0.0028356100049747443 -0.0001196416321909055 -0.00095505009583952234 -0.0054342964384704838 0.0041480174915005377 0.0035008098771372302 -0.001934570205376076 0.0041555535344576294 0.00032822851896159604
leaf_weight=21 30 35 25 20 43 22 32 43 453 22 35 28 33 38 20 25 27 22 24 20 25 52 55 145 20 26 22 40 22 335
leaf_count=21 30 35 25 20 43 22 32 43 453 22 35 28 33 38 20 25 27 22 24 20 25 52 55 145 20 26 22 40 22 335
internal_value=-2.94914e-12 -2.585e-05 1.20977e-05 -2.79742e-05 -0.0010753 -0.00252527 5.87385e-05 0.000420699 7.46143e-06 0.00182425 -5.07453e-05 -0.00171008 2.37123e-05 0.000422715 0.00169711 0.00285694 0.00397689 0.00574807 9.17362e-05 0.00133567 -0.000349326 -0.000600262 -0.000190973 -0.00059309 -0.00149799 0.00125022 0.000575164 -0.000173257 0.00135832 -0.000288198
internal_weight=1760 1739 1704 1674 128 65 1546 63 1514 47 1467 63 1404 616 127 94 74 49 489 128 361 336 284 246 165 81 108 86 46 788
internal_count=1760 1739 1704 1674 128 65 1546 63 1514 47 1467 63 1404 616 127 94 74 49 489 128 361 336 284 246 165 81 108 86 46 788
is_linear=0
shrinkage=0.05


Tree=223
num_leaves=31
num_cat=0
split_feature=119 308 308 109 136 330 172 180 193 162 208 191 112 289 244 243 244 331 202 56 309 321 155 256 305 238 61 284 212 273
split_gain=0.0368365 0.0432933 0.111851 0.128096 0.181169 0.105362 0.100339 0.153374 0.1676 0.208304 0.175028 0.123102 0.160395 0.121654 0.103699 0.156499 0.154565 0.148652 0.139264 0.136941 0.120945 0.0969322 0.114381 0.110457 0.106027 0.0937463 0.0881248 0.0898435 0.0869481 0.0863134
threshold=0.11244189328913924 -0.017972662439999832 -0.0090654230300302174 -0.012191447878368939 0.012070872523209627 0.016244516214157841 -0.017519421418657984 0.038155332348304739 0.039507708673304796 -0.0070223242731157764 0.0033513023718364193 0.0037808395483885601 0.0084878593051453937 0.0097200929470682203 0.0035735583291262407 0.0084717992993394962 0.0015185031925778047 0.024059284777572233 -0.0075892966053282109 1.0000000180025095e-35 -0.015933593801296535 0.012343536594837789 -0.018168224505112674 0.036401831218670792 0.0013746163294335433 0.0030547774769690774 3.1567740231385479 0.052702387947184008 0.042621522721872418 -0.031398129588234215
decision_type=2 2 2 2 2 2 2 2 2 2 2 2 2 2 2 2 2 2 2 2 2 2 2 2 2 2 2 2 2 2
left_child=1 -1 3 4 -3 -5 7 8 9 10 -4 13 -13 -11 16 21 19 18 -17 26 -20 22 -16 24 25 -24 27 29 -22 -8
right_child=-2 2 6 5 -6 -7 14 -9 -10 11 -12 12 -14 -15 15 17 -18 -19 20 -21 28 -23 23 -25 -26 -27 -28 -29 -30 -31
leaf_value=-0.0003917280075362991 -0.0015829620921673877 0.0013045695156040716 0.0080301108701281588 -0.0004750214437927055 0.0071091377723496415 0.0032126732468605044 0.0018167555806160507 -0.0027193374456837773 -0.0023711900034686551 0.00069091602378258752 0.0021585474916112918 -0.002698075773323102 0.0028338080731737138 0.0055046688454846544 0.0003248739246434222 -0.0032035182695835831 0.0034242354346705334 0.0033995060355312399 -0.0025536124167653425 0.0031462292099604383 0.003433806603436207 8.4662737737579109e-06 -0.0034070283599878445 0.0002763667842373252 -0.0022374075462927444 -0.0077892517012989396 -0.0028567176389818392 -0.0031646184432743626 -5.3394169400433341e-05 -0.00019767532158870718
leaf_weight=445 36 41 22 86 20 25 63 25 25 35 30 38 20 21 30 34 35 31 24 32 33 55 26 20 53 23 30 22 39 341
leaf_count=445 36 41 22 86 20 25 63 25 25 35 30 38 20 21 30 34 35 31 24 32 33 55 26 20 53 23 30 22 39 341
internal_value=1.39425e-12 3.30549e-05 0.000180849 0.00136706 0.00320771 0.00035554 -3.45934e-06 0.000963357 0.00144538 0.00202017 0.00464267 0.000823942 -0.00079053 0.00249607 -0.000237839 -0.000880889 0.000214632 0.000288271 -0.000453639 -1.55645e-05 0.000520277 -0.00179024 -0.00244108 -0.00312124 -0.00378743 -0.00546399 -0.000237445 -5.29889e-05 0.00154491 0.000116456
internal_weight=1760 1724 1279 172 61 111 1107 216 191 166 52 114 58 56 891 368 523 161 130 488 96 207 152 122 102 49 456 426 72 404
internal_count=1760 1724 1279 172 61 111 1107 216 191 166 52 114 58 56 891 368 523 161 130 488 96 207 152 122 102 49 456 426 72 404
is_linear=0
shrinkage=0.05


Tree=224
num_leaves=31
num_cat=0
split_feature=290 290 237 238 244 244 325 335 88 179 131 323 244 246 230 292 9 222 211 289 305 176 178 83 307 312 302 255 255 166
split_gain=0.0366453 0.127324 0.195783 0.189245 0.0781642 0.105148 0.145021 0.111746 0.12585 0.133443 0.144165 0.104899 0.147057 0.143923 0.13712 0.12804 0.100337 0.0998951 0.117122 0.0996037 0.164641 0.15377 0.110097 0.0974564 0.130861 0.0941741 0.0901629 0.0864748 0.086899 0.0894524
threshold=-0.038622879390006228 -0.028547291247155899 0.0067259078348082526 -0.0068412063685335195 0.003269046450515253 0.0015185031925778047 0.0011385500381302183 0.017842768601363777 0.097148520675097702 -0.0082402279399208019 0.02014541927412138 -0.008107736831877951 0.023699429920019287 0.023084005641553603 0.0080305019388755578 -0.0029536843471640317 0.028602894902454375 -0.0088235394440030774 -0.057928689535527246 -0.024031019536297615 -0.026560958226649195 0.016554231273854539 0.0028057468352367765 0.26120815017934923 0.014992832951705724 0.0021821801086752261 -0.0050883039578360238 0.067990347139762888 0.040807608575103814 0.039091019383306495
decision_type=2 2 2 2 2 2 2 2 2 2 2 2 2 2 2 2 2 2 2 2 2 2 2 2 2 2 2 2 2 2
left_child=-1 2 3 -2 5 7 -7 19 9 -9 25 -6 13 14 17 16 -14 -13 -19 20 -3 22 -22 27 -25 -11 -16 28 29 -21
right_child=1 4 -4 -5 11 6 -8 8 -10 10 -12 12 15 -15 26 -17 -18 18 -20 23 21 -23 -24 24 -26 -27 -28 -29 -30 -31
leaf_value=-0.00056734328851940075 0.00093394728533166939 -0.0025375108161824755 -0.0012626629031728953 0.0071498590773747608 -0.0012350221671190431 6.7922484595328578e-05 0.0058328098547644914 -0.0010506015492513056 0.0043633765202165317 0.005699856430650331 -0.00088811227448916592 -0.0051661969958654332 0.0050090232611120014 0.0018384475331766079 0.0027772447597023777 0.00011785450235526981 0.0011255197116555886 -0.0047473230655305093 -2.0211373798941314e-05 -3.9945688022481616e-05 0.0054313278086765698 -0.0011562633240268601 0.0013771880224393339 -0.0039572979422944901 0.00097595447208732367 0.0015209090047782021 -0.00133072329164647 -0.0024081483070040122 0.0020005718949821076 -0.0034144304676114452
leaf_weight=245 25 24 28 24 247 24 20 62 28 26 28 31 29 37 22 134 39 20 38 303 33 26 34 41 20 28 34 40 49 21
leaf_count=245 25 24 28 24 247 24 20 62 28 26 28 31 29 37 22 134 39 20 38 303 33 26 34 41 20 28 34 40 49 21
internal_value=-4.16766e-14 9.17486e-05 0.00207261 0.00397848 -1.43196e-05 0.000311646 0.00268833 0.00017459 0.00129623 0.000699842 0.00202335 -0.000431205 8.58338e-05 -0.000944996 -0.00165525 0.0010146 0.00278172 -0.00287491 -0.00165025 -0.000151844 0.00115466 0.00210748 0.003374 -0.000474335 -0.00233984 0.00353299 0.000283121 -0.0001988 3.81272e-05 -0.000258662
internal_weight=1760 1515 77 49 1438 807 44 763 172 144 82 631 384 182 145 202 68 89 58 591 117 93 67 474 61 54 56 413 373 324
internal_count=1760 1515 77 49 1438 807 44 763 172 144 82 631 384 182 145 202 68 89 58 591 117 93 67 474 61 54 56 413 373 324
is_linear=0
shrinkage=0.05


Tree=225
num_leaves=31
num_cat=0
split_feature=325 273 303 325 157 190 287 324 276 201 61 336 297 175 105 122 85 113 330 257 283 182 9 265 209 118 178 113 274 113
split_gain=0.0364541 0.115893 0.15825 0.0812305 0.133437 0.061253 0.137149 0.107931 0.120379 0.107318 0.105319 0.0955832 0.10635 0.128356 0.0943599 0.108984 0.0970634 0.0969164 0.088744 0.117626 0.114498 0.143077 0.130211 0.121975 0.126559 0.118911 0.118873 0.103062 0.110125 0.120008
threshold=-0.06032674054203984 0.019315121169042986 -0.0014826122170041747 -0.049769335419710188 -0.003037618679632629 -0.0059414990005728406 -0.068869481094224874 0.030793604669780629 -0.016716062316187875 0.0066462982832369124 3.0677824455408698 -0.048406419469069102 0.026948634820475489 -0.014242502298028556 -0.016017846427290549 -0.032889517992862084 0.13700492679024714 0.025689018064275895 0.0013851042566896457 -0.00067023083795649408 -0.009961746858091973 -0.023972774415122855 0.0040323236264897654 0.0062455911593579426 0.73058315779480532 0.0083333315671115585 0.016157274843255267 -0.028903833023330338 -0.019336569102266166 -0.0017596395960980901
decision_type=2 2 2 2 2 2 2 2 2 2 2 2 2 2 2 2 2 2 2 2 2 2 2 2 2 2 2 2 2 2
left_child=1 2 -1 4 -2 6 -5 10 -9 -10 11 -8 14 -14 16 -16 17 -13 20 27 22 -22 -7 24 26 -23 -24 -20 29 -29
right_child=3 -3 -4 5 -6 18 7 8 9 -11 -12 12 13 -15 15 -17 -18 -19 19 -21 21 25 23 -25 -26 -27 -28 28 -30 -31
leaf_value=-5.5307157163042581e-05 -0.0051735411991830921 -0.0015285027940990404 0.005966779606533237 0.0038341166509781033 0.00046940199522809556 -0.0045755833783186969 -0.002681084562270068 -0.0043657376290260194 -0.002331648825565935 0.0016745741978021608 0.003932025546038693 0.00044248502693947984 0.0047832512451956672 0.00067627684463961776 0.0034134327480569481 0.00033497650657855673 -0.0036345396696124224 -0.0033767952080233955 -0.0033482904878578018 -0.0015767973680306997 0.0038087520242483797 0.0010012884531504108 0.00050914708756156168 0.0012921921518783267 -0.0048356187111321131 -0.0010532580758797739 -0.0033302814367094213 0.00077711798387162135 0.00095295983770737685 -0.0036976486555255587
leaf_weight=24 20 26 20 28 22 20 24 24 32 35 22 98 30 52 35 161 25 20 21 219 34 244 72 72 21 99 28 29 172 31
leaf_count=24 20 26 20 28 22 20 24 24 32 35 22 98 30 52 35 161 25 20 21 219 34 244 72 72 21 99 28 29 172 31
internal_value=-3.51809e-13 0.0011181 0.00268201 -4.63119e-05 -0.00221771 9.0272e-06 0.000419391 0.000248042 -0.00132726 -0.000238846 0.000555006 0.000388053 0.000563015 0.00217883 0.00017217 0.000884701 -0.000804447 -0.000204851 -0.000217407 -0.00072842 0.000191404 0.000714959 -0.000735263 -0.000337303 -0.00130692 0.000408285 -0.000565893 5.94587e-06 0.000309562 -0.00153484
internal_weight=1760 70 44 1690 42 1648 586 558 91 67 467 445 421 82 339 196 143 118 1062 472 590 377 213 193 121 343 100 253 232 60
internal_count=1760 70 44 1690 42 1648 586 558 91 67 467 445 421 82 339 196 143 118 1062 472 590 377 213 193 121 343 100 253 232 60
is_linear=0
shrinkage=0.05


Tree=226
num_leaves=31
num_cat=0
split_feature=290 273 331 139 293 175 0 283 330 124 10 94 271 284 153 133 221 135 293 293 133 216 285 156 137 190 286 92 302 194
split_gain=0.0360712 0.0424061 0.0423794 0.104447 0.112262 0.128884 0.163045 0.20767 0.151776 0.137587 0.19153 0.115297 0.150145 0.112603 0.112165 0.119035 0.147202 0.107881 0.101646 0.167668 0.129076 0.156768 0.150679 0.112152 0.106582 0.120838 0.143496 0.100419 0.0945466 0.13218
threshold=-0.099838902808241939 -0.11227780571871669 0.00086781931300224677 -0.023222315603919221 0.022559616392372986 0.00052384187643668249 5.9335696915338003 -0.0019567825717502724 0.015441898357152791 -0.0091407159265278516 0.025807525807525811 -0.06161346482808034 -0.0034604980836374075 -0.0057913187998369199 0.0085481778894772511 -0.036213670299054472 -0.0086558806731092917 0.010863755844955721 0.015650856558414947 0.020089058586741784 0.026897811264835352 -0.040698432100486757 -0.01246929621689841 0.0035036647210486419 0.0095367924658983829 -0.0049061956744609657 -0.0051153472846079042 0.095987943368830625 0.017588620130276233 -0.0063734958172985941
decision_type=2 2 2 2 2 2 2 2 2 2 2 2 2 2 2 2 2 2 2 2 2 2 2 2 2 2 2 2 2 2
left_child=-1 -2 3 -3 5 6 8 13 11 -10 -11 -5 17 -8 15 -6 -17 -13 20 -20 21 22 -4 -24 27 -26 -27 -23 -7 -30
right_child=1 2 18 4 14 28 7 -9 9 10 -12 12 -14 -15 -16 16 -18 -19 19 -21 -22 24 23 -25 25 26 -28 -29 29 -31
leaf_value=-0.0017802813057122486 0.0023177870927611369 -0.00094776776103045509 -0.0001963902311399579 0.0031963139343795114 0.0015587636700365693 0.00054108567664744192 0.003784597776113795 0.0063220422098778989 -0.00058194137898019769 0.0010346808742724533 0.0073514925816501389 0.0025433910678839314 -0.0025282583500181015 -0.00074688298286516863 0.00076557369596373876 -0.0057086412208499741 -0.00099821730051020464 -0.0016969179152511061 0.0047832229830832643 0.00019834078711724267 0.00074776375673058697 -0.00039548317834627462 -0.0025693517233732911 -0.0078010333594284026 0.00021854583671772226 -0.0060564959156046696 -0.0014057526374398189 0.0029847386147594081 -0.0049279755646629 -2.9311275575309992e-05
leaf_weight=28 20 152 25 22 20 194 26 35 22 24 24 40 60 29 76 27 43 24 22 213 137 260 21 20 41 27 43 24 21 40
leaf_count=28 20 152 25 22 20 194 26 35 22 24 24 40 60 29 76 27 43 24 22 213 137 260 21 20 41 27 43 24 21 40
internal_value=-2.44117e-12 2.87805e-05 2.0398e-06 0.000244212 0.000493429 0.000831409 0.00152323 0.00331124 0.000778234 0.00269236 0.00419309 -0.0001395 -0.000731338 0.00139527 -0.000648782 -0.00184313 -0.0028151 0.000953275 -0.000253505 0.000627564 -0.000599745 -0.0010002 -0.00325586 -0.00512139 -0.000623302 -0.00193705 -0.00319961 -0.000109831 1.21837e-06 -0.00171574
internal_weight=1760 1732 1712 879 727 561 306 90 216 70 48 146 124 55 166 90 70 64 833 235 598 461 66 41 395 111 70 284 255 61
internal_count=1760 1732 1712 879 727 561 306 90 216 70 48 146 124 55 166 90 70 64 833 235 598 461 66 41 395 111 70 284 255 61
is_linear=0
shrinkage=0.05


Tree=227
num_leaves=31
num_cat=0
split_feature=248 248 179 327 124 148 303 325 86 0 150 330 336 247 298 178 212 322 207 209 82 202 52 307 186 218 110 164 309 223
split_gain=0.0353644 0.0638603 0.091372 0.050468 0.109063 0.0511523 0.117556 0.123531 0.11615 0.115056 0.106728 0.0997279 0.135283 0.15492 0.134436 0.0992043 0.116274 0.146396 0.126337 0.0958243 0.0918266 0.0917396 0.0875444 0.0839803 0.0862438 0.0778989 0.121489 0.076849 0.0753764 0.0789248
threshold=-0.12016641872665765 -0.073163144242855374 0.00029402091251346971 0.056542373532349331 -0.0029072426893997738 0.0004156982137094336 -0.071147961168459325 -0.064647807762256107 0.052487262748658448 9.624995342275481 -0.028965554045193274 0.0018349165539474626 -0.018876979562180232 -0.032307099878958807 1.0000000180025095e-35 0.021307898531478589 0.013707231286680424 0.015555966825408959 -0.014296302409111212 0.016180004160970995 0.34339369058015556 0.00079695063240113313 0.89587973461402759 -0.0021700304392056904 0.0021036639256657862 0.0077081655629434058 0.015888506095928293 -0.0052677541090439045 0.0088782699665884372 -0.0064207300675297582
decision_type=2 2 2 2 2 2 2 2 2 2 2 2 2 2 2 2 2 2 2 2 2 2 2 2 2 2 2 2 2 2
left_child=-1 2 -2 5 -5 22 -7 -8 11 10 -10 12 13 -9 -15 16 18 21 -14 -13 -12 -18 -3 -20 27 28 -27 -25 29 -21
right_child=1 3 -4 4 -6 6 7 8 9 -11 20 19 15 14 -16 -17 17 -19 23 25 -22 -23 -24 24 -26 26 -28 -29 -30 -31
leaf_value=0.0017627552833541166 -0.0035882872203364968 -8.0280163215486804e-05 0.00022438270671321363 -0.0041903056056154051 0.00030232753272035293 0.0038940080542765234 0.0039576214251362462 0.0017666893833804698 0.0032548511957429583 0.0037231923147503822 -0.00049010524854207745 -0.0039888611454516653 -0.0021093030180782081 -0.00058053389424458143 -0.0063084396766498688 0.0036416514985391809 -0.0042596330571298795 0.0022846605623878229 0.00020629528232596136 -0.00035948348464444281 0.002458742246116427 -0.00015854369713633786 -0.0025684828184091967 0.0025417020005988888 0.00094198930758769474 -0.0036395634027113297 0.00057351827147483292 0.0069248794521763555 -0.001604820534364905 0.0028598113760711966
leaf_weight=28 30 793 33 22 35 23 22 21 32 35 132 25 20 20 21 29 30 24 33 45 33 25 37 20 24 44 28 20 43 33
leaf_count=28 30 793 33 22 35 23 22 21 32 35 132 25 20 20 21 29 30 24 33 45 33 25 37 20 24 44 28 20 43 33
internal_value=4.81986e-12 -2.84972e-05 -0.00159117 3.04894e-05 -0.00143167 8.21911e-05 0.000372363 0.000265647 0.000155439 0.00108152 0.000612182 -0.000270007 0.000342372 -0.0017256 -0.00351434 0.000912214 0.000508369 -0.00097368 0.00150907 -0.00107621 9.96643e-05 -0.0023955 -0.0001912 0.00225512 0.00331155 -0.000698925 -0.00200114 0.00473329 7.59482e-05 0.00100253
internal_weight=1760 1732 63 1669 57 1612 782 759 737 232 197 505 287 62 41 225 196 79 117 218 165 55 830 97 64 193 72 40 121 78
internal_count=1760 1732 63 1669 57 1612 782 759 737 232 197 505 287 62 41 225 196 79 117 218 165 55 830 97 64 193 72 40 121 78
is_linear=0
shrinkage=0.05


Tree=228
num_leaves=31
num_cat=0
split_feature=0 112 319 50 55 1 307 1 130 335 125 210 221 191 82 261 147 177 260 96 191 238 284 167 117 285 328 179 305 259
split_gain=0.0354401 0.20243 0.129139 0.0683157 0.0511712 0.101914 0.110385 0.0652161 0.120346 0.0933943 0.152943 0.128153 0.0883154 0.115323 0.068961 0.104876 0.0654646 0.0608397 0.0732485 0.0489102 0.111046 0.122824 0.0930394 0.0914472 0.100916 0.0818001 0.0856897 0.0884425 0.148018 0.138251
threshold=11.022253272935755 0.0057290361591295419 -0.0044322788338698477 2.9174053685313028 1.0000000180025095e-35 5.4466537588492008 0.0059676366093752735 4.8559213341406453 0.036504624868195897 0.0047910136671853133 0.013644044736699021 -0.64238176852856843 0.035516053356169912 6.5581688809405355e-05 -0.43634022355639984 -0.0046747892869218608 0.0042752015500821744 0.052276444494178266 0.016328622290599133 0.005155382981563387 -0.018687636818509254 0.043996000889977023 0.052702387947184008 0.022891941807782135 0.016356781240010481 0.077983328946301181 -0.053284244314683905 -0.008826962996642455 -0.0039986596472796994 -0.014576002369308751
decision_type=2 2 2 2 2 2 2 2 2 2 2 2 2 2 2 2 2 2 2 2 2 2 2 2 2 2 2 2 2 2
left_child=3 2 -2 4 5 7 -7 14 9 11 -11 -9 13 16 15 -1 -13 19 -19 20 21 23 -21 24 -16 26 -22 28 -28 -30
right_child=1 -3 -4 -5 -6 6 -8 8 -10 10 -12 12 -14 -15 17 -17 -18 18 -20 22 25 -23 -24 -25 -26 -27 27 -29 29 -31
leaf_value=-0.0046971755032427613 -0.0033652749614860944 0.0051788548672837874 0.0021282856771722438 -0.0024495325821997792 0.002044614313635975 -0.00017082591261714699 -0.0051544567942619322 -0.0038732257999733767 0.0039232270376357648 0.0042707749875262385 -0.0012206909285547834 -0.0020740285548210679 -0.0025175146895344371 0.0041377642191946507 -0.000945536484804881 0.00042327352450229229 0.0017872054251797853 -0.0033149192106308577 0.00048346617470749402 -0.00019420138327538806 -0.0022849536925922476 0.0050258747035903592 -0.0034459038298455592 0.0032218098795662323 0.0022715091820205806 0.0027301021497875741 0.00051295724859560978 0.00051566901973399153 -0.0048855106440896636 -0.00089057577728752558
leaf_weight=20 23 21 20 29 30 25 20 22 28 32 21 23 20 23 68 20 21 30 22 505 43 21 23 33 38 26 105 349 32 67
leaf_count=20 23 21 20 29 30 25 20 22 28 32 21 23 20 23 68 20 21 30 22 505 43 21 23 33 38 26 105 349 32 67
internal_value=3.92905e-12 0.00115501 -0.00081013 -4.35851e-05 -1.72999e-06 -3.92317e-05 -0.00238577 2.70964e-05 0.000896403 0.000373249 0.00209491 -0.00046389 0.000398241 0.00126862 -9.07127e-05 -0.00213695 -0.000231167 -3.06176e-05 -0.00170791 3.5962e-05 0.000287005 0.00146177 -0.000335848 0.000923314 0.000207744 -1.51869e-05 -0.000134948 3.22316e-05 -0.000794826 -0.00218187
internal_weight=1760 64 43 1696 1667 1637 45 1592 190 162 53 109 87 67 1402 40 44 1362 52 1310 782 160 528 139 106 622 596 553 204 99
internal_count=1760 64 43 1696 1667 1637 45 1592 190 162 53 109 87 67 1402 40 44 1362 52 1310 782 160 528 139 106 622 596 553 204 99
is_linear=0
shrinkage=0.05


Tree=229
num_leaves=31
num_cat=0
split_feature=324 0 215 193 152 288 300 199 332 309 207 220 255 276 168 230 89 324 314 251 301 175 330 296 331 300 277 283 306 216
split_gain=0.0349934 0.0922342 0.0890604 0.0741442 0.109535 0.104157 0.0956916 0.0843705 0.0857541 0.0772276 0.0745212 0.0951204 0.0822007 0.101494 0.0653622 0.0618933 0.0750068 0.123492 0.153414 0.103396 0.110584 0.120895 0.137351 0.0854934 0.142081 0.156104 0.108671 0.132676 0.166994 0.148346
threshold=-0.017021318057822251 3.8176519431297078 -0.092758616100516014 -0.011610461730487204 -0.00093557117168077588 -0.00012675499490280193 0.010033854143473952 0.012171069041595482 -0.017583419945151568 -0.0047126110528846986 0.012170720433464144 -0.084746518736152118 -0.0035037782020356607 0.0077531931426167398 -0.0052032422878474137 -0.1052324338223221 -0.083121882825657856 -0.0064379983312681027 -0.00087916589705763109 -0.049181822428804728 0.0093437919322023281 0.010603314156921144 0.0028948843099761081 -0.017692840785745827 -0.024488367785491943 0.0306430736304029 -0.035305251137002731 -0.011790274641023285 -0.019597521752622533 -0.015635505282423776
decision_type=2 2 2 2 2 2 2 2 2 2 2 2 2 2 2 2 2 2 2 2 2 2 2 2 2 2 2 2 2 2
left_child=1 -1 -3 4 9 -6 10 8 -8 -4 11 -5 -13 -14 -10 -2 17 18 -17 -19 21 22 -21 24 25 -18 -26 -28 -29 -30
right_child=15 2 3 6 5 -7 7 -9 14 -11 -12 12 13 -15 -16 16 23 19 -20 20 -22 -23 -24 -25 26 -27 27 28 29 -31
leaf_value=-0.0037003564275801186 -0.001411718024211305 -0.0034841082140337678 -0.0012272470503706823 -0.0016551777944187052 -0.0006516249067234723 -0.0047588986730010344 0.00069335623272872042 0.0011384349785443833 -0.0053011434432119128 0.0023428915184922519 -0.00093066164014376943 0.00070372843746251124 0.0019069626700555726 0.0060360537435454643 -0.001430893052990238 0.00012532195047242566 0.0050580548481749636 -0.0015969476662576199 0.006054694600364504 0.0054938964056097626 -0.00050204998868237552 -0.00032260242825079909 0.0012189738239006451 -0.00028240447201285463 -0.0022528543919753774 -0.00031682910947975791 -0.0013881351318274279 0.0048784920435476428 0.0033594533538140745 -0.0011194235006091642
leaf_weight=20 62 20 33 20 33 29 21 34 20 28 38 60 46 22 24 20 35 48 24 34 74 38 42 714 38 22 51 30 29 51
leaf_count=20 62 20 33 20 33 29 21 34 20 28 38 60 46 22 24 20 35 48 24 34 74 38 42 714 38 22 51 30 29 51
internal_value=1.92841e-12 -0.000381535 -0.00022645 -6.67609e-05 -0.00109276 -0.00257277 0.00037604 -0.000879768 -0.00193544 0.000411505 0.00104445 0.00155158 0.00205263 0.00324285 -0.0031901 0.00013028 0.000206763 0.000927659 0.00335953 0.00047426 0.00100308 0.00198009 0.00313144 -1.33006e-06 0.000782604 0.00298354 0.000152186 0.000719835 0.00169717 0.000504169
internal_weight=1760 448 428 408 123 62 285 99 65 61 186 148 128 68 44 1312 1250 280 44 236 188 114 76 970 256 57 199 161 110 80
internal_count=1760 448 428 408 123 62 285 99 65 61 186 148 128 68 44 1312 1250 280 44 236 188 114 76 970 256 57 199 161 110 80
is_linear=0
shrinkage=0.05


Tree=230
num_leaves=31
num_cat=0
split_feature=114 292 102 235 114 143 324 154 259 284 284 228 330 259 185 114 209 133 293 115 137 208 293 129 312 149 234 146 133 133
split_gain=0.0343813 0.118866 0.116995 0.141425 0.112732 0.101061 0.0832314 0.0603426 0.0585066 0.0870955 0.14359 0.125214 0.0940515 0.0789744 0.0811054 0.130547 0.129436 0.10361 0.103605 0.0973734 0.0957868 0.0919621 0.0880722 0.0983594 0.127959 0.135498 0.121298 0.0914139 0.0865829 0.143817
threshold=0.040144501376834889 0.03745080386879239 -0.021728896085783714 -0.027349023372392835 0.036617946341468706 0.0073610801611481381 -0.010237516178019096 -0.015114481993540409 0.025042979742133552 0.035742736117230924 0.028510932714051605 0.0011672138417183685 -0.040091608237874436 0.022145167960924327 -0.015717689730216186 -0.011051565540333241 0.3297437427813083 -0.002860698805068037 -0.055249787091494536 0.061312629569900835 0.014627927484373261 0.0012723462837303881 -0.039441445235435142 0.032188736663981407 -0.0040198154147698595 -0.0066779782508354099 -0.0055281848946026873 0.0042212934764036094 0.00054043681437088403 -0.017573732714285296
decision_type=2 2 2 2 2 2 2 2 2 2 2 2 2 2 2 2 2 2 2 2 2 2 2 2 2 2 2 2 2 2
left_child=4 2 6 5 8 -4 -2 -5 13 10 12 -11 -10 14 15 17 20 -1 -16 22 -17 -21 27 28 25 -25 -26 -20 29 -24
right_child=1 -3 3 7 -6 -7 -8 -9 9 11 -12 -13 -14 -15 18 16 -18 -19 19 21 -22 -23 23 24 26 -27 -28 -29 -30 -31
leaf_value=0.00088186944513359955 0.00038562218076549476 -0.0034217861120851012 0.0055718958366750967 0.0010327052600173788 0.0032165834646938106 0.00072264017389071268 -0.0038700267034410328 -0.0025577501244843006 -0.0029226407990790904 -0.00037270057384438559 0.0038921089319046589 -0.0055152749980334195 -0.00018966253215990837 0.0027762392792722275 -0.0026645658235694911 0.0002760355635409189 0.0044828268744620597 -0.0029653908634403102 0.0036559614795260136 0.00013441966699534341 0.0041218925319844854 0.0037423222015301387 -0.00063680586861677687 -0.0061196956299245358 0.0021888316806871443 -0.00073943362513091422 -0.0019156740031515561 -0.00070804613118525595 -0.00061551830580234917 0.0014879637249443894
leaf_weight=42 20 32 21 22 28 22 27 25 35 29 20 20 313 29 37 85 36 30 30 38 20 33 141 25 30 22 45 20 300 183
leaf_count=42 20 32 21 22 28 22 27 25 35 29 20 20 313 29 37 85 36 30 30 38 20 33 141 25 30 22 45 20 300 183
internal_value=-3.42094e-12 -0.000678058 -3.7187e-05 0.00101871 7.2025e-05 0.00309088 -0.00205911 -0.000877111 1.56925e-05 -0.000491435 -0.000227757 -0.00247171 -0.000464531 0.000200223 0.000133344 0.00101108 0.00189562 -0.000721156 -7.34674e-05 3.71101e-05 0.00100858 0.00181133 -0.000121143 -0.000257303 -0.00155574 -0.00360128 -0.000273872 0.00191036 -3.44192e-06 0.000563295
internal_weight=1760 169 137 90 1591 43 47 47 1563 417 368 49 348 1146 1117 213 141 72 904 867 105 71 796 746 122 47 75 50 624 324
internal_count=1760 169 137 90 1591 43 47 47 1563 417 368 49 348 1146 1117 213 141 72 904 867 105 71 796 746 122 47 75 50 624 324
is_linear=0
shrinkage=0.05


Tree=231
num_leaves=31
num_cat=0
split_feature=180 311 180 311 214 278 333 95 158 158 330 179 295 282 233 184 181 333 104 178 282 169 290 94 279 226 110 101 155 94
split_gain=0.0337174 0.16905 0.0599062 0.0977558 0.0750216 0.117663 0.0665688 0.0500295 0.0569205 0.104305 0.191093 0.0879934 0.0830067 0.0808045 0.11507 0.115292 0.0996793 0.117295 0.121315 0.100354 0.135329 0.152296 0.157189 0.141878 0.128263 0.126516 0.139931 0.12119 0.139447 0.118788
threshold=-0.057192363568206096 0.0033247889325948954 -0.030008236676952942 0.025983208432542041 -0.0010971995615906883 -0.0043303676638838653 0.0021024776587649195 0.17365360044602177 -0.023440217729854357 -0.033303243722098023 0.01971679905778018 -0.0026895446341555699 0.0074898415475438017 -0.022937776818896822 0.012158939662516048 0.013924013601585711 -0.029018723293095093 0.032621240096449323 0.0028549934661686884 -0.017733644757074601 0.0047937312214096283 0.013126931402002762 0.0098954579488526543 -0.048279802865220926 0.022685233907534279 0.0022359378673749842 0.0089599058866964201 0.00022387142888680912 0.0069704680331301476 -0.033462602644461562
decision_type=2 2 2 2 2 2 2 2 2 2 2 2 2 2 2 2 2 2 2 2 2 2 2 2 2 2 2 2 2 2
left_child=1 -1 3 4 -2 -6 -7 8 9 -4 12 -12 -11 14 -10 -16 17 18 -15 -18 21 24 -23 25 27 26 -22 28 -21 -25
right_child=2 -3 7 -5 5 6 -8 -9 13 10 11 -13 -14 16 15 -17 19 -19 -20 20 23 22 -24 29 -26 -27 -28 -29 -30 -31
leaf_value=-0.001624849346593361 -0.0019239511712524347 0.0047266537940595307 -0.00014456557578956269 -0.004094572207064961 0.0037434764468517166 -0.0029322196188877568 0.0010119949477603253 -0.0021669900510460139 7.2708275119486433e-05 -0.00066658837329172963 0.0023182586953043936 0.0070084989164024593 0.0027185013069322816 -0.0025751950482663234 0.0011638524847640247 0.0054976669206683133 0.0011223198260011768 -0.0047381152044981721 0.0015920224387363923 0.0018084485437474072 0.0012266734076547437 -0.0059961793473058645 -0.00046114909624599896 -0.0029809558996930722 -0.003211151468837293 0.00013136380584910512 0.0069327793336318184 -0.0014130874015615535 -0.0016016517963455342 0.00013690284091758426
leaf_weight=22 49 20 148 22 21 20 23 25 204 55 20 20 27 40 57 21 142 25 31 99 22 29 23 34 41 41 21 114 43 301
leaf_count=22 49 20 148 22 21 20 23 25 204 55 20 20 27 40 57 21 142 25 31 99 22 29 23 34 41 41 21 114 43 301
internal_value=7.92294e-13 0.00139968 -3.42179e-05 -0.00104526 -0.000451585 0.000675695 -0.000822523 5.20046e-05 8.76111e-05 0.000747691 0.0018301 0.00466338 0.000448014 -5.07598e-05 0.000697245 0.00233065 -0.000260439 -0.00179279 -0.000755706 -9.87842e-05 -0.000324561 -0.0010518 -0.00354799 0.000281185 -0.00061476 0.00211858 0.00401338 -0.000198932 0.000775813 -0.000179537
internal_weight=1760 42 1718 135 113 64 43 1583 1558 270 122 40 82 1288 282 78 1006 96 71 910 768 349 52 419 297 84 43 256 142 335
internal_count=1760 42 1718 135 113 64 43 1583 1558 270 122 40 82 1288 282 78 1006 96 71 910 768 349 52 419 297 84 43 256 142 335
is_linear=0
shrinkage=0.05


Tree=232
num_leaves=31
num_cat=0
split_feature=193 146 193 119 316 143 325 86 325 278 177 276 198 258 138 222 188 284 295 171 315 313 314 232 127 265 234 168 0 1
split_gain=0.0336744 0.0953662 0.0682466 0.0602353 0.0565674 0.0975376 0.0592298 0.0789854 0.0669375 0.0585675 0.0599148 0.112664 0.0985603 0.10114 0.102089 0.0908286 0.0963149 0.0804098 0.0744948 0.073932 0.113393 0.176817 0.137338 0.0889914 0.118529 0.134087 0.0990546 0.0870705 0.0963155 0.0817242
threshold=0.037712885818889631 0.019238387579935387 0.033266231836874681 -0.010566357230333999 0.058790431879083407 -0.0062550829970960857 -0.062081947665330706 0.017908190151069949 -0.049769335419710188 0.083580941106319348 0.015558342396281169 -0.023035508785154712 -0.020520495957761915 0.014950743019359633 -0.020167423246785478 -0.0273400421823368 0.0029592701837402044 -0.0026777462778733731 -0.009020607585416944 -0.014806451660718709 0.017415924454669277 -0.011747491005954619 0.0077889044071773198 0.0010742570998349583 0.0062846956175085849 0.01486554760324873 -0.023361304397291182 0.04228369371623808 3.6762205501217919 9.0651411728127798
decision_type=2 2 2 2 2 2 2 2 2 2 2 2 2 2 2 2 2 2 2 2 2 2 2 2 2 2 2 2 2 2
left_child=2 3 4 -2 6 -6 7 -1 -8 10 19 17 -13 15 -15 -14 -17 -12 -16 20 23 -22 -23 24 25 -10 -25 28 -21 -30
right_child=1 -3 -4 -5 5 -7 8 -9 9 -11 11 12 13 14 18 16 -18 -19 -20 27 21 22 -24 26 -26 -27 -28 -29 29 -31
leaf_value=0.0039793008428421761 -0.0017371438253305953 -0.0035498018404468896 0.0025089627645554307 0.0007697436369626838 -0.00070107673139621813 0.0031127236612710956 -0.0023231581093348338 -0.0003077313155782494 -0.0030238603346114017 -0.0022322905451680223 0.0010745940224608473 0.0038980520065424254 -0.001297523568791803 -0.0035041726339841263 0.0021160770300775768 0.0010549652473335819 0.0042444223151882976 -0.0019144564592612108 -0.0010811130574438722 -0.0029996743425726893 0.00081586059446271978 -0.0021094183749352981 -0.0075343132740817971 -0.004498027092777193 0.002782531264459803 0.0022222799443018934 -0.00046675569783474204 0.002449494401743222 -5.34058141300106e-05 0.0029103606570667281
leaf_weight=21 37 25 28 68 30 38 33 22 29 30 35 29 20 21 35 56 41 63 38 27 25 28 20 20 42 21 64 36 754 24
leaf_count=21 37 25 28 68 30 38 33 22 29 30 35 29 20 21 35 56 41 63 38 27 25 28 20 20 42 21 64 36 754 24
internal_value=-1.77465e-12 -0.000774437 6.17649e-05 -0.000113636 1.89924e-05 0.00143016 -4.35628e-05 0.00178594 -9.6325e-05 -4.59234e-05 8.64687e-09 0.000581613 0.00116494 0.000789297 -0.000431992 0.0017705 0.00240309 -0.000846938 0.000451786 -0.000180342 -0.000937125 -0.00259388 -0.00436979 -0.000249947 0.000824372 -0.000820481 -0.00142658 4.37233e-05 -6.3864e-05 3.80214e-05
internal_weight=1760 130 1630 105 1602 68 1534 43 1491 1458 1428 338 240 211 94 117 97 98 73 1090 249 73 48 176 92 50 84 841 805 778
internal_count=1760 130 1630 105 1602 68 1534 43 1491 1458 1428 338 240 211 94 117 97 98 73 1090 249 73 48 176 92 50 84 841 805 778
is_linear=0
shrinkage=0.05


Tree=233
num_leaves=31
num_cat=0
split_feature=117 293 9 248 325 117 114 268 187 114 145 277 331 297 9 277 210 281 271 333 247 87 277 177 277 139 160 200 226 288
split_gain=0.0320768 0.144621 0.146264 0.111827 0.185193 0.0816528 0.0558688 0.122185 0.113673 0.100378 0.0765297 0.070729 0.103049 0.148889 0.116791 0.115452 0.30301 0.227115 0.220975 0.16049 0.157767 0.108256 0.108384 0.105877 0.0993532 0.098271 0.163222 0.17555 0.122572 0.110821
threshold=0.058038460747205166 -0.0083321743233922604 0.023849480562215017 -0.0033265676940154028 -0.0084308011155197985 0.052171888864924659 0.040144501376834889 0.013802335226229269 -0.0033538742293869979 0.036617946341468706 -0.024520481578562913 0.008109769943094116 -0.0010043273014231108 -0.014222953626719994 0.05904139433551199 -0.0011868468129714925 -0.59784142384455696 0.01632220966787681 0.00012278022074654034 0.0063027494073253252 0.0068294665543544471 -0.01642883506781 -0.012891000954603075 -0.0087328875726089914 0.0097995115500615591 -0.01542867692412464 0.0023189862101671366 -0.0078120787586464123 0.0010692642997130965 -0.0026154090516806792
decision_type=2 2 2 2 2 2 2 2 2 2 2 2 2 2 2 2 2 2 2 2 2 2 2 2 2 2 2 2 2 2
left_child=5 2 -2 -3 -5 6 9 10 -9 11 -8 12 13 23 25 16 -14 18 20 -20 -17 22 -18 -1 -13 -15 -27 -28 -29 -30
right_child=1 3 -4 4 -6 -7 7 8 -10 -11 -12 24 15 14 -16 17 21 -19 19 -21 -22 -23 -24 -25 -26 26 27 28 29 -31
leaf_value=-0.0034994826368071673 -0.00066102223604892589 -0.0022234261296689511 -0.0058637419165196748 0.0055423525561179438 -0.00028157538617961108 0.0027398506894574636 -0.002660051443381235 -0.00051456054365685712 -0.0055417907748209396 0.0030725246287017531 0.00082587414382598247 0.0032547023006519607 0.0055474117165431385 -0.001277838528711492 0.0046391765109729021 -0.0089264765466478737 -0.00056924701187924677 0.001280708351472034 0.0022341549141509905 -0.0038767730669033804 -0.0029384849720041862 -0.0014089277771222927 0.0025991341282284204 -0.00026345718288212083 0.00033714851990840599 -0.00012425066412762419 0.0060362023094462022 0.0035553890636139036 0.0024152670205512552 -0.0025782038682373243
leaf_weight=33 35 25 22 21 39 28 20 22 23 28 74 31 21 52 20 22 79 36 21 22 22 188 41 108 497 122 27 36 20 25
leaf_count=33 35 25 22 21 39 28 20 22 23 28 74 31 21 52 20 22 79 36 21 22 22 188 41 108 497 122 27 36 20 25
internal_value=5.13658e-14 -0.000720534 -0.00266909 0.000586145 0.0017568 6.3236e-05 1.61006e-05 -0.000941495 -0.00308403 0.000107834 8.41878e-05 4.9499e-05 -0.000221253 0.000320683 0.000947017 -0.000752399 -0.000263796 -0.00205931 -0.00344139 -0.000892366 -0.00593248 -0.000660014 0.000513283 -0.00102082 0.000508444 0.000685161 0.00112897 0.00254465 0.00138079 -0.000358883
internal_weight=1760 142 57 85 60 1618 1590 139 45 1451 94 1423 895 443 302 452 329 123 87 43 44 308 120 141 528 282 230 108 81 45
internal_count=1760 142 57 85 60 1618 1590 139 45 1451 94 1423 895 443 302 452 329 123 87 43 44 308 120 141 528 282 230 108 81 45
is_linear=0
shrinkage=0.05


Tree=234
num_leaves=31
num_cat=0
split_feature=290 290 237 137 298 259 277 254 141 146 248 130 9 94 281 84 0 152 169 320 148 303 96 107 184 177 4 318 199 325
split_gain=0.0321819 0.0988975 0.149238 0.160234 0.0693481 0.090446 0.118982 0.127738 0.0931903 0.0875258 0.0655924 0.0694007 0.117403 0.0902967 0.0806606 0.122674 0.0780826 0.129382 0.0756357 0.115134 0.0749183 0.0759949 0.0841502 0.0778401 0.0735308 0.0732203 0.105909 0.111494 0.0994091 0.0977409
threshold=-0.038622879390006228 -0.028547291247155899 0.0067259078348082526 0.0027606749672133696 0.023690157084027396 -0.019018563594278132 0.0025450713978419051 0.010909711777522538 0.024633214128964454 -0.0019362672746776812 -0.12016641872665765 -0.024051633084680887 0.058417859512750032 -0.0317757738769276 0.033964412363901193 0.073201480288490217 3.9019216517693867 0.0020507336266629736 0.011448725742924949 0.0058497881157237785 -0.024546528219059099 0.0028037864928207984 -0.0077911142160749956 -0.011818803258057523 0.010276832625959005 0.0074671098948664626 6.756350655615905 0.059564504320404804 -0.00061483165095579625 -0.026943106085988034
decision_type=2 2 2 2 2 2 2 2 2 2 2 2 2 2 2 2 2 2 2 2 2 2 2 2 2 2 2 2 2 2
left_child=4 2 3 -2 5 -1 7 -7 -8 -6 -3 12 13 24 18 -16 17 -13 20 -20 -15 23 -23 -22 -12 26 27 29 -27 -18
right_child=1 10 -4 -5 9 6 8 -9 -10 -11 11 16 -14 14 15 -17 25 -19 19 -21 21 22 -24 -25 -26 28 -28 -29 -30 -31
leaf_value=0.0015045618028154658 0.0011212703482858066 0.0027016776793805713 -0.0010801780871198779 0.0069386977888643746 -0.00028140885441451139 -0.00044144621951449102 -0.00063068087859493172 -0.0051796858324669303 0.0034712741221301262 -0.0041200256725359291 -0.0027326977315557301 -0.0042522201681724535 -0.0041216447028209983 0.0040697668702341615 -0.0043831243149369311 0.00050660080765925974 0.0018222065111482761 0.0005667505195985238 -0.0027142936523471563 0.0019016791119197893 -0.0001634355071776857 -0.0029102340264691284 0.0012416480270286022 0.0036034744349308315 0.00063914551124484706 -0.0011956718419093031 0.0036416400887968915 0.0038558558803861555 0.00041965114858358841 3.065312216962198e-05
leaf_weight=62 29 22 28 20 33 33 45 25 20 27 61 26 23 20 23 29 90 30 35 22 24 23 26 32 22 171 27 23 215 494
leaf_count=62 29 22 28 20 33 33 45 25 20 27 61 26 23 20 23 29 90 30 35 22 24 23 26 32 22 171 27 23 215 494
internal_value=4.18272e-12 8.59798e-05 0.00183176 0.00349573 -0.000531671 -5.26065e-05 -0.000837521 -0.00248379 0.000631459 -0.00200879 -7.50099e-06 -4.95927e-05 -0.000672304 -0.000422037 8.0546e-05 -0.00165616 0.000147175 -0.00167063 0.000576748 -0.00093269 0.00126505 0.000730821 -0.000707195 0.00198908 -0.00183896 0.000246976 0.000577524 0.000441229 -0.000295945 0.000306749
internal_weight=1760 1515 77 49 245 185 123 58 65 60 1438 1416 340 317 234 52 1076 56 182 57 125 105 49 56 83 1020 634 607 386 584
internal_count=1760 1515 77 49 245 185 123 58 65 60 1438 1416 340 317 234 52 1076 56 182 57 125 105 49 56 83 1020 634 607 386 584
is_linear=0
shrinkage=0.05


Tree=235
num_leaves=31
num_cat=0
split_feature=324 0 215 193 180 324 300 199 122 245 207 287 0 222 222 314 201 157 94 81 221 90 92 214 119 11 285 94 117 311
split_gain=0.0321303 0.0730112 0.0793563 0.0606611 0.0949555 0.115958 0.0815792 0.0707404 0.0725191 0.067109 0.063412 0.080544 0.0582127 0.05692 0.140208 0.129967 0.119008 0.139844 0.134831 0.129249 0.152504 0.104754 0.102518 0.0973405 0.127641 0.124273 0.11555 0.107631 0.0947397 0.120028
threshold=-0.017021318057822251 3.8176519431297078 -0.092758616100516014 -0.011610461730487204 -0.010487738420937153 -0.031756180584259275 0.010033854143473952 0.012171069041595482 -0.016521389347062775 -0.0044597702448914396 0.012170720433464144 0.033215271203955073 5.3636340903656388 0.0016912492821448408 0.0012380421684368944 0.0081646031452520997 0.012948899445397599 -0.015780903696603649 0.016063450968769051 -0.44434593656424809 0.0033529187033371857 -0.0077927863654033182 -0.1807298848581895 0.0065058213881299667 0.022980620429772086 3.6114516129032261 0.0027277788224764122 -0.059536698904533149 -0.0029476982662924489 -0.026080311209925919
decision_type=2 2 2 2 2 2 2 2 2 2 2 2 2 2 2 2 2 2 2 2 2 2 2 2 2 2 2 2 2 2
left_child=1 -1 -3 4 12 9 10 8 -8 -6 11 -5 -4 14 15 23 17 18 -17 20 -19 -21 -15 27 25 26 -25 -2 -29 -30
right_child=13 2 3 6 5 -7 7 -9 -10 -11 -12 -13 -14 22 -16 16 -18 19 -20 21 -22 -23 -24 24 -26 -27 -28 28 29 -31
leaf_value=-0.0033183835633099085 -0.0038155719861746409 -0.0033026747207622977 -0.00091116026625968525 0.00093429588768209572 0.0014004312353208663 -0.0042129097704994766 -0.0042199604213237762 0.0010121382276445409 -0.00064873792413725991 -0.0023011127836070956 -0.00088115123982884379 0.0042770619105015487 0.0029037017095834019 -0.0035173441161927971 0.0045460652431938793 0.0018228099788897313 -0.00060570889847799084 0.0061068458847053676 0.0072834287583827973 0.0013561790801006658 0.0008352257342159968 -0.0019226331272095974 -0.00011073016068113649 0.002948770432299676 -0.0012419405127729989 0.0053171675275301656 -0.0010572942226038625 0.00065117081073383409 -0.0039743252691550879 -0.00054796133034561915
leaf_weight=20 26 20 20 127 25 34 21 34 44 24 38 21 20 23 20 26 71 23 20 58 34 42 555 36 48 21 36 114 32 127
leaf_count=20 26 20 20 127 25 34 21 34 44 24 38 21 20 23 20 26 71 23 20 58 34 42 555 36 48 21 36 114 32 127
internal_value=-1.29407e-12 -0.000365594 -0.000227613 -7.68746e-05 -0.00100491 -0.00196934 0.000323646 -0.000835868 -0.00180252 -0.00041257 0.000940807 0.00140861 0.000996271 0.000124837 0.000417085 0.000301427 0.00115627 0.00177253 0.00419699 0.00106218 0.00296237 -2.0922e-05 -0.000246287 -0.00023091 0.00085206 0.00193284 0.000945738 -0.000741608 -0.00044885 -0.00123754
internal_weight=1760 448 428 408 123 83 285 99 65 49 186 148 40 1312 734 714 274 203 46 157 57 100 578 440 141 93 72 299 273 159
internal_count=1760 448 428 408 123 83 285 99 65 49 186 148 40 1312 734 714 274 203 46 157 57 100 578 440 141 93 72 299 273 159
is_linear=0
shrinkage=0.05


Tree=236
num_leaves=31
num_cat=0
split_feature=316 172 88 327 163 324 273 311 210 243 317 123 151 83 170 186 259 91 304 9 290 298 267 160 272 332 169 277 89 334
split_gain=0.0311563 0.1061 0.0924412 0.0888216 0.0876502 0.0825913 0.0783652 0.0802637 0.0704413 0.0670211 0.106027 0.0966385 0.0936244 0.087087 0.0818479 0.0657722 0.082556 0.0956766 0.0656541 0.063501 0.0982561 0.119771 0.117171 0.119955 0.112713 0.145108 0.0906113 0.0835938 0.107373 0.104459
threshold=0.011372282741324789 0.019579849067288779 -0.059332732447989207 -0.01933381275500198 0.024025895107012769 0.010433613542542198 -0.053374014656219139 -0.02493628004680086 0.021004085866505873 0.011163721499449551 0.038292244272669217 -0.032904120410106909 -0.014179211555967198 0.12616887970753735 -0.0084975094336290167 -0.035734605395823765 0.013590407873986885 -0.028480820836078658 0.022086799882969466 0.02055297407116851 -0.038622879390006228 0.011546259262569336 -0.0099699418629640487 -0.0067909027926579659 0.0022153564334586773 -0.0054950831936208091 -0.0055125121616944823 0.0041439004581758235 -0.017377027820882726 0.015391662898928082
decision_type=2 2 2 2 2 2 2 2 2 2 2 2 2 2 2 2 2 2 2 2 2 2 2 2 2 2 2 2 2 2
left_child=8 2 6 -3 9 -5 -2 -8 15 10 11 -4 -13 -11 -14 16 17 -1 -9 20 26 22 23 -22 25 -23 -17 28 -24 -29
right_child=1 3 4 5 -6 -7 7 18 -10 13 -12 12 14 -15 -16 19 -18 -19 -20 -21 21 24 27 -25 -26 -27 -28 29 -30 -31
leaf_value=0.0017199040885316208 0.002382982546987478 0.0012216416377175069 0.0018780734953715615 -0.00064079849385336731 0.003405258881572921 -0.0036616598961076567 0.0014314164434087134 -0.00058189199139352572 -0.0030197913691933668 0.00082963013106532269 0.0033275401307037104 -0.0033674961941634989 -0.0026785167527296361 0.0041578214274098479 0.0010523965357736285 0.0006294218518842872 -0.0036631364117576076 -0.0024516067286539413 -0.0032568857453952661 -0.00034070314473818799 0.0038319291244584344 0.00093062031383883085 5.870420844111519e-05 0.00028027056853131529 0.00049603763111536543 0.0057785439058065866 -0.0034033888908258331 0.0016039661206377787 -0.003185789486594206 -0.0022073841098463162
leaf_weight=28 24 35 38 64 39 35 34 81 21 57 24 31 21 30 49 26 28 27 32 585 36 29 51 70 62 33 30 64 51 25
leaf_count=28 24 35 38 64 39 35 34 81 21 57 24 31 21 30 49 26 28 27 32 585 36 29 51 70 62 33 30 64 51 25
internal_value=3.9339e-12 0.000294742 0.00065541 -0.000943371 0.00120063 -0.00170878 -0.000266046 -0.00069854 -0.000150152 0.00085671 0.000258613 -0.000271273 -0.00107994 0.00197728 -6.68775e-05 -9.75209e-05 -0.00145306 -0.000327928 -0.00133941 8.42043e-06 0.000436591 0.000698315 0.000153388 0.00148649 0.0020035 0.00351097 -0.00153101 -0.000586451 -0.00156354 0.000533362
internal_weight=1760 594 460 134 289 99 171 147 1166 250 163 139 101 87 70 1145 83 55 113 1062 477 421 297 106 124 62 56 191 102 89
internal_count=1760 594 460 134 289 99 171 147 1166 250 163 139 101 87 70 1145 83 55 113 1062 477 421 297 106 124 62 56 191 102 89
is_linear=0
shrinkage=0.05


Tree=237
num_leaves=31
num_cat=0
split_feature=322 312 143 300 219 190 217 200 297 333 273 130 261 304 316 160 126 124 138 223 258 127 127 307 94 218 257 227 264 275
split_gain=0.031574 0.0827553 0.0841583 0.088168 0.0744071 0.116276 0.0776353 0.0720595 0.0839487 0.0807028 0.0745488 0.0656904 0.0656512 0.0625683 0.0573819 0.117911 0.0954806 0.133497 0.0895352 0.0972727 0.0994012 0.101014 0.14824 0.122923 0.094924 0.090017 0.0895632 0.113732 0.0976507 0.103731
threshold=0.01918741018314599 -0.00084462736717751043 -0.0014618939886642086 0.010259455731839697 0.0030368360423539769 0.00043389693370497886 0.016254263616757279 -0.014118604797314884 -0.024945282534271317 -0.011315768245747171 -0.013151345476810994 -0.025705119110641689 0.016924859669510944 0.0062176602426100768 0.011837299137315609 0.023126770841854528 0.0060458787727684666 0.0032977286628510611 0.058545951255682196 0.00077587853833668721 -0.059028400043210354 -0.018430238052157887 -0.026616117037041562 -0.0042735526020200873 0.019301009544533166 0.0024357187033472957 -0.0142748274469997 -0.0069100947645151884 1.0000000180025095e-35 0.0061759625187667857
decision_type=2 2 2 2 2 2 2 2 2 2 2 2 2 2 2 2 2 2 2 2 2 2 2 2 2 2 2 2 2 2
left_child=14 7 3 -3 5 -4 -6 8 -2 10 -9 -11 13 -13 18 -16 17 -17 19 26 -21 22 23 -22 -20 -25 27 -1 -28 -30
right_child=1 2 4 -5 6 -7 -8 9 -10 11 -12 12 -14 -15 15 16 -18 -19 24 20 21 -23 -24 25 -26 -27 28 -29 29 -31
leaf_value=0.0010938073651881755 0.0013149475167301718 -0.0013094900121061192 0.0026759664458851961 -0.0048868654509230209 -0.0039598504957255162 -0.0017926629865542055 0.00039293225141591399 0.00058083742063630504 -0.002745831787885566 -0.0022105336794629692 0.0043319455930031841 0.0032554220966994766 -0.0012589257684777733 -0.00030303772239546694 0.0009780202428737539 0.00019106992500989389 0.00085244136539954895 -0.0049802082769859306 9.706730322380152e-06 -0.0035757933958218652 -0.0025366143144310628 -0.00093143244861558874 0.0044489938937856454 0.0032934449767645711 -0.0047443382752438389 -0.00064612033511993704 6.9807629733986695e-05 -0.001859594118412553 0.002888678917153574 0.00041857959700400556
leaf_weight=56 20 61 37 24 21 24 20 27 35 25 26 30 27 21 360 24 37 26 21 26 32 253 23 29 21 29 176 78 92 79
leaf_count=56 20 61 37 24 21 24 20 27 35 25 26 30 27 21 360 24 37 26 21 26 32 253 23 29 21 29 176 78 92 79
internal_value=-2.37647e-12 -0.000391765 -0.00115762 -0.00231957 -0.000189327 0.000917817 -0.00183654 0.000286979 -0.00126918 0.000835626 0.002421 1.98498e-05 0.000734716 0.00179017 0.000114481 0.00057881 -0.0010731 -0.00249799 -0.000112356 -3.8696e-06 -0.000588509 -0.000376297 0.000866616 -4.88805e-05 -0.00236732 0.00132366 0.000472593 -0.000625337 0.000896577 0.00174752
internal_weight=1760 398 187 85 102 61 41 211 55 156 53 103 78 51 1362 447 87 50 915 873 392 366 113 90 42 58 481 134 347 171
internal_count=1760 398 187 85 102 61 41 211 55 156 53 103 78 51 1362 447 87 50 915 873 392 366 113 90 42 58 481 134 347 171
is_linear=0
shrinkage=0.05


Tree=238
num_leaves=31
num_cat=0
split_feature=165 86 309 199 257 141 328 328 327 181 216 329 155 330 330 154 194 154 330 9 137 97 254 204 278 236 236 114 327 185
split_gain=0.0301596 0.0437459 0.038186 0.0392824 0.0390828 0.123892 0.0745636 0.0624243 0.0568056 0.125523 0.0519862 0.0506973 0.0521864 0.0505722 0.142348 0.164397 0.084081 0.124732 0.108705 0.096625 0.12939 0.128222 0.102794 0.11934 0.156258 0.0973655 0.101925 0.0965091 0.0952132 0.0927955
threshold=0.061055218343612834 -0.0072346359814337404 0.076782958605798271 0.068832445188154276 -0.047552814417121107 -0.010789697847652022 -0.010374336663840947 0.0097049285199278645 0.045705150095337509 -0.015741038053683962 0.00063085013535269007 0.063454034152158265 -0.0023301662889999562 0.0019184041287698226 0.0004228471942034115 -0.0026331031751232752 0.0021241042024855582 -0.03094739785475285 -0.0038268105385078689 0.019489563361429662 0.023793986614278458 -0.021905955910771813 0.0032572765667958641 -0.0015996862970090577 0.012522738695520506 0.028782948722691687 0.0066080977168127501 0.0061288936444698653 -0.010180933784065494 0.0020466149248343272
decision_type=2 2 2 2 2 2 2 2 2 2 2 2 2 2 2 2 2 2 2 2 2 2 2 2 2 2 2 2 2 2
left_child=2 -2 3 4 5 -1 -7 -8 11 -10 -11 13 -13 14 16 -16 19 -18 27 20 22 -21 23 -6 -25 26 -23 -19 -27 -29
right_child=1 -3 -4 -5 8 6 7 -9 9 10 -12 12 -14 -15 15 -17 17 18 -20 21 -22 25 -24 24 -26 28 -28 29 -30 -31
leaf_value=0.0037456478233095902 0.00054989022493828093 -0.0025118289981037379 0.0017456560501159402 -0.0020500964439555034 1.5661354825299765e-05 0.0019731863969354893 -0.0029521174688998146 0.0003391511240111226 -0.0041865933908131689 0.0018425528901507675 -0.0014512739515630528 -1.9115067552775147e-05 0.0035928940633311868 -0.00035537298731535085 0.0063589621309074577 0.000160669341288588 0.0033867802045853368 -0.0007592550622632291 0.0029482311838572584 -0.0029207154892996624 -0.0025726336362441224 -0.00035199717160647328 -0.00019035506815845638 0.0063533895959456757 0.00052238805408705963 -0.001004281647813817 -0.0040992221258499707 0.0024776430205183091 0.0034494896654255823 -0.00087637681081105263
leaf_weight=29 20 28 32 23 35 31 25 34 26 23 25 20 20 624 20 23 38 161 35 67 31 86 95 27 20 21 23 58 28 32
leaf_count=29 20 28 32 23 35 31 25 34 26 23 25 20 20 624 20 23 38 161 35 67 31 86 95 27 20 21 23 58 28 32
internal_value=2.75843e-12 -0.00123611 3.46574e-05 2.06692e-06 3.0552e-05 0.000903536 -1.22558e-05 -0.00105545 -3.69936e-05 -0.00138858 0.000127018 3.13241e-05 0.00178689 -1.79896e-05 0.000245169 0.0030436 8.621e-05 0.000695386 0.000337788 -0.000369617 0.000407221 -0.00108776 0.000929117 0.00222607 0.00387211 -0.000310494 -0.0011427 -2.62184e-05 0.00154073 0.0012851
internal_weight=1760 48 1712 1680 1657 119 90 59 1538 74 48 1464 40 1424 800 43 757 324 286 433 208 225 177 82 47 158 109 251 49 90
internal_count=1760 48 1712 1680 1657 119 90 59 1538 74 48 1464 40 1424 800 43 757 324 286 433 208 225 177 82 47 158 109 251 49 90
is_linear=0
shrinkage=0.05


Tree=239
num_leaves=31
num_cat=0
split_feature=109 163 240 261 154 109 279 309 309 318 318 241 1 285 157 302 277 277 260 266 282 213 185 87 276 180 276 89 276 263
split_gain=0.0303851 0.0779627 0.0555697 0.0749096 0.0828821 0.0431372 0.0449651 0.0930336 0.100982 0.0953884 0.148706 0.175501 0.0812164 0.0960093 0.122816 0.0785238 0.110112 0.202719 0.0918443 0.0784556 0.110513 0.0961204 0.0910691 0.085544 0.0842029 0.107902 0.104272 0.0997137 0.0989509 0.0986839
threshold=-0.073678408423036953 -0.022517372869408664 -0.019066133337835092 0.0099862868653850956 -0.0086132167539448128 -0.064019399514233924 0.014724826495021659 -0.0033982677668639182 -0.0071901167637045673 -0.009413662564096403 -0.031189760840125088 -0.0013328220567815272 4.4716224665663962 -0.013167345784641755 0.0021131906300955526 -0.023168198030510789 -0.0058032278889652567 0.0022955002942791603 -0.01054532392778814 -0.04946291945591428 -0.0033418286257762228 -0.081014105752776261 0.00077040440536223253 0.18715641286233484 0.0034295172593450142 -0.0085730550025928925 0.027818052511717119 -0.055338735726477122 0.0011973173351757691 0.0048361375922280911
decision_type=2 2 2 2 2 2 2 2 2 2 2 2 2 2 2 2 2 2 2 2 2 2 2 2 2 2 2 2 2 2
left_child=1 -1 -3 4 -4 -2 15 8 12 10 -9 -12 -8 -14 -15 16 18 -18 -7 20 22 -22 -17 24 28 26 29 -27 -21 -26
right_child=5 2 3 -5 -6 6 7 9 -10 -11 11 -13 13 14 -16 19 17 -19 -20 23 21 -23 -24 -25 25 27 -28 -29 -30 -31
leaf_value=-0.0031912855472630607 0.0023077786229329096 0.0022406775248236957 0.0028270710281850329 -0.0027687981671988384 -0.0014338113555277233 0.0012157447206845974 -0.00076537371269758733 0.00048954041272385466 -0.0036974877724424006 0.00022990184677878562 0.0012632436992134899 0.0071877883956767618 0.0043108950974419715 0.0021942367771125939 -0.0028313590036486858 0.00075689118315020332 0.0060645346529781818 0.00076319621774746345 -0.0018136496421808765 -0.00063668073518322868 0.0020883299088815138 -0.0022928280951154813 0.00537018261384219 -0.0030659592597775402 -0.00063599150765825205 0.0022218479124421721 0.00043448066135169943 6.8692181460990953e-05 -0.0036041018871280058 -0.0049955549507867542
leaf_weight=26 21 20 21 28 25 44 118 57 20 133 25 25 20 31 20 23 22 100 58 442 21 31 20 31 27 80 52 164 30 25
leaf_count=26 21 20 21 28 25 44 118 57 20 133 25 25 20 31 20 23 22 100 58 442 21 31 20 31 27 80 52 164 30 25
internal_value=-1.36838e-12 -0.000768025 -9.77616e-05 -0.000729772 0.000511374 5.6197e-05 2.69918e-05 0.000452349 -0.000318908 0.00112399 0.00223532 0.00422552 3.86136e-05 0.00137482 0.000223415 -0.000136244 0.000705538 0.00171918 -0.000506852 -0.000335566 0.00102726 -0.000523514 0.00290261 -0.000487703 -0.000390232 0.000199844 -0.00114873 0.000774645 -0.000825288 -0.00273194
internal_weight=1760 120 94 74 46 1640 1619 449 209 240 107 50 189 71 51 1170 224 122 102 946 95 52 43 851 820 348 104 244 472 52
internal_count=1760 120 94 74 46 1640 1619 449 209 240 107 50 189 71 51 1170 224 122 102 946 95 52 43 851 820 348 104 244 472 52
is_linear=0
shrinkage=0.05


Tree=240
num_leaves=31
num_cat=0
split_feature=193 146 193 260 170 316 143 326 10 200 222 274 84 131 308 316 190 149 173 195 233 233 161 233 125 283 313 183 332 149
split_gain=0.0299535 0.0761231 0.0591333 0.054541 0.0673446 0.0470925 0.0826415 0.0512502 0.052316 0.119182 0.0920227 0.147579 0.0753505 0.0485773 0.112131 0.148087 0.109388 0.0959498 0.0719075 0.0560365 0.0572082 0.153654 0.178926 0.0871172 0.0754954 0.089957 0.0982209 0.107585 0.10241 0.0884623
threshold=0.037712885818889631 0.019238387579935387 0.033266231836874681 0.016943370098716281 -0.0051845258475598996 0.058790431879083407 -0.0062550829970960857 -0.066889225250077039 0.25477821853588173 -0.0073426550108982016 -0.0010619834729677501 -0.0054482848003444637 0.31169920526964517 -0.020126361596097122 0.0049975441458574785 0.018135149922367717 0.0042305348669888819 -0.019714029840951029 -0.0046924200928622744 -0.06424325745017663 0.0022504892921241097 -0.0019800023519237885 -0.0017302210271648263 0.0050027888564528594 -0.018475990571867367 0.0077279554908811993 -0.017660424929136779 0.018762805592662472 0.0020742047126642849 -0.00035201042918009721
decision_type=2 2 2 2 2 2 2 2 2 2 2 2 2 2 2 2 2 2 2 2 2 2 2 2 2 2 2 2 2 2
left_child=2 3 5 4 -2 7 -7 -1 12 -10 -11 -12 13 14 17 16 18 -9 -16 -15 21 -21 -23 -22 29 26 -26 28 -28 -25
right_child=1 -3 -4 -5 -6 6 -8 8 9 10 11 -13 -14 19 15 -17 -18 -19 -20 20 23 22 -24 24 25 -27 27 -29 -30 -31
leaf_value=0.0018809640783515266 -0.0025145117677311648 -0.0032099963235668843 0.0023362034744682856 0.0021391010571581623 0.00040079546407259146 -0.00065574555667505295 0.0028547721441626846 -0.0025758392487963042 -0.0045349615110483561 0.0014311889777533138 -0.0050191220175474886 0.0010549901201738978 0.0029692662214594232 -0.0027487538710591342 0.0044508836320823154 0.0051613882984966044 -0.0015246949798893184 0.00039802257716391154 0.00068548980552805014 -0.00010182969681757944 -0.0030979529694377564 0.0062508494925818271 0.0006614758459747666 0.0023501312961570877 0.00047915336688876976 0.00021434842027130883 -0.0017495178668353235 0.00056705883643762387 -0.0050360659869559312 -0.00059993457667857283
leaf_weight=34 32 25 28 21 52 30 38 36 21 39 20 20 21 21 21 25 32 110 32 600 32 21 45 48 45 129 63 27 38 54
leaf_count=34 32 25 28 21 52 30 38 36 21 39 20 20 21 21 21 25 32 110 32 600 32 21 45 48 45 129 63 27 38 54
internal_value=-8.68722e-13 -0.000730398 5.82526e-05 -0.000140018 -0.000709798 1.84383e-05 0.00130601 -3.86381e-05 -8.21491e-05 -0.001187 -0.000297041 -0.00198207 -3.23085e-06 -4.84973e-05 0.000573051 0.00177862 0.000783694 -0.000335258 0.00217744 -0.000190186 -0.000141429 0.000150055 0.00243991 -0.000586677 -0.000387765 -0.000784989 -0.00153016 -0.00223656 -0.00298604 0.000788332
internal_weight=1760 130 1630 105 84 1602 68 1534 1500 100 79 40 1400 1379 256 110 85 146 53 1123 1102 666 66 436 404 302 173 128 101 102
internal_count=1760 130 1630 105 84 1602 68 1534 1500 100 79 40 1400 1379 256 110 85 146 53 1123 1102 666 66 436 404 302 173 128 101 102
is_linear=0
shrinkage=0.05


Tree=241
num_leaves=31
num_cat=0
split_feature=290 106 298 135 106 288 103 313 336 323 316 325 303 287 113 325 242 170 103 94 11 222 220 89 330 330 166 2 130 121
split_gain=0.0293877 0.0396819 0.0836519 0.0633423 0.0472589 0.0796474 0.0752187 0.0775329 0.103051 0.12117 0.117161 0.0792262 0.0744919 0.114202 0.0956433 0.0680997 0.063626 0.091265 0.0736635 0.0753159 0.0626786 0.0611651 0.0556914 0.0710789 0.102657 0.120565 0.133112 0.0980575 0.0910341 0.0807607
threshold=-0.099838902808241939 0.086953148809129091 -0.0017304659422501024 0.0074852443384721889 0.020255041538939696 0.03796936352571479 0.01670045985753156 -0.010003078639305956 -0.0097335486543255762 0.01212375153445674 -0.0031634153515942794 -0.0049728636957795539 0.0050372912742972014 0.009410018438771867 0.011496839295561457 0.013907470950846998 -0.095050297922416677 -0.0038514491866835465 0.083916880834585525 -0.022237925190779492 3.5392307692307696 -0.0050092855750501339 -0.048427285125640908 -0.083121882825657856 0.01581454525746203 0.0086257450730644978 -0.0011544764585682504 5.1119696431586688 -0.027781768931979506 0.013215039540869214
decision_type=2 2 2 2 2 2 2 2 2 2 2 2 2 2 2 2 2 2 2 2 2 2 2 2 2 2 2 2 2 2
left_child=-1 4 -3 -4 16 6 7 -6 11 10 -10 -9 14 20 15 -8 17 -2 22 -20 -14 -12 -18 28 25 27 -27 -25 -24 -26
right_child=1 2 3 -5 5 -7 12 8 9 -11 21 -13 13 -15 -16 -17 18 -19 19 -21 -22 -23 23 24 29 26 -28 -29 -30 -31
leaf_value=-0.0016069094970589505 0.00093145746399055833 0.0028314135004429298 0.0012992360436453903 -0.0022143912891371422 0.0017419472753502216 -0.0024703811137199716 -0.0022942028105414165 -0.00016998377861455083 -0.0010695869654106598 -0.0023485661979066211 0.0048570001729372472 -0.004567138655554681 0.0010400061417991915 -0.0048277657030633206 0.0025331959973555057 0.0011397692616314586 -0.00065379295991389863 -0.0032519743304874286 -0.00051118233168381268 0.0032971502931915795 -0.0026126507386241274 0.0014534287818771027 -0.0014487528292063093 -0.00020667563050665193 0.00044568412832996976 -0.0051196744047606801 -0.00030318050412461164 0.003213856733319434 0.0016537163998643673 0.0027530707726255059
leaf_weight=28 22 38 29 23 69 45 42 20 30 28 22 21 24 27 25 22 193 32 20 37 23 33 28 440 157 26 32 22 152 50
leaf_count=28 22 38 29 23 69 45 42 20 30 28 22 21 24 27 25 22 193 32 20 37 23 33 28 440 157 26 32 22 152 50
internal_value=-3.30777e-13 2.59778e-05 0.00104823 -0.000254868 -3.0053e-05 -0.000479686 -0.000247611 0.000349123 -0.000274934 0.000504157 0.00144388 -0.00242219 -0.001064 -0.00223622 -8.93449e-05 -0.00111377 0.000129973 -0.00154761 0.00020827 0.00196089 -0.000747464 0.00281486 0.000117453 0.000281566 6.13208e-05 -0.000313549 -0.0024623 -4.37931e-05 0.00117111 0.00100302
internal_weight=1760 1732 90 52 1642 431 386 223 154 113 85 41 163 74 89 64 1211 54 1157 57 47 55 1100 907 727 520 58 462 180 207
internal_count=1760 1732 90 52 1642 431 386 223 154 113 85 41 163 74 89 64 1211 54 1157 57 47 55 1100 907 727 520 58 462 180 207
is_linear=0
shrinkage=0.05


Tree=242
num_leaves=31
num_cat=0
split_feature=166 281 93 180 180 288 214 288 326 260 201 252 104 201 237 316 251 141 111 133 96 260 280 282 321 126 224 131 318 239
split_gain=0.0287731 0.083067 0.089536 0.0537534 0.0526705 0.0652796 0.0754399 0.0665501 0.0462703 0.111378 0.1327 0.153658 0.159213 0.138548 0.110375 0.113819 0.0965079 0.111891 0.0815971 0.137707 0.115288 0.0727077 0.104605 0.0837783 0.0836921 0.0855265 0.0894696 0.0849073 0.0869942 0.117312
threshold=-0.040561109529667246 -0.027484618641011174 0.047347036545624867 -0.060141201048404015 -0.030008236676952942 0.0094330949783210574 -0.0010971995615906883 -0.014268053168359112 0.014098859786899258 0.018549122938122536 0.0031292671851240162 -0.0006085575244944493 -0.007410542390218872 0.0070730667107057306 -0.022562310037318022 0.014203727784999559 0.0042005973659978704 -0.0041511122487037462 -0.006813454448059207 0.010082281558321533 0.003102771443592126 0.017715623295705172 -0.067943891588331237 -0.032458270599575532 -0.012163537567102423 -0.038305832107159286 0.052436330615187203 -0.014379159157355338 0.024679320964888628 1.0000000180025095e-35
decision_type=2 2 2 2 2 2 2 2 2 2 2 2 2 2 2 2 2 2 2 2 2 2 2 2 2 2 2 2 2 2
left_child=1 -1 -3 -2 5 6 -5 -8 21 10 11 12 -10 -12 -13 -16 17 -11 -15 20 -20 22 -6 -24 -23 -26 27 -27 29 -29
right_child=3 2 -4 4 8 -7 7 -9 9 16 13 14 -14 18 15 -17 -18 -19 19 -21 -22 24 23 -25 25 26 -28 28 -30 -31
leaf_value=0.0014173877280781099 0.0025741768269134419 -0.00052176535810506631 -0.0037914980610366912 -0.0020212389118234187 0.0021804769977163047 -0.003045195258214492 -0.00048137331085110256 0.0031738210358889778 0.0060542603828279036 -0.00024548040096674783 -0.0035806060591615585 0.0032801082312989126 0.0016388936624006957 -0.00094310055639795678 0.001216172441337748 -0.0029850734295905571 0.001121802874542099 -0.0044348040994788918 0.0057274904650209159 -0.0011985993931795328 0.00058743822388350974 0.0020143944540330651 0.00070960276108187411 -0.00073297214444028214 0.0021824417999241411 0.0020888822138285601 -0.003497901591472328 -0.0015313084057362921 -0.0030411260950911258 0.00176504899416545
leaf_weight=36 21 83 28 38 39 29 33 20 35 37 24 26 49 51 38 28 38 28 24 26 20 76 122 575 41 39 20 55 28 53
leaf_count=36 21 83 28 38 39 29 33 20 35 37 24 26 49 51 38 28 38 28 24 26 20 76 122 575 41 39 20 55 28 53
internal_value=-2.58172e-13 -0.000669677 -0.00134656 6.10307e-05 2.78799e-05 -0.000979389 -0.000321055 0.000897945 0.000109994 0.000550716 0.00100976 0.0019325 0.00347863 -0.00011026 0.000520819 -0.000566174 -0.000879891 -0.00205011 0.000578073 0.00168636 0.0033911 -6.83132e-05 -0.000339469 -0.00048047 0.000571335 0.000106621 -0.000329833 3.22315e-05 -0.000557543 8.63485e-05
internal_weight=1760 147 111 1613 1592 120 91 53 1472 424 321 176 84 145 92 66 103 65 121 70 44 1048 736 697 312 236 195 175 136 108
internal_count=1760 147 111 1613 1592 120 91 53 1472 424 321 176 84 145 92 66 103 65 121 70 44 1048 736 697 312 236 195 175 136 108
is_linear=0
shrinkage=0.05


Tree=243
num_leaves=31
num_cat=0
split_feature=330 200 294 7 277 200 200 267 227 200 163 335 173 155 109 326 219 331 325 237 0 291 275 203 241 291 112 294 151 314
split_gain=0.0279144 0.0935894 0.100555 0.0737829 0.0676363 0.043689 0.0756532 0.116734 0.0851283 0.0732086 0.147099 0.0682854 0.0655577 0.0903877 0.070823 0.0654176 0.125478 0.113064 0.122115 0.099616 0.0829046 0.079466 0.128683 0.097931 0.0910552 0.0883366 0.129325 0.0880176 0.0835749 0.0823622
threshold=-0.0409731213064412 -0.0093683835653806165 -0.030660614138756412 0.59632253711201089 -0.020495189440803713 -0.012951303516469467 -0.016172736751274817 -0.012254870448857711 -0.023919495668307648 -0.011505306500696149 -0.0045145553012692794 0.071206783882988192 -0.041121513591709381 0.0083178126079878154 0.047766122566979742 0.014780306906139731 -0.072419174166406294 0.020386607473333294 -0.015088622103124644 -0.0030967245694199356 3.7726948748059121 -0.020683759596371601 0.0073195397911829359 -0.0011316690235836397 0.0044434135445614864 -0.015343991515243066 0.0093149431718409764 0.014840524527149764 -0.0030852274471142335 0.0094037314509046368
decision_type=2 2 2 2 2 2 2 2 2 2 2 2 2 2 2 2 2 2 2 2 2 2 2 2 2 2 2 2 2 2
left_child=1 4 -3 -4 -1 6 12 -8 -9 10 -7 15 13 -2 -14 20 -17 -18 -19 -20 -11 22 23 29 28 26 -23 -25 -24 -22
right_child=5 2 3 -5 -6 9 7 8 -10 11 -12 -13 14 -15 -16 16 17 18 19 -21 21 25 24 27 -26 -27 -28 -29 -30 -31
leaf_value=0.0033544962364248938 -0.00046793476212769747 0.00099694969931392579 -0.0041952354484237732 -0.0010620177015274142 -0.00027200485928915443 -0.00069274672899733889 0.0012704704678617419 -0.00078469826374202964 -0.0050557373681970478 -0.0025128160163553227 0.005089262735352598 0.0028215974802151323 -6.1128576104355263e-05 0.0041763936355710034 -0.0027613163460046054 0.0041346508902885644 -0.0001138992872965471 -0.00051838717523163978 0.0062140907529586314 0.0015840250510686582 0.0049660115311031833 -0.0043888085435384947 0.002995567736418351 0.0019768719982223688 -0.0025886885420186448 -0.0001631131598875771 0.00055957240718113184 -0.002075957651686622 -0.00077010159829358875 0.00092233518254943199
leaf_weight=20 22 29 34 42 36 22 20 20 28 36 22 23 183 20 28 24 254 28 21 26 34 31 23 37 35 557 23 21 41 20
leaf_count=20 22 29 34 42 36 22 20 20 28 36 22 23 183 20 28 24 254 28 21 26 34 31 23 37 35 557 23 21 41 20
internal_value=5.70524e-12 -0.000627537 -0.00150792 -0.00246372 0.00102317 6.31854e-05 -0.000458303 -0.0019389 -0.00327614 0.00019417 0.00219826 0.000122711 -6.0356e-05 0.00174365 -0.000419447 7.14522e-05 0.000644382 0.000389773 0.00209554 0.00365278 -0.000164264 -6.14074e-05 0.000775166 0.00193607 -0.000538184 -0.000350306 -0.00228116 0.000509468 0.000583186 0.00346835
internal_weight=1760 161 105 76 56 1599 321 68 48 1278 44 1234 253 42 211 1211 353 329 75 47 858 822 211 112 99 611 54 58 64 54
internal_count=1760 161 105 76 56 1599 321 68 48 1278 44 1234 253 42 211 1211 353 329 75 47 858 822 211 112 99 611 54 58 64 54
is_linear=0
shrinkage=0.05


Tree=244
num_leaves=31
num_cat=0
split_feature=166 127 281 93 180 180 288 196 203 273 179 315 319 245 276 92 260 150 276 336 315 127 265 190 131 288 222 293 143 119
split_gain=0.0270724 0.0773862 0.0882847 0.0672056 0.047228 0.0475576 0.0584372 0.067713 0.0492365 0.0486842 0.0424559 0.0710371 0.08503 0.0961128 0.0900957 0.115047 0.102582 0.122575 0.139441 0.0907871 0.084125 0.0841149 0.112285 0.147484 0.122275 0.101084 0.0772716 0.101713 0.0868645 0.0766653
threshold=-0.040561109529667246 0.05418802276822815 -0.027484618641011174 0.047347036545624867 -0.060141201048404015 -0.030008236676952942 0.0094330949783210574 -0.01707691904992591 0.017886075114669667 -0.00052407459911685392 -0.00057460530803443439 -0.056386141816202114 0.0059888759982134427 0.053594765935511039 -0.027259503909509385 0.02807860363798732 -0.001489774825098643 0.0018416204132662114 0.01764859417717635 -0.0024348072898863313 -0.038669512868789911 0.0060422178500888464 -0.046342079822329026 -0.0015003473635252095 -0.005050391760888351 -0.030931631230639408 0.0066237812158347663 0.0050159722267225969 -0.002641306688669731 -0.012608521420165568
decision_type=2 2 2 2 2 2 2 2 2 2 2 2 2 2 2 2 2 2 2 2 2 2 2 2 2 2 2 2 2 2
left_child=1 2 -1 -4 -2 6 7 -6 9 -9 11 -7 20 14 15 -14 17 19 -19 -16 -13 25 -23 -24 -25 -22 27 -27 -28 -29
right_child=4 -3 3 -5 5 10 -8 8 -10 -11 -12 12 13 -15 16 -17 -18 18 -20 -21 21 22 23 24 -26 26 28 29 -30 -31
leaf_value=0.0021963041261187756 0.002414870814287237 -0.0033841405524237251 -0.00018495612692850171 -0.0033375045676207679 0.0021093234716152601 0.0020936979795806109 -0.0028835512228021082 -0.00052407515997236428 0.00058956122439768582 -0.0039325684757204734 0.00036570694947116574 -0.00282239159304564 -0.0013038617313011654 0.0020013732021616306 -0.0074535755394026645 0.0032232294810692905 -0.00070533217383399465 -0.0044211743865162139 0.00096865260191927004 -0.0026894623949192467 0.0026758417142960043 -0.0022976437721147457 -5.8573760871673233e-05 0.005294748954122153 0.0015165811017648027 -0.0014142206573160366 -0.00016439571239364645 0.0040370794764021415 -0.0042001236835494636 -0.00015447642957345427
leaf_weight=30 21 22 73 22 22 33 29 22 27 20 761 22 36 25 20 23 104 21 28 20 23 22 82 33 61 60 24 20 30 24
leaf_count=30 21 22 73 22 22 33 29 22 27 20 761 22 36 25 20 23 104 21 28 20 23 22 82 33 61 60 24 20 30 24
internal_value=-3.26049e-13 -0.000649584 -0.000168302 -0.00091502 5.91995e-05 2.8126e-05 -0.000929006 -0.000306129 -0.00107627 -0.00214717 0.000106153 -0.000171654 -0.000281914 -0.000955625 -0.00124898 0.000460937 -0.0017717 -0.00301779 -0.00134127 -0.00507152 0.000183467 0.00035795 0.00107014 0.00149111 0.00284296 -0.000421127 -0.000871951 -7.51835e-05 -0.00240647 0.00175078
internal_weight=1760 147 125 95 1613 1592 120 91 69 42 1472 711 678 277 252 59 193 89 49 40 401 379 198 176 94 181 158 104 54 44
internal_count=1760 147 125 95 1613 1592 120 91 69 42 1472 711 678 277 252 59 193 89 49 40 401 379 198 176 94 181 158 104 54 44
is_linear=0
shrinkage=0.05


Tree=245
num_leaves=31
num_cat=0
split_feature=324 215 1 9 183 324 277 114 287 290 114 233 99 222 222 314 214 119 224 94 107 250 1 141 247 330 143 203 158 203
split_gain=0.0264742 0.0639019 0.0650124 0.089961 0.0589014 0.0524778 0.0603445 0.0544625 0.135839 0.0952189 0.0936276 0.0623227 0.098382 0.070643 0.107592 0.101738 0.100423 0.127684 0.11716 0.0994942 0.0918719 0.0865108 0.141284 0.0826381 0.0800141 0.166241 0.184377 0.109667 0.112755 0.132033
threshold=-0.017021318057822251 -0.092758616100516014 3.3842466058243152 0.024019230769230775 -0.036994434245877138 -0.015121595742158718 -0.086563453670816456 0.040144501376834889 0.010901425690528118 0.0059150577610496006 0.036617946341468706 -0.072159381924095725 -0.040614863357676133 0.001813076583435438 0.0012380421684368944 0.0081646031452520997 0.0065058213881299667 0.023643678032772168 -0.0032826789059134534 -0.059536698904533149 0.049339408977261225 -0.026942180322221877 4.7999057951650004 -0.018157927466436904 0.006687528051470085 0.0025039041472528253 1.0000000180025095e-35 0.0054884465281129233 0.00067670724823175852 -0.0016507889399120991
decision_type=2 2 2 2 2 2 2 2 2 2 2 2 2 2 2 2 2 2 2 2 2 2 2 2 2 2 2 2 2 2
left_child=1 -1 3 -3 -4 -2 -7 10 9 -9 11 12 -8 14 15 16 19 18 -18 -13 21 22 -15 -23 27 -26 -27 28 29 -25
right_child=5 2 4 -5 -6 6 7 8 -10 -11 -12 13 -14 20 -16 -17 17 -19 -20 -21 -22 23 -24 24 25 26 -28 -29 -30 -31
leaf_value=-0.003094311057357118 0.0020234011529412653 4.420965804808563e-05 0.0026107677180940911 -0.0039438993276025248 -0.00011554759576600711 -0.0019570663916561497 -0.004199144082376734 -0.00091977304487395137 -0.0034115704204383738 0.0028876489785034211 0.0034542038044574758 -0.0036371229110955029 -0.00020981726834981923 0.00014459926314884798 0.0042502219395100837 0.0014121921624284561 0.00068629878980573265 -0.0012898041558042734 0.0047815253747807394 -0.00023882414609986536 -0.0025768057473091965 0.0014149564626168903 0.0050617258108797527 0.00076906451561770063 -0.00012274488232408962 -0.006636047970365596 -0.00046969180323437533 -0.0017534322625059368 -0.00061797642533904231 0.0057880732566263767
leaf_weight=20 35 31 21 26 350 36 20 52 37 24 22 24 68 48 20 199 40 33 31 210 37 59 21 38 75 27 22 56 58 20
leaf_count=20 35 31 21 26 350 36 20 52 37 24 22 24 68 48 20 199 40 33 31 210 37 59 21 38 75 27 22 56 58 20
internal_value=-5.57024e-12 -0.000331859 -0.000202772 -0.00177493 3.87721e-05 0.000113318 6.0966e-05 0.000119507 -0.000927015 0.000282571 0.000224345 0.000160098 -0.00111648 0.000270451 0.000649376 0.000515266 -1.28057e-05 0.00127996 0.00247436 -0.000587368 -0.000187383 2.11277e-05 0.00164112 -0.000293743 -0.000634329 -0.00160252 -0.00386748 6.36691e-05 0.00094089 0.00249976
internal_weight=1760 448 428 57 371 1312 1277 1241 113 76 1128 1106 88 1018 557 537 338 104 71 234 461 424 69 355 296 124 49 172 116 58
internal_count=1760 448 428 57 371 1312 1277 1241 113 76 1128 1106 88 1018 557 537 338 104 71 234 461 424 69 355 296 124 49 172 116 58
is_linear=0
shrinkage=0.05


Tree=246
num_leaves=31
num_cat=0
split_feature=295 215 295 215 11 333 324 333 143 200 277 165 335 295 335 286 335 133 175 220 98 150 199 315 117 261 201 248 236 91
split_gain=0.0259622 0.0869865 0.123897 0.130766 0.102184 0.0797948 0.126503 0.0745915 0.0811595 0.0689527 0.0685535 0.0568704 0.0698022 0.0535475 0.141327 0.0946502 0.0748992 0.111628 0.0976016 0.0550865 0.0549878 0.0571537 0.0518001 0.113157 0.110969 0.155797 0.113444 0.0956289 0.0931043 0.148598
threshold=0.024355832911731688 0.0090541570841324737 0.034015146162855531 0.0019916306204258607 2.6982018613897174 -0.028797188797279227 -0.011286063990662674 0.0042026396012111592 0.0024201859077237577 0.0015108990434059731 0.010916349729639046 -0.0015166809282201191 -0.0021257224386650965 0.019201614404161467 0.026305047538039198 0.0021903022158318969 0.046809574668158514 -0.0069187991058629978 -0.0036979662846317314 -0.14251220101537082 0.067041281995763105 -0.028965554045193274 0.00060291079572162174 -0.015239165215026761 0.028634830343635013 -0.0054152291811018676 -0.0033314655585114134 0.01622757712036137 -0.0017390387330153388 0.060754215697764145
decision_type=2 2 2 2 2 2 2 2 2 2 2 2 2 2 2 2 2 2 2 2 2 2 2 2 2 2 2 2 2 2
left_child=13 2 3 4 -2 6 -4 8 -7 -6 -9 12 -3 16 15 -15 19 -18 -19 -1 22 -22 23 27 28 -26 -27 -21 29 -25
right_child=1 11 5 -5 9 7 -8 10 -10 -11 -12 -13 -14 14 -16 -17 17 18 -20 20 21 -23 -24 24 25 26 -28 -29 -30 -31
leaf_value=-0.0015574178498664356 -0.0033045475964524579 0.00031191955320537096 -0.00056064633043626183 -0.0053169659757986674 0.0025059514180091873 -8.6118721854731904e-05 0.0046569709743683541 -0.00049273639390913276 -0.0035669320482103264 -0.0015458753454454599 0.0024560378209032394 -0.00043883887381525712 0.0044392753237237539 -0.0015724451830869332 0.0049859760119579733 0.00207908262482046 0.0011855956896657258 -0.0049341351287449263 -0.0008098300721030683 0.00045704191137395692 0.00084050120494794101 -0.0019026318113161723 0.00065213672258605966 -0.0011143557241363549 -0.0013677162391000561 0.0010020960158475772 0.0058970171050168572 0.0035573099013135739 -0.00014212189962470765 -0.0055015808254804304
leaf_weight=47 31 20 26 25 21 33 21 73 34 21 27 30 21 36 20 35 28 26 32 101 28 59 509 120 35 29 20 33 196 23
leaf_count=47 31 20 26 25 21 33 21 73 34 21 27 30 21 36 20 35 28 26 32 101 28 59 509 120 35 29 20 33 196 23
internal_value=4.4126e-13 -0.000364126 -0.000723584 -0.00219595 -0.00112711 -4.93213e-05 0.00177063 -0.000561523 -0.0018525 0.000480038 0.000303433 0.00121546 0.00242593 0.000101278 0.0012734 0.000227604 1.83366e-05 -0.00140704 -0.00265866 0.000120489 0.000188885 -0.00101978 0.000287529 -4.56578e-05 -0.00044677 0.00118013 0.00300002 0.00122054 -0.000849897 -0.00181999
internal_weight=1760 383 312 98 73 214 47 167 67 42 100 71 41 1377 91 71 1286 86 58 1200 1153 87 1066 557 423 84 49 134 339 143
internal_count=1760 383 312 98 73 214 47 167 67 42 100 71 41 1377 91 71 1286 86 58 1200 1153 87 1066 557 423 84 49 134 339 143
is_linear=0
shrinkage=0.05


Tree=247
num_leaves=31
num_cat=0
split_feature=325 325 167 166 93 212 174 281 306 87 315 237 156 92 93 331 93 174 189 126 283 326 203 5 227 283 323 267 118 138
split_gain=0.0259267 0.109643 0.0917033 0.079 0.0768019 0.0827353 0.0823864 0.0968522 0.0819391 0.0763722 0.0736775 0.0723015 0.0784403 0.125541 0.0714967 0.0713614 0.112264 0.0809532 0.0636594 0.0612034 0.0804635 0.101555 0.104782 0.127701 0.093538 0.0861354 0.0917466 0.116683 0.0943194 0.100934
threshold=0.022125037832342175 0.0073113391617234819 -0.040768346300793117 -0.038545217595699378 -0.023931439530598442 0.10057756661667845 0.0078406668359944833 -0.011391810757033253 0.0029686849289498967 0.020596497521700105 -0.0064644429026984281 -0.071271273966510076 -0.037165107889578594 0.0087252004599350213 0.047347036545624867 -0.016541537592464673 0.044956907042540621 -0.0034157220241493084 0.037106734402706336 0.00059629376613946938 -0.0023946037291034034 0.044109105519913448 -0.0085999863528642296 1.2424533248940004 -0.012744043341161367 0.0011131587333288865 -0.011390926170218316 0.00014693986140532883 -0.018604448452323261 0.019988928324588037
decision_type=2 2 2 2 2 2 2 2 2 2 2 2 2 2 2 2 2 2 2 2 2 2 2 2 2 2 2 2 2 2
left_child=1 3 -3 14 -4 6 7 10 -9 -7 -6 -2 13 -13 -1 16 17 -14 -17 20 21 22 24 -24 -5 -22 28 -28 -27 -30
right_child=11 2 4 19 5 9 -8 8 -10 -11 -12 12 15 -15 -16 18 -18 -19 -20 -21 25 -23 23 -25 -26 26 27 -29 29 -31
leaf_value=-0.00065165015252272572 -0.0032145793106229531 0.0042366350084193987 0.0028745308444033273 0.0036394494383231455 -0.00064418227084388495 0.0045175083025935153 0.0013791083561045525 -0.0011187929265027063 0.0021342154817830306 0.00038866362986785441 -0.0048845609783061917 -0.0048594242131168195 0.0023249069228768351 0.00031938310991972687 -0.0039315294093588216 -0.00072261218181081421 0.0039975628664251422 -0.00098371988937929838 0.0022408370109769748 -0.00039647791074970981 0.0040515549525263761 0.0028642656089252106 -0.00067381900361007348 -0.0045225407552117345 -0.00042100714824816867 0.0047239786368268345 0.0013693082344567254 -0.0014110533169443514 0.002220361505012489 -0.0019706487795338036
leaf_weight=54 21 20 36 23 20 21 64 49 32 24 21 22 29 25 24 193 26 51 20 507 21 23 126 26 37 23 74 77 51 20
leaf_count=54 21 20 36 23 20 21 64 49 32 24 21 22 29 25 24 193 26 51 20 507 21 23 126 26 37 23 74 77 51 20
internal_value=-4.0086e-12 0.000101884 0.000971042 -0.00012781 0.000726428 0.000391659 -7.37766e-05 -0.000835946 0.000166346 0.00231546 -0.00281608 -0.000361465 -0.000197762 -0.00210474 -0.00166084 8.32032e-05 0.00114329 0.000215657 -0.000444354 -9.18258e-06 0.000382751 -0.0002914 -0.00063376 -0.00133215 0.0011355 0.000978336 0.000714917 -4.8492e-05 0.00194124 0.0010398
internal_weight=1760 1373 287 1086 267 231 186 122 81 45 41 387 366 47 78 319 106 80 213 1008 501 235 212 152 60 266 245 151 94 71
internal_count=1760 1373 287 1086 267 231 186 122 81 45 41 387 366 47 78 319 106 80 213 1008 501 235 212 152 60 266 245 151 94 71
is_linear=0
shrinkage=0.05


Tree=248
num_leaves=31
num_cat=0
split_feature=194 257 199 127 135 206 135 283 106 263 109 187 104 256 116 164 270 248 191 191 328 178 144 265 236 329 173 250 319 283
split_gain=0.0256676 0.0318078 0.06737 0.124829 0.0401219 0.0881961 0.0542826 0.043289 0.0891794 0.095675 0.0529168 0.0781285 0.0640516 0.0516566 0.0768662 0.068497 0.0786838 0.0725724 0.0637297 0.0707891 0.165635 0.137966 0.114041 0.0828317 0.0809381 0.0681546 0.0997987 0.0867109 0.115179 0.105084
threshold=-0.083853607207984543 0.044555719626595845 -0.010287602066530196 -0.0017330697951388507 0.070217847894157928 -0.00035566124912687257 0.060607594993809223 0.06261407461574571 -0.02046029108467556 0.014350454854036715 -0.073678408423036953 0.012683946484674259 -0.0047114226294902228 -0.035464319183170785 0.0073536516954456873 -0.01475686513138078 0.0030887114411918509 -0.0099325780227380433 -0.033459422561727792 -0.010291494911399033 0.010978976589524866 0.0042956881492608222 0.00066448799254874269 -0.019205471650939099 -0.068848551271773764 0.0093965232865888728 0.0059074076001209806 -0.012224532877739383 -0.0044322788338698477 0.0072915267092701604
decision_type=2 2 2 2 2 2 2 2 2 2 2 2 2 2 2 2 2 2 2 2 2 2 2 2 2 2 2 2 2 2
left_child=-1 4 3 -3 6 -6 7 10 -9 -10 11 12 -2 14 15 -12 17 -17 -15 20 21 22 -20 -23 -21 27 -27 29 -29 -26
right_child=1 2 -4 -5 5 -7 -8 8 9 -11 13 -13 -14 18 -16 16 -18 -19 19 24 -22 23 -24 -25 25 26 -28 28 -30 -31
leaf_value=0.0017375855850765391 -0.001910729124210775 0.00044376466423273086 -6.4078216933381014e-05 -0.005014131857420911 0.0038219647648723119 -0.0002905292083596578 -0.0024675258092346753 -0.0011973403321964473 0.004063575291002053 0.00013324026464639854 -0.0017133938197548559 -0.0030857614809921123 0.0011455534416018054 -0.0015954213558209383 0.0019629609897248621 -0.00039507362293079496 -0.00079469790052035427 0.0033805446632738621 0.00550730586789238 0.0015891344734098251 -0.00074752725375163342 0.0030280575994402169 0.0011114463813137263 -0.00086678006404707596 3.6802591889032301e-06 -0.0017535844298208758 0.0005213328738624325 -0.001642360598909565 0.00025555274952072368 0.0025318714251863911
leaf_weight=21 30 20 111 22 22 32 22 29 32 30 40 34 40 66 82 20 46 35 36 58 97 20 25 43 126 160 69 135 196 61
leaf_count=21 30 20 111 22 22 32 22 29 32 30 40 34 40 66 82 20 46 35 36 58 97 20 25 43 126 160 69 135 196 61
internal_value=2.44323e-13 -2.09829e-05 -0.000709466 -0.00241513 4.54344e-05 0.00138493 -1.78022e-06 3.41445e-05 0.0010913 0.0021618 -3.36508e-05 -0.00111938 -0.000164282 5.22168e-05 0.000745689 3.77712e-05 0.000731302 0.00200759 -8.93987e-05 7.47994e-06 0.00080013 0.0020108 0.00370572 0.000369676 -0.000210129 -0.000349831 -0.00106813 -3.22828e-05 -0.000518521 0.000828384
internal_weight=1760 1739 153 42 1586 54 1532 1510 91 62 1419 104 70 1315 223 141 101 55 1092 1026 221 124 61 63 805 747 229 518 331 187
internal_count=1760 1739 153 42 1586 54 1532 1510 91 62 1419 104 70 1315 223 141 101 55 1092 1026 221 124 61 63 805 747 229 518 331 187
is_linear=0
shrinkage=0.05


Tree=249
num_leaves=31
num_cat=0
split_feature=217 9 84 248 248 259 93 157 311 257 199 248 0 299 91 294 84 217 106 303 256 239 239 284 108 7 174 286 271 253
split_gain=0.0244649 0.0938728 0.0767395 0.0725998 0.0740684 0.0618714 0.0935105 0.0822244 0.0931527 0.0913085 0.0982192 0.0835529 0.0897713 0.0749369 0.0693412 0.0658899 0.0612255 0.0603913 0.211452 0.0687239 0.0953713 0.0911865 0.11714 0.0854919 0.109189 0.122185 0.0932837 0.0765376 0.0753752 0.0888018
threshold=-0.0014559972188747953 0.061706192358366281 -0.015709743428670351 0.1241713287067028 0.082731928085474346 0.0022612304094466493 -0.063099742615302448 -0.0017176255428140086 -0.030399744711229928 0.0047564702494331153 -0.0017462602206077442 0.0054286150328438252 5.9148525341228533 0.016239868564351126 0.026151773995394163 0.0031103304945037671 0.32154973125159803 -0.0027294413092416561 -0.0038047609431170171 -0.013184794820263331 0.069147362852712432 -0.0033977730420516592 -0.0090828735722864266 0.010313060321425734 -0.012043225709080951 0.74645606060606073 0.0012181114969828264 0.010491921197087648 0.022821108851692373 -0.021790215401191377
decision_type=2 2 2 2 2 2 2 2 2 2 2 2 2 2 2 2 2 2 2 2 2 2 2 2 2 2 2 2 2 2
left_child=17 3 -3 4 5 6 -2 11 15 -10 -11 -7 13 14 -13 -9 -8 19 -19 23 21 22 -21 24 25 -1 -26 28 29 -23
right_child=1 2 -4 -5 -6 7 16 8 9 10 -12 12 -14 -15 -16 -17 -18 18 -20 20 -22 27 -24 -25 26 -27 -28 -29 -30 -31
leaf_value=0.0062629646560665043 0.0035643421353914006 0.0044918184422633864 0.00040353039057663411 0.0025162843702328875 -0.0024683242570608856 -0.00050972342870663856 0.00016652665390541767 0.0030890239918205356 -0.00076800333693813317 -0.0057444234632632952 -0.0015256902748070709 0.0012039212636528133 0.0040951927289521938 0.0024790935218334201 -0.0027224984485656025 -0.00051537346896566303 0.0028128109325695296 0.0017409651802154258 -0.0044675691951852059 -0.00051587536743048421 -0.00324736761062273 0.0046043547522541224 -0.0039949720191673676 -0.00079790837674712151 0.0021412135860086174 0.00086930127304402137 -0.0013622368589398992 -0.0010246908725392012 -0.00066607042125219279 0.0010606517776290678
leaf_weight=21 23 22 24 29 30 125 440 21 146 22 37 23 24 31 22 32 23 24 32 178 28 22 28 60 38 21 38 61 45 90
leaf_count=21 23 22 24 29 30 125 440 21 146 22 37 23 24 31 22 32 23 24 32 178 28 22 28 60 38 21 38 61 45 90
internal_value=3.34673e-12 0.000148986 0.0023588 5.01034e-05 -2.14874e-05 5.4266e-05 0.000452564 -0.000346506 -0.000955732 -0.00143881 -0.00309878 0.000352073 0.00142932 0.000587462 -0.000715662 0.000912784 0.000297984 -0.000233252 -0.00180677 -9.33841e-05 -0.000421098 -0.000234457 -0.000988762 0.000738788 0.00152016 0.00356613 0.000389488 0.000478326 0.0010623 0.00175674
internal_weight=1760 1074 46 1028 999 969 486 483 258 205 59 225 100 76 45 53 463 686 56 630 452 424 206 178 118 42 76 218 157 112
internal_count=1760 1074 46 1028 999 969 486 483 258 205 59 225 100 76 45 53 463 686 56 630 452 424 206 178 118 42 76 218 157 112
is_linear=0
shrinkage=0.05


Tree=250
num_leaves=31
num_cat=0
split_feature=215 101 222 169 324 273 153 157 324 287 330 278 139 101 282 216 197 291 282 192 226 244 123 200 176 307 217 331 0 245
split_gain=0.024726 0.0334902 0.108383 0.0857981 0.0586249 0.0803661 0.0872396 0.10581 0.0782704 0.0916898 0.0767119 0.0618895 0.061291 0.0578384 0.0644959 0.107963 0.0852508 0.0930786 0.0787129 0.178248 0.106854 0.0671727 0.073288 0.083876 0.099893 0.147908 0.0944842 0.0628951 0.119936 0.0836403
threshold=-0.1142087567662048 -0.00623309788544544 -0.038923365209172632 0.053899434878839865 0.030793604669780629 -0.032174091434426726 0.022303952386524935 0.024519770002777119 0.019841598838431847 0.01334892278575507 -0.0024396230538029063 0.0014587715717094766 -0.0021034167655446562 -0.0050809557530184729 -0.0074924080309197805 0.14178848500565072 -0.018196002407815916 -0.010569887586369493 0.00090205357310311292 -0.0077418168951515808 1.0000000180025095e-35 0.024512126686684652 0.033424880116897697 -0.0021429358447364608 0.00026268310496587008 -0.0021700304392056904 0.00041636831457839298 -0.0027526664306237437 6.111464881298299 0.0050170174929344748
decision_type=2 2 2 2 2 2 2 2 2 2 2 2 2 2 2 2 2 2 2 2 2 2 2 2 2 2 2 2 2 2
left_child=-1 2 -2 -4 8 -6 7 11 13 10 -10 12 -7 -3 15 16 17 -15 19 -16 -21 22 23 -18 26 -26 -25 28 -20 -29
right_child=1 4 3 -5 5 6 -8 -9 9 -11 -12 -13 -14 14 18 -17 21 -19 27 20 -22 -23 -24 24 25 -27 -28 29 -30 -31
leaf_value=0.0013156838435679674 -0.002896164378456122 0.0020398525742049783 -0.00028112184467237936 0.0023758093597280095 0.0016296074380455858 -0.0018151894852053375 0.00087973526918658012 -0.0052027957881883987 0.00095620840487148004 -0.00060603399402820151 0.0048084923382183276 -0.0028080962301828549 0.0020992391556501392 0.0044838239244806271 -0.0053257701219990849 0.0041841895296238366 -0.0011810720858297179 0.00039150228399331829 8.4776206177021205e-05 -0.0022606457874303487 0.0018929578286285204 -0.0014999845380879056 -0.0017845600486422579 0.0058643229258623685 -0.0026359829971916043 0.0024302161514402972 0.0013149789907038213 0.0002426666289014756 0.0034893411539087538 -0.001744374111810678
leaf_weight=35 38 39 602 32 29 20 34 21 24 26 28 32 20 24 24 20 35 33 135 32 30 59 30 21 25 34 25 133 32 88
leaf_count=35 38 39 602 32 29 20 34 21 24 26 28 32 20 24 24 20 35 33 135 32 30 59 30 21 25 34 25 133 32 88
internal_value=-1.18583e-12 -2.6695e-05 -0.000302476 -0.000147018 0.000149302 -0.000745302 -0.0012876 -0.00207997 0.000304885 0.00181833 0.00303052 -0.00116914 0.000142025 0.000160747 6.6792e-05 0.000632663 0.000384304 0.00211459 -0.000298517 -0.0016671 -0.000250838 -4.63772e-05 0.00045811 0.000938682 0.00164527 0.000283522 0.00339185 4.82847e-06 0.000737148 -0.000548553
internal_weight=1760 1725 672 634 1053 156 127 93 897 78 52 72 40 819 780 306 286 57 474 86 62 229 170 140 105 59 46 388 167 221
internal_count=1760 1725 672 634 1053 156 127 93 897 78 52 72 40 819 780 306 286 57 474 86 62 229 170 140 105 59 46 388 167 221
is_linear=0
shrinkage=0.05


Tree=251
num_leaves=31
num_cat=0
split_feature=111 238 217 217 106 9 316 164 87 217 87 172 165 283 158 196 113 67 296 317 290 266 158 98 205 334 188 134 179 143
split_gain=0.0238938 0.0291813 0.0338507 0.0839741 0.145467 0.0808321 0.0754404 0.0631535 0.062171 0.0743429 0.0633472 0.0935087 0.0834467 0.0676444 0.125243 0.104427 0.100478 0.129448 0.094938 0.0902013 0.103022 0.0887347 0.0873267 0.0905543 0.106942 0.137231 0.114835 0.0868555 0.0702929 0.0630751
threshold=0.14047563523273299 0.1340845822288112 -0.0014559972188747953 -0.0027294413092416561 -0.0038047609431170171 0.061706192358366281 -0.0042702517967039885 0.062214892773325974 0.20245070669418233 -0.00082844335844053159 0.17582677672514938 0.019015410553080075 0.0097194776530239255 0.0015492900652561991 -0.018849052433096401 -0.0067458845849010267 -0.00031700386869909259 0.89587973461402759 0.037274454914580528 0.012553301675256315 0.0056376463920343465 0.0058145879144272375 -0.012051467398394822 0.042751565814756386 -0.0041298188296546665 -0.0031882411388398199 -0.006920062595674621 -0.0039545608365624462 -0.0096065324532074951 0.0066181570450105998
decision_type=2 2 2 2 2 2 2 2 2 2 2 2 2 2 2 2 2 2 2 2 2 2 2 2 2 2 2 2 2 2
left_child=1 2 3 7 -5 8 -7 -1 9 -4 13 12 -12 14 29 19 17 -16 -18 20 27 -22 28 24 -24 26 -26 -15 -17 -11
right_child=-2 -3 5 4 -6 6 -8 -9 -10 10 11 -13 -14 15 16 22 18 -19 -20 -21 21 -23 23 -25 25 -27 -28 -29 -30 -31
leaf_value=-2.4568372854857496e-05 -0.0013990030263084921 0.0014968550114920645 0.0022812945455578824 0.0010904402637970634 -0.004378982418453351 0.00036621746793389325 0.0044313177524600176 -0.0028153778486219899 0.0027065983624197545 0.00015308569852830461 0.0011648162651587935 -0.0042878284651253909 -0.0028439138816403493 -0.0015479491988662632 -0.00097025122155290806 0.00031451063114218414 0.00050055073465450227 -0.0043058372997237665 -0.0026814046814771638 5.1023996651597449e-06 0.0020667465675311787 0.0066631926511902181 -0.0011001339328423558 -0.0022231311861945031 0.00050241493630561634 -0.00010512553540488275 0.005020232333574827 0.0026783265533947176 -0.0027370297886512205 0.0025670576168543681
leaf_weight=584 30 33 35 20 31 25 21 21 22 73 34 21 21 20 124 32 144 38 28 57 21 21 45 26 22 52 39 31 46 43
leaf_count=584 30 33 35 20 31 25 21 21 22 73 34 21 21 20 124 32 144 38 28 57 21 21 45 26 22 52 39 31 46 43
internal_value=-6.01734e-12 2.42602e-05 -4.37604e-06 -0.000285687 -0.00223411 0.000172896 0.00222202 -0.000121439 7.81621e-05 1.87319e-05 -6.56921e-05 -0.00144951 -0.00036579 5.63151e-05 -0.000367498 0.000519218 -0.000859081 -0.00175267 -1.7442e-05 0.00157126 0.00253116 0.00436497 -8.30947e-05 0.00051124 0.0009612 0.00178209 0.00339086 0.00102096 -0.00148512 0.00104792
internal_weight=1760 1730 1697 656 51 1041 46 605 995 973 938 76 55 862 450 412 334 162 172 150 93 42 262 184 158 113 61 51 78 116
internal_count=1760 1730 1697 656 51 1041 46 605 995 973 938 76 55 862 450 412 334 162 172 150 93 42 262 184 158 113 61 51 78 116
is_linear=0
shrinkage=0.05


Tree=252
num_leaves=31
num_cat=0
split_feature=290 215 196 154 289 300 326 300 239 246 162 214 124 289 289 243 145 249 294 245 239 202 330 316 85 165 307 88 119 120
split_gain=0.0234309 0.0347093 0.0374544 0.0655708 0.0374975 0.0280348 0.110964 0.0731854 0.093498 0.0671168 0.0694117 0.0662341 0.0529842 0.0506408 0.0644305 0.0539567 0.06578 0.0539914 0.0500122 0.0853317 0.0465278 0.102959 0.0996149 0.0849232 0.0982322 0.0915821 0.080032 0.0769903 0.0769511 0.11453
threshold=-0.099838902808241939 -0.1142087567662048 -0.056746059500357812 -0.0023303852430283625 0.1052114023780539 0.021762569481909473 0.012083584038431284 0.050121497269384634 -0.021541837510884631 -0.017482209169964031 -0.0036251770301683377 0.18165066807330846 0.0043827512552235565 0.019519380534332744 0.034620095213196388 -0.0028603415044161375 0.0026259040359541252 -0.00066097956863609309 0.059767671200226219 0.012763854218473621 0.00045228935527000317 -0.006979403372516655 0.0050842025882776231 0.019092012766408515 -0.15560526047815762 0.0075614971897514571 -0.0076727666294383835 0.072883787896654215 0.00063035511588579172 -0.0050941630821073032
decision_type=2 2 2 2 2 2 2 2 2 2 2 2 2 2 2 2 2 2 2 2 2 2 2 2 2 2 2 2 2 2
left_child=-1 -2 3 -3 5 18 11 8 -8 -10 -11 13 -9 15 -15 16 17 -7 20 -20 -4 23 26 24 -22 -25 -23 28 -28 -30
right_child=1 2 4 -5 -6 6 7 12 9 10 -12 -13 -14 14 -16 -17 -18 -19 19 -21 21 22 -24 25 -26 -27 27 -29 29 -31
leaf_value=-0.0014348374924988353 0.0016546262617339381 0.00067106876843657428 -0.00035687235546114001 -0.0028100597551993789 0.0021871916619420517 -0.0020484290667809545 0.0051910406078345015 -0.0017455862108618021 0.0037115029869196209 0.0027760192696448596 -0.00086008910721700109 -0.0030457731190836057 0.0014212982524311104 0.0031542601613327864 -0.00043546246644109491 -0.0011578183418272862 0.0029765414977667944 0.0013416641355117622 0.0005401504941151611 -0.0038682186976075174 -0.0043117797937996406 7.000299103606796e-05 -0.00027625036284321762 -0.0009510000692554625 -0.00076861577462169193 0.0028788566408264969 0.00042191800617729318 0.004070430794758175 0.00019140854191905619 0.004848140897604848
leaf_weight=28 32 24 600 31 20 24 21 25 23 21 35 20 28 25 25 105 21 23 21 23 26 86 162 37 79 27 80 34 23 31
leaf_count=28 32 24 600 31 20 24 21 25 23 21 35 20 28 25 25 105 21 23 21 23 26 86 162 37 79 27 80 34 23 31
internal_value=7.42478e-13 2.3196e-05 -7.51329e-06 -0.00129102 3.54004e-05 8.91679e-06 0.000374781 0.00142958 0.0022257 0.00143744 0.000503452 -0.000289354 -7.25152e-05 -4.21419e-05 0.0013594 -0.000447211 0.000650049 -0.000389447 -0.00010897 -0.00176422 -4.75086e-05 0.000269788 0.000692573 -0.000770916 -0.00164597 0.000664721 0.00131048 0.00194549 0.00140633 0.00286472
internal_weight=1760 1732 1700 55 1645 1625 396 153 100 79 56 243 53 223 50 173 68 47 1229 44 1185 585 416 169 105 64 254 168 134 54
internal_count=1760 1732 1700 55 1645 1625 396 153 100 79 56 243 53 223 50 173 68 47 1229 44 1185 585 416 169 105 64 254 168 134 54
is_linear=0
shrinkage=0.05


Tree=253
num_leaves=31
num_cat=0
split_feature=275 207 329 324 158 224 247 142 96 273 103 199 7 307 217 217 302 112 294 306 2 261 146 198 113 117 274 199 223 162
split_gain=0.0231974 0.067413 0.0908512 0.0572639 0.0535512 0.0786895 0.0980043 0.0773085 0.0978872 0.0724628 0.0640777 0.0463349 0.0753093 0.11063 0.0743947 0.101088 0.08185 0.0868302 0.0769025 0.126392 0.0912895 0.0853757 0.0759455 0.0719398 0.0712835 0.0691258 0.1229 0.0780111 0.111708 0.111208
threshold=-0.031674940614598641 -0.016071147127626119 0.0018112369393377379 -0.040599909179880794 0.0048673226786887097 0.035705849428773202 1.0000000180025095e-35 -0.0084719763334520585 0.00056075708964593558 -0.018412803979972022 0.0012751927483032938 0.00060291079572162174 0.035210484069650085 -0.0021700304392056904 -0.0014559972188747953 -0.00071307192208907222 -0.019226515903715616 -0.012397476110225012 -0.0068366038046240238 0.012118940716964175 1.4978661367769956 0.00083943478124431925 0.023862607120997015 -0.0077679739386083317 0.01499937592981705 0.031833087651666064 0.025326389280807483 -0.0035926343421587015 0.071854101834582046 -0.0068875953381244892
decision_type=2 2 2 2 2 2 2 2 2 2 2 2 2 2 2 2 2 2 2 2 2 2 2 2 2 2 2 2 2 2
left_child=1 2 -1 -3 7 6 -6 8 -5 -9 -11 12 13 -2 18 -16 17 -17 21 20 -20 -13 -18 -21 25 27 -27 28 -14 -29
right_child=11 3 -4 4 5 -7 -8 9 -10 10 -12 14 24 -15 15 16 22 -19 19 23 -22 -23 -24 -25 -26 26 -28 29 -30 -31
leaf_value=0.0037701681902211522 -0.0049904188584713712 -0.0019014588539545058 -0.00023762342170287481 0.0027158199351696249 -5.5932465184014294e-05 -0.0014693287514091935 0.0037452968434454541 0.0003190200852363238 -0.00094638173452242166 -0.00080844476220331019 -0.0047144145438713691 0.0018478234055252078 -0.00011892892753833746 2.9062959568008132e-05 0.0040243291160246978 0.0041275484125233358 -0.00029416940401887944 0.00078302236456100061 0.0011252947333440582 -0.005576676982454956 -0.0015883698020987805 -0.00089938849039474281 0.0020556279586162419 -0.0015879727725405246 -0.0013271006377890888 0.00014987013235764757 0.0041531442367928459 0.0010656521352233759 0.0034812296821695311 -0.0023716987881925891
leaf_weight=31 21 33 26 37 30 20 39 35 36 21 21 62 341 23 21 27 245 69 61 20 63 52 40 26 123 73 26 33 23 82
leaf_count=31 21 33 26 37 30 20 39 35 36 21 21 62 341 23 21 27 245 69 61 20 63 52 40 26 123 73 26 33 23 82
internal_value=1.23686e-13 0.000378578 0.00194205 5.0938e-05 0.000320516 0.00129216 0.00209259 -0.000255992 0.000909803 -0.00136123 -0.00276143 -8.70385e-05 -0.000360055 -0.0023666 0.000209459 0.000647107 0.000460961 0.00172367 -0.000410029 -0.0010838 -0.000253422 0.000594709 3.56267e-05 -0.00332219 -0.000234109 -1.51729e-06 0.00120124 -0.000250103 0.000108554 -0.00138533
internal_weight=1760 329 57 272 239 89 69 150 73 77 42 1431 745 44 686 402 381 96 284 170 124 114 285 46 701 578 99 479 364 115
internal_count=1760 329 57 272 239 89 69 150 73 77 42 1431 745 44 686 402 381 96 284 170 124 114 285 46 701 578 99 479 364 115
is_linear=0
shrinkage=0.05


Tree=254
num_leaves=31
num_cat=0
split_feature=117 241 119 205 287 326 264 216 130 277 150 279 316 181 277 85 230 277 259 296 91 333 218 263 248 207 297 112 271 116
split_gain=0.0234152 0.0336478 0.0286365 0.0802198 0.0830861 0.0785973 0.0664514 0.0609187 0.0572773 0.0363583 0.07241 0.0805319 0.116565 0.0659134 0.0922711 0.223812 0.115235 0.111754 0.128461 0.0896422 0.0775905 0.105764 0.072733 0.0634 0.105124 0.103166 0.123101 0.0719955 0.0650778 0.0641035
threshold=-0.10769892808324662 0.11838920395338644 -0.037896591563637859 -0.0041298188296546665 0.014812316203420802 -0.0093950229238711595 0.0062069940027416363 -0.012540636672431993 0.014128040357329506 -0.0055075403080225771 -0.030217734952582006 -0.0074690449477676597 0.0045782603306753888 -0.030207631184437988 -0.0011868468129714925 0.20714701671607169 0.0028579589091731129 0.000336603188926264 0.00062530612173017938 0.016503625466937361 -0.0028321322248324341 0.032104987626525631 0.028328656272432525 0.00056268676465652415 0.0029279754478531684 0.0012556077061130389 0.0004921587015511772 -0.0033388115115467218 0.0027818564370238421 0.0070890699825151325
decision_type=2 2 2 2 2 2 2 2 2 2 2 2 2 2 2 2 2 2 2 2 2 2 2 2 2 2 2 2 2 2
left_child=-1 2 3 6 5 -5 8 -6 -2 -4 11 -11 -13 19 15 16 -15 18 -16 -12 21 -19 23 25 29 26 -22 -26 -27 -25
right_child=1 -3 9 4 7 -7 -8 -9 -10 10 13 12 -14 14 17 -17 -18 20 -20 -21 22 -23 -24 24 27 28 -28 -29 -30 -31
leaf_value=0.0012803330153110439 -0.0020105279804303556 -0.0014412264746014687 -0.00021490186574503182 -0.0047726992284879092 0.002103288362691687 -0.0011813190523146963 0.0031979360536206515 -0.0015042656315490605 0.0015580267374223861 0.0035384670425521432 0.0001938663999459184 -0.001081984622287564 0.0035182425658041167 -0.0021951601495621381 -0.0051843307773760039 0.0059125691613492876 0.0024685471990289025 -0.00072517392760101972 0.00022456574294230214 -0.0034028229977896753 0.0056687610952423952 0.0017914341641590001 -0.0005966728398799087 -0.0023955756962737618 0.0044835376925766472 -0.0012433621084450611 0.0013420467625837773 0.00045874041499337182 0.0022663802453316748 0.00074816868094081481
leaf_weight=35 23 41 620 25 22 39 20 25 22 34 41 40 21 27 21 24 26 253 23 30 31 50 69 34 20 28 35 25 25 31
leaf_count=35 23 41 620 25 22 39 20 25 22 34 41 40 21 27 21 24 26 253 23 30 31 50 69 34 20 28 35 25 25 31
internal_value=2.35642e-12 -2.59778e-05 8.479e-06 -0.000595057 -0.00141192 -0.0025842 0.000799895 0.000184377 -0.000265901 7.89182e-05 0.000284063 0.00158854 0.0005017 0.000127788 0.000270737 0.00190668 9.26963e-05 7.54385e-05 -0.00235695 -0.00132586 0.000253517 -0.000309892 0.00082638 0.00125516 0.000389845 0.00205503 0.00337429 0.00224754 0.000412177 -0.000896251
internal_weight=1760 1725 1684 176 111 64 65 47 45 1508 888 95 61 793 722 77 53 645 44 71 601 303 298 229 110 119 66 45 53 65
internal_count=1760 1725 1684 176 111 64 65 47 45 1508 888 95 61 793 722 77 53 645 44 71 601 303 298 229 110 119 66 45 53 65
is_linear=0
shrinkage=0.05


Tree=255
num_leaves=31
num_cat=0
split_feature=264 333 316 216 333 138 141 270 325 325 306 177 249 223 314 224 306 52 270 1 267 4 266 266 171 265 281 218 289 193
split_gain=0.0230615 0.0554197 0.0541702 0.126779 0.0746538 0.0681802 0.0645003 0.0631617 0.0798823 0.0642254 0.0605447 0.0598158 0.0524041 0.0519722 0.0840359 0.0810711 0.0481551 0.046728 0.0948838 0.0843861 0.0727432 0.0642805 0.0479108 0.129354 0.120548 0.116053 0.0573975 0.0583263 0.0632631 0.046478
threshold=-0.014589047673462764 -0.051835825505893489 0.011837299137315609 -0.02990237260186852 -0.031447430384130885 -0.017998993327587681 0.0070602775276399155 0.0077877427382979881 0.0073113391617234819 0.021310353620179547 -0.018913364666764746 0.011395405616920854 0.091094602471442257 0.017212564998690078 0.01773671552866744 0.007910027731489782 -0.0026885798466191463 0.89587973461402759 0.0051994363775194211 8.9524645033942978 0.003804538433610752 5.3375265226150903 0.036500834162870859 0.032160637096240112 -0.0055257303186515153 -0.037440706439124595 -0.027484618641011174 -0.00023722613313707392 -0.0086046236481437093 0.044101609648696839
decision_type=2 2 2 2 2 2 2 2 2 2 2 2 2 2 2 2 2 2 2 2 2 2 2 2 2 2 2 2 2 2
left_child=1 -1 4 -4 -3 6 -6 13 11 -10 -5 -9 17 14 15 -7 -12 19 20 21 -19 22 23 29 25 -24 -26 28 -28 -2
right_child=12 2 3 10 5 7 -8 8 9 -11 16 -13 -14 -15 -16 -17 -18 18 -20 -21 -22 -23 24 -25 26 -27 27 -29 -30 -31
leaf_value=-0.0021257387595656125 0.00014439956377780384 0.0024143628234140064 0.0040412602953923248 -0.0012140352864755701 -0.00021948112446504338 -0.0013984351614103967 0.003219276212155819 -0.0025085950115074714 0.0032211736240424214 -0.00043673543725162743 0.0027501299902195891 0.00080293604690814401 -0.0019469558089775475 -0.0033322058280016512 -0.0036051827546378433 0.0017141917924163863 0.00044800043100943132 0.0023863800673279913 -0.0035723376121105893 0.0030859092208133502 -0.0016245348423791048 -0.0028503250144422056 0.00032119860739580224 0.0039383018601008438 -0.0021070409228005223 -0.0043558850690412028 0.0041219248133711516 -0.00065885867240738022 0.00038148642410165993 -0.001439685345929097
leaf_weight=23 842 29 30 39 30 52 25 30 30 20 31 25 38 26 22 35 85 20 28 22 26 20 21 22 21 36 20 37 26 49
leaf_count=23 842 29 30 39 30 52 25 30 30 20 31 25 38 26 22 35 85 20 28 22 26 20 21 22 21 36 20 37 26 49
internal_value=6.4078e-13 0.00027498 0.00038346 0.00106608 -6.30631e-06 -0.00024427 0.00134359 -0.000608155 0.000311581 0.00175801 0.000490237 -0.00100335 -0.000119128 -0.00132351 -0.000844366 -0.000146229 0.00106322 -6.07605e-05 -0.00127751 1.99201e-05 0.000119341 -4.1736e-05 1.05655e-05 0.000150802 -0.000784691 -0.00263275 0.000228188 0.000819029 0.00200776 5.72838e-05
internal_weight=1760 532 509 185 324 295 55 240 105 50 155 55 1228 135 109 87 116 1190 74 1116 46 1094 1074 913 161 57 104 83 46 891
internal_count=1760 532 509 185 324 295 55 240 105 50 155 55 1228 135 109 87 116 1190 74 1116 46 1094 1074 913 161 57 104 83 46 891
is_linear=0
shrinkage=0.05


Tree=256
num_leaves=31
num_cat=0
split_feature=277 136 278 293 164 83 131 275 151 146 149 233 233 271 330 271 137 160 251 150 290 321 264 166 304 134 222 206 193 273
split_gain=0.0229388 0.059253 0.0775619 0.0767426 0.0600042 0.0606321 0.0695534 0.0648681 0.0502332 0.0451071 0.0558103 0.036338 0.116464 0.0737144 0.0749818 0.0737466 0.127054 0.0669351 0.0640826 0.05981 0.0585623 0.0686568 0.0856807 0.0645782 0.0574667 0.0624913 0.0550922 0.0543909 0.0631854 0.113333
threshold=-0.036206695946925715 -0.0064246612087927113 0.0085144997235595335 -0.0029800298437683858 -0.031758221187580392 0.090163321188575271 0.01232638070955488 0.0066270529112146823 -0.075273255357528837 -0.080106121037352776 -0.05875813512605868 0.0022504892921241097 0.00040296047425171657 -0.015908694207035969 0.025345163554449174 -0.0073990042686100281 0.0069879106382021786 -0.0071992403081212056 0.0096202446255614239 -0.0029038002631302721 0.019467673695605644 -0.022877662644724184 -0.023473340578132513 0.009218018781248517 0.0078531802110446396 -0.0055877762928537899 -0.0018413037497084725 0.037488351721406549 0.0066838133317756914 -0.018412803979972022
decision_type=2 2 2 2 2 2 2 2 2 2 2 2 2 2 2 2 2 2 2 2 2 2 2 2 2 2 2 2 2 2
left_child=1 2 3 -1 -3 6 -6 -7 -2 -10 -11 12 27 14 -13 16 -15 18 -17 -20 21 -19 -23 24 25 -24 -22 28 -12 -30
right_child=8 4 -4 -5 5 7 -8 -9 9 10 11 13 -14 15 -16 17 -18 20 19 -21 26 22 23 -25 -26 -27 -28 -29 29 -31
leaf_value=-0.0025544289209805853 0.002446617172046734 -0.002019374002918118 -0.0031800594425907265 0.0012355035855708754 0.00027298284042141558 0.00082711478886873617 0.0031308246508353586 -0.0029780771439185459 -0.0021572698530255129 0.00196541422046721 0.00032903889878656457 0.00010340939947166184 0.0031023239922326282 -0.00050872510933243722 0.0028193585543645427 -0.00027859044756367628 -0.0052833261730318723 -0.0034273163454296689 0.00027425316933658909 0.0040947898539603301 0.0026339079624795843 0.0021562759309918396 -0.00107188476928665 1.2991127180706325e-05 -0.00015762629592791202 -0.0044042200625613879 -0.00062331470030852973 0.0018654755268168327 0.00088333109943050658 -0.0014215515406249325
leaf_weight=22 22 27 38 34 60 24 33 21 23 38 515 141 34 38 31 67 22 30 20 21 21 21 24 58 25 34 34 42 80 160
leaf_count=22 22 27 38 34 60 24 33 21 23 38 515 141 34 38 31 67 22 30 20 21 21 21 24 58 25 34 34 42 80 160
internal_value=2.93147e-12 -0.00043455 -0.00143652 -0.000253398 0.000136268 0.000558024 0.00128706 -0.000948641 7.49823e-05 3.97044e-05 7.44093e-05 2.37336e-05 0.000236465 -0.000277424 0.000592912 -0.000638142 -0.00225941 -0.000364124 0.000674168 0.00223111 -0.000818114 -0.00123017 -0.000823297 -0.00126706 -0.00216156 -0.00302532 0.000620352 0.000114207 1.67858e-05 -0.000653257
internal_weight=1760 259 94 56 165 138 93 45 1501 1479 1456 1418 831 587 172 415 60 355 108 41 247 192 162 141 83 58 55 797 755 240
internal_count=1760 259 94 56 165 138 93 45 1501 1479 1456 1418 831 587 172 415 60 355 108 41 247 192 162 141 83 58 55 797 755 240
is_linear=0
shrinkage=0.05


Tree=257
num_leaves=31
num_cat=0
split_feature=336 328 143 95 179 218 217 179 201 224 279 193 309 331 186 111 87 195 191 307 195 266 217 105 271 179 179 327 331 334
split_gain=0.0225755 0.0321752 0.0445418 0.0340734 0.0284632 0.0653225 0.0827346 0.144244 0.0875971 0.0794664 0.0734428 0.0703585 0.0641143 0.086599 0.0929573 0.0616688 0.06144 0.0687717 0.103769 0.091558 0.122696 0.0757833 0.101372 0.0736979 0.0655344 0.0600721 0.0811589 0.0891245 0.196787 0.0875605
threshold=-0.076075183592890519 0.064275192165725442 0.0040349405672526033 0.17365360044602177 0.00016429207889358434 0.0038751758282235486 0.0070196408509157681 -0.0089619572894788745 0.0030158186184749444 0.0011183997602560545 0.0081646457034511861 -0.011410726265447415 0.016973383801987051 0.0039169664874494697 -0.0030862375813112378 -0.095570945374794061 0.19056617093653291 0.0021474343402553041 -0.016708272068628415 -0.0021700304392056904 -0.0015220037052201573 -0.0051364681653060839 0.00010438628345173788 0.068592833091735722 0.038866078450523985 0.0089827904990524357 0.0047472870073232585 -0.0041974352777314127 0.00086781931300224677 -0.0040289349939511979
decision_type=2 2 2 2 2 2 2 2 2 2 2 2 2 2 2 2 2 2 2 2 2 2 2 2 2 2 2 2 2 2
left_child=-1 3 -3 4 5 15 7 9 -9 10 -7 -11 13 -8 -15 -2 17 18 -17 21 -21 -20 -23 24 -19 26 27 -6 -29 -30
right_child=1 2 -4 -5 25 6 12 8 -10 11 -12 -13 -14 14 -16 16 -18 23 19 20 -22 22 -24 -25 -26 -27 -28 28 29 -31
leaf_value=-0.0016295680044484989 -0.0022526154015213252 -1.4662377846737705e-05 0.0030985311220865699 -0.0018867182899460506 -0.001397363102367934 -0.0005813580650525788 -0.00036345899140156093 -0.0020850211008300269 -0.0060247017070651056 -0.0038924053433054893 0.0032220618566498162 -0.00032179923165696553 -0.001565148832725204 -7.2774582222336903e-05 0.0045427123298092432 0.0039695035052808147 -0.0020670600875746458 -0.00032057278217645504 0.0012531007545672963 0.00073191555023283214 0.0045758347895641163 -0.0042307720458863874 -3.6940208283831946e-06 -0.0024669736201758498 0.0022683224501088262 -6.5579976535681518e-05 0.0018173287795773725 0.0039376438315957786 -0.0032158248551675812 0.0013077246118336917
leaf_weight=21 25 27 20 24 61 30 73 43 21 22 22 37 43 20 24 26 26 132 37 103 26 23 37 32 30 579 118 35 23 20
leaf_count=21 25 27 20 24 61 30 73 43 21 22 22 37 43 20 24 26 26 132 37 103 26 23 37 32 30 579 118 35 23 20
internal_value=1.93144e-12 1.96785e-05 0.0013101 -1.61666e-05 1.07479e-05 -0.000196293 -0.000735922 -0.00148725 -0.00337773 -0.000397251 0.00102778 -0.00165321 8.58481e-05 0.000692625 0.00244476 0.000167441 0.000295622 0.000433357 0.000978121 0.000633979 0.00150666 -0.000526595 -0.00162407 -0.000274274 0.000158852 0.000216798 0.000852972 3.43087e-05 0.00115395 -0.00111185
internal_weight=1760 1739 47 1692 1668 832 335 175 64 111 52 59 160 117 44 497 472 446 252 226 129 97 60 194 162 836 257 139 78 43
internal_count=1760 1739 47 1692 1668 832 335 175 64 111 52 59 160 117 44 497 472 446 252 226 129 97 60 194 162 836 257 139 78 43
is_linear=0
shrinkage=0.05


Tree=258
num_leaves=31
num_cat=0
split_feature=126 200 283 126 282 109 261 107 309 109 279 279 305 118 319 160 112 203 180 191 186 253 302 116 314 218 267 267 267 90
split_gain=0.0214501 0.0618183 0.0510308 0.0350153 0.0344545 0.032827 0.0561014 0.0696637 0.0584332 0.0346685 0.0355388 0.0835996 0.0886423 0.081638 0.0888594 0.105786 0.072497 0.0697685 0.0647938 0.0607716 0.0538106 0.0629764 0.052892 0.0693925 0.0619088 0.0590334 0.0786341 0.199642 0.151345 0.106341
threshold=-0.053246583859947086 -0.011862605917301684 0.011821752467854316 -0.044765114680503849 -0.0077145657655903433 -0.073678408423036953 0.010107646404538153 -0.013592321831516855 0.0145733988490975 -0.061322215460241768 0.014724826495021659 0.016159034977271669 0.041964612385529475 -0.01141662576718803 0.034313386198877797 0.001497624040831619 -0.0077971511819774492 0.026085817156599897 0.00067850883552227862 0.0023193951712664556 0.016417161334262079 0.0010179507205418804 -0.020852742605157643 -0.043650139150088071 0.026093031811670903 -0.0047643047524893603 0.0024187429548413555 0.0060969184290446217 -0.000982582879538981 -0.0080637547143231746
decision_type=2 2 2 2 2 2 2 2 2 2 2 2 2 2 2 2 2 2 2 2 2 2 2 2 2 2 2 2 2 2
left_child=1 -1 4 -2 -3 6 8 -8 -5 -7 22 -12 13 16 17 -16 -13 18 -15 -14 21 -20 23 -11 -25 26 28 -28 -24 -29
right_child=3 2 -4 5 -6 9 7 -9 -10 10 11 12 19 14 15 -17 -18 -19 20 -21 -22 -23 25 24 -26 -27 27 29 -30 -31
leaf_value=-0.0023151388122259003 0.0014761680440555905 -0.0019370432379105297 0.0016291348609443316 -0.0013689206736726743 0.00031782357744102936 0.0019206558158621192 -0.00031481302973009983 -0.0043921031639911233 0.0016541761627811337 0.0028499453087690576 0.0033056006669842952 -0.0037237317495358493 0.0044346338033210489 -0.00049351695015502632 7.2667120201956665e-05 0.0051536931795999408 -0.00039123315113030521 -0.0019022738390142482 0.00081541267235651677 0.00053682796133216473 -0.00066450155275600521 0.0039913072561224309 0.0001657533846055896 -0.00017144639882977439 0.0021728763098294353 -0.00064441492777960775 -0.0052082803764884984 -0.0011681909781600553 0.003631110405564332 0.0020468596147026783
leaf_weight=38 42 32 34 33 36 25 22 20 31 29 24 24 20 92 21 20 51 39 37 20 23 27 164 164 34 491 21 64 39 43
leaf_count=38 42 32 34 33 36 25 22 20 31 29 24 24 20 92 21 20 51 39 37 20 23 27 164 164 34 491 21 64 39 43
internal_value=1.55152e-12 -0.000593774 4.75181e-05 5.13138e-05 -0.00074329 1.339e-05 -0.000836442 -0.00225638 9.53919e-05 7.45871e-05 4.26924e-05 0.000444977 0.000261408 -4.97841e-06 0.000415674 0.00255122 -0.00145763 1.40357e-05 0.000431556 0.00248573 0.00140979 0.00215524 -0.000109938 0.000565678 0.000231114 -0.000296513 0.000219558 -0.000750962 0.000831512 0.000123839
internal_weight=1760 140 102 1620 68 1578 106 42 64 1472 1447 398 374 334 259 41 75 218 179 40 87 64 1049 227 198 822 331 128 203 107
internal_count=1760 140 102 1620 68 1578 106 42 64 1472 1447 398 374 334 259 41 75 218 179 40 87 64 1049 227 198 822 331 128 203 107
is_linear=0
shrinkage=0.05


Tree=259
num_leaves=31
num_cat=0
split_feature=277 136 154 188 200 93 317 151 244 207 146 149 198 96 334 234 181 313 275 275 280 261 250 135 166 160 299 89 277 253
split_gain=0.0222036 0.053447 0.0681749 0.0695808 0.0526076 0.0495426 0.0480917 0.0433508 0.0431627 0.0401142 0.0395974 0.0490598 0.0343524 0.0632163 0.0573509 0.0635483 0.057051 0.0543294 0.0799977 0.0421652 0.0681798 0.0919113 0.0591665 0.0712082 0.0607242 0.0553448 0.0859208 0.107041 0.103796 0.0881849
threshold=-0.036206695946925715 -0.0064246612087927113 -0.015853988609410365 0.0062374236607086282 0.01782018878444051 0.00073201124887372325 -0.021077285278946017 -0.075273255357528837 0.039140378830355739 -0.00083026113916695628 -0.080106121037352776 -0.05875813512605868 -0.0253480217341625 -0.0058340748494477646 0.051369101367988744 0.0016312238515548436 0.011794506794762778 0.0109888116925557 -0.004098936139014288 -0.031674940614598641 -0.017600799608737863 0.015701083692842968 -0.026942180322221877 -0.0010201030633908957 -0.0097763648743943009 0.011283233275643579 -0.0075588974510694485 0.046865289185117641 0.0041439004581758235 -0.0085225765555441424
decision_type=2 2 2 2 2 2 2 2 2 2 2 2 2 2 2 2 2 2 2 2 2 2 2 2 2 2 2 2 2 2
left_child=1 2 -1 5 6 -4 -3 -2 9 -8 -9 -12 13 16 19 -16 -13 18 -15 20 21 -14 -22 -24 -25 -21 27 -27 29 -28
right_child=7 4 3 -5 -6 -7 8 10 -10 -11 11 12 14 17 15 -17 -18 -19 -20 25 22 -23 23 24 -26 26 28 -29 -30 -31
leaf_value=0.0012109751533716916 0.0022769565619951623 -0.0019327874762786774 -0.0051648322655819361 -0.00016929181613798802 0.0020085075485985725 -0.0018261060174554586 0.0023343649146885708 -0.0020174309825170384 -0.0013873872314057924 -7.194681509349192e-05 0.0018464725599379131 -0.00074456616962696753 0.0040676978603005412 -0.0031606585247738457 0.0036975446784787858 -0.0001067542415555744 0.0022223487165040122 -0.0038838140222997894 0.00080886669379348565 0.00017444152317015079 0.0017783744334493104 8.4527627404895614e-05 0.00098136967680343963 -0.0036508928801843223 -0.00044557764621761941 -0.00034432462878087504 -0.00015342913218773901 0.003165094371485923 -0.00022641548177906786 -0.0034077860033208066
leaf_weight=20 22 34 20 29 30 25 29 23 29 43 38 43 30 22 23 21 26 21 30 670 41 28 51 22 45 97 30 28 122 68
leaf_count=20 22 34 20 29 30 25 29 23 29 43 38 43 30 22 23 21 26 21 30 670 41 28 51 22 45 97 30 28 122 68
internal_value=-3.07957e-12 -0.00042753 -0.00137914 -0.00207917 0.000114601 -0.00330998 -0.000306268 7.37709e-05 0.000241274 0.000897262 4.09987e-05 7.35151e-05 2.60029e-05 -0.000711717 0.0001081 0.00188186 0.000373402 -0.00173738 -0.000870548 4.47518e-05 0.000677375 0.00214479 0.000142092 -0.000426447 -0.00149807 -9.04986e-05 -0.00060502 0.000441785 -0.0011998 -0.00241155
internal_weight=1760 259 94 74 165 45 135 1501 101 72 1479 1456 1418 142 1276 44 69 73 52 1232 217 58 159 118 67 1015 345 125 220 98
internal_count=1760 259 94 74 165 45 135 1501 101 72 1479 1456 1418 142 1276 44 69 73 52 1232 217 58 159 118 67 1015 345 125 220 98
is_linear=0
shrinkage=0.05


Tree=260
num_leaves=31
num_cat=0
split_feature=324 215 0 230 9 324 301 293 0 201 301 268 220 225 1 119 140 170 122 222 84 330 180 145 307 191 114 307 195 213
split_gain=0.0221646 0.0495768 0.0530971 0.0439256 0.0486005 0.0444953 0.0503369 0.078113 0.0891058 0.0809162 0.0804131 0.0925454 0.0799996 0.0845489 0.0735574 0.0952957 0.107693 0.0713782 0.104107 0.103512 0.176327 0.101843 0.0850372 0.0849161 0.0777034 0.0727696 0.102186 0.0925001 0.113972 0.0678412
threshold=-0.017021318057822251 -0.092758616100516014 3.8176519431297078 -0.1052324338223221 0.021744565217391307 -0.015121595742158718 0.01066134575730652 -0.030847486109155577 5.9826752459708361 -0.010410037252007268 -0.0030674043143670815 -0.02818437803481201 -0.048427285125640908 0.0078687072579341419 4.7405652883788738 -0.00090453993261860907 0.001299373937369378 0.0046221911202569861 -0.013224335894710814 -0.00081615386774430763 0.073201480288490217 0.0063999178002245331 0.0072583697809750804 -0.0044721981189746454 -0.0058761164172167297 0.0027124729247529344 0.011732708844349472 -0.0045530565871344042 0.0047556004199864133 -0.0030798933981617586
decision_type=2 2 2 2 2 2 2 2 2 2 2 2 2 2 2 2 2 2 2 2 2 2 2 2 2 2 2 2 2 2
left_child=1 -1 -3 4 -2 -5 7 8 -7 10 11 -9 13 -11 29 16 -16 22 21 20 -20 -19 25 -24 -21 26 27 -14 -29 -8
right_child=3 2 -4 5 -6 6 14 9 -10 12 -12 -13 17 -15 15 -17 -18 18 19 24 -22 -23 23 -25 -26 -27 -28 28 -30 -31
leaf_value=-0.0027368442693841647 0.00016008952097763541 -0.0027052997797727585 -6.6646217823286045e-05 0.0019797090897775366 -0.0026411528089859836 0.00083983790137984258 -0.0018400491719550796 0.0035121618487755769 0.0042608325912927595 -0.0028687226606998596 0.0029986721322720136 -0.00025576982861821309 -0.00045795882134839442 0.00028408767680662711 0.00024159925782846084 -0.00061986652516614945 0.0048974878807633146 0.004800469284788866 -0.0010982233658939115 0.00080152316950261599 0.0053210253687575463 0.00034520218064046832 -0.0035938134383424326 -0.00047130317484516131 -0.0030341539122145473 -0.0013087739401750945 -0.00097757258281146869 0.0043040278655429249 0.00012856046400534421 -0.00022368683961004293
leaf_weight=20 32 20 408 33 30 92 95 20 24 50 43 88 33 37 27 56 23 29 23 23 20 23 33 64 31 55 53 44 26 205
leaf_count=20 32 20 408 33 30 92 95 20 24 50 43 88 33 37 27 56 23 29 23 23 20 23 33 64 31 55 53 44 26 205
internal_value=3.70193e-12 -0.000303649 -0.000189948 0.000103685 -0.00119535 0.000168117 0.000118994 0.000346515 0.00154763 0.000146041 0.00117006 0.000441995 -0.000138199 -0.00152787 -0.000335487 0.000796725 0.00238331 0.000126356 0.00102477 5.7089e-05 0.00188747 0.00282987 -0.000308266 -0.0015336 -0.00140044 0.000255039 0.000806383 0.00172434 0.00275314 -0.000735535
internal_weight=1760 448 428 1312 62 1250 1217 811 116 695 151 108 544 87 406 106 50 457 149 97 43 52 308 97 54 211 156 103 70 300
internal_count=1760 448 428 1312 62 1250 1217 811 116 695 151 108 544 87 406 106 50 457 149 97 43 52 308 97 54 211 156 103 70 300
is_linear=0
shrinkage=0.05


Tree=261
num_leaves=31
num_cat=0
split_feature=165 309 286 222 324 210 164 315 108 198 119 140 325 7 1 325 171 256 224 224 196 129 205 248 240 156 122 130 7 135
split_gain=0.0216396 0.0336786 0.0286072 0.0535352 0.0325444 0.0671836 0.0671956 0.0614423 0.0703214 0.0632248 0.0622148 0.0412452 0.0380026 0.103163 0.0718339 0.0561753 0.0778776 0.0771196 0.0693208 0.0821429 0.0665715 0.0763908 0.100923 0.0718898 0.075234 0.0720033 0.0676153 0.130949 0.065435 0.0748928
threshold=0.072817347785951989 0.076782958605798271 -0.081155854699186875 -0.00068093783399203109 0.030793604669780629 0.011756074105667655 0.033391279429946928 -0.0098618911281226854 -0.004587561314981432 0.016455096074236997 -0.012119628582451828 0.016010727239145681 0.021871530505708166 0.036912980288854584 3.5408542930527882 0.0076567820463112292 0.031960059465213665 0.0022242328819405909 1.0000000180025095e-35 0.0015552385080074575 0.00072631353867825101 0.031705409951480253 0.0044220819223690826 -0.0099325780227380433 0.0035385189931791037 0.0080942456898943516 -0.0044355419520286125 0.011536165237832444 0.79300142827994302 -0.050524203061747298
decision_type=2 2 2 2 2 2 2 2 2 2 2 2 2 2 2 2 2 2 2 2 2 2 2 2 2 2 2 2 2 2
left_child=1 2 3 -1 12 6 7 8 -6 10 -9 -12 15 -14 -15 18 17 -17 20 -20 23 -22 -23 24 25 -4 27 -25 29 -21
right_child=-2 -3 4 -5 5 -7 -8 9 -10 -11 11 -13 13 14 -16 16 -18 -19 19 28 21 22 -24 26 -26 -27 -28 -29 -30 -31
leaf_value=-0.00019955357081926197 -0.0014911032922100276 0.0015787764335982502 0.0018756898961046005 0.0030920267373966501 -0.0035866019815476917 -0.0030908525506220031 0.0018944046689042201 0.0031312285348758448 -0.0004917968478467729 -0.0022667255920722435 -0.0007632567648845277 0.0019085579627426343 -0.00392483416129835 -0.0018229281694353136 0.00019642306201418598 0.0013809239748531045 0.0033965484456631306 -0.00057834970241608312 0.0027654943084313086 0.0029631029650637949 -0.00059119946988017865 -0.0051272504004979663 -0.00038093001307320915 0.0044605945423245438 -0.0028999100770306543 -0.0016790315670992381 -0.00010784986691597182 -0.00021111279881248871 -0.0019291192649689038 0.00022865158249602983
leaf_weight=30 24 34 29 21 31 24 30 20 45 23 52 20 20 55 221 117 27 88 35 27 167 24 21 30 32 28 78 30 32 345
leaf_count=30 24 34 29 21 31 24 30 20 45 23 52 20 20 55 221 117 27 88 35 27 167 24 21 30 32 28 78 30 32 345
internal_value=-7.57464e-13 2.06143e-05 -1.05123e-05 0.0011558 -4.65402e-05 -0.000578335 -0.000305483 -0.000651015 -0.00175415 7.80147e-05 0.0006642 -2.1086e-05 4.61268e-05 -0.000457258 -0.000205984 0.000180363 0.000872328 0.00053987 -2.48021e-06 0.000441797 -0.000446758 -0.00108389 -0.0029123 0.000148269 -0.000959719 0.000129511 0.000862842 0.00212474 0.000240487 0.00042712
internal_weight=1760 1736 1702 51 1651 245 221 191 76 115 92 72 1406 296 276 1110 232 205 878 439 439 212 45 227 89 57 138 60 404 372
internal_count=1760 1736 1702 51 1651 245 221 191 76 115 92 72 1406 296 276 1110 232 205 878 439 439 212 45 227 89 57 138 60 404 372
is_linear=0
shrinkage=0.05


Tree=262
num_leaves=31
num_cat=0
split_feature=168 273 329 168 130 289 328 98 117 266 247 191 266 325 287 231 187 138 213 137 137 189 178 98 168 320 327 122 202 335
split_gain=0.0212978 0.0544617 0.0472252 0.0462113 0.094291 0.0465623 0.0454693 0.0585223 0.0449217 0.054428 0.0817973 0.10934 0.080598 0.070409 0.0856312 0.0561027 0.0445418 0.0444152 0.0592089 0.0571833 0.0789072 0.0719653 0.0722893 0.0955751 0.0979623 0.0806416 0.0915518 0.0866917 0.0721401 0.0622846
threshold=-0.034646520515245215 0.0071820222399183809 -0.012596264560848306 -0.025063809589896801 -0.037463208925930823 -0.013871973776645825 -0.015081848661543707 0.0034242446688660488 -0.10175410384871651 0.035562194068785968 0.026247114128189215 -0.0074389520375754857 0.032160637096240112 -0.017147561948922588 0.0098582540775018056 0.025349558744024128 0.0054053370263667652 0.058545951255682196 -0.024624885112826438 0.0077028984641502769 0.0067149232244847088 0.016831679301938508 0.0087751675829483618 -0.0044673854373678441 -0.0062027493998176881 0.0028115148525338224 -0.0072124095303394099 1.0000000180025095e-35 0.022935684286615934 0.071206783882988192
decision_type=2 2 2 2 2 2 2 2 2 2 2 2 2 2 2 2 2 2 2 2 2 2 2 2 2 2 2 2 2 2
left_child=1 2 -1 4 -2 -6 -3 -8 -5 12 13 -12 17 14 -11 -15 -7 19 -19 20 29 22 23 -21 -25 -26 -27 -28 -23 -10
right_child=3 6 -4 8 5 16 7 -9 9 10 11 -13 -14 15 -16 -17 -18 18 -20 21 -22 28 -24 24 25 26 27 -29 -30 -31
leaf_value=0.0016454579210807827 -0.0019545353157445788 0.00026654074123750129 -0.00060584510898810222 0.0019361982690341017 0.0037260965065797793 0.0026258576416876168 -0.00062348310436521263 -0.0042377613349041587 0.00017537022807468367 -7.7239116487492406e-05 -0.0054097428044769915 -0.00066788004478439693 0.0029480970852697893 -0.00020086465756321561 -0.0039549229996434102 0.002287936519273752 -0.00025407147818598254 -0.0035471097321715206 0.00010282317770179363 0.0010084900485392665 0.0031259559337631798 0.00015277479872981341 -0.0017801736643360485 -0.0033542749684249218 -0.0015362655935271452 -0.0017489127986620935 0.00012852255643916907 0.0046769067924469707 0.0034413379345399641 0.0028227312260044172
leaf_weight=36 20 21 66 29 24 25 21 24 653 35 20 31 24 84 24 31 29 20 25 98 25 81 105 34 68 21 22 20 21 23
leaf_count=36 20 21 66 29 24 25 21 24 653 35 20 31 24 84 24 31 29 20 25 98 25 81 105 34 68 21 22 20 21 23
internal_value=3.47437e-12 -0.000535425 0.000188732 5.65021e-05 0.00110831 0.00189365 -0.00165458 -0.0025511 -1.24917e-05 -5.10665e-05 -0.000766521 -0.00252743 7.87539e-05 -0.000250391 -0.0016546 0.00047003 0.00107923 2.21222e-05 -0.00151937 8.13597e-05 0.000367459 -0.000345354 -0.000671085 -0.000228292 -0.000962866 -0.000342195 0.000946642 0.00229442 0.000829832 0.000265443
internal_weight=1760 168 102 1592 98 78 66 45 1494 1465 225 51 1240 174 59 115 54 1216 45 1171 701 470 368 263 165 131 63 42 102 676
internal_count=1760 168 102 1592 98 78 66 45 1494 1465 225 51 1240 174 59 115 54 1216 45 1171 701 470 368 263 165 131 63 42 102 676
is_linear=0
shrinkage=0.05


Tree=263
num_leaves=31
num_cat=0
split_feature=290 109 279 128 166 126 200 319 170 327 201 173 333 202 279 200 336 251 94 288 101 129 81 249 167 245 163 256 139 267
split_gain=0.0201661 0.0278553 0.0565044 0.0497969 0.0384097 0.0313278 0.0545654 0.052943 0.0435461 0.0363787 0.0897126 0.0342973 0.0748386 0.0464114 0.0416099 0.0720936 0.0900529 0.0903776 0.112234 0.0631162 0.0644441 0.0620676 0.0606292 0.0577234 0.0792528 0.0993607 0.0588701 0.0933695 0.080079 0.0697214
threshold=0.081539157790777431 -0.073678408423036953 0.016159034977271669 0.023274349089605583 -0.0054645633508967313 -0.053246583859947086 -0.0080836500232065612 -0.0038061548992049015 -0.0007300795963715278 0.056542373532349331 -0.0012399930586547885 -0.041121513591709381 -0.025827696106958998 0.015922039196577354 0.014724826495021659 0.00067058065841232807 -0.0036640121137381828 0.0048069653488354439 0.00051063072881470074 -0.0053100221926708742 -0.0024160570583111551 0.024776958495787749 -0.36084379489967205 0.042376964717037578 -0.011403039538714166 -0.028299549078045331 0.016649293935931297 -0.031741442067507723 -0.02220528130210829 0.013927814921489345
decision_type=2 2 2 2 2 2 2 2 2 2 2 2 2 2 2 2 2 2 2 2 2 2 2 2 2 2 2 2 2 2
left_child=1 2 3 4 -1 6 7 -3 -8 11 -11 12 -7 -14 23 16 17 18 -16 20 -17 22 -18 26 -25 -26 -13 -28 -29 -30
right_child=-2 5 -4 -5 -6 9 8 -9 -10 10 -12 14 13 -15 15 19 21 -19 -20 -21 -22 -23 -24 24 25 -27 27 28 29 -31
leaf_value=0.0021010457560455857 0.0011712283001543255 -0.00049003389937317247 -0.0026841069940991445 -0.0019678958765535545 -0.00043603679098721062 0.0034794056555256248 -0.00095967027773440354 -0.0039624117569820516 0.0013407771727037875 0.00069699886753369364 -0.0031784175471070092 -0.00017868594050014509 -0.00067158441765375601 0.002120615194805644 0.0068207991507370034 0.0027222543663325879 0.00059828392924308517 0.00069317927201544612 0.0015237599448300898 -0.00094679525208022925 -0.00043582846044695799 0.0023666817597053336 -0.0021327143929859935 0.00068349247483317469 -4.1410338168066966e-05 -0.0040783965005539357 -0.0012374280459923849 -0.00066552885058199012 0.0012863066623297831 0.004073964102281025
leaf_weight=26 36 23 29 26 35 24 48 21 36 32 28 678 46 22 20 30 63 35 20 109 35 29 30 34 27 35 42 34 75 32
leaf_count=26 36 23 29 26 35 24 48 21 36 32 28 678 46 22 20 30 63 35 20 109 35 29 30 34 27 35 42 34 75 32
internal_value=5.82748e-12 -2.44572e-05 -0.000772746 -0.000135625 0.000645343 2.95238e-05 -0.000720919 -0.00214731 2.62358e-05 9.4427e-05 -0.00111153 0.000145383 0.00107898 0.000231774 8.07058e-05 0.000530215 0.00118526 0.0025487 0.00417228 -0.00021142 0.00102175 0.000347084 -0.000282683 -9.35553e-05 -0.00125649 -0.00232035 3.61101e-05 0.000831912 0.00144831 0.00212
internal_weight=1760 1724 116 87 61 1608 128 44 84 1480 60 1420 92 68 1328 371 197 75 40 174 65 122 93 957 96 62 861 183 141 107
internal_count=1760 1724 116 87 61 1608 128 44 84 1480 60 1420 92 68 1328 371 197 75 40 174 65 122 93 957 96 62 861 183 141 107
is_linear=0
shrinkage=0.05


Tree=264
num_leaves=31
num_cat=0
split_feature=178 178 283 176 324 150 140 287 219 210 324 237 174 251 234 326 292 304 167 219 329 147 147 224 240 182 217 147 281 88
split_gain=0.0204615 0.0777637 0.0814711 0.0463097 0.0484346 0.0354729 0.0410326 0.0351619 0.0633648 0.0600807 0.0572742 0.0854553 0.10227 0.0698114 0.0848724 0.0668098 0.0606039 0.0831494 0.055763 0.0521318 0.119825 0.0537644 0.10042 0.0701784 0.101085 0.0992957 0.118239 0.0918818 0.0851563 0.114266
threshold=-0.031427969473155862 -0.026707017213108843 1.0000000180025095e-35 -0.03141642192092442 0.020588669348767012 0.020489475593311723 -0.00076837605552010997 -0.0090432061339673925 -0.080474816601315322 0.010563158953961739 -0.0099712502729822818 0.042355983700977401 -0.033803372469453842 0.014522213443721137 0.020618145225089961 -0.0046184345555456184 -0.0038180218796137963 -0.0044752770552365243 -0.0012281322337198118 -0.079283767133136451 -0.0010782335885397834 0.00097922595535264857 -0.0017937569785697069 1.0000000180025095e-35 0.0035385189931791037 -0.00061697599303218249 0.00068938692344360127 0.0046768623082815821 0.0012293794703158412 -0.10411157669735144
decision_type=2 2 2 2 2 2 2 2 2 2 2 2 2 2 2 2 2 2 2 2 2 2 2 2 2 2 2 2 2 2
left_child=3 2 -2 -1 5 6 -5 8 9 -3 16 12 -12 -14 15 -15 -10 -18 -19 20 -9 22 -21 24 28 26 -26 -25 29 -23
right_child=1 7 -4 4 -6 -7 -8 19 10 -11 11 -13 13 14 -16 -17 17 18 -20 21 -22 23 -24 27 25 -27 -28 -29 -30 -31
leaf_value=0.0012754257160028624 -0.00014799652803365303 0.00038583208544878288 0.0039372582803480329 0.0016146950187006345 -0.0026845513449596436 -0.0017557680361076364 -0.00063200419554339043 -0.0010166677962323385 -0.0011821690962329904 -0.0034433381354791073 0.0044680792288008062 -0.00094336371922898769 0.00029812231990375491 0.0046019816915729957 -0.00058295845859296 0.0015260024618062125 0.0024088817397377605 -0.0027298742700440927 0.00091801134487716561 -0.00039250991071478617 0.003609047432629658 0.0046768565569072964 -0.0027411380438613435 0.0032019130645714929 -0.0064106284757144754 -4.5473934151232249e-05 -0.000973747874086257 0.00033067572280158443 -0.00091876946371018836 0.00028426482918133075
leaf_weight=31 23 20 26 30 29 36 63 28 89 21 22 56 166 31 24 41 38 20 22 423 28 20 51 33 20 35 20 179 78 57
leaf_count=31 23 20 26 30 29 36 63 28 89 21 22 56 166 31 24 41 38 20 22 423 28 20 51 33 20 35 20 179 78 57
internal_value=-6.53157e-12 5.91323e-05 0.00201969 -0.000491518 -0.000838197 -0.000423125 9.27375e-05 -3.98683e-06 0.000315498 -0.00157545 0.000467814 0.000841748 0.00119374 0.000918797 0.00199205 0.00285038 -0.000284478 0.000714203 -0.000819077 -0.000184765 0.00129619 -0.000275304 -0.00064521 0.000121383 -0.000483491 -0.00199039 -0.00369219 0.000777614 0.000245653 0.0014252
internal_weight=1760 1571 49 189 158 129 93 1522 550 41 509 340 284 262 96 72 169 80 42 972 56 916 474 442 230 75 40 212 155 77
internal_count=1760 1571 49 189 158 129 93 1522 550 41 509 340 284 262 96 72 169 80 42 972 56 916 474 442 230 75 40 212 155 77
is_linear=0
shrinkage=0.05


Tree=265
num_leaves=31
num_cat=0
split_feature=290 289 215 196 9 186 186 303 280 91 311 281 92 203 8 275 145 329 144 200 96 200 103 223 115 200 257 160 173 294
split_gain=0.0203676 0.0283306 0.0279984 0.0314901 0.0503064 0.0236351 0.0667052 0.120912 0.0687622 0.0596745 0.0627548 0.0568305 0.0521692 0.0519556 0.0498524 0.0496982 0.0585483 0.0541807 0.0491862 0.0654005 0.073874 0.0657001 0.076121 0.0637303 0.0612883 0.0598867 0.0748412 0.0628895 0.0619418 0.057381
threshold=-0.099838902808241939 0.1052114023780539 -0.1142087567662048 -0.056746059500357812 0.022962142781820103 0.0061669353159313897 0.002972633794126006 -0.012442708604721143 -0.0006698911255266553 0.060165365549584758 0.0043914864113672883 0.0040166276927295881 -0.19238142421530011 0.04487308340396564 0.34450549450549456 -0.029876866049912524 0.00073277998996127303 0.0018112369393377379 -0.0035880877035183324 -0.0085626588729850808 -0.041553389927537786 -0.012503762642110739 0.012728478439769904 0.071854101834582046 -0.0081289754817563762 -0.0021429358447364608 0.044555719626595845 -0.0084343276965046059 0.0013359913883323224 -0.010794192329929217
decision_type=2 2 2 2 2 2 2 2 2 2 2 2 2 2 2 2 2 2 2 2 2 2 2 2 2 2 2 2 2 2
left_child=-1 2 -2 4 -4 6 12 8 -8 10 11 -9 -5 14 18 16 -7 -18 23 21 -21 22 -20 24 -14 27 -27 -22 -29 -26
right_child=1 -3 3 5 -6 15 7 9 -10 -11 -12 -13 13 -15 -16 -17 17 -19 19 20 25 -23 -24 -25 29 26 -28 28 -30 -31
leaf_value=-0.0013377618682820216 0.0014637641492299736 0.0018044595435970801 -0.0028588546980172396 -0.0018416875973343849 0.00022696379258247491 -0.00048546641852544064 0.0014855012107132511 -0.0010528296963311732 0.0055363238725112751 0.0023297544200128568 -0.0026295194737031126 0.0025230409903451803 -0.00047391834459122945 0.0023692676099017263 0.0022574340284336361 -0.00050419429193475178 0.0032167823238220686 0.00035742660087684323 -0.0014047932928762117 -0.0036497450899332763 0.00039291801041967816 0.0027290559421967848 0.0015979665247962264 0.0028349784272722902 -0.00051312289789927259 8.7054446961715141e-06 -0.0030905230597238105 -0.0050012832944048569 -0.0013001112947956875 0.0015439903359682915
leaf_weight=28 32 22 25 37 28 63 22 25 20 24 24 20 161 24 24 439 30 37 46 20 21 29 39 25 49 269 21 20 26 110
leaf_count=28 32 22 25 37 28 63 22 25 20 24 24 20 161 24 24 439 30 37 46 20 21 29 39 25 49 269 21 20 26 110
internal_value=-6.97913e-12 2.16266e-05 -1.3104e-06 -2.92498e-05 -0.00122861 9.86778e-06 0.000149841 0.0011878 0.00341446 0.000182212 -0.000564759 0.000536446 -2.30256e-06 7.46853e-05 1.06504e-05 -0.000249908 0.000608799 0.00163774 -5.38505e-05 -0.000375333 -0.000692656 0.00067406 -2.70564e-05 0.00040368 0.000213735 -0.000526993 -0.000215721 -0.00187429 -0.00290932 0.000910037
internal_weight=1760 1732 1710 1678 53 1625 1056 135 42 93 69 45 921 884 860 569 130 67 836 491 377 114 85 345 320 357 290 67 46 159
internal_count=1760 1732 1710 1678 53 1625 1056 135 42 93 69 45 921 884 860 569 130 67 836 491 377 114 85 345 320 357 290 67 46 159
is_linear=0
shrinkage=0.05


Tree=266
num_leaves=31
num_cat=0
split_feature=322 312 153 279 117 130 136 268 200 285 120 332 163 171 332 281 114 287 315 177 224 300 197 52 269 315 304 92 94 175
split_gain=0.0191071 0.0503809 0.0563226 0.0580275 0.0637134 0.0546031 0.0812436 0.0895505 0.050416 0.0474012 0.0714016 0.0568926 0.0521658 0.0369097 0.0792822 0.0641822 0.0595422 0.0541345 0.0492588 0.111657 0.10568 0.128061 0.0762019 0.069719 0.0678267 0.0654746 0.0787094 0.0885788 0.0700493 0.113241
threshold=0.020726065782862086 -0.00084462736717751043 -0.002708690665102347 -0.0020680574090033333 -0.0035865798680473448 -0.016499696971005832 0.013574039674813245 -0.010044652442337992 -0.014118604797314884 0.0098596466958158716 0.010601253726408367 -0.010756403082504968 -0.003269987115894392 -0.014101755467315232 -0.030319783604766011 0.0097526542076619913 -0.036677586863334145 0.0027933692488000994 0.0067309708632999994 0.0058955468064113862 0.020877347474644748 0.0049772105876150991 -0.00082424060811091531 1.0000000180025095e-35 -0.039783613005923493 -0.0021326981156063545 -0.0046484266639428675 0.017077374649307378 -0.050527512986594948 -0.0015960146491205117
decision_type=2 2 2 2 2 2 2 2 2 2 2 2 2 2 2 2 2 2 2 2 2 2 2 2 2 2 2 2 2 2
left_child=13 8 3 -3 -5 -4 7 -7 -2 10 -10 -11 -12 14 15 17 -16 -1 22 20 24 -22 23 -15 -20 28 -27 -28 29 -24
right_child=1 2 5 4 -6 6 -8 -9 9 11 12 -13 -14 18 16 -17 -18 -19 19 -21 21 -23 25 -25 -26 26 27 -29 -30 -31
leaf_value=0.0042371830437332395 -0.0011205143333890923 -0.0015359576723928895 -0.00025645627572042188 -0.00070285318707603785 0.0031063862438516126 -0.0015216758626047523 -0.00014968495108240117 -0.0061965634691573332 0.00019926373508166183 -0.0024408731382043864 0.001169967819005251 0.00090668170790498463 0.0047812640102347361 0.00030009104939825019 -0.0027698002072672049 -0.00083584570605560893 -0.00043064824692994253 0.00060243386804359044 0.0034755511869055534 -0.00038278173000640304 0.0013978946026444675 0.0065296685136854646 -0.00085604413099394272 0.0029139419219323566 0.00044031738591319481 0.0002062052450663246 -0.0046385771579920288 -0.00068122417276474437 -0.00062919315988604863 0.0035256039646143719
leaf_weight=21 51 31 41 21 23 20 22 21 55 22 20 30 20 287 30 23 292 20 21 142 31 20 29 28 149 34 31 26 169 30
leaf_count=21 51 31 41 21 23 20 22 21 55 22 20 30 20 287 30 23 292 20 21 142 31 20 29 28 149 34 31 26 169 30
internal_value=1.2519e-12 -0.000315538 -0.000923446 0.000120964 0.00128834 -0.00167663 -0.00260086 -0.00391613 0.000234036 0.000703982 0.00136825 -0.000509591 0.00297562 8.60142e-05 -0.000329115 0.0012782 -0.000648582 0.00246413 0.000246736 0.000711204 0.00141413 0.00341035 -1.91972e-05 0.000532433 0.000815258 -0.000563911 -0.00169777 -0.00283347 -0.000111363 0.00137191
internal_weight=1760 377 179 75 44 104 63 41 198 147 95 52 40 1383 386 64 322 41 997 363 221 51 634 315 170 319 91 57 228 59
internal_count=1760 377 179 75 44 104 63 41 198 147 95 52 40 1383 386 64 322 41 997 363 221 51 634 315 170 319 91 57 228 59
is_linear=0
shrinkage=0.05


Tree=267
num_leaves=31
num_cat=0
split_feature=193 156 332 218 173 193 316 143 325 325 86 177 119 276 284 147 282 95 277 224 276 261 327 305 133 133 281 206 327 177
split_gain=0.0192681 0.0541676 0.0732378 0.0503743 0.052342 0.0436116 0.0327477 0.0528279 0.0305522 0.0391612 0.0369652 0.0333105 0.0656354 0.0494902 0.0553235 0.0433442 0.06951 0.0543402 0.0570832 0.0503236 0.051411 0.0431411 0.0399437 0.0372945 0.0761844 0.0714393 0.0427602 0.0395113 0.0378273 0.0915146
threshold=0.037712885818889631 0.0069203799759510257 -0.024477299827707164 -0.0017269546787025034 0.010827396995663634 0.033266231836874681 0.058790431879083407 -0.0062550829970960857 -0.062081947665330706 -0.049769335419710188 0.017908190151069949 0.015558342396281169 0.066609096072408544 -0.022326744975285581 -0.0026777462778733731 0.0097235012360192673 0.019345571652900788 -0.0067039489359702496 -0.0019171800129079734 0.0011183997602560545 0.014079391284465562 -0.003807849824284839 0.058673186425982522 -0.032622728156105993 -0.006355404081353145 0.014591401565872884 0.031157011308472374 0.0011753579931657423 0.02057118732114133 0.0052582856140429542
decision_type=2 2 2 2 2 2 2 2 2 2 2 2 2 2 2 2 2 2 2 2 2 2 2 2 2 2 2 2 2 2
left_child=5 3 -3 -2 -5 6 8 -8 10 -10 -1 22 13 14 -13 16 17 21 -19 20 -17 -15 23 24 26 -26 27 -11 -25 -30
right_child=1 2 -4 4 -6 -7 7 -9 9 11 -12 12 -14 15 -16 19 -18 18 -20 -21 -22 -23 -24 28 25 -27 -28 -29 29 -31
leaf_value=0.0027793896007573325 0.0018027843422828483 0.00069689646450569857 -0.0030585293255343633 -0.0026749249167551171 0.00089913996995338017 0.0020029941656892853 -0.0004822380495412896 0.0023245126915801512 -0.0017762213077565485 -0.000183838602155447 -0.00015339342221109707 0.0012377215201867689 -0.002384158256463707 0.00024185915750230813 -0.0013110654571210035 0.00046951997918886655 -9.1758014847679684e-05 0.0054359888613578827 0.0017493593661735457 0.0013212777065928095 -0.0029966786934528498 0.0031108073244104162 -0.0018295892128454786 -0.00012812196504715498 -0.0036595374615197734 -0.00027112945348822646 -0.0016372701467480509 0.002797777339583263 0.0016154292982284225 -0.0014537298967215147
leaf_weight=21 32 20 37 20 21 28 30 38 33 25 22 33 20 38 60 23 48 21 21 40 20 20 35 826 35 28 20 20 92 33
leaf_count=21 32 20 37 20 21 28 30 38 33 25 22 33 20 38 60 23 48 21 21 40 20 20 35 826 35 28 20 20 92 33
internal_value=2.90894e-12 -0.000585809 -0.00174084 0.000316062 -0.000844306 4.67209e-05 1.25289e-05 0.00108624 -3.50672e-05 -7.29615e-05 0.0012789 -3.44103e-05 0.000395666 0.00056726 -0.000406657 0.000959356 0.00147226 0.00222299 0.00359267 4.4777e-05 -0.00114267 0.00123115 -0.000167217 -0.000113293 -0.000914541 -0.00215358 0.000286372 0.00114132 -5.44935e-06 0.000805171
internal_weight=1760 130 57 73 41 1630 1602 68 1534 1491 43 1458 344 324 93 231 148 100 42 83 43 58 1114 1079 128 63 65 45 951 125
internal_count=1760 130 57 73 41 1630 1602 68 1534 1491 43 1458 344 324 93 231 148 100 42 83 43 58 1114 1079 128 63 65 45 951 125
is_linear=0
shrinkage=0.05


Tree=268
num_leaves=31
num_cat=0
split_feature=166 127 281 117 330 237 267 2 165 189 328 307 189 269 230 317 297 130 144 191 163 331 260 257 217 308 92 220 7 262
split_gain=0.0187036 0.0563129 0.0588054 0.0450019 0.0783657 0.0321207 0.033904 0.0594732 0.049681 0.0499865 0.0692604 0.0897109 0.0670443 0.0988478 0.121739 0.0739974 0.0916259 0.070487 0.0645857 0.0620252 0.0692365 0.0618985 0.0645633 0.0622071 0.061963 0.061212 0.0718612 0.0571544 0.0548435 0.0567118
threshold=-0.040561109529667246 0.05418802276822815 -0.027484618641011174 0.025714424033448435 -0.017350049175144176 -0.12504839961086506 -0.017888835918997616 3.1132683346437333 0.061055218343612834 0.0019433954846775332 0.010338562340590669 -0.010928345143846651 0.0071639884248260116 -0.0024661614303571875 0.0050335472254577178 0.0062456685729707145 -0.026711703099304838 0.013384273134914826 0.0095324356272281363 -0.0064718806903776554 0.0012430015258206183 0.0056081521573276404 0.012762987868373337 0.0049345957571980282 -0.13320969720660664 0.0088826521855677621 -0.018116576159023397 0.0077544008225555903 0.75908704379562053 -0.0027342421219926152
decision_type=2 2 2 2 2 2 2 2 2 2 2 2 2 2 2 2 2 2 2 2 2 2 2 2 2 2 2 2 2 2
left_child=1 2 -1 4 -4 -2 7 -7 9 21 12 18 13 -11 -15 16 -14 27 -12 20 -13 24 25 -24 -8 26 -23 -18 29 -17
right_child=5 -3 3 -5 -6 6 8 -9 -10 10 11 19 15 14 -16 28 17 -19 -20 -21 -22 22 23 -25 -26 -27 -28 -29 -30 -31
leaf_value=0.0018004832473040248 0.0018274868158623576 -0.0028726273417388174 -0.0040343182379729116 0.0010821701586246491 -0.00033107728278264402 0.0002483291364589188 0.0027175549586536361 0.0028041611522591366 -0.0023779003066010775 -2.1758095115526685e-05 0.0024231292379280444 -0.00088134942398894402 -0.0019138359290082009 0.0060593746602535248 0.00096883632747145993 -0.0016894135511723687 0.0013466629451916864 -0.00020133321046848104 -0.0010074881452095249 -0.00040616216787990801 -0.0049415085730808127 -0.0040803111916674038 -0.00098566262435319046 0.0022056759532111197 -0.00013972303718784698 -0.00011032468333438622 -0.001358725827797375 0.0040746615013631526 -0.0029416987693614582 0.0010395066747959289
leaf_weight=30 25 22 20 25 50 441 20 24 24 36 34 21 22 23 24 33 48 37 23 60 21 35 37 26 370 51 79 32 22 45
leaf_count=30 25 22 20 25 50 441 20 24 24 36 34 21 22 23 24 33 48 37 23 60 21 35 37 26 370 51 79 32 22 45
internal_value=5.55577e-12 -0.000539927 -0.000129372 -0.0007388 -0.00138915 4.9206e-05 2.12104e-05 0.000380243 -0.000127454 -7.83087e-05 0.000303917 -0.000549909 0.000725526 0.00194981 0.00345995 0.000300356 0.00104658 0.00160324 0.00103885 -0.00143774 -0.00291143 -0.000375801 -0.00103026 0.000331398 6.80404e-06 -0.00155016 -0.0021943 0.00243786 -0.000736902 -0.000115036
internal_weight=1760 147 125 95 70 1613 1588 465 1123 1099 481 159 322 83 47 239 139 117 57 102 42 618 228 63 390 165 114 80 100 78
internal_count=1760 147 125 95 70 1613 1588 465 1123 1099 481 159 322 83 47 239 139 117 57 102 42 618 228 63 390 165 114 80 100 78
is_linear=0
shrinkage=0.05


Tree=269
num_leaves=31
num_cat=0
split_feature=52 319 67 322 312 312 173 135 279 200 297 94 133 277 130 312 113 224 128 280 275 201 201 293 257 312 242 229 110 324
split_gain=0.0188516 0.0658149 0.0538604 0.0226913 0.0484445 0.0411226 0.0490454 0.0482085 0.0417824 0.0396706 0.0499189 0.0413016 0.0458268 0.0422045 0.0387146 0.0348034 0.108739 0.0732609 0.0908773 0.0505039 0.0658285 0.05213 0.0907351 0.111024 0.0542295 0.05575 0.0539276 0.0537072 0.0478105 0.0816293
threshold=1.4978661367769956 -0.00050261938546686377 2.6735537653587347 0.01918741018314599 -0.00084462736717751043 0.0029057331455994693 0.031639297586525263 -0.017476731501707279 0.0031629524317907257 -0.014118604797314884 -0.024945282534271317 -0.010509757044572604 -0.0076956458709646026 -0.021908961723585113 -0.0054987314884697358 -0.0005098918184661133 -0.038852190076152628 0.029143905732524612 0.0066272875415516229 -0.017078824992626061 -0.023233591365964371 -0.0070648538950614835 1.0000000180025095e-35 0.00099087652498679678 0.0065830828759458528 -0.01523625356496954 -0.0034215484027000508 -0.013114510482598563 -0.0010670550100906936 0.034674209225613338
decision_type=2 2 2 2 2 2 2 2 2 2 2 2 2 2 2 2 2 2 2 2 2 2 2 2 2 2 2 2 2 2
left_child=2 -2 3 15 9 -6 7 -7 14 10 -5 -11 -13 -14 -9 16 -1 19 -19 20 -18 27 23 -23 26 -26 -24 -21 29 -17
right_child=1 -3 -4 4 5 6 -8 8 -10 11 -12 12 13 -15 -16 28 17 18 -20 21 -22 22 24 -25 25 -27 -28 -29 -30 -31
leaf_value=-0.0029341198753921644 -0.0028768450487405063 0.00061075770274563249 0.0025459302877563809 0.0010293904921854847 -0.0030150753024610739 0.00023148871680840535 0.0012811499100212976 -0.0013401345291640611 -0.00070794669956538011 -0.00038561046840773235 -0.0021019820275250825 3.9574945694766946e-05 0.00055343098239973192 0.0035390429064262145 -0.0044139296969487552 0.00017318696149335404 0.002393996149961216 3.7403883898685528e-05 0.003436604307171365 0.0014098681729390391 -0.00013582371631249167 -0.00079202527563358022 -0.0014110826217802242 -0.0052704036755021662 -0.00039245745084420043 -0.0034706144676116915 0.0011712552237440833 -0.0006888357634722655 0.00071232025741714859 -0.0022870704069071889
leaf_weight=34 24 31 21 20 21 47 27 20 45 62 35 40 20 29 21 299 36 51 32 54 90 31 30 25 38 24 62 70 383 38
leaf_count=34 24 31 21 20 21 47 27 20 45 62 35 40 20 29 21 299 36 51 32 54 90 31 30 25 38 24 62 70 383 38
internal_value=2.54907e-12 -0.000911105 2.93905e-05 -1.99153e-06 -0.000337995 -0.000934798 -0.000661761 -0.00105619 -0.00175992 0.000186381 -0.000963301 0.000605139 0.00129532 0.00232043 -0.00291452 9.82654e-05 -0.000191062 -1.9305e-05 0.00134794 -0.000266003 0.000586982 -0.000587788 -0.00106779 -0.0027913 -0.000441057 -0.001584 0.000329189 0.000225116 0.000330129 -0.000104231
internal_weight=1760 55 1705 1684 387 181 160 133 86 206 55 151 89 49 41 1297 577 543 83 460 126 334 210 56 154 62 92 124 720 337
internal_count=1760 55 1705 1684 387 181 160 133 86 206 55 151 89 49 41 1297 577 543 83 460 126 334 210 56 154 62 92 124 720 337
is_linear=0
shrinkage=0.05


Tree=270
num_leaves=31
num_cat=0
split_feature=290 106 298 135 242 121 121 142 240 330 314 308 321 264 325 293 251 264 121 325 325 314 153 225 153 331 7 162 93 277
split_gain=0.0184806 0.0248392 0.0515721 0.0364599 0.0333595 0.0271055 0.110645 0.0826335 0.0663036 0.0569245 0.0436257 0.0425547 0.0432186 0.0300336 0.0691868 0.0643044 0.0661384 0.0570539 0.0382863 0.0381581 0.0552796 0.0728083 0.0882409 0.063676 0.0917839 0.0619916 0.0549968 0.0548433 0.055645 0.0545656
threshold=-0.10652377578427352 0.086953148809129091 -0.0017304659422501024 0.0074852443384721889 0.09696094811761817 0.038262649497405918 0.040935933407487787 -0.029692787754898347 -0.0065448606195585794 0.0053696203188113656 -0.00046971355628581908 -0.017396842575507252 0.0024435063214943635 0.049677980432572287 0.029132204723168954 -0.027484057910905212 0.0022159333860081675 0.045518240039351877 0.034032362265030182 0.021871530505708166 0.0073113391617234819 0.018866060750659653 -0.00086163570341157814 0.0098665705619008174 -0.0063068877530661196 -0.004898283634622815 0.036912980288854584 -0.0061828539074982513 0.00043915902183454047 -0.0055075403080225771
decision_type=2 2 2 2 2 2 2 2 2 2 2 2 2 2 2 2 2 2 2 2 2 2 2 2 2 2 2 2 2 2
left_child=-1 4 -3 -4 5 13 -7 8 -8 11 -11 -9 -13 17 15 -15 -17 18 19 20 -2 23 -23 24 -22 -26 -21 -25 -29 -28
right_child=1 2 3 -5 -6 6 7 9 -10 10 -12 12 -14 14 -16 16 -18 -19 -20 26 21 22 -24 27 25 -27 29 28 -30 -31
leaf_value=-0.0014743892983200826 -7.1325328706249515e-05 0.0022267964325644578 0.00098258086062710868 -0.001683150714961812 -0.0016510604103396255 0.0040568360360339287 0.0041101538975323948 -0.0012172139086385047 0.00036415477376000062 -0.0028801099363444074 -0.00022748713240763473 -0.00010460670949084619 0.0022743793364809659 0.00079695087979021284 0.0013859512836292939 -0.0036954454814927097 -0.00059127518297827928 0.0021458404212413977 -0.0018253539215220373 -0.0030174789196323781 0.0046029985296384742 -0.0024585403562542205 0.0014512738911435009 0.0023959272625771436 -0.00064033328648656612 0.0029988504004326059 -0.0012323863955799074 0.0010256510674177359 -0.0024556774737323974 0.00033268664632797563
leaf_weight=21 750 38 29 23 31 20 21 31 27 31 31 42 35 23 27 37 32 30 30 21 30 31 27 22 25 22 98 24 22 129
leaf_count=21 750 38 29 23 31 20 21 31 27 31 31 42 35 23 27 37 32 30 30 21 30 31 27 22 25 22 98 24 22 129
internal_value=-1.9241e-12 1.78046e-05 0.000826674 -0.000196493 -2.63423e-05 4.7864e-06 0.000497575 0.000171037 0.00200303 -0.000346231 -0.0015538 0.000347002 0.000976751 -8.02017e-05 -0.00083951 -0.00149263 -0.00225583 -8.54611e-06 -6.10494e-05 -1.69786e-05 0.000126792 0.000858754 -0.000638454 0.00145764 0.00244229 0.00106311 -0.000569453 0.000342664 -0.000639332 -0.000342984
internal_weight=1760 1739 90 52 1649 1618 238 218 48 170 62 108 77 1380 119 92 69 1261 1231 1201 953 203 58 145 77 47 248 68 46 227
internal_count=1760 1739 90 52 1649 1618 238 218 48 170 62 108 77 1380 119 92 69 1261 1231 1201 953 203 58 145 77 47 248 68 46 227
is_linear=0
shrinkage=0.05


Tree=271
num_leaves=31
num_cat=0
split_feature=194 173 200 322 19 333 154 290 7 330 116 305 114 335 236 254 81 125 11 281 150 107 243 249 327 186 334 328 286 285
split_gain=0.018301 0.0253177 0.0250816 0.0506002 0.0440341 0.0480097 0.0567211 0.0342676 0.0334059 0.0302955 0.0567462 0.0605627 0.0439209 0.0416196 0.0363043 0.0524529 0.0646956 0.0489041 0.0440193 0.0410443 0.0545128 0.0541915 0.0541238 0.0449474 0.0440605 0.0702103 0.0434636 0.0696093 0.0586469 0.0423382
threshold=-0.083853607207984543 -0.073183740124007496 -0.023668093753562644 0.014607048626680936 16.708333333333339 0.0024906664309159538 -0.0014504607563612327 0.081539157790777431 0.73249980555339511 -0.0409731213064412 -0.0066204945343363462 0.019594597472825635 -0.010501611307113788 0.071206783882988192 -0.068848551271773764 0.0025174843195386741 -0.42880860416655192 0.043884698229826276 4.5566239316239328 0.036150744705245062 -0.028965554045193274 0.062714326821224672 0.0041158910280646973 0.091094602471442257 -0.053345372069372156 0.0037966499434564419 0.036022979226178913 0.0019167242411427718 0.001494018158882812 -0.015459287285168785
decision_type=2 2 2 2 2 2 2 2 2 2 2 2 2 2 2 2 2 2 2 2 2 2 2 2 2 2 2 2 2 2
left_child=-1 -2 3 4 5 6 -3 9 -5 10 11 -4 -12 14 15 17 -17 -11 19 23 -21 22 -22 24 25 -16 29 -28 -29 -26
right_child=1 2 7 8 -6 -7 -8 -9 -10 13 12 -13 -14 -15 18 16 -18 -19 -20 20 21 -23 -24 -25 26 -27 27 28 -30 -31
leaf_value=0.0014672056325556091 -0.0015662652243358588 0.002372588947131906 -0.0031122992898518637 -0.0035395719576627018 0.0020292254741347973 -0.0017883185442769901 -0.00074356276367325334 0.0021254834660794585 -0.00077271204039182828 0.0013889467593823637 -0.001447117804491427 9.1137966141104706e-05 0.0011914600270203032 0.0020546448042969806 -0.0032389585265870362 0.00036781266098842027 0.0042925695201293341 -0.0011995762315665263 0.001919323400241034 0.0010910305282750138 -0.0020414626187594681 -0.0035767603747081014 5.8631568447106167e-05 -0.0016666400652967342 0.00063151717644970462 0.00077225776221894198 0.0029124434710153056 0.0020103453060569751 -0.0014131301413852209 -0.00013093831858194231
leaf_weight=21 26 23 36 20 21 42 40 20 24 37 24 25 46 27 24 21 21 36 29 33 51 20 77 36 259 20 37 22 29 613
leaf_count=21 26 23 36 20 21 42 40 20 24 37 24 25 46 27 24 21 21 36 29 33 51 20 77 36 259 20 37 22 29 613
internal_value=-3.38632e-13 -1.77178e-05 5.78609e-06 -0.000570618 -6.0862e-05 -0.000478879 0.00039408 6.92915e-05 -0.00203038 4.22896e-05 -0.000684641 -0.00179942 0.000286805 0.0001107 7.22488e-05 0.000922385 0.00233019 0.000112415 -5.96375e-06 -5.16913e-05 -0.000746581 -0.00115632 -0.000778125 6.92462e-05 0.000131489 -0.00141568 0.000202401 0.00126145 6.36632e-05 9.5525e-05
internal_weight=1760 1739 1713 170 126 105 63 1543 44 1523 131 61 70 1392 1365 115 42 73 1250 1221 181 148 128 1040 1004 44 960 88 51 872
internal_count=1760 1739 1713 170 126 105 63 1543 44 1523 131 61 70 1392 1365 115 42 73 1250 1221 181 148 128 1040 1004 44 960 88 51 872
is_linear=0
shrinkage=0.05


Tree=272
num_leaves=31
num_cat=0
split_feature=257 328 271 176 252 257 109 183 131 252 257 250 93 158 88 324 256 256 119 148 336 81 249 265 301 336 5 309 190 212
split_gain=0.0178908 0.0673534 0.0715403 0.0413199 0.033677 0.0301198 0.0563936 0.0582468 0.0566728 0.0520948 0.0493658 0.072657 0.0485908 0.0684765 0.0472621 0.0466011 0.0616308 0.039538 0.038406 0.0336139 0.0577206 0.080739 0.0813054 0.0794533 0.0739986 0.0837374 0.0731135 0.0853922 0.0644501 0.061979
threshold=-0.047552814417121107 -0.0079890237015867831 -0.0051898910406290672 0.0069632508825593119 0.0093576042376921856 -0.014486165042422295 -0.0037717885742553285 0.023889612116284441 0.023627837838937817 0.002472340421596424 -0.011701745038504139 -0.02562362204015204 -0.018170916849030858 -0.0042233919997196794 -0.060677327922843742 -0.0060758261425190229 0.00094003368287136184 -0.0071818902319265897 -0.00061574597171413332 1.0000000180025095e-35 -0.0055948358800482238 -0.52479451075537364 -0.034479257620002597 -0.00097484542091486742 -0.0048694863037587353 0.0028056362077088556 0.89587973461402759 0.0032795318984989571 -0.0082384373040217448 0.032270805446660784
decision_type=2 2 2 2 2 2 2 2 2 2 2 2 2 2 2 2 2 2 2 2 2 2 2 2 2 2 2 2 2 2
left_child=1 2 -1 4 -3 6 8 9 12 14 11 -7 -2 17 -8 -11 -17 -14 -15 -12 26 23 29 -22 -24 -26 -21 -28 -27 -23
right_child=5 3 -4 -5 -6 10 7 -9 -10 15 19 -13 13 18 -16 16 -18 -19 -20 20 21 22 24 -25 25 28 27 -29 -30 -31
leaf_value=0.003688282969440999 -0.0024562249431901075 -0.0026079944029334004 -7.5179464993593495e-05 0.00087778179667799203 4.0786366541093842e-05 0.0037604479780632329 -0.00033466382107386988 -0.0017508531105704607 -0.0030810706565058232 -0.0022207263847003164 -0.00025911602168295853 7.2779961834278187e-05 -0.00027388714310398109 -0.00033226108908737927 0.002339748576731544 0.002325831104341584 -0.0011878443075917088 -0.0027869836409708713 0.0020800180549761563 7.766340229682101e-05 0.00030347658903338018 0.0043801134498789905 -0.0010238049316775198 0.0039992754446399039 0.0028153471053681441 0.0019723699092476939 -0.0044716160943997765 3.7428337271280939e-05 -0.00077503045937880194 0.00057429779933401096
leaf_weight=28 31 24 23 41 24 22 24 32 29 23 605 34 34 33 53 24 26 29 33 200 26 20 104 33 36 30 21 21 74 23
leaf_count=28 31 24 23 41 24 22 24 32 29 23 605 34 34 33 53 24 26 29 33 200 26 20 104 33 36 30 21 21 74 23
internal_value=3.28452e-13 0.000542278 0.00199104 -0.000287909 -0.0012836 -4.68635e-05 -0.000442442 0.000185751 -0.00104737 0.000598894 7.06382e-05 0.00152151 -0.000678761 -0.000251618 0.00150617 -0.000358092 0.00049872 -0.00143071 0.000873878 2.53376e-06 0.000271748 0.00068605 0.000339745 0.00237062 -1.35425e-05 0.000736938 -0.0003206 -0.00221709 1.74889e-05 0.00234444
internal_weight=1760 140 51 89 48 1620 371 182 189 150 1249 56 160 129 77 73 50 63 66 1193 588 346 287 59 244 140 242 42 104 43
internal_count=1760 140 51 89 48 1620 371 182 189 150 1249 56 160 129 77 73 50 63 66 1193 588 346 287 59 244 140 242 42 104 43
is_linear=0
shrinkage=0.05


Tree=273
num_leaves=31
num_cat=0
split_feature=210 312 210 292 319 127 210 56 1 1 127 204 210 186 177 260 200 323 287 137 117 109 11 336 319 96 140 195 317 324
split_gain=0.0181935 0.0560192 0.0262351 0.0683388 0.0656057 0.0525076 0.0327632 0.049124 0.0303328 0.0339623 0.066292 0.0900861 0.0546213 0.0380778 0.0307028 0.041265 0.0319094 0.0551003 0.0626287 0.088637 0.0591339 0.050549 0.0401795 0.0400908 0.0365963 0.0512307 0.0530374 0.057088 0.0573152 0.0814995
threshold=0.020398707923847934 0.0013055052256132555 0.017276416138774311 0.010086237720855311 -0.0044322788338698477 -0.0047653323718448402 0.016690527610802679 1.0000000180025095e-35 7.6534920966593791 4.8559213341406453 0.0062846956175085849 0.00043536776277284199 -0.62186188193143199 0.0041334588428985327 0.052276444494178266 0.016328622290599133 0.017203790329377532 -0.033146537769585351 0.010901425690528118 0.011440488802417256 0.030968906732430371 -0.012567596099526391 4.5566239316239328 -0.012709815639712362 -0.006277995437062236 0.071421645762607858 -0.0017277247339974797 0.005673385817125327 -0.018787482161800605 -0.010761705372150883
decision_type=2 2 2 2 2 2 2 2 2 2 2 2 2 2 2 2 2 2 2 2 2 2 2 2 2 2 2 2 2 2
left_child=2 -2 6 4 -4 -6 7 8 9 14 12 -12 -11 -14 16 -16 22 21 20 -20 23 -18 24 -19 25 26 -1 28 -28 -30
right_child=1 -3 3 -5 5 -7 -8 -9 -10 10 11 -13 13 -15 15 -17 17 18 19 -21 -22 -23 -24 -25 -26 -27 27 -29 29 -31
leaf_value=-0.00027592042191191445 -0.0030033177937002619 0.00033156769418650695 -0.00018205434763720924 -0.0013396848852817831 0.0011620230309199542 0.0047851287317462266 -0.001980778872634151 0.0018872742185040434 -0.0014892141145121838 -0.0018646628237723737 0.0037511130445636812 -3.4634643234312535e-05 0.0018276908011599022 -0.00089586427535063456 -0.0024332629240703799 0.00039817394148981703 0.00056912451609969137 -0.0011854533586301841 -0.00320467409970849 0.00073932705093154383 0.0026257820322268433 0.0039415885997004813 0.0018347632531076673 0.00084940668503155148 -0.00044892189609188702 -0.0017211412151535864 -0.00015144630401794403 -9.2394814419094484e-05 -3.6718204393293018e-05 0.0032711603095716179
leaf_weight=206 20 34 28 26 20 20 21 34 35 31 33 30 33 21 31 22 25 37 29 28 31 20 25 70 602 34 35 92 27 60
leaf_count=206 20 34 28 26 20 20 21 34 35 31 33 30 33 21 31 22 25 37 29 28 31 20 25 70 602 34 35 92 27 60
internal_value=-1.73962e-12 -0.000903575 2.86009e-05 0.000840571 0.0016742 0.00297358 -1.87473e-05 7.15003e-06 -3.3906e-05 -4.39638e-07 0.000719215 0.00194838 -0.000191811 0.00076853 -7.7957e-05 -0.00125795 -3.06144e-05 0.000490923 0.000126982 -0.00126727 0.000702869 0.002068 -0.000146404 0.000145763 -0.000193307 0.000145636 0.000296756 0.000848025 0.00155719 0.00224458
internal_weight=1760 54 1706 94 68 40 1612 1591 1557 1522 148 63 85 54 1374 53 1321 240 195 57 138 45 1081 107 1056 454 420 214 122 87
internal_count=1760 54 1706 94 68 40 1612 1591 1557 1522 148 63 85 54 1374 53 1321 240 195 57 138 45 1081 107 1056 454 420 214 122 87
is_linear=0
shrinkage=0.05


Tree=274
num_leaves=31
num_cat=0
split_feature=248 248 283 155 327 124 315 110 252 110 158 194 101 180 170 330 316 335 256 256 182 134 134 239 226 226 181 259 298 274
split_gain=0.0169472 0.0296809 0.0464478 0.0276207 0.0227021 0.0557742 0.0270899 0.0506144 0.0688562 0.0555374 0.0418109 0.0801411 0.050161 0.0454465 0.05259 0.0620099 0.0440738 0.0400842 0.0456329 0.0583382 0.109909 0.0667164 0.0888094 0.0660983 0.0591931 0.105194 0.0719038 0.0725317 0.105202 0.0669109
threshold=-0.12016641872665765 -0.073163144242855374 0.013437270728008158 0.0054014370464929486 0.056542373532349331 -0.0029072426893997738 -0.013473836919339862 -0.0013421230818446666 -0.038117879717004997 -0.0047418297282836265 -0.022364233838952374 -0.030012760217933043 -0.0039007118273788198 -0.0089387983514536886 0.0071271762324575348 0.003568563820008031 0.0096943184182050283 0.071206783882988192 -0.036604765307932455 -0.029704383528152405 -0.0021250264380628034 -0.0083978988509800321 -0.010298182945063973 -0.054548272710867922 0.001194827086592825 -0.00027157438994930571 -0.012767516034955054 -0.018440069316277938 -0.025074487693295445 0.032089579794732932
decision_type=2 2 2 2 2 2 2 2 2 2 2 2 2 2 2 2 2 2 2 2 2 2 2 2 2 2 2 2 2 2
left_child=-1 2 3 -2 6 -6 7 9 -9 -3 12 -12 -10 16 15 -15 -13 18 -8 20 -20 22 23 -21 25 26 27 -23 -29 -28
right_child=1 4 -4 -5 5 -7 17 8 10 -11 11 13 -14 14 -16 -17 -18 -19 19 21 -22 24 -24 -25 -26 -27 29 28 -30 -31
leaf_value=0.001220275751048965 0.0011378655580171783 7.4550015478740627e-05 -0.0030757575039751829 -0.0013972672924865038 -0.0029329259139062331 0.00027983696478518793 0.00057619673367905009 0.0029457744229790372 -0.0026141919622161714 -0.0026252424155938487 0.0038601160989492202 -0.0017704749474325905 0.0007005700366571546 -0.00081827384613764791 0.002975603588856757 0.0021580586663912985 0.0011016519570892509 0.0018618025664461761 0.00031995393308954171 0.0020564148223704915 -0.0043722835447018351 -0.00082967264011544594 -0.0035825614042416286 -0.00083622456711615611 -0.00042701954244537025 0.0039781838356118112 -0.00049337823328991922 -0.0003931879927404225 0.0040869343891053612 0.0018258543376735337
leaf_weight=28 21 205 20 22 22 35 192 34 21 21 20 34 25 42 28 30 22 26 26 22 24 22 27 193 287 21 195 20 38 37
leaf_count=28 21 205 20 22 22 35 192 34 21 21 20 34 25 42 28 30 22 26 26 22 24 22 27 193 287 21 195 20 38 37
internal_value=-8.98384e-13 -1.97273e-05 -0.00108508 -0.000159179 2.04866e-05 -0.000960177 5.51627e-05 0.000369002 0.000850415 -0.000176316 0.000529504 0.000880305 -0.000812691 0.000498278 0.00113691 0.000421865 -0.000642139 -7.8705e-05 -0.000124405 -0.000271901 -0.00193232 -0.000175589 -0.000879667 -0.000540234 9.92291e-05 0.000552783 0.000322227 0.00161484 0.00254206 -0.000123501
internal_weight=1760 1732 63 43 1669 57 1612 482 256 226 222 176 46 156 100 72 56 1130 1104 912 50 862 242 215 620 333 312 80 58 232
internal_count=1760 1732 63 43 1669 57 1612 482 256 226 222 176 46 156 100 72 56 1130 1104 912 50 862 242 215 620 333 312 80 58 232
is_linear=0
shrinkage=0.05


Tree=275
num_leaves=31
num_cat=0
split_feature=290 289 215 196 165 273 273 93 183 183 222 202 106 0 275 177 299 133 299 198 193 236 299 192 113 226 290 193 275 133
split_gain=0.0168894 0.0231165 0.0230194 0.026548 0.0415385 0.0210307 0.0842039 0.0600634 0.0643651 0.053183 0.0560146 0.0555068 0.0736429 0.0473245 0.0388537 0.0446022 0.0380541 0.0469372 0.0413195 0.0689528 0.0526491 0.0531989 0.0506939 0.124209 0.0386611 0.0456405 0.0757066 0.0434037 0.0826969 0.0714708
threshold=-0.10652377578427352 0.1052114023780539 -0.1142087567662048 -0.056746059500357812 0.010084379528358145 -0.029392755920897597 -0.027367696835219186 0.048668701738143999 -0.0012512492116349837 -0.034851726906596672 0.013180807598824396 -0.0077031873357018121 -0.057432126953455946 5.6681538055464769 -0.011945440016826498 0.012181810649322637 0.063239370940170972 -0.002138886051862009 0.031571764253608491 0.017139609401741387 -0.019180799322165293 0.045228353703986444 0.024714558227667906 9.4611996687263042e-05 -0.13304880912965053 0.060669542061426759 0.00093283633943357428 0.0011210308792206239 -0.0077903721530214942 0.011750883736102634
decision_type=2 2 2 2 2 2 2 2 2 2 2 2 2 2 2 2 2 2 2 2 2 2 2 2 2 2 2 2 2 2
left_child=-1 2 -2 4 -4 7 -7 9 -9 -5 11 -11 -13 14 -14 -16 18 -18 22 20 -20 -22 24 -24 -8 27 -27 -26 -29 -30
right_child=1 -3 3 5 -6 6 16 8 -10 10 -12 12 13 -15 15 -17 17 -19 19 -21 21 -23 23 -25 25 26 -28 28 29 -31
leaf_value=-0.0014094871061388404 0.0012844415956779439 0.0016274998836582778 0.000191741219688473 0.00259460071742069 -0.0026123005608096723 -0.0029019040122735674 0.001967897923358301 0.00026134190636432984 0.0041805056619523386 -0.00086764018574541203 -0.0024956836333413692 0.0034489775198467431 0.0012710705317337725 0.0022483815653249624 5.5306708340400036e-05 -0.0024506556396842755 0.0027942461693713158 -0.00030656930605840429 -0.0026931917201727627 -0.0032126910021850982 0.00081724980791221525 -0.0019057556744276857 0.0037746115105933157 -0.00085305700576382469 0.00030006980568495091 -0.0028592461061443353 0.00031817490864243056 0.00050103520583434148 -0.0015397665999583243 0.0002429696709787961
leaf_weight=21 34 22 28 20 25 26 23 22 20 89 22 21 34 25 56 26 26 23 20 26 71 24 29 29 509 38 37 160 170 84
leaf_count=21 34 22 28 20 25 26 23 22 20 89 22 21 34 25 56 26 26 23 20 26 71 24 29 29 509 38 37 160 170 84
internal_value=-8.84742e-13 1.70208e-05 -3.61431e-06 -2.96356e-05 -0.00113092 6.17299e-06 -8.51732e-05 0.000359287 0.00212761 0.000105807 -7.65217e-05 0.000135516 0.000686633 0.00027522 -0.00015003 -0.000739267 -2.74624e-05 0.00133876 -8.23353e-05 -0.000887285 -0.000361541 0.000129333 2.28528e-05 0.00146078 -5.88315e-05 -0.00010554 -0.00129172 -9.15461e-06 -0.000389336 -0.0009502
internal_weight=1760 1739 1717 1683 53 1630 1295 335 42 293 273 251 162 141 116 82 1269 49 1220 141 115 95 1079 58 1021 998 75 923 414 254
internal_count=1760 1739 1717 1683 53 1630 1295 335 42 293 273 251 162 141 116 82 1269 49 1220 141 115 95 1079 58 1021 998 75 923 414 254
is_linear=0
shrinkage=0.05


Tree=276
num_leaves=31
num_cat=0
split_feature=122 154 122 283 106 104 230 280 241 11 91 190 193 193 116 129 175 269 334 126 171 219 260 309 325 112 94 313 320 216
split_gain=0.0165451 0.0460142 0.0362438 0.0314806 0.0534696 0.0654818 0.0277165 0.0842726 0.0506723 0.0268665 0.0433843 0.0325673 0.0525564 0.062423 0.042197 0.0449297 0.0791916 0.101894 0.0437906 0.0420838 0.0509139 0.0479377 0.0410613 0.0532813 0.0554613 0.043522 0.0475356 0.0498792 0.0542377 0.037134
threshold=-0.086229271082100184 -0.0096421536333573411 -0.076152221620004096 0.06261407461574571 -0.02046029108467556 0.003647567319083615 0.080134160889305486 0.0087145223861646113 0.0015603868194490058 4.5566239316239328 -0.22197532562612102 -0.0086678712510797878 0.037712885818889631 0.028312716680415625 -0.095593029694318168 0.049252522772615194 0.0046889074900626649 0.0040686518059713595 0.055314782264805469 0.024092369675276702 0.0038583431223025793 -0.071731101546819068 0.014716072104181093 -0.0091623545107334531 -0.0057015268175556423 -0.050781325037370227 -0.066254450273224394 -0.010891917872596924 0.015176671025216573 0.086188621523056619
decision_type=2 2 2 2 2 2 2 2 2 2 2 2 2 2 2 2 2 2 2 2 2 2 2 2 2 2 2 2 2 2
left_child=1 -1 -2 6 -5 -6 9 8 -8 10 -4 12 13 19 -13 18 17 -17 29 21 -21 -12 25 24 -24 -23 -27 -28 -29 -16
right_child=2 -3 3 4 5 -7 7 -9 -10 -11 11 14 -14 -15 15 16 -18 -19 -20 20 -22 22 23 -25 -26 26 27 28 -30 -31
leaf_value=0.00030725787475924287 0.0020921481027644838 -0.0026274116773327642 -0.0019494794921323271 -0.00076742148922869207 0.0030844122819552147 -0.00012043441446231945 0.0022784055373631421 -0.0029774489797531598 -0.0012381919737284384 0.0015569621498731001 0.0027080396556707111 -0.0023148791896263985 -0.0011354524852518523 0.0030422827010625044 -0.00014408320521419691 -0.00066525753711837088 0.0010525664886668453 -0.0047719443338396757 0.002263761971456309 0.00048288132679382605 -0.0024069216212309484 0.0021565143286716194 0.0008081221499014646 0.00031405853471369485 0.0045317396864993495 0.001751032046487798 0.00048101292899809775 -0.00065461908305558016 -0.0036430312313975514 0.001018486942552651
leaf_weight=34 21 22 29 33 37 28 20 31 21 27 26 22 51 24 816 44 29 23 21 35 27 20 20 60 20 23 50 49 22 75
leaf_count=34 21 22 29 33 37 28 20 31 21 27 26 22 51 24 816 44 29 23 21 35 27 20 20 60 20 23 50 49 22 75
internal_value=-2.13602e-12 -0.000845648 2.77912e-05 2.03278e-06 0.000871696 0.00170386 -5.17382e-05 -0.00101021 0.000477221 -6.12701e-06 -3.45277e-05 3.58734e-06 0.000370731 0.000575027 -0.000148617 -0.000101337 -0.00113023 -0.00207502 6.9667e-06 0.000406805 -0.000775581 0.000659591 0.00045785 0.00125641 0.00266993 -2.90753e-05 -0.000332629 -0.000728697 -0.00158061 -4.62238e-05
internal_weight=1760 56 1704 1683 98 65 1585 72 41 1513 1486 1457 427 376 1030 1008 96 67 912 352 62 290 264 100 40 164 144 121 71 891
internal_count=1760 56 1704 1683 98 65 1585 72 41 1513 1486 1457 427 376 1030 1008 96 67 912 352 62 290 264 100 40 164 144 121 71 891
is_linear=0
shrinkage=0.05


Tree=277
num_leaves=31
num_cat=0
split_feature=194 290 215 301 211 192 188 303 225 204 317 129 317 317 197 203 279 91 192 267 290 189 117 265 307 130 309 287 179 141
split_gain=0.0160983 0.0220625 0.0262102 0.0313991 0.0435324 0.05804 0.0352142 0.0517128 0.0493067 0.0453178 0.0394589 0.0608938 0.0575349 0.0436815 0.0561213 0.0390667 0.032895 0.0420528 0.0321946 0.0313769 0.0702413 0.0750311 0.0567149 0.0611267 0.0635191 0.0982771 0.0562911 0.0503524 0.0646985 0.0493842
threshold=-0.083853607207984543 -0.10652377578427352 -0.1142087567662048 0.045817531668576932 -0.013817487352053183 -0.0096359116755976495 -0.043339474961400629 0.075445407445494952 0.0087768081278417013 0.01072546244773788 0.03892382837343477 0.030080746769943476 0.044370749625318638 0.032168101135956202 0.0071284029344178225 0.053689448826430182 1.0000000180025095e-35 0.015159618397180866 0.011841469110753657 -0.017888835918997616 0.0059150577610496006 0.0010473576271572654 0.027669853804409703 -0.046342079822329026 -0.0091125266470182664 0.0012161287047152323 0.0065318856424122556 0.013651698987090876 0.0097518619699028808 -0.0275124244912411
decision_type=2 2 2 2 2 2 2 2 2 2 2 2 2 2 2 2 2 2 2 2 2 2 2 2 2 2 2 2 2 2
left_child=-1 -2 -3 6 -5 -6 8 10 9 -4 13 12 -12 15 -15 19 17 -14 -7 20 22 29 23 -8 25 -25 -26 28 -23 -22
right_child=1 2 3 4 5 18 7 -9 -10 -11 11 -13 16 14 -16 -17 -18 -19 -20 -21 21 27 -24 24 26 -27 -28 -29 -30 -31
leaf_value=0.0013760788593485597 -0.0016677078121938396 0.0014675366630156836 -0.0035152722504183964 0.00021940318664776223 -0.0032233397405023777 0.00094882200276267474 -0.0025805960311704587 0.0023447160338982941 0.00089427519789231672 -0.00029264398588566112 0.0024425545810825297 0.0032555262753951619 -0.0027860767163864304 0.00012102446264841341 -0.0035385644645430149 0.0021559162420176324 0.00070739306290360058 0.00024897785182110969 -0.0018229634582530706 -0.00017810970875667214 0.00066658430411640948 0.0030716257775202393 0.0015653715603739808 0.0039183818912577068 -0.0020089672510109199 -0.00057292351707944591 0.00036550800214172344 -0.0020211907203442287 -0.00071100941098008598 0.003279887737153331
leaf_weight=21 20 30 24 62 31 22 31 25 21 20 27 22 21 22 20 21 51 25 20 892 29 20 38 21 52 29 48 21 26 48
leaf_count=21 20 30 24 62 31 22 31 25 21 20 27 22 21 22 20 21 51 25 20 892 29 20 38 21 52 29 48 21 26 48
internal_value=-8.59886e-13 -1.66174e-05 2.59249e-06 -2.34278e-05 -0.000754857 -0.00158231 4.01133e-05 8.98427e-05 -0.00109907 -0.00205044 5.13373e-05 0.000831263 0.000401152 -3.50581e-05 -0.00162164 1.71647e-05 -0.000167073 -0.00113659 -0.000371076 -1.86232e-05 0.000373283 0.00123102 -0.000190708 -0.000559388 -0.000141671 0.00131342 -0.000869219 7.48158e-06 0.000933615 0.00229566
internal_weight=1760 1739 1719 1689 135 73 1554 1489 65 44 1464 146 124 1318 42 1276 97 46 42 1255 363 144 219 181 150 50 100 67 46 77
internal_count=1760 1739 1719 1689 135 73 1554 1489 65 44 1464 146 124 1318 42 1276 97 46 42 1255 363 144 219 181 150 50 100 67 46 77
is_linear=0
shrinkage=0.05


Tree=278
num_leaves=31
num_cat=0
split_feature=268 171 332 217 160 257 177 117 319 184 291 315 266 157 109 258 323 282 282 285 210 94 211 264 161 335 299 268 180 254
split_gain=0.0163284 0.0178886 0.047857 0.0636744 0.0465087 0.0453733 0.0667437 0.0626257 0.0547355 0.0529647 0.0523321 0.0512846 0.0845257 0.0585616 0.0444281 0.0407551 0.0392276 0.0356822 0.0522853 0.096227 0.0504191 0.0597366 0.051322 0.0743247 0.0526868 0.057364 0.0637963 0.0595061 0.0529902 0.0491579
threshold=0.09938805795148388 -0.014101755467315232 -0.030319783604766011 -0.00092547759794239456 0.055620847442356826 -0.0010648805909619626 0.015147452501085911 0.034770552744640242 -0.0076079435008348907 0.0021879090856795316 -0.036842589535602988 0.013321020673570947 -0.0058693675860866153 1.0000000180025095e-35 0.11475399487506617 0.01623504254371207 -0.0013065377540920809 -0.011458622631429083 -0.0085712568722329813 -0.002855470541798829 -0.62186188193143199 -0.025648024442015676 -0.075161532498096054 -0.004620595098504098 0.014210266422008037 0.018538763449185001 -0.0065158934270677102 -0.0090049942505537033 0.0096607565282547797 0.017997983600212764
decision_type=2 2 2 2 2 2 2 2 2 2 2 2 2 2 2 2 2 2 2 2 2 2 2 2 2 2 2 2 2 2
left_child=1 2 3 -1 14 7 10 9 -8 -4 -7 13 -13 -12 17 -5 -11 20 19 -19 -3 -22 23 -23 25 27 -27 -24 -29 -20
right_child=-2 4 5 15 -6 6 8 -9 -10 16 11 12 -14 -15 -16 -17 -18 18 29 -21 21 22 24 -25 -26 26 -28 28 -30 -31
leaf_value=-0.0013745012551745666 -0.0010539094629671631 0.0027777885086834432 2.0101199735931698e-05 0.0033382524854969234 -0.0017926292926976233 0.0018923863745294513 -0.00038916097865218207 -0.0036478590639308101 0.0028960083653146286 -0.00078217555026978609 0.001075538626820263 -0.00014594338135793806 -0.0046371464591356921 -0.0016096602889356781 0.0023950406135885387 0.00051083827442758212 -0.0031617473385393106 0.0006370356267628571 0.00030013883852733197 -0.0034774291457142685 -0.00065835705270448958 0.0045526046256418344 0.00055903874352225102 0.00066709306447592103 0.0016932436206843705 0.003356095114672233 -0.0002274004367387129 -0.0026184069214981389 0.0003869915280533447 -0.00061102353323344832
leaf_weight=21 36 23 105 25 31 20 21 20 32 43 45 22 20 37 22 26 29 27 526 30 104 20 60 32 61 23 27 44 22 206
leaf_count=21 36 23 105 25 31 20 21 20 32 43 45 22 20 37 22 26 29 27 526 30 104 20 60 32 61 23 27 44 22 206
internal_value=-3.32792e-13 2.20074e-05 -0.000242621 0.000942689 0.000120034 -0.000459226 7.73388e-05 -0.000995791 0.00159434 -0.000696122 -0.000481001 -0.000863805 -0.00228461 -0.000136076 0.000168357 0.00189683 -0.00174061 0.000127704 -6.98615e-05 -0.00152847 0.000502412 0.000369248 0.000739043 0.00216152 0.000426939 -1.19511e-05 0.00142101 -0.000580585 -0.00161661 4.37188e-05
internal_weight=1760 1724 466 72 1258 394 197 197 53 177 144 124 42 82 1227 51 72 1205 789 57 416 393 289 52 237 176 50 126 66 732
internal_count=1760 1724 466 72 1258 394 197 197 53 177 144 124 42 82 1227 51 72 1205 789 57 416 393 289 52 237 176 50 126 66 732
is_linear=0
shrinkage=0.05


Tree=279
num_leaves=31
num_cat=0
split_feature=52 319 0 4 1 130 206 328 335 221 173 213 177 213 128 93 183 183 270 257 257 217 314 327 192 8 8 93 8 335
split_gain=0.0155599 0.0544574 0.0467335 0.0378815 0.0232312 0.0754053 0.0599216 0.098653 0.08955 0.0932029 0.094967 0.0282936 0.0287423 0.0356334 0.0239744 0.0273151 0.0582784 0.0710475 0.0499608 0.0418774 0.0448956 0.0373816 0.0358661 0.0381662 0.0809666 0.0345306 0.049296 0.044225 0.0371968 0.0348355
threshold=1.4978661367769956 -0.00050261938546686377 11.008851858062807 5.3375265226150903 4.8559213341406453 0.035926981279570391 -0.0029569481939738496 0.010629260775285133 0.0047910136671853133 0.03504254839585761 -0.00032558128663415258 -0.36923768044490252 0.052276444494178266 0.02454845787196553 0.077365523574787043 0.070291924652365306 -0.0026546997724475122 -0.0066333017723423536 0.0022229831901570351 -0.0889204211218797 -0.053403592683324612 0.0030670137563262047 -0.073720603074729329 0.045705150095337509 -0.0052547634166409387 0.39208074534161497 0.31009615384615391 0.064994915155157776 0.26360544217687082 0.075250553950947832
decision_type=2 2 2 2 2 2 2 2 2 2 2 2 2 2 2 2 2 2 2 2 2 2 2 2 2 2 2 2 2 2
left_child=2 -2 3 4 11 6 7 -6 9 10 -8 -1 14 -14 15 19 17 21 -18 -13 -21 -17 -22 25 -25 26 27 28 29 -24
right_child=1 -3 -4 -5 5 -7 8 -9 -10 -11 -12 12 13 -15 -16 16 18 -19 -20 20 22 -23 23 24 -26 -27 -28 -29 -30 -31
leaf_value=-0.0017943270534843854 -0.0026158499769129168 0.00055658876080997286 0.0017604975847796977 -0.0016900200546705023 0.0035197576941472701 0.0026608901269569558 0.0013350227146905749 -0.00042374459926837254 0.0017493495093235238 -0.0041279907063157721 -0.002199896397436724 -0.0022867285237589386 -0.002489107089618651 0.00010428410594748265 -0.0012183853587454283 0.002331998360353861 0.0033831967482471775 -0.0026563916592013334 0.00044824788065884135 0.001810860792722772 0.0015189685690630641 -0.00061725731052103506 -5.1472326265716061e-05 -0.0039083108410704883 -2.7871394825236102e-05 0.0017516770348366764 -0.0024010080270024693 -0.0020417577320656095 0.0019515244793146848 0.0019624228880936491
leaf_weight=23 24 31 38 33 29 34 38 35 33 22 38 20 26 27 38 22 29 21 29 34 36 21 896 20 41 27 22 26 25 22
leaf_count=23 24 31 38 33 29 34 38 35 33 22 38 20 26 27 38 22 29 21 29 34 36 21 896 20 41 27 22 26 25 22
internal_value=-9.78689e-13 -0.000827748 2.67016e-05 -1.28211e-05 2.10513e-05 0.000488034 0.000109177 0.00136315 -0.000503454 -0.00126205 -0.000432437 -5.50618e-05 -2.6116e-05 -0.00116795 1.94197e-05 5.5854e-05 0.000767781 -0.000272542 0.00191572 -1.84446e-05 2.10381e-05 0.000891664 -3.35394e-05 -8.53377e-05 -0.00130015 -1.25446e-05 -6.06112e-05 -7.47522e-06 4.86132e-05 -3.20904e-06
internal_weight=1760 55 1705 1667 1634 229 195 64 131 98 76 1405 1382 53 1329 1291 122 64 58 1169 1149 43 1115 1079 61 1018 991 969 943 918
internal_count=1760 55 1705 1667 1634 229 195 64 131 98 76 1405 1382 53 1329 1291 122 64 58 1169 1149 43 1115 1079 61 1018 991 969 943 918
is_linear=0
shrinkage=0.05


Tree=280
num_leaves=31
num_cat=0
split_feature=325 325 7 222 0 314 269 166 93 325 225 255 264 296 107 334 282 168 122 52 319 160 160 130 246 138 306 272 257 149
split_gain=0.0157119 0.0612361 0.0535841 0.0542935 0.0524789 0.0470373 0.0470843 0.0469607 0.0488496 0.0447969 0.0669748 0.0585037 0.0527681 0.0418137 0.0411867 0.0440722 0.0428786 0.040398 0.0408499 0.0395174 0.06515 0.0387539 0.0765142 0.0678428 0.0801576 0.0475413 0.0565478 0.0637699 0.0459097 0.0541923
threshold=0.022125037832342175 0.0073113391617234819 0.037700465086897825 0.01832765557311769 9.624995342275481 -0.027077276402600697 -0.036967845102415235 -0.038545217595699378 0.047347036545624867 0.029132204723168954 -0.01000152423543633 -0.00039266853454995502 0.047209426147079715 -0.0031400493271722418 0.0040194197600026942 -0.015765364850115694 -0.012245124521934646 0.011684775761905502 -0.019268182057695381 0.89587973461402759 -0.0030798607779309313 -0.0084343276965046059 -0.018639623687232505 0.012664935543972076 -0.0080824687477889356 0.039430916462452725 0.02160417279586167 0.01870904732157452 0.046150338447976037 -0.043163972811895372
decision_type=2 2 2 2 2 2 2 2 2 2 2 2 2 2 2 2 2 2 2 2 2 2 2 2 2 2 2 2 2 2
left_child=1 7 -3 4 5 -4 -7 8 -1 10 11 -2 13 17 15 -8 -16 18 -11 21 -21 22 -9 -24 -25 26 28 -28 29 -23
right_child=9 2 3 -5 -6 6 14 19 -10 12 -12 -13 -14 -15 16 -17 -18 -19 -20 20 -22 25 23 24 -26 -27 27 -29 -30 -31
leaf_value=-0.00044012811224631692 -0.00091095126140862707 0.0027666461348919008 0.0020358999262609315 -0.0016217642325769971 0.0031956236943369732 0.00225281593511286 0.0010359278569618861 -7.4564337802047917e-05 -0.0031512255901664809 0.0030005289774271658 -2.62309094601921e-05 -0.0044462766609450971 0.0017800065002551203 -0.00089941368457048315 -0.00078451259717069301 -0.0016254680576579025 0.0018075649605658003 -0.00090239011391531673 0.0004210756742712406 -0.0034118045438927685 8.0164922195870205e-05 0.0023532495213657969 0.00055622904544829258 0.0054113296605646614 0.001235004046207501 -0.0016610989688160772 -0.00023233678256387165 -0.002853951628511662 -0.0011992179703576348 0.00021511171885016069
leaf_weight=54 25 29 41 27 20 23 21 195 24 20 58 22 38 118 27 60 39 40 66 22 34 32 70 20 27 48 73 34 52 401
leaf_count=54 25 29 41 27 20 23 21 195 24 20 58 22 38 118 27 60 39 40 66 22 34 32 70 20 27 48 73 34 52 401
internal_value=1.10741e-13 7.93138e-05 0.000728864 0.00049981 0.000747787 0.000515764 0.000149143 -9.23444e-05 -0.00127431 -0.00028139 -0.00116298 -0.00256578 4.68631e-05 -0.000223053 -0.000180003 -0.000935477 0.00074717 0.000410365 0.00102095 -8.82584e-07 -0.00129168 7.50467e-05 0.000531948 0.0015428 0.00301216 -0.000147693 -2.49839e-05 -0.00106537 0.000204545 0.000373127
internal_weight=1760 1373 287 258 231 211 170 1086 78 387 105 47 282 244 147 81 66 126 86 1008 56 952 312 117 47 640 592 107 485 433
internal_count=1760 1373 287 258 231 211 170 1086 78 387 105 47 282 244 147 81 66 126 86 1008 56 952 312 117 47 640 592 107 485 433
is_linear=0
shrinkage=0.05


Tree=281
num_leaves=31
num_cat=0
split_feature=285 285 325 90 113 109 121 165 300 100 300 326 103 317 261 156 249 155 296 246 129 260 281 137 100 281 334 145 148 148
split_gain=0.0158806 0.0333359 0.0673567 0.0382786 0.029422 0.0344393 0.0276595 0.0483744 0.0336953 0.0560117 0.0406748 0.0777905 0.0854267 0.0511126 0.0472762 0.0499457 0.0452685 0.0408752 0.0502603 0.0401264 0.0349523 0.0492066 0.0437344 0.0575448 0.0502505 0.0439373 0.0522853 0.0483216 0.0794807 0.098136
threshold=0.07019599743877096 0.047746924902416214 -0.012331035022297378 -0.0046535202424873206 -0.0022911964734162482 0.0026917394642224624 0.053748238913223077 0.020283794749220509 0.050121497269384634 0.043645397675845375 0.028705194849433634 0.012083584038431284 -0.037271852100069759 -0.014177764811482916 -0.032162118684394642 0.0042286797303386107 0.054078856843242699 0.0046905588142834723 0.0043395920738246918 0.011245581268919676 0.031705409951480253 0.021258394530120652 0.038292268178358665 -0.012214486184175777 0.053975093608002227 0.026838360283889379 -0.014741746464900694 -0.0004684936740398516 -0.00081405017412519004 0.0064540466430316077
decision_type=2 2 2 2 2 2 2 2 2 2 2 2 2 2 2 2 2 2 2 2 2 2 2 2 2 2 2 2 2 2
left_child=1 6 -3 -4 -2 -6 8 -8 10 19 16 13 -13 -12 -15 -16 20 -18 -19 -10 22 -22 25 -24 -25 27 -27 28 -1 -30
right_child=4 2 3 -5 5 -7 7 -9 9 -11 11 12 -14 14 15 -17 17 18 -20 -21 21 -23 23 24 -26 26 -28 -29 29 -31
leaf_value=-0.00021832374619429947 -0.0005219914237386547 -0.002645663230537644 0.0015293714758277371 -0.0011126938958427516 0.00025901722015234932 0.0028498291665607174 0.0003025064943911275 0.0028960262292197776 -0.0016295821530123553 -0.0030463724848232236 -0.0015260095832146411 0.0047671237304928674 0.00079345860101870814 -0.0011961183688115507 0.0031120071344328329 -0.00021149656909983606 -0.0026270682439644591 0.0015661291353171692 -0.0018610582383268553 0.00078946114255813889 -0.0009924342321691764 0.0010320300204880737 0.001107157127210355 -0.0022963876716522993 0.00061656169360503566 -0.00031514772120863204 0.0025859989200309828 -0.00022854833215086264 0.0031931570970918986 0.00057217984953895212
leaf_weight=161 32 36 26 29 29 23 125 21 30 24 38 21 38 21 26 20 32 20 23 40 159 37 28 57 20 25 41 403 50 125
leaf_count=161 32 36 26 29 29 23 125 21 30 24 38 21 38 21 26 20 32 20 23 40 159 37 28 57 20 25 41 403 50 125
internal_value=-9.22104e-13 -3.3624e-05 -0.000964267 0.000136282 0.000670879 0.00140495 1.98073e-05 0.000675547 -4.67237e-05 -0.000961936 1.72391e-05 0.0007551 0.00220781 -6.11866e-05 0.000769608 0.00166701 -8.52242e-05 -0.00127397 -0.000267018 -0.000247272 -4.61293e-06 -0.000610265 0.000125835 -0.000833928 -0.00153978 0.000251022 0.00148708 0.00014063 0.000583423 0.00132103
internal_weight=1760 1676 91 55 84 52 1585 146 1439 94 1345 164 59 105 67 46 1181 75 43 70 1106 196 910 105 77 805 66 739 336 175
internal_count=1760 1676 91 55 84 52 1585 146 1439 94 1345 164 59 105 67 46 1181 75 43 70 1106 196 910 105 77 805 66 739 336 175
is_linear=0
shrinkage=0.05


Tree=282
num_leaves=31
num_cat=0
split_feature=167 282 282 181 7 249 213 291 312 1 210 247 107 107 95 283 143 269 217 156 232 96 197 335 226 313 123 314 167 303
split_gain=0.0157457 0.0533181 0.0588201 0.0547838 0.0539286 0.055312 0.0658163 0.0566056 0.0567183 0.124559 0.100341 0.0550333 0.0538266 0.0566733 0.0465273 0.0964607 0.0943254 0.0734825 0.125797 0.0937133 0.109111 0.064382 0.0448282 0.0428056 0.0422391 0.0394261 0.0512303 0.0446837 0.0374821 0.0557129
threshold=-0.0059827773329092721 0.038392006537947505 0.048089801266486133 0.013371781101256192 0.032608936443587873 -0.035878725198333732 0.051875114466461904 -0.020084642072860499 0.00057214624233549417 4.923617305492666 0.017276416138774311 0.0029074002373632832 0.015732798807090772 0.0022053971980513171 0.044353939198651583 -0.0032309424014711255 0.0081339738572327371 -0.00063691412091311809 -0.00054577349904837006 0.0024906679673134158 -0.0054065729903054983 -0.025342715899287702 0.025950322677126495 0.0018004207608379715 0.0023696241427614948 0.010790952789363064 0.036002814437068507 -0.001480805122441345 0.00049728846513423129 -0.01562825652740019
decision_type=2 2 2 2 2 2 2 2 2 2 2 2 2 2 2 2 2 2 2 2 2 2 2 2 2 2 2 2 2 2
left_child=1 3 -3 4 -1 6 -6 11 9 24 12 -7 13 -10 22 16 21 18 -17 20 -19 -16 28 -21 -9 26 27 -24 29 -2
right_child=14 2 -4 -5 5 7 -8 8 10 -11 -12 -13 -14 -15 15 17 -18 19 -20 23 -22 -23 25 -25 -26 -27 -28 -29 -30 -31
leaf_value=0.0032483136374503378 -0.0029774822520266756 -0.0027311861778919898 -6.1034149036982637e-05 -0.00033375751409439147 0.0036222328567722195 0.00022054204657049722 0.00025160188678065813 -0.0010332192870083493 0.00013472895391220064 -0.0039066195220652002 0.0038339178031310444 0.0027867017910839656 0.0019827295879367743 -0.0029037723306655177 -0.0041641176654957238 -0.0018727756353119054 0.0016674719484789031 0.0012829803579899653 0.002256317789932447 0.0021098528290167452 0.0062083052106849529 -0.00078758282094592387 0.0023602878453121302 -0.0011614476982504129 0.0014688554805733505 -0.00084527010185411202 0.0034228577371686699 -0.00050045120509681644 -0.00024671762676878816 -0.00064675835603775905
leaf_weight=20 32 30 66 182 30 45 28 37 57 27 20 39 25 21 20 39 28 22 35 20 23 48 21 20 31 32 20 39 574 129
leaf_count=20 32 30 66 182 30 45 28 37 57 27 20 39 25 21 20 39 28 22 35 20 23 48 21 20 31 32 20 39 574 129
internal_value=1.92704e-12 0.000193541 -0.000895457 0.000379562 0.000721204 0.000580809 0.00199503 0.000309203 -0.000115717 -0.0010334 0.000593064 0.00141197 -3.62275e-05 -0.000683329 -0.000115562 0.000476551 -0.00077497 0.00123219 8.0174e-05 0.00223511 0.00380037 -0.00178068 -0.000293826 0.000474203 0.000107432 0.000638009 0.00123132 0.000500807 -0.000435819 -0.00111001
internal_weight=1760 658 96 562 380 360 58 302 218 95 123 84 103 78 1102 255 96 159 74 85 45 68 847 40 68 112 80 60 735 161
internal_count=1760 658 96 562 380 360 58 302 218 95 123 84 103 78 1102 255 96 159 74 85 45 68 847 40 68 112 80 60 735 161
is_linear=0
shrinkage=0.05


Tree=283
num_leaves=31
num_cat=0
split_feature=210 282 210 255 304 167 210 56 1 1 90 123 324 272 81 202 82 272 330 7 105 248 279 248 213 220 192 124 199 164
split_gain=0.0152122 0.0519722 0.0206803 0.0579752 0.0559907 0.0510192 0.0256297 0.0394335 0.0237151 0.0242811 0.0581138 0.0688852 0.0804658 0.0738479 0.0830628 0.0411758 0.0255821 0.0227795 0.0444889 0.0598124 0.0422898 0.0561499 0.054412 0.0524639 0.0745294 0.0516047 0.0513364 0.0463224 0.0555074 0.043237
threshold=0.020398707923847934 0.0064631360464357445 0.017276416138774311 0.0052958825929490094 0.0022565769015407467 -0.0042378025195428095 0.016690527610802679 1.0000000180025095e-35 7.6534920966593791 4.8559213341406453 -0.023172011097039025 -0.012145903175148104 0.0040144102425009728 0.00036784615037016057 -0.48804183303977583 -0.00061700701935407621 -0.43634022355639984 0.0025489706954879769 -0.043961438627479248 0.61200716845878145 -0.028996386651770237 -0.10280561701331842 -0.0036635976143525495 -0.049031082480512155 0.0016129182917790821 0.061070428837427013 0.0060560859937102271 0.0014157302390326242 -0.012708742272412796 0.0015190492431279578
decision_type=2 2 2 2 2 2 2 2 2 2 2 2 2 2 2 2 2 2 2 2 2 2 2 2 2 2 2 2 2 2
left_child=2 -2 6 4 -4 -5 7 8 9 16 -11 12 -12 15 -15 -13 -1 20 19 -19 22 -22 25 24 -23 26 -18 -24 -29 -25
right_child=1 -3 3 5 -6 -7 -8 -9 -10 10 11 13 -14 14 -16 -17 17 18 -20 -21 21 23 27 29 -26 -27 -28 28 -30 -31
leaf_value=-0.001362627374377602 -0.0022664558720485919 0.00084442533925175667 -0.0022742115231019189 0.0039661960781086237 0.001023963346867071 0.00043758322010814613 -0.0017512243385204955 0.0016915261841324324 -0.0013165663035761101 -0.0018282012879526953 0.00072234292008663313 0.0032663599523948504 0.0049407925014384093 0.00094856656738556927 -0.0035537967336408439 5.7939593680202969e-05 0.0041725627263076602 -0.0034061938913073388 -0.00012605894296889534 8.8330450428960233e-05 0.0025312985281925652 -0.0039679107067751738 0.0011406810789611761 -0.00048706300674932715 0.00024458120820955155 -5.3678914904594423e-05 0.001055313816992566 -0.0030319670261815192 0.00027003784331360036 0.00048714171880666519
leaf_weight=37 29 25 22 20 31 21 21 34 35 21 26 20 20 20 21 20 28 25 584 24 20 21 53 235 21 25 25 20 35 221
leaf_count=37 29 25 22 20 31 21 21 34 35 21 26 20 20 20 21 20 28 25 584 24 20 21 53 235 21 25 25 20 35 221
internal_value=1.88989e-12 -0.000826233 2.61527e-05 0.000747057 -0.00034509 0.00215886 -1.58851e-05 7.02006e-06 -2.97643e-05 -1.72896e-07 0.000608325 0.00101122 0.00255645 0.000133674 -0.00135752 0.00166215 -6.57171e-05 -2.98265e-05 -0.000247478 -0.00169459 0.000165874 -6.63425e-05 0.000812584 -0.000170665 -0.00186166 0.00181888 0.00270216 8.58156e-05 -0.000930691 -1.49155e-05
internal_weight=1760 54 1706 94 53 41 1612 1591 1557 1522 148 127 46 81 41 40 1374 1337 633 49 704 518 186 498 42 78 53 108 55 456
internal_count=1760 54 1706 94 53 41 1612 1591 1557 1522 148 127 46 81 41 40 1374 1337 633 49 704 518 186 498 42 78 53 108 55 456
is_linear=0
shrinkage=0.05


Tree=284
num_leaves=31
num_cat=0
split_feature=290 199 202 289 289 168 118 316 124 334 327 180 333 261 130 87 238 238 144 167 158 197 244 134 105 160 232 287 129 327
split_gain=0.0146288 0.0185751 0.0199336 0.0185893 0.0431985 0.0456431 0.0415584 0.0410852 0.0516501 0.0505377 0.0395984 0.038419 0.0373503 0.0360139 0.0448015 0.0358924 0.0348235 0.0458187 0.0476064 0.0342271 0.0614745 0.0563048 0.0691146 0.0687986 0.0533589 0.0716189 0.0489474 0.0554882 0.0534523 0.0501947
threshold=0.081539157790777431 0.068832445188154276 -0.069975323280007926 -0.037282916975597366 -0.024749521345642893 -0.015043937755057394 -0.0056094661922491866 -0.027616214603849273 0.0012034999754224442 -0.02223293773978546 0.056542373532349331 -0.0011384942672382034 0.025559883508398669 -0.00058350005004478248 -0.0072142289303198512 1.0000000180025095e-35 0.1340845822288112 0.083486522283068659 0.0047552750545047408 -0.0059827773329092721 0.013507672879919991 0.025950322677126495 -0.018798415917305786 0.006500665522810819 0.018389340488844687 0.011766738464494107 0.0031746258992417127 -0.0090432061339673925 -0.016293850386170417 -0.0049052841009209975
decision_type=2 2 2 2 2 2 2 2 2 2 2 2 2 2 2 2 2 2 2 2 2 2 2 2 2 2 2 2 2 2
left_child=1 2 -1 7 5 -5 15 8 -4 -9 16 -8 13 -11 -15 -7 17 19 -19 20 24 22 -22 -24 -6 -26 -21 -28 -29 -30
right_child=-2 -3 3 4 10 6 11 9 -10 12 -12 -13 -14 14 -16 -17 -18 18 -20 26 21 -23 23 -25 25 -27 27 28 29 -31
leaf_value=0.001528764020518533 0.0009975518015885932 -0.0014643916690891441 -0.00087230988569429214 0.0024966606623352027 0.00052328416003266816 -0.0023556953825755048 0.0026418465892978325 -0.0027392086208177114 0.0020633206646438812 -0.0010509053977309829 -0.0016833602379645327 0.00016128226148744894 -0.0022563329158836734 0.0025289584366280753 -0.00042602324081536638 0.00043892961176526216 0.002068025474436581 -5.3610890807414592e-05 -0.0034241635504952228 0.00017433386062852768 0.00011277668414667489 -0.00089666364559282867 0.0015950006658385974 0.0052272065246308395 -5.0514317949870191e-06 -0.002622470629678385 0.00018054924759124512 1.3461116320416165e-05 -0.0028410922243243216 -0.00092619696723969264
leaf_weight=21 36 22 29 33 214 20 27 30 31 45 36 37 23 23 29 27 20 22 20 436 31 21 32 22 89 37 133 70 56 88
leaf_count=21 36 22 29 33 214 20 27 30 31 45 36 37 23 23 29 27 20 22 20 436 31 21 32 22 89 37 133 70 56 88
internal_value=1.26558e-12 -2.08305e-05 -2.17112e-06 -2.12964e-05 4.15269e-05 0.000864058 0.000378689 -0.000461359 0.000644433 -0.000903675 -4.77304e-05 0.00120777 -0.000444792 -1.52513e-05 0.000880988 -0.000750273 -2.12028e-06 -3.46954e-05 -0.00165864 2.08014e-05 0.000370418 0.00142174 0.00199453 0.00307479 4.26524e-05 -0.000773659 -0.000178342 -0.000621473 -0.00111993 -0.00167088
internal_weight=1760 1724 1702 1681 1471 144 111 210 60 150 1327 64 120 97 52 47 1291 1271 42 1229 446 106 85 54 340 126 783 347 214 144
internal_count=1760 1724 1702 1681 1471 144 111 210 60 150 1327 64 120 97 52 47 1291 1271 42 1229 446 106 85 54 340 126 783 347 214 144
is_linear=0
shrinkage=0.05


Tree=285
num_leaves=31
num_cat=0
split_feature=174 300 168 273 168 233 178 124 168 117 115 202 317 233 113 323 92 176 221 102 323 248 92 212 249 248 162 136 203 271
split_gain=0.0146249 0.0306649 0.0192955 0.0349812 0.0334389 0.0472739 0.0447544 0.0345118 0.0342223 0.0838917 0.0419755 0.0335581 0.0569818 0.0781616 0.0330646 0.0328611 0.0765639 0.0574926 0.0590665 0.0691144 0.0563253 0.185183 0.0544179 0.0453632 0.0440657 0.0421135 0.0520524 0.0797034 0.0689528 0.0461205
threshold=0.063746580311001874 0.0002755303678732706 -0.034646520515245215 0.0071820222399183809 -0.025063809589896801 -0.016441353436636174 0.0051474531115728609 -0.0053672808784116883 -0.020148103315305994 0.030968906732430371 -0.010604524620036715 -0.029865685262065799 0.0017805713403361799 -0.0032037483813172648 -0.006309054355777422 0.011026754860218943 -0.1807298848581895 -0.0069849221335679971 -0.012229243523397729 -0.00038990761485418752 0.0070141034452251396 0.01035428582287372 -0.016547770554500456 0.043567053210531968 0.0068663989301780701 0.018530105871036057 -0.0066034808751030067 0.013850495273537902 0.0043964277073811247 0.0098790390007944331
decision_type=2 2 2 2 2 2 2 2 2 2 2 2 2 2 2 2 2 2 2 2 2 2 2 2 2 2 2 2 2 2
left_child=2 -2 3 -1 5 6 -4 -7 9 10 -6 12 13 -10 -5 20 -17 22 19 -19 25 23 -18 -22 -24 29 -27 28 -28 -13
right_child=1 -3 4 14 8 7 -8 -9 11 -11 -12 15 -14 -15 -16 16 17 18 -20 -21 21 -23 24 -25 -26 26 27 -29 -30 -31
leaf_value=8.166839560535573e-05 -0.0020729486481286586 0.00045679991194249496 0.0037954410157081762 -0.0003323273213027278 -0.0017012920695075691 0.0013310551594865197 0.00052740942046511916 -0.001298284197960479 0.00013512599543901162 -0.0037883933424018323 0.00096966193982792135 0.00052939158140570617 -0.00031547745824546408 0.0045026358474777751 -0.0026633291232303299 -0.0033705033082515007 0.0025034555350430311 -0.0040236479211598637 -0.00018347722357850809 -0.00071763646095817865 0.00099963224775921036 0.0049290274180328617 0.00097284290380080917 -0.0018067081926498457 -0.00090960995484833964 0.00050371494934162392 -0.0010603042229975961 0.00092392772205759964 -0.0043518870352552488 -0.00035761792478873291
leaf_weight=99 25 23 22 32 24 24 20 26 20 20 38 435 38 21 29 20 29 25 166 43 36 26 67 24 58 56 41 26 26 221
leaf_count=99 25 23 22 32 24 24 20 26 20 20 38 435 38 21 29 20 29 25 166 43 36 26 67 24 58 56 41 26 26 221
internal_value=-1.05589e-12 -0.000860777 2.41339e-05 -0.000498662 7.80304e-05 0.00100259 0.00223924 -3.62013e-05 1.97708e-05 -0.000972582 -6.42557e-05 7.88223e-05 0.00107936 0.00237214 -0.00144051 1.79733e-05 -0.000353661 -0.000198153 -0.000691909 -0.00193308 0.000188149 0.00140442 0.000552099 -0.000122904 9.93848e-05 5.82117e-05 -0.000700613 -0.0014258 -0.00233763 0.000230567
internal_weight=1760 48 1712 160 1552 92 42 50 1460 82 62 1378 79 41 61 1299 408 388 234 68 891 86 154 60 125 805 149 93 67 656
internal_count=1760 48 1712 160 1552 92 42 50 1460 82 62 1378 79 41 61 1299 408 388 234 68 891 86 154 60 125 805 149 93 67 656
is_linear=0
shrinkage=0.05


Tree=286
num_leaves=31
num_cat=0
split_feature=280 254 319 194 283 106 319 155 232 256 330 258 279 93 307 257 155 335 251 167 272 335 277 316 297 245 330 330 171 262
split_gain=0.0146853 0.0361194 0.0301618 0.0414187 0.0265836 0.0688432 0.0438698 0.0325061 0.0516107 0.0458465 0.0569655 0.0502207 0.0697858 0.0498467 0.0438268 0.040987 0.0358208 0.0771137 0.0425427 0.0451004 0.0560822 0.0354137 0.0682251 0.0634708 0.0337607 0.0486709 0.0346615 0.118608 0.0399182 0.0491141
threshold=0.054776798871850274 0.038440593518875098 -0.013375439598587842 -0.0067307180661140093 0.06261407461574571 -0.02046029108467556 0.0051378470290638304 -0.018628576791377478 0.061286296006292422 0.0020866812336970781 0.044356789418134986 -0.010137711828071085 -0.011852527162770651 0.063295088071413597 -0.0063101206473466821 -0.014816496121203946 -0.0092947362181948455 0.024377223569291995 0.0082174259552848031 0.0027410557808607082 0.00036784615037016057 0.045844779291057201 0.0076631058449516372 -0.0084402933084085346 -0.047894517852787255 -0.018927417354774656 0.0022722272269798381 0.0005210549096543183 0.040936244839677845 -0.02126734296908725
decision_type=2 2 2 2 2 2 2 2 2 2 2 2 2 2 2 2 2 2 2 2 2 2 2 2 2 2 2 2 2 2
left_child=4 2 -2 -4 7 -6 -7 8 9 13 11 12 -11 14 -1 -13 17 18 19 -9 -21 24 -23 -24 25 -18 27 -26 29 -28
right_child=1 -3 3 -5 5 6 -8 16 -10 10 -12 15 -14 -15 -16 -17 21 -19 -20 20 -22 22 23 -25 26 -27 28 -29 -30 -31
leaf_value=-0.00050734242519995731 0.001293127793529681 -0.0021003202169335316 -0.0023220890221030762 0.00018154018578330443 -0.0009398817897924935 0.00081026855308713539 0.0035910282532036633 -0.0008853316359212235 0.0024488017412609068 -9.8958229535214956e-05 0.0018906212855047972 -0.0014774185651207738 -0.0041286037811501461 0.0032081944518722594 0.0014150808787985988 0.00074403384413536909 0.00086877597495913514 0.0020477014072821475 -1.4484154565831307e-05 -0.0050308026850689209 -0.0012863999139517547 -0.0025330712499383552 0.0024039964581606911 -0.0015317256983724378 0.00021141114170882902 -0.0018795146794849532 0.00085149944402427994 0.003309082387678438 -0.0023930556525010617 -0.00045371857987945238
leaf_weight=56 29 28 24 53 34 37 23 48 29 21 24 33 22 20 63 56 24 20 44 20 20 39 20 21 486 49 99 33 20 265
leaf_count=56 29 28 24 53 34 37 23 48 29 21 24 33 22 20 63 56 24 20 44 20 20 39 20 21 486 49 99 33 20 265
internal_value=-1.79324e-12 -0.00050311 -8.12057e-05 -0.000598812 4.14617e-05 0.000857634 0.00187623 -8.61674e-06 0.000436101 0.000238242 -0.000350137 -0.000757548 -0.00216064 0.000898581 0.000510411 -7.96508e-05 -0.000127895 -0.000845548 -0.00128392 -0.00191864 -0.0031586 -2.45968e-05 -0.00103595 0.000388139 5.83011e-05 -0.000975967 0.000141913 0.000408373 -0.000218224 -9.8728e-05
internal_weight=1760 134 106 77 1626 94 60 1532 324 295 156 132 43 139 119 89 1208 152 132 88 40 1056 80 41 976 73 903 519 384 364
internal_count=1760 134 106 77 1626 94 60 1532 324 295 156 132 43 139 119 89 1208 152 132 88 40 1056 80 41 976 73 903 519 384 364
is_linear=0
shrinkage=0.05


Tree=287
num_leaves=31
num_cat=0
split_feature=268 190 190 287 292 292 184 67 114 291 192 293 248 307 204 143 94 249 254 219 305 322 288 134 127 129 329 88 307 223
split_gain=0.0152096 0.0166164 0.04739 0.046536 0.0386017 0.0437594 0.0749783 0.041943 0.038883 0.059456 0.0497099 0.0492145 0.0493595 0.0650659 0.080254 0.0520656 0.0486527 0.0449678 0.041056 0.0630679 0.0397041 0.0374042 0.0489238 0.0451942 0.0568205 0.0823208 0.164247 0.15283 0.0846336 0.0614179
threshold=0.09938805795148388 -0.0049061956744609657 -0.0040123125304435672 -0.068869481094224874 0.0010251873416560029 0.003913589220143834 0.0021879090856795316 2.6735537653587347 0.040144501376834889 -0.014887305224635725 -0.0016641721197153349 -0.040365849174167197 -0.010097036983709177 0.014075448105827478 -0.0011219968191486804 0.0073610801611481381 -0.086404593531736046 0.017197956751665727 -0.0032730585745487945 -0.027265412530492899 0.0099178886497282674 0.016309680976038618 -0.015786167359894455 0.039801960872196347 0.0062846956175085849 -0.003758459582811991 -0.0044139583388594804 -0.014182478261053523 -0.0021700304392056904 -0.005084944326432402
decision_type=2 2 2 2 2 2 2 2 2 2 2 2 2 2 2 2 2 2 2 2 2 2 2 2 2 2 2 2 2 2
left_child=1 3 -3 -1 7 6 -6 21 10 -10 11 -7 17 14 15 -14 -12 -13 -18 -20 -15 23 -23 24 29 28 -27 -28 -26 -4
right_child=-2 2 4 -5 5 8 -8 -9 9 -11 16 12 13 20 -16 -17 18 -19 19 -21 -22 22 -24 -25 25 26 27 -29 -30 -31
leaf_value=0.0022526335320435464 -0.0010171602006367822 -0.0021297770732676977 0.00071865641186291001 0.00013248400997777936 6.7824615353646761e-05 -0.0015228627572974399 -0.0038512652901851619 0.0023953329919922084 -0.003066143183761077 0.00022228573415540502 0.001445890142582357 0.00071320320416346254 -0.00030681302970541377 0.0011000452118293783 0.0039606215459678101 0.0027972996912219309 -5.6663867673540326e-05 -0.0022845478924202987 -0.0036030101273874086 -0.00077735332006748439 -0.0016713898057787446 -0.0019915053943206171 8.869212362876899e-05 0.0026210760843241587 -0.0019804172073158307 -0.00076215469753757742 0.0072922107065096498 0.0015695046159505312 0.0013486920420767829 -0.0010876972218768707
leaf_weight=27 36 28 84 625 26 27 23 22 28 27 25 29 35 28 34 22 77 22 28 67 24 41 91 22 35 30 20 28 42 107
leaf_count=27 36 28 84 625 26 27 23 22 28 27 25 29 35 28 34 22 77 22 28 67 24 41 91 22 35 30 20 28 42 107
internal_value=-6.7406e-13 2.124e-05 -9.98189e-05 0.000220282 -4.53756e-05 -0.00034941 -0.00177175 0.000258659 -0.000202064 -0.00145182 -3.76222e-05 0.00047718 0.000755536 0.00123183 0.00203806 0.000891266 -0.000615141 -0.000579944 -0.00091471 -0.00161018 -0.000179079 0.000164645 -0.00055743 0.00042365 0.00028393 0.000995201 0.00214007 0.00395397 -0.000164539 -0.00029328
internal_weight=1760 1724 1072 652 1044 522 49 522 473 55 418 221 194 143 91 57 197 51 172 95 52 500 132 368 346 155 78 48 77 191
internal_count=1760 1724 1072 652 1044 522 49 522 473 55 418 221 194 143 91 57 197 51 172 95 52 500 132 368 346 155 78 48 77 191
is_linear=0
shrinkage=0.05


Tree=288
num_leaves=31
num_cat=0
split_feature=313 313 148 97 254 94 329 182 210 97 204 222 97 302 312 167 299 311 260 254 244 302 150 8 322 95 302 263 179 236
split_gain=0.0144421 0.0566142 0.0433032 0.0425083 0.0430044 0.0315853 0.0361422 0.0290489 0.0312957 0.0438141 0.0339132 0.0296819 0.0264617 0.0740713 0.0584764 0.0672082 0.0710763 0.0533107 0.0433035 0.041255 0.0373099 0.0341594 0.0426389 0.0408564 0.0528069 0.0548873 0.0692948 0.0812903 0.0983495 0.0669184
threshold=-0.023172074934624993 -0.021760072471604681 -0.048661736963414304 -0.0056481940961223649 -0.030883411490207877 -0.0078137106104933362 0.017004715620438798 0.038773264939665021 0.0017096642545409483 0.039927623394846005 0.011788857328159487 0.0020421600340984002 -0.033434833665323779 0.020216299155435623 0.0032700267047497881 -0.017536015506772317 0.0024135313680763468 0.010278660149678169 0.02475298011215692 0.0095650072479223202 0.090495856925405724 -0.033515778016572205 -0.035082936020003584 0.0063301282051282061 -0.0062952001527841568 0.10864002907996893 0.00034457551467659758 1.0000000180025095e-35 0.00087931136254934257 -0.0012377380365384929
decision_type=2 2 2 2 2 2 2 2 2 2 2 2 2 2 2 2 2 2 2 2 2 2 2 2 2 2 2 2 2 2
left_child=2 -2 -1 4 -4 -6 -7 8 9 10 11 -5 13 14 15 -3 -17 -18 -16 -15 21 22 -14 -23 -25 26 27 28 -26 -29
right_child=1 12 3 7 5 6 -8 -9 -10 -11 -12 -13 20 19 18 16 17 -19 -20 -21 -22 23 -24 24 25 -27 -28 29 -30 -31
leaf_value=0.0019508402324364786 -0.0026504333164276824 0.00053913547058722798 0.0025346989918034525 -0.001176166047920443 -0.00086792406567838044 0.0015614768676268946 -0.00035816618914307077 0.0011912265966321171 -0.0019764382099556562 0.0015434889690950514 -0.0022997627793638793 0.001139409264549613 0.0029703997552860528 0.0024647657069024344 -0.00060420127901762949 -0.0010682768137215775 -0.0056744305067695684 -0.002023721009027213 0.0018342712149024009 -0.00037084926152601842 -0.001636466851848508 -0.0003117431785757157 0.00049177422619225703 -0.00031670593366884121 0.0011930501819588245 -0.00098710644052590478 0.00036917876982710479 0.002545312289403228 0.0055452207570110832 -0.0014958850460104823
leaf_weight=35 21 28 26 31 40 61 41 23 37 25 27 25 20 29 67 54 20 20 25 23 31 478 131 176 25 37 136 20 27 21
leaf_count=35 21 28 26 31 40 61 41 23 37 25 27 25 20 29 67 54 20 20 25 23 31 478 131 176 25 37 136 20 27 21
internal_value=1.26089e-14 -7.40228e-05 0.000277136 0.000102792 0.000665181 0.000322875 0.000789856 -0.000459597 -0.000721452 -0.000291503 -0.000844211 -0.000142427 -3.44726e-05 -0.000482068 -0.000893359 -0.0016111 -0.0022516 -0.00384908 5.84271e-05 0.00121055 7.35678e-05 0.000123065 0.000820069 8.66496e-06 0.00035517 0.000799719 0.00108842 0.00214021 0.00345283 0.000475431
internal_weight=1760 1389 371 336 168 142 102 168 145 108 83 56 1368 266 214 122 94 40 92 52 1102 1071 151 920 442 266 229 93 52 41
internal_count=1760 1389 371 336 168 142 102 168 145 108 83 56 1368 266 214 122 94 40 92 52 1102 1071 151 920 442 266 229 93 52 41
is_linear=0
shrinkage=0.05


Tree=289
num_leaves=31
num_cat=0
split_feature=264 267 267 130 267 110 286 110 336 283 106 328 305 249 52 270 267 1 4 87 322 267 133 237 266 266 170 289 102 171
split_gain=0.0140078 0.033523 0.05455 0.0717412 0.0482646 0.0352376 0.0567765 0.0459707 0.0358672 0.0340243 0.0365657 0.0333292 0.04298 0.0319774 0.0298233 0.0545079 0.0494165 0.0493912 0.0343889 0.029477 0.0306856 0.0564674 0.0469462 0.0407749 0.0277395 0.0835647 0.0727573 0.0466793 0.0383049 0.0363324
threshold=-0.014589047673462764 0.0010502410125106342 -0.0093903649045889333 0.015838624838691837 -0.017681993470314235 0.010340746581345346 -0.0046489666101232827 0.0048963002730008009 -0.0082264115925953785 0.0015492900652561991 0.020255041538939696 -0.0073898843794002302 -0.0023990910795487811 0.091094602471442257 0.89587973461402759 0.0051994363775194211 0.003804538433610752 8.9524645033942978 5.3375265226150903 -0.110412083368457 0.011000799781042606 0.025664815991499366 -0.013907344846289591 0.044658099125208857 0.036500834162870859 0.032160637096240112 0.011483167242009802 -0.013342235627560721 -0.0046822952205093056 0.027668395974678139
decision_type=2 2 2 2 2 2 2 2 2 2 2 2 2 2 2 2 2 2 2 2 2 2 2 2 2 2 2 2 2 2
left_child=1 2 4 -4 9 7 -7 19 -8 11 -11 -1 -13 14 17 16 -16 18 24 -3 21 22 -21 -22 25 -2 27 28 -26 -29
right_child=13 5 3 -5 -6 6 8 -9 -10 10 -12 12 -14 -15 15 -17 -18 -19 -20 20 23 -23 -24 -25 26 -27 -28 29 -30 -31
leaf_value=0.0010325890513794387 3.9831976004449019e-05 0.0014758832371766263 0.0032768773282633016 -0.0001718812007457018 -0.0015948007750745501 0.00084583856764116467 -0.00073540536705554737 0.002260770448871578 -0.0032281068377886658 0.0023096078241776146 0.00010389257222414017 0.00071071076556108895 -0.0023723384263016323 -0.0015206667364844563 0.0019079463346861301 -0.0027586429745757157 -0.0013979037358344965 0.0023628377461467277 -0.0020842341182287782 0.00071114833283770303 -0.0002319767016381251 0.0017818017104374512 -0.0021355709006699425 -0.0030930724553763869 -0.00010191679797697298 0.0031592005827405958 -0.0033412428583861108 -0.0014023337177682801 0.0027424194254854228 0.00096892518229738241
leaf_weight=34 891 26 38 25 31 28 31 24 27 42 34 20 26 38 20 28 26 22 20 28 33 35 30 20 29 22 21 70 20 21
leaf_count=34 891 26 38 25 31 28 31 24 27 42 34 20 26 38 20 28 26 22 20 28 33 35 30 20 29 22 21 70 20 21
internal_value=3.36141e-12 0.00021431 0.000635851 0.00190832 0.000207158 -0.000159398 -0.00100317 0.000210831 -0.0018958 0.000565239 0.00132284 -0.000154482 -0.00103188 -9.28442e-05 -4.72499e-05 -0.00101931 3.94224e-05 1.72054e-05 -2.99645e-05 -7.52072e-05 -0.000351429 0.000195786 -0.000761293 -0.00131164 8.29001e-06 0.000114997 -0.000596828 -0.000185165 0.00105904 -0.00085512
internal_weight=1760 532 250 63 187 282 86 196 58 156 76 80 46 1228 1190 74 46 1116 1094 172 146 93 58 53 1074 913 161 140 49 91
internal_count=1760 532 250 63 187 282 86 196 58 156 76 80 46 1228 1190 74 46 1116 1094 172 146 93 58 53 1074 913 161 140 49 91
is_linear=0
shrinkage=0.05


Tree=290
num_leaves=31
num_cat=0
split_feature=257 328 280 141 213 190 257 135 308 297 191 191 199 166 171 188 186 304 312 225 97 306 177 327 156 257 331 276 296 143
split_gain=0.0137404 0.0504037 0.0603689 0.0271553 0.0323685 0.0375213 0.0206159 0.0553592 0.0286929 0.0259627 0.0457432 0.0326291 0.0557563 0.0296821 0.0285079 0.0581741 0.0468129 0.047587 0.0477174 0.0522502 0.0460531 0.0450601 0.0717902 0.0383805 0.0377963 0.0370212 0.0419065 0.0534 0.0800133 0.0753217
threshold=-0.047552814417121107 -0.010374336663840947 0.0003935051398193713 -0.010789697847652022 0.0018063032340764841 0.0041022159964820863 -0.029693740515068862 -0.028738291376877317 -0.016620174273511697 -0.074029821903727852 0.059229378250937201 0.034572538775054694 -0.0066892715767669529 -0.073145592145637664 -0.014268078025076255 0.010675214844187614 -0.017445194850414094 0.0081907360066659791 0.0018228830112282386 0.0087768081278417013 0.0046781908865169662 0.017853455268622049 -0.0044923979547862427 0.010207257133074096 -0.0040298371713141943 0.0045131583134219539 0.00086781931300224677 0.0062807529817943703 0.0016115074968305124 0.016129320016133129
decision_type=2 2 2 2 2 2 2 2 2 2 2 2 2 2 2 2 2 2 2 2 2 2 2 2 2 2 2 2 2 2
left_child=1 2 -1 -3 5 -5 7 -2 -9 -8 11 13 -13 -11 15 16 -15 18 20 -20 -18 22 -19 24 -17 26 -16 28 -28 -29
right_child=6 3 -4 4 -6 -7 9 8 -10 10 -12 12 -14 14 25 23 17 21 19 -21 -22 -23 -24 -25 -26 -27 27 29 -30 -31
leaf_value=0.003642757926338717 -0.002530059493146837 0.0013489688609049401 2.0098143242016111e-05 -0.00020380342107576628 0.00099391692662417568 -0.0029594520494962734 -0.0012459409816074187 -0.0014512462187903348 0.00047134124198118635 0.00197185641132819 0.0019453843571095458 -0.0028831612145250596 -8.2437964124437723e-06 -0.0026960129259220728 0.00089649854909433437 0.0012725551413106067 -0.0020385980512946842 0.0012342796350518863 0.0020171999281575512 -0.00067566515776448918 0.00057834809623931633 -0.0035165863089440838 -0.0024923783059680967 0.002033663514371523 -0.0012428985875885701 -0.00015206481339134228 -0.0015570580237937485 0.0016288600241207492 0.00077161039817073048 -0.0017493604552111634
leaf_weight=23 30 22 23 30 21 21 40 27 69 20 31 26 48 28 266 28 40 24 43 31 29 21 28 34 32 475 89 77 63 21
leaf_count=23 30 22 23 30 21 21 40 27 69 20 31 26 48 28 266 28 40 24 43 31 29 21 28 34 32 475 89 77 63 21
internal_value=6.67755e-13 0.000475233 0.00183143 -0.000188436 -0.000658199 -0.00133848 -4.10695e-05 -0.000655261 -6.93865e-05 1.07297e-05 4.53011e-05 3.9079e-06 -0.00101835 5.99843e-05 3.12127e-05 -0.000365311 -0.000772452 -0.000523102 7.1479e-06 0.000889108 -0.000938722 -0.00156181 -0.000772382 0.000691525 -6.90202e-05 0.000166455 0.000459666 -5.12423e-06 -0.000591886 0.000904956
internal_weight=1760 140 46 94 72 51 1620 126 96 1494 1454 1423 74 1349 1329 338 244 216 143 74 69 73 52 94 60 991 516 250 152 98
internal_count=1760 140 46 94 72 51 1620 126 96 1494 1454 1423 74 1349 1329 338 244 216 143 74 69 73 52 94 60 991 516 250 152 98
is_linear=0
shrinkage=0.05


Tree=291
num_leaves=31
num_cat=0
split_feature=268 242 307 137 135 178 164 136 168 302 321 136 144 269 316 120 4 324 261 201 325 203 135 158 210 226 156 210 116 86
split_gain=0.0134874 0.0144561 0.0430081 0.046897 0.0447401 0.0451865 0.0390083 0.0370674 0.0341068 0.0294454 0.0286429 0.0309872 0.0285806 0.0247226 0.0814026 0.0639547 0.053957 0.0448383 0.0356835 0.0344866 0.0542193 0.0442001 0.0320701 0.0646383 0.0422549 0.0386565 0.0519213 0.0316221 0.0315827 0.0412759
threshold=0.09938805795148388 0.034821118954088466 -0.0045530565871344042 -0.027465426264976566 -0.03562810813089428 0.013295628491461113 0.011402102749587804 -0.024355647907896013 -0.0031580920452714766 0.0016353085440523453 0.00080389952494692334 0.0043837096483162362 0.0033468702922598097 -0.027902524838827689 -0.012788937384942051 0.02836267946708439 1.8688348091416842 0.0092381002663433475 0.010107646404538153 0.00042180518338205941 -0.0084308011155197985 -0.0056871414678939854 -0.031863079557284735 0.007594606649643329 0.00063109148335359095 0.001194827086592825 0.013386392589793432 0.0021012548381734186 0.061692150424249283 0.033916868695554138
decision_type=2 2 2 2 2 2 2 2 2 2 2 2 2 2 2 2 2 2 2 2 2 2 2 2 2 2 2 2 2 2
left_child=1 13 3 -3 -4 7 8 -6 -5 -8 12 -12 -9 14 17 16 19 18 -1 20 -16 -21 23 25 -25 27 -27 -15 -24 -30
right_child=-2 2 4 6 5 -7 9 10 -10 -11 11 -13 -14 22 15 -17 -18 -19 -20 21 -22 -23 28 24 -26 26 -28 -29 29 -31
leaf_value=0.0010556357379461971 -0.00095784323897937112 -0.0018247509280627128 -0.0011706962128907132 -0.0017250728977160181 0.0024805504091394443 0.0028233556909071922 0.0027941392575849024 0.002450533010794417 0.00049043290660177408 0.00017092462234280032 -0.0019395772240717304 0.00051403930429519428 -1.5987573078746209e-05 1.5904521569609644e-05 -0.0032754074851982298 -0.0034644941054284579 -0.0030011635040864352 0.0024141456273875004 -0.0015436603647211323 0.0021520132366567852 -0.00011237804127241752 -0.00061746643554857561 4.4733674140061698e-06 0.0040302486484870316 0.0009184284533451623 -3.021322646299782e-05 0.0029702717904001477 -0.0024637620327848712 -0.0024586142956589661 0.00047381421260070064
leaf_weight=31 36 38 24 32 24 32 20 23 38 23 22 31 24 36 20 25 22 28 23 25 42 34 926 20 24 46 21 20 30 20
leaf_count=31 36 38 24 32 24 32 20 23 38 23 22 31 24 36 20 25 22 28 23 25 42 34 926 20 24 46 21 20 30 20
internal_value=-5.92334e-14 2.00014e-05 0.000317023 -0.000305247 0.000839039 0.00114823 0.000205736 0.000715938 -0.00052237 0.00139102 0.000292431 -0.000504443 0.00119103 -5.05759e-05 -0.000500972 -0.00113131 -0.000723407 0.000790446 -5.14719e-05 -0.000309269 -0.00113271 0.000556042 4.79358e-05 0.000688206 0.00233289 9.98636e-05 0.000910237 -0.000869691 -6.16187e-05 -0.00128564
internal_weight=1760 1724 331 151 180 156 113 124 70 43 100 53 47 1393 250 168 143 82 54 121 62 59 1143 167 44 123 67 56 976 50
internal_count=1760 1724 331 151 180 156 113 124 70 43 100 53 47 1393 250 168 143 82 54 121 62 59 1143 167 44 123 67 56 976 50
is_linear=0
shrinkage=0.05


Tree=292
num_leaves=31
num_cat=0
split_feature=316 150 316 203 278 278 325 87 325 321 321 93 256 325 325 175 171 174 95 284 126 203 248 126 132 188 1 295 155 166
split_gain=0.0132631 0.0423289 0.0335216 0.0298056 0.0463401 0.0421079 0.0223382 0.0505471 0.0240639 0.0214109 0.0381102 0.0346405 0.0337049 0.0252655 0.0479417 0.0804002 0.0549302 0.066114 0.0471799 0.0391259 0.0354242 0.0459834 0.0466834 0.0448269 0.0480285 0.0581718 0.0680368 0.0669713 0.0488455 0.0757879
threshold=0.049589567134989472 -0.025845800148751267 0.045107856068120934 -0.01447755364269292 0.040273445986175931 -0.001379232993707099 -0.06032674054203984 0.079865347260004119 -0.049769335419710188 0.050253321455099982 0.041658863509018283 0.048668701738143999 -0.0037699033288671273 0.022125037832342175 0.0076567820463112292 -0.021038194228003845 -0.015368364884027453 -0.0010738946748569853 -0.004617892381719218 -0.013525786765274949 0.00059629376613946938 -0.026160965779240035 -0.026157220482528526 0.0017857737874661893 0.0048998670212828397 0.00060982586558524609 4.8559213341406453 -0.021041980088858266 -0.010811200114792431 0.0015404105164915933
decision_type=2 2 2 2 2 2 2 2 2 2 2 2 2 2 2 2 2 2 2 2 2 2 2 2 2 2 2 2 2 2
left_child=2 -2 6 -3 5 -5 7 -1 -8 10 13 12 -11 14 20 -16 18 -18 -17 -19 21 -10 -23 -22 25 26 -25 -27 -26 -30
right_child=1 3 -4 4 -6 -7 8 -9 9 11 -12 -13 -14 -15 15 16 17 19 -20 -21 23 22 -24 24 28 27 -28 -29 29 -31
leaf_value=-0.00025350649375468495 0.0026046163617866117 0.001601797277107835 -0.0020227469903017796 -0.00014159098666693485 0.0014088275907561184 -0.0030175583050299792 -0.0013063226587365609 0.0029034697240041124 0.0019214460591634585 0.0011263570021837952 -0.0016223830474221979 0.0019906058821909352 -0.0015908048964948171 -0.00041955887088964897 0.0030073828522511055 -0.0027827433259833769 -0.00033433430711738766 -0.00029064729693345726 0.00049519839452668321 0.0022092070555016917 -0.0021213329081183475 -0.0011140269790142639 0.00032545848290260992 0.00028779586363545902 -0.0024937827876341102 0.0016909996749291168 0.0030532149737700822 -0.0013204826295987006 -0.0013211851090476128 0.0011983316222777714
leaf_weight=32 20 25 21 35 25 20 37 21 37 25 38 34 21 306 33 23 75 20 21 72 35 68 328 86 37 24 30 80 85 46
leaf_count=32 20 25 21 35 25 20 37 21 37 25 38 34 21 306 33 23 75 20 21 72 35 68 328 86 37 24 30 80 85 46
internal_value=4.06247e-12 0.000496409 -3.79517e-05 9.48454e-05 -0.000376077 -0.0011874 -1.21273e-05 0.000997371 -4.64023e-05 -1.58137e-05 -5.99257e-05 0.000780408 -0.000114086 -1.76971e-05 9.40935e-05 0.000712355 0.000353417 0.000767514 -0.00121827 0.00166576 -8.21399e-05 0.000235774 7.82741e-05 -0.000407569 -0.000252977 0.000233147 0.00100299 -0.000625525 -0.000889568 -0.000436469
internal_weight=1760 125 1635 105 80 55 1614 53 1561 1524 1444 80 46 1406 1100 244 211 167 44 92 856 433 396 423 388 220 116 104 168 131
internal_count=1760 125 1635 105 80 55 1614 53 1561 1524 1444 80 46 1406 1100 244 211 167 44 92 856 433 396 423 388 220 116 104 168 131
is_linear=0
shrinkage=0.05


Tree=293
num_leaves=31
num_cat=0
split_feature=178 178 283 95 326 195 104 155 264 249 213 95 305 246 155 199 265 144 287 167 315 251 280 307 297 225 141 197 219 67
split_gain=0.0126726 0.0461321 0.0532762 0.0303121 0.0373451 0.0346388 0.032557 0.0337743 0.0240357 0.0423465 0.0419355 0.0342206 0.054911 0.0351321 0.0414658 0.0416363 0.0355181 0.032278 0.0513752 0.0551823 0.0697378 0.0651697 0.130881 0.0739949 0.0554859 0.0704073 0.055137 0.0540494 0.0482749 0.046286
threshold=-0.031427969473155862 -0.026707017213108843 1.0000000180025095e-35 0.078988890382994434 -0.017987157414766006 0.01018097193858764 -0.03559166410685987 0.0071504507041487923 -0.014589047673462764 0.091094602471442257 0.25423378568160787 0.039337857259543148 -0.0026411367856086772 0.023473910239676741 0.009277053907874996 -0.010566742842560742 0.029526991570879964 0.0095324356272281363 -0.0086698253615431105 -0.011403039538714166 -0.0034805750394100925 -0.0014541998813517093 -0.00016665107715684564 -0.0027923463602963819 -0.00094676393824475499 0.020450901747504781 -0.008802982241616391 -0.0055287450539117534 0.028477470668919064 2.4414009612931857
decision_type=2 2 2 2 2 2 2 2 2 2 2 2 2 2 2 2 2 2 2 2 2 2 2 2 2 2 2 2 2 2
left_child=3 2 -2 4 5 -1 -6 -8 11 10 17 13 -13 -3 15 -15 -17 29 27 20 -20 24 26 -24 -21 -26 -23 -19 -29 -10
right_child=1 8 -4 -5 6 -7 7 -9 9 -11 -12 12 -14 14 -16 16 -18 18 19 21 -22 22 23 -25 25 -27 -28 28 -30 -31
leaf_value=0.0024083482425497926 -0.00019632588322881771 -0.00017448708663541631 0.0031072496640263125 -0.0020879438281079512 -0.0023855343802345243 -0.00018995604367428941 -0.00091082010035132698 0.0011328009114367887 8.9781031662146957e-05 -0.0020479272577046815 -0.0019869331470025436 0.0030392933778265224 0.00012119018448222626 -0.00024310198628882062 -0.00042955912138347997 0.003762921703048051 0.00097362746795018524 -0.00065712537607536296 -0.00133937217654999 -0.0023201931298899581 0.0025982600262226619 -0.00247548364661634 -0.0063543904750120077 -0.0021048868220532313 0.0024463604312456614 -0.0013835471536454169 0.0005479468104711391 0.0004825150832620357 0.0034249635577884873 0.0021660704681250669
leaf_weight=23 23 271 26 23 22 29 62 30 649 28 28 28 38 20 37 25 21 65 22 20 23 25 21 20 28 21 38 46 20 28
leaf_count=23 23 271 26 23 22 29 62 30 649 28 28 28 38 20 37 25 21 65 22 20 23 25 21 20 28 21 38 46 20 28
internal_value=1.82235e-13 4.6536e-05 0.00155659 -0.000386815 -0.000151116 0.000959294 -0.000657619 -0.000244422 -2.0795e-06 -0.000128787 -7.78045e-05 0.000309507 0.00135917 0.000124271 0.000910325 0.00166147 0.00248955 -2.57035e-05 -0.000416303 -0.000886567 0.000673195 -0.00129229 -0.00208274 -0.00428146 -0.000100873 0.000804971 -0.000651827 0.000366273 0.00137417 0.000175654
internal_weight=1760 1571 49 189 166 52 114 92 1522 1082 1054 440 66 374 103 66 46 1026 349 218 45 173 104 41 69 49 63 131 66 677
internal_count=1760 1571 49 189 166 52 114 92 1522 1082 1054 440 66 374 103 66 46 1026 349 218 45 173 104 41 69 49 63 131 66 677
is_linear=0
shrinkage=0.05


Tree=294
num_leaves=31
num_cat=0
split_feature=210 264 81 81 81 238 301 301 195 110 272 147 147 234 8 285 157 206 272 190 176 302 221 85 198 204 7 153 306 225
split_gain=0.0129349 0.0443249 0.0187231 0.0197569 0.0193431 0.0588542 0.0760056 0.0463238 0.0267427 0.0230593 0.0192812 0.0385922 0.0644352 0.0576523 0.0537122 0.045025 0.0530325 0.059469 0.0580034 0.0450968 0.0556426 0.0497463 0.0427477 0.0425269 0.0486195 0.0467819 0.0854566 0.0417052 0.0361968 0.0359172
threshold=0.020398707923847934 -0.00075160751184398153 -0.73722136049892806 -0.70910282408126912 -0.52479451075537364 -0.025895407212596214 0.014680902344194439 -0.0025358310768408472 1.0000000180025095e-35 -0.12582806544999117 0.00036784615037016057 0.0013333987907460933 -0.0023939295051724988 0.0062391168366026919 0.21393897364771153 0.029404980733320204 0.010497672951926778 -0.014910100017211991 -0.0016156819993693606 -0.0053749226946724436 -0.0039868823471742318 0.017307074857276374 -0.01407149053701027 0.21229037197899295 0.0084357983983938817 0.007436810516719866 0.66987179487179505 -0.010682015634920826 0.03026185190870373 -0.00091524523640890457
decision_type=2 2 2 2 2 2 2 2 2 2 2 2 2 2 2 2 2 2 2 2 2 2 2 2 2 2 2 2 2 2
left_child=2 -2 -1 -4 5 8 7 -7 -5 -6 11 12 14 -14 23 16 17 -13 19 20 -19 -21 -17 24 25 26 -11 -27 -26 -24
right_child=1 -3 3 4 9 6 -8 -9 -10 10 -12 15 13 -15 -16 22 -18 18 -20 21 -22 -23 29 -25 28 27 -28 -29 -30 -31
leaf_value=0.001306405688436436 -0.0023047408391721545 0.00056816841925269579 -0.0012086012838126133 0.00038047905080020429 -0.0013501492281648099 0.0018920469090282438 0.0039879156897465384 -0.00081993231215165001 -0.0021742201964592652 -0.0041161167706983788 -0.00017164977907360395 0.0033293930791138161 -0.0034118787687340822 0.00012997406767681241 0.0025224923860237359 -0.0022856807027457527 -0.00015805410009554841 2.8744997966679789e-05 0.0033257416449487213 0.00087777606275831832 0.0035885524915774229 -0.0014496728528875361 -0.0010349092345530797 0.0021325565443839878 3.3828692710116273e-05 0.0019764877951026641 -0.00065869611122512401 -0.00073382520866289275 0.0021109015176383156 0.001286899344995618
leaf_weight=28 25 29 33 20 32 31 21 32 21 24 752 31 27 20 21 23 88 21 22 58 23 38 31 20 94 22 70 40 27 36
leaf_count=28 25 29 33 20 32 31 21 32 21 24 752 31 27 20 21 23 88 21 22 58 23 38 31 20 94 22 70 40 27 36
internal_value=2.47122e-12 -0.000761882 2.41159e-05 2.71888e-06 2.70189e-05 0.000624902 0.00138288 0.000514534 -0.000928025 -2.21491e-05 6.41001e-06 0.000188341 -0.000176683 -0.00190471 7.87167e-05 0.000547461 0.000859191 0.00132301 0.000939075 0.000564027 0.00188955 -4.35058e-05 -0.000425827 -9.40755e-05 -0.000254843 -0.000838242 -0.00154144 0.000227899 0.000497308 0.00021263
internal_weight=1760 54 1706 1678 1645 125 84 63 41 1520 1488 736 365 47 318 371 281 193 162 140 44 96 90 297 277 156 94 62 121 67
internal_count=1760 54 1706 1678 1645 125 84 63 41 1520 1488 736 365 47 318 371 281 193 162 140 44 96 90 297 277 156 94 62 121 67
is_linear=0
shrinkage=0.05


Tree=295
num_leaves=31
num_cat=0
split_feature=324 215 0 324 193 180 324 129 193 172 280 262 272 277 275 7 293 301 232 208 275 188 176 289 258 244 255 257 294 101
split_gain=0.0127842 0.0326915 0.0336423 0.0276074 0.0267016 0.04118 0.0540501 0.0489157 0.0398935 0.0356909 0.0355919 0.0287469 0.0353568 0.0258781 0.0242986 0.0984333 0.0547431 0.0665077 0.0895276 0.0494076 0.0523418 0.0661781 0.0810679 0.0916804 0.0792352 0.0682171 0.0527566 0.0440947 0.0438955 0.0690235
threshold=-0.017021318057822251 -0.092758616100516014 3.8176519431297078 -0.015121595742158718 -0.0057507789969933366 -0.010487738420937153 -0.031756180584259275 0.0009086467026978509 -0.0024107256773301367 -0.0018831982632592642 0.014303210016311659 -0.025996806628989542 -0.027522346650111572 -0.086563453670816456 -0.004695559082806537 0.032608936443587873 -0.030847486109155577 1.0000000180025095e-35 0.0010742570998349583 0.0045899921127509711 0.014618714322642124 0.0047740787567060504 0.0015962143873731465 0.0043545326588466538 -0.0054460931223384466 -0.001827890439887882 -0.0065802817302889356 0.046150338447976037 -0.0081967414398197557 -0.0043160953248703735
decision_type=2 2 2 2 2 2 2 2 2 2 2 2 2 2 2 2 2 2 2 2 2 2 2 2 2 2 2 2 2 2
left_child=1 -1 -3 -2 5 10 9 -8 -6 -7 -4 12 -10 -5 15 -15 17 18 -16 20 21 22 24 -24 -18 -26 -23 -17 29 -21
right_child=3 2 4 13 8 6 7 -9 11 -11 -12 -13 -14 14 16 27 19 -19 -20 28 -22 26 23 -25 25 -27 -28 -29 -30 -31
leaf_value=-0.0022064656822476537 0.0014641527705160635 -0.0021404734486714003 -0.00037962523147663368 -0.0012807508940265203 0.0019081116145984692 -0.0012918837291986814 -0.00074964655558731126 -0.0041233521134761931 0.00055385671190119211 0.0010378470197470197 0.0022644768422469498 0.00036387891792084864 -0.0021400514232388155 0.0029319295693901095 0.004543170226110226 0.00027491861123169029 -0.0021231972274836151 -0.00025806300109252337 0.00029807252290925981 1.6888778720220382e-05 -0.0001326468184403646 -0.00093914652437282118 -0.0044387173798421161 0.0001900299300905317 0.0033352576590214783 -0.00054887339938431985 -0.0040402901009656492 -0.0016136963754737129 -0.00014187020354602538 0.0035409499269614267
leaf_weight=20 35 20 35 36 33 35 21 22 21 31 20 161 29 34 23 487 20 56 27 33 217 24 23 20 26 20 32 33 142 24
leaf_count=20 35 20 35 36 33 35 21 22 21 31 20 161 29 34 23 487 20 56 27 33 217 24 23 20 26 20 32 33 142 24
internal_value=-1.95438e-12 -0.00023061 -0.000138281 7.8745e-05 -4.0134e-05 -0.000533514 -0.00109632 -0.00247573 0.000291482 -0.000197616 0.000581866 3.86446e-05 -0.00100861 4.07738e-05 7.91097e-05 0.000325486 -0.000119569 0.000925371 0.00225082 -0.000310212 -0.000643005 -0.0013142 -0.000596464 -0.00228581 0.000504171 0.00164651 -0.00271123 0.000155064 0.000328616 0.0015007
internal_weight=1760 448 428 1312 408 164 109 43 244 66 55 211 50 1277 1241 554 687 106 50 581 382 165 109 43 66 46 56 520 199 57
internal_count=1760 448 428 1312 408 164 109 43 244 66 55 211 50 1277 1241 554 687 106 50 581 382 165 109 43 66 46 56 520 199 57
is_linear=0
shrinkage=0.05


Tree=296
num_leaves=31
num_cat=0
split_feature=173 173 178 119 242 95 282 158 244 229 212 127 315 271 95 308 201 81 226 258 83 142 156 335 222 110 308 296 171 205
split_gain=0.0127406 0.0154082 0.0553129 0.0286302 0.0240252 0.0197346 0.0194681 0.022879 0.0430149 0.0445962 0.0468081 0.0378204 0.0409324 0.0284205 0.0640107 0.0643063 0.0471051 0.0455623 0.0419534 0.0409102 0.044327 0.0617454 0.0360464 0.0441448 0.0797164 0.0494098 0.0553383 0.0708721 0.049893 0.0446334
threshold=-0.073183740124007496 -0.041121513591709381 0.016584525071064209 0.0060170881347437911 0.00043532628931772108 0.17365360044602177 -0.028597420304358606 -0.023440217729854357 0.0035735583291262407 0.055128924690770104 0.017126640547612454 0.0028342248012257153 0.0057952954364250808 0.00026711242700465544 0.099304754698471775 -0.0040196949336220433 -0.00600093965013634 -0.73147886372020909 0.060669542061426759 -0.035639453967569505 -0.23868042164860867 0.015735852891236263 -0.037165107889578594 -0.032213797700996312 -0.0060229305116399666 -0.011908001935162784 -0.006478593316091341 -0.0043469876988272765 0.0005200578867403401 -0.0015892472236950803
decision_type=2 2 2 2 2 2 2 2 2 2 2 2 2 2 2 2 2 2 2 2 2 2 2 2 2 2 2 2 2 2
left_child=-1 2 3 4 -2 6 -3 8 11 10 -10 -8 -13 16 17 -16 19 -15 22 -9 -21 -22 -18 24 -24 26 -25 -28 -29 -27
right_child=1 5 -4 -5 -6 -7 7 13 9 -11 -12 12 -14 14 15 -17 18 -19 -20 20 21 -23 23 25 -26 29 27 28 -30 -31
leaf_value=-0.0010580419238457191 0.00046723935241891961 0.00035370136978888207 0.002969975270680152 0.0011442734703554639 -0.0017318508251466685 -0.001387247406091774 0.00019555881759151817 -0.0014618305133149863 -0.0023361967218431434 0.0017517684678420087 4.9849660097636656e-05 0.00043284240644425159 0.0033944695008228465 0.0019918119013309483 -0.00025922469561919572 0.0035119270010349844 -0.0024218858443200587 -0.00020320115732411277 -0.0026682530001450617 -0.00076028137484045579 0.00055750232888385654 0.0036452558013843374 -0.0011738902231192461 0.00023373619791258266 0.0029048910110723229 -0.0010325703547399221 -0.00010013220682074981 -0.0053809395467396826 -0.00193430438160985 0.0004557184629550837
leaf_weight=28 23 315 20 35 27 26 50 29 31 22 61 20 28 25 20 26 25 435 26 43 85 20 23 27 25 96 21 21 21 106
leaf_count=28 23 315 20 35 27 26 50 29 31 22 61 20 28 25 20 26 25 435 26 43 85 20 23 27 25 96 21 21 21 106
internal_value=-1.86369e-12 1.71046e-05 0.000604149 4.74836e-05 -0.000720269 -2.07808e-05 1.41036e-06 -8.48818e-05 0.0003898 -0.000270547 -0.000754144 0.00115796 0.00216046 -0.000178581 9.39296e-05 0.0018723 -0.000421345 -8.3907e-05 -0.000727702 0.00025541 0.000591897 0.00114565 -0.000589471 -0.000454735 0.000950475 -0.000685728 -0.00166013 -0.00247179 -0.00365762 -0.000251587
internal_weight=1760 1732 105 85 50 1627 1601 1286 212 114 92 98 48 1074 506 46 568 460 391 177 148 105 365 340 48 292 90 63 42 202
internal_count=1760 1732 105 85 50 1627 1601 1286 212 114 92 98 48 1074 506 46 568 460 391 177 148 105 365 340 48 292 90 63 42 202
is_linear=0
shrinkage=0.05


Tree=297
num_leaves=31
num_cat=0
split_feature=290 289 215 196 9 196 203 199 328 328 311 311 168 222 166 265 332 198 302 197 321 265 184 108 153 0 291 311 198 194
split_gain=0.0126985 0.0187236 0.0188706 0.019113 0.0308042 0.0161455 0.0283384 0.0218484 0.025963 0.0270619 0.0237192 0.038103 0.0243777 0.0299641 0.0309184 0.0265994 0.0379725 0.0343552 0.0332374 0.049485 0.0754757 0.0418465 0.0541643 0.0438981 0.087457 0.0419598 0.0404813 0.036157 0.0359085 0.032327
threshold=-0.099838902808241939 0.1052114023780539 -0.1142087567662048 -0.056746059500357812 0.022962142781820103 -0.039451968076942935 0.0001786110368541315 -0.052331499463621305 0.064275192165725442 0.051945507012387933 0.072439876102415326 0.063333988609710665 -0.034646520515245215 0.0048778016424419592 0.011275868768226656 -0.058655123287153076 0.0091442954558868476 -0.00089701943849116296 -0.022598389545849001 0.0040369639205241076 -0.013187802167885265 -0.046342079822329026 -0.00096248302656997266 0.04637982593261436 -0.016084063464120214 3.7726948748059121 -0.026722918472932018 -0.011456532980541551 -0.0043852578736358972 0.046456134353492162
decision_type=2 2 2 2 2 2 2 2 2 2 2 2 2 2 2 2 2 2 2 2 2 2 2 2 2 2 2 2 2 2
left_child=-1 2 -2 4 -4 6 -5 -7 9 10 11 12 13 14 -9 16 17 -14 19 27 -21 22 -20 25 -25 -23 -26 -17 -22 -27
right_child=1 -3 3 5 -6 7 -8 8 -10 -11 -12 -13 15 -15 -16 18 -18 -19 21 20 28 23 -24 24 26 29 -28 -29 -30 -31
leaf_value=-0.0010562930378780169 0.0012012089922791348 0.001466439772312614 -0.0022345874486491084 -0.00029443404281874583 0.00018011482898145915 -0.0012763938380350524 0.0020400230789583969 -0.0019229283881065419 0.0012786352099516454 -0.0015406598963228794 -0.0012149000679178594 0.0020996411225165834 -0.0012448415975086391 0.00035372060843986801 0.00033808128486963965 0.00091851817622747543 0.0028605467866873371 0.0014742199510622484 -0.0034504410311845799 0.0041967767999449282 -0.00031053149734936217 -0.0019711674191057681 9.9652236134385361e-05 0.0028005418839472298 -0.0019910200228332544 -6.030280276769131e-05 0.0004462298839201179 -0.00076542665762669489 0.0020492381865291724 -0.0018219766163922572
leaf_weight=28 32 22 25 26 28 34 26 54 39 29 39 22 21 44 21 56 20 26 21 20 38 32 22 38 20 733 115 74 28 27
leaf_count=28 32 22 25 26 28 34 26 54 39 29 39 22 21 44 21 56 20 26 21 20 38 32 22 38 20 733 115 74 28 27
internal_value=-3.15843e-13 1.70763e-05 -1.57045e-06 -2.45078e-05 -0.000958896 5.96758e-06 0.000872795 -2.26879e-05 5.00935e-06 -2.81049e-05 1.71431e-06 3.48484e-05 2.63174e-06 -0.00068214 -0.00128985 6.57517e-05 0.00103581 0.00025932 1.26524e-05 0.000575507 0.00150598 -0.000107959 -0.00163411 -3.99545e-05 0.000681599 -0.000197567 8.51558e-05 -4.0035e-05 0.000690583 -0.000122889
internal_weight=1760 1732 1710 1678 53 1625 52 1573 1539 1500 1471 1432 1410 119 75 1291 67 47 1224 216 86 1008 43 965 173 792 135 130 66 760
internal_count=1760 1732 1710 1678 53 1625 52 1573 1539 1500 1471 1432 1410 119 75 1291 67 47 1224 216 86 1008 43 965 173 792 135 130 66 760
is_linear=0
shrinkage=0.05


Tree=298
num_leaves=31
num_cat=0
split_feature=290 290 177 265 7 234 307 282 194 144 235 244 308 211 300 136 251 112 190 333 309 11 303 224 177 180 234 110 318 253
split_gain=0.0126877 0.042965 0.0600152 0.0483563 0.0347867 0.0375877 0.0372616 0.0357249 0.056011 0.0315385 0.0261234 0.0242192 0.0361303 0.0471256 0.0379651 0.0620574 0.0617386 0.0692712 0.0494958 0.0537628 0.0439724 0.0359083 0.0418748 0.0408763 0.0362103 0.0342766 0.0339956 0.0428354 0.0333685 0.0336978
threshold=-0.038622879390006228 -0.028547291247155899 -0.0016571550460345997 -0.0063269381731059131 0.038772314437832765 0.030843940325212933 -0.021531171067256185 0.029013414889721503 0.0092188438212446027 0.00090968665680980461 0.00043030376293621685 0.003269046450515253 -0.0031812007170535532 -0.16611115867353718 -0.0038323064915253297 -0.018961501062872994 0.0092287451700839764 0.00049792083805448291 0.0063909562727511851 -0.00010623545345952235 -0.022781890001665795 3.6480052921746666 -0.021893163271426656 0.023380504377380252 0.0054274757580227342 0.023308408671660584 0.024971430764764692 0.0083105643770819502 0.058265512399074439 0.0017554095760472139
decision_type=2 2 2 2 2 2 2 2 2 2 2 2 2 2 2 2 2 2 2 2 2 2 2 2 2 2 2 2 2 2
left_child=4 2 -2 -4 -1 6 9 8 10 -6 -8 28 21 -14 16 -16 18 -18 19 -15 -17 22 24 -23 -13 -22 27 -24 29 -3
right_child=1 11 3 -5 5 -7 7 -9 -10 -11 -12 12 13 14 15 20 17 -19 -20 -21 25 23 26 -25 -26 -27 -28 -29 -30 -31
leaf_value=-0.0023321754462085668 -0.00032446718159397802 0.00042459667137627907 0.0042583253316115588 0.00086133111670443963 0.0027375397061751711 -0.0016129331893721798 -0.0016525370445257673 -0.0017284830596455483 0.0023101428098490705 0.00029935254780058236 0.00026089649300874124 0.0026298258741874071 -0.0026722873488906774 -0.0012104831826873124 -0.0029724761967857682 -0.0018863955193565499 0.0036728796993636273 7.2157800519455446e-05 -0.0020580224505263485 0.0021391519900846659 0.00044763353231386509 0.00017557949458639469 -0.0020321458481607569 0.0022938017663869286 -0.00034288850380107764 -0.0017933958686799521 0.00058621502418934211 1.8891334010455151e-05 0.0019019094256994625 -0.00023373600899167683
leaf_weight=20 35 412 20 22 21 37 30 34 23 36 44 21 25 25 30 41 22 34 36 23 91 62 57 36 20 21 41 46 27 368
leaf_count=20 35 412 20 22 21 37 30 34 23 36 44 21 25 25 30 41 22 34 36 23 91 62 57 36 20 21 41 46 27 368
internal_value=2.06037e-12 5.3986e-05 0.00120467 0.00247895 -0.000333832 -0.000156201 0.000130496 -0.000333831 0.000155017 0.00119763 -0.00051482 -7.62908e-06 -0.000239685 -0.000580874 -0.000418999 -0.000893132 0.000200759 0.00148673 -0.000656552 0.00039455 -0.000485418 0.000179869 -0.000230054 0.000953702 0.00117972 2.74405e-05 -0.000631448 -0.00111615 0.000173817 0.000113999
internal_weight=1760 1515 77 42 245 225 188 131 97 57 74 1438 631 348 323 183 140 56 84 48 153 283 185 98 41 112 144 103 807 780
internal_count=1760 1515 77 42 245 225 188 131 97 57 74 1438 631 348 323 183 140 56 84 48 153 283 185 98 41 112 144 103 807 780
is_linear=0
shrinkage=0.05


Tree=299
num_leaves=31
num_cat=0
split_feature=224 143 312 108 153 211 299 124 272 189 219 129 8 8 167 242 175 82 113 326 325 325 137 206 153 232 297 300 282 150
split_gain=0.0121794 0.0408851 0.0268804 0.0222937 0.0640317 0.0642879 0.0438907 0.0394661 0.0545668 0.0444415 0.0322816 0.031332 0.0311826 0.0313453 0.0263586 0.0226165 0.0321253 0.0252464 0.02132 0.0403122 0.0236025 0.0699965 0.0809585 0.0672695 0.0352803 0.0475404 0.0474334 0.0422944 0.0413379 0.0381614
threshold=0.089057272137037555 0.01522281182628967 0.00037159272754447298 0.04637982593261436 -0.013242143201006166 -0.0083025658594361815 0.0027042512527787571 0.0060289149945057944 -0.010550793708769836 0.0045815600713705025 0.0030368360423539769 -0.003758459582811991 0.46805273833671407 0.34450549450549456 0.0077026213563362598 -0.095050297922416677 0.00078066625255146787 -0.46542859660670038 0.031119194679085988 0.012330367702877505 0.0073113391617234819 0.011725508768525862 -0.016552215597315928 0.0028863097870521198 -0.0082159903315965569 -0.01362539693603536 -0.021834670861021369 -0.039864157151487549 0.019741977183342446 0.013028500700845993
decision_type=2 2 2 2 2 2 2 2 2 2 2 2 2 2 2 2 2 2 2 2 2 2 2 2 2 2 2 2 2 2
left_child=3 2 -2 12 5 -5 -7 9 -9 11 -11 -6 13 15 -10 16 -1 -17 20 -20 -19 22 -22 -24 25 -23 -27 -26 -29 -28
right_child=1 -3 -4 4 7 6 -8 8 14 10 -12 -13 -14 -15 -16 17 -18 18 19 -21 21 24 23 -25 27 26 29 28 -30 -31
leaf_value=-0.0025782054347343679 0.0016819178173318506 -0.0020918374986524275 -0.00077737091947346936 0.0036861207112311744 0.00037665161187760537 -0.00064642509798808353 0.0023152060812042857 -0.002546813866744439 0.00090887947359685013 0.00085896955728954221 -0.0019165583918220365 0.0030825992074349651 -0.0019607096888302339 0.0015273333912773524 -0.0013201100524470565 0.001465428192334782 0.00022181436128448697 -0.00018292795822694112 2.303593552342671e-05 -0.0028059488971484826 -0.00084596058480780232 0.00084340668321159244 0.0012012314629451983 0.004867749818897045 -0.0012583218250625037 0.00040190517260082841 -0.0030456282443513997 0.00094361892932214226 -0.00050016082994475521 -0.00055966960028924339
leaf_weight=21 20 29 25 26 20 29 22 30 36 22 20 23 21 32 21 28 20 770 34 20 22 37 29 22 37 29 38 183 68 26
leaf_count=21 20 29 25 26 20 29 22 30 36 22 20 23 21 32 21 28 20 770 34 20 22 37 29 22 37 29 38 183 68 26
internal_value=2.47176e-12 -0.000627827 0.000315646 2.75559e-05 0.000464334 0.00166269 0.000631141 -7.21401e-05 -0.000820771 0.000694106 -0.00046271 0.00182402 -4.81281e-05 -1.97635e-05 8.76728e-05 -5.55345e-05 -0.00121234 -2.02188e-05 -5.18523e-05 -0.00102474 -1.01903e-05 0.000260702 0.00168925 0.00278287 1.12187e-05 -0.000672492 -0.00127559 0.000319838 0.000552475 -0.00203571
internal_weight=1760 74 45 1686 249 77 51 172 87 85 42 43 1437 1416 57 1384 41 1343 1315 54 1261 491 73 51 418 130 93 288 251 64
internal_count=1760 74 45 1686 249 77 51 172 87 85 42 43 1437 1416 57 1384 41 1343 1315 54 1261 491 73 51 418 130 93 288 251 64
is_linear=0
shrinkage=0.05


end of trees

feature_importances:
Column_1=109
Column_324=103
Column_325=88
Column_0=86
Column_290=79
Column_277=78
Column_330=73
Column_9=70
Column_283=70
Column_296=69
Column_210=66
Column_278=66
Column_222=62
Column_281=60
Column_117=59
Column_167=59
Column_215=59
Column_287=59
Column_91=57
Column_96=55
Column_257=55
Column_322=55
Column_81=53
Column_286=53
Column_180=51
Column_300=51
Column_336=50
Column_328=49
Column_153=48
Column_267=48
Column_280=48
Column_316=48
Column_192=47
Column_200=47
Column_182=46
Column_193=46
Column_313=46
Column_327=46
Column_177=45
Column_275=45
Column_307=45
Column_315=45
Column_86=44
Column_109=44
Column_297=44
Column_62=43
Column_179=43
Column_186=43
Column_190=43
Column_308=43
Column_244=42
Column_256=42
Column_273=42
Column_95=41
Column_209=41
Column_217=41
Column_248=41
Column_282=41
Column_130=40
Column_137=40
Column_143=40
Column_147=40
Column_261=40
Column_269=40
Column_279=40
Column_288=40
Column_293=40
Column_320=40
Column_333=40
Column_156=39
Column_199=39
Column_264=39
Column_312=39
Column_166=38
Column_191=38
Column_249=38
Column_254=38
Column_295=38
Column_301=38
Column_331=38
Column_94=37
Column_110=37
Column_163=37
Column_168=37
Column_265=37
Column_268=37
Column_319=37
Column_326=37
Column_106=36
Column_164=36
Column_178=36
Column_213=36
Column_238=36
Column_239=36
Column_259=36
Column_19=35
Column_127=35
Column_157=35
Column_173=35
Column_335=35
Column_7=34
Column_148=34
Column_165=34
Column_185=34
Column_198=34
Column_230=34
Column_251=34
Column_270=34
Column_299=34
Column_314=34
Column_92=33
Column_108=33
Column_194=33
Column_242=33
Column_271=33
Column_303=33
Column_11=32
Column_150=32
Column_170=32
Column_175=32
Column_203=32
Column_260=32
Column_294=32
Column_309=32
Column_323=32
Column_85=31
Column_125=31
Column_176=31
Column_219=31
Column_220=31
Column_224=31
Column_276=31
Column_305=31
Column_317=31
Column_8=30
Column_88=30
Column_90=30
Column_93=30
Column_114=30
Column_129=30
Column_172=30
Column_174=30
Column_216=30
Column_272=30
Column_311=30
Column_318=30
Column_155=29
Column_241=29
Column_243=29
Column_245=29
Column_289=29
Column_321=29
Column_329=29
Column_111=28
Column_112=28
Column_126=28
Column_128=28
Column_136=28
Column_169=28
Column_181=28
Column_201=28
Column_218=28
Column_252=28
Column_285=28
Column_334=28
Column_56=27
Column_113=27
Column_116=27
Column_119=27
Column_131=27
Column_141=27
Column_158=27
Column_160=27
Column_195=27
Column_332=27
Column_107=26
Column_171=26
Column_232=26
Column_233=26
Column_246=26
Column_292=26
Column_306=26
Column_138=25
Column_145=25
Column_196=25
Column_202=25
Column_206=25
Column_223=25
Column_250=25
Column_298=25
Column_89=24
Column_122=24
Column_154=24
Column_189=24
Column_226=24
Column_229=24
Column_284=24
Column_302=24
Column_304=24
Column_123=23
Column_162=23
Column_205=23
Column_236=23
Column_237=23
Column_253=23
Column_97=22
Column_105=22
Column_151=22
Column_161=22
Column_214=22
Column_231=22
Column_266=22
Column_310=22
Column_118=21
Column_124=21
Column_133=21
Column_135=21
Column_144=21
Column_204=21
Column_207=21
Column_234=21
Column_247=21
Column_274=21
Column_82=20
Column_87=20
Column_120=20
Column_121=20
Column_139=20
Column_140=20
Column_149=20
Column_152=20
Column_183=20
Column_187=20
Column_211=20
Column_225=20
Column_235=20
Column_83=19
Column_84=19
Column_98=19
Column_99=19
Column_101=19
Column_102=19
Column_104=19
Column_134=19
Column_159=19
Column_184=19
Column_188=19
Column_212=19
Column_255=19
Column_52=18
Column_142=18
Column_197=18
Column_258=18
Column_262=18
Column_115=17
Column_263=17
Column_208=16
Column_221=16
Column_227=16
Column_240=16
Column_291=15
Column_100=14
Column_132=14
Column_146=13
Column_4=12
Column_103=12
Column_61=11
Column_67=11
Column_2=10
Column_10=8
Column_228=7
Column_50=4
Column_5=3
Column_47=3
Column_54=3
Column_21=2
Column_49=2
Column_51=2
Column_53=2
Column_80=2
Column_55=1
Column_68=1

parameters:
[boosting: gbdt]
[objective: regression]
[metric: l2]
[tree_learner: serial]
[device_type: cpu]
[data_sample_strategy: bagging]
[data: ]
[valid: ]
[num_iterations: 300]
[learning_rate: 0.05]
[num_leaves: 31]
[num_threads: 4]
[seed: 42]
[deterministic: 1]
[force_col_wise: 1]
[force_row_wise: 0]
[histogram_pool_size: -1]
[max_depth: -1]
[min_data_in_leaf: 20]
[min_sum_hessian_in_leaf: 0.001]
[bagging_fraction: 1]
[pos_bagging_fraction: 1]
[neg_bagging_fraction: 1]
[bagging_freq: 0]
[bagging_seed: 400]
[bagging_by_query: 0]
[feature_fraction: 1]
[feature_fraction_bynode: 1]
[feature_fraction_seed: 30056]
[extra_trees: 0]
[extra_seed: 12879]
[early_stopping_round: 0]
[early_stopping_min_delta: 0]
[first_metric_only: 0]
[max_delta_step: 0]
[lambda_l1: 0]
[lambda_l2: 0]
[linear_lambda: 0]
[min_gain_to_split: 0]
[drop_rate: 0.1]
[max_drop: 50]
[skip_drop: 0.5]
[xgboost_dart_mode: 0]
[uniform_drop: 0]
[drop_seed: 17869]
[top_rate: 0.2]
[other_rate: 0.1]
[min_data_per_group: 100]
[max_cat_threshold: 32]
[cat_l2: 10]
[cat_smooth: 10]
[max_cat_to_onehot: 4]
[top_k: 20]
[monotone_constraints: ]
[monotone_constraints_method: basic]
[monotone_penalty: 0]
[feature_contri: ]
[forcedsplits_filename: ]
[refit_decay_rate: 0.9]
[cegb_tradeoff: 1]
[cegb_penalty_split: 0]
[cegb_penalty_feature_lazy: ]
[cegb_penalty_feature_coupled: ]
[path_smooth: 0]
[interaction_constraints: ]
[verbosity: -1]
[saved_feature_importance_type: 0]
[use_quantized_grad: 0]
[num_grad_quant_bins: 4]
[quant_train_renew_leaf: 0]
[stochastic_rounding: 1]
[linear_tree: 0]
[max_bin: 255]
[max_bin_by_feature: ]
[min_data_in_bin: 3]
[bin_construct_sample_cnt: 200000]
[data_random_seed: 175]
[is_enable_sparse: 1]
[enable_bundle: 1]
[use_missing: 1]
[zero_as_missing: 0]
[feature_pre_filter: 1]
[pre_partition: 0]
[two_round: 0]
[header: 0]
[label_column: ]
[weight_column: ]
[group_column: ]
[ignore_column: ]
[categorical_feature: ]
[forcedbins_filename: ]
[precise_float_parser: 0]
[parser_config_file: ]
[objective_seed: 16083]
[num_class: 1]
[is_unbalance: 0]
[scale_pos_weight: 1]
[sigmoid: 1]
[boost_from_average: 1]
[reg_sqrt: 0]
[alpha: 0.9]
[fair_c: 1]
[poisson_max_delta_step: 0.7]
[tweedie_variance_power: 1.5]
[lambdarank_truncation_level: 30]
[lambdarank_norm: 1]
[label_gain: ]
[lambdarank_position_bias_regularization: 0]
[eval_at: ]
[multi_error_top_k: 1]
[auc_mu_weights: ]
[num_machines: 1]
[local_listen_port: 12400]
[time_out: 120]
[machine_list_filename: ]
[machines: ]
[gpu_platform_id: -1]
[gpu_device_id: -1]
[gpu_device_id_list: ]
[gpu_use_dp: 0]
[num_gpu: 1]

end of parameters

pandas_categorical:null
