tree
version=v4
num_class=1
num_tree_per_iteration=1
label_index=0
max_feature_idx=336
objective=regression
feature_names=Column_0 Column_1 Column_2 Column_3 Column_4 Column_5 Column_6 Column_7 Column_8 Column_9 Column_10 Column_11 Column_12 Column_13 Column_14 Column_15 Column_16 Column_17 Column_18 Column_19 Column_20 Column_21 Column_22 Column_23 Column_24 Column_25 Column_26 Column_27 Column_28 Column_29 Column_30 Column_31 Column_32 Column_33 Column_34 Column_35 Column_36 Column_37 Column_38 Column_39 Column_40 Column_41 Column_42 Column_43 Column_44 Column_45 Column_46 Column_47 Column_48 Column_49 Column_50 Column_51 Column_52 Column_53 Column_54 Column_55 Column_56 Column_57 Column_58 Column_59 Column_60 Column_61 Column_62 Column_63 Column_64 Column_65 Column_66 Column_67 Column_68 Column_69 Column_70 Column_71 Column_72 Column_73 Column_74 Column_75 Column_76 Column_77 Column_78 Column_79 Column_80 Column_81 Column_82 Column_83 Column_84 Column_85 Column_86 Column_87 Column_88 Column_89 Column_90 Column_91 Column_92 Column_93 Column_94 Column_95 Column_96 Column_97 Column_98 Column_99 Column_100 Column_101 Column_102 Column_103 Column_104 Column_105 Column_106 Column_107 Column_108 Column_109 Column_110 Column_111 Column_112 Column_113 Column_114 Column_115 Column_116 Column_117 Column_118 Column_119 Column_120 Column_121 Column_122 Column_123 Column_124 Column_125 Column_126 Column_127 Column_128 Column_129 Column_130 Column_131 Column_132 Column_133 Column_134 Column_135 Column_136 Column_137 Column_138 Column_139 Column_140 Column_141 Column_142 Column_143 Column_144 Column_145 Column_146 Column_147 Column_148 Column_149 Column_150 Column_151 Column_152 Column_153 Column_154 Column_155 Column_156 Column_157 Column_158 Column_159 Column_160 Column_161 Column_162 Column_163 Column_164 Column_165 Column_166 Column_167 Column_168 Column_169 Column_170 Column_171 Column_172 Column_173 Column_174 Column_175 Column_176 Column_177 Column_178 Column_179 Column_180 Column_181 Column_182 Column_183 Column_184 Column_185 Column_186 Column_187 Column_188 Column_189 Column_190 Column_191 Column_192 Column_193 Column_194 Column_195 Column_196 Column_197 Column_198 Column_199 Column_200 Column_201 Column_202 Column_203 Column_204 Column_205 Column_206 Column_207 Column_208 Column_209 Column_210 Column_211 Column_212 Column_213 Column_214 Column_215 Column_216 Column_217 Column_218 Column_219 Column_220 Column_221 Column_222 Column_223 Column_224 Column_225 Column_226 Column_227 Column_228 Column_229 Column_230 Column_231 Column_232 Column_233 Column_234 Column_235 Column_236 Column_237 Column_238 Column_239 Column_240 Column_241 Column_242 Column_243 Column_244 Column_245 Column_246 Column_247 Column_248 Column_249 Column_250 Column_251 Column_252 Column_253 Column_254 Column_255 Column_256 Column_257 Column_258 Column_259 Column_260 Column_261 Column_262 Column_263 Column_264 Column_265 Column_266 Column_267 Column_268 Column_269 Column_270 Column_271 Column_272 Column_273 Column_274 Column_275 Column_276 Column_277 Column_278 Column_279 Column_280 Column_281 Column_282 Column_283 Column_284 Column_285 Column_286 Column_287 Column_288 Column_289 Column_290 Column_291 Column_292 Column_293 Column_294 Column_295 Column_296 Column_297 Column_298 Column_299 Column_300 Column_301 Column_302 Column_303 Column_304 Column_305 Column_306 Column_307 Column_308 Column_309 Column_310 Column_311 Column_312 Column_313 Column_314 Column_315 Column_316 Column_317 Column_318 Column_319 Column_320 Column_321 Column_322 Column_323 Column_324 Column_325 Column_326 Column_327 Column_328 Column_329 Column_330 Column_331 Column_332 Column_333 Column_334 Column_335 Column_336
feature_infos=[2.6390573296152584:11.151467672855061] [1.6094379124341003:9.2677598628436684] [0.69314718055994529:6.692083742506628] none [0.69314718055994529:7.2093402566029097] [0:6.7912214627261855] [0:0.70930232558139539] [0:0.87128712871287128] [0:0.89473684210526316] [0:0.36781609195402298] [0:0.59999999999999998] [1.076086956521739:6.3571428571428568] [0:1] [0:1] [0:1] [0.00018571428571428572:0.99521428571428572] [0.06964623588996019:1.2435523125873147] none none [3:94] [0:1] [0:1] none none none none none none none none none none none none none none none none none none none none none none none none none [0:2.7080502011022101] none [0:2.3978952727983707] [0:4.219507705176107] [0:3.2580965380214821] [0:3.912023005428146] [0:1.9459101490553132] [0:1.9459101490553132] [0:2.4849066497880004] [0:3.0910424533583161] none none none none [0:7.6463537224459994] [0:1.6094379124341003] [0:2.8332133440562162] none [0:2.1972245773362196] none [0:4.5643481914678361] [0:3.0910424533583161] [0:1.0986122886681098] none [0:2.4849066497880004] [0:2.7725887222397811] [0:1.6094379124341003] none none none [0:3.4011973816621555] none [0:0.69314718055994529] [0:1.6094379124341003] [-0.83718011123231773:-0.096126464043361434] [-0.48768947341389235:0.65292774413704657] [-0.47465585475165384:0.44308320932525574] [-0.5633914865669124:0.48659167805718295] [-0.46425387854847094:0.40480475189761039] [-0.50947907324942732:0.37720831011682493] [-0.64064944999282747:0.22381868527659973] [-0.36665502801998384:0.38434868017919682] [-0.2868233118747423:0.5660099507391505] [-0.53840450666518858:0.46777429984411401] [-0.39552677813117976:0.25710451740523815] [-0.38106001024828035:0.41888882966754265] [-0.68702685043348566:0.14644660200273663] [-0.41854130986994925:0.2712536966192825] [-0.38953509441468015:0.28052180390621495] [-0.71381912188145769:0.20389781296247814] [-0.26961497078111873:0.56828893082118437] [-0.57287956940492324:0.23088470673663225] [-0.21161347590589974:0.27159748376358933] [-0.24743244048901814:0.24978295209923609] [-0.26737125090496883:0.51503209900233349] [-0.27694347255475138:0.25335980387158741] [-0.27888111746340244:0.24598388548329761] [-0.24362891767062017:0.20936602224500767] [-0.17296369727773417:0.23382208252318945] [-0.25252572776984528:0.2507244858093946] [-0.26393804542164928:0.24024573894563947] [-0.18226181652875584:0.28203433453792076] [-0.26889675527464557:0.19252414270207688] [-0.24186993356330827:0.20585442307067126] [-0.2304815901224975:0.23195786540122046] [-0.20736991814750119:0.16522226111450369] [-0.35990674637440784:0.33025588550692564] [-0.11406060543001521:0.44862105959583909] [-0.15411617040777795:0.18477967799909653] [-0.16282139910569315:0.15986384057212674] [-0.21906647444211874:0.18251823701834738] [-0.25333871893487214:0.33827069278414357] [-0.28479668941699032:0.2502599760735475] [-0.24110872859270058:0.16795878455553614] [-0.16856034725961952:0.18072679352592472] [-0.16171896580087461:0.16843523415122155] [-0.19842551719403065:0.17800629399241766] [-0.3678877701850391:0.19798066235064399] [-0.22146471431919618:0.19638134497825016] [-0.23313289982233723:0.21059044956059603] [-0.19483256481867586:0.17927482717788448] [-0.20294134058433452:0.20768142757041047] [-0.1845309584276901:0.15029511642329771] [-0.13362430601749017:0.26231557500423586] [-0.24778944206793618:0.33322839646146879] [-0.14235461977476971:0.15005904666569886] [-0.21947296631454252:0.15020216914881768] [-0.22911431583211123:0.30066212628613181] [-0.2460366072028366:0.20895996091666391] [-0.19063629510096503:0.21162293557957981] [-0.20599408812757442:0.17633876662606263] [-0.23340582900372867:0.20088096246649556] [-0.28505342007403367:0.19137919299526054] [-0.18270320492440245:0.18932849492282128] [-0.19813797637881866:0.2063778455519005] [-0.17242671776818796:0.18764558110023999] [-0.15941406935317973:0.23748543014593884] [-0.29572835535836722:0.14310190147903151] [-0.19042316444043417:0.17843939977593171] [-0.23325105703864815:0.1819678721089443] [-0.16734325182526105:0.20562950144659906] [-0.18380853936758101:0.30168843457069255] [-0.1388325216566052:0.18755532088413088] [-0.1846647666411233:0.23504146677792026] [-0.17135313392730492:0.18083241820422782] [-0.14648585027260244:0.16224420367064665] [-0.22663775416636389:0.16275794739923438] [-0.15609958479664915:0.17724748656111936] [-0.16841227193605174:0.15758666390654094] [-0.13843599827652048:0.19762142041552605] [-0.17682979783167219:0.24703355548507105] [-0.13384972206396428:0.21413643077076544] [-0.13571910804974166:0.20436035480835615] [-0.17225228479171409:0.10482638720454188] [-0.25614624434432132:0.13742514969070183] [-0.15468421960406714:0.15336275013970133] [-0.14352966315557653:0.15349079028729967] [-0.14779021897368719:0.15289836828485134] [-0.17633287701762834:0.13015895065404595] [-0.13187331959104343:0.1387169462874889] [-0.13371685420710885:0.12417156557745984] [-0.12930332650344412:0.14985726061633417] [-0.20496075444712233:0.13364859415812316] [-0.27247174692434206:0.15168523566312239] [-0.1391290126691955:0.10833741970440472] [-0.18924864245028852:0.14530298956576343] [-0.14063993148864032:0.13331194807536156] [-0.18899693698528017:0.11220064445469906] [-0.15052233571678594:0.11352685174425238] [-0.155961046175568:0.10960664825555663] [-0.17003784584306547:0.19539754027129261] [-0.17360219559593937:0.14139704133577069] [-0.13338674171643275:0.16599792994218707] [-0.18894116914263329:0.28078958325401171] [-0.13502322115321092:0.11653621180497643] [-0.1101842551162406:0.19431945395372568] [-0.11957196781663734:0.13144134497620491] [-0.16161328534474914:0.14715815789871103] [-0.132709274418392:0.16959700475933931] [-0.26627542946400395:0.17617585900598567] [-0.12034222991595213:0.21148615559081702] [-0.22296158028680657:0.18911189037235948] [-0.1269989028780148:0.1721374326279734] [-0.15358952725024044:0.1946115839461168] [-0.14390945718834669:0.12935150779968146] [-0.14499538976441878:0.23492051972655126] [-0.16093554680653235:0.13338215203772338] [-0.12829888425840444:0.13090896100773092] [-0.12700676774331854:0.14113313565559271] [-0.12401818534264235:0.16990371568066073] [-0.13436897122834179:0.15945102644318554] [-0.21299078077598491:0.16282522867969712] [-0.17918598117542267:0.17395095100701918] [-0.14596247772993184:0.14495911333875039] [-0.19315253066119253:0.10275897540829478] [-0.16265433849942834:0.20942567168730389] [-0.12730478377072191:0.14594409823810506] [-0.189010911509679:0.14993132914545468] [-0.15164302346234335:0.14488773810952435] [-0.14261574877139616:0.15223572980981076] [-0.18858389607841622:0.16968776814090789] [-0.12736251894781231:0.14364145765130942] [-0.016591501578839939:0.89352733093374903] [-0.73764436538032474:0.025504154146733411] [-0.26080794133088187:0.74458704616705196] [-0.24695489922389896:0.65511200728171481] [-0.4312982103783411:0.39504610365154164] [-0.14877649010973418:0.44951258096508157] [-0.16216456683975169:0.6967115555494664] [-0.61747928246984074:0.24482180563233999] [-0.33945036493120667:0.40972419291029982] [-0.35493429560288381:0.47285551191571101] [-0.13609676841870688:0.36983873977796028] [-0.31089308293396134:0.3374490523721107] [-0.16974723959573484:0.38321333064413016] [-0.70407974924786587:0.27008321191640705] [-0.18511560505461702:0.45969130065952363] [-0.27300774021692736:0.51375964820720788] [-0.25282963091957877:0.2920512300771349] [-0.33815651665825225:0.36679480755197341] [-0.24745747812034671:0.38768984357788483] [-0.35114005682997068:0.25709768435093511] [-0.38529733634886831:0.16112857809962625] [-0.30458481258427117:0.33857957959557849] [-0.31587303388611188:0.24497880602649727] [-0.21815828614530924:0.53972658007878094] [-0.1846893341334794:0.2784441724000154] [-0.32441828446256205:0.27479583535629531] [-0.33316919452077565:0.19843001905089777] [-0.19171312500438425:0.29515253121067436] [-0.1840208293823368:0.23052258030116624] [-0.19881297035746576:0.29509533687199241] [-0.30087802510302647:0.30873907563854786] [-0.37775450104114616:0.24985339812341431] [-0.228393129611626:0.30364171552494695] [-0.36259936920885388:0.16201611672426772] [-0.22538528542026406:0.31544097284873873] [-0.34134536756050571:0.19413214832899295] [-0.2101405099833937:0.21786317297567043] [-0.27167621660915958:0.16635083887157628] [-0.19863112137296116:0.2524129589831321] [-0.24487900021726222:0.25036574218396607] [-0.29179544674325519:0.28582430504305634] [-0.1910586059560522:0.19731847749444084] [-0.15336505935819919:0.25343435710083462] [-0.26768677447831624:0.22107907703986421] [-0.26745193050204719:0.20902123127108313] [-0.20786687162555006:0.21189369435341934] [-0.19435436382794838:0.19758108259870499] [-0.23006775926384393:0.20361242831908885] [-0.27338631875387487:0.22245808929328537] [-0.2182272519734012:0.20159869688016901] [-0.22122289509430521:0.20020563725571355] [-0.18121765262294828:0.16442142911026797] [-0.24854497273237783:0.17936704284353991] [-0.20721197224122934:0.2264353087596683] [-0.1530393356973456:0.16589787562041025] [-0.17730942912055137:0.28523414046661794] [-0.21299637240901251:0.20178101703142332] [-0.18502759439204472:0.1387218863345068] [-0.25216821407071133:0.20640411457753513] [-0.21786579118427352:0.19324722634790978] [-0.17802072505294458:0.18324506779129149] [-0.24461582278445609:0.1869403866397204] [-0.18627190960544454:0.23297303867731223] [-0.16221631924744742:0.26538806055265207] [-0.18132214554291068:0.19950094362197712] [-0.20912553317539662:0.18354015739756699] [-0.17107109994479286:0.14922905413970011] [-0.16404055058029349:0.14447947763238272] [-0.17874270773981329:0.18766154035764226] [-0.17519843566460624:0.17070650543376992] [-0.20197439652984486:0.17531071535693302] [-0.20241381550538856:0.14064084567756302] [-0.2561301079141633:0.15807903235117648] [-0.14840357822061973:0.17297430959080906] [-0.13835525213092181:0.19618136517746992] [-0.19512561736738021:0.20540135401378035] [-0.17107367382501129:0.2273498684204007] [-0.13182548397759647:0.1752061169390533] [-0.15574483407469811:0.15208191831281925] [-0.1663561994865779:0.25607779897261085] [-0.14719215426367602:0.17265139705651017] [-0.1625022941068581:0.15934761549299467] [-0.13004280951383621:0.16438062717549487] [-0.1593020884014133:0.15050714058530276] [-0.13650624332802344:0.18717363207036528] [-0.13941415532467613:0.16826507315380418] [-0.16956432882570385:0.18631803943307768] [-0.14321477796401941:0.16938483205060428] [-0.16404630786663413:0.20131530470662748] [-0.18440926213337422:0.19672748010946531] [-0.24331609771608786:0.18915320190153556] [-0.20241566073327266:0.16023224287981369] [-0.16600279269802293:0.16106334562921412] [-0.18676346265338006:0.19981830321958802] [-0.17618186918144246:0.1769484055803752] [-0.16718337229836486:0.15126135319165335] [-0.20807145053181469:0.16550183106459401] [-0.14717851914383279:0.15128045656377573] [-0.25215045997629387:0.1248082220239673] [-0.14823780312436752:0.1926312589870077] [-0.17207387336020735:0.15450345045308397] [-0.15638800699923019:0.19040279931735274] [-0.12544984088798714:0.18602801288599374] [-0.21480851843480336:0.1937449010648554] [-0.13116201892714799:0.17430017729887956] [-0.13866733650282459:0.1905033109028296] [-0.13176251472463127:0.15093889223749832] [-0.12268203586196218:0.14035086449181336] [-0.16476769628671578:0.1610839554016181] [-0.13124328010193378:0.1713688191520138] [-0.11564627247004036:0.15102156308156542] [-0.13347845440916389:0.13353204918616593] [-0.20573416741608494:0.14313624692473129] [-0.26752995325199186:0.12231797972318484] [-0.11400244959141995:0.16213494402172032] [-0.14643287692090126:0.14583300267128471] [-0.15587851621681523:0.14893766517477466] [-0.17388264841231463:0.12198916151675203] [-0.20385907142143556:0.17409956014041039] [-0.1331005057011386:0.1768934106600322] [-0.17077358220527158:0.12197748455433617] [-0.13430499128785603:0.13942766698836478] [-0.1781347365260334:0.17819186947007867] [-0.12634533068640993:0.15150015471178335] [-0.12730529547159963:0.12929718226744077] [-0.12514459118577889:0.19883086368104927] [-0.11181800634676768:0.12666304765376121] [-0.14293758496770664:0.13185611849321024]
tree_sizes=2766 2913 2899 2905 2912 2913 2923 2916 2915 2920 2919 2924 2928 2920 2934 2934 2940 2931 2942 2935 2936 2954 2935 2941 2944 2945 2939 2953 2959 2967 2964 2969 2970 2960 2955 2973 2962 2979 2966 2969 2970 2964 2975 2970 2976 2974 2972 2984 2973 2961 2975 3002 2982 2979 2988 2998 2998 2984 2990 2996 2974 2979 3005 2992 3000 2999 2985 2991 2983 2991 3005 2996 2982 3002 3019 3004 3001 2985 2988 3002 2997 2996 3001 3002 3006 2994 2986 2993 3008 2994 3017 3002 2984 2990 3000 3003 2997 3001 2995 3016 3006 3014 3029 3001 3007 3012 3009 3011 3008 3020 3001 3013 3027 3002 3019 3014 3012 3030 3009 3017 3013 3020 3020 3036 3028 3001 3025 3015 3025 3030 3035 3035 3008 3020 3025 3015 3028 3027 3024 3033 3051 3036 3016 3031 3020 3033 3008 3023 3036 3038 3046 3037 3039 3016 3023 3035 3039 3032 3042 3025 3010 3043 3032 3028 3046 3010 3028 3039 3040 3022 3043 3040 3030 3021 3020 3031 3022 3031 3067 3028 3023 3019 3044 3033 3030 3042 3042 3048 3040 3030 3057 3045 3028 3034 3048 3039 3036 3037 3020 3029 3043 3047 3054 3026 3041 3032 3037 3007 3047 3048 3036 3027 3043 3056 3061 3056 3039 3022 3050 3075 3051 3055 3032 3037 3038 3039 3053 3053 3053 3056 3039 3018 3027 3051 3028 3033 3049 3043 3043 3059 3056 3054 3048 3043 3060 3057 3057 3040 3045 3050 3054 3082 3053 3054 3069 3043 3087 3073 3078 3064 3078 3063 3083 3039 3080 3070 3052 3049 3080 3061 3067 3056 3067 3068 3058 3073 3082 3073 3067 3072 3078 3063 3054 3082 3080 3086 3076 3071 3064 3077 3063 3081 3070 3073 3086 3079 3080 3077 3076 3076

Tree=0
num_leaves=31
num_cat=0
split_feature=215 61 82 127 246 177 9 217 239 114 190 263 243 1 328 297 156 283 168 194 315 298 307 295 335 273 84 96 287 303
split_gain=17.8992 16.952 7.00119 4.06129 3.65288 3.20381 2.98792 2.91835 5.07222 1.99864 2.59328 1.82705 1.68876 1.6667 1.63835 1.60672 3.00462 1.51917 2.27947 1.93548 1.88575 1.58231 1.28333 1.14747 1.60301 3.15005 1.06066 0.995569 0.794275 0.758611
threshold=0.046425646292876176 2.8617925509761908 -0.22215232398938251 -0.00023561585049542476 -0.052155648921357593 0.010914875162198875 0.045231870879745402 0.12682828958325462 0.0065603190009519913 -0.064360764275375668 0.0016831360564955632 -0.023538615053513113 0.09504498070717797 5.1386965958682636 -0.017977772128815885 0.064260091724807303 0.002186764762461288 0.0047029158941934756 -0.007940874907955954 0.0038260285321589276 0.0013689237703783377 0.0024981924948663343 -0.0021700304392056904 0.017166126458699266 -0.032933267579075214 -0.027755930535415009 -0.47391016161452931 -0.0093163179639441131 0.010901425690528118 -0.059773821895163892
decision_type=2 2 2 2 2 2 2 2 2 2 2 2 2 2 2 2 2 2 2 2 2 2 2 2 2 2 2 2 2 2
left_child=1 2 3 4 -1 11 13 9 -9 10 -4 -3 14 -6 -5 23 -17 18 -13 21 -19 -20 -2 26 25 -25 -11 -16 -27 -26
right_child=22 5 7 12 6 -7 -8 8 -10 15 -12 17 -14 -15 27 16 -18 20 19 -21 -22 -23 -24 24 29 28 -28 -29 -30 -31
leaf_value=0.78558147042946036 0.78856534150175073 0.80695243793105453 0.81780447136802159 0.80509311889458179 0.81518298801492883 0.81325284100814976 0.78924715952439739 0.78535105572182895 0.81761706505776577 0.80899637558243487 0.79379261406985191 0.81231534109196879 0.79947443211620506 0.79844629363967223 0.80731534112922165 0.81879261364087919 0.79606534132694862 0.775610796158964 0.79038352326235983 0.78206534158370711 0.79517248423116937 0.80981534112922171 0.77106534161350948 0.79346117466744603 0.80731534112922165 0.82064867420178467 0.81875381886989906 0.81966084651154325 0.80797010302156602 0.81744289196184483
leaf_weight=31 20 31 23 36 51 32 22 21 29 29 22 20 22 21 20 33 26 22 22 25 28 20 22 24 20 30 703 89 21 245
leaf_count=31 20 31 23 36 51 32 22 21 29 29 22 20 22 21 20 33 26 22 22 25 28 20 22 24 20 30 703 89 21 245
internal_value=0.811648 0.812436 0.814239 0.807281 0.800465 0.798753 0.805374 0.815896 0.804065 0.816399 0.806065 0.795991 0.812383 0.810301 0.814341 0.81681 0.808777 0.793511 0.797502 0.79308 0.786565 0.799637 0.779399 0.817252 0.814852 0.808399 0.818367 0.817396 0.815428 0.816679
internal_weight=1760 1718 1518 292 125 200 94 1226 50 1176 45 168 167 72 145 1131 59 137 87 67 50 42 42 1072 340 75 732 109 51 265
internal_count=1760 1718 1518 292 125 200 94 1226 50 1176 45 168 167 72 145 1131 59 137 87 67 50 42 42 1072 340 75 732 109 51 265
is_linear=0
shrinkage=1


Tree=1
num_leaves=31
num_cat=0
split_feature=215 61 82 127 246 177 82 218 251 140 86 202 207 85 243 328 232 275 308 239 307 4 332 115 225 118 202 324 324 82
split_gain=16.154 15.2992 6.31857 3.66532 3.29673 2.89144 2.80135 2.67616 2.45415 2.14376 1.69778 1.95323 1.74259 1.55286 1.5241 1.47861 1.43807 1.2806 1.26053 1.30714 1.15821 1.15111 0.991366 0.934373 0.724384 0.670484 0.633871 1.20331 1.85697 1.46402
threshold=0.046425646292876176 2.8617925509761908 -0.22215232398938251 -0.00023561585049542476 -0.052155648921357593 0.010914875162198875 -0.26475519802053571 0.031709489356216917 -0.030976061044957971 0.068271979171172212 0.1181695739608606 -0.0053639389309678371 0.0012556077061130389 -0.41851641313862648 0.09504498070717797 -0.017977772128815885 -0.025373667539013232 0.0092747023491996459 -0.086525984251513893 -0.11144279803826522 -0.0021700304392056904 6.7411100271291398 0.0029830242364484076 -0.026904138094832903 -0.01182167022489323 -0.011275943035907727 0.0057474041319609511 -0.0049119016340669142 -0.0092353793012234734 -0.06097595736710542
decision_type=2 2 2 2 2 2 2 2 2 2 2 2 2 2 2 2 2 2 2 2 2 2 2 2 2 2 2 2 2 2
left_child=1 2 3 4 -1 10 13 9 -9 18 11 -3 22 -6 15 -5 -10 -14 -4 -20 -2 -12 -13 -17 -15 -18 -21 28 29 -28
right_child=20 5 7 14 6 -7 -8 8 16 -11 21 12 17 24 -16 23 25 -19 19 26 -22 -23 -24 -25 -26 -27 27 -29 -30 -31
leaf_value=-0.024762944444533318 -0.021928266882896424 -0.0053803668469190602 -0.0056838626563549049 -0.0062268781993124224 -0.01125704860687256 0.0015248579904437066 -0.021575264903632079 -0.013186796976102366 -0.0089079154310403048 -0.006690443483622451 0.0024232461303472521 -0.034579807290664087 -0.0087909644526062598 -0.0030457866191864018 -0.011564630405469374 -0.0032515640060106913 -0.0027608200907707214 -0.024824964478611947 -0.0063682581890713089 0.0069315194240270692 -0.03855326771736145 -0.01381855852281054 -0.019772905744612219 0.0079203699704478766 0.0095089141969327586 0.0063809347076293757 -0.0057277731065239227 0.0068173709412660509 -0.01325168378651142 0.0061538547798991212
leaf_weight=31 20 25 25 36 25 32 22 37 27 38 20 26 33 20 22 24 27 20 22 614 22 24 20 85 27 78 35 203 20 100
leaf_count=31 20 25 25 36 25 32 22 37 27 38 20 26 33 20 22 24 27 20 22 614 22 24 20 85 27 78 35 203 20 100
internal_value=-8.8899e-11 0.000748974 0.00246164 -0.0041483 -0.0106233 -0.0122501 -0.00596018 0.00403595 -0.00180624 0.00497003 -0.014874 -0.0178681 -0.0210216 -0.00118891 0.00069823 0.0025588 0.00138377 -0.0148415 0.00540487 0.00568376 -0.0306366 -0.00643592 -0.028142 0.00546049 0.00416649 0.0040302 0.00595654 0.00428437 0.000966966 0.00307343
internal_weight=1760 1718 1518 292 125 200 94 1226 169 1057 168 124 99 72 167 145 132 53 1019 994 42 44 46 109 47 105 972 358 155 135
internal_count=1760 1718 1518 292 125 200 94 1226 169 1057 168 124 99 72 167 145 132 53 1019 994 42 44 46 109 47 105 972 358 155 135
is_linear=0
shrinkage=0.05


Tree=2
num_leaves=31
num_cat=0
split_feature=215 2 85 90 9 188 122 333 241 276 9 201 335 88 19 104 0 94 256 280 7 304 246 2 84 253 175 98 167 166
split_gain=14.579 13.9933 6.22411 3.65044 3.1778 3.4823 3.53383 3.465 2.64081 2.59852 1.80072 1.72426 1.66311 1.57059 1.52102 1.4643 1.33251 1.22876 1.13324 1.11452 1.07744 0.970115 0.789804 0.779469 0.690646 0.703049 0.689551 0.654341 0.915079 1.37642
threshold=0.046425646292876176 5.033058237992174 -0.04166941054749633 -0.30197436243001147 0.021030517470145959 -0.0034234453818551328 -0.004983025651069662 -0.010133357362517406 -0.085043274470154348 0.020411922819562316 0.028076626817008562 0.0029459312541681494 0.0074034655212696114 -0.22917640052288149 7.5227272727272743 0.030190471761823608 5.6954128126540526 0.0382029827923554 0.074128519689634603 -0.0016082026029306631 0.031209415584415586 0.0024753035045193086 0.081041802317006986 3.0677824455408698 -0.22569398238680249 0.01616967439597258 0.032435626921955833 -0.00076360561262238575 -0.0013172071176589747 -0.0064928010650307866
decision_type=2 2 2 2 2 2 2 2 2 2 2 2 2 2 2 2 2 2 2 2 2 2 2 2 2 2 2 2 2 2
left_child=1 2 3 -1 16 6 7 -6 -7 11 12 -8 19 -4 -9 17 18 23 26 -3 -2 -12 24 -10 25 -15 -5 28 29 -26
right_child=20 10 13 4 5 8 9 14 15 -11 21 -13 -14 22 -16 -17 -18 -19 -20 -21 -22 -23 -24 -25 27 -27 -28 -29 -30 -31
leaf_value=-0.017144780499594555 -0.037113103270530703 -0.019243963834430493 -0.0080057997742424836 0.0059915340831901281 -0.00059662674638358032 -0.016997372396290303 -0.0064912523142993455 -0.033870257825955104 0.0071416942212055986 -0.018375560939311981 0.0010733085870742798 0.0092613989585324345 -0.011466458377738794 -0.0050086408605178202 -0.016652495259868689 -0.0084373676057519584 -0.0086367831650105403 -0.0046336490867866413 -0.0052329348336006033 -0.034697971418499944 -0.021096437069631758 -0.014313509031420663 -0.0022234586560550859 -0.0032572407452833088 0.0064691484446012526 0.0063444357812404636 -0.0032672495665875354 0.0073391471469971409 0.0068520083740939586 -0.0026473208148589081
leaf_weight=35 21 28 23 234 22 20 32 23 127 20 20 38 36 30 29 29 22 36 29 20 21 21 34 21 79 25 22 398 178 87
leaf_count=35 21 28 23 234 22 20 32 23 127 20 20 38 36 30 29 29 22 36 29 20 21 21 34 21 79 25 22 398 178 87
internal_value=1.00541e-11 0.000711525 0.00197558 -0.00138417 -0.00060062 -0.00355469 -0.00913635 -0.0172306 0.000374037 -0.00248109 -0.0153976 0.00206019 -0.0195903 0.00488291 -0.024268 0.00200516 0.00321946 0.00365099 0.00413468 -0.0256831 -0.0291048 -0.00680774 0.00523964 0.00566617 0.00555801 0.000151849 0.00519586 0.00595874 0.00436164 0.00169124
internal_weight=1760 1718 1593 739 704 397 164 74 233 90 125 70 84 854 52 213 307 184 285 48 42 41 831 148 797 55 256 742 344 166
internal_count=1760 1718 1593 739 704 397 164 74 233 90 125 70 84 854 52 213 307 184 285 48 42 41 831 148 797 55 256 742 344 166
is_linear=0
shrinkage=0.05


Tree=3
num_leaves=31
num_cat=0
split_feature=215 2 85 90 237 251 9 292 96 9 335 241 317 273 217 291 335 199 312 222 241 118 314 280 211 284 163 180 165 109
split_gain=13.1575 12.629 5.61726 3.29453 2.9377 2.66937 3.43004 2.15379 1.94082 1.62515 1.50096 1.49781 1.47994 1.42249 3.02625 1.05888 1.62584 1.73777 2.10823 1.84622 1.19685 1.64242 1.01048 1.00586 1.00041 0.969265 0.943365 1.42261 0.916928 0.902549
threshold=0.046425646292876176 5.033058237992174 -0.04166941054749633 -0.30197436243001147 -0.069145778848546058 0.062354630136329449 0.027887282229965161 0.00261702191285164 0.0045827781089262136 0.028076626817008562 0.0074034655212696114 -0.096074281656816904 0.060866304174675777 -0.038358913855862826 -0.01964710326580953 0.021225223571952435 1.0000000180025095e-35 0.0079428787788866344 -0.0079720886570400582 -0.0023569478477407095 -0.031319740159906212 -0.0078229442742412617 -0.0020795180800292075 -0.0016082026029306631 0.60452441757447539 0.013381664230611391 0.014965001747481924 0.009075228584181836 0.0042133498481748966 -0.021208485029032585
decision_type=2 2 2 2 2 2 2 2 2 2 2 2 2 2 2 2 2 2 2 2 2 2 2 2 2 2 2 2 2 2
left_child=1 2 3 -1 7 11 29 -5 -8 10 23 -6 15 14 -4 16 17 20 -19 -20 21 -13 -2 -3 -17 -16 -18 -28 -11 -7
right_child=22 9 13 4 5 6 8 -9 -10 28 -12 12 -14 -15 25 24 26 18 19 -21 -22 -23 -24 -25 -26 -27 27 -29 -30 -31
leaf_value=-0.016287541751350675 -0.035405008423896066 -0.018281765335372516 -0.017307727411389352 -0.022265879637919941 -0.010943674036990042 0.0088734378309353532 -0.027718974585118503 -0.00073685919245084126 -0.0066949730472905299 -0.013764469254584539 -0.010893135600619847 0.004637130654670976 -0.0087130348881085725 0.0053986556003491086 0.007705601362081674 0.0085007027261428999 0.0067856080911081768 -0.021998390667140485 0.0089260092005133632 -0.010964164137840272 0.0056052488721396827 -0.014911917916366034 -0.019894055738335567 -0.032963073439896108 -0.0029566786859346475 -0.0035802900791168215 0.0052184381195016817 -0.010837172141129321 0.001194610819220543 -0.0052922111004590992
leaf_weight=35 21 28 22 26 23 23 23 21 21 21 36 22 30 750 52 111 138 20 20 28 73 21 21 20 23 30 37 22 20 22
leaf_count=35 21 28 22 26 23 23 23 21 21 21 36 22 30 750 52 111 138 20 20 28 73 21 21 20 23 30 37 22 20 22
internal_value=-4.21212e-11 0.000675949 0.0018768 -0.00131496 -0.000570589 0.000293291 -0.00775809 -0.0126465 -0.0176848 -0.0146277 -0.0186108 0.00155486 0.00208233 0.00463876 -0.000841225 0.00271118 0.00136662 -0.00201301 -0.00835947 -0.00267659 0.00170733 -0.00491008 -0.0276495 -0.024399 0.00653414 0.00357662 0.00452324 -0.0007684 -0.00646736 0.00194801
internal_weight=1760 1718 1593 739 704 657 89 47 44 125 84 568 545 854 104 515 381 184 68 48 116 43 42 48 134 82 197 59 41 45
internal_count=1760 1718 1593 739 704 657 89 47 44 125 84 568 545 854 104 515 381 184 68 48 116 43 42 48 134 82 197 59 41 45
is_linear=0
shrinkage=0.05


Tree=4
num_leaves=31
num_cat=0
split_feature=215 2 85 88 227 224 116 282 263 1 277 0 164 188 173 129 253 159 88 324 307 303 115 245 198 84 330 237 81 267
split_gain=11.8747 11.3977 5.06991 3.14363 3.13618 3.59051 2.80234 3.95945 3.42779 2.14192 2.70052 1.82562 1.59038 1.55976 1.47963 2.23166 1.3627 1.35826 1.34059 1.29395 0.957728 0.941077 0.791886 0.74528 0.711318 0.598635 0.685418 0.99149 1.74174 0.603849
threshold=0.046425646292876176 5.033058237992174 -0.038574569705722782 -0.02092521003184147 -0.053121771504779078 -0.0016838900727764192 0.012261747602324012 -0.013073724266649251 0.0098506095918901842 4.9380581778699986 0.0049702023295982748 3.7132745361986528 0.037531257597262738 -0.0037832531971209366 -0.0076166696705594087 0.0009086467026978509 -0.027186503105028226 0.001189590071035007 -0.22917640052288149 0.002667672450266109 -0.0021700304392056904 -0.038215016721570808 0.069653239505492973 0.084639124623285669 -0.02151443060338919 -0.29420892744902344 0.025345163554449174 -0.00080727214822457177 -0.42473336048447397 -0.0081792625251636379
decision_type=2 2 2 2 2 2 2 2 2 2 2 2 2 2 2 2 2 2 2 2 2 2 2 2 2 2 2 2 2 2
left_child=1 2 3 11 5 -5 9 8 -8 12 -11 -1 21 -7 -3 -16 -9 -17 -4 -18 -2 -6 -23 25 -13 -20 -27 28 -28 -30
right_child=20 14 18 4 6 13 7 16 -10 10 -12 24 -14 -15 15 17 19 -19 23 -21 -22 22 -24 -25 -26 26 27 -29 29 -31
leaf_value=-0.0099045563327229552 -0.018348192200064659 -0.0021257378499616275 -0.0074760747020659246 -0.024765234747353725 -0.0054673039913177499 -0.011623700062433878 -0.0061636269292128943 0.009564024177582368 -0.031635815441608428 0.0027353842710626537 -0.019689051121473313 -0.0040744860842823983 -0.0096357687952972598 0.0054775925353169443 -0.02624005520263234 -0.0043520601466298103 -0.012007739899619934 -0.0187573233495156 -0.0014522069298169194 0.0020199521524565558 -0.033466021174734288 0.0071278124168422654 -0.0034212193638086322 -0.003407320325021391 0.0058220630596736971 0.0061187804687512382 -0.013968212938024886 0.0060375481264458766 -0.0039719454571604728 0.0069190219044685366
leaf_weight=23 20 22 23 34 20 30 28 23 25 29 25 20 21 24 37 36 31 30 34 35 22 161 20 27 197 597 21 90 20 35
leaf_count=23 20 22 23 34 20 30 28 23 25 29 25 20 21 24 37 36 31 30 34 35 22 161 20 27 197 597 21 90 20 35
internal_value=2.43414e-12 0.000642152 0.00178296 -0.00122266 -0.00345802 -0.0120371 -0.00165189 -0.00735948 -0.0181788 0.00128462 -0.0076463 0.00349022 0.00345701 -0.00402313 -0.0138963 -0.0164104 -0.000916506 -0.0108999 0.00443018 -0.00456881 -0.0262671 0.00482491 0.00596217 0.00476252 0.00490994 0.00503929 0.00532855 0.00248659 -0.00171849 0.00295867
internal_weight=1760 1718 1593 746 506 88 418 142 53 276 54 240 222 54 125 103 89 66 847 66 42 201 181 824 217 797 763 166 76 55
internal_count=1760 1718 1593 746 506 88 418 142 53 276 54 240 222 54 125 103 89 66 847 66 42 201 181 824 217 797 763 166 76 55
is_linear=0
shrinkage=0.05


Tree=5
num_leaves=31
num_cat=0
split_feature=215 61 82 127 246 9 177 217 275 114 190 331 297 1 152 210 328 297 172 298 311 295 335 201 324 7 84 305 216 196
split_gain=10.7169 10.3145 4.35061 2.91066 2.59263 2.21179 2.1617 2.05026 4.06022 1.45097 2.04371 1.4442 2.21222 1.91663 1.38871 1.32087 1.30915 1.29546 2.42849 1.1198 2.13865 0.95002 1.29315 2.46268 0.915481 0.89472 0.822869 0.728757 0.912912 1.64535
threshold=0.046425646292876176 2.8617925509761908 -0.22215232398938251 -0.00023561585049542476 -0.052155648921357593 0.045231870879745402 0.010914875162198875 0.12682828958325462 -0.013668172013177807 -0.064360764275375668 0.0016831360564955632 -0.0052851272281147629 -0.01041537749454014 8.9417393846185664 0.0020507336266629736 0.0156203821831241 -0.02052611789640316 0.064260091724807303 0.001102317111484461 0.0066515848101313911 -0.00056971543405161685 0.017166126458699266 -0.042671891785840292 -0.0039013890131121888 -0.0015303293497929665 0.031209415584415586 -0.47391016161452931 0.0061735424176774809 -0.00023211156068361695 0.0016964832394201197
decision_type=2 2 2 2 2 2 2 2 2 2 2 2 2 2 2 2 2 2 2 2 2 2 2 2 2 2 2 2 2 2
left_child=1 2 3 4 -1 15 11 9 -9 10 -4 14 -13 -14 -3 -6 -5 21 -19 -18 -21 26 23 -23 -15 -2 -11 28 29 -24
right_child=25 6 7 16 5 -7 -8 8 -10 17 -12 12 13 24 -16 -17 19 18 -20 20 -22 22 27 -25 -26 -27 -28 -29 -30 -31
leaf_value=-0.021777724066088279 -0.032251451554752529 -0.024945897970880784 0.0053607012266698095 -0.0086099639783302952 0.0043820483651426101 -0.018978300419720737 0.0018471716903150082 0.0070955836715606542 -0.021423629888643825 -0.0027479002187991968 -0.015955537523735654 -0.020422732727280981 0.0053617283521640684 -0.0029693441092967991 -0.01015030207305119 -0.0096066525964825251 0.0063488795154396154 -0.013436016055016681 0.0068550184369087219 0.0086251150816679008 -0.012207074756068845 0.00410175148783059 -0.011108309391773109 -0.018704705871641636 -0.017453742182503142 -0.017655954048747109 0.0058464738984153755 0.0062812754272747393 0.0044660287706748299 0.0048036401742137975
leaf_weight=31 21 35 23 30 45 22 32 26 24 29 22 29 31 20 29 27 87 29 30 22 28 29 33 20 24 21 703 134 92 32
leaf_count=31 21 35 23 30 45 22 32 26 24 29 22 29 31 20 29 27 87 29 30 22 28 29 33 20 24 21 703 134 92 32
internal_value=-2.33889e-11 0.000610044 0.00201629 -0.00346853 -0.00923856 -0.0051033 -0.0100634 0.00332263 -0.00659364 0.00374424 -0.00506057 -0.0123321 -0.00869541 -0.00416084 -0.0182416 -0.000863714 0.000850348 0.00409456 -0.00311854 0.00292195 -0.00304091 0.00449155 0.00230754 -0.00520701 -0.0108699 -0.0249537 0.00550599 0.00357288 0.00126125 -0.00327473
internal_weight=1760 1718 1518 292 125 94 200 1226 50 1176 45 168 104 75 64 72 167 1131 59 137 50 1072 340 49 44 42 732 291 157 65
internal_count=1760 1718 1518 292 125 94 200 1226 50 1176 45 168 104 75 64 72 167 1131 59 137 50 1072 340 49 44 42 732 291 157 65
is_linear=0
shrinkage=0.05


Tree=6
num_leaves=31
num_cat=0
split_feature=215 2 85 223 94 303 266 81 304 118 81 84 103 81 268 205 9 137 273 217 283 145 284 307 316 218 271 144 231 324
split_gain=9.67199 9.36674 4.24671 2.71723 4.12464 2.65504 2.38921 2.0747 1.69 1.77207 2.1965 1.57616 1.36371 1.36091 1.56434 1.76561 1.32086 1.37654 1.20363 2.56984 1.15514 0.981107 0.848419 0.831136 0.809829 0.547678 0.869642 0.528014 0.516837 0.877922
threshold=0.046425646292876176 5.033058237992174 -0.04166941054749633 -0.043173933151289187 -0.060572280420243547 -0.013996598477267598 -0.070703411603534369 -0.52572234698735942 -0.02783535418318708 -0.032931063390792478 -0.48353668872032757 0.29919604068454486 -0.1018959552529845 -0.46960761008537361 0.0067820310761947779 0.00053563619502417057 0.028076626817008562 0.0067149232244847088 -0.038358913855862826 -0.01964710326580953 0.0024900595852168461 0.032051265372684115 0.0084642555702055984 -0.0021700304392056904 0.0027272199375650073 0.022195008037008825 -0.0020179864879067929 0.037311590027963353 0.0017539216264806569 -0.0049119016340669142
decision_type=2 2 2 2 2 2 2 2 2 2 2 2 2 2 2 2 2 2 2 2 2 2 2 2 2 2 2 2 2 2
left_child=1 2 3 12 5 -5 -6 -8 -9 10 -10 13 -1 14 15 -11 17 20 19 -4 -3 27 -21 -2 -18 28 -27 -15 29 -20
right_child=23 16 18 4 6 -7 7 8 9 11 -12 -13 -14 21 -16 -17 24 -19 25 22 -22 -23 -24 -25 -26 26 -28 -29 -30 -31
leaf_value=-0.0064102818759588093 -0.016329052448272704 -0.013787857931235742 -0.016199667446992614 -0.027836663365364073 -0.016193851198141391 -0.0060897180344909431 -0.015624001723798839 0.0070674049119426778 -0.00051350139547139411 -0.018187077067516471 -0.020078886959415218 -0.010707645267248154 0.0059696885962764942 0.0066639422410816858 0.0040272195704090293 -0.00026710278221539089 0.0016143925842784701 -0.0071390930031027117 0.0011498585711558198 0.0073259279287109782 -0.028159295160461357 -0.0042066149413585666 -0.0029974581564173979 -0.030412349511276596 -0.012443942800164224 -0.0080109142476604105 0.006557345129549504 -0.00032353436245637784 0.0065446197491469266 0.005913442076601055
leaf_weight=26 20 29 22 25 26 32 22 73 32 27 26 30 154 132 39 28 21 28 172 48 27 33 34 22 20 21 20 34 316 221
leaf_count=26 20 29 22 25 26 32 22 73 32 27 26 30 154 132 39 28 21 28 172 48 27 33 34 22 20 21 20 34 316 221
internal_value=-4.55078e-12 0.000579542 0.00161373 -0.00116147 -0.00288192 -0.0156279 -0.00143467 -0.000628501 9.81533e-05 -0.00123716 -0.00928419 0.000207815 0.00418147 0.00132544 -0.00363264 -0.00906418 -0.0126002 -0.016191 0.00401523 -0.00102559 -0.0207169 0.00366745 0.0030455 -0.023706 -0.00524333 0.00471422 -0.000904446 0.00523277 0.00503913 0.00382862
internal_weight=1760 1718 1593 739 559 57 502 476 454 381 58 323 180 293 94 55 125 84 854 104 56 199 82 42 41 750 41 166 709 393
internal_count=1760 1718 1593 739 559 57 502 476 454 381 58 323 180 293 94 55 125 84 854 104 56 199 82 42 41 750 41 166 709 393
is_linear=0
shrinkage=0.05


Tree=7
num_leaves=31
num_cat=0
split_feature=215 61 82 289 126 166 177 279 227 286 188 286 217 239 118 120 188 140 155 256 331 336 272 194 314 82 152 262 290 93
split_gain=8.72897 8.4989 3.54949 2.56598 2.67359 2.09266 1.81814 1.78716 2.62534 2.24481 1.792 1.78089 1.75459 3.55979 1.361 2.20257 1.89358 1.25578 1.89395 1.02716 1.87698 0.966333 2.5262 0.813319 0.791452 0.651219 1.28178 1.21353 1.08628 0.770283
threshold=0.046425646292876176 2.8617925509761908 -0.22215232398938251 -0.016684794447114334 0.04992860806051979 0.0016764648981434851 0.010914875162198875 -0.010623454133435788 0.011164952455017781 0.014018050354455953 -0.00076749198890862797 0.010868505165462179 0.12682828958325462 0.0065603190009519913 0.016805947608242489 -0.014190150483729307 0.0047740787567060504 0.065655317858324652 0.030423914119793751 0.012546713414758383 -0.004449185487283719 0.072143948997580906 -0.00073346330725070638 0.071319030281279769 -0.0020795180800292075 0.37325896167496742 0.0094097952715457411 -0.00050590134546353376 -0.0026970742343960167 -0.050609597076604472
decision_type=2 2 2 2 2 2 2 2 2 2 2 2 2 2 2 2 2 2 2 2 2 2 2 2 2 2 2 2 2 2
left_child=1 2 3 4 5 -1 14 -5 11 10 -10 -9 17 -14 15 -3 19 21 -19 20 -17 23 -23 25 -2 29 -27 -28 -29 -4
right_child=24 6 12 7 -6 -7 -8 8 9 -11 -12 -13 13 -15 -16 16 -18 18 -20 -21 -22 22 -24 -25 -26 26 27 28 -30 -31
leaf_value=0.0046853862702846529 -0.029384405272347588 0.0032050974933164459 -0.0017277941285144716 0.0061002572657356804 -0.02535379230976105 -0.015838445852632107 0.0017851310316473246 0.0078755645257122114 -0.028989630453288558 0.00046527288281000573 -0.0078236082196235651 -0.0075364258525700408 -0.021844257804609482 0.0051865195148977743 -0.022242142803346118 -0.022357865005731586 0.0011678548795836313 0.0052379967725795255 -0.015282392908226361 -0.022717959666624668 -0.0047174769796823205 0.0068968230651484594 -0.016225592082455047 -0.0050711960221330324 -0.015657026710964386 0.004588194005191326 0.0035843824858174606 -0.017556050978600978 -0.0014555825089866466 0.0052196050780256246
leaf_weight=27 21 28 42 71 23 23 32 53 20 26 20 29 21 29 24 25 21 23 22 32 38 27 21 24 21 144 34 20 22 797
leaf_count=27 21 28 42 71 23 23 32 53 20 26 20 29 21 29 24 25 21 23 22 32 38 27 21 24 21 144 34 20 22 797
internal_value=2.5188e-11 0.000550565 0.00182706 -0.00312711 -0.0112454 -0.00475558 -0.00913803 -0.000421008 -0.00354945 -0.0109722 -0.0184066 0.00242498 0.00300701 -0.00616641 -0.0112186 -0.00938137 -0.0124195 0.00339703 -0.00479419 -0.015423 -0.0117176 0.00372295 -0.00321923 0.00403063 -0.0225207 0.00423691 0.00181557 -0.00343783 -0.00912247 0.00487182
internal_weight=1760 1718 1518 292 73 50 200 219 148 66 40 82 1226 50 168 144 116 1176 45 95 63 1131 48 1083 42 1059 220 76 42 839
internal_count=1760 1718 1518 292 73 50 200 219 148 66 40 82 1226 50 168 144 116 1176 45 95 63 1131 48 1083 42 1059 220 76 42 839
is_linear=0
shrinkage=0.05


Tree=8
num_leaves=31
num_cat=0
split_feature=215 2 85 223 94 306 266 81 304 236 9 237 205 121 113 271 173 129 178 159 103 91 236 7 260 86 218 331 154 11
split_gain=7.8779 7.73171 3.52897 2.32495 3.64294 2.48705 2.04592 1.81032 1.4499 1.49814 2.29518 2.09502 1.71677 1.53555 1.71103 1.41599 1.22334 1.72671 1.17957 1.15211 1.14368 1.0856 2.04569 0.743308 0.724558 0.649365 1.55836 1.86232 0.865077 0.501304
threshold=0.046425646292876176 5.033058237992174 -0.04166941054749633 -0.043173933151289187 -0.060572280420243547 -0.0018190324368293571 -0.070703411603534369 -0.52572234698735942 -0.028472333980464868 0.032224108775917824 0.020442989482482413 -0.021615974003819597 -0.0017520728590898296 -0.037077887253223321 -0.0011373485188552227 0.0073216583707107841 -0.0076166696705594087 0.0009086467026978509 0.0035056469897939385 0.001189590071035007 -0.1018959552529845 -0.17530462717208259 0.048398136718176006 0.031209415584415586 -0.038987936241918562 0.090053996577541442 0.0096649095690763704 -0.0020169231434794079 0.029360127881080011 2.7324507389162567
decision_type=2 2 2 2 2 2 2 2 2 2 2 2 2 2 2 2 2 2 2 2 2 2 2 2 2 2 2 2 2 2
left_child=1 2 3 20 5 -5 -6 -8 -9 12 -11 -12 13 -10 18 -16 -3 -18 -15 -19 -1 22 -4 -2 -14 29 28 -28 -27 -23
right_child=23 16 21 4 6 -7 7 8 9 10 11 -13 24 14 15 -17 17 19 -20 -21 -22 25 -24 -25 -26 26 27 -29 -30 -31
leaf_value=-0.005824691229141676 -0.028046336344310214 -0.00074847784232009551 0.0029625295186942479 -0.0019387434358182161 -0.014956260988345514 -0.023227300955092206 -0.014559985561804337 0.0068007531589356022 0.0053685688599944123 0.0035862080114228388 -0.0042121911364974398 -0.023190021113707469 -0.004152203500270844 -0.005880624122726612 -0.022896153373377665 -0.0055848485341778512 -0.022383602033998515 -0.0028595521011286311 0.0083961740784023117 -0.016126681851843995 0.005512659358126777 0.0033464408774605001 -0.015804631114006044 -0.014743025458994367 0.0061210622656936494 0.006315098512679973 -0.017979853637516498 0.0033390314096496221 -0.0051366244256496434 0.0061911973497573887
leaf_weight=26 21 22 53 23 26 34 22 69 40 35 33 26 20 39 21 27 37 36 23 30 154 281 20 21 121 94 20 21 20 345
leaf_count=26 21 22 53 23 26 34 22 69 40 35 33 26 20 39 21 27 37 36 23 30 154 281 20 21 121 94 20 21 20 345
internal_value=-1.82031e-11 0.000523036 0.00146264 -0.0010672 -0.00265862 -0.0146372 -0.00129851 -0.000552497 0.00012628 -0.00106992 -0.00655772 -0.0125753 0.000702765 -0.00302066 -0.0060713 -0.0131585 -0.0114512 -0.0137373 -0.000584393 -0.00889007 0.00387504 0.00365181 -0.00217916 -0.0213947 0.00466386 0.00419683 0.00129942 -0.00706042 0.00430602 0.00491424
internal_weight=1760 1718 1593 739 559 57 502 476 454 385 94 59 291 150 110 48 125 103 62 66 180 854 73 42 141 781 155 41 114 626
internal_count=1760 1718 1593 739 559 57 502 476 454 385 94 59 291 150 110 48 125 103 62 66 180 854 73 42 141 781 155 41 114 626
is_linear=0
shrinkage=0.05


Tree=9
num_leaves=31
num_cat=0
split_feature=215 2 85 90 246 251 282 237 174 142 221 250 317 125 273 95 295 106 279 137 182 186 144 141 297 179 179 330 237 81
split_gain=7.1098 6.97787 3.1849 2.17018 2.0953 1.77329 2.95076 2.16588 1.50447 1.15357 1.44613 1.42592 1.13589 1.08798 1.02552 2.25232 1.08778 0.884156 0.812277 2.06805 0.858584 1.23373 0.690789 0.618524 0.557112 0.610776 1.21781 0.475224 0.981696 1.55121
threshold=0.046425646292876176 5.033058237992174 -0.04166941054749633 -0.30197436243001147 -0.12891518288634171 0.062354630136329449 -0.010560260085507858 -0.069145778848546058 -0.0059245667864029983 0.0074368723174904382 -0.063315042450731066 -0.0080774015837291151 0.060866304174675777 0.00096224559928161839 -0.038358913855862826 -0.083812282285910519 0.02233560599950998 0.084115779636165247 0.0039502721808473062 -0.023402293276356314 -0.010432687710327701 -0.0035701137843233898 0.0059979486455409145 0.014525054721125587 0.042735301836336913 -0.018627073237112917 -0.028235916044213119 0.024968559291589597 -0.00080727214822457177 -0.43028053591793475
decision_type=2 2 2 2 2 2 2 2 2 2 2 2 2 2 2 2 2 2 2 2 2 2 2 2 2 2 2 2 2 2
left_child=1 2 3 -1 -5 7 -7 -6 -8 10 11 -3 17 -13 15 -4 -17 18 24 -20 -21 -22 -2 -23 25 26 -9 -16 29 -29
right_child=22 9 14 4 5 6 8 12 -10 -11 -12 13 -14 -15 27 16 -18 -19 19 20 21 23 -24 -25 -26 -27 -28 28 -30 -31
leaf_value=-0.013165850043296816 -0.026737310489018756 -0.021571382850408556 -0.015389480407942425 -0.014625520825386049 -0.011961562981208165 -0.017767976160560337 -0.0099595006377924053 0.0064516642514397121 0.0068803595999876663 -0.019242796614285438 0.0014011491622243609 -0.014766940698027612 -0.0076334279775619506 0.0015278098838669915 0.004762031664383954 0.0064414391261443764 -0.0060680391788482668 -0.0066211543404139017 -0.010516518375111951 0.0075359168888653738 -0.0085446376726031319 0.0070370230244265674 -0.013912583674703325 -0.003042331856230031 -0.001607602253994521 0.0063746778721656284 -0.0086457853628830478 -0.014086873616491045 0.0052608049452997916 0.0021065891049802305
leaf_weight=35 21 25 22 25 30 35 21 34 36 31 28 20 30 21 593 57 25 26 36 59 30 45 21 23 34 218 22 21 86 50
leaf_count=35 21 25 22 25 30 35 21 34 36 31 28 20 30 21 593 57 25 26 36 59 30 45 21 23 34 218 22 21 86 50
internal_value=-7.51408e-12 0.000496885 0.00138951 -0.00101384 -0.000409695 0.000113716 -0.00634061 0.0011253 0.000676201 -0.0108787 -0.00812029 -0.0121597 0.00183015 -0.00642085 0.00346922 -0.00118373 0.00262757 0.00236888 0.00283543 0.000292112 0.00277052 -9.8436e-05 -0.0203249 0.00362783 0.00442913 0.00517821 0.000520523 0.00411443 0.00166837 -0.00268303
internal_weight=1760 1718 1593 739 704 679 92 587 57 125 94 66 557 41 854 104 82 527 501 193 157 98 42 68 308 274 56 750 157 71
internal_count=1760 1718 1593 739 704 679 92 587 57 125 94 66 557 41 854 104 82 527 501 193 157 98 42 68 308 274 56 750 157 71
is_linear=0
shrinkage=0.05


Tree=10
num_leaves=31
num_cat=0
split_feature=215 61 82 289 126 296 279 227 286 188 177 217 233 286 153 251 143 126 93 88 262 231 314 174 307 326 255 288 205 295
split_gain=6.4166 6.3137 2.70802 2.17014 2.64401 1.56919 1.51193 2.12959 1.90693 1.54129 1.50904 1.4247 3.09757 1.31732 1.2278 1.36015 1.17238 1.675 1.05914 2.82403 1.50136 0.773562 1.04011 0.690779 0.653875 0.626441 0.545192 0.538649 0.49013 0.469205
threshold=0.046425646292876176 2.8617925509761908 -0.22215232398938251 -0.017710532638103887 0.04992860806051979 0.0016115074968305124 -0.010623454133435788 0.011164952455017781 0.014018050354455953 -0.00076749198890862797 0.012287988363198587 0.12682828958325462 -0.031968403702503687 0.010868505165462179 -0.0080049237225382781 0.02876632363276831 0.0020173757668767089 -0.0042438765255998568 -0.0094944492715397493 -0.18968961298537204 -0.059496411536775491 -0.034807576946376699 0.0063679916807048553 0.00096198438063793549 -0.0021700304392056904 0.071359532834250936 -0.041220977691717238 0.087610366477468588 -0.0044848543612819583 0.017166126458699266
decision_type=2 2 2 2 2 2 2 2 2 2 2 2 2 2 2 2 2 2 2 2 2 2 2 2 2 2 2 2 2 2
left_child=1 2 3 4 5 -1 28 13 9 -9 14 18 -13 -8 15 -3 17 -16 19 -4 -21 22 -22 -19 -2 27 -23 29 -5 -20
right_child=24 10 11 6 -6 -7 7 8 -10 -11 -12 12 -14 -15 16 -17 -18 23 25 20 21 26 -24 -25 -26 -27 -28 -29 -30 -31
leaf_value=-0.014422853626310825 -0.012765517011284828 -0.022809579943617184 -0.017383300513029099 -0.00013268963992595672 -0.024809993532570927 0.0040553343240861536 0.0067184841743221993 -0.026617384105920794 0.00059113270388199736 -0.0069877710193395615 0.0036122685074806214 0.0062934883941824617 -0.018616486402849356 -0.006349185581008593 -0.012023589159211805 -0.0080994828321942786 -0.014127360788338325 -0.0029850975299874944 0.0050085091806319829 -0.010487340423076051 0.0038606021440390384 -0.0020678836135910109 -0.0095112679096368644 0.0091409420513588451 -0.0252570467916402 -0.0038649652439814346 0.0057907294175804482 -0.0039005210534447717 0.0085010007955133911 0.0024954039617117508
leaf_weight=20 20 30 21 25 22 27 54 20 26 20 25 26 24 30 31 33 34 24 581 23 33 26 26 23 22 26 146 21 48 273
leaf_count=20 20 30 21 25 22 27 54 20 26 20 25 26 24 30 31 33 34 24 581 23 33 26 26 23 22 26 146 21 48 273
internal_value=7.77866e-12 0.00047204 0.00157226 -0.00275501 -0.0105041 -0.00380772 -0.000357311 -0.00322941 -0.00995051 -0.0168026 -0.00787863 0.0026029 -0.0056633 0.00205146 -0.00952019 -0.0151043 -0.00637913 -0.00300169 0.00295435 0.000238292 0.0016952 0.00290818 -0.00203209 0.00294892 -0.0193087 0.00378334 0.0046028 0.0040106 0.00554426 0.00420514
internal_weight=1760 1718 1518 292 69 47 223 150 66 40 200 1226 50 84 175 63 112 78 1176 275 254 231 59 47 42 901 172 875 73 854
internal_count=1760 1718 1518 292 69 47 223 150 66 40 200 1226 50 84 175 63 112 78 1176 275 254 231 59 47 42 901 172 875 73 854
is_linear=0
shrinkage=0.05


Tree=11
num_leaves=31
num_cat=0
split_feature=221 215 152 93 217 94 88 297 1 197 117 246 94 285 84 185 297 270 138 238 194 313 330 135 149 100 304 161 202 328
split_gain=5.82464 3.55428 2.54379 2.35363 2.21153 2.13142 2.03027 1.88362 1.6651 1.8024 1.67194 1.50425 1.21104 1.20909 1.43299 1.12763 1.37008 1.30496 1.09855 1.32587 3.0618 1.17935 1.05533 1.02462 0.816857 0.75621 0.556427 1.10798 0.553888 0.405223
threshold=-0.058662310025476921 0.52972388492861222 0.022038970210773178 0.011109325066421583 0.11722534623981132 -0.067833272780798023 -0.23517315661578672 0.018891798061373508 4.9522934739897151 -0.0044117940834509668 0.0062613024146216259 -0.12891518288634171 0.011635135959406143 -0.0060196225179663648 0.29919604068454486 -0.0073965574305481169 -0.011628514829942262 -0.00057475792114181047 0.043915152398920694 -0.015386661711523355 0.0070942297685364772 -0.010891917872596924 -0.0049753396269765883 0.03572931704660906 -0.04103273459699814 0.06032262855960098 0.055611807801383757 0.0084152321456777267 0.02553216868959873 -0.065182200569909129
decision_type=2 2 2 2 2 2 2 2 2 2 2 2 2 2 2 2 2 2 2 2 2 2 2 2 2 2 2 2 2 2
left_child=2 3 5 6 26 -1 -2 15 11 -10 12 -8 -11 24 18 -7 -17 -18 19 20 21 -15 -12 25 -13 -21 29 -28 -26 -5
right_child=1 -3 -4 4 -6 7 8 -9 9 10 22 13 -14 14 -16 16 17 -19 -20 23 -22 -23 -24 -25 28 -27 27 -29 -30 -31
leaf_value=-0.022362130674822581 -0.015503419055180115 -0.017992205048600832 0.0044464555241771645 -0.0023587092757225039 -0.0092384999448602845 0.0033279973955359313 -0.011906661093235016 -0.018041137036155255 0.0033409572660158845 -0.011032922991684506 -0.008893471136689186 -0.0034600049147711083 0.0061586905643343931 -0.0088657782328399742 -0.011082143212358158 -0.01535536229610443 0.0043897639463345217 -0.010762039461621534 0.0078767650538966779 0.0054156817256584087 -0.019832626757798372 0.005612353273691275 -0.025136400517076253 -0.0075514495670795439 0.0055279924245798485 -0.0033263541641645137 0.0056255568799219637 -0.0068976711030259283 -0.0029611870469081971 0.0047042511799675118
leaf_weight=29 22 24 37 21 33 32 22 34 39 21 20 34 20 22 30 35 30 27 42 109 27 39 20 25 226 32 38 33 21 616
leaf_count=29 22 24 37 21 33 32 22 34 39 21 20 34 20 22 30 35 30 27 42 109 27 39 20 25 226 32 38 33 21 616
internal_value=-7.61991e-12 0.00109844 -0.00753217 0.00140147 0.00341372 -0.00990227 -0.000532484 -0.00761533 -9.275e-05 -0.00549015 -0.00974216 0.00093696 -0.00264677 0.00140246 -0.000669346 -0.00475664 -0.00756869 -0.00278741 0.000386005 -0.000852624 -0.00581416 0.000390732 -0.0170149 0.00177759 0.00380605 0.00343167 0.00400344 -0.000195098 0.00480624 0.00447141
internal_weight=1760 1536 224 1512 741 187 771 158 749 120 81 629 41 607 326 124 92 57 296 254 88 61 40 166 281 141 708 71 247 637
internal_count=1760 1536 224 1512 741 187 771 158 749 120 81 629 41 607 326 124 92 57 296 254 88 61 40 166 281 141 708 71 247 637
is_linear=0
shrinkage=0.05


Tree=12
num_leaves=31
num_cat=0
split_feature=221 215 152 0 185 93 217 88 1 197 117 269 89 246 94 285 84 250 164 94 330 272 267 313 321 149 167 203 119 247
split_gain=5.25674 3.20774 2.38829 3.31436 2.1325 2.12415 1.9959 1.83232 1.50276 1.62666 1.50893 1.37147 1.46755 1.35758 1.09296 1.0912 1.29327 1.06569 1.2003 1.10357 0.952436 0.936502 0.764782 0.751182 0.615265 0.71719 0.595438 0.588892 0.514337 0.97493
threshold=-0.058662310025476921 0.52972388492861222 -0.00093557117168077588 11.03313783648162 -0.0073965574305481169 0.011109325066421583 0.11722534623981132 -0.23517315661578672 4.9522934739897151 -0.0044117940834509668 0.0062613024146216259 -0.0051806373144477223 0.017966364883710399 -0.12891518288634171 0.011635135959406143 -0.0060196225179663648 0.29919604068454486 -0.074319304298881173 -0.032568005627743916 -0.076137302286785627 -0.0049753396269765883 -0.0085047889177940622 0.051186679027530969 0.049010715315446214 0.0073338563365571248 -0.027856541561680298 -0.032198987980262918 0.0016700017867312853 -0.0075009794624654189 0.014876006574772014
decision_type=2 2 2 2 2 2 2 2 2 2 2 2 2 2 2 2 2 2 2 2 2 2 2 2 2 2 2 2 2 2
left_child=2 5 4 21 -1 7 28 -2 13 -10 14 -6 -13 -9 -11 23 17 -17 -19 -20 -12 -4 26 24 -15 -26 -21 -23 29 -7
right_child=1 -3 3 -5 11 6 -8 8 9 10 20 12 -14 15 -16 16 -18 18 19 22 -22 27 -24 -25 25 -27 -28 -29 -30 -31
leaf_value=0.0019047818332910537 -0.014728248322551901 -0.017092594318091871 -0.0069015026447318863 -0.016804610329369706 -0.027690201513469223 -0.00017413247463315032 -0.008776574717326598 -0.011311327699910511 0.0031739094246847513 -0.010481277054974012 -0.0084487973153591165 -0.006471881280212026 -0.022070098251104356 0.0063143031214768029 0.0058507559448480609 -0.0099693956258504295 -0.010528035735090575 -0.0080256762283463633 -0.0088251191750168805 -0.0036179908365011216 -0.023879580534994602 0.0080378586314618587 -0.0042871830718857907 -0.0050426045351702233 -0.0060285093784332279 0.0037668187171220782 0.0054916097964534819 -0.0021137978322803975 0.0048518748235912013 0.0061366963504176399
leaf_weight=20 22 24 21 30 20 172 33 22 39 21 20 38 25 159 20 23 30 31 20 20 20 50 28 23 25 74 174 20 441 95
leaf_count=20 22 24 21 30 20 172 33 22 39 21 20 38 25 159 20 23 30 31 20 20 20 50 28 23 25 74 174 20 441 95
internal_value=1.80444e-11 0.00104352 -0.00715556 -0.00239217 -0.0127514 0.00133139 0.00324303 -0.00050586 -8.81124e-05 -0.00521564 -0.00925505 -0.016283 -0.0126616 0.000890112 -0.00251443 0.00133234 -0.000635878 0.000366705 0.00123751 0.00242412 -0.0161642 0.00235918 0.00343756 0.00361575 0.00438762 0.00129325 0.00455248 0.00513739 0.00380327 0.00207129
internal_weight=1760 1536 224 121 103 1512 741 771 749 120 81 83 63 629 41 607 326 296 273 242 40 91 222 281 258 99 194 70 708 267
internal_count=1760 1536 224 121 103 1512 741 771 749 120 81 83 63 629 41 607 326 296 273 242 40 91 222 281 258 99 194 70 708 267
is_linear=0
shrinkage=0.05


Tree=13
num_leaves=31
num_cat=0
split_feature=221 215 136 93 93 88 88 0 107 2 285 142 265 290 269 227 233 168 149 2 90 81 178 86 151 224 283 263 241 239
split_gain=4.74421 2.89498 2.18452 1.91705 1.8221 1.81638 1.65367 1.54119 1.56943 1.39067 1.78276 1.73708 1.81822 2.06526 1.6842 1.36659 1.33632 1.10667 1.00706 0.919044 0.86809 0.705583 0.683707 0.603246 1.07581 0.692355 0.593575 0.913721 0.544431 0.536313
threshold=-0.058662310025476921 0.52972388492861222 0.012799393934892924 0.011109325066421583 -0.032595529368444419 0.19449901202801648 -0.23517315661578672 11.03313783648162 -0.014574409912439927 1.4978661367769956 0.0076283573451517064 -0.014292327903107286 1.0000000180025095e-35 0.0042076216151072333 -6.3661275739472134e-05 0.029145529615572225 1.0000000180025095e-35 -0.0053087150644222647 0.0080151666886769685 1.8688348091416842 -0.23200271006496506 -0.52572234698735942 -0.031427969473155862 -0.079954593387873474 0.018746528692548083 0.013067486177876573 -0.030542600809261078 -0.010954172297352013 -0.0026860663301371442 0.0040502299044994786
decision_type=2 2 2 2 2 2 2 2 2 2 2 2 2 2 2 2 2 2 2 2 2 2 2 2 2 2 2 2 2 2
left_child=2 3 4 6 -1 23 -2 8 -6 20 15 17 13 -13 -14 21 -17 -12 -10 -4 -8 -11 -22 24 25 29 27 -23 -9 -5
right_child=1 -3 19 5 7 -7 9 28 18 10 11 12 14 -15 -16 16 -18 -19 -20 -21 22 26 -24 -25 -26 -27 -28 -29 -30 -31
leaf_value=-0.02291575080674628 -0.01399183591658419 -0.0162379647915562 0.0072313368440635739 0.0058778082795232257 0.0022247694587955876 -0.010167141050100328 -0.0077141384035348901 -0.010360970875869195 -0.004210944660007954 -0.0045271101622627336 0.0075341041432693606 0.0055235976586118342 -0.023308453231584283 -0.012051016273243087 -0.0053372604941779919 0.0012770660985738803 -0.012284651091870141 -0.0074589857272803796 -0.019134625010192394 -0.0048482646932825448 -0.0044070280689213958 -0.0084050424699671569 0.0037915030178287835 0.0045005116634115666 -0.007996428978663905 -0.0058925390243530279 0.0063170352781360796 0.006361374631524086 -0.021530812624841928 3.3476528140806387e-05
leaf_weight=23 22 24 31 107 48 25 20 24 26 26 32 32 32 35 22 39 34 20 20 32 28 20 277 499 27 21 110 22 20 62
leaf_count=23 22 24 31 107 48 25 20 24 26 26 32 32 32 35 22 39 34 20 20 32 28 20 277 499 27 21 110 22 20 62
internal_value=-1.66421e-11 0.000991343 -0.00679778 0.00126482 -0.00988652 0.00308088 -0.000480567 -0.00771498 -0.00409987 -8.37068e-05 -0.00196996 -0.0058752 -0.00915968 -0.00365717 -0.0159869 0.000721697 -0.00503935 0.00176753 -0.0106995 0.00109567 0.00237713 0.00308437 0.00303885 0.00354345 0.00134265 0.00266978 0.00438634 -0.000670253 -0.0154382 0.00373373
internal_weight=1760 1536 224 1512 161 741 771 138 94 749 424 173 121 67 54 251 73 52 46 63 325 178 305 716 217 190 152 42 44 169
internal_count=1760 1536 224 1512 161 741 771 138 94 749 424 173 121 67 54 251 73 52 46 63 325 178 305 716 217 190 152 42 44 169
is_linear=0
shrinkage=0.05


Tree=14
num_leaves=31
num_cat=0
split_feature=221 215 152 0 161 273 93 130 246 231 84 1 306 305 217 197 227 106 86 278 162 160 272 197 304 204 113 298 313 203
split_gain=4.28165 2.61272 2.02477 2.74001 1.91842 1.79645 1.83098 1.41417 1.26757 1.32898 1.35606 1.48745 1.6609 1.2186 1.04962 1.04884 0.946168 1.3793 1.36886 1.24813 0.937587 0.882661 0.81664 0.810457 0.638394 0.849039 0.602022 0.620462 0.585401 0.523819
threshold=-0.058662310025476921 0.52972388492861222 -0.00093557117168077588 11.03313783648162 -0.0065231981979162312 -0.11227780571871669 0.011109325066421583 -0.014412989515803816 -0.12891518288634171 0.013298521063652454 0.29919604068454486 4.9522934739897151 -0.0011702622186183316 -0.049756823116664857 0.11722534623981132 -0.035689834487059383 0.0098254086100313751 0.013755836843771336 0.090053996577541442 -0.0064405028369054727 0.003422283057805751 0.042378503973279497 -0.0085047889177940622 -0.0033099720325436861 -0.010656459097336793 0.017824276600000147 -0.0017596395960980901 0.074819620606316722 0.031768042878496987 0.0016700017867312853
decision_type=2 2 2 2 2 2 2 2 2 2 2 2 2 2 2 2 2 2 2 2 2 2 2 2 2 2 2 2 2 2
left_child=2 5 4 22 -1 -2 8 -6 -7 10 11 15 20 -11 26 -10 24 -18 19 -19 -13 -15 -4 -14 -17 28 -8 -28 -26 -24
right_child=1 -3 3 -5 7 6 14 -9 9 13 -12 12 23 21 -16 16 17 18 -20 -21 -22 -23 29 -25 25 -27 27 -29 -30 -31
leaf_value=0.00044288183748722074 -0.0133205822181134 -0.015426066455741724 -0.0063996594221819017 -0.01517627285172542 -0.0047321760857647124 -0.011620184530814488 0.0055105801686238694 -0.019693245432738746 -0.0098604954455209816 -0.0082962429231923564 -0.013192964904010297 -0.0066706830530893066 0.0068561314117340823 0.0046762879002601549 -0.0059658285478750867 0.0075120829627849167 0.0033659498357484423 0.0065427277237176899 -0.017555461930377141 -0.0095009662900809901 -0.021980702392756943 -0.0050325381784484943 0.0075779715329408652 -0.0070350868716126391 0.0050545846539385188 -0.0077968917432285484 0.0029819387545669341 -0.0043524379331258039 -0.0042678781208537872 -0.0019963891059160232
leaf_weight=25 21 24 21 30 22 24 257 56 23 23 24 20 21 235 30 64 62 22 21 27 20 26 50 21 85 21 413 31 21 20
leaf_count=25 21 24 21 30 22 24 257 56 23 23 24 20 21 235 30 64 62 22 21 27 20 26 50 21 85 21 413 31 21 20
internal_value=7.31564e-12 0.000941776 -0.00645789 -0.00207199 -0.0116103 0.00120158 0.00140612 -0.0154735 -0.000312281 5.64548e-05 -0.00162769 -0.000979173 -0.00703397 0.00273686 0.00319269 0.000455779 0.00119037 -0.00206486 -0.00687501 -0.00229768 -0.0143257 0.00370913 0.00224811 -8.94777e-05 0.00344007 0.00138803 0.00358464 0.00246985 0.00320768 0.00484244
internal_weight=1760 1536 224 121 103 1512 1491 78 760 736 452 428 82 284 731 346 323 132 70 49 40 261 91 42 191 127 701 444 106 70
internal_count=1760 1536 224 121 103 1512 1491 78 760 736 452 428 82 284 731 346 323 132 70 49 40 261 91 42 191 127 701 444 106 70
is_linear=0
shrinkage=0.05


Tree=15
num_leaves=31
num_cat=0
split_feature=221 215 152 0 185 273 93 307 140 94 161 1 197 269 242 317 332 217 106 136 315 164 122 179 272 325 320 113 298 318
split_gain=3.86419 2.35798 1.82735 2.47286 1.74101 1.6213 1.65246 1.23463 1.67142 1.34966 1.92064 1.54738 1.29437 1.19056 1.27055 1.17982 1.01659 0.947281 0.85772 0.777703 0.770602 1.64075 1.17934 0.902974 0.737018 0.652528 0.552006 0.543325 0.559967 0.491951
threshold=-0.058662310025476921 0.52972388492861222 -0.00093557117168077588 11.03313783648162 -0.0073965574305481169 -0.11227780571871669 0.011109325066421583 -0.023015904774178187 0.065655317858324652 -0.060572280420243547 0.0047999844159132051 4.9522934739897151 -0.0044117940834509668 -0.0051806373144477223 0.007723633739383424 0.0033103990806804262 -0.001666011213532803 0.11722534623981132 0.075532565681617939 -0.026686939383897452 -0.011700543284874897 -0.0078813938206689933 -0.0044355419520286125 0.028366433585384744 -0.0085047889177940622 0.0097642596476461372 0.0018685733481229902 -0.0017596395960980901 0.074819620606316722 0.041858932874572492
decision_type=2 2 2 2 2 2 2 2 2 2 2 2 2 2 2 2 2 2 2 2 2 2 2 2 2 2 2 2 2 2
left_child=2 5 4 24 -1 -2 7 19 9 10 16 18 -13 -6 26 -14 -9 27 20 -7 21 22 -11 -22 -4 -23 -15 -8 29 -29
right_child=1 -3 3 -5 13 6 17 8 -10 11 -12 12 15 14 -16 -17 -18 -19 -20 -21 23 25 -24 -25 -26 -27 -28 28 -30 -31
leaf_value=0.0022129387967288494 -0.012654553105433784 -0.014654763291279474 -0.0060796763925325308 -0.014417459331452848 -0.024849004335701468 -0.0038666665305693948 0.0052350511491762522 -0.008318984787911177 -0.014904343370686879 -0.018046821411699058 -0.02046871053054929 0.0023515033082471097 -0.015669426187458965 -0.021879529729485512 -0.00080495398669015803 -0.002362357098008356 0.0062339766749313907 -0.0056675371030966443 -0.0068133991340111047 0.0049988620220980749 0.0046120420549855086 0.0062860259041190155 -0.00087605766952037812 -0.0052163309919146389 0.0046003179145710808 -0.0044000601023435598 -0.010402215835215016 0.0035163062554197152 -0.004134816147627369 -0.0015242438497287888
leaf_weight=20 21 24 21 30 20 30 257 28 22 20 20 35 36 20 21 31 21 30 29 141 231 50 20 26 70 20 22 357 31 56
leaf_count=20 21 24 21 30 20 30 257 28 22 20 20 35 36 20 21 31 21 30 29 141 231 50 20 26 70 20 22 357 31 56
internal_value=1.50794e-11 0.000894687 -0.006135 -0.00196839 -0.0110298 0.0011415 0.00133581 -0.000296667 -0.00138252 -0.000857868 -0.00741148 5.01631e-05 -0.00544147 -0.0142208 -0.0108467 -0.00951242 -0.002082 0.00303306 0.00146467 0.00344351 0.0021188 -0.00138325 -0.00946144 0.00361773 0.0021357 0.00323286 -0.0158676 0.00340541 0.00234636 0.00283284
internal_weight=1760 1536 224 121 103 1512 1491 760 589 567 69 498 102 83 63 67 49 731 396 171 367 110 40 257 91 70 42 701 444 413
internal_count=1760 1536 224 121 103 1512 1491 760 589 567 69 498 102 83 63 67 49 731 396 171 367 110 40 257 91 70 42 701 444 413
is_linear=0
shrinkage=0.05


Tree=16
num_leaves=31
num_cat=0
split_feature=221 215 152 136 273 82 94 297 316 140 96 196 290 252 87 330 228 227 123 218 186 261 252 323 329 218 137 277 283 137
split_gain=3.48743 2.12808 1.69912 1.51919 1.46322 1.50592 1.28583 1.24357 1.17491 1.17085 1.64182 1.43443 1.20597 1.38149 0.927884 1.68159 1.248 1.50887 1.05921 1.36596 0.958584 1.33293 0.812721 0.802329 0.654525 0.622128 0.602038 0.655912 0.491157 0.44819
threshold=-0.058662310025476921 0.52972388492861222 0.022038970210773178 0.015747078974570294 -0.11227780571871669 -0.24291694200001504 -0.067833272780798023 0.018891798061373508 0.0030218047415408711 0.023639685354970175 -0.016010588462223762 -0.0012532488286252487 0.00065428324601937574 -0.0019896350021197311 0.005935905707386677 0.054879120483202738 -0.029192107519242418 -0.074458154452822597 0.023243432417731962 -0.010076317824405776 -0.012160799657435949 -0.00084800766054856779 -0.0070229764738403214 0.0046345543068252509 -0.0016147961720137567 0.15139678533042122 -0.0030795664466248336 0.0010181851409264934 0.020418781953866972 0.0043353203935604058
decision_type=2 2 2 2 2 2 2 2 2 2 2 2 2 2 2 2 2 2 2 2 2 2 2 2 2 2 2 2 2 2
left_child=2 4 3 6 -2 9 -1 8 22 10 -6 -11 28 -14 15 16 -7 -18 20 -20 21 -19 -8 -5 -15 29 27 -22 -12 -16
right_child=1 -3 -4 23 5 14 7 -9 -10 11 12 -13 13 24 25 -17 17 18 19 -21 26 -23 -24 -25 -26 -27 -28 -29 -30 -31
leaf_value=-0.020565786153078081 -0.012021825249705997 -0.013922025139133135 0.0039616548129030177 0.0065227442731459933 -0.012980883770986744 0.0058257343650785923 -0.007297720484759497 -0.016873926321665449 -0.012029375172116691 0.0024065018072724344 0.0071022868681121891 -0.014136570750882753 -0.010482939987166508 0.008192665595561267 0.0044623182062981746 -0.013321108963679185 -0.01395074451342225 -0.013211904935862707 0.0023764092283922117 -0.012745656166225673 -0.0067674345374107367 0.002674521926429964 0.0052880447357892997 -0.0070370164327323431 -0.0040545880608260634 -0.0034940992189305166 0.005554770426824689 0.0037748928388787644 -0.00044116423495354194 0.002025387265672118
leaf_weight=25 21 24 37 24 23 97 23 30 36 20 71 38 37 24 404 22 20 23 28 32 25 31 29 20 20 35 120 36 31 354
leaf_count=25 21 24 37 24 23 97 23 30 36 20 71 38 37 24 404 22 20 23 28 32 25 31 29 20 20 35 120 36 31 354
internal_value=7.73897e-12 0.000849953 -0.00582825 -0.00776529 0.00108443 0.00126902 -0.0102651 -0.00808279 -0.00508582 -0.00215671 -0.000389857 -0.00843206 0.00119262 -0.00336218 0.0020061 0.000147499 0.000866696 -0.000660372 0.00024067 -0.00568869 0.00175455 -0.00409192 -0.000278736 0.000359217 0.00262573 0.00302329 0.0034988 -0.000545733 0.00480967 0.00332423
internal_weight=1760 1536 224 187 1512 1491 143 118 88 264 206 58 183 81 1227 434 412 315 295 60 235 54 52 44 44 793 181 61 102 758
internal_count=1760 1536 224 187 1512 1491 143 118 88 264 206 58 183 81 1227 434 412 315 295 60 235 54 52 44 44 793 181 61 102 758
is_linear=0
shrinkage=0.05


Tree=17
num_leaves=31
num_cat=0
split_feature=221 215 87 273 93 262 285 236 94 168 149 148 140 278 114 0 315 87 217 243 324 245 116 192 196 152 288 213 119 247
split_gain=3.14741 1.92059 1.54256 1.32056 1.36766 1.18346 1.10176 1.24306 1.23946 1.65517 1.09735 1.08946 1.23019 1.5344 1.52763 1.03152 1.77851 1.28779 0.808844 0.782261 1.21395 0.781922 0.92137 0.720463 0.696905 0.687934 0.585828 0.580143 0.526537 0.840862
threshold=-0.058662310025476921 0.52972388492861222 -0.03102924848282922 -0.11227780571871669 0.011109325066421583 -0.020223421695812777 -0.011359847836717661 0.06483329422983071 -0.060572280420243547 -0.0095436564469489286 -0.011708042611414208 -0.027631370148365423 0.02330050256567661 0.031216230965658103 -0.0060310792536972775 5.8464345984891102 -0.011700543284874897 0.039424946861634523 0.11722534623981132 0.023243420623970869 0.0061990052487900576 0.049614962696015098 0.012261747602324012 -0.028433464094587184 -0.0045838873006689091 -0.0089207449574091584 -0.021316037525826798 0.13218523174968325 -0.0075009794624654189 0.014876006574772014
decision_type=2 2 2 2 2 2 2 2 2 2 2 2 2 2 2 2 2 2 2 2 2 2 2 2 2 2 2 2 2 2
left_child=2 3 10 -2 6 -4 7 21 9 -8 -1 26 15 14 -14 19 -17 -18 28 -13 -21 23 -23 -5 -12 -7 -10 -26 29 -6
right_child=1 -3 5 4 18 25 8 -9 11 -11 24 12 13 -15 -16 16 17 -19 -20 20 -22 22 -24 -25 27 -27 -28 -29 -30 -31
leaf_value=-0.001363608767760211 -0.01142073433314051 -0.013225923664867878 -0.0097466147594874909 -0.0032090591611685579 -0.00073688611561475807 -0.0058414408937096599 0.00084055194941659779 -0.0077936940794361047 -0.0029526863619685172 -0.016776056960225105 -0.0045639492582995453 0.004372058363161355 -0.022230525169035661 0.0030842910944060848 -0.0046950194984674461 -0.017143042673441498 -0.0075493840074964931 0.0061135373571339774 -0.0052900918324788413 -0.0094672423577116388 0.005693541224236074 0.0037884364028771718 -0.0090713475329371601 0.0055139319395190491 -0.020627428192113127 0.00449481754253308 0.0069710036675477843 -0.010908581195947002 0.0041652892410070043 0.0051440306721215554
leaf_weight=29 21 24 31 27 172 22 24 29 20 30 20 107 23 22 27 22 35 34 30 31 23 30 26 192 28 60 58 34 435 94
leaf_count=29 21 24 31 27 172 22 24 29 20 30 20 107 23 22 27 22 35 34 30 31 23 30 26 192 28 60 58 34 435 94
internal_value=5.23869e-12 0.000807455 -0.00553684 0.00103021 0.00120557 -0.00142449 -0.000279584 0.00205201 -0.00183398 -0.00894645 -0.00972327 -0.000878574 -0.00215571 -0.00791963 -0.0127614 -0.000508881 -0.0047639 -0.00081693 0.00274965 0.00189613 -0.00300987 0.00309029 -0.00218218 0.00443849 -0.0126797 0.00172168 0.00442647 -0.0152977 0.00309372 0.00134133
internal_weight=1760 1536 224 1512 1491 113 760 304 456 54 111 402 324 72 50 252 91 69 731 161 54 275 56 219 82 82 78 62 701 266
internal_count=1760 1536 224 1512 1491 113 760 304 456 54 111 402 324 72 50 252 91 69 731 161 54 275 56 219 82 82 78 62 701 266
is_linear=0
shrinkage=0.05


Tree=18
num_leaves=31
num_cat=0
split_feature=221 215 136 152 87 119 253 138 171 274 94 297 316 287 285 213 117 214 268 252 175 279 110 1 260 259 266 61 301 335
split_gain=2.84053 1.73333 1.46488 1.26202 1.22244 1.64741 1.84981 1.74372 1.94292 1.48017 1.04704 1.08761 1.06793 0.999425 1.76291 0.917304 1.02567 0.940942 0.840468 0.713749 0.66995 0.701912 1.53045 0.849306 0.644091 0.603853 1.0819 0.616867 0.556745 0.669891
threshold=-0.058662310025476921 0.52972388492861222 0.015747078974570294 0.023395476592438187 -0.0062667496254671861 -0.0062621284680814829 0.01851280701510254 -0.0023758313907812413 -0.0025430908252615414 -0.00046881235323917476 -0.067833272780798023 0.018891798061373508 0.0030218047415408711 0.0081048242240375542 0.0096061156423979718 -0.10590806882206912 -0.078743290904460847 0.1420794009298457 0.020008214190469574 -0.0070229764738403214 0.031609843977010742 -0.0096690086542648348 0.056780379835429225 5.1386965958682636 0.013815821849668975 -0.02845611938114823 0.0080243423699743882 3.0201273556387074 -0.0035605998191199839 -0.00083033780647432862
decision_type=2 2 2 2 2 2 2 2 2 2 2 2 2 2 2 2 2 2 2 2 2 2 2 2 2 2 2 2 2 2
left_child=2 4 3 10 5 6 7 8 -2 -8 -1 12 19 25 18 16 -6 -17 -15 -12 21 -18 23 -23 -4 26 -7 -27 -9 -30
right_child=1 -3 24 -5 15 13 9 28 -10 -11 11 -13 -14 14 -16 17 20 -19 -20 -21 -22 22 -24 -25 -26 27 -28 -29 29 -31
leaf_value=-0.018442272566832032 -0.016472317170231576 -0.012564627709798515 0.0057204182052777875 0.0032535793016786165 -0.010709805177016692 -0.010050562718375164 -0.019693587828547725 0.010244758163268369 0.00049724207712790449 -0.0027357090603221546 -0.0065500160031344585 -0.015579453408718108 -0.01117516739670666 0.0045594136177931196 -0.013367555675835446 0.0033017430695540767 0.0053310396267643462 -0.0077017581835389136 -0.007066094570539215 0.0052445365501375034 -0.0057591514108148783 0.0033898073026036794 -0.013010178914382345 -0.0063375203604144718 -0.0052980188635133561 0.0054266987917705994 0.005458790549765463 -0.0039003593381494285 0.0067191109569235286 -0.0059244771488010887
leaf_weight=26 31 24 36 23 22 22 31 24 37 22 23 30 36 53 29 680 79 20 22 29 37 113 21 28 21 156 23 20 22 20
leaf_count=26 31 24 36 23 22 22 31 24 37 22 23 30 36 53 29 680 79 20 22 29 37 113 21 28 21 156 23 20 22 20
internal_value=-1.05386e-11 0.000767082 -0.00525999 -0.00762225 0.000978697 -0.00100819 -0.0047472 -0.00161969 -0.00723888 -0.0126545 -0.00935936 -0.00735804 -0.00455528 0.00114318 -0.00289869 0.00199598 -0.000317228 0.00298736 0.00114926 2.77152e-05 0.000505207 0.00146695 -0.000417383 0.00145814 0.00166099 0.00304524 -0.00212356 0.00436681 0.00416977 0.000698355
internal_weight=1760 1536 224 167 1512 512 187 134 68 53 144 118 88 325 104 1000 300 700 75 52 278 241 162 141 57 221 45 176 66 42
internal_count=1760 1536 224 167 1512 512 187 134 68 53 144 118 88 325 104 1000 300 700 75 52 278 241 162 141 57 221 45 176 66 42
is_linear=0
shrinkage=0.05


Tree=19
num_leaves=31
num_cat=0
split_feature=221 215 90 152 0 82 89 289 96 323 171 140 91 106 199 211 211 180 223 157 106 221 194 277 227 147 257 302 122 86
split_gain=2.56503 1.55083 1.55173 1.21596 2.20586 1.19152 1.1467 1.1114 1.12619 0.911823 0.845052 1.45071 1.16576 0.81965 0.76173 0.982411 1.69722 1.71065 1.58856 0.815673 0.737821 0.733027 0.720198 0.612267 0.589504 0.543541 0.530961 0.6435 0.630747 0.495895
threshold=-0.064748511532276384 0.52972388492861222 -0.30197436243001147 -0.00093557117168077588 11.03313783648162 -0.24291694200001504 0.016235599129338741 -0.037282916975597366 -0.01267220069562486 1.0000000180025095e-35 0.00012483726649136951 0.023639685354970175 -0.020229980428787448 0.020255041538939696 0.0014016412257564631 0.013195092978592829 0.065058965156608764 0.00067850883552227862 -0.0013087686228290976 0.045399204776559135 0.10072941190815972 -0.043083578259536619 0.063328897718364377 0.084048494931481213 0.028083686688645412 -0.013080837982663737 0.020988390611869502 -0.051204167380633318 -0.056355019982014039 0.083182913619392451
decision_type=2 2 2 2 2 2 2 2 2 2 2 2 2 2 2 2 2 2 2 2 2 2 2 2 2 2 2 2 2 2
left_child=3 2 -2 6 25 7 9 -4 21 -1 11 12 -10 -14 20 19 17 18 -17 26 22 -9 23 -7 -12 -5 27 -16 -29 -30
right_child=1 -3 5 4 -6 14 -8 8 10 -11 24 -13 13 -15 15 16 -18 -19 -20 -21 -22 -23 -24 -25 -26 -27 -28 28 29 -31
leaf_value=-0.00095418654994941076 -0.009535353566919055 -0.011936396212937933 -0.012635350498286161 -0.0044285663869231941 -0.013516243707774015 0.0040207647290276174 -0.017452064781419693 -0.0021025778725743296 -0.0096735676484448578 -0.013936432433270274 0.0059296406662234895 -0.013007854461669922 0.0073472375903899483 -0.0047004361450672149 -0.0062155764678428916 0.005864271797239781 0.0034722099868723984 -0.019287608579422036 -0.011960220575332643 -0.008320692889392375 -0.0043414693664420743 -0.015328572914004327 -0.0043635774018435649 -0.0044793433933095501 -0.0036923289671540261 0.0051517301876293983 0.0047204104699487765 -0.0056305603848563306 0.0034214501561341338 -0.0026671141199767594
leaf_weight=38 35 24 22 20 29 572 31 22 21 21 78 25 48 20 29 25 52 24 25 20 33 20 29 22 20 57 127 27 204 40
leaf_count=38 35 24 22 20 29 572 31 22 21 21 78 25 48 20 29 25 52 24 25 20 33 20 29 22 20 57 127 27 204 40
internal_value=-3.25434e-12 0.000675724 0.000872276 -0.005392 -0.00176315 0.00111431 -0.00966598 -0.00185443 -0.000920651 -0.00557499 0.00056124 -0.00236564 0.00062375 0.0038038 0.00178101 0.000449121 -0.00345037 -0.00831488 -0.00304797 0.00154831 0.00294439 -0.00840067 0.00333032 0.00370595 0.00396597 0.00266334 0.00201055 0.000863381 0.00162091 0.00242332
internal_weight=1760 1564 1540 196 106 1505 90 276 254 59 212 114 89 68 1229 573 126 74 50 447 656 42 623 594 98 77 427 300 271 244
internal_count=1760 1564 1540 196 106 1505 90 276 254 59 212 114 89 68 1229 573 126 74 50 447 656 42 623 594 98 77 427 300 271 244
is_linear=0
shrinkage=0.05


Tree=20
num_leaves=31
num_cat=0
split_feature=221 215 171 87 301 273 149 93 325 142 285 270 117 199 89 300 251 0 159 106 111 203 227 291 171 217 263 174 119 298
split_gain=2.32177 1.4121 1.29412 1.48423 1.39263 1.09286 1.05846 1.04061 1.00223 1.12059 1.27635 1.42102 1.69106 1.17156 1.70007 1.22858 1.11945 0.883222 0.820279 0.756077 0.747156 0.756907 0.684741 0.630334 0.897681 0.610298 0.744593 0.520905 0.510329 0.727091
threshold=-0.058662310025476921 0.52972388492861222 0.020441208906184664 0.04266462987506954 -0.017373878183793625 -0.11227780571871669 -0.010481683812698117 0.011109325066421583 -0.03414866927284977 0.010895347700066149 0.0076283573451517064 0.036814145961893759 0.020367429717639995 0.011410395863574771 0.0014296563191906395 -0.0017685740417905467 0.061109085624721525 4.9870196042435371 0.0040755462276334661 0.016016214539352029 0.013492583465049281 -0.002204659115005034 -0.090777665598817656 0.031412653827267226 0.032782369842414553 -0.0075340413872845282 0.016320080742462221 -0.017259100926817376 -0.00090453993261860907 0.074819620606316722
decision_type=2 2 2 2 2 2 2 2 2 2 2 2 2 2 2 2 2 2 2 2 2 2 2 2 2 2 2 2 2 2
left_child=2 5 3 4 -1 -2 -6 8 -7 13 16 12 18 23 17 -16 19 -15 -12 -11 21 -8 -9 24 25 -10 27 -27 29 -24
right_child=1 -3 -4 -5 6 7 20 22 9 10 11 -13 -14 14 15 -17 -18 -19 -20 -21 -22 -23 28 -25 -26 26 -28 -29 -30 -31
leaf_value=-0.018043280717345976 -0.010442221093745459 -0.011339576449245214 0.0033955495804548264 0.0032597440760582688 0.0014711082955314355 0.0040932658969103234 0.0014164210519874874 -0.0054231928178557652 0.0053850989478329819 0.0043498071409027337 0.0070143205579370265 -0.020204675998538733 -0.015331560158385681 -0.0067061957437545066 -0.0026198723841281166 -0.019179952920724951 -0.011452963370829822 0.0051711020453108682 -0.0063520274887030777 -0.0049071309738792481 -0.01512388944393024 -0.010399409242425904 0.0020042754937799607 0.0069388032718389128 -0.0080048802196979515 -0.0051472655187050501 -0.0062077365712159211 0.0035303474185342087 0.0040994403057820388 -0.0068279750049114228
leaf_weight=31 21 24 40 32 33 113 23 27 84 71 24 20 26 24 21 24 20 45 22 32 32 33 343 54 25 21 36 98 336 25
leaf_count=31 21 24 40 32 33 113 23 27 84 71 24 20 26 24 21 24 20 45 22 32 32 33 343 54 25 21 36 98 336 25
internal_value=5.82077e-13 0.000693508 -0.00475548 -0.00652745 -0.00858791 0.00088451 -0.00616546 0.00104404 -0.000251431 -0.00101024 -0.00395984 -0.00841429 -0.00513919 0.00045773 -0.0038911 -0.0114519 -0.000628058 0.00103987 0.000621719 0.00147387 -0.00902917 -0.00554648 0.00239091 0.00201674 0.00100996 0.00195293 9.29223e-05 0.001999 0.0026906 0.00140426
internal_weight=1760 1536 224 184 152 1512 121 1491 760 647 215 92 72 432 114 45 123 69 46 103 88 56 731 318 264 239 155 119 704 368
internal_count=1760 1536 224 184 152 1512 121 1491 760 647 215 92 72 432 114 45 123 69 46 103 88 56 731 318 264 239 155 119 704 368
is_linear=0
shrinkage=0.05


Tree=21
num_leaves=31
num_cat=0
split_feature=2 215 90 211 105 223 118 141 238 114 297 188 266 139 236 283 82 97 123 241 324 117 320 313 223 289 261 253 287 87
split_gain=2.1542 2.20986 1.32838 1.04985 1.2837 1.02229 1.11092 1.33687 1.42012 1.08714 0.999725 0.920297 1.25988 1.64606 0.7523 0.921546 0.709392 0.698963 0.650882 1.04535 0.733062 0.893302 0.746642 1.56077 0.632787 0.600247 0.598231 0.88182 0.51497 0.504965
threshold=5.033058237992174 0.38733954410526811 -0.30197436243001147 0.013195092978592829 -0.080826838129763767 -0.043173933151289187 -0.0033985020049474728 0.0056504468731595021 -0.016408051823428371 -0.017101516111626403 0.014619162749269875 -0.0043345715758079583 0.0076180626258809262 -0.0090407484096087492 -0.0075956185639257049 0.0057727342118610763 -0.31426801317279018 -0.058875614910385128 -0.013047538573664428 -0.089642486567936622 -0.00047844058884474169 0.041624528086876104 0.023471106853290492 0.0024634327760067929 -0.0015160947896316094 0.062426170219124222 -0.00029118513398356801 0.0404783029797511 0.036441231660243885 -0.018810128606322359
decision_type=2 2 2 2 2 2 2 2 2 2 2 2 2 2 2 2 2 2 2 2 2 2 2 2 2 2 2 2 2 2
left_child=1 2 -1 17 10 -6 7 8 -7 -10 -5 12 13 -8 16 24 -2 -4 -19 -20 21 22 25 -24 -16 28 -22 -28 -21 -9
right_child=14 -3 3 4 5 6 11 29 9 -11 -12 -13 -14 -15 15 -17 -18 18 19 20 26 -23 23 -25 -26 -27 27 -29 -30 -31
leaf_value=-0.008874170045767512 -0.018104049696453982 -0.011767183761629794 0.0051214518874664518 -0.0017487092032319026 0.0040548924319814923 -0.017483191264252511 0.00099481173924037395 0.0074295600432725184 -0.011967964697143306 0.0027028622238763744 -0.017176921275399982 0.0049728133852283167 0.0041334390108074461 -0.019048046357929709 -0.0044408894063014048 -0.0098454234716031826 -0.0059471558846001119 0.0030318009714453906 -0.010883506815880538 0.0031057955404178482 0.0045180974991032574 -0.0082610937892585185 0.0019112996555663442 -0.013899225327703688 0.0074203423880548642 -0.006886711940169335 0.0016589147998736454 -0.0096187416464090358 -0.0048445320485726653 -0.0036715929768979549
leaf_weight=35 21 36 136 21 101 31 21 21 23 28 21 75 35 20 23 31 28 354 20 178 165 37 37 27 22 20 130 20 23 20
leaf_count=35 21 36 136 21 101 31 21 21 23 28 21 75 35 20 23 31 28 354 20 178 165 37 37 27 22 20 130 20 23 20
internal_value=-5.71493e-12 0.000483674 0.00075949 0.000975077 -0.00117339 -0.00024498 -0.00182997 -0.0053575 -0.00904344 -0.00391339 -0.00946282 0.00104345 -0.0028342 -0.00878219 -0.00632645 -0.00321186 -0.0111573 0.00175617 0.00130347 0.000372225 0.000725623 -0.000952013 -3.11532e-06 -0.00475877 0.00135794 0.00137409 0.00244054 0.000155227 0.00219606 0.00201436
internal_weight=1760 1635 1599 1564 417 375 274 123 82 51 42 151 76 41 125 76 49 1147 1011 657 637 322 285 64 45 221 315 150 201 41
internal_count=1760 1635 1599 1564 417 375 274 123 82 51 42 151 76 41 125 76 49 1147 1011 657 637 322 285 64 45 221 315 150 201 41
is_linear=0
shrinkage=0.05


Tree=22
num_leaves=31
num_cat=0
split_feature=221 90 215 152 0 161 82 289 95 130 231 231 261 295 266 231 322 237 289 324 160 205 88 0 163 172 174 147 172 288
split_gain=1.96407 1.1719 1.18202 1.14709 1.846 1.25375 0.838954 0.896812 0.859287 0.831678 0.678324 1.00658 1.43775 0.888625 0.744172 0.674327 1.10594 1.80092 1.94081 2.27852 1.0638 0.7581 0.726129 0.668807 0.56412 0.925622 0.522606 0.466678 0.462228 0.446364
threshold=-0.062165213649350577 -0.30197436243001147 0.52972388492861222 -0.00093557117168077588 11.03313783648162 -0.0065231981979162312 -0.24291694200001504 -0.037282916975597366 -0.043827790280493863 -0.014412989515803816 -0.031803925684336119 0.025672740158988933 0.0024543735598124912 0.022085860352682025 0.0051425097230120209 0.0014321423731340627 0.0061441366195052307 0.0080114355962036463 0.0041436077811739828 -0.0040274700332313352 -0.021522968020472499 0.046268517294615091 -0.23517315661578672 3.8176519431297078 -0.042233771364507434 0.022949151085558579 -0.020411467623260255 -0.013080837982663737 0.014788927527668248 -0.010865841148789416
decision_type=2 2 2 2 2 2 2 2 2 2 2 2 2 2 2 2 2 2 2 2 2 2 2 2 2 2 2 2 2 2
left_child=3 -2 6 5 27 -1 7 -3 -9 -7 -10 12 13 -12 -14 16 21 18 20 -20 -18 23 -17 -8 25 -24 -19 -5 -22 -25
right_child=1 2 -4 4 -6 9 15 8 10 -11 11 -13 14 -15 -16 22 17 26 19 -21 28 -23 24 29 -26 -27 -28 -29 -30 -31
leaf_value=0.002022967212410136 -0.0084304614577974599 -0.011196274716745724 -0.010184238664805889 -0.003940964387729764 -0.011940792354690874 -0.0030663953029683661 -0.0060614201284590226 -0.0094530877321958549 0.0055879292155926429 -0.014763097540602427 0.0051830606281080029 0.004264109678052623 -0.017315867596438952 -0.0071242624893784528 -0.0050436961247275272 -0.0060827377844940534 -0.010048212208177733 -0.0040438007563352585 -0.021594151901081205 -0.0027256821893388407 0.0051238092653294832 -0.006933607770638033 -0.010138467941433192 0.00070411439836025238 0.0036364743759530402 0.0050735512748360636 0.0050157729966136128 0.0048256616211599778 -0.0039517118595540522 0.0044022008301095759
leaf_weight=22 35 22 24 20 29 21 21 25 48 55 44 58 21 22 30 22 23 20 32 32 47 22 20 125 504 20 78 63 20 235
leaf_count=22 35 22 24 20 29 21 21 25 48 55 44 58 21 22 30 22 23 20 32 32 47 22 20 125 504 20 78 63 20 235
internal_value=-3.85626e-12 0.000614803 0.00082377 -0.00453783 -0.00108112 -0.00848836 0.00100096 -0.00152122 -0.000662949 -0.0115311 0.000322492 -0.00112174 -0.00379165 0.00108062 -0.0100969 0.00155869 0.000466409 -0.00213176 -0.00550363 -0.0121599 -0.000770268 0.00209107 0.00282273 0.00261218 0.00318288 -0.00253246 0.00316688 0.00271322 0.0024147 0.00311814
internal_weight=1760 1550 1515 210 112 98 1491 270 248 76 223 175 117 66 51 1221 655 252 154 64 90 403 566 381 544 40 98 83 67 360
internal_count=1760 1550 1515 210 112 98 1491 270 248 76 223 175 117 66 51 1221 655 252 154 64 90 403 566 381 544 40 98 83 67 360
is_linear=0
shrinkage=0.05


Tree=23
num_leaves=31
num_cat=0
split_feature=2 215 85 223 94 306 237 145 266 84 129 241 232 142 262 219 159 125 8 94 312 209 211 245 205 318 271 85 251 115
split_gain=1.78213 1.79999 1.09742 1.12714 1.89835 1.56122 1.07041 1.58024 0.914774 0.81373 0.848239 1.35348 1.02498 0.736706 0.88942 1.23503 0.779711 0.716629 0.661627 0.644255 0.642276 0.9634 0.550461 0.487194 0.420437 0.579592 0.775873 0.394102 1.03952 0.588107
threshold=5.033058237992174 0.38733954410526811 -0.038574569705722782 -0.043173933151289187 -0.060572280420243547 -0.0018190324368293571 -0.069145778848546058 -0.0013890016638702818 -0.070703411603534369 0.30089541117689561 -0.028647604169812057 -0.03542157834971521 -0.020384497016615575 0.0074368723174904382 -0.020223421695812777 -0.052552908673418323 0.0020665277969966968 -0.024113530052803905 0.015536077235772361 -0.10337962859049489 -0.0088341094929740935 0.45439160690669661 -0.0155659873400223 0.090664287350655556 -0.0044848543612819583 -0.0053805019821579004 0.025202158881468772 0.11585623027221928 -0.03663161478534549 -0.031131641157882028
decision_type=2 2 2 2 2 2 2 2 2 2 2 2 2 2 2 2 2 2 2 2 2 2 2 2 2 2 2 2 2 2
left_child=1 2 3 17 5 -5 7 -6 -8 10 11 -10 -13 14 -2 16 -16 18 -1 -4 21 22 -12 27 25 -22 -27 -21 -29 -30
right_child=13 -3 19 4 6 -7 8 -9 9 -11 20 12 -14 -15 15 -17 -18 -19 -20 23 24 -23 -24 -25 -26 26 -28 28 29 -31
leaf_value=-0.0060022969937158959 -0.012617885773735389 -0.010616612061858178 -0.0049359169534661552 -0.00039993989402833198 0.002274074135348201 -0.017266898361199042 -0.0098460494338170352 -0.016582085847854613 -0.010902156819190299 -0.0071698008951815691 -0.0049103762395679949 -0.0067916657918920889 0.0056782552392946354 -0.012438368727453054 0.0010701048979535699 0.0070695059711177802 -0.012297155782774401 0.0050495837393224746 0.0043518360980131015 0.0034754926926276507 0.0067663496360182767 -0.0079917460214346658 0.0046679036412388087 -0.0051506455987691884 0.0062078559911757153 -0.0072252897609924455 0.0050718508336855019 -0.0095674746802874994 -0.0041084975507613775 0.0025382205112373002
leaf_weight=36 21 36 33 23 20 34 23 25 35 33 20 26 45 31 20 29 24 117 27 409 32 32 60 22 106 29 23 21 37 331
leaf_count=36 21 36 33 23 20 34 23 25 35 33 20 26 45 31 20 29 24 117 27 409 32 32 60 22 106 29 23 21 37 331
internal_value=6.85263e-12 0.000439926 0.000688854 -0.000711823 -0.00180784 -0.0104609 -0.00083883 -0.00820157 -0.000124771 0.000382234 0.00099306 -0.00285507 0.00111181 -0.00575423 -0.00354989 -0.000941287 -0.00622113 0.00273455 -0.00156481 0.00191383 0.00234373 -0.000659546 0.00227333 0.00218949 0.00411408 0.00147193 -0.00178617 0.00239185 0.00125249 0.00186994
internal_weight=1760 1635 1599 746 566 57 509 45 464 441 408 106 71 125 94 73 44 180 63 853 302 112 80 820 190 84 52 798 389 368
internal_count=1760 1635 1599 746 566 57 509 45 464 441 408 106 71 125 94 73 44 180 63 853 302 112 80 820 190 84 52 798 389 368
is_linear=0
shrinkage=0.05


Tree=24
num_leaves=31
num_cat=0
split_feature=221 90 152 0 161 93 88 222 246 106 81 231 327 130 245 335 253 161 119 310 199 194 218 321 127 205 302 320 1 147
split_gain=1.62755 1.00364 0.999129 1.58284 1.08478 0.956935 1.21381 1.22416 1.14195 0.830402 0.844418 1.04231 0.748565 0.725707 0.680467 1.00003 0.682923 0.655967 0.64357 0.776964 1.01852 0.530455 0.707405 1.19359 1.16306 0.56123 0.485039 0.463513 0.41335 0.406957
threshold=-0.062165213649350577 -0.30197436243001147 -0.00093557117168077588 11.03313783648162 -0.0065231981979162312 0.00073201124887372325 -0.2183969072777541 0.015883686238005273 -0.12891518288634171 0.097381275912149012 -0.52572234698735942 0.0063902681881251493 0.0038317711420438462 -0.014412989515803816 0.066424984736576931 -0.00019034805071211451 -0.062636148643754025 0.028116642849796831 0.014796225897538848 -0.0032750015657241243 0.00011684276643768921 -0.00086318680467184939 0.012039791880949552 -0.0013707247084436196 -0.0019484230692513452 0.037781394571212212 -0.046698199858529264 0.049601117862016479 3.6242520361853052 -0.013080837982663737
decision_type=2 2 2 2 2 2 2 2 2 2 2 2 2 2 2 2 2 2 2 2 2 2 2 2 2 2 2 2 2 2
left_child=2 -2 4 29 -1 6 -3 8 -8 10 11 -10 14 -6 16 -16 -12 -14 -18 -20 -21 27 25 -24 -25 26 -23 -7 -15 -4
right_child=1 5 3 -5 13 21 7 -9 9 -11 12 -13 17 28 15 -17 18 -19 19 20 -22 22 23 24 -26 -27 -28 -29 -30 -31
leaf_value=0.0019596101758493621 -0.0078110943521772121 -0.012795524820685387 -0.003605096284300089 -0.010960602114009191 -0.0027409925763051783 0.0035859443774834314 -0.01097867013886571 -0.0098233767086640007 -0.010722019337117673 -0.008296234279870987 -0.0076119125598952883 0.0030621971158931657 0.0047225940091462403 -0.008151721741471973 -0.01268309859248499 0.0022575110729251588 0.0042512013984859478 -0.0037102355550114926 0.0030424822382628921 0.0020280306183156514 -0.013050057273358107 -0.0030042217630479075 0.0028576985125740371 -7.3401692012945818e-05 -0.014953444294374566 -0.0048855911169586519 0.0032080695285699387 -0.0021251509682490275 -0.017073701861697963 0.0045814012901650531
leaf_weight=22 35 20 20 29 21 399 22 32 32 25 21 24 204 21 24 21 121 26 50 21 24 36 45 24 29 29 247 39 34 63
leaf_count=22 35 20 20 29 21 399 22 32 32 25 21 24 204 21 24 21 121 26 50 21 24 36 45 24 29 29 247 39 34 63
internal_value=-4.13407e-12 0.00055966 -0.00413082 -0.000904742 -0.00781777 0.000753043 -0.000663859 -0.000288846 0.000207259 0.000622252 0.00101479 -0.0048145 0.00165237 -0.0106481 -7.422e-05 -0.00571081 0.000996019 0.00376932 0.0018329 -0.00124725 -0.00601362 0.00186752 0.000574985 -0.00313077 -0.00821531 0.00173897 0.00241781 0.00307742 -0.0136671 0.00260875
internal_weight=1760 1550 210 112 98 1515 667 647 615 593 568 56 512 76 282 45 237 230 216 95 45 848 410 98 53 312 283 438 55 83
internal_count=1760 1550 210 112 98 1515 667 647 615 593 568 56 512 76 282 45 237 230 216 95 45 848 410 98 53 312 283 438 55 83
is_linear=0
shrinkage=0.05


Tree=25
num_leaves=31
num_cat=0
split_feature=221 93 0 256 86 227 249 115 237 54 93 88 268 119 133 184 285 2 127 142 239 153 110 309 137 259 336 190 328 153
split_gain=1.46886 0.954952 1.32469 1.09283 0.95452 1.7727 1.01077 1.01037 1.72013 0.974373 0.944858 0.883636 0.836408 0.954633 1.17192 0.946782 0.748319 1.18573 1.40994 1.06354 1.08565 0.720684 0.979018 0.85667 0.649292 0.603287 0.513023 0.460323 0.424129 0.534524
threshold=-0.062165213649350577 -0.035354617033375099 11.03313783648162 -0.036846129889306488 -0.077756395271871212 -0.072694743408469514 -0.057866350267321634 -0.034734158846991783 0.038512832062612502 0.89587973461402759 0.014353144228707352 -0.23517315661578672 0.0021667235273170569 -0.0075009794624654189 -0.015411120972482562 0.00011667586472171179 0.0087036098082330943 1.4978661367769956 0.032582587285845108 -0.014292327903107286 0.00098280346101388763 -0.0056836923199034507 -0.014366467448169083 0.0040749055206946534 0.00076288824877233073 -0.037130558306165712 -0.025012867172542731 0.0069762805705309936 0.00048966312543887651 0.013708933380794012
decision_type=2 2 2 2 2 2 2 2 2 2 2 2 2 2 2 2 2 2 2 2 2 2 2 2 2 2 2 2 2 2
left_child=1 -1 3 -3 5 -2 -7 8 -8 12 11 -6 13 14 -9 -16 21 27 19 -19 -21 22 23 -13 -10 -15 -24 -18 -5 -30
right_child=4 2 -4 28 10 6 7 9 24 -11 -12 16 -14 25 15 -17 17 18 -20 20 -22 -23 26 -25 -26 -27 -28 -29 29 -31
leaf_value=-0.01187646056059748 -0.014007941332574075 -0.0088085378919328973 -0.010022037599066442 0.0057743388224480441 -0.0097993227907202454 -0.01104482574896379 -0.0143575505744065 0.0041936282878336706 0.0054715290023335103 -0.0086530270054936409 0.0030288066413057483 -0.013809793106401744 0.0046142526940531926 -0.0053491574490354176 -0.00263307699157546 -0.016829347723852035 0.0038785632401704788 0.0012802043929696083 0.0057745392656042465 -0.0055734921828843658 -0.018813127577304842 0.0036774799942758413 -0.004648614457497994 0.00033941538073122501 -0.0062389380857348449 0.0040066185911806921 0.0036985300469530532 -0.0032078327103094622 -0.0041956780000111547 0.005791826475234259
leaf_weight=32 26 28 44 48 22 22 31 23 29 24 475 23 146 21 24 23 75 20 21 32 30 211 24 20 20 96 79 33 37 21
leaf_count=32 26 28 44 48 22 22 31 23 29 24 475 23 146 21 24 23 75 20 21 32 30 211 24 20 20 96 79 33 37 21
internal_value=1.73631e-12 -0.00392428 -0.00249468 -2.30039e-05 0.000531677 -0.00130698 -0.000587535 -6.10814e-05 -0.00513986 0.00107702 0.001369 3.27135e-05 0.00177828 -0.000435895 -0.00505451 -0.00958019 0.000413532 -0.00194712 -0.00578521 -0.00874563 -0.0119798 0.00180876 -0.000891916 -0.00722877 0.000691747 0.00232738 0.00175356 0.00171328 0.0022977 -0.000579513
internal_weight=1760 210 178 134 1550 485 459 437 80 357 1065 590 333 187 70 47 568 211 103 82 62 357 146 43 49 117 103 108 106 58
internal_count=1760 210 178 134 1550 485 459 437 80 357 1065 590 333 187 70 47 568 211 103 82 62 357 146 43 49 117 103 108 106 58
is_linear=0
shrinkage=0.05


Tree=26
num_leaves=31
num_cat=0
split_feature=221 333 152 177 108 86 227 249 115 237 268 221 119 93 8 245 2 285 127 142 121 330 227 175 300 196 120 165 178 104
split_gain=1.32565 0.898501 1.02043 1.13134 0.975888 0.861454 1.59986 0.91222 0.91186 1.55241 0.88866 1.14841 1.24807 0.852735 0.835775 0.748786 0.699712 1.18145 1.27247 0.959843 1.04857 0.774627 1.32544 0.678409 0.849889 0.605753 0.601012 0.597903 0.464548 1.03625
threshold=-0.062165213649350577 0.017207789473275295 0.022038970210773178 -0.0028062328840779862 -0.010634920791828876 -0.077756395271871212 -0.072694743408469514 -0.057866350267321634 -0.034734158846991783 0.038512832062612502 0.0056900410693820043 0.025702665875712728 0.0047601665226294299 0.014353144228707352 0.30151515151515157 0.019637855264517948 1.4978661367769956 0.0087036098082330943 0.032582587285845108 -0.014292327903107286 0.0053358158050105554 0.0040781545095197281 0.034492420869892113 0.0048206427454191283 -0.0013716182903121498 0.010980893759448116 -0.010057498796052529 -0.0078605331374023476 -0.01694958606048454 0.013415803582596888
decision_type=2 2 2 2 2 2 2 2 2 2 2 2 2 2 2 2 2 2 2 2 2 2 2 2 2 2 2 2 2 2
left_child=1 2 3 4 -1 6 -2 -8 9 -9 11 23 -13 14 16 26 28 21 19 -19 -21 22 -18 -10 -25 -11 -5 -6 29 -7
right_child=5 -3 -4 15 27 13 7 8 10 25 -12 12 -14 -15 -16 -17 17 18 -20 20 -22 -23 -24 24 -26 -27 -28 -29 -30 -31
leaf_value=-0.0092613994474372557 -0.013307543915624803 0.0033439270447234849 0.0038902540993988699 -0.0022477339274094752 -0.0039462628262117508 0.0038275479062183483 -0.010492584464902227 -0.013639672977789756 0.0032186794011452337 0.0054716488612549649 0.0044427323350382433 -0.01303103316356154 0.0024721736177092512 0.0028773663224358308 -0.0072442155784449057 -0.019240441732108593 0.0018023840685868087 0.0012161939591169358 0.005485812273053896 -0.0056696598551103051 -0.018784081687529885 0.0047593613862093676 -0.011470735553078927 -0.011683774348348379 0.0012368487566709521 -0.0057621603388161892 -0.013030458205944992 0.0078743687081758093 0.0034371061162290413 -0.0093497761636972439
leaf_weight=31 26 37 26 24 20 37 22 31 123 28 124 34 21 475 37 21 68 20 21 35 27 83 26 20 35 21 28 23 211 25
leaf_count=31 26 37 26 24 20 37 22 31 123 28 124 34 21 475 37 21 68 20 21 35 27 83 26 20 35 21 28 23 211 25
internal_value=-5.86293e-12 -0.00372807 -0.00524057 -0.00685555 -0.00249889 0.000505093 -0.00124163 -0.000558159 -5.80273e-05 -0.00488286 0.00102317 -0.000796685 -0.00711163 0.00130055 3.10778e-05 -0.0112719 0.000517852 -0.00123833 -0.00549595 -0.00830835 -0.0113808 0.00123927 -0.0018689 0.00115456 -0.00346156 0.000657159 -0.00805382 0.0023764 0.00231906 -0.00148589
internal_weight=1760 210 173 147 74 1550 485 459 437 80 357 233 55 1065 590 73 553 280 103 82 62 177 94 178 55 49 52 43 273 62
internal_count=1760 210 173 147 74 1550 485 459 437 80 357 233 55 1065 590 73 553 280 103 82 62 177 94 178 55 49 52 43 273 62
is_linear=0
shrinkage=0.05


Tree=27
num_leaves=31
num_cat=0
split_feature=1 215 87 329 95 155 278 101 265 295 183 167 232 157 275 102 118 142 140 317 220 107 104 187 291 125 268 112 96 206
split_gain=1.19974 1.20721 0.836499 1.26789 0.991281 1.35305 1.328 1.31447 0.779753 0.657106 0.826437 0.618213 0.693827 1.31406 0.636845 1.20337 1.62399 0.604381 0.603644 1.25656 0.589848 0.515356 0.744427 1.00428 0.865955 0.500474 0.484726 0.661779 0.434816 0.385374
threshold=8.9524645033942978 0.38733954410526811 -0.0038041082050223637 0.053225835597647798 -0.010863082892129524 0.017634142253419961 -0.011157734823301461 0.0049528431724218036 -0.044928915776131055 -0.017508165275890469 0.0036591340485546816 0.0030058772798605663 -0.058660519289677741 -0.00025470598080388129 0.031296376013736124 -0.011927681293771685 -0.01141662576718803 0.0082444114912557358 0.016897722150960016 0.018893019227025357 -0.025557984483974405 0.0072274376314871514 0.0023207656209525873 -0.00089083696417314171 -0.0072271940102903833 0.0032135506186176726 0.011778601035031892 -0.0012583776238850382 -0.019222032807086807 0.0043441506148215866
decision_type=2 2 2 2 2 2 2 2 2 2 2 2 2 2 2 2 2 2 2 2 2 2 2 2 2 2 2 2 2 2
left_child=1 2 3 4 5 7 -7 9 -6 -1 -11 12 13 -4 21 -16 -17 20 -10 25 -2 22 26 24 -24 -20 -14 -28 -22 -13
right_child=17 -3 11 -5 8 6 -8 -9 18 10 -12 29 14 -15 15 16 -18 -19 19 -21 28 -23 23 -25 -26 -27 27 -29 -30 -31
leaf_value=0.006562716005052008 0.0014635279897929115 -0.0087447467053102124 0.0045096274126659739 -0.012525915597443996 -0.0071496031748560758 -0.019515312750908464 -0.0034527398014981901 -0.009849313488512328 0.0032339506427602918 0.002838021758253928 -0.0069421835968063936 0.0040284808365789451 0.0046929364318126126 -0.011173081874628277 0.0027439208343051948 0.003280549729242921 -0.014775694319696137 -0.013188031939789652 -0.0047937899362295866 -0.012330831622793562 -0.0021673834789544344 0.0037464489846417075 -0.0011331160917230274 0.0014477406566341718 -0.014451918650705081 0.0047453510871326389 -0.0074169540622582037 0.0038073629526228741 -0.012468633803239626 0.0011142527820860468
leaf_weight=41 34 36 22 23 26 22 31 33 223 54 36 254 95 34 52 20 33 20 20 21 20 178 23 60 26 44 24 29 21 205
leaf_count=41 34 36 22 23 26 22 31 33 223 54 36 254 95 34 52 20 33 20 20 21 20 178 23 60 26 44 24 29 21 205
internal_value=-1.04278e-11 0.000311826 0.000511971 -0.0010241 -0.000543992 -0.00317508 -0.0101202 -0.000930618 0.00116543 0.00131608 -0.00107406 0.00134771 0.000285538 -0.00501202 0.000834914 -0.00266003 -0.00796202 -0.00546515 0.00186735 -0.00171797 -0.00340572 0.00167852 0.000246259 -0.00288942 -0.00820024 0.00176437 0.00255565 -0.00127535 -0.00744363 0.00272692
internal_weight=1760 1665 1629 574 551 217 53 164 334 131 90 1055 596 56 540 105 53 95 308 85 75 435 257 109 49 64 148 53 41 459
internal_count=1760 1665 1629 574 551 217 53 164 334 131 90 1055 596 56 540 105 53 95 308 85 75 435 257 109 49 64 148 53 41 459
is_linear=0
shrinkage=0.05


Tree=28
num_leaves=31
num_cat=0
split_feature=221 152 0 161 90 150 246 328 278 122 333 124 295 269 130 321 153 108 252 119 270 163 210 157 182 285 237 122 309 206
split_gain=1.11371 0.791864 1.18227 0.849573 0.755322 0.671357 1.24984 0.900714 1.51912 1.31968 1.26124 1.05894 1.49717 0.926984 0.812543 0.659649 1.24431 0.624483 0.620943 0.602393 0.560416 0.555242 0.484258 0.430612 0.632401 0.967071 1.03733 0.425869 0.361495 0.338287
threshold=-0.062165213649350577 -0.00093557117168077588 11.03313783648162 -0.0065231981979162312 -0.30197436243001147 0.012538262904093975 -0.12891518288634171 0.0017241196732004365 0.015405297939144256 0.012254021852623058 0.01542810944618114 0.0059047430733867737 0.014589519132909816 -0.00078475786184641072 0.00054382198159276562 0.023099774469416034 0.009681341202997849 -0.080192924271258334 0.030066762376802291 0.0044102434673881858 0.00049488337512690989 0.0075448885676356629 0.017042721877330132 0.0067110905059680264 0.016751309450002735 -0.0018664950320920785 0.0012289942714350224 0.048587656463264871 -0.010177698056337598 0.01065727667729527
decision_type=2 2 2 2 2 2 2 2 2 2 2 2 2 2 2 2 2 2 2 2 2 2 2 2 2 2 2 2 2 2
left_child=1 3 28 -1 -2 6 -6 8 9 10 11 13 -13 14 -8 22 29 -7 -11 -5 -15 -12 -9 -19 25 -25 -27 -10 -3 -17
right_child=4 2 -4 19 5 17 7 15 27 18 21 12 -14 20 -16 16 -18 23 -20 -21 -22 -23 -24 24 -26 26 -28 -29 -30 -31
leaf_value=0.0019533121619712225 -0.0067988128215074536 -0.003003103548491543 -0.0092358311381319485 -0.013539970642290053 -0.012429882241412997 -0.0041478972456284935 -0.0019084565179503484 0.0031629862582886951 0.0032924117553129531 0.0035714498721063138 0.0032254766379655516 -0.0069390281887823039 -0.023840068951249124 -0.0049665326604972013 -0.013939522568964297 0.0047826241619057129 -0.009108305229125797 0.0041331507818303942 -0.0055242787658547369 -0.0046339496768809654 0.0039957062030831969 -0.0059147319601227846 -0.0048310455121099959 0.0034239755747349637 0.0055821145561580762 -0.012433353901423257 0.00094014642567470164 -0.0039544013612296276 0.0044731485123028518 -0.0030327245313674211
leaf_weight=22 35 22 29 39 20 35 23 359 171 86 54 38 20 37 36 45 37 246 24 37 33 24 20 57 49 29 29 23 61 20
leaf_count=22 35 22 29 39 20 35 23 359 171 86 54 38 20 37 36 45 37 246 24 37 33 24 20 57 49 29 29 23 61 20
internal_value=-3.2808e-12 -0.00341708 -0.000545048 -0.00669941 0.00046296 0.000630723 -4.80561e-05 0.000187788 -0.00115865 -0.00301686 -0.00492786 -0.00715564 -0.012767 -0.00463272 -0.00924945 0.00178056 -0.00178866 0.00226284 0.00158693 -0.00920414 -0.000741477 0.000413105 0.00274114 0.0028101 0.000825532 -0.00120119 -0.0057466 0.00243325 0.00249149 0.0023779
internal_weight=1760 210 112 98 1550 1515 1070 1050 569 375 265 187 58 129 59 481 102 445 110 76 70 78 379 410 164 115 58 194 83 65
internal_count=1760 210 112 98 1550 1515 1070 1050 569 375 265 187 58 129 59 481 102 445 110 76 70 78 379 410 164 115 58 194 83 65
is_linear=0
shrinkage=0.05


Tree=29
num_leaves=31
num_cat=0
split_feature=221 93 0 256 86 227 331 119 146 160 200 318 336 93 168 224 117 246 234 298 244 140 248 150 203 284 140 169 277 178
split_gain=1.00512 0.771869 0.963323 0.875528 0.687686 1.32743 0.761712 0.935671 1.15566 1.34544 0.780051 0.884535 0.861495 0.667253 0.745954 0.636817 0.854289 1.5707 0.636329 0.633816 0.926395 0.646427 0.625185 0.617391 0.580779 0.535586 0.688852 0.460168 0.407135 0.40014
threshold=-0.062165213649350577 -0.035354617033375099 11.03313783648162 -0.039112680026008477 -0.077756395271871212 -0.072694743408469514 0.0081961207538883939 -0.0075009794624654189 -0.012287331957535896 0.0074971053200302311 -0.00058765196342664371 0.010673157355928747 -0.0059452667029680903 0.014353144228707352 0.062335057644361945 -0.0047119630310259383 0.021391413905308326 0.00027440870775498208 0.0095704651062771973 0.0069753072056737021 0.041659431202218579 -0.033187731104467551 0.035625117459162518 0.012021369633564172 -0.0077086548985970749 -0.01142602482815354 -0.008488554980520294 0.018837341130414745 -0.0048504955876302958 -0.026707017213108843
decision_type=2 2 2 2 2 2 2 2 2 2 2 2 2 2 2 2 2 2 2 2 2 2 2 2 2 2 2 2 2 2
left_child=1 -1 3 -3 5 -2 7 8 -7 -10 11 12 -9 14 15 22 19 23 -19 20 21 -17 29 -18 -11 26 -8 -23 -4 -6
right_child=4 2 28 -5 13 6 25 10 9 24 -12 -13 -14 -15 -16 16 17 18 -20 -21 -22 27 -24 -25 -26 -27 -28 -29 -30 -31
leaf_value=-0.010395587084349246 -0.012111508631362365 -0.0078988739737757933 -0.0033465524004506215 0.0021770202485130769 -0.0029308337563027937 0.0020659927899638812 -0.0090397846929374196 -0.013568909047171474 -0.016940530552528799 0.0028265595436096193 0.0035381307067392873 0.0059791456442326307 -0.0016412438824772837 0.0025453509915816159 -0.0084243221729993819 -0.0074933472893793478 -0.0047946356406266041 -0.005801653740522654 -0.017563132463913899 0.0041542198345996444 -0.011103396809526853 0.0037220843713966357 -0.0048914701712352258 0.0066900135055184377 -0.008710126485675573 0.0040895441628020744 0.0020080960117453755 -0.0046052319929003717 -0.012975793787399712 0.0039053593160151834
leaf_weight=32 26 27 21 107 24 33 21 24 32 20 86 20 41 475 25 22 22 23 23 80 21 79 27 25 24 115 43 21 23 198
leaf_count=32 26 27 21 107 24 33 21 24 32 20 86 20 41 475 25 22 22 23 23 80 21 79 27 25 24 115 43 21 23 198
internal_value=-5.39744e-12 -0.00324623 -0.00196095 0.000146803 0.000439812 -0.00112083 -0.000498265 -0.00212683 -0.00574707 -0.00913959 0.000180803 -0.00321602 -0.0060453 0.00115053 2.75747e-05 0.000401552 -0.00108853 -0.00511421 -0.0116824 0.000590347 -0.00140343 0.000266239 0.00229258 0.00131422 -0.00346618 0.00204922 -0.00161699 0.00197335 -0.00838002 0.00316631
internal_weight=1760 210 178 134 1550 485 459 280 109 76 171 85 65 1065 590 565 316 93 46 223 143 122 249 47 44 179 64 100 44 222
internal_count=1760 210 178 134 1550 485 459 280 109 76 171 85 65 1065 590 565 316 93 46 223 143 122 249 47 44 179 64 100 44 222
is_linear=0
shrinkage=0.05


Tree=30
num_leaves=31
num_cat=0
split_feature=221 333 133 275 189 197 285 218 108 9 186 93 299 327 214 109 315 268 310 149 138 321 105 325 96 125 309 268 163 298
split_gain=0.907122 0.752843 0.78692 0.774788 0.973665 0.728301 0.663248 0.960293 1.24319 1.35333 0.963003 0.752319 0.832065 0.955844 1.57354 1.11286 0.755238 0.666293 0.636035 1.12448 0.586845 0.570528 0.732943 0.642431 0.5215 0.438731 0.561786 0.43219 0.427074 0.412142
threshold=-0.062165213649350577 0.015677940502935982 0.021448264131713298 0.019979496478740907 -0.0045369940023941473 -0.0013585036627839491 -0.0057903196297256236 0.031207310164285341 0.048824758528975908 0.026373753767679111 -0.005069790386876002 -0.0024334035884979823 -0.016327704419883262 0.00064476089605236379 0.0017419326771492898 -0.0037717885742553285 -0.069071333115733144 0.0015858241590905669 -0.0021802897597736379 0.0080151666886769685 -0.088530958170474155 0.0058797130334374221 -0.080826838129763767 0.043737250002959395 -0.017263649622060909 -0.022291231437612507 -0.0071901167637045673 0.044603064262147919 0.0033902917226435927 0.022421107505184484
decision_type=2 2 2 2 2 2 2 2 2 2 2 2 2 2 2 2 2 2 2 2 2 2 2 2 2 2 2 2 2 2
left_child=1 2 3 4 -1 -6 20 11 9 10 -9 12 28 14 15 -14 -13 -16 19 -15 -2 27 -23 25 -7 26 -24 -22 -8 -18
right_child=6 -3 -4 -5 5 24 7 8 -10 -11 -12 16 13 18 17 -17 29 -19 -20 -21 21 22 23 -25 -26 -27 -28 -29 -30 -31
leaf_value=0.0043545510387048127 -0.0063919512978331608 0.0029035411021184356 0.002911068319246687 -0.013926103170244739 -0.0014866847588957564 -0.0061189342822347377 0.005857819393277168 -0.011393703342131946 0.0050298419815522659 -0.015540176152717322 0.0011830339332421622 -0.0075952158563516352 -0.01029927684437661 0.0034341775473545897 -0.019939295034855604 0.0039146963600069284 0.0027819607431950151 -0.0084380479200797925 0.0032501980633242058 -0.012552166188305076 0.003826245260206633 -0.0085700716146013944 0.0031163170623282593 -0.0076368068065494309 -0.016279998664622722 0.0030732730319070426 -0.006337518374802488 -0.0017487857825098894 -0.0015670637079678914 -0.00068856030864560089
leaf_weight=25 22 42 29 26 37 28 45 23 27 32 45 22 21 22 20 40 334 34 64 22 320 22 30 20 23 164 33 39 34 115
leaf_count=25 22 42 29 26 37 28 45 23 27 32 45 22 21 22 20 40 334 34 64 22 320 22 30 20 23 164 33 39 34 115
internal_value=5.68186e-12 -0.00308392 -0.00458078 -0.00614383 -0.00435322 -0.00682702 0.000417821 -0.000461156 -0.00449054 -0.00706104 -0.00307086 0.000200851 -0.00174715 -0.00330924 -0.00648153 -0.000978639 0.00144988 -0.0126978 6.86752e-05 -0.00455899 0.00163487 0.00191606 0.000175058 0.000953976 -0.0107014 0.00171087 -0.00183569 0.0032206 0.0026623 0.00189307
internal_weight=1760 210 168 139 113 88 1550 900 127 100 68 773 302 223 115 61 471 54 108 44 650 628 269 247 51 227 63 359 79 449
internal_count=1760 210 168 139 113 88 1550 900 127 100 68 773 302 223 115 61 471 54 108 44 650 628 269 247 51 227 63 359 79 449
is_linear=0
shrinkage=0.05


Tree=31
num_leaves=31
num_cat=0
split_feature=237 151 97 115 151 236 117 322 86 333 278 149 232 180 313 189 296 223 87 165 289 244 96 182 127 317 246 276 206 230
split_gain=0.859488 0.925872 0.899306 0.819822 0.827839 0.932153 0.831446 0.912566 0.956265 0.801951 0.784863 0.87207 0.994264 0.869737 0.769796 0.737085 0.724262 0.790143 0.589986 0.950345 0.751517 0.555089 0.487082 0.522467 0.722986 0.738851 0.440134 0.430422 0.733953 0.409876
threshold=0.028720128112175253 -0.016815757811085987 0.18404322688957683 0.095834482679041447 0.00495658918255747 0.06483329422983071 0.017979890170703262 0.036993285649147022 0.068136615012242371 0.0038473510796934898 -0.027422443522387433 -0.0090962423186882174 -0.013952271177262885 0.0094549096673275292 0.0045821671466619359 -0.004869777004499724 0.0084230749817040644 0.0042412710810431501 0.048498417336886888 0.0088040357911511411 -0.0060315503396432693 -0.0020356081172439263 -0.00051893928881500842 -0.012496211975642274 0.0062846956175085849 -0.0071264014150519998 -0.078191030011622059 -0.012373207479672455 0.0041537272435688928 0.048111978658883878
decision_type=2 2 2 2 2 2 2 2 2 2 2 2 2 2 2 2 2 2 2 2 2 2 2 2 2 2 2 2 2 2
left_child=1 22 3 4 5 10 29 8 27 -10 -3 18 14 15 -13 -14 17 21 19 20 -12 -17 23 -1 25 -25 -2 -8 -29 -6
right_child=26 2 -4 -5 6 -7 7 -9 9 -11 11 12 13 -15 -16 16 -18 -19 -20 -21 -22 -23 -24 24 -26 -27 -28 28 -30 -31
leaf_value=0.0039341093152761462 -0.0039255348468820259 0.0026217767123230978 -0.010727952942252159 -0.0086419233200805533 0.0025365851825602304 -0.012523189335214822 0.0051074645999405121 -0.012458168687298895 -0.014762839935719968 -0.00077304673336801074 -0.00038124816026538613 -0.0053940315544605258 0.0019751056791782111 0.0037155757968624437 -0.018218089386143468 -0.0029811392485333439 -0.014001141435333661 0.0030672118553648825 0.0045011969022452835 0.004372389754280448 -0.013773005958964033 -0.014490462737157941 0.003744048764628749 -0.013114238368428273 0.0020425558622394289 -0.0011140706081842553 0.0023493960429001237 0.003299785329884774 -0.007542267110612658 -0.0020813902023068646
leaf_weight=50 30 76 25 35 306 22 45 20 20 21 20 25 28 36 22 22 28 23 50 29 22 20 155 23 49 29 408 37 27 57
leaf_count=50 30 76 25 35 306 22 45 20 20 21 20 25 28 36 22 22 28 23 50 29 22 20 155 23 49 29 408 37 27 57
internal_value=-2.77809e-13 -0.000635997 -0.00136218 -0.0011259 -0.000850737 -0.00250235 0.000460016 -0.00242569 -0.00108803 -0.00759734 -0.00195257 -0.00302227 -0.00501699 -0.00310711 -0.0113968 -0.005137 -0.00727828 -0.00438228 0.000340728 -0.00258918 -0.00739598 -0.00846177 0.00177511 -0.000245992 -0.00231535 -0.00642184 0.00191961 0.00136043 -0.00127421 0.00181145
internal_weight=1760 1322 1016 991 956 423 533 170 150 41 401 325 204 157 47 121 93 65 121 71 42 42 306 151 101 52 438 109 64 363
internal_count=1760 1322 1016 991 956 423 533 170 150 41 401 325 204 157 47 121 93 65 121 71 42 42 306 151 101 52 438 109 64 363
is_linear=0
shrinkage=0.05


Tree=32
num_leaves=31
num_cat=0
split_feature=2 215 87 329 317 96 94 266 247 201 110 210 203 203 82 88 167 232 157 275 102 118 107 104 187 291 290 268 255 174
split_gain=0.789409 0.761196 0.603734 0.955407 0.715863 0.988687 1.42275 1.08788 0.926341 0.923555 0.661554 0.564966 0.515442 0.694872 0.499181 0.564698 0.489699 0.509452 1.02938 0.499869 0.958957 1.29073 0.414494 0.575875 0.8067 0.679998 0.403312 0.386021 0.596979 0.343697
threshold=5.6401308701359305 0.38733954410526811 -0.0038041082050223637 0.053225835597647798 0.050343150579815914 0.0040848698793364609 -0.070234042555580453 -0.057623753392669459 -0.082027357041688356 0.0040585247401038515 -0.055590030828270402 -0.011749648125933336 0.001265630945845271 -0.0031277482952288319 -0.28362525061179694 0.068973054045215462 0.0030058772798605663 -0.058660519289677741 -0.00025470598080388129 0.031296376013736124 -0.011927681293771685 -0.01141662576718803 0.0072274376314871514 0.0023207656209525873 -0.00089083696417314171 -0.0072271940102903833 -0.047603510977528088 0.011778601035031892 -0.0033237530088617902 -0.00025736485374847794
decision_type=2 2 2 2 2 2 2 2 2 2 2 2 2 2 2 2 2 2 2 2 2 2 2 2 2 2 2 2 2 2
left_child=1 2 3 4 5 6 -1 -8 -9 -6 -10 -12 13 -2 15 -13 17 18 -4 22 -21 -22 23 27 25 -25 -7 -19 -29 -26
right_child=12 -3 16 -5 9 26 7 8 10 -11 11 14 -14 -15 -16 -17 -18 19 -20 20 21 -23 -24 24 29 -27 -28 28 -30 -31
leaf_value=-0.01225938874072042 -0.0026576028929048336 -0.0069549711110691234 0.0040516864000396296 -0.010884373294918434 0.00066532958298921592 -0.0035797483541748741 -0.011345711447806522 -0.0098740760857860266 -0.0076660489756613971 -0.014529695976525545 -0.0047129909925419716 -0.0066907301545143134 -0.0004207040241453797 -0.014994947887247518 0.0041376513289892438 0.0041935746685009111 0.0023358154993236456 0.0039860757624672859 -0.009828683547675611 0.0023599436506628992 0.0028257280308753253 -0.013271574642170559 0.0032354440623789693 -0.0011617148537998614 -0.0024373888879293398 -0.012964144592674878 0.0036030402005250966 0.0036939211522362065 -0.0069362026378512387 0.0051353653700187294
leaf_weight=29 25 36 22 23 20 22 22 21 20 20 29 26 38 21 154 22 459 97 34 52 20 33 178 23 31 26 175 28 25 29
leaf_count=29 25 36 22 23 20 22 22 21 20 20 29 26 38 21 154 22 459 97 34 52 20 33 178 23 31 26 175 28 25 29
internal_value=-6.8949e-12 0.000237065 0.000394939 -0.000896799 -0.000486595 9.21979e-06 -0.00169345 -0.000651228 0.000213767 -0.00693218 0.00105777 0.00181308 -0.00473001 -0.00828987 0.00274999 -0.00170209 0.00110741 0.000164538 -0.00437568 0.000633639 -0.0024641 -0.00719712 0.00137795 0.000101365 -0.00266441 -0.00742423 0.0028009 0.00211116 -0.00132029 0.00122278
internal_weight=1760 1676 1640 583 560 520 323 294 272 40 251 231 84 46 202 48 1057 598 56 542 105 53 437 259 109 49 197 150 53 60
internal_count=1760 1676 1640 583 560 520 323 294 272 40 251 231 84 46 202 48 1057 598 56 542 105 53 437 259 109 49 197 150 53 60
is_linear=0
shrinkage=0.05


Tree=33
num_leaves=31
num_cat=0
split_feature=304 202 90 93 88 327 304 253 101 233 319 289 245 138 253 335 224 105 5 130 210 87 266 256 97 231 221 273 194 189
split_gain=0.745581 0.792376 0.856883 0.847248 1.09869 0.807146 0.891767 1.39519 1.17935 0.799026 0.86128 0.771197 0.69969 0.682977 0.646555 0.826182 0.634689 0.747328 0.618226 0.566905 0.54014 0.515477 0.518185 0.514324 0.481706 0.415315 0.407228 0.471898 0.34165 0.315508
threshold=-0.028472333980464868 -0.0071889458261175159 -0.30197436243001147 -0.003395311124916151 -0.2183969072777541 0.0051244371683021586 0.0081907360066659791 -0.046022263328410619 -0.024430868186302173 -0.035038259657832464 0.0096913237664244343 0.074292399463874073 0.028903267440074324 -0.056976742113121613 0.032734321808860038 0.00069083470845725931 -0.0024253842386997202 0.011071368591460263 1.4978661367769956 -0.011080181100871786 0.017276416138774311 -0.13315706797745416 0.010423127341642963 0.069147362852712432 -0.026785891514918152 -0.020887350393652509 -0.0048260086551024624 0.030310612911706152 0.034017493185116064 0.0039355060987723454
decision_type=2 2 2 2 2 2 2 2 2 2 2 2 2 2 2 2 2 2 2 2 2 2 2 2 2 2 2 2 2 2
left_child=23 13 -3 4 -4 6 8 -8 -6 -10 12 14 19 -2 20 -16 -9 -18 25 -11 29 22 -15 -1 -21 -7 -23 28 -28 -5
right_child=1 2 3 11 5 18 7 16 9 10 -12 -13 -14 21 15 -17 17 -19 -20 24 -22 26 -24 -25 -26 -27 27 -29 -30 -31
leaf_value=0.0027373742096323448 -0.0072655101560733532 -0.01059364980707566 -0.012163174790995462 0.0032292415511555382 -0.015963776007294657 -0.0022415773614364513 -0.011949165076726959 0.0063517473899992183 0.0032148328384962576 0.00061390028991313149 0.0024706924010230152 -0.0089980845029155425 -0.016614941805601118 -0.0092717641685158021 -0.0088492145115095702 0.0032824034114246783 0.0033902681352377968 -0.0091732038743793966 -0.0049357750271964403 -0.0037411738896653765 -0.0042284816552541757 0.0046420977866420384 0.0016255180118605495 -0.0044654188539694859 -0.014215201848065077 0.0042161480632550534 0.0028074210222278325 -0.0042967493152793719 -0.0039419014716432213 0.00035338247533548968
leaf_weight=302 22 24 28 226 25 34 21 48 29 22 23 21 20 20 36 23 29 20 36 21 38 130 24 27 23 93 175 34 21 165
leaf_count=302 22 24 28 226 25 34 21 48 29 22 23 21 20 20 36 23 29 20 36 21 38 130 24 27 23 93 175 34 21 165
internal_value=-1.184e-12 -0.000493446 -0.00125946 -0.0010311 -0.00255701 -0.00195122 -0.00357488 -0.000264364 -0.00597145 -0.00416124 -0.00612368 0.000383886 -0.00842218 0.0013137 0.000787619 -0.00411994 0.00226534 -0.00173768 0.000847854 -0.00593952 0.00146255 0.00178089 -0.00332779 0.00214626 -0.00921623 0.00248731 0.00240528 0.001141 0.00208428 0.00201564
internal_weight=1760 1431 1005 981 472 444 281 118 163 138 109 509 86 426 488 59 97 49 163 66 429 404 44 329 44 127 360 230 196 391
internal_count=1760 1431 1005 981 472 444 281 118 163 138 109 509 86 426 488 59 97 49 163 66 429 404 44 329 44 127 360 230 196 391
is_linear=0
shrinkage=0.05


Tree=34
num_leaves=31
num_cat=0
split_feature=237 151 97 325 115 330 87 87 328 116 189 231 86 154 268 194 180 261 150 270 317 305 332 323 61 333 280 1 247 116
split_gain=0.689792 0.7507 0.708626 0.715556 0.785349 0.790538 0.921236 0.626736 1.27958 0.917578 0.905632 0.748774 0.657251 0.981068 0.852203 0.580982 0.570921 0.540104 0.413207 0.583241 0.421868 0.694295 0.416773 0.625176 0.408974 0.405982 0.397636 0.572601 1.24275 0.374992
threshold=0.028720128112175253 -0.016815757811085987 0.18404322688957683 -0.031899171999051852 0.10071042661418886 0.045290561716242538 1.0000000180025095e-35 -0.03102924848282922 -0.024733625954802493 -0.0099019415835532709 0.0077921731645375714 0.010272428922703475 -0.17002967916501541 0.0027297187928095939 0.0050052730887339874 0.010734040267919217 -0.00041986411874768263 0.049388921327413828 0.012829267434666581 -0.055314001628427034 -0.0033532957456486848 0.023885204943402922 0.011098530085717635 1.0000000180025095e-35 2.602003343538398 0.027225582325688797 0.0033315357705015077 4.4942230200312032 -0.0084026903477194131 0.025157436477574752
decision_type=2 2 2 2 2 2 2 2 2 2 2 2 2 2 2 2 2 2 2 2 2 2 2 2 2 2 2 2 2 2
left_child=1 24 3 15 5 7 -7 8 -5 25 11 16 13 14 -9 -3 -11 26 19 -2 21 22 23 -21 -1 -10 -14 -28 -29 -13
right_child=18 2 -4 4 -6 6 -8 12 9 10 -12 29 17 -15 -16 -17 -18 -19 -20 20 -22 -23 -24 -25 -26 -27 27 28 -30 -31
leaf_value=0.0021583179105073218 -0.0075753511907532814 0.0045570034233312455 -0.0095374247282743463 -0.01169185640889087 -0.0099308189660034796 -0.015595361166633665 -0.0022761960690085951 -0.01592893529344689 0.003999956704578117 -0.010885070103021074 -0.010871419209676485 -0.0016503091564337756 0.0028963862223014853 0.0019213655581459021 -0.002011945318769325 -0.0027805895740656479 -0.00037573889130726457 -0.0059571874256317435 0.0039720928229445172 0.002532756508838746 0.0029283449771056267 -0.0094970450364053258 0.0044130911010988923 -0.0082161941643183432 -0.0043972875421436934 -0.0037129577164622869 0.0018334356339817699 -0.014424675228074195 0.00077796829182927209 0.006537997077921992
leaf_weight=280 20 93 25 35 27 20 37 22 76 28 36 29 219 39 22 38 24 26 139 31 161 20 43 24 26 22 110 20 41 27
leaf_count=280 20 93 25 35 27 20 37 22 76 28 36 29 219 39 22 38 24 26 139 31 161 20 43 24 26 22 110 20 41 27
internal_value=8.43184e-12 -0.000569763 -0.00122365 -0.00101392 -0.00153829 -0.00126626 -0.00694959 -0.000848802 -0.00275598 -0.0014636 -0.0040035 -0.00171419 0.000209893 -0.0038526 -0.00897044 0.00242854 -0.00603461 0.00102044 0.00171969 0.000672593 0.00126384 -0.00100721 0.000725405 -0.00215769 0.00160131 0.00226849 0.00148561 -0.000321163 -0.0042065 0.00229762
internal_weight=1760 1322 1016 991 860 833 57 776 277 242 144 108 499 83 44 131 52 416 438 299 279 118 98 55 306 98 390 171 61 56
internal_count=1760 1322 1016 991 860 833 57 776 277 242 144 108 499 83 44 131 52 416 438 299 279 118 98 55 306 98 390 171 61 56
is_linear=0
shrinkage=0.05


Tree=35
num_leaves=31
num_cat=0
split_feature=304 202 90 199 215 166 242 300 247 316 84 334 228 138 143 207 298 191 256 87 266 114 161 86 301 175 221 234 173 210
split_gain=0.631276 0.667962 0.740752 0.724776 0.994761 0.802087 1.23362 1.64688 0.740253 0.953626 1.27684 0.695696 0.622175 0.607391 0.491536 0.487992 0.661614 0.473753 0.457759 0.447411 0.446639 0.443794 0.424525 0.415418 0.37899 0.378463 0.367236 0.430756 0.356115 0.487203
threshold=-0.028472333980464868 -0.0071889458261175159 -0.30197436243001147 0.001914974590822627 0.014288057612656601 -0.012671566648019866 0.039823088031964528 -0.0058128718397483037 0.017717288199849131 0.0039332616765955725 0.17639775392887974 -0.0081536078895673731 0.0081161546103428739 -0.060196507202062745 -0.00078084536623546238 -0.024916981586538791 -0.011746541178438995 -0.00463552383647818 0.069147362852712432 -0.13315706797745416 0.010423127341642963 0.0098977329081608532 0.0050919278977834279 -0.0081846978674818532 -0.0014474080627839483 0.034566299147025005 -0.0048260086551024624 0.035099690984985887 -0.0039197074455189322 0.011117094186254976
decision_type=2 2 2 2 2 2 2 2 2 2 2 2 2 2 2 2 2 2 2 2 2 2 2 2 2 2 2 2 2 2
left_child=18 13 -3 4 15 -5 8 -8 9 10 14 -11 21 -2 -7 16 -4 -16 -1 20 -15 24 -10 -13 -6 28 -21 -28 -17 -30
right_child=1 2 3 5 12 6 7 -9 22 11 -12 23 -14 19 17 25 -18 -19 -20 26 -22 -23 -24 -25 -26 -27 27 -29 29 -31
leaf_value=0.0025325586300787351 -0.0073012573458254336 -0.0098360124354561172 0.0024898845981806521 0.0010786023615908466 -0.0040721652350233254 0.0068862989544868471 -0.00078146149489012628 -0.019062265268127834 0.005045000091195107 -0.015590012686637542 -0.010694683492848916 -0.00092131148020808517 0.0011038089046118463 -0.008655076064169407 -0.0073376553505659116 0.0041966244122075957 -0.010371046885848046 0.0019770034707996043 -0.0042626191551486652 0.0043303373556297558 0.0014619785360991955 -0.00014500920660793782 -0.0030482944387655994 -0.010506261214613915 -0.012384007341461258 -0.0032785665243864059 0.0017595064362897967 -0.0051887321248650555 0.0023273474363772299 -0.0032523047440918165
leaf_weight=302 20 24 20 114 24 29 22 28 43 24 28 26 41 20 20 149 20 43 27 130 24 20 26 20 32 33 207 25 168 51
leaf_count=302 20 24 20 114 24 29 22 28 43 24 28 26 41 20 20 149 20 43 27 130 24 20 26 20 32 33 207 25 168 51
internal_value=-1.07717e-11 -0.000454048 -0.00115736 -0.000945038 0.00023825 -0.00250597 -0.00382843 -0.0110187 -0.00244035 -0.00405121 -0.00134575 -0.00868914 -0.00386038 0.00120517 0.00149957 0.00132564 -0.00394058 -0.000980031 0.0019749 0.00162421 -0.00313668 -0.00653843 0.00199535 -0.00508868 -0.00882179 0.00185095 0.00220288 0.00101077 0.00231093 0.00102798
internal_weight=1760 1431 1005 981 558 423 309 50 259 190 120 70 117 426 92 441 40 63 329 406 44 76 69 46 56 401 362 232 368 219
internal_count=1760 1431 1005 981 558 423 309 50 259 190 120 70 117 426 92 441 40 63 329 406 44 76 69 46 56 401 362 232 368 219
is_linear=0
shrinkage=0.05


Tree=36
num_leaves=31
num_cat=0
split_feature=238 221 275 261 222 241 231 297 255 116 220 122 324 285 300 132 290 175 160 185 102 103 137 287 202 148 94 165 184 183
split_gain=0.605056 0.983306 0.86389 0.855517 1.17185 0.69849 0.67968 0.658225 0.796065 1.01089 0.636232 0.636999 0.913872 1.22964 0.757712 0.864484 0.728968 0.674524 0.666597 0.585147 0.551094 0.548845 0.535884 0.65549 0.519847 0.507011 0.504159 0.764004 0.350581 0.471322
threshold=0.03496281578131203 -0.021216012622748335 0.019599549925607283 -0.003807849824284839 0.010733015242551358 0.027346954108504885 0.0027488684528053984 -0.011628514829942262 -0.0027184345791912926 0.0084335085990013565 0.048414335145450051 0.0045867311705637759 -0.00047844058884474169 0.010756761323294275 -0.0012646954780876683 0.0053558943490726466 0.010032561180559363 -0.010914044441408583 0.0022048063256470685 0.010329536484273127 -0.026506150252300627 -0.032536331943987702 0.0067149232244847088 -0.002249826496089524 0.0053200758448651844 0.00056952347316108925 -0.060572280420243547 -0.0081664766315400188 -0.027768076476246479 0.0053088856640975731
decision_type=2 2 2 2 2 2 2 2 2 2 2 2 2 2 2 2 2 2 2 2 2 2 2 2 2 2 2 2 2 2
left_child=1 2 7 4 -4 -5 10 8 24 -10 11 14 13 20 17 16 18 -3 -16 21 -13 25 23 -23 -1 -9 27 -8 29 -2
right_child=28 6 3 5 -6 -7 26 19 9 -11 -12 12 -14 -15 15 -17 -18 -19 -20 -21 -22 22 -24 -25 -26 -27 -28 -29 -30 -31
leaf_value=0.0032467582179898664 -0.0075266708365895538 -0.0078641062912841644 0.0076418263651430608 -0.0065584610204379532 -0.0090807737105272034 -0.0180513392877765 -0.0089968695119023324 0.00026165401190519336 -0.0025479022040963174 -0.017428559055995375 0.002614744142111805 -0.0062260108379026263 0.0030851209383518973 -0.01036695795468031 -0.014296665501315149 -0.014014064924170575 0.0034073639661073686 0.0018673965773221271 -0.0018154504304022892 0.0059644271524097675 0.0026216119866479528 0.0044788685181022933 0.005518000214232056 -0.0063136294429354811 -0.0068583319149911406 -0.0094547748356929116 0.0026111440533324263 0.0013106190279359 0.0023979849988922664 0.0029456248772995815
leaf_weight=35 22 24 20 39 22 20 25 25 25 21 108 24 122 39 20 30 23 69 23 39 66 24 43 34 20 29 366 64 318 21
leaf_count=35 22 24 20 39 22 20 25 25 25 21 108 24 122 39 20 30 23 69 23 39 66 24 43 34 20 29 366 64 318 21
internal_value=-4.5698e-12 -0.00047093 -0.00258057 -0.00657176 -0.00111763 -0.0104544 0.000361989 -0.0012141 -0.0044874 -0.00934125 -0.000824017 -0.00166808 -1.7229e-05 -0.00295123 -0.00386047 -0.00697647 -0.00377757 -0.000643959 -0.00762067 0.000490046 0.000262246 -0.000887378 0.00128815 -0.00184777 -0.00042782 -0.00495643 0.00179041 -0.00158474 0.00182502 -0.00241229
internal_weight=1760 1399 396 101 42 59 1003 295 101 46 548 440 251 129 189 96 66 93 43 194 90 155 101 58 55 54 455 89 361 43
internal_count=1760 1399 396 101 42 59 1003 295 101 46 548 440 251 129 189 96 66 93 43 194 90 155 101 58 55 54 455 89 361 43
is_linear=0
shrinkage=0.05


Tree=37
num_leaves=31
num_cat=0
split_feature=237 151 95 95 94 160 140 207 119 115 188 324 190 9 323 334 84 230 154 227 280 151 299 325 301 150 270 317 305 96
split_gain=0.567422 0.626125 0.634745 0.929333 0.855805 0.836266 0.94835 0.650248 0.636 0.749257 0.716052 0.913469 0.756669 0.862192 0.7057 0.560265 0.554505 0.520695 0.510417 0.457707 0.443573 0.425695 0.575085 0.483509 0.397263 0.363698 0.507955 0.365688 0.595746 0.357087
threshold=0.028720128112175253 -0.016815757811085987 -0.043827790280493863 -0.11083640974817217 -0.059536698904533149 -0.0084343276965046059 0.0035078943362881108 -0.0069247428300990227 0.0037521267691021068 -0.011406852540491128 0.016025478387110353 -0.0083814587878951602 0.00035858293961486414 0.016694537346711263 -0.0075937434521841773 -0.0016300177972338409 0.002898973702243002 0.019310216294119876 -0.016457406494194235 -0.090777665598817656 -0.0020636962512032837 0.0030313270499234038 -0.0028626889770953135 0.0020824909448522015 0.02884126393861831 0.012829267434666581 -0.055314001628427034 -0.0033532957456486848 0.023885204943402922 -0.00051893928881500842
decision_type=2 2 2 2 2 2 2 2 2 2 2 2 2 2 2 2 2 2 2 2 2 2 2 2 2 2 2 2 2 2
left_child=1 29 3 20 -5 6 -6 24 9 17 11 -11 15 -14 -15 -13 -7 18 -9 -10 -3 22 -21 -24 -4 26 -2 28 -28 -1
right_child=25 2 7 4 5 16 -8 8 19 10 -12 12 13 14 -16 -17 -18 -19 -20 21 -22 -23 23 -25 -26 -27 27 -29 -30 -31
leaf_value=-0.00026450434156897052 -0.0071198812127113353 0.0035601671405688477 0.0030926188281564801 -0.012279852525003859 -0.0017134661741909528 -0.0060273473300705002 -0.016740026808388177 -0.00434212483620892 -0.0064887617759051778 -0.012981274858985498 0.0023247657033304376 -0.0055104867866612043 0.0014383464475117979 -0.0030488271079957487 -0.014885308916735299 0.0054465602393195568 0.0028264559436744705 -0.0048165938184142887 0.0040353679656982425 0.0033571422040366973 -0.0046093712250391645 0.0029655886813998223 -0.00092600418849744727 -0.010334574913775381 -0.002852223293088815 0.0036728715946187647 0.00061962943315049823 0.0026788323082214929 -0.0088495771493762726 0.0031518533152918669
leaf_weight=151 20 54 162 37 21 28 21 24 21 37 30 20 21 20 34 28 48 39 75 39 24 141 36 22 34 139 98 161 20 155
leaf_count=151 20 54 162 37 21 28 21 24 21 37 30 20 21 20 34 28 48 39 75 39 24 141 36 22 34 139 98 161 20 155
internal_value=-2.38453e-12 -0.000516759 -0.00111393 -0.00340493 -0.00564499 -0.00356457 -0.00922675 -0.000432188 -0.00126479 -0.00272728 -0.00476391 -0.00609303 -0.00402096 -0.00715829 -0.0105014 0.000881124 -0.000435472 7.67713e-05 0.00200446 0.00058732 0.00104646 0.00121168 -0.00133782 -0.00449477 0.00206137 0.00155972 0.000577346 0.00112912 -0.000985321 0.001466
internal_weight=1760 1322 1016 233 155 118 42 783 587 328 190 160 123 75 54 48 76 138 99 259 78 238 97 58 196 438 299 279 118 306
internal_count=1760 1322 1016 233 155 118 42 783 587 328 190 160 123 75 54 48 76 138 99 259 78 238 97 58 196 438 299 279 118 306
is_linear=0
shrinkage=0.05


Tree=38
num_leaves=31
num_cat=0
split_feature=102 197 115 309 218 93 327 85 300 144 255 215 243 257 158 180 285 120 145 209 295 282 239 186 217 116 7 243 84 318
split_gain=0.512378 0.733798 0.759107 0.664163 0.618222 0.733626 0.794358 0.793456 0.709347 0.861939 0.811394 0.64461 0.587245 0.682419 0.582744 0.927324 0.55683 0.53254 0.535589 0.530689 1.02479 0.496031 0.474922 0.401941 0.476875 1.42957 0.462156 0.638197 0.844429 0.375588
threshold=-0.0046822952205093056 0.029505159276549908 0.090970037901774561 0.026307398354939681 0.021783733780919242 -0.0092192670411591505 0.00089516578664863302 -0.059134520172722221 -0.012494166708792746 -0.012214998551318549 0.0078301376752231144 0.00090797770764696579 -0.0023330407160280851 0.0043907320918849116 -0.027333688014557701 -0.0073997189708712588 0.086689547422938606 -0.0044620868381491713 -0.0041995439934035738 0.75316886356262547 0.0016311761669765901 -0.0026537830017426081 -0.047406841162375223 -0.0055549654928597593 -0.0049539420667356997 0.0061485349768054471 0.4070031298904539 0.0067501352554668508 0.090423876626152325 0.0037600252142181265
decision_type=2 2 2 2 2 2 2 2 2 2 2 2 2 2 2 2 2 2 2 2 2 2 2 2 2 2 2 2 2 2
left_child=16 2 3 4 5 6 7 -2 10 -10 -6 -9 -8 -14 15 -7 19 21 -19 23 -21 -11 -5 24 25 -1 27 -25 -29 -16
right_child=1 -3 -4 22 8 14 12 11 9 17 -12 -13 13 -15 29 -17 -18 18 -20 20 -22 -23 -24 26 -26 -27 -28 28 -30 -31
leaf_value=0.0023262770644699535 -0.012736795417731629 0.0039123205419041608 -0.0091649392429048789 -0.0042149357070835926 0.0043644140201916058 0.0029420997854322194 0.0042058221084754106 0.0033939613106970992 -0.015391833775422789 -0.0065001568850129839 -0.0069269036515974079 -0.0068781584035605197 0.00097856694337679069 -0.01079497936880216 0.003378385206180673 -0.012101542160269761 -0.0073282690346240997 -0.0033516423050314187 -0.01432923291809857 -0.011558743860856023 0.0033670638647416368 0.0039735847152769571 0.0035063932705511392 0.0020821871604981288 0.00088807608546557452 -0.014931416315957905 0.0035327908176127757 0.001917481202898281 -0.010475394798925629 -0.00031530738715793345
leaf_weight=30 32 76 29 24 41 20 46 24 22 20 26 42 32 20 145 21 20 25 20 23 23 26 117 159 198 20 293 28 27 131
leaf_count=30 32 76 29 24 41 20 46 24 22 20 26 42 32 20 145 21 20 25 20 23 23 26 117 159 198 20 293 28 27 131
internal_value=6.33422e-12 -0.000797715 -0.0012125 -0.00093598 -0.00157243 -0.000687822 -0.00309246 -0.00627556 -0.00409358 -0.0065105 -1.72913e-05 -0.00314284 9.06364e-05 -0.00354972 0.00079896 -0.00476318 0.000912368 -0.00436336 -0.00823057 0.00111813 -0.00409584 -0.000580216 0.00219212 0.0014358 -0.000213714 -0.0045768 0.00224266 0.000476269 -0.00416629 0.00162522
internal_weight=1760 939 863 834 693 513 196 98 180 113 67 66 98 52 317 41 821 91 45 801 46 46 141 755 248 50 507 214 55 276
internal_count=1760 939 863 834 693 513 196 98 180 113 67 66 98 52 317 41 821 91 45 801 46 46 141 755 248 50 507 214 55 276
is_linear=0
shrinkage=0.05


Tree=39
num_leaves=31
num_cat=0
split_feature=237 310 285 211 265 236 215 94 186 0 281 231 322 135 245 82 137 235 268 289 244 178 217 246 235 140 331 86 236 185
split_gain=0.482018 0.574432 0.620772 0.74097 1.10837 0.659259 0.612104 0.865704 1.25592 0.611974 0.608258 0.570213 0.599823 0.70672 0.547155 0.534307 0.523676 0.499406 0.461742 0.533605 0.461262 0.399575 0.505911 0.344146 0.336108 0.337717 0.386906 0.832913 0.303541 0.353754
threshold=0.028720128112175253 0.050527430630289048 -0.0057903196297256236 0.034389123413598906 1.0000000180025095e-35 -0.0066884244861889781 0.0083095503337888496 -0.020871637165239234 -0.0075210876223862208 10.968067845939002 -0.02353024673085535 0.0014321423731340627 0.02351384994892429 -0.033980005007030044 0.066424984736576931 -0.11938842550314618 0.0077028984641502769 0.077973713877151157 0.011778601035031892 0.00064412647072237272 0.012420269211694217 -0.0061614862540000205 -0.0014559972188747953 -0.078191030011622059 -0.027349023372392835 -0.040066315246375876 -0.020845000565973108 -0.077756395271871212 0.06483329422983071 -0.021783984420123127
decision_type=2 2 2 2 2 2 2 2 2 2 2 2 2 2 2 2 2 2 2 2 2 2 2 2 2 2 2 2 2 2
left_child=1 2 9 6 10 -6 11 8 -8 14 -5 12 13 -4 17 -15 21 28 -13 -20 -11 -10 -23 -2 -25 -26 27 -27 29 -1
right_child=23 -3 3 4 5 -7 7 -9 16 20 -12 18 -14 15 -16 -17 -18 -19 19 -21 -22 22 -24 24 25 26 -28 -29 -30 -31
leaf_value=-0.00090561796854617029 -0.0037310546139876048 0.003312571074372979 -0.0084325425848364843 -0.0062262411480053115 -0.0044059614689710242 -0.015524011713763079 -0.017000709633742058 0.0012681304732373416 0.0004659744258970022 -0.010164374560752715 0.0041438818338417243 0.0033543530446076331 -0.0076881270286523647 -0.0068042064174300143 -0.0053843813327451549 0.0017649133785573 0.0027142493445426229 -0.0048493007430806759 -0.0068965852593204802 0.0022000579212449098 0.00032723721000365918 -0.0032793627826807402 -0.012713491792480151 0.0045345372625030167 -0.0052307229116559037 -0.008238452920240575 0.0024282874717600007 0.0031476773735549719 -0.0033886745494479936 0.0031316305910710426
leaf_weight=66 30 93 25 26 24 30 21 65 20 22 31 151 36 21 30 136 25 28 28 38 20 30 27 89 20 29 234 36 24 305
leaf_count=66 30 93 25 26 24 30 21 65 20 22 31 151 36 21 30 136 25 28 28 38 20 30 27 89 20 29 234 36 24 305
internal_value=-1.92813e-12 -0.000476285 -0.000762992 -0.00168581 -0.00544942 -0.0105827 -0.00101524 -0.00339923 -0.00586573 0.000605384 -0.00058635 1.50779e-05 -0.00179104 -0.000624581 0.0011407 0.000618725 -0.00357323 0.00160347 0.00182952 -0.00165912 -0.00516837 -0.00561462 -0.00774816 0.00143755 0.0018176 0.00105958 0.00148034 -0.00193229 0.00206088 0.00241341
internal_weight=1760 1322 1229 734 111 54 623 188 123 495 57 435 218 182 453 157 102 423 217 66 42 77 57 438 408 319 299 65 395 371
internal_count=1760 1322 1229 734 111 54 623 188 123 495 57 435 218 182 453 157 102 423 217 66 42 77 57 438 408 319 299 65 395 371
is_linear=0
shrinkage=0.05


Tree=40
num_leaves=31
num_cat=0
split_feature=304 297 188 202 246 90 289 172 329 226 99 332 232 229 228 108 325 139 136 137 123 174 174 160 85 288 321 256 1 315
split_gain=0.465562 0.548823 0.946244 0.52923 0.776487 0.694436 0.598015 0.571414 0.574571 0.655299 0.833341 0.650226 0.794106 0.987618 0.729109 0.861518 0.666089 0.669842 0.695542 0.660462 0.520337 0.792077 0.729463 0.519071 0.517943 0.494396 0.363346 0.349993 0.271198 0.269957
threshold=-0.028472333980464868 0.068880889476867532 -0.006920062595674621 -0.004771815847333021 0.089497679825560769 -0.30197436243001147 0.069398909096933456 0.012509677271404713 0.033098766848998117 -0.031758509246482845 -0.076880267224743226 -0.01007645966448977 -0.011393367440646706 -0.0044663159691505439 -0.039439251002279109 0.029756010866815511 0.0083110685205834839 0.0090959939973115893 0.0034979490456151772 -0.0035598895478789875 0.00043991126763502826 0.0045380082947142466 -0.015773687122376829 0.051526684230746488 -0.16229024220206553 -0.016280296673519497 0.0024435063214943635 0.069147362852712432 4.9522934739897151 -0.038669512868789911
decision_type=2 2 2 2 2 2 2 2 2 2 2 2 2 2 2 2 2 2 2 2 2 2 2 2 2 2 2 2 2 2
left_child=27 3 -3 4 23 -5 7 8 9 10 -7 20 13 -13 -14 16 17 18 26 -15 -11 22 -22 29 25 -9 -16 28 -1 -2
right_child=1 2 -4 5 -6 6 -8 24 -10 11 -12 12 14 19 15 -17 -18 -19 -20 -21 21 -23 -24 -25 -26 -27 -28 -29 -30 -31
leaf_value=0.0025932172747507851 -0.0014300407053759465 0.0016921613551676273 -0.013504176382862387 -0.0095139175977395941 -0.0071314504784014496 -0.0076904191413805605 -0.0079032695852220055 0.002329177799678984 0.0028877701536801303 0.0026394928838791593 0.0032035164882115602 -0.015102825139183552 0.0059423821168425291 0.003159801254514605 -0.0096491401864876678 -0.01194094657414378 0.0019495286296249458 -0.012821646137163044 0.003159878612495959 -0.0090305167138576507 -7.1838432922959335e-05 0.0037727813809536972 -0.012883131687762218 -0.0062840292137116205 0.0031432002340443434 -0.0085204004886604481 -0.0011310669754277028 -0.0037581062910181508 -0.003297303430736065 0.0024069665725407908
leaf_weight=281 52 20 21 23 27 21 28 21 76 84 107 32 23 20 31 26 62 20 32 25 20 26 25 20 160 21 21 27 21 387
leaf_count=281 52 20 21 23 27 21 28 21 76 84 107 32 23 20 31 26 62 20 32 25 20 26 25 20 160 21 21 27 21 387
internal_value=-5.49004e-12 -0.000389924 -0.00609133 -0.000221753 0.00110886 -0.000937103 -0.000713191 -0.000477175 -0.00119804 -0.00173808 0.00141623 -0.00264133 -0.00403072 -0.00838776 -0.00247029 -0.00347805 -0.00215254 -0.00459801 -0.00264 -0.0036126 -2.39054e-05 -0.00317497 -0.00718922 0.00159358 0.00184602 -0.00309561 -0.00620915 0.00169599 0.00218361 0.00195247
internal_weight=1760 1431 41 1390 486 904 881 853 651 575 128 447 292 77 215 192 166 104 84 45 155 71 45 459 202 42 52 329 302 439
internal_count=1760 1431 41 1390 486 904 881 853 651 575 128 447 292 77 215 192 166 104 84 45 155 71 45 459 202 42 52 329 302 439
is_linear=0
shrinkage=0.05


Tree=41
num_leaves=31
num_cat=0
split_feature=198 246 237 95 231 254 194 267 198 186 116 242 334 148 178 132 85 262 187 9 332 129 196 299 116 101 300 234 144 246
split_gain=0.440401 0.577921 0.510108 0.55895 0.683921 0.709071 0.711831 0.559702 0.554695 1.01291 1.1806 0.626396 0.589621 0.534127 0.528943 0.495736 0.556786 0.547765 0.491032 0.472648 0.466754 0.781956 0.656565 0.518563 0.462087 0.430149 0.405237 0.39579 0.536088 0.358304
threshold=-0.0253480217341625 -0.12891518288634171 0.030790560942946205 -0.043827790280493863 0.0095723844839794431 -0.0040685374993953338 0.0024960381310444126 -0.02228305416115375 -0.0019500285026910742 -0.0063002109521009333 0.0044599638244849924 0.021357958252862293 -0.010657644281265113 -0.0032653164151428128 -0.013715511742347281 -0.062053957783711471 0.2297300667300865 0.00052068910450038856 -0.0051880722035712529 0.011261318385877699 -0.0054950831936208091 0.0072145989249724823 0.010666427363995186 -0.0028626889770953135 0.010370024160984802 0.010608904687891807 0.00058203570646657042 0.039268950044112301 0.0092558291931040954 -0.071772519186788133
decision_type=2 2 2 2 2 2 2 2 2 2 2 2 2 2 2 2 2 2 2 2 2 2 2 2 2 2 2 2 2 2
left_child=19 -2 3 4 5 7 13 -3 9 10 12 -12 -5 -7 -6 -10 27 -18 -19 -1 -11 22 23 -22 -23 -14 -25 -17 -29 -4
right_child=1 2 29 8 14 6 -8 -9 15 20 11 -13 25 -15 -16 16 17 18 -20 -21 21 24 -24 26 -26 -27 -28 28 -30 -31
leaf_value=-0.0042087917681783438 -0.0075208941336583207 -0.0085392745863646282 -0.0050038921134546409 -0.0087271835358644079 -0.0048819315651881289 0.0018689376435109548 -0.013979650226732096 0.0010800509285482189 -0.004515601537729565 0.0030197532486398609 -0.0052346998173743485 -0.017215893417596818 0.0039135836344212291 -0.0082176114086593907 0.0032385683202972777 0.0027765463403987022 0.0035780565305189652 -0.0005569028402013439 -0.011131833475488037 0.0033219963654026958 0.0038131338432431227 0.0066506226121314932 -0.01153253742910844 -0.00027442875074311384 -0.0011712836544597296 -0.0046677698811475677 -0.0099848409585485409 -0.0055135430994670137 0.0028880487387187969 0.0018813998434418265
leaf_weight=24 27 20 20 22 29 21 30 62 38 98 20 24 40 35 65 352 22 21 23 158 25 35 24 21 41 23 22 37 39 342
leaf_count=24 27 20 20 22 29 21 30 62 38 98 20 24 40 35 65 352 22 21 23 158 25 35 24 21 41 23 22 37 39 342
internal_value=1.13654e-11 -0.000268609 -0.00014236 -0.000642692 -0.00268187 -0.00459274 -0.00776463 -0.00126613 -6.63555e-05 -0.00148579 -0.00512162 -0.0117699 -0.00168016 -0.00443516 0.000733308 0.000987546 0.00141086 -0.00286379 -0.00608471 0.00232893 0.000277455 -0.00132222 -0.00442263 -0.00191325 0.00243091 0.000780709 -0.00524255 0.00207004 -0.0012022 0.001501
internal_weight=1760 1578 1551 1189 262 168 86 82 927 395 129 44 85 56 94 532 494 66 44 182 266 168 92 68 76 63 43 428 76 362
internal_count=1760 1578 1551 1189 262 168 86 82 927 395 129 44 85 56 94 532 494 66 44 182 266 168 92 68 76 63 43 428 76 362
is_linear=0
shrinkage=0.05


Tree=42
num_leaves=31
num_cat=0
split_feature=138 331 238 86 258 146 224 231 96 287 140 186 216 171 221 168 312 9 300 300 67 283 184 158 92 233 117 266 168 154
split_gain=0.426394 0.462982 0.630756 0.681959 1.39689 0.816785 0.692076 0.64457 0.664008 0.551431 0.532903 0.531808 0.791874 0.533831 0.507441 0.440102 0.544687 0.421814 0.590576 0.875072 0.404189 0.42926 0.380942 0.334481 0.546124 0.299098 0.422439 0.522678 0.471185 0.352696
threshold=0.083908461590025837 0.011496598843754894 0.034555178935355139 -0.076299851687751122 -0.036509448262293138 -0.00083449472699013733 0.044546953341522852 -0.0050567691540653074 -0.00093664817264427929 0.070434063155523322 0.068271979171172212 -0.0068801960076040275 -0.016518612711741629 0.0015917454622289095 -0.015781695494651995 -0.0057258103220907955 0.005901664092811597 0.014020344980097304 0.0080122115935921598 0.024825636116990003 2.4414009612931857 0.0024900595852168461 -0.022634741836195925 1.0000000180025095e-35 -0.0033340426249943464 0.011177536930740585 -0.018915308792045286 -0.01513509590954913 0.00073064202365499082 0.020553983870370583
decision_type=2 2 2 2 2 2 2 2 2 2 2 2 2 2 2 2 2 2 2 2 2 2 2 2 2 2 2 2 2 2
left_child=1 2 3 4 5 -1 9 8 -6 11 17 12 13 -5 -8 -9 23 18 -3 -20 25 -22 -4 -17 -25 26 -13 28 -28 -29
right_child=-2 10 22 6 7 -7 14 15 -10 -11 -12 20 -14 -15 -16 16 -18 -19 19 -21 21 -23 -24 24 -26 -27 27 29 -30 -31
leaf_value=-0.0047706116212620628 0.0054636088279741155 0.0022135170299167699 -0.0031192982646947105 -0.013845042985631155 -0.01160900293228527 -0.018715955308150678 -0.010467082361823747 0.003166441023670908 -0.00045097674398372577 -0.0068620678727273595 -0.0069548558816313749 0.0036084155345662049 3.7881163269525672e-05 -0.0022926484700292351 -0.00076658894809392792 0.003883251002324479 -0.0070047033974566519 0.0022142078326661376 -0.010842572261804137 0.00024776203436372075 0.0017330997697585686 -0.0082609982008025763 0.0024657173928705079 -0.0084044348617846321 0.0020425405032162012 0.0041810274456144762 0.00032985694706439973 0.0026976160152793627 -0.010163660140951044 -0.0042729900704453821
leaf_weight=21 35 76 36 20 30 21 28 58 24 27 20 97 122 20 26 35 39 395 29 46 22 21 201 22 29 108 20 86 23 23
leaf_count=21 35 76 36 20 30 21 28 58 24 27 20 97 122 20 26 35 39 395 29 46 22 21 201 22 29 108 20 86 23 23
internal_value=-7.53062e-12 -0.000110856 -0.000683288 -0.00127467 -0.00333904 -0.0117433 -0.000378933 -0.00184968 -0.00664988 0.000117751 0.00106132 0.000453081 -0.00196378 -0.00806885 -0.00579647 -0.000433224 -0.00210347 0.00135495 -0.000892783 -0.0040405 0.00143191 -0.00314774 0.00161736 0.000119185 -0.002464 0.00198352 0.00103038 -0.000614808 -0.00528295 0.00122675
internal_weight=1760 1725 1159 922 279 42 643 237 54 589 566 562 162 40 54 183 125 546 151 75 400 43 237 86 51 357 249 152 43 109
internal_count=1760 1725 1159 922 279 42 643 237 54 589 566 562 162 40 54 183 125 546 151 75 400 43 237 86 51 357 249 152 43 109
is_linear=0
shrinkage=0.05


Tree=43
num_leaves=31
num_cat=0
split_feature=138 331 238 86 258 146 287 231 96 224 88 186 216 140 115 196 241 9 300 300 67 283 184 93 102 102 19 190 158 273
split_gain=0.38482 0.417842 0.569257 0.615468 1.26069 0.737148 0.638175 0.581725 0.599267 0.526334 0.548808 0.499205 0.756211 0.480945 0.399112 0.426275 0.541808 0.380687 0.532995 0.789753 0.37106 0.387407 0.3438 0.280877 0.270272 0.525666 0.262889 0.544311 0.253764 0.30032
threshold=0.083908461590025837 0.011496598843754894 0.034555178935355139 -0.076299851687751122 -0.036509448262293138 -0.00083449472699013733 0.064470899041706012 -0.0050567691540653074 -0.00093664817264427929 0.045752291098675374 0.042985307299218303 -0.0068801960076040275 -0.016518612711741629 0.068271979171172212 -0.03625072093927445 0.0050182838676982719 -0.022589124233285168 0.014020344980097304 0.0080122115935921598 0.024825636116990003 2.4414009612931857 0.0024900595852168461 -0.022634741836195925 -0.021461144876556534 0.009390264889851804 -0.0026272631239579332 17.291666666666668 0.0039025691727972013 -0.043878077544989784 -0.051361215785303609
decision_type=2 2 2 2 2 2 2 2 2 2 2 2 2 2 2 2 2 2 2 2 2 2 2 2 2 2 2 2 2 2
left_child=1 2 3 4 5 -1 9 8 -6 11 -11 12 -5 17 -9 16 -16 18 -3 -20 28 -22 -4 -18 25 -24 -14 -28 -13 -30
right_child=-2 13 22 6 7 -7 -8 14 -10 10 -12 20 26 -15 15 -17 23 -19 19 -21 21 -23 24 -25 -26 -27 27 -29 29 -31
leaf_value=-0.0045320810217942507 0.0051904284155794558 0.0021028412089339997 -0.0029633334889594054 -0.0079622138028916638 -0.011028552856296302 -0.017780157497950963 -0.0069252500789506099 -0.0068970054077605418 -0.00042842780239880088 0.00056709256023168564 -0.010134959671646357 -0.0032745568166402256 0.0016872869206615436 -0.006607113108038902 -0.0084201118739491154 0.0039578546237732685 -0.0036945415660738948 0.0021034974320732719 -0.010300443661880904 0.00023537393578368685 0.0016464445701620371 -0.0078479482592748746 0.0023655223676149607 0.0024387662972523167 0.0046448152842155348 -0.0063214347875189224 -0.0088485455761353176 0.0026769821625202898 -0.0024178941283495197 0.0027490403441706116
leaf_weight=21 35 76 36 39 30 21 35 21 24 23 25 22 81 20 22 56 28 395 29 46 22 21 102 56 78 21 21 20 31 303
leaf_count=21 35 76 36 39 30 21 35 21 24 23 25 22 81 20 22 56 28 395 29 46 22 21 102 56 78 21 21 20 31 303
internal_value=-5.92825e-12 -0.000105313 -0.000649124 -0.00121094 -0.00317209 -0.0111561 -0.000359987 -0.00175719 -0.00631739 1.79479e-05 -0.00500689 0.000448649 -0.00190147 0.00100825 -0.000411563 0.000429143 -0.00143508 0.0012872 -0.000848144 -0.00383848 0.00139694 -0.00299035 0.00153649 0.00039433 0.00234243 0.000882383 3.59871e-05 -0.00322634 0.00192687 0.00226947
internal_weight=1760 1725 1159 922 279 42 643 237 54 608 48 560 161 566 183 162 106 546 151 75 399 43 237 84 201 123 122 41 356 334
internal_count=1760 1725 1159 922 279 42 643 237 54 608 48 560 161 566 183 162 106 546 151 75 399 43 237 84 201 123 122 41 356 334
is_linear=0
shrinkage=0.05


Tree=44
num_leaves=31
num_cat=0
split_feature=168 194 123 208 140 116 119 186 133 320 268 169 214 283 175 148 315 321 253 269 194 146 238 101 112 152 234 295 325 119
split_gain=0.366183 0.503481 0.506447 0.580108 0.628965 0.512121 0.688426 0.637493 0.476198 0.658231 0.559921 0.836682 0.553442 0.45613 0.648462 0.536667 0.613513 0.434966 0.416848 0.410589 0.490992 0.398872 0.3944 0.389276 0.330097 0.361754 0.325679 0.314666 0.708691 0.355211
threshold=-0.021660108899857543 -0.022285311052729434 -0.017663594821902946 0.010178862874833978 0.040017724662306707 0.011924966638239687 -0.0071826470201353373 -6.224187758857435e-05 -0.013724378695688157 0.039690623397600981 0.042878619127014329 1.0000000180025095e-35 0.1420794009298457 -0.0083495211440174997 0.015391360700998195 -0.0044156599243888586 -0.013785411377519093 0.024246583366649345 0.00020599084079462777 -0.003319340481152146 -0.00030484803285807648 -0.0025341751916868886 0.001494461752462784 0.011095223062459159 0.034559258506589689 0.0020507336266629736 -0.043222042809015461 0.018946674266077133 0.02667155948801668 -0.012817377170559708
decision_type=2 2 2 2 2 2 2 2 2 2 2 2 2 2 2 2 2 2 2 2 2 2 2 2 2 2 2 2 2 2
left_child=27 26 5 4 8 -3 7 -7 9 24 12 -12 13 -10 15 18 -17 -5 21 -18 23 -15 -8 -21 -4 -26 -2 -1 29 -29
right_child=1 2 3 17 -6 6 22 -9 10 -11 11 -13 -14 14 -16 16 19 -19 -20 20 -22 -23 -24 -25 25 -27 -28 28 -30 -31
leaf_value=0.0025519375899291066 -0.0034369662792111434 0.0021479485482957801 0.0027561956763267519 0.0019938593547295974 -0.0091218546529610953 -0.0131453890530836 -0.0024885775122259345 -0.00082531883159563655 0.0010920182599239356 -0.0077412232121622021 -0.014591476280728113 -0.0020050559177874558 -0.008161567930470813 0.002251429394597099 -0.0099414699607425286 -0.011471397008492867 0.0029004123491176872 -0.0041922856779659503 0.0038680563679788192 0.0013915919321211608 -0.010301001029817956 -0.0073824290694160903 0.0051915175834437834 -0.007266462007537485 -0.0072405795194208618 0.0019540023726775596 0.002780636767369457 -0.0037747854012108988 -0.0085216561899237025 0.0040470597948482701
leaf_weight=224 24 247 125 173 30 21 35 21 123 22 23 31 33 21 27 22 28 34 56 37 23 22 32 20 20 23 172 21 23 47
leaf_count=224 24 247 125 173 30 21 35 21 123 22 23 31 33 21 27 22 28 34 56 37 23 22 32 20 20 23 172 21 23 47
internal_value=-3.75208e-12 -0.000336732 -0.000706453 -0.00134216 -0.0020422 0.000888165 -0.00196657 -0.00698535 -0.00171843 0.000391305 -0.00257862 -0.00736594 -0.00195116 -0.00141041 -0.00261275 -0.00174867 -0.00386094 0.000977778 0.00102503 -0.00231066 -0.00413454 -0.00267752 0.00117953 -0.00164632 0.00145628 -0.00232255 0.0020193 0.00154469 -0.00093469 0.00163149
internal_weight=1760 1445 1249 893 686 356 109 42 656 190 466 54 412 379 256 229 130 207 99 108 80 43 67 57 168 43 196 315 91 68
internal_count=1760 1445 1249 893 686 356 109 42 656 190 466 54 412 379 256 229 130 207 99 108 80 43 67 57 168 43 196 315 91 68
is_linear=0
shrinkage=0.05


Tree=45
num_leaves=31
num_cat=0
split_feature=145 154 115 161 115 202 326 169 165 156 301 129 254 191 149 331 120 336 19 99 282 173 166 142 293 93 191 226 184 258
split_gain=0.353022 0.4695 0.473479 0.874941 0.384558 0.405339 0.443768 0.6459 0.529436 0.622895 0.524248 0.508418 0.565335 0.722079 0.788691 0.424539 0.472198 0.416964 0.521074 0.41997 0.404798 0.402323 0.331874 0.439252 0.897602 0.329968 0.320942 0.315307 0.418114 0.28758
threshold=-0.023305958830145947 0.013768524299992859 0.015148269400521337 -0.0072304716552219995 0.10071042661418886 -0.0071889458261175159 0.037518804475223037 -0.010986498027909028 0.011022695631817367 -0.0037494003032962271 -0.00030097639687650177 -0.045145482448733967 0.01847538801947254 0.013657305064182159 -0.020018960794467144 -0.0022796879587946577 0.012552236847245827 0.014857292773620679 27.764958590897162 -0.039777544007743061 -0.057684665714103293 -0.0026299729612071854 -0.012671566648019866 0.0045133639484767939 -0.0093835042409647837 -0.0088443804388202586 -0.0057494561999625179 -0.0082960459817432042 0.0028396845196206649 0.028010063315322378
decision_type=2 2 2 2 2 2 2 2 2 2 2 2 2 2 2 2 2 2 2 2 2 2 2 2 2 2 2 2 2 2
left_child=1 -1 3 -3 5 20 8 -8 9 22 -9 -11 13 14 -13 16 26 18 19 -16 -2 -14 -7 29 -25 -23 -10 -21 -29 -24
right_child=4 2 -4 -5 -6 6 7 10 15 11 -12 12 21 -15 17 -17 -18 -19 -20 27 -22 25 23 24 -26 -27 -28 28 -30 -31
leaf_value=0.0031326988228282879 -0.0046143763907382203 -0.01184287668967789 0.0034613366019638145 0.00074850280542631403 -0.0052692449651658537 0.0036037709292334819 -0.012008555475622415 0.002018781854078556 -0.0025653711287304762 -0.0096557306687590563 -0.0067728629879032567 -0.012402150545407225 0.0055549698456057485 0.0023706743260845545 -0.0083367450801389558 0.0034127845940431648 -0.0055364257416554864 -0.0087995928615845487 0.0036597374382351215 0.0015321260327115082 0.0014982845033405395 -0.0054477067306064643 0.0024206628539210676 -0.012274174968756381 0.00087335686856771216 0.0019023139017155849 0.0033358556851453614 -0.0082623156422238445 0.00016682656215769904 -0.0031421729829162362
leaf_weight=181 29 22 34 37 38 72 20 39 36 23 30 27 35 48 35 137 35 29 30 39 410 26 103 21 34 37 64 31 28 30
leaf_count=181 29 22 34 37 38 72 20 39 36 23 30 27 35 48 35 137 35 29 30 39 410 26 103 21 34 37 64 31 28 30
internal_value=7.7952e-12 0.00164911 -0.00123831 -0.00394659 -0.000304075 -0.000173773 -0.000725573 -0.0040969 -0.000399434 -0.00117654 -0.00180367 -0.00244554 -0.0019912 -0.00318335 -0.00440068 0.0014519 -0.000538026 -0.00327547 -0.00229265 -0.00363529 0.00109449 0.00125683 0.000717196 -0.0003883 -0.00414661 -0.00113103 0.00121141 -0.0019562 -0.00426204 0.00116589
internal_weight=1760 274 93 59 1486 1448 1009 89 920 648 69 388 365 267 219 272 135 192 163 133 439 98 260 188 55 63 100 98 59 133
internal_count=1760 274 93 59 1486 1448 1009 89 920 648 69 388 365 267 219 272 135 192 163 133 439 98 260 188 55 63 100 98 59 133
is_linear=0
shrinkage=0.05


Tree=46
num_leaves=31
num_cat=0
split_feature=120 331 270 139 296 293 188 328 151 121 227 93 311 152 90 256 251 129 319 329 7 116 172 285 102 215 180 278 175 182
split_gain=0.332626 0.419606 0.958525 0.481011 0.61442 0.561416 0.704475 0.555174 0.948203 0.648441 0.582008 0.663292 0.521415 0.587298 0.609498 0.47141 0.433073 0.471872 0.430423 0.380541 0.344943 0.34293 0.481544 0.940635 0.338778 0.327535 0.460391 0.339242 0.314642 0.296584
threshold=-0.032241204249079607 0.017336892020185766 -0.078164456856374534 -0.023222315603919221 0.039687205441001773 0.028343470214781386 0.0079832546149683388 -0.022942854061313495 -0.014179211555967198 0.0082116086204890582 -0.029027029172828487 0.0010542704110167609 0.010704336574217896 -0.017026401428810529 -0.0090935800350863925 0.06707872630981522 0.0042005973659978704 0.017686966767126007 -0.0090227323256758234 -0.0033192352669542476 0.033816739004253631 0.028398659832640196 0.0054812882811225037 0.0050897091372447438 0.038451386022817662 -0.028705604283486473 -0.0089387983514536886 -0.00972711968514107 -0.011198840460572877 0.0037335061791922424
decision_type=2 2 2 2 2 2 2 2 2 2 2 2 2 2 2 2 2 2 2 2 2 2 2 2 2 2 2 2 2 2
left_child=21 2 -2 4 -4 6 7 8 -5 -10 11 -9 13 14 -12 20 17 -8 -13 29 -3 -1 23 -23 -7 -21 -27 -28 -14 -15
right_child=1 15 3 5 -6 24 16 10 9 -11 12 18 28 19 -16 -17 -18 -19 -20 25 -22 22 -24 -25 -26 26 27 -29 -30 -31
leaf_value=0.0024400755317936489 -0.010715398502846559 -0.0037543550366535786 0.0031187144383126738 0.00088684817931304377 -0.0062585616391152149 0.0025318493451379296 0.00045903230799982948 -0.010295915509341285 -0.0059613231250217986 -0.017074944921547458 -0.013334575634111057 -0.0062380141239951961 -0.0027118891280574296 -0.00037620975811667037 -0.0019235711116343736 -0.0063317034160718325 0.0032264074948004855 -0.0077275125795732372 0.0037696087555516332 0.0026897142317308036 0.0020359391317101598 0.0020466754119843242 0.0030583307010734959 -0.010817309489680661 -0.0044344523036852481 -0.01072755578905344 0.0017787165461413679 -0.0046961067365059129 0.0036710688378661874 0.0063233428324262313
leaf_weight=238 24 28 138 30 20 137 75 40 35 21 22 22 26 53 25 20 99 23 21 23 316 30 41 27 20 20 32 55 75 24
leaf_count=238 24 28 138 30 20 137 75 40 35 21 22 22 26 53 25 20 99 23 21 23 316 30 41 27 20 20 32 55 75 24
internal_value=7.85473e-12 -0.000333892 -0.000836852 -0.000608005 0.00193172 -0.00106504 -0.00165503 -0.00261334 -0.00628622 -0.0101289 -0.00189218 -0.00566158 -0.00101088 -0.00221923 -0.00726489 0.00113077 0.000893954 -0.0014623 -0.00135057 -0.00107359 0.00156464 0.00141507 -0.00107424 -0.00404679 0.00164442 -0.0027235 -0.00388708 -0.00231456 0.00202793 0.00171196
internal_weight=1760 1424 1060 1036 158 878 721 524 86 56 438 83 355 254 47 364 197 98 43 207 344 336 98 57 157 130 107 87 101 77
internal_count=1760 1424 1060 1036 158 878 721 524 86 56 438 83 355 254 47 364 197 98 43 207 344 336 98 57 157 130 107 87 101 77
is_linear=0
shrinkage=0.05


Tree=47
num_leaves=31
num_cat=0
split_feature=138 168 206 123 325 154 261 243 162 260 258 264 280 241 265 183 118 291 132 306 280 219 259 131 264 140 295 298 109 154
split_gain=0.317302 0.326478 0.433987 0.573919 0.519646 0.453809 0.528146 0.518517 0.830336 0.99763 0.556269 0.763578 0.703414 0.663216 0.648874 0.501222 0.469951 0.543873 0.430303 0.407757 0.574161 0.607953 0.591985 0.340319 0.332091 0.300971 0.30028 0.408987 0.278866 0.269685
threshold=0.083908461590025837 -0.021660108899857543 -0.0068564817503497261 -0.011079463629862193 -0.03414866927284977 -0.046394151912313379 -0.066488224583364272 -0.0015768802627715794 -0.015307550608202531 0.014350031742342815 -0.011715818777044654 0.0062069940027416363 0.023201650118523893 -0.0024801377202139994 0.00052987752538084939 0.0015862966132073341 -0.0092030415324508823 0.0031420082155484259 -0.062053957783711471 -0.0036558383960360132 -0.00038975883527483978 -0.040819122103130406 0.0022612304094466493 -0.030723995696477279 0.00053303107374968637 0.023639685354970175 0.036463685566909397 -0.0097695358635932379 -0.0039508239831690948 0.012721321983423668
decision_type=2 2 2 2 2 2 2 2 2 2 2 2 2 2 2 2 2 2 2 2 2 2 2 2 2 2 2 2 2 2
left_child=1 26 18 19 -5 -6 -7 15 9 -9 12 13 14 -12 -10 25 -17 -18 -3 -4 24 -22 -23 -20 -21 -8 -1 -28 -26 -15
right_child=-2 2 3 4 5 6 7 8 10 -11 11 -13 -14 29 -16 16 17 -19 23 20 21 22 -24 -25 28 -27 27 -29 -30 -31
leaf_value=0.0020032292250438 0.0047131411890898433 -0.0062486951006576422 0.0028779711899195991 0.0021622512437088392 0.0039550980518537537 -0.010100931107350018 0.0023250224518364874 -0.015436504837125539 -0.015391796049864397 -0.0012273060867474192 -0.0099384469977979156 0.0038848297038514704 0.0012984775103783855 -0.002844653127992407 -0.0045179245449082162 0.001456471280128296 -0.0016471223821434634 -0.01057134649956659 -0.0032450629422735226 0.0040307457386874242 -0.01135047656367533 -0.0062460621180278923 0.0027111902868805025 0.0017224787051134784 -0.0050230970642027948 -0.0043163445731624964 0.0024103146139532331 -0.0077013957407325506 0.0019007898824797435 0.0040875543840229516
leaf_weight=264 35 20 129 71 27 23 116 30 23 21 28 56 24 47 34 35 38 31 38 65 20 35 39 372 26 20 20 20 33 20
leaf_count=264 35 20 129 71 27 23 116 30 23 21 28 56 24 47 34 35 38 31 38 65 20 35 39 372 26 20 20 20 33 20
internal_value=8.46657e-13 -9.5629e-05 -0.000413787 -0.000989371 -0.00187261 -0.00237257 -0.00268548 -0.00235937 -0.00380919 -0.00958566 -0.00253936 -0.000746183 -0.00588219 -0.00347604 -0.00890563 -0.000649792 -0.00326275 -0.00565656 0.000912734 0.000649847 -0.00066863 -0.0036158 -0.00152535 0.00126207 0.00156552 0.00134835 0.00139155 -0.00264554 -0.00115041 -0.000775337
internal_weight=1760 1725 1421 991 644 573 546 523 283 51 232 151 81 95 57 240 104 69 430 347 218 94 74 410 124 136 304 40 59 67
internal_count=1760 1725 1421 991 644 573 546 523 283 51 232 151 81 95 57 240 104 69 430 347 218 94 74 410 124 136 304 40 59 67
is_linear=0
shrinkage=0.05


Tree=48
num_leaves=31
num_cat=0
split_feature=145 154 115 161 115 202 326 326 165 156 129 254 191 268 323 158 266 134 173 317 84 279 311 82 258 235 150 264 296 93
split_gain=0.306769 0.399773 0.403445 0.751677 0.335637 0.332001 0.390066 0.559934 0.420899 0.515649 0.434876 0.462551 0.607641 0.689524 0.407569 0.531383 0.400077 0.371361 0.351565 0.348085 0.330083 0.328072 0.311241 0.499819 0.290803 0.342373 0.287046 0.329253 0.283364 0.278646
threshold=-0.023305958830145947 0.013768524299992859 0.015148269400521337 -0.0072304716552219995 0.10071042661418886 -0.0071889458261175159 0.037518804475223037 0.048721117019785695 0.011022695631817367 -0.0037494003032962271 -0.045145482448733967 0.01847538801947254 0.013657305064182159 0.043712611122533031 0.021361802670817342 -0.01527848706727246 -0.024070738709741041 0.042309477442987922 -0.0026299729612071854 0.05219182857681548 0.093611537799561814 0.011281919395819136 0.019255674450955908 -0.066818653129185016 -0.0030199357893574059 0.0079078744302549502 -0.011949708273404932 0.01928531736492748 0.062402943513001893 -0.0088443804388202586
decision_type=2 2 2 2 2 2 2 2 2 2 2 2 2 2 2 2 2 2 2 2 2 2 2 2 2 2 2 2 2 2
left_child=1 -1 3 -3 5 19 8 -8 9 22 -11 12 13 14 15 -12 -17 28 -13 -2 -9 24 26 -24 -18 -26 -7 -28 -10 -20
right_child=4 2 -4 -5 -6 6 7 20 17 10 11 18 -14 -15 -16 16 21 -19 29 -21 -22 -23 23 -25 25 -27 27 -29 -30 -31
leaf_value=0.0029062835146539245 0.0013465064930704067 -0.010946040041744709 0.003211057202561813 0.00072472719601481353 -0.0049220640506399309 0.004734194248237393 -0.0089881934789997169 0.0023104258004904669 0.002414410050130553 -0.0088711963865258127 -0.010934346533663895 0.0051732000987976794 0.0022339598469746608 -0.012592490165982219 0.0035219013912691959 -0.007967840380345783 -0.003507644278366437 -0.0043874769829786745 -0.0050436234567314388 -0.0045137239344142099 -0.00554961835203523 -0.0067828482579595107 -0.0086680984745423004 0.0007074600583027033 -0.00096248708133636098 0.0069140216833065184 0.0019511731428222036 -0.0035014664264101736 -0.0036586674373774303 0.0017106592567083805
leaf_weight=181 412 22 34 37 38 55 33 34 225 23 23 35 48 21 21 30 41 26 26 27 22 24 21 44 37 22 102 38 21 37
leaf_count=181 412 22 34 37 38 55 33 34 225 23 23 35 48 21 21 30 41 26 26 27 22 24 21 44 37 22 102 38 21 37
internal_value=-8.24106e-12 0.00153728 -0.00112712 -0.00362708 -0.000283456 -0.000161724 -0.000661117 -0.00382188 -0.000355347 -0.00104823 -0.00220283 -0.00178263 -0.00286098 -0.00397768 -0.00306399 -0.00384537 -0.00278663 0.00129535 0.00115533 0.000986082 -0.000777449 -0.00153311 0.00067478 -0.00232157 -0.00027317 0.00197452 0.00167356 0.000471171 0.00189598 -0.00107682
internal_weight=1760 274 93 59 1486 1448 1009 89 920 648 388 365 267 219 198 177 154 272 98 439 56 124 260 65 100 59 195 140 246 63
internal_count=1760 274 93 59 1486 1448 1009 89 920 648 388 365 267 219 198 177 154 272 98 439 56 124 260 65 100 59 195 140 246 63
is_linear=0
shrinkage=0.05


Tree=49
num_leaves=31
num_cat=0
split_feature=120 331 270 139 296 160 286 292 276 169 7 96 227 150 85 316 168 10 193 324 256 277 307 7 277 240 116 178 172 159
split_gain=0.283973 0.363673 0.836521 0.401629 0.536361 0.492628 0.576112 0.574501 0.51043 0.595099 1.10314 0.662183 0.656998 0.469571 0.464897 0.412902 0.400299 0.453044 0.60185 0.43864 0.394003 0.391266 0.329892 0.30839 0.306823 0.378346 0.305455 0.41871 0.645813 0.244659
threshold=-0.032241204249079607 0.017336892020185766 -0.078164456856374534 -0.023222315603919221 0.039687205441001773 0.01082976459868871 0.037773851026962756 0.048128464622096225 -0.012373207479672455 -0.012167719829011716 0.75908704379562053 0.0029817413528331446 -0.044505805657936603 0.012538262904093975 0.22670949425984574 0.00035334409716264464 -0.0072419638151538018 0.090230664857530549 0.0040156347340833424 -0.0054080332509279377 0.06707872630981522 -0.0066391216210133957 -0.016853145904382388 0.033816739004253631 -0.020416561566454532 0.043572699663436874 0.032067996376146157 0.0028057468352367765 0.0054812882811225037 -0.0011258478586697312
decision_type=2 2 2 2 2 2 2 2 2 2 2 2 2 2 2 2 2 2 2 2 2 2 2 2 2 2 2 2 2 2
left_child=26 2 -2 4 29 7 24 8 14 10 11 -10 -11 16 15 22 -14 18 19 -18 23 -21 -5 -3 -7 -26 -1 28 -28 -4
right_child=1 20 3 5 -6 6 -8 -9 9 12 -12 -13 13 -15 -16 -17 17 -19 -20 21 -22 -23 -24 -25 25 -27 27 -29 -30 -31
leaf_value=0.0022401228359358581 -0.010005219971450667 -0.003577579937076995 0.00060299202905298452 -0.0060826814564114273 -0.0058945950679481036 0.0047050813429190645 -0.0053240008678080309 -0.0089735433860941727 -0.0080238557599771488 -0.0077485377214064725 -0.016710452344268562 0.0039135989112158622 0.0014512743808512316 0.0033382854128181602 -0.0049311989758280108 0.004210623726248741 0.0029808078723197635 0.002555332365445793 -0.012732113013044 -0.010982925784192049 -0.0057672874117270113 -0.0024177401751512666 0.0011080891921602446 0.0018973274572608374 0.0012178736297452511 -0.0059981047175824646 -0.0076963631146763634 0.0036152062276678699 0.0027063883990049364 0.0048246615255216922
leaf_weight=243 24 28 64 22 20 56 36 27 26 38 20 21 61 56 32 80 22 25 20 20 20 40 58 316 198 20 37 31 25 74
leaf_count=243 24 28 64 22 20 56 36 27 26 38 20 21 61 56 32 80 22 25 20 20 20 40 58 316 198 20 37 31 25 74
internal_value=-8.70738e-12 -0.000308508 -0.000776748 -0.000562961 0.00175775 -0.000980583 0.000622572 -0.00185555 -0.0015003 -0.00263944 -0.00687528 -0.0026901 -0.00163306 -0.000680646 0.000570321 0.00167063 -0.00187777 -0.00347677 -0.00495522 -0.00305842 0.00105505 -0.0052728 -0.000869373 0.0014517 0.00140387 0.000555857 0.00130749 -0.0011294 -0.00350171 0.00286679
internal_weight=1760 1424 1060 1036 158 878 310 568 541 349 67 47 282 244 192 160 188 127 102 82 364 60 80 344 274 218 336 93 62 138
internal_count=1760 1424 1060 1036 158 878 310 568 541 349 67 47 282 244 192 160 188 127 102 82 364 60 80 344 274 218 336 93 62 138
is_linear=0
shrinkage=0.05


Tree=50
num_leaves=31
num_cat=0
split_feature=198 246 9 197 160 168 270 137 106 99 290 82 260 314 112 334 328 267 116 221 123 103 298 204 260 198 174 304 208 319
split_gain=0.268419 0.402262 0.350271 0.306452 0.342 0.647041 0.708909 0.529249 0.756417 0.585337 0.511462 0.662536 0.540594 0.519263 0.436468 0.421266 0.572137 0.675658 0.397357 0.449496 0.38332 0.345671 0.512061 0.344762 0.339912 0.460471 0.313145 0.384254 0.271232 0.262404
threshold=-0.0253480217341625 -0.12891518288634171 0.011261318385877699 0.033387157146936026 0.01082976459868871 -0.007940874907955954 -0.075772866874426234 0.021935368069257218 0.081396030701926705 0.017388337783535917 0.0079633057329102468 0.078599784622423313 0.0037690730933199216 0.013445839358610384 -0.0038703520695340192 -0.0047854308744867636 0.0050512300532994806 0.00056183594749204663 0.046194198802446525 -0.012229243523397729 1.0000000180025095e-35 -0.027593776019325295 -0.0041181870405878366 0.027599847139286964 -0.0019665264202940341 0.0006070083434264157 0.0049984263538686386 0.0076098367085194402 -0.0076048664842550432 -0.023358604753187285
decision_type=2 2 2 2 2 2 2 2 2 2 2 2 2 2 2 2 2 2 2 2 2 2 2 2 2 2 2 2 2 2
left_child=2 -2 -1 4 5 15 -7 8 9 10 11 13 -13 14 20 16 17 -3 23 -20 -8 22 -9 -6 -11 -26 27 -12 -18 -5
right_child=1 3 -4 29 18 6 7 21 -10 24 26 12 -14 -15 -16 -17 28 -19 19 -21 -22 -23 -24 -25 25 -27 -28 -29 -30 -31
leaf_value=-0.0038098861308147516 -0.0062602576972157868 5.9654268185719653e-05 0.0026730823452890962 -0.0016051174270556188 0.0017506980670445129 -0.010887396477517628 -0.0038662760555744171 -0.0072421450953697791 -0.011390875610099598 0.0038863259065827285 0.00078664241056587258 -0.013656462686917475 -0.0038801424939615223 0.0023743908205587005 -0.0013235714570328128 0.0022666974717575131 -0.002694929090582512 -0.010010562479146758 -0.0089106955742906963 1.3708070916838425e-05 -0.012915645345029507 0.0032451453499450556 0.003198085247498492 -0.0032378949874423838 -0.0056875515017001076 0.0018544442490674555 0.0034710272338189605 -0.0073367556251469068 0.0040318179717089269 0.0037523011197924784
leaf_weight=24 27 36 158 31 391 21 25 24 22 54 37 31 26 36 48 209 22 31 21 43 22 82 23 38 34 50 36 24 47 87
leaf_count=24 27 36 158 31 391 21 25 24 22 54 37 31 26 36 48 209 22 31 21 43 22 82 23 38 34 50 36 24 47 87
internal_value=-8.16964e-12 -0.000209702 0.00181819 -0.000104373 -0.000306053 -0.000865449 -0.00186435 -0.00153424 -0.00235169 -0.00188156 -0.00317582 -0.00469728 -0.00919709 -0.00273935 -0.00467718 0.000857295 -0.00130862 -0.0045997 0.000760543 -0.00291461 -0.00810215 0.00128563 -0.0021331 0.00130882 0.000791356 -0.00119827 -0.000227004 -0.00240945 0.00188706 0.00234484
internal_weight=1760 1578 182 1551 1433 940 595 574 445 423 285 188 57 131 95 345 136 67 493 64 47 129 47 429 138 84 97 61 69 118
internal_count=1760 1578 182 1551 1433 940 595 574 445 423 285 188 57 131 95 345 136 67 493 64 47 129 47 429 138 84 97 61 69 118
is_linear=0
shrinkage=0.05


Tree=51
num_leaves=31
num_cat=0
split_feature=145 127 142 154 291 134 90 321 321 264 265 297 289 237 199 293 264 313 253 328 163 136 234 316 247 85 239 196 246 92
split_gain=0.261113 0.367817 0.511049 0.340099 0.294348 0.376218 0.319919 0.343735 0.431807 0.968292 0.337972 0.369078 0.345177 0.32242 0.440863 0.547457 0.513191 0.508268 0.486348 0.503102 0.463532 0.364342 0.35998 0.356261 0.453946 0.296363 0.321611 0.281491 0.271264 0.278567
threshold=-0.023305958830145947 -0.004082996903859373 0.036147916422789826 0.034580179240376603 0.044868161674059513 -0.044042082087346189 -0.30197436243001147 -0.023197372454090388 -0.018006695034071266 -0.0035138178142871258 0.062492228558343819 0.068880889476867532 0.069398909096933456 0.030790560942946205 0.00060291079572162174 -0.0074278794451501659 -0.01487242553898188 0.041763729962994947 -0.011042210235085545 -0.018677552681426405 0.0013541353480786039 -0.0080185879272450123 0.0016312238515548436 0.0064281544092207417 -0.00036368865954580597 0.26570830912649185 -0.013082325486658988 -0.026147615600348669 -0.03602449955316684 -0.034582902295746419
decision_type=2 2 2 2 2 2 2 2 2 2 2 2 2 2 2 2 2 2 2 2 2 2 2 2 2 2 2 2 2 2
left_child=1 2 3 -1 6 -6 -2 -8 9 -9 11 12 13 14 17 23 20 25 22 -20 -17 -21 -18 -16 -25 26 -10 -15 -28 -30
right_child=4 -3 -4 -5 5 -7 7 8 10 -11 -12 -13 -14 27 15 16 18 -19 19 21 -22 -23 -24 24 -26 -27 28 -29 29 -31
leaf_value=0.0025353026933691031 -0.0062078208662569526 0.0031085858008245361 -0.0071317918482236564 -0.0043733789545038473 -0.0042243186916623805 0.0030438756490619775 0.0012951364552258558 -0.013549714238892886 0.0040706585574438441 -0.00029108754824846983 0.0030839808773799023 -0.0059504031641126583 -0.0055127948029514628 -0.0037265278991650448 0.0019724559376857456 -0.0036011155811138452 -0.0025250062462873757 -0.0059454319843401521 -0.0075272296174344697 0.0057510692100213087 -0.014366016443818809 -0.0012998331948565784 -0.011782949009821528 -0.0090907637926284229 0.00070089285125442106 -0.0039215112429034594 -0.0039076547283912076 0.0023272381926422617 -0.0019304520273902292 0.0021280468739207255
leaf_weight=79 24 148 24 23 21 117 248 21 78 40 61 33 34 22 93 20 21 30 22 27 20 57 21 20 29 30 32 151 58 156
leaf_count=79 24 148 24 23 21 117 248 21 78 40 61 33 34 22 93 20 21 30 22 27 20 57 21 20 29 30 32 151 58 156
internal_value=2.79137e-12 0.00141828 -0.000567157 0.000977463 -0.000261513 0.00193785 -0.00048667 -0.000382964 -0.000769738 -0.00485553 -0.000524187 -0.000754898 -0.00056874 -0.000379227 -0.000848465 -0.0021887 -0.00395862 0.0003033 -0.00260053 -0.000796327 -0.00898357 0.000966528 -0.00715398 0.000154571 -0.0032957 0.000832854 0.00127307 0.0015574 0.000386033 0.00102808
internal_weight=1760 274 126 102 1486 138 1348 1324 1076 61 1015 954 921 887 714 330 188 384 148 106 40 84 42 142 49 354 324 173 246 214
internal_count=1760 274 126 102 1486 138 1348 1324 1076 61 1015 954 921 887 714 330 188 384 148 106 40 84 42 142 49 354 324 173 246 214
is_linear=0
shrinkage=0.05


Tree=52
num_leaves=31
num_cat=0
split_feature=138 221 238 237 292 247 169 258 229 258 120 146 91 172 133 88 115 109 285 309 215 314 169 319 227 174 208 229 88 99
split_gain=0.254491 0.258977 0.377941 0.426245 0.695013 0.359276 0.550878 1.2238 0.58234 0.699624 0.902855 0.382575 0.421361 0.728369 0.389917 0.44467 0.381326 0.559544 0.363451 0.562753 0.387533 0.325122 0.285244 0.288345 0.351393 0.255723 0.25119 0.45933 0.246249 0.276157
threshold=0.083908461590025837 0.054529294438948807 0.03496281578131203 -0.069145778848546058 0.0023392974978990468 0.019112157964398534 -0.013226410137813354 -0.026793601280580118 -0.0035616265529614393 0.00044095045127151469 0.012213424207439654 -0.029095429964731034 -0.12119554739059464 -0.030767519748980104 -0.011838023605590157 0.19449901202801648 0.049430383967509685 -0.012191447878368939 0.017127264199951104 -0.00019708610574870324 0.010496432722476612 0.0011406485677757925 -0.035844401049206318 -0.026607448573128783 -0.010917352383240193 -0.0015889675711663221 -0.0041373341332671095 -0.002960619664024285 0.14971249837438996 -0.011558095602668093
decision_type=2 2 2 2 2 2 2 2 2 2 2 2 2 2 2 2 2 2 2 2 2 2 2 2 2 2 2 2 2 2
left_child=1 2 3 4 -1 6 7 -5 -9 -10 -11 -8 -13 -14 26 18 28 -18 20 -20 -16 25 -4 24 -24 -22 27 -15 29 -7
right_child=-2 -3 22 5 -6 16 11 8 9 10 -12 12 13 14 15 -17 17 -19 19 -21 21 -23 23 -25 -26 -27 -28 -29 -30 -31
leaf_value=-0.011194420233368875 0.0042209522745438989 0.0013090802537482633 -0.003265610311063938 -0.011593653497976975 0.00048159734131051946 -0.0011957116770269028 0.0031965227316959502 0.0020464581877200141 0.0024978622137992222 -0.015498512509194288 -0.00082016037194989624 0.0031230768365464335 -0.010495458017768605 0.002191279539692914 0.0013256400548120615 -0.0082657402094740134 0.0031798664099452175 -0.0071145149300608675 -0.00059255039215915743 -0.011505901973162379 -0.0091256777678305912 0.00079098955948690057 0.0032133685824062143 0.0024853824050579637 -0.0052792794954288624 -0.0025659308768808844 0.0026224650726437608 -0.0071939070455052647 0.0061931372190324159 0.0022892951843947766
leaf_weight=25 35 279 32 38 26 87 64 63 22 22 20 58 21 32 122 26 22 33 27 21 24 38 21 225 29 39 97 22 26 164
leaf_count=25 35 279 32 38 26 87 64 63 22 22 20 58 21 32 122 26 22 33 27 21 24 38 21 225 29 39 97 22 26 164
internal_value=4.52226e-12 -8.56425e-05 -0.000354749 -0.000774416 -0.00524194 -0.000565001 -0.00116711 -0.00372151 -0.00136607 -0.00472527 -0.00850882 -0.000453957 -0.000897279 -0.00139447 -0.000967857 -0.00201964 0.000806076 -0.00299676 -0.00142039 -0.00536714 -0.00057086 -0.00286168 0.00120226 0.00172216 -0.00171237 -0.00506488 0.00110089 -0.00163231 0.00156115 0.00108134
internal_weight=1760 1725 1446 1139 51 1088 756 165 127 64 42 591 527 469 448 297 332 55 271 48 223 101 307 275 50 63 151 54 277 251
internal_count=1760 1725 1446 1139 51 1088 756 165 127 64 42 591 527 469 448 297 332 55 271 48 223 101 307 275 50 63 151 54 277 251
is_linear=0
shrinkage=0.05


Tree=53
num_leaves=31
num_cat=0
split_feature=304 297 172 203 331 242 9 166 314 308 234 321 173 234 110 129 140 249 276 218 226 265 106 303 279 272 263 159 256 155
split_gain=0.230967 0.330326 0.629346 0.327265 0.375049 0.404031 0.840554 0.386459 0.394502 0.694115 0.42515 0.75414 0.367685 0.393313 0.494958 0.367098 0.351246 0.350058 0.303693 0.536992 0.312494 0.288787 0.265001 0.259738 0.424329 0.437152 0.265873 0.258864 0.315032 0.249636
threshold=-0.028472333980464868 0.064260091724807303 0.001102317111484461 0.011601049676631123 0.011496598843754894 0.040442191875542426 0.023849480562215017 -0.014641592005279409 0.022640579089224129 -0.0031812007170535532 0.039268950044112301 1.0000000180025095e-35 -0.0055564635078944281 0.018204576653338699 -0.037574675739261355 0.0017749274041747567 0.008122589563782142 -0.0072801833847753262 0.023683022620181311 0.0099057800305868294 0.016944371720626836 -0.048438145190124508 0.028854619155963358 -0.013184794820263331 -0.0036635976143525495 -0.0070575121639051856 0.017905240996389005 0.014096212348882088 0.011745058968288712 0.0048524861610738535
decision_type=2 2 2 2 2 2 2 2 2 2 2 2 2 2 2 2 2 2 2 2 2 2 2 2 2 2 2 2 2 2
left_child=27 3 -3 4 5 7 22 21 10 -10 12 -12 -9 14 -14 16 -16 -8 -5 20 -20 -2 -7 24 -6 -26 29 -1 -29 -25
right_child=1 2 -4 18 23 6 17 8 9 -11 11 -13 13 -15 15 -17 -18 -19 19 -21 -22 -23 -24 26 25 -27 -28 28 -30 -31
leaf_value=0.0019566846507429337 -0.0031488415349841766 -0.0095322526715419919 0.0010756119208336118 0.0021925214552455797 0.0021886299871506968 0.0035571386804804208 -0.01298526331782341 0.0025769459738981941 0.00047208395348313981 -0.0093019820116937921 0.0014528567340069763 -0.010728438998813983 -0.0077387441737422104 0.0051014137656792352 -0.00091407077601895884 0.0013930919887299867 -0.0073821232796856956 -0.0046179676279425623 0.0028043651593179677 -0.0069529769509764656 -0.0039907414952050088 0.0031151298661944056 -0.0033219364662987316 0.0019901692479059262 0.001026606811210513 -0.0085822145928275487 0.0042603814068412332 0.000701335804725839 -0.0064161839429289109 -0.0019255793659896073
leaf_weight=254 23 27 29 241 42 28 25 93 34 39 24 27 30 23 65 94 31 25 64 28 23 92 28 115 20 29 69 53 22 63
leaf_count=254 23 27 29 241 42 28 25 93 34 39 24 27 30 23 65 94 31 25 64 28 23 92 28 115 20 29 69 53 22 63
internal_value=-1.23526e-12 -0.000274642 -0.00403889 -0.000121334 -0.000577273 -0.00125306 -0.00408958 -0.000730158 -0.00137828 -0.00474968 -0.000742333 -0.00499606 -9.66774e-05 -0.00111992 -0.00177033 -0.000827946 -0.00300271 -0.00880162 0.00118373 -0.000930357 0.00100796 0.00186234 0.000117601 0.000784304 -0.00149923 -0.00466025 0.0016256 0.00119457 -0.00138647 0.000604258
internal_weight=1760 1431 56 1375 1019 681 106 575 460 73 387 51 336 243 220 190 96 50 356 115 87 115 56 338 91 49 247 329 75 178
internal_count=1760 1431 56 1375 1019 681 106 575 460 73 387 51 336 243 220 190 96 50 356 115 87 115 56 338 91 49 247 329 75 178
is_linear=0
shrinkage=0.05


Tree=54
num_leaves=31
num_cat=0
split_feature=120 331 270 193 247 139 296 293 188 328 94 331 227 93 311 152 90 251 277 319 329 297 97 98 281 258 9 331 317 131
split_gain=0.225983 0.267614 0.635611 0.339985 0.426967 0.320137 0.428743 0.402794 0.475732 0.444056 0.687119 0.436384 0.399065 0.51368 0.375133 0.458859 0.465099 0.34903 0.337099 0.289073 0.280158 0.273933 0.395545 0.258129 0.256472 0.286284 0.255875 0.25166 0.334906 0.248261
threshold=-0.032241204249079607 0.017336892020185766 -0.078164456856374534 0.026209915142920124 -0.0048475727267687447 -0.023222315603919221 0.039687205441001773 0.028343470214781386 0.0079832546149683388 -0.022942854061313495 -0.020871637165239234 -0.015559878973007502 -0.029027029172828487 0.0010542704110167609 0.010704336574217896 -0.017026401428810529 -0.0090935800350863925 0.0042005973659978704 -0.023373536340779457 -0.0090227323256758234 -0.0033192352669542476 -0.0031783534558143477 -0.0044983468882108836 0.049326408486414827 0.0055992967325888725 0.034678586309166655 0.020841666666666672 0.0037160779625599271 -0.0073102396881444551 -0.0085160538702069247
decision_type=2 2 2 2 2 2 2 2 2 2 2 2 2 2 2 2 2 2 2 2 2 2 2 2 2 2 2 2 2 2
left_child=-1 2 -2 24 -5 6 -4 8 9 10 -7 -12 13 -11 15 16 -14 18 -10 -15 -17 22 -22 -9 25 -3 -16 28 -23 -20
right_child=1 3 5 4 -6 7 -8 23 17 12 11 -13 14 19 26 20 -18 -19 29 -21 21 27 -24 -25 -26 -27 -28 -29 -30 -31
leaf_value=0.0011663705298165692 -0.0087211587078248453 0.0012928924831400691 0.0025729655138000958 0.0012165209191152826 -0.0072053936439462844 -0.011541626884912452 -0.0052602937072515491 0.0022282862997064301 -0.0071749501489102837 -0.0087052403064444665 0.0020945862240703971 -0.0067385983705106709 -0.011562921538610351 -0.0048384590032087135 -3.1040372877297074e-05 0.0016019005254334349 -0.0015948660093708896 0.0028254877042726174 -0.0042609192856142061 0.0033629285526417551 -0.010553706963546575 0.0029624728762428277 -0.0014759765192866325 -0.0037277701293143245 0.0031813787643748415 -0.0039099415961765882 0.0052575318252534742 0.0038943851877168835 -0.0051072594761434531 0.0019253148193555801
leaf_weight=336 24 133 138 34 27 30 20 136 20 40 29 27 22 22 66 77 25 99 23 21 20 20 30 21 137 33 35 24 36 55
leaf_count=336 24 133 138 34 27 30 20 136 20 40 29 27 22 22 66 77 25 99 23 21 20 20 30 21 137 33 35 24 36 55
internal_value=-5.02661e-12 -0.000275211 -0.000676879 0.000894482 -0.00251121 -0.000490525 0.00158141 -0.00086338 -0.00136312 -0.00215062 -0.00543544 -0.00216427 -0.00150566 -0.00462692 -0.000775901 -0.00180083 -0.00626076 0.000731551 -0.00138375 -0.00083313 -0.000788182 -0.00220385 -0.00510707 0.00143162 0.00158012 0.000258594 0.00180163 -0.000389333 -0.00222521 0.000101169
internal_weight=1760 1424 1060 364 61 1036 158 878 721 524 86 56 438 83 355 254 47 197 98 43 207 130 50 157 303 166 101 80 56 78
internal_count=1760 1424 1060 364 61 1036 158 878 721 524 86 56 438 83 355 254 47 197 98 43 207 130 50 157 303 166 101 80 56 78
is_linear=0
shrinkage=0.05


Tree=55
num_leaves=31
num_cat=0
split_feature=145 127 141 105 269 321 321 264 156 179 180 335 238 149 165 140 257 185 240 156 270 197 253 228 166 249 100 274 101 108
split_gain=0.217318 0.300321 0.455187 0.240359 0.253326 0.290191 0.361677 0.837533 0.311316 0.475308 0.590978 0.577021 0.496867 0.625861 0.495324 0.707497 0.5368 0.438236 0.394704 0.364912 0.342316 0.311106 0.308472 0.284596 0.488005 0.288732 0.254651 0.235339 0.224328 0.221954
threshold=-0.023305958830145947 -0.004082996903859373 -0.03891746773646939 0.070290165325751858 -0.11038672223156688 -0.023197372454090388 -0.018006695034071266 -0.0035138178142871258 -0.012010131461265649 0.015732228335638729 0.023308408671660584 0.012368039904801792 0.0004108728604531316 0.0078494778870467369 0.010828854785885652 0.02330050256567661 -0.0078350966918861367 -0.00027290418922941288 0.013346808298872444 -0.007325666102563801 0.036814145961893759 -0.023929986880912486 -0.057994242177623265 -0.0060021896907116708 -0.010595682131126745 -0.0081746013986856297 -0.034722996591141274 -0.033799144840184807 0.0049528431724218036 0.028983089689333313
decision_type=2 2 2 2 2 2 2 2 2 2 2 2 2 2 2 2 2 2 2 2 2 2 2 2 2 2 2 2 2 2
left_child=1 2 -1 4 -2 -6 7 -7 20 14 11 12 13 -11 15 17 -17 26 23 -16 21 -8 -23 -19 -25 -26 -10 -4 -14 -5
right_child=3 -3 27 29 5 6 8 -9 9 10 -12 -13 28 -15 19 16 -18 18 -20 -21 -22 22 -24 24 25 -27 -28 -29 -30 -31
leaf_value=-0.0068598289913295411 -0.0058922666324568648 0.0028212459406121698 -0.003948842282406986 0.0027507581253827609 0.0011331532040312318 -0.012269243765199049 -0.003091394815965032 -0.00017613236502766973 -0.0021082114969455715 -0.011712234763911478 0.0039061073996973315 -0.01144521151889219 -0.0025609307335284744 -0.00061521022386538493 -0.0043269723351113494 -0.00096418437188612702 -0.011117077320814133 0.0017797478319623444 -0.007041475797604742 0.0029030324898007579 -0.0038220727692960818 0.0079480501290942942 0.001580903143650797 -0.0092121532626069074 0.0039289536845424902 -0.0025398299918827209 0.0026556444866683111 0.0020931645142228668 0.0046795391268096868 -0.0021617726743992033
leaf_weight=23 21 148 20 111 262 22 32 41 37 27 22 27 23 24 20 23 30 58 33 137 34 21 202 22 23 69 116 83 20 29
leaf_count=23 21 148 20 111 262 22 32 41 37 27 22 27 23 24 20 23 30 58 33 137 34 21 202 22 23 69 116 83 20 29
internal_value=2.74833e-12 0.00129388 -0.000500161 -0.000238576 -0.00044366 -0.000357305 -0.000724662 -0.00439912 -0.000493171 -0.00105562 -0.00363211 -0.0050027 -0.00315219 -0.00649011 -0.000406962 -0.00131954 -0.0067111 -0.000521347 -0.00203265 0.00198201 0.000890576 0.00151893 0.0021805 -0.00107165 -0.00252237 -0.000922634 0.0015036 0.000919959 0.00080673 0.00173316
internal_weight=1760 274 126 1486 1346 1325 1063 63 1000 711 143 121 94 51 568 411 53 358 205 157 289 255 223 172 114 92 153 103 43 140
internal_count=1760 274 126 1486 1346 1325 1063 63 1000 711 143 121 94 51 568 411 53 358 205 157 289 255 223 172 114 92 153 103 43 140
is_linear=0
shrinkage=0.05


Tree=56
num_leaves=31
num_cat=0
split_feature=138 244 316 134 142 123 101 192 203 108 140 89 223 234 291 247 258 122 312 146 104 332 169 96 336 282 242 2 236 246
split_gain=0.208362 0.222598 0.331159 0.254377 0.566668 0.29977 0.344973 0.622637 0.529867 0.288474 0.333728 0.522185 0.347467 0.469107 0.328147 0.380355 0.626087 0.513394 0.381968 0.778175 0.320579 0.266255 0.347569 0.499679 0.275608 0.343312 0.465543 0.275895 0.246927 0.416171
threshold=0.10560904344290444 -0.066579068077526379 -0.032115557286860587 0.071759383012305097 -0.0019766595374647871 -0.017663594821902946 -0.03345385835521366 0.0098232938698702144 -0.0055315085926383309 -0.030516966655831885 0.038037923327373803 -0.040144674510339325 -0.038999282052419086 0.054696760065624878 0.043933440808519679 0.018688260509485893 -0.036509448262293138 0.0015732335199583477 0.005901664092811597 0.0123417624798182 -0.0053905382469822223 -0.012598112843622862 -0.020973501679038869 -0.00093664817264427929 0.0066388182604164214 -0.019314756362817345 0.035330737343172845 1.7005986908310777 -0.030592337997230396 0.0060722706920420611
decision_type=2 2 2 2 2 2 2 2 2 2 2 2 2 2 2 2 2 2 2 2 2 2 2 2 2 2 2 2 2 2
left_child=1 2 -1 5 -5 21 7 8 -7 -8 12 -12 -11 14 15 16 17 -14 28 20 -20 -3 23 -23 25 -24 27 -27 29 -18
right_child=-2 3 -4 4 -6 6 9 -9 -10 10 11 -13 13 -15 -16 -17 18 -19 19 -21 -22 22 24 -25 -26 26 -28 -29 -30 -31
leaf_value=-0.0028074089111760261 0.0047277982954097835 0.0026096990489424352 0.0031190490448551084 0.0020269638980212417 -0.0086530953300771891 -0.013180667655542495 0.0012911034745566089 0.0027075279118994682 -0.0030303167256837092 0.0022427072044156377 -0.00039291531097010847 -0.010971039589494467 -0.0019694455468561504 -0.0076405506320297717 0.00340844781464472 0.00092617944075003105 -0.0085387369943782689 -0.0131628586267609 -0.0059890415000084509 -0.010375846065580846 0.00045385489333420989 -0.0087315932079218336 0.0038382837350261125 0.0010783278279834323 0.0028343988489087655 0.0017556107942047613 -0.008606650622650272 -0.0040456778588122688 0.00090885324924160722 0.0016613916819915179
leaf_weight=30 23 159 110 23 27 20 219 26 36 100 28 20 20 25 46 179 20 21 26 30 75 25 34 27 103 57 21 32 178 20
leaf_count=30 23 159 110 23 27 20 219 26 36 100 28 20 20 25 46 179 20 21 26 30 75 25 34 27 103 57 21 32 178 20
internal_value=8.05657e-12 -6.26018e-05 0.00184909 -0.000230189 -0.00374027 -0.000116741 -0.000568117 -0.0036867 -0.00665544 -0.000314171 -0.000760307 -0.00480047 -0.000498243 -0.000926516 -0.000653588 -0.000981977 -0.00185777 -0.00770266 -0.00117112 -0.00330497 -0.00120471 0.000956507 7.73853e-05 -0.00363798 0.000859568 -0.000552985 -0.00191029 -0.000330246 0.000111142 -0.00343867
internal_weight=1760 1737 140 1597 50 1547 1089 82 56 1007 788 48 740 640 615 569 390 41 349 131 101 458 299 52 247 144 110 89 218 40
internal_count=1760 1737 140 1597 50 1547 1089 82 56 1007 788 48 740 640 615 569 390 41 349 131 101 458 299 52 247 144 110 89 218 40
is_linear=0
shrinkage=0.05


Tree=57
num_leaves=31
num_cat=0
split_feature=325 156 221 275 271 291 133 119 290 306 287 203 228 148 331 228 144 126 141 186 313 112 177 275 8 193 9 230 210 205
split_gain=0.204577 0.256272 0.24995 0.304469 0.406839 0.28826 0.340502 0.302086 0.50552 0.61904 0.51101 0.67728 0.380671 0.38947 0.490219 0.579437 0.502501 0.720257 0.513058 0.334601 0.314973 0.353136 0.306627 0.29609 0.396689 0.663477 0.42113 0.308291 0.246078 0.214244
threshold=-0.037564171142919094 0.033051389703291606 0.054529294438948807 0.076467225911408435 -0.0023303973530887424 0.044868161674059513 0.01977221084579146 -0.0010378887596452886 -0.036763343910756995 -0.049721032239801108 -0.035917568927070098 -0.00042544838124501785 -0.040612424244797211 -0.027631370148365423 0.0079316981472602969 -0.022091033094430543 0.00066448799254874269 -0.0028631677917487415 -0.0044421187295943633 -0.0023523969982795702 -0.0060723024779326075 0.011493265006431845 0.025493557186321108 -0.024826994179031985 0.030188727010366696 -0.014108223235981569 0.031695214514754239 -0.060891233378277475 -0.0039618406710372157 0.0065310085199435626
decision_type=2 2 2 2 2 2 2 2 2 2 2 2 2 2 2 2 2 2 2 2 2 2 2 2 2 2 2 2 2 2
left_child=1 -1 3 5 -5 7 -7 8 -2 -10 11 -11 -12 -14 15 -15 20 19 -19 -18 -17 -22 -16 -9 27 -26 28 -25 -27 -29
right_child=2 -3 -4 4 -6 6 -8 23 9 10 12 -13 13 14 22 16 17 18 -20 -21 21 -23 -24 24 25 26 -28 29 -30 -31
leaf_value=0.0022298211486828654 0.0020714783777789725 -0.00310030087398795 0.0012617528118951955 -0.0089639598697734378 0.00044937377626245675 0.0038594556053127074 -0.0023975804932221461 0.0022419083896160073 -0.010667435433715582 -0.012996793841011822 0.0024997537978624536 -0.0013628008052835178 0.0023188664710614829 -0.011481513196359511 0.0016841017254513265 0.0050384352975727425 -0.0057260745044221129 -0.0048199409574625042 -0.016009695818647744 0.0029161329633401087 0.0020146978515423026 -0.0070697048678994186 -0.0049723058790815157 -0.0053356669887545567 -0.011085239788517358 -0.0035466013181333737 -0.0078001355007290846 7.339220206664356e-05 0.0019414653798776273 0.0029213119171896673
leaf_weight=170 88 26 249 24 22 79 30 139 20 22 63 29 50 23 81 23 21 21 20 24 23 20 22 21 20 30 20 222 64 94
leaf_count=170 88 26 249 24 22 79 30 139 20 22 63 29 50 23 81 23 21 21 20 24 23 20 22 21 20 30 20 222 64 94
internal_value=5.65292e-12 0.00152276 -0.000190832 -0.000465885 -0.00446193 -0.000321032 0.00213734 -0.000552034 -0.00140178 -0.00206335 -0.00167403 -0.00638139 -0.00106003 -0.00174377 -0.00247445 -0.00408526 -0.00296609 -0.00548457 -0.0102784 -0.0011169 0.000315575 -0.00221061 0.000262345 0.000214133 -0.000384298 -0.00268546 -0.00121182 0.000530704 0.000189955 0.000920558
internal_weight=1760 196 1564 1315 46 1269 109 1160 550 462 442 51 391 328 278 175 152 86 41 45 66 43 103 610 471 134 114 337 94 316
internal_count=1760 196 1564 1315 46 1269 109 1160 550 462 442 51 391 328 278 175 152 86 41 45 66 43 103 610 471 134 114 337 94 316
is_linear=0
shrinkage=0.05


Tree=58
num_leaves=31
num_cat=0
split_feature=154 144 312 253 123 236 136 96 130 247 169 262 287 185 222 104 291 243 328 244 225 189 233 274 294 87 96 318 325 319
split_gain=0.19051 0.218572 0.57078 0.236642 0.313323 0.345703 0.480448 0.319858 0.30762 0.287553 0.527054 0.681177 0.631261 0.392143 0.397391 0.640836 0.363816 0.357286 0.294079 0.332486 0.70206 0.295933 0.264497 0.448922 0.524246 0.305593 0.287175 0.256551 0.23975 0.315626
threshold=-0.052496995219058588 0.062049891366848513 0.018935889389101512 -0.022906674137384227 1.0000000180025095e-35 0.019814425073294319 0.0010853241895841489 0.00085423088313863903 -0.049725575430507936 0.019112157964398534 -0.012954307614838173 0.010775446180767192 -0.0067188234204781693 -0.0077009769226763147 -0.007630065994962916 0.0023207656209525873 0.031412653827267226 0.061373757389497012 -0.057295553795736323 0.046172666669543665 -0.020679163312159778 -0.0032883365915981973 -0.033510197842448672 0.00045451959706922519 0.0045971323128007084 0.035482814025654584 -0.021687398011941583 0.020026724733627366 0.00096317994476986996 0.0041389410903640836
decision_type=2 2 2 2 2 2 2 2 2 2 2 2 2 2 2 2 2 2 2 2 2 2 2 2 2 2 2 2 2 2
left_child=-1 3 -3 4 8 -6 7 -7 -2 10 11 13 -13 -5 -15 -16 17 18 -12 21 -21 27 -23 26 25 -25 -24 -20 29 -28
right_child=1 2 -4 9 5 6 -8 -9 -10 -11 16 12 -14 14 15 -17 -18 -19 19 20 -22 22 23 24 -26 -27 28 -29 -30 -31
leaf_value=0.0022024149234649458 -0.0025711269691013373 0.00056879741993422315 -0.0099661460891366013 0.0019151016994118646 0.0012256600443040029 -0.0052453591674566273 -0.0092752260177142234 0.0029738952372632601 0.0032755761743316842 0.00085426510551331954 -0.0059219432272145465 -0.0026673612419551278 -0.014381905541876737 0.0010140093276277185 -0.00093987533680046909 -0.012504466242440369 0.0022257036168030616 0.0052108327625319363 0.0022961688522008007 -0.011065665223514258 0.00063190799154309114 0.0014796288590161197 -0.0050024536870686073 -0.0053783831370034906 -0.01071405138440982 0.0020367042355549834 -0.0043489566514602843 -0.0029628487370376077 0.0028788668377092109 0.0027630852781630193
leaf_weight=93 26 36 20 52 126 20 22 29 167 349 29 23 23 28 25 23 124 24 135 23 29 69 28 33 27 24 39 28 60 26
leaf_count=93 26 36 20 52 126 20 22 29 167 349 29 23 23 28 25 23 124 24 135 23 29 69 28 33 27 24 39 28 60 26
internal_value=7.55405e-12 -0.00012287 -0.00319368 -1.61256e-05 0.00105612 -0.00034663 -0.00313689 -0.000380902 0.00248794 -0.000358611 -0.00084404 -0.00330606 -0.00852463 -0.00143064 -0.00371983 -0.00648124 -0.000230297 -0.000760862 -0.00102145 -0.000748673 -0.00454202 -0.000328088 -0.00124476 -0.00203794 -0.00497482 -0.00225624 -0.000425528 0.00139278 0.000599703 -0.00150414
internal_weight=1760 1667 56 1611 390 197 71 49 193 1221 872 174 46 128 76 48 698 574 550 521 52 469 306 237 84 57 153 163 125 65
internal_count=1760 1667 56 1611 390 197 71 49 193 1221 872 174 46 128 76 48 698 574 550 521 52 469 306 237 84 57 153 163 125 65
is_linear=0
shrinkage=0.05


Tree=59
num_leaves=31
num_cat=0
split_feature=310 192 155 237 231 95 259 286 222 190 120 158 252 205 269 84 96 117 219 168 188 254 179 127 132 276 244 231 194 144
split_gain=0.183854 0.232006 0.271656 0.250578 0.291359 0.356946 0.473818 0.568183 0.489815 0.410136 0.341556 0.546592 0.328215 0.318918 0.330995 0.315282 0.300127 0.384114 0.282902 0.276141 0.274443 0.280616 0.367218 0.251112 0.280299 0.298556 0.239984 0.237804 0.228271 0.220493
threshold=0.049850435010705102 0.026397625216739766 0.073960072970647425 0.030790560942946205 0.0058660203887028741 -0.010225379091782422 0.0009307660022846708 -0.03612431723127877 -0.0044866148602996691 0.0048270821174384903 -0.005597203603461688 -0.030811055948439563 -0.012733493521929085 -0.0047225262336971123 -0.038827967460735836 0.1454547556789991 -0.0039581428945058431 0.026021755582042078 -0.065038017764304956 -0.0044287414891067238 0.0039963439089452319 0.029235915804045099 0.0087441449437257492 -0.013417945914726347 -0.0043337056164942855 0.0066985018209015515 0.027660527220617872 1.0000000180025095e-35 0.036347787763169499 0.02954533991216381
decision_type=2 2 2 2 2 2 2 2 2 2 2 2 2 2 2 2 2 2 2 2 2 2 2 2 2 2 2 2 2 2
left_child=1 2 3 4 5 6 7 -1 12 -10 -7 -12 -9 14 -6 19 17 18 -15 -8 21 22 -13 -16 25 -25 -20 -21 29 -3
right_child=-2 28 -4 -5 13 10 15 8 9 -11 11 20 -14 16 23 -17 -18 -19 26 27 -22 -23 -24 24 -26 -27 -28 -29 -30 -31
leaf_value=0.0017811699658453178 0.0017873829327824814 0.0032358609240374439 -0.0055254152297857222 0.00093698582431101267 -0.0069248721440089873 0.0016006208317585525 -0.0028809044998174965 -0.0087208891101181515 -0.0058286099393929673 -0.015280002990568226 -0.0076829556142911318 -0.001505051277090388 -0.00087612944189459092 -0.0044517759152638194 0.0030750594018692421 -0.0059377771599785148 0.002726690873089133 -0.0063480112266362373 0.0039325887271971036 0.0042312643101904543 0.0018514047601881128 0.0025068153747789829 -0.0085568155511282391 -0.00098597326238329219 0.00093070609240554448 -0.009257562707643956 -0.001533597501956167 -0.0021090934258176106 -0.0018621888907196429 -0.0024216222646646201
leaf_weight=26 133 124 25 331 24 143 39 20 24 22 31 80 40 21 35 23 164 23 57 50 75 28 24 24 43 20 31 21 39 20
leaf_count=26 133 124 25 331 24 143 39 20 24 22 31 80 40 21 35 23 164 23 57 50 75 28 24 24 43 20 31 21 39 20
internal_value=4.42624e-12 -0.000146111 -0.000358664 -0.000267636 -0.000634116 -0.00131092 -0.00272019 -0.00484242 -0.00646707 -0.0103488 -0.00033072 -0.00149115 -0.00349105 0.000355063 -0.00155729 -0.000613924 0.00129832 -0.00047633 0.000762649 0.000499245 -0.000563872 -0.00193619 -0.00313238 -0.00050137 -0.00194016 -0.00474579 0.002007 0.00235595 0.00153109 0.0024501
internal_weight=1760 1627 1444 1419 1088 646 265 132 106 46 381 238 60 442 146 133 296 132 109 110 207 132 104 122 87 44 88 71 183 144
internal_count=1760 1627 1444 1419 1088 646 265 132 106 46 381 238 60 442 146 133 296 132 109 110 207 132 104 122 87 44 88 71 183 144
is_linear=0
shrinkage=0.05


Tree=60
num_leaves=31
num_cat=0
split_feature=138 244 316 202 86 90 19 256 270 227 205 150 161 265 2 113 224 250 312 94 88 270 9 246 228 305 228 263 309 320
split_gain=0.175404 0.185303 0.277986 0.214773 0.429811 0.367898 0.304821 0.417029 0.362974 0.394554 0.519467 0.341579 0.498162 0.551595 0.321733 0.298426 0.349827 0.295659 0.373494 0.28168 0.255964 0.223823 0.378953 0.195086 0.19289 0.288919 0.343404 0.200507 0.181131 0.514521
threshold=0.10560904344290444 -0.066579068077526379 -0.032115557286860587 -0.004771815847333021 0.23735619473660913 -0.30197436243001147 12.211111111111112 0.074128519689634603 -0.027707362756957444 -0.022027447505275782 0.0012332702931781598 -0.015033565894095805 0.0084152321456777267 0.0048925739054849777 5.033058237992174 -0.018332898353383937 -0.031169228631319771 -0.0080774015837291151 0.0015870210258444363 -0.10460155750925158 0.18383404987817772 0.00049488337512690989 0.029080338266384783 -0.0030537689275916117 -0.0009991282183750966 0.0065208284384231348 -0.013918888939646646 0.015633038202274865 -0.035559903899191586 0.02388792184681553
decision_type=2 2 2 2 2 2 2 2 2 2 2 2 2 2 2 2 2 2 2 2 2 2 2 2 2 2 2 2 2 2
left_child=1 2 -1 4 19 -5 7 8 -7 10 -10 -11 15 -14 24 -13 -17 -16 -19 -3 28 22 -18 -23 25 26 27 -8 29 -21
right_child=-2 3 -4 5 -6 6 14 -9 9 11 -12 12 13 -15 17 16 21 18 -20 20 -22 23 -24 -25 -26 -27 -28 -29 -30 -31
leaf_value=-0.0025795377604663373 0.0043378008691513023 -0.004393787542358041 0.0028503178483383225 -0.0071975017587343863 -0.0048135828386460036 0.0017532710710333453 0.0017237724892435258 -0.0084731098264455799 -0.0097171750469979921 0.0017126252672424902 -0.000544646838358764 0.0048115726645019926 -0.0014371836434721071 -0.010739047629370665 -0.005796848568651411 -0.0074076949153095489 0.0010433356620238297 0.0035124656552558437 -0.0038987117641441082 0.0013487006101552082 0.0065541039841870473 0.0052372297956026163 -0.0066148245458801588 -0.00052090743859145355 0.0020253219626644044 0.0021824140914526282 -0.0058896539652986187 -0.0037534626394820714 0.0013468781835771237 -0.0072101478986442095
leaf_weight=30 23 24 110 21 35 90 55 20 33 82 29 22 34 30 36 21 35 34 34 59 21 24 30 38 212 78 35 24 416 25
leaf_count=30 23 24 110 21 35 90 55 20 33 82 29 22 34 30 36 21 35 34 34 59 21 24 30 38 212 78 35 24 416 25
internal_value=4.17923e-12 -5.74378e-05 0.00168678 -0.000210343 0.000557467 -0.000648229 -0.000510142 -0.00140259 -0.00110043 -0.00177989 -0.0054268 -0.00106436 -0.00203749 -0.00579743 0.000347173 -0.000621976 -0.00142967 -0.00213287 -0.000193123 0.000902397 0.00114637 -0.000441173 -0.0024912 0.00170805 0.000985602 -0.000162423 -0.00176679 5.98023e-05 0.000919242 -0.00119858
internal_weight=1760 1737 140 1597 580 1017 996 488 468 378 62 316 234 64 508 170 148 104 68 545 521 127 65 62 404 192 114 79 500 84
internal_count=1760 1737 140 1597 580 1017 996 488 468 378 62 316 234 64 508 170 148 104 68 545 521 127 65 62 404 192 114 79 500 84
is_linear=0
shrinkage=0.05


Tree=61
num_leaves=31
num_cat=0
split_feature=325 156 221 246 138 231 332 238 95 125 182 335 287 121 8 257 271 88 50 61 249 116 289 268 236 200 199 153 245 97
split_gain=0.172887 0.216123 0.199764 0.252193 0.258397 0.234532 0.36431 0.336527 0.439212 0.491807 0.600017 0.495584 0.58521 0.303317 0.285425 0.281589 0.353636 0.264355 0.312612 0.258591 0.257422 0.257834 0.432203 0.241718 0.277737 0.23833 0.236931 0.191616 0.191579 0.258396
threshold=-0.037564171142919094 0.033051389703291606 0.054529294438948807 -0.12891518288634171 0.072824213498554488 0.00046622296736634265 0.054415249754640883 0.033269320337884871 0.00082466669787701512 -0.0014508660947122559 -0.000396970248211705 -0.0021257224386650965 0.002539776322049471 0.0057790743602739838 0.16590214067278289 -0.009781967386956171 -0.007006033884506521 0.068973054045215462 1.0000000180025095e-35 4.923617305492666 -0.052381944796270598 0.051884331730961103 0.0093411397555491528 -0.01589422230917242 0.058439659183268468 0.00099081997953208672 0.009860871788669184 0.015771014700123445 0.031999947853539525 0.00325705420730505
decision_type=2 2 2 2 2 2 2 2 2 2 2 2 2 2 2 2 2 2 2 2 2 2 2 2 2 2 2 2 2 2
left_child=1 -1 3 -2 5 6 7 8 9 10 13 -12 -13 -5 17 -11 -17 18 27 20 -7 23 -23 -22 -25 -19 -9 -10 -4 -30
right_child=2 -3 28 4 -6 19 -8 26 14 15 11 12 -14 -15 -16 16 -18 25 -20 -21 21 22 -24 24 -26 -27 -28 -29 29 -31
leaf_value=0.0020491756604764412 -0.0057296993083913225 -0.002845648365417639 0.0018443610735667624 0.0029517049091341702 0.0041788572461471983 -0.0040246906179574231 -0.0076195922658024804 0.0027491471175906355 0.0018325735741070407 0.0026759175828805094 -0.015122660726774484 -0.00032961066851081949 -0.011758840653956645 -0.0052603075026788496 -0.0052462931185563444 -0.0068729674362111833 -0.0001456390432265055 0.0063611586638216977 -0.0052787323937601681 -0.0046708797624048131 0.0027617672238078855 -0.0056098401164397221 0.0030321477021536102 0.00075702193031045484 -0.004103730097085645 4.4598660731155961e-05 -0.0019166131933721212 -0.0028813885717556397 0.0016321024580473274 -0.005381579825188965
leaf_weight=170 22 26 196 23 31 31 21 90 84 38 20 24 21 22 23 30 56 32 28 26 143 39 23 360 32 28 39 29 29 24
leaf_count=170 22 26 196 23 31 31 21 90 84 38 20 24 21 22 23 30 56 32 28 26 143 39 23 360 32 28 39 29 29 24
internal_value=-6.68293e-12 0.00139986 -0.00017543 -0.000421324 -0.000331003 -0.000441784 -0.00114872 -0.000917222 -0.00155259 -0.00306751 -0.00550125 -0.00857384 -0.00566325 -0.00106306 2.99665e-05 -0.000908548 -0.00249238 0.000633718 -0.000549139 0.000215426 0.000417725 0.000648403 -0.00240394 0.00100213 0.000360226 0.00341343 0.00133857 0.000622796 0.00112316 -0.0015439
internal_weight=1760 196 1564 1315 1293 1262 608 587 458 234 110 65 45 45 224 124 86 201 141 654 628 597 62 535 392 60 129 113 249 53
internal_count=1760 196 1564 1315 1293 1262 608 587 458 234 110 65 45 45 224 124 86 201 141 654 628 597 62 535 392 60 129 113 249 53
is_linear=0
shrinkage=0.05


Tree=62
num_leaves=31
num_cat=0
split_feature=251 278 165 244 138 128 276 124 86 103 115 143 169 246 325 328 223 191 149 134 89 160 132 231 250 230 321 301 167 165
split_gain=0.166128 0.188054 0.205702 0.183147 0.202904 0.208425 0.23917 0.262121 0.338705 0.293329 0.200284 0.397666 0.206892 0.555039 0.410873 0.394265 0.333137 0.442665 0.327433 0.245903 0.23025 0.302606 0.42077 0.29302 0.378455 0.340562 0.483549 0.608801 0.325623 0.250892
threshold=-0.10484175010389062 -0.097628482071715664 0.06347125041223424 0.10064326911149801 -0.088530958170474155 -0.034680301878031256 -0.011264933465919306 0.015726402064474922 -0.086663571192412955 -0.028595919765552365 0.090970037901774561 -0.002641306688669731 -0.012954307614838173 -0.00035902370485117486 -0.011827553186901317 -0.013725008508175237 0.0036363768405950963 -0.0034680220510505838 0.042315110192389351 -0.044042082087346189 -0.12733342742918424 0.04107204038410741 0.0051572287252501193 0.031646122029773058 -0.011684321805089585 -0.0020107175526379276 -0.0067119247138020437 0.011261818722581429 -0.00045652744022882006 0.0042133498481748966
decision_type=2 2 2 2 2 2 2 2 2 2 2 2 2 2 2 2 2 2 2 2 2 2 2 2 2 2 2 2 2 2
left_child=-1 -2 3 4 -3 6 -6 8 -8 -10 12 -12 13 18 15 -15 17 -16 19 -7 -14 23 -23 24 25 26 -22 28 -28 -27
right_child=1 2 -4 -5 5 10 7 -9 9 -11 11 -13 20 14 16 -17 -18 -19 -20 -21 21 22 -24 -25 -26 29 27 -29 -30 -31
leaf_value=0.0038205846736673269 -0.0043668776694685222 -0.0041670320435397085 0.0035446082206908613 0.0034949906158726661 0.0034841117538212812 -0.0033604458855141118 -0.006149648935892261 0.0033025805907759896 -0.0040123576901991065 0.0022316683723147437 0.0016639552256535917 -0.0075100371441631413 0.0022871298793655692 -0.0031038438365794722 -0.0093684033801158268 -0.013031899221241476 0.0022110141883228697 -0.00032352969358344716 -0.0054547889978857718 0.0022832768728161079 0.00035307511722997085 -0.0069853154819510465 0.0015616290528366033 0.0021805219142164863 0.00059538546174322127 -0.0018904882859593877 -5.9487904992795758e-05 -0.01323827367106622 -0.0081232731125228819 0.0022630224204774887
leaf_weight=28 25 31 40 35 81 23 26 47 27 62 21 27 110 20 24 20 31 31 20 120 44 36 24 142 440 90 31 22 21 61
leaf_count=28 25 31 40 35 81 23 26 47 27 62 21 27 110 20 24 20 31 31 20 120 44 36 24 142 440 90 31 22 21 61
internal_value=-2.30609e-12 -6.17647e-05 1.28621e-06 -8.37365e-05 -0.000160486 -8.29078e-05 0.00126573 0.000156544 -0.00112923 0.000337413 -0.000324233 -0.00349642 -0.000208001 -0.00138906 -0.00388131 -0.00806787 -0.00193407 -0.00427038 0.000537467 0.00137555 0.000126304 -0.000134608 -0.00356654 0.000107361 -0.000307856 -0.00178528 -0.00379779 -0.00626588 -0.00331602 -0.00021258
internal_weight=1760 1732 1707 1667 1632 1601 243 162 115 89 1358 48 1310 289 126 40 86 55 163 143 1021 911 60 851 709 269 118 74 52 151
internal_count=1760 1732 1707 1667 1632 1601 243 162 115 89 1358 48 1310 289 126 40 86 55 163 143 1021 911 60 851 709 269 118 74 52 151
is_linear=0
shrinkage=0.05


Tree=63
num_leaves=31
num_cat=0
split_feature=288 187 244 143 145 285 211 275 228 145 150 201 194 311 268 202 249 218 294 131 116 329 323 154 207 143 167 231 296 280
split_gain=0.160249 0.2195 0.240414 0.222586 0.293859 0.218424 0.338724 0.786435 0.369651 0.296586 0.509507 0.4626 0.260414 0.545661 0.409643 0.266349 0.267988 0.248242 0.295368 0.271157 0.219582 0.356425 0.215435 0.259812 0.398616 0.209992 0.19143 0.17318 0.243225 0.189327
threshold=0.10306606575297055 0.039807720228995841 -0.066579068077526379 0.0750717035466993 -0.022913324884881098 -0.0057903196297256236 0.026456927448078798 -0.004098936139014288 0.014744961085988826 -0.0081184759984709431 0.0043740605437840229 0.0029459312541681494 0.012419246027219407 0.010426007988341189 0.010139461171849587 -0.0049246544675377096 -0.057866350267321634 0.01940367593008949 -0.0047661867823962168 0.00026180504871485332 0.041533165528734983 -0.010950667165965324 0.0024930457449399597 0.013768524299992859 0.00083180310595491345 0.004904224297844202 -0.023618398099583927 0.0038428392691690345 0.020239208352866665 0.0080803401385561024
decision_type=2 2 2 2 2 2 2 2 2 2 2 2 2 2 2 2 2 2 2 2 2 2 2 2 2 2 2 2 2 2
left_child=1 2 -1 4 22 9 12 -8 -9 10 11 -6 15 25 -15 -7 -17 26 -19 -20 -11 -22 -4 -24 -25 -14 -18 28 29 -28
right_child=-2 -3 3 -5 5 6 7 8 -10 20 -12 -13 13 14 -16 16 17 18 19 -21 21 -23 23 24 -26 -27 27 -29 -30 -31
leaf_value=0.0020659929651931936 -0.0040577003218155976 0.002249816275488968 0.0032576088599162176 -0.0043205488295908175 -0.009452040866017343 0.0015268836027997382 0.0020650018368744186 -0.010268956035571665 -0.0021249380555342545 0.0013946988161558614 0.0019536981999408454 -0.00080967092508217326 0.0017549144738558085 -0.0025100116283916264 -0.012168866710826046 -0.0065106652607209983 -0.0043472064015943378 0.0011184483559595214 -0.0015005594605337019 -0.0090231472728773948 -0.0060391143093251496 0.0011459432511279981 0.0022594400698801986 -0.0076529575808143074 0.0019778019815151183 -0.0034631900474308961 -0.00041580268492301305 0.0023138760125616304 0.0034628439337636035 -0.005342532850157183
leaf_weight=120 24 107 100 33 30 170 36 38 22 364 46 32 51 23 21 20 21 27 23 25 28 45 54 22 21 31 78 92 30 26
leaf_count=120 24 107 100 33 30 170 36 38 22 364 46 32 51 23 21 20 21 27 23 25 28 45 54 22 21 31 78 92 30 26
internal_value=-3.59705e-12 5.60972e-05 -8.7996e-05 -0.000259287 -0.000168487 -0.000445368 -0.0010084 -0.00377738 -0.00728282 0.000312921 -0.00203334 -0.00499146 -0.000591754 -0.00262805 -0.00711992 -9.06336e-05 -0.000894663 -0.000545843 -0.00306525 -0.00541857 0.000892775 -0.00160997 0.00162913 -4.97058e-05 -0.00294956 -0.000217784 0.000219158 0.000643467 -0.000503382 -0.00164749
internal_weight=1760 1736 1629 1509 1476 1279 734 96 60 545 108 62 638 126 44 512 342 322 75 48 437 73 197 97 43 82 247 226 134 104
internal_count=1760 1736 1629 1509 1476 1279 734 96 60 545 108 62 638 126 44 512 342 322 75 48 437 73 197 97 43 82 247 226 134 104
is_linear=0
shrinkage=0.05


Tree=64
num_leaves=31
num_cat=0
split_feature=120 288 116 159 138 187 169 142 132 248 299 114 127 246 123 324 187 176 165 283 214 88 309 246 169 328 175 116 61 115
split_gain=0.152073 0.269545 0.220641 0.342516 0.188795 0.200146 0.219967 0.364817 0.533267 0.526705 0.437309 0.253528 0.231659 0.262217 0.216286 0.273712 0.266296 0.393977 0.413822 0.257704 0.226086 0.232581 0.398272 0.395263 0.330128 0.295386 0.270716 0.326482 0.351957 0.243201
threshold=-0.038255672969479633 0.093572372554012337 0.028398659832640196 0.0089754120255270478 0.077915706379714914 0.039807720228995841 -0.012954307614838173 0.0008234240949720064 0.0022519308446172629 -0.022946188831162739 0.0079493379301554413 -0.0040451586710876083 -0.020788772284270927 0.025761573814468971 -0.020292805740374217 -0.041776460607769662 0.016949203075916904 0.023544857096905385 -0.013225015246576816 -0.044710696091433987 0.32946168348056742 -0.014182478261053523 -0.033034595663979788 -0.051554562742463346 -0.0059462889365384892 -0.019998644431121707 0.012252666830244634 0.023746689830804173 4.2193995619941136 -0.031131641157882028
decision_type=2 2 2 2 2 2 2 2 2 2 2 2 2 2 2 2 2 2 2 2 2 2 2 2 2 2 2 2 2 2
left_child=2 4 -1 -4 5 6 7 12 9 -9 -11 -10 -2 -14 -8 -16 19 18 -18 -17 21 29 -23 -24 -25 -26 27 28 -27 -21
right_child=1 -3 3 -5 -6 -7 14 8 11 10 -12 -13 13 -15 15 16 17 -19 -20 20 -22 22 23 24 25 26 -28 -29 -30 -31
leaf_value=0.0019824011190770893 0.0032196383116700291 -0.0059701869287528096 0.0014823210201467629 -0.0048676946666091686 0.0042720702515604593 0.0020964085958960852 0.0012483102380899595 -0.00072835246632483024 -0.0042670884445585588 -0.015221136349386403 -0.0048903961700852965 0.0019147231430356759 0.00016479974460797205 -0.0051529383519664414 0.0030822427525820859 0.0028767557271445793 -0.010934764297086407 0.0023356396091085943 -0.0022753110391440226 -0.0034055322507181422 0.0044479454002742261 -0.0074720264229524358 -0.0068291141452001677 0.0034752946312350801 -0.0059751649092261994 0.00069568508435622787 -0.004306965258805767 0.0051677132860339925 -0.0064453073353929954 0.00086999012223995791
leaf_weight=198 42 20 54 35 24 89 259 23 27 21 20 43 102 30 52 57 22 22 37 39 21 28 28 42 30 80 38 29 22 226
leaf_count=198 42 20 54 35 24 89 259 23 27 21 20 43 102 30 52 57 22 22 37 39 21 28 28 42 30 80 38 29 22 226
internal_value=4.01666e-12 -0.000205154 0.00105293 -0.00101488 -0.0001258 -0.000199662 -0.000352162 -0.00152479 -0.00348569 -0.00678444 -0.0101818 -0.00046969 -1.46768e-05 -0.00104378 -2.19166e-06 -0.000421183 -0.000673857 -0.0033749 -0.00550426 -0.000332005 -0.000645727 -0.00083606 -0.00179686 -0.00120614 -0.000552844 -0.001403 -0.000591378 0.000486425 -0.000844529 0.000240762
internal_weight=1760 1473 287 89 1453 1429 1340 308 134 64 41 70 174 132 1032 773 721 81 59 640 583 562 297 269 241 199 169 131 102 265
internal_count=1760 1473 287 89 1453 1429 1340 308 134 64 41 70 174 132 1032 773 721 81 59 640 583 562 297 269 241 199 169 131 102 265
is_linear=0
shrinkage=0.05


Tree=65
num_leaves=31
num_cat=0
split_feature=154 144 312 253 123 272 90 101 130 262 139 128 128 188 245 134 273 292 127 167 276 243 123 159 180 84 312 176 318 326
split_gain=0.150489 0.169613 0.426934 0.19629 0.246481 0.284978 0.375527 0.486046 0.253766 0.229022 0.4946 0.24053 0.357317 0.420796 0.529369 0.275257 0.211035 0.304263 0.400359 0.507374 0.302967 0.224325 0.208772 0.253651 0.228905 0.362566 0.465341 0.22182 0.212796 0.220291
threshold=-0.052496995219058588 0.062049891366848513 0.018935889389101512 -0.022906674137384227 1.0000000180025095e-35 0.0041327536849833707 -0.0017263365316237754 -0.00623309788544544 -0.049725575430507936 0.07447301325028903 -0.00040031294873891279 -0.032928062943917515 -0.020816156477048112 -0.0035945062882647479 0.0031924896704992392 0.071759383012305097 0.015707601778755898 -0.018468040390310355 -0.0080806992137785836 0.0013857639963109883 0.0089490133859270789 0.054833221211189741 -0.017663594821902946 0.017743898962682785 -0.0029512401697494675 0.093611537799561814 0.0063808878101461065 -0.005182542477132678 0.0053534816134225664 0.0049654903333480535
decision_type=2 2 2 2 2 2 2 2 2 2 2 2 2 2 2 2 2 2 2 2 2 2 2 2 2 2 2 2 2 2
left_child=-1 3 -3 4 8 6 7 -6 -2 11 -11 -5 13 14 -13 16 21 -18 19 -19 -20 22 -14 24 25 28 -27 -25 29 -24
right_child=1 2 -4 9 5 -7 -8 -9 -10 10 -12 12 15 -15 -16 -17 17 18 20 -21 -22 -23 23 27 -26 26 -28 -29 -30 -31
leaf_value=0.001957458101586321 -0.0023636103989422108 0.0004397041255288059 -0.0086715480219572792 0.0016545615403900868 -0.010350776417180896 0.0016481139020245409 0.00090827820752747361 -0.00048340890520753767 0.0029467046527822172 0.00067430077220446299 -0.0094766438362144309 -0.0020966485971047615 0.0019209337124318285 -0.00057133345011000833 -0.012916628387756646 -0.0057939810006202956 0.0013527053464642521 -0.011786476636982778 0.0010102477628700002 -0.0021485076648079687 -0.0047672712309577044 0.0040536488761284918 0.00038931658491492271 -0.001043668407946825 0.00024269031904490166 -0.0020956081728218125 -0.01165627027890878 0.0040304756677609736 0.0021438118679513937 -0.0054384863064173734
leaf_weight=93 26 36 20 154 24 97 50 26 167 28 21 26 140 66 20 21 77 22 78 36 32 41 34 35 205 35 20 56 43 31
leaf_count=93 26 36 20 154 24 97 50 26 167 28 21 26 140 66 20 21 77 22 78 36 32 41 34 35 205 35 20 56 43 31
internal_value=8.45768e-12 -0.000109204 -0.00281431 -1.51719e-05 0.000961383 -0.000282773 -0.00215573 -0.00521975 0.00223133 -0.000327094 -0.0036761 -0.000187075 -0.000465673 -0.00312994 -0.00680099 -0.000136315 -2.06533e-06 -0.00124997 -0.00244287 -0.00580429 -0.000670485 0.00047565 0.000230745 -0.000284781 -0.000869273 -0.00226776 -0.00557221 0.00207888 -0.00058493 -0.0023901
internal_weight=1760 1667 56 1611 390 197 100 50 193 1221 49 1172 1018 112 46 906 885 245 168 58 110 640 599 459 368 163 55 91 108 65
internal_count=1760 1667 56 1611 390 197 100 50 193 1221 49 1172 1018 112 46 906 885 245 168 58 110 640 599 459 368 163 55 91 108 65
is_linear=0
shrinkage=0.05


Tree=66
num_leaves=31
num_cat=0
split_feature=310 192 155 119 120 83 199 191 225 144 110 230 107 333 8 313 232 255 157 296 277 265 98 298 300 223 146 245 314 213
split_gain=0.147519 0.183048 0.205832 0.19159 0.239931 0.338702 0.185484 0.310983 0.397405 0.519528 0.484631 0.393108 0.236783 0.234594 0.324733 0.247347 0.322445 0.382567 0.569992 0.227663 0.224778 0.307567 0.4167 0.370803 0.353602 0.309372 0.315837 0.202941 0.202749 0.243272
threshold=0.049850435010705102 0.026397625216739766 0.073960072970647425 -0.020482357188219998 0.013344403575885106 -0.23051674837948674 0.001914974590822627 -0.0045508038054877407 0.0012747506643172293 -0.01121757442016832 0.0095553813577374351 0.010044949195707748 -0.012093276800272895 -0.037938391083648292 0.030657757574721878 -0.0064689629723614986 0.0011509366754861238 -0.014377118644158632 0.0015712381880099986 0.01152795529886372 -0.015762119524545329 -0.052978261452672079 -0.0091452686447219527 0.015947156073850683 0.016786003263910092 0.0065216593444768472 0.0058228803167682868 0.033469479948802117 0.0039622591775375837 -0.0029579910261350079
decision_type=2 2 2 2 2 2 2 2 2 2 2 2 2 2 2 2 2 2 2 2 2 2 2 2 2 2 2 2 2 2
left_child=1 2 6 -3 -5 -6 12 8 9 -8 11 -11 -1 14 -9 28 17 -17 -19 -10 27 -22 23 24 25 26 -23 -14 -15 -30
right_child=-2 3 -4 4 5 -7 7 13 19 10 -12 -13 20 15 -16 16 -18 18 -20 -21 21 22 -24 -25 -26 -27 -28 -29 29 -31
leaf_value=0.0015358576882886516 0.0016010500879081219 0.0041919952568908537 -0.0048171050464734444 0.0021066364161448463 -0.0067624730270598905 0.0012456561085738003 0.00068289976080714335 0.00023674039044775642 -0.0018788951396027189 -0.015282056904176161 -0.00184195461700222 -0.0057180622973563994 0.0021945257728261123 0.0033823291569569851 -0.008237694448325783 0.0013325711531150673 0.0011336175250610161 -0.0013289206074841788 -0.010838466383015308 0.0029559932436261857 -0.0056652044573638708 -0.0024840143518469471 0.00078762769345598095 -0.0090484768559690575 0.0043663514684885744 0.001615666707332891 -0.010061939994338902 -0.0023920333948141588 -0.0047049710704457201 0.0016539695951270812
leaf_weight=252 133 45 25 84 23 31 31 26 80 21 27 22 123 90 20 36 105 40 26 35 32 44 219 20 20 26 20 30 21 53
leaf_count=252 133 45 25 84 23 31 31 26 80 21 27 22 123 90 20 36 105 40 26 35 32 44 219 20 20 26 20 30 21 53
internal_value=8.35392e-13 -0.000130879 -0.000319678 0.00135888 0.000435043 -0.00216521 -0.000240442 -0.000877445 -0.00241729 -0.00470578 -0.00709219 -0.0103889 0.000272564 -7.98263e-05 -0.0034478 0.000337766 -0.000811375 -0.00281357 -0.00507511 -0.000407407 -0.000323597 -0.000973666 -0.000543496 -0.00278593 -0.00164728 -0.00298365 -0.00485212 0.0012952 0.00178821 -0.000150595
internal_weight=1760 1627 1444 183 138 54 1419 633 216 101 70 43 786 417 46 371 207 102 66 115 534 381 349 130 110 90 64 153 164 74
internal_count=1760 1627 1444 183 138 54 1419 633 216 101 70 43 786 417 46 371 207 102 66 115 534 381 349 130 110 90 64 153 164 74
is_linear=0
shrinkage=0.05


Tree=67
num_leaves=31
num_cat=0
split_feature=145 145 301 317 285 127 294 115 141 319 206 116 207 233 153 121 211 161 136 333 315 134 214 318 140 313 175 261 156 156
split_gain=0.13852 0.316362 0.401795 0.387379 0.282843 0.247275 0.29941 0.394863 0.271455 0.24348 0.378184 0.215513 0.376749 0.19136 0.283003 0.342817 0.544881 0.330041 0.414048 0.272313 0.325943 0.333573 0.235639 0.222405 0.408177 0.168169 0.166019 0.302335 0.165818 0.316121
threshold=-0.011137767070738838 -0.0081184759984709431 -0.0070614034720191069 0.0033103990806804262 -0.0057903196297256236 -0.00042661699611589013 -0.019994051009886066 -0.0034141615782853365 -0.03891746773646939 -0.04454990254556785 0.00068679572958125275 0.041533165528734983 -0.0031793812330692273 0.002819184844259004 -0.0032619118577217722 0.004316344651758698 -0.014852708267978399 0.00442988435453403 0.01784379111505666 0.0011367252722208037 0.0011773732964758964 -0.0059510944280585683 0.0047253283290184982 -0.018738756333111464 0.0079341732807409106 0.050306103242536683 0.00018592113763161677 0.0087470390761651331 -0.010363142278111135 0.0057942828516274929
decision_type=2 2 2 2 2 2 2 2 2 2 2 2 2 2 2 2 2 2 2 2 2 2 2 2 2 2 2 2 2 2
left_child=5 2 -2 -4 11 6 7 -1 -8 10 -6 25 -13 14 15 17 -17 -11 -19 20 21 -16 -23 24 -15 -3 -25 -28 -10 -30
right_child=1 4 3 -5 9 -7 8 -9 28 13 -12 12 -14 23 19 16 -18 18 -20 -21 -22 22 -24 26 -26 -27 27 -29 29 -31
leaf_value=-0.0089314034801315188 0.00074941253171287357 0.0015540065623817286 -0.011754938899539411 -0.0019139637943590062 -0.0002684457312204392 0.0017480223695523257 -0.0051322997291572397 0.00043825929397312197 0.0029456016569517542 0.0017368084312730223 -0.0092148948571689066 -0.0057660016827867366 0.0012379902639319577 0.001030044206040534 -0.0092535135897924194 4.4739068835042422e-05 -0.010682915269140282 -0.0082753344680424092 0.00065453519509173935 0.0016615673049439111 0.0013934421912055323 -0.0044910015232328855 0.0017930228052696643 0.0030539177833072083 -0.0078357135271653524 -0.0022167975095726436 0.0019790806392613321 -0.0042059239321227734 -0.0028972570478260793 0.0025647310086172256
leaf_weight=22 31 389 20 20 27 266 20 23 68 49 21 32 48 37 20 20 29 27 25 115 53 35 26 88 20 32 62 29 54 52
leaf_count=22 31 389 20 20 27 266 20 23 68 49 21 32 48 37 20 20 29 27 25 115 53 35 26 88 20 32 62 29 54 52
internal_value=-7.28164e-12 -0.00028138 -0.00352319 -0.00683445 -8.69813e-05 0.000699271 -0.000467958 -0.00414246 0.000384377 -0.000748856 -0.00418252 0.000815334 -0.00156361 -0.000489303 -0.00115684 -0.00287251 -0.00630428 -0.00120759 -0.00398213 -0.000123309 -0.00165511 -0.00364984 -0.00181256 0.000639294 -0.00208075 0.00126739 0.00150545 8.03523e-06 0.00101848 -0.000217791
internal_weight=1760 1255 71 40 1184 505 239 45 194 683 48 501 80 635 399 150 49 101 52 249 134 81 61 236 57 421 179 91 174 106
internal_count=1760 1255 71 40 1184 505 239 45 194 683 48 501 80 635 399 150 49 101 52 249 134 81 61 236 57 421 179 91 174 106
is_linear=0
shrinkage=0.05


Tree=68
num_leaves=31
num_cat=0
split_feature=150 246 328 128 84 140 176 124 124 222 238 108 243 61 295 127 292 287 233 286 273 277 236 303 93 120 299 214 183 294
split_gain=0.136313 0.27828 0.232642 0.376313 0.346068 0.489364 0.291199 0.28062 0.255734 0.225501 0.222168 0.298996 0.168914 0.179652 0.166739 0.259932 0.162826 0.165181 0.319492 0.198729 0.251972 0.251018 0.258199 0.3473 0.565377 0.185897 0.220306 0.381246 0.199065 0.161992
threshold=0.012538262904093975 -0.12891518288634171 -0.017594158903513003 0.060703092920026548 0.1454547556789991 0.0039407828589303482 0.028189701438033368 0.018236634016074917 0.013657526584261698 0.0060494272276318973 0.0074863979973483876 -0.06564370051705247 0.053881411374078987 2.6735537653587347 0.017166126458699266 0.015552717627463407 -0.04698189076077141 0.048755889854577253 -0.035038259657832464 -0.018029238245390558 0.044867388199072232 -0.036724008729450121 0.01423091930081625 0.01955050975087019 0.028026086457249477 -0.016524175550273513 0.0079493379301554413 -0.0012393544922190216 -0.0033571735301615858 0.0021256230153872025
decision_type=2 2 2 2 2 2 2 2 2 2 2 2 2 2 2 2 2 2 2 2 2 2 2 2 2 2 2 2 2 2
left_child=1 -1 3 4 6 -6 14 8 16 -10 11 -2 13 -13 -3 -16 -4 19 -19 -18 21 -21 23 25 -25 -23 27 -27 -29 -30
right_child=10 2 7 -5 5 -7 -8 -9 9 -11 -12 12 -14 -15 15 -17 17 18 -20 20 -22 22 -24 24 -26 26 -28 28 29 -31
leaf_value=-0.005988953980046236 -0.005330978206324357 0.001940290474086088 0.002822032088355627 -0.0076642365597019146 2.8070439754917126e-05 -0.0079031599056277723 -0.0049151352813933047 0.0021809805615416017 -0.00052941562607884414 -0.0072666715496503137 0.0017285356977538415 0.00028902103405688766 0.0042962164850905539 -0.0044917712580751284 0.00084136257961896872 -0.0059431486792163929 0.0017841357140883597 -0.0076098059836242878 0.00023409387217457954 0.0036069668607697602 -0.0045990534786445403 0.0028550002527053414 0.0013053479347571043 -0.011645211659197231 -0.0004632950912659558 -0.0064680443399610299 0.0016791193260768504 0.0025951394910049257 -0.0045007351652790982 0.00080118817836046224
leaf_weight=21 27 121 50 22 41 37 25 152 27 23 256 184 23 22 48 20 136 21 34 42 33 34 136 20 26 38 49 33 34 25
leaf_count=21 27 121 50 22 41 37 25 152 27 23 256 184 23 22 48 20 136 21 34 42 33 34 136 20 26 38 49 33 34 25
internal_value=-9.68446e-12 -0.000281845 -0.000184168 -0.00135815 -0.000883037 -0.00373418 0.000156164 0.00021959 -0.000172173 -0.00362855 0.000686997 -0.000354541 0.0002322 -0.000221549 0.000826971 -0.00115408 7.08918e-05 -0.000137213 -0.00276085 0.000100906 -0.000386156 -6.80194e-05 -0.000458777 -0.00138511 -0.005325 -0.000534247 -0.00117801 -0.00225493 -0.000514736 -0.00225416
internal_weight=1760 1248 1227 314 292 78 214 913 761 50 512 256 229 206 189 68 711 661 55 606 470 437 395 259 46 213 179 130 92 59
internal_count=1760 1248 1227 314 292 78 214 913 761 50 512 256 229 206 189 68 711 661 55 606 470 437 395 259 46 213 179 130 92 59
is_linear=0
shrinkage=0.05


Tree=69
num_leaves=31
num_cat=0
split_feature=288 244 187 143 145 100 149 105 144 153 273 312 330 304 194 144 246 257 326 123 322 88 0 241 175 136 241 111 108 278
split_gain=0.130915 0.17381 0.187062 0.175093 0.219116 0.196429 0.198492 0.184482 0.247854 0.189672 0.299492 0.26952 0.253781 0.212774 0.286823 0.456846 0.210219 0.224616 0.446772 0.240247 0.360616 0.34268 0.23704 0.203307 0.186034 0.402746 0.185094 0.183017 0.179921 0.177005
threshold=0.10306606575297055 -0.066579068077526379 0.039807720228995841 0.0750717035466993 -0.022913324884881098 0.032923223721195154 -0.018153029067637005 0.066230273569831979 0.058378188848979558 -0.0066708373168773471 -0.06217612299703576 -0.072824451399648424 0.043337863215426223 -0.011717701924370822 -0.0027256661286133538 -0.010386859053186688 0.010139635927873694 0.0034545538522442252 0.035142008716031438 0.004801230620691206 0.00044895517210767508 -0.015524395200823268 6.7025064036640183 0.059262320413895855 0.0016800120972715622 -0.011456605040713169 -0.045993164380900918 0.010293109625129804 0.028983089689333313 0.021872069287554263
decision_type=2 2 2 2 2 2 2 2 2 2 2 2 2 2 2 2 2 2 2 2 2 2 2 2 2 2 2 2 2 2
left_child=1 -1 3 4 5 -3 -7 8 9 10 -6 -11 13 26 27 -16 17 18 19 20 -13 -22 -23 -18 -19 -26 -12 -15 -9 -17
right_child=-2 2 -4 -5 7 6 -8 28 -10 11 12 16 -14 14 15 29 23 24 -20 -21 21 22 -24 -25 25 -27 -28 -29 -30 -31
leaf_value=0.001766725989899201 -0.0036675601952689853 0.0026967249519657347 0.0021063815006138096 -0.0038299403634895995 -0.0072256348040398398 -0.0048293822747655221 0.00093448633600373655 0.0022595181512928605 -0.005078303733219703 -0.0056165958965374609 -0.0032957342144800355 0.00065344726254634971 -0.0054509988652231799 0.0025522602850590677 -0.010157791995443404 -0.0030022880512072282 0.0017841078606350266 0.0019312884326213758 -0.0066853485602353302 0.001389699573705362 -0.0006049914253202992 -0.011016827737469049 -0.00359015188719654 -0.0032549981768666345 -0.0064107748121023187 0.0010896649586761163 0.0020013879941890335 -0.0024785887332560881 -0.002299651344893155 0.0023487125855172052
leaf_weight=136 24 118 91 33 21 20 59 109 30 21 20 74 30 48 20 68 222 131 35 91 36 21 22 22 25 63 94 29 27 20
leaf_count=136 24 118 91 33 21 20 59 109 30 21 20 74 30 48 20 68 222 131 35 91 36 21 22 22 25 63 94 29 27 20
internal_value=2.40045e-12 5.07036e-05 -9.51583e-05 -0.000227922 -0.000147389 0.00140488 -0.000524721 -0.000386479 -0.000593616 -0.000472735 -0.00143646 -3.06607e-05 -0.00106694 -0.000627063 -0.0016741 -0.00333646 0.000127432 -0.000461662 -0.00140246 -0.000644667 -0.00185465 -0.00420401 -0.00721713 0.00132976 0.000736887 -0.00104114 0.00107207 0.000657525 0.00135439 -0.00178615
internal_weight=1760 1736 1600 1509 1476 197 79 1279 1143 1113 350 763 329 299 185 108 742 498 279 244 153 79 43 244 219 88 114 77 136 88
internal_count=1760 1736 1600 1509 1476 197 79 1279 1143 1113 350 763 329 299 185 108 742 498 279 244 153 79 43 244 219 88 114 77 136 88
is_linear=0
shrinkage=0.05


Tree=70
num_leaves=31
num_cat=0
split_feature=310 138 192 309 309 85 267 253 253 238 246 278 217 127 336 279 215 336 140 161 270 294 317 143 135 302 260 207 140 282
split_gain=0.12791 0.160176 0.157058 0.175263 0.173891 0.589292 0.310259 0.206258 0.276441 0.1741 0.210542 0.226709 0.263766 0.229039 0.363488 0.250278 0.34084 0.28005 0.200823 0.18601 0.183091 0.178891 0.257862 0.28321 0.311302 0.309516 0.255471 0.246393 0.233501 0.205316
threshold=0.049850435010705102 -0.088530958170474155 0.026397625216739766 -0.050981241890270527 -0.033034595663979788 0.17314716373893921 0.028057338676027888 -0.091768477388480527 -0.078252104453705632 0.034005679987544425 0.081041802317006986 0.054665744423407249 0.19147650373552483 -0.064346378365211968 0.0030089050465119441 0.047596554560092048 -0.028705604283486473 0.072143948997580906 -0.044431344911581898 -0.015281903692344891 -0.04679177493624697 -0.0057532548177648968 -0.0019044468429973997 0.0020173757668767089 -0.0020028099608582592 -0.0030200439989935056 -0.0023363731744973928 -0.0004665002929012941 0.012241399235548846 -0.0074924080309197805
decision_type=2 2 2 2 2 2 2 2 2 2 2 2 2 2 2 2 2 2 2 2 2 2 2 2 2 2 2 2 2 2
left_child=1 -1 3 -3 5 6 -5 -6 -9 10 11 12 13 14 -10 17 -17 19 -11 -15 -20 -21 23 25 -25 -23 -24 29 -29 -28
right_child=-2 2 -4 4 7 -7 -8 8 9 18 -12 -13 -14 15 -16 16 -18 -19 20 21 -22 22 26 24 -26 -27 27 28 -30 -31
leaf_value=-0.0040148638117198758 0.0014908506253693092 0.0018743983726222805 0.0013241529948612839 0.0014496199741062873 0.0036211009466034527 -0.010063766535458854 -0.0055238978894935412 -0.0060143406303333384 -0.0078304576105438176 -0.003797746095224284 -0.004335794691661639 0.0027893485707881035 -0.0059846815991808078 0.0021346427903745722 0.00053026207830183787 0.00097896719969520793 -0.0075854554754466973 -0.0058292462793178863 0.0058751234296886695 0.00091199893349612937 0.00095900247183612099 -0.004996399805250188 0.0022298012770277085 -0.0015272371407869894 -0.0094995297687128187 0.0011063303652456 -0.0011686984522800363 0.0023515423493725915 -0.0039422460824425796 -0.0071730727640291056
leaf_weight=26 133 92 182 58 34 20 22 21 26 20 35 53 22 103 26 21 26 20 21 236 193 31 92 24 25 63 35 56 20 24
leaf_count=26 133 92 182 58 34 20 22 21 26 20 35 53 22 103 26 21 26 20 21 236 193 31 92 24 25 63 35 56 20 24
internal_value=4.79324e-12 -0.00012187 -5.86488e-05 -0.000236006 -0.000382319 -0.00238723 -0.000468097 -0.000218919 -0.000328358 -0.000226476 -0.000530853 -0.000383375 -0.000581204 -0.000437633 -0.0036501 -0.000222365 -0.0037588 5.63579e-06 0.000993633 0.00017023 0.00144143 -0.000163655 -0.000849747 -0.00251281 -0.00559473 -0.000906272 0.000197907 -0.00118679 0.000695282 -0.00361116
internal_weight=1760 1627 1601 1419 1327 100 80 1227 1193 1172 938 903 850 828 52 776 47 729 234 709 214 606 370 143 49 94 227 135 76 59
internal_count=1760 1627 1601 1419 1327 100 80 1227 1193 1172 938 903 850 828 52 776 47 729 234 709 214 606 370 143 49 94 227 135 76 59
is_linear=0
shrinkage=0.05


Tree=71
num_leaves=31
num_cat=0
split_feature=251 278 278 288 218 90 333 144 288 262 334 238 82 128 287 275 334 175 276 0 262 194 140 257 1 167 169 164 134 234
split_gain=0.12234 0.133657 0.164937 0.197859 0.187375 0.181645 0.146468 0.228004 0.267646 0.247784 0.231988 0.245513 0.22194 0.199378 0.280571 0.38596 0.332328 0.223554 0.196466 0.187718 0.354577 0.395083 0.330402 0.274096 0.334464 0.235077 0.193372 0.183572 0.181407 0.1797
threshold=-0.10484175010389062 -0.097628482071715664 -0.058549956924188719 0.093572372554012337 0.028328656272432525 -0.30197436243001147 0.015677940502935982 0.062049891366848513 -0.016690785484826446 0.07447301325028903 0.01754139209284632 -0.013914617745963195 -0.18362694371156255 -0.032928062943917515 0.033931848707146474 0.016092862166919873 -0.043629978820022418 -0.027702216038135028 0.0034295172593450142 5.688667405331941 -0.010015657520036516 -0.0063734958172985941 0.0061398181974906089 -0.0072875177280625212 4.7317931335534196 0.0014798707471928485 -0.00033724688274512226 -0.00088045523550053339 0.013551742985980265 0.0014115497816339598
decision_type=2 2 2 2 2 2 2 2 2 2 2 2 2 2 2 2 2 2 2 2 2 2 2 2 2 2 2 2 2 2
left_child=-1 -2 4 5 -3 -4 7 8 10 13 -7 -12 -8 -10 16 18 -15 -18 -16 -19 21 -21 25 24 -22 -23 29 28 -14 -25
right_child=1 2 3 -5 -6 6 12 -9 9 -11 11 -13 27 14 15 -17 17 19 -20 20 23 22 -24 26 -26 -27 -28 -29 -30 -31
leaf_value=0.0032786387459574533 -0.0036824347127694642 0.00080239858725690289 -0.0046671972565707712 -0.0048218241792214525 0.0062453685134338834 0.0019355389886252603 0.0035999345394675851 -0.004439160584843194 0.0015108278763619368 -0.0047241369501820635 -0.0060867379128467297 0.00064400634312603098 -0.00010132043648809487 -0.0051892047355923919 0.0015878002938075828 -0.0088409664089946702 0.0034101748463442731 0.00071165620258972545 -0.0043978262012108011 -0.0090633184812031684 -0.0075731388441371648 0.0045045100999149407 -0.0061337657399625255 0.0012059632638240902 -0.00029724502175148312 -0.0025180784824232645 0.0035495255788756085 0.0013362613333425867 -0.0043642700319328617 -0.0043563124770298603
leaf_weight=28 25 64 21 22 21 220 61 32 114 35 20 42 128 34 29 24 42 228 26 25 22 22 28 53 56 26 58 203 31 20
leaf_count=28 25 64 21 22 21 220 61 32 114 35 20 42 128 34 29 24 42 228 26 25 22 22 28 53 56 26 58 203 31 20
internal_value=7.80594e-12 -5.30034e-05 1.51726e-07 -0.00011236 0.00214713 -4.76044e-05 1.38341e-05 -0.000277467 -0.000158984 -0.0006055 0.00117423 -0.0015272 0.000809919 -0.000426872 -0.000745628 -0.00355039 -0.000384755 -0.000103115 -0.00124177 -0.000377387 -0.00117836 -0.00361088 -0.00181732 -2.83487e-06 -0.00234942 0.000700608 0.00139437 0.000339778 -0.000932462 -0.000317948
internal_weight=1760 1732 1707 1622 85 1600 1579 1156 1124 842 282 62 423 807 693 79 614 580 55 538 310 101 76 209 78 48 131 362 159 73
internal_count=1760 1732 1707 1622 85 1600 1579 1156 1124 842 282 62 423 807 693 79 614 580 55 538 310 101 76 209 78 48 131 362 159 73
is_linear=0
shrinkage=0.05


Tree=72
num_leaves=31
num_cat=0
split_feature=138 304 297 161 159 159 247 202 86 233 206 259 298 119 240 100 172 174 83 264 241 153 287 288 276 124 202 252 156 107
split_gain=0.119003 0.129581 0.195902 0.282424 0.195838 0.235205 0.190755 0.176244 0.227453 0.445404 0.576129 0.322583 0.305254 0.318003 0.271486 0.214946 0.211002 0.208946 0.200714 0.187566 0.269454 0.2114 0.209854 0.280658 0.261674 0.220318 0.212719 0.192863 0.183195 0.182399
threshold=0.10560904344290444 -0.02783535418318708 0.068880889476867532 0.0071462517079698678 0.014096212348882088 0.025243653853594599 -0.092287941788173733 -0.004771815847333021 -0.033373345521218463 0.012158939662516048 0.0041537272435688928 0.0012971300323956329 -0.0068546895068710111 -0.019038791144598718 0.0015764387628200325 -0.027143060390868435 -0.001294862444382671 0.014412968075560187 -0.38942827330511526 -0.00075160751184398153 -0.040613351956825632 -0.023069328667012851 -0.013169869477427506 0.0096236008725322057 -0.0099332121604801642 0.014030446250961238 0.0033964972722704246 -0.0058344712687551474 0.042047941919672087 0.0016532660379573343
decision_type=2 2 2 2 2 2 2 2 2 2 2 2 2 2 2 2 2 2 2 2 2 2 2 2 2 2 2 2 2 2
left_child=1 4 6 -4 -1 -6 -3 18 9 11 14 12 -9 -14 -11 -13 -15 -17 -8 21 -21 27 -22 25 -25 26 -24 -10 -20 -18
right_child=-2 2 3 -5 5 -7 7 8 19 10 -12 15 13 16 -16 17 29 -19 28 20 22 -23 23 24 -26 -27 -28 -29 -30 -31
leaf_value=0.0015140387239131719 0.0035729675098200853 -0.0037997919031684951 0.00049517431485583078 -0.0079075595270842319 -0.0044737331117229431 0.0010632754556189122 -0.00371875687657545 0.0011869062539536825 -0.005507813171134331 0.0013786890117766998 -0.010502526656325374 -0.0030507382422608016 -0.0081091864187077724 0.0015817832106862356 -0.0058838727534748616 0.003481374635139662 -0.00087618550191398924 -0.0013374173783250304 0.0012910337379029233 0.0038976740931892504 0.00069758504143378351 0.001932074556820512 -0.005939786286035087 0.0039714943057893278 -0.0026919686228639504 -0.0087102185047808148 -0.0002390197633455197 0.00078991956242750727 -0.002387110858123649 -0.0073908918171322769
leaf_weight=254 23 35 20 20 34 44 24 47 20 31 28 24 29 27 22 82 22 31 398 28 84 197 30 26 34 21 36 31 37 21
leaf_count=254 23 35 20 20 34 44 24 47 20 31 28 24 29 27 22 82 22 31 398 28 84 197 30 26 34 21 36 31 37 21
internal_value=1.72031e-12 -4.73104e-05 -0.000257239 -0.00370619 0.000841093 -0.00135029 -0.000156171 -6.02864e-05 -0.000478116 -0.0014317 -0.00470095 -0.000495984 -0.00213122 -0.0037065 -0.00163596 0.00124668 -0.00188252 0.00215941 0.000732589 0.000206511 -0.000734552 0.00118931 -0.00129603 -0.00243524 0.000195532 -0.00424957 -0.00283028 -0.00167978 0.00097818 -0.00405779
internal_weight=1760 1737 1405 40 332 78 1365 1330 871 364 81 283 146 99 53 137 70 113 459 507 259 248 231 147 60 87 66 51 435 43
internal_count=1760 1737 1405 40 332 78 1365 1330 871 364 81 283 146 99 53 137 70 113 459 507 259 248 231 147 60 87 66 51 435 43
is_linear=0
shrinkage=0.05


Tree=73
num_leaves=31
num_cat=0
split_feature=239 144 205 192 119 262 324 134 329 261 162 274 167 138 133 328 195 221 267 248 201 194 109 259 290 313 324 324 318 124
split_gain=0.115447 0.122222 0.306766 0.143963 0.177202 0.233796 0.216784 0.323981 0.240591 0.411311 0.47018 0.352671 0.268247 0.232835 0.302606 0.286758 0.221757 0.199912 0.197805 0.189797 0.184177 0.174774 0.174234 0.171198 0.178879 0.227688 0.203397 0.292646 0.182453 0.202098
threshold=0.080516439411048857 0.062049891366848513 0.010024689511431494 0.026397625216739766 -0.00090453993261860907 0.084169336523892593 0.005968449090842938 0.025123279892269926 0.0012415599427502146 -0.013338734960094073 -0.016216575265460963 0.0095820052838518441 -0.0288099666122071 -0.0028255219597465918 -0.0086630942587289424 -0.02381777830678062 -0.0055855365960364176 -0.016519698099840673 -0.018386237354271102 0.0061201634188636491 -0.020957506945282752 0.036347787763169499 -0.020369001503172144 0.0019404246425709958 0.026518600350366326 0.050306103242536683 -0.0099712502729822818 -0.0029716444136551443 0.0085260684936169732 0.014707390233332908
decision_type=2 2 2 2 2 2 2 2 2 2 2 2 2 2 2 2 2 2 2 2 2 2 2 2 2 2 2 2 2 2
left_child=1 3 -3 4 5 6 7 8 12 -10 -11 16 -1 14 -8 -16 -12 -17 -15 -18 -14 -5 -20 24 25 26 -6 -28 29 -29
right_child=-2 2 -4 21 23 -7 13 -9 9 10 11 -13 20 18 15 17 19 -19 22 -21 -22 -23 -24 -25 -26 -27 27 28 -30 -31
leaf_value=-0.0048243160926453449 0.0015996325487991133 -0.0057955411976824203 0.0018796121023352378 0.0020422308465173492 0.0016993591104708047 -0.0057365913814662597 0.0035887268396826199 -0.005936845438554883 0.0026101221598571903 -0.009956467658048496 0.0036914299846102952 -0.0066106744560637453 -0.0029713462720302726 0.0052228350657969715 -0.0063796074960070356 -0.0045930483456080159 -0.0051810325970873235 0.001255975532209656 -0.0017967759170508209 0.0012667978703532192 0.0015848125015394702 -0.0019331017476575012 0.0025741095934471675 0.0010391533447600388 0.0020791493958728226 -0.0051879241185439429 -0.0059225073827352996 -0.0029985064400348052 0.0018524154062758481 0.0022483336603424204
leaf_weight=23 106 30 23 148 74 23 28 35 33 24 24 31 26 35 30 21 25 48 38 21 151 34 57 401 57 29 30 78 53 24
leaf_count=23 106 30 23 148 74 23 28 35 33 24 24 31 26 35 30 21 25 48 38 21 151 34 57 401 57 29 30 78 53 24
internal_value=-6.52376e-12 -0.000102516 -0.00246481 -2.43135e-05 -0.000194116 -0.000782384 -0.000607082 -0.00134549 -0.000896616 -0.00235494 -0.00366572 -0.00217089 0.000255462 0.000522081 -0.00100056 -0.00229854 -0.000204696 -0.000524162 0.00200958 -0.00223746 0.000915546 0.00129959 0.000825755 0.000336587 -0.000480019 -0.000986521 -0.000516093 -0.00140227 -0.00052739 -0.00176396
internal_weight=1760 1654 53 1601 1419 673 650 393 358 158 125 101 200 257 127 99 70 69 130 46 177 182 95 746 345 288 259 185 155 102
internal_count=1760 1654 53 1601 1419 673 650 393 358 158 125 101 200 257 127 99 70 69 130 46 177 182 95 746 345 288 259 185 155 102
is_linear=0
shrinkage=0.05


Tree=74
num_leaves=31
num_cat=0
split_feature=154 138 140 198 147 226 229 223 145 145 301 133 133 227 294 335 292 134 183 201 122 143 284 324 274 238 250 331 313 309
split_gain=0.113449 0.124594 0.148011 0.288936 0.344125 0.229706 0.175274 0.192595 0.169743 0.468507 0.446764 0.229848 0.212505 0.213072 0.220227 0.29248 0.181974 0.353433 0.210031 0.194663 0.308096 0.260061 0.292736 0.451165 0.397945 0.200061 0.336346 0.181723 0.201657 0.316227
threshold=-0.052496995219058588 0.10560904344290444 0.039525312507858658 0.0052149294709011767 0.001602922763193698 -0.0021371527356963565 0.064217239359389666 0.083400024276890902 -0.011137767070738838 -0.0081184759984709431 -0.0070614034720191069 0.008889412795751922 0.0045414691210542884 -0.017323221313148136 -0.0024347365755287682 -0.0037665718583945111 0.050630747015515676 -0.0016198145909803396 -0.037971205942954465 -0.0006790154252297448 -0.058492029959386918 0.0042609068848175778 0.013786900291469319 -0.00047844058884474169 -0.0014843790153238371 -0.01160582363696021 -0.036874269399333318 0.0077384079768415626 -0.0025492326358187048 -0.0039528972614195539
decision_type=2 2 2 2 2 2 2 2 2 2 2 2 2 2 2 2 2 2 2 2 2 2 2 2 2 2 2 2 2 2
left_child=-1 2 6 4 -4 -5 8 -8 11 10 -10 12 13 -2 15 -15 18 -18 -11 25 -21 27 23 24 -23 26 -20 28 -22 -30
right_child=1 -3 3 5 -6 -7 7 -9 9 16 -12 -13 -14 14 -16 -17 17 -19 19 20 21 22 -24 -25 -26 -27 -28 -29 29 -31
leaf_value=0.0016995733012213693 0.0028026474894308566 0.0038278602517675606 -0.00036944894505163231 0.0039759750807813058 -0.0070116285921241611 -0.0026655764439214103 0.0024889562035744208 -0.0018654679581231904 -0.00032462863344699146 0.0028282647349285608 -0.0096005877997312281 0.0023392400877690948 -0.0046968032683556288 0.0012837340084370227 0.0010549336521265408 -0.0056442334985312747 0.00033289531192339558 -0.0071907931470950306 -0.0060973857361823324 -0.0063694754587486392 0.00088911404525970287 -0.0033346590986475348 0.00027729258916665324 -0.00063146128197834697 -0.012671089349758059 0.0015775252340782999 0.00022754715380484195 0.0021137429511145457 0.0011958884953388147 -0.0050267822360406077
leaf_weight=93 59 20 39 30 39 23 123 32 25 58 27 139 24 25 75 39 37 27 25 25 100 25 66 47 21 211 132 90 35 49
leaf_count=93 59 20 39 30 39 23 123 32 25 58 27 139 24 25 75 39 37 27 25 25 100 25 66 47 21 211 132 90 35 49
internal_value=4.15319e-12 -9.48172e-05 -0.000142451 -0.00175489 -0.00369054 0.00109379 -3.11773e-06 0.00158998 -0.00018455 -0.000520049 -0.00514099 0.000744808 -0.000253508 0.000285073 -0.000783538 -0.002938 -0.000266579 -0.00284116 -8.01842e-05 -0.000284409 -0.000972449 -0.000660842 -0.00226941 -0.00407675 -0.00759694 0.000571901 -0.000779608 0.000272599 -0.000627961 -0.002434
internal_weight=1760 1667 1647 131 78 53 1516 155 1361 1000 52 361 222 198 139 64 948 64 884 826 458 433 159 93 46 368 157 274 184 84
internal_count=1760 1667 1647 131 78 53 1516 155 1361 1000 52 361 222 198 139 64 948 64 884 826 458 433 159 93 46 368 157 274 184 84
is_linear=0
shrinkage=0.05


Tree=75
num_leaves=31
num_cat=0
split_feature=288 244 187 203 143 131 253 253 286 186 303 146 142 142 120 160 232 232 131 131 265 103 171 255 201 242 177 88 151 96
split_gain=0.111139 0.144064 0.146586 0.158307 0.222736 0.197644 0.226826 0.292699 0.198555 0.331557 0.291834 0.411537 0.229541 0.194573 0.227331 0.1858 0.151609 0.183097 0.159406 0.218582 0.317856 0.198066 0.152433 0.25222 0.422988 0.21938 0.197427 0.16636 0.144266 0.142041
threshold=0.10306606575297055 -0.066579068077526379 0.039807720228995841 7.4349562267278976e-05 0.068125658455615176 -0.084070623987716517 -0.021162986543909589 -0.016558607840338673 0.028016505515994213 -0.007925660783851457 -0.013184794820263331 0.012850126119506439 -0.0084719763334520585 -0.0084719763334520585 -0.00036224020030874458 -0.061839565784303059 -0.083711332747040706 -0.057169574447866495 -0.045015640582231488 -0.026376959702084469 -0.0032575832825975913 0.090262876838706055 0.0047046700610644766 -0.042481646932878127 -0.0033314655585114134 0.041455187200203886 0.0033036431941070609 0.11804426683117644 0.00017437144676435686 -0.021687398011941583
decision_type=2 2 2 2 2 2 2 2 2 2 2 2 2 2 2 2 2 2 2 2 2 2 2 2 2 2 2 2 2 2
left_child=1 -1 3 4 5 -3 -7 -8 10 -10 11 13 -11 14 -9 -5 -17 -18 -19 20 -20 22 23 24 -21 26 27 -25 29 -12
right_child=-2 2 -4 15 -6 6 7 8 9 12 28 -13 -14 -15 -16 16 17 18 19 21 -22 -23 -24 25 -26 -27 -28 -29 -30 -31
leaf_value=0.0016090153438734192 -0.0033792122742549204 -0.0050167014199056816 0.0018627777412293255 -0.004331338575242886 -0.0052651347548817286 0.0011750364896427126 -0.0064316520940654147 -0.006668532650274713 -0.0085464576038066301 0.0032480916070289825 -0.0034604173166371769 -0.0068832045181521353 -0.0034327015099633071 0.0016329945321669993 0.00077993085345951841 0.0036991838552400142 -0.003921629775315523 0.0038249853448095645 0.001670607770084525 0.0010876507118708738 -0.0060871705931100639 0.0043042683303638396 0.0013193747290900489 0.00025214492618700946 -0.0084011905205746487 -0.0040926302800437919 0.0024560658755025978 -0.0042557640554150566 0.0016768969212487145 0.00028547357279489356
leaf_weight=136 24 24 91 21 26 172 23 21 20 20 32 35 36 49 20 34 25 33 23 23 31 33 226 139 24 27 95 24 152 121
leaf_count=136 24 24 91 21 26 172 23 21 20 20 32 35 36 49 20 34 25 33 23 23 31 33 226 139 24 27 95 24 152 121
internal_value=4.06203e-12 4.67172e-05 -8.60781e-05 -0.000203604 -0.000718108 -0.000555043 -0.00040229 -0.000915144 -0.000664394 -0.00302032 -0.000247997 -0.00228269 -0.0010467 -0.000493598 -0.00303514 0.00030615 0.00043829 0.00028058 0.000435528 0.000262114 -0.00278293 0.000540342 0.000317744 -0.000364089 -0.00375772 0.000195562 0.000644326 -0.000411596 0.000585893 -0.000497981
internal_weight=1760 1736 1600 1509 751 725 701 529 506 76 430 125 56 90 41 758 737 703 678 645 54 591 558 332 47 285 258 163 305 153
internal_count=1760 1736 1600 1509 751 725 701 529 506 76 430 125 56 90 41 758 737 703 678 645 54 591 558 332 47 285 258 163 305 153
is_linear=0
shrinkage=0.05


Tree=76
num_leaves=31
num_cat=0
split_feature=251 286 138 144 186 255 196 273 128 94 193 194 289 260 323 128 203 81 312 196 232 329 323 187 322 300 188 246 113 116
split_gain=0.107891 0.115544 0.20131 0.192459 0.158762 0.232502 0.312492 0.174288 0.15751 0.181071 0.265468 0.248141 0.188685 0.259225 0.269009 0.25453 0.249221 0.287309 0.413041 0.298946 0.246815 0.218971 0.190712 0.188906 0.173824 0.154778 0.160429 0.21395 0.154074 0.229164
threshold=-0.10484175010389062 -0.018029238245390558 -0.088530958170474155 0.062049891366848513 0.0056760033838483678 -0.038465008038733171 -0.0077188310087936843 -0.030945791819695759 -0.031616796507429955 -0.06161346482808034 -0.015279843216497276 0.0092188438212446027 0.067003592510880103 -0.0003424724196964109 0.020532849486262477 -0.017553897420801576 0.0033428312613955334 -0.44144802966446656 0.0093288955095214999 -0.0054565192781444874 0.0031746258992417127 -0.0036888862034878665 0.033687373644150316 0.0024466753676182173 0.010204831269776182 0.016110506063595469 -0.0071775875234954285 -0.016849019038058802 0.0055359823476392907 -0.0026936012025314316
decision_type=2 2 2 2 2 2 2 2 2 2 2 2 2 2 2 2 2 2 2 2 2 2 2 2 2 2 2 2 2 2
left_child=-1 4 -3 8 5 6 -2 -6 25 10 -10 24 13 22 15 -15 17 18 19 -17 21 -21 -11 -24 -12 26 -4 -28 29 -7
right_child=1 2 3 -5 7 28 -8 -9 9 12 11 -13 -14 14 -16 16 -18 -19 -20 20 -22 -23 23 -25 -26 -27 27 -29 -30 -31
leaf_value=0.0030789400608877519 0.0006335735223256052 -0.0046494700659353008 0.0026773983916923913 -0.0036612695760618996 -0.0012082418127517616 0.00087858882310233783 -0.0074420571894101483 0.0027871352505298413 -0.0059147914584173128 0.0015870080084930017 -0.0011167200601549768 -0.0044243166735828416 -0.0039275438497619079 -0.0053579652688599058 0.0018068482124024656 0.0035402950260322546 0.0010225387017625855 0.00027550224991831451 -0.0088031471650798013 -0.0020710858442312616 0.0004095946059182838 -0.0090484922468338329 0.00075094685889780526 -0.0051952109650962733 0.0030999594317698801 0.0032255167361654458 -0.0049301725700497635 0.00056194887156827279 0.0019884373218196235 -0.0033753319680591694
leaf_weight=28 25 26 44 39 35 97 23 124 32 308 72 37 30 35 86 20 113 88 28 22 27 23 34 22 37 64 25 61 108 47
leaf_count=28 25 26 44 39 35 97 23 124 32 308 72 37 30 35 86 20 113 88 28 22 27 23 34 22 37 64 25 61 108 47
internal_value=-2.78636e-13 -4.9775e-05 -0.000294998 -0.000204207 0.000630331 -4.66474e-05 -0.003236 0.00190765 -9.25966e-05 -0.000342327 -0.00179033 -0.000886336 -3.40209e-05 0.000110899 -0.000702831 -0.0013091 -0.000867636 -0.00189451 -0.00348585 -0.00186755 -0.00336972 -0.00563732 0.001099 -0.00158504 0.00031463 0.0012127 0.00022177 -0.0010346 0.000560848 -0.000509844
internal_weight=1760 1732 1273 1247 459 300 48 159 1208 1014 178 146 836 806 442 356 321 208 120 92 72 45 364 56 109 194 130 86 252 144
internal_count=1760 1732 1273 1247 459 300 48 159 1208 1014 178 146 836 806 442 356 321 208 120 92 72 45 364 56 109 194 130 86 252 144
is_linear=0
shrinkage=0.05


Tree=77
num_leaves=31
num_cat=0
split_feature=325 156 275 271 291 134 165 229 168 123 113 277 240 113 131 153 168 273 85 177 95 302 181 109 152 212 156 2 301 113
split_gain=0.106493 0.153253 0.136749 0.245481 0.132017 0.283904 0.162204 0.14869 0.126458 0.163302 0.284767 0.371224 0.342071 0.334279 0.294317 0.36297 0.312459 0.374656 0.42283 0.350573 0.266948 0.255685 0.263937 0.244966 0.226215 0.207568 0.189391 0.184062 0.162867 0.135052
threshold=-0.037564171142919094 0.033051389703291606 0.08140210525097695 -0.0049616106158868302 0.044868161674059513 -0.042392311987037176 0.061055218343612834 0.05622510755750517 -0.021660108899857543 -0.011079463629862193 0.005691479415334078 -0.00088943688879262919 0.0037188374271806966 0.0034036412004810278 -0.023242271211502557 0.001049927863275182 0.0046337173863707668 -0.016334836912334932 0.10056232612219741 -0.0002631785027342772 -0.0050271327572931667 0.011664138008059453 -0.0014161464788762471 -0.039969328481246062 -0.0032015340625334305 0.0031811001180154326 0.0035380412176607705 2.740319461670996 0.016131628646500199 -0.036592602671238809
decision_type=2 2 2 2 2 2 2 2 2 2 2 2 2 2 2 2 2 2 2 2 2 2 2 2 2 2 2 2 2 2
left_child=1 -1 4 -4 6 -6 8 -7 -2 29 13 -12 -13 14 15 -11 17 -16 19 -19 -15 22 -14 26 25 -20 -18 28 -25 -10
right_child=2 -3 3 -5 5 7 -8 -9 9 10 11 12 21 20 16 -17 23 18 24 -21 -22 -23 -24 27 -26 -27 -28 -29 -30 -31
leaf_value=0.0016454381951702731 0.00080166271203389839 -0.0024764079708032884 -0.0070029702656029258 0.0001020921007194932 -0.0036025410256115722 0.0015537224119208416 0.0036318718209966193 0.006173842939149056 0.00330201963561454 -0.0080767011328134689 0.0024307208081605376 0.0024511024161054393 -0.0051972972210496664 -0.0099712336097400114 0.0019221244273585796 -0.00020489096641540527 -0.0061421907902695239 -0.0018261021989885542 -0.00038860324275447056 -0.010140146881417423 -0.0024624913971036163 -0.0077344510587863628 0.001932377296004604 0.0018268326479649643 0.00080333562972165456 -0.0069093518809845243 0.00065637124657985711 0.0052788266896045414 -0.0025790507435212258 4.1949580892917787e-05
leaf_weight=170 224 26 20 31 24 102 27 21 35 32 121 36 25 20 46 27 20 21 23 32 29 24 27 94 56 26 21 29 27 344
leaf_count=170 224 26 20 31 24 102 27 21 35 32 121 36 25 20 46 27 20 21 23 32 29 24 27 94 56 26 21 29 27 344
internal_value=-4.75521e-12 0.00109866 -0.000137684 -0.00268421 -5.18462e-05 0.0013719 -0.000205061 0.00234252 -0.00028243 -0.00050022 -0.000934439 0.000510609 -0.0015638 -0.00160381 -0.00118036 -0.00447435 -0.000688343 -0.00204907 -0.00320523 -0.0068459 -0.00552728 -0.00346559 -0.00149535 0.000764994 -0.00136756 -0.00384859 -0.00266 0.00170116 0.000843702 0.000343011
internal_weight=1760 196 1564 51 1513 147 1366 123 1339 1115 736 233 112 503 454 59 395 204 158 53 49 76 52 191 105 49 41 150 121 379
internal_count=1760 196 1564 51 1513 147 1366 123 1339 1115 736 233 112 503 454 59 395 204 158 53 49 76 52 191 105 49 41 150 121 379
is_linear=0
shrinkage=0.05


Tree=78
num_leaves=31
num_cat=0
split_feature=266 297 116 299 248 297 232 88 275 244 173 138 297 191 335 2 199 330 284 336 240 236 312 84 176 242 332 155 115 233
split_gain=0.0989636 0.192685 0.237311 0.202263 0.228225 0.185759 0.176012 0.194547 0.165078 0.164712 0.37502 0.358325 0.157812 0.258109 0.153595 0.20311 0.166697 0.141798 0.237147 0.163765 0.186126 0.184431 0.344283 0.253414 0.235017 0.21409 0.158908 0.157971 0.150214 0.122646
threshold=0.012536195689311304 -0.011628514829942262 0.046194198802446525 -0.016836778841688101 -0.0090746626850256758 -0.027693007111469735 0.016183219438477926 0.02152206760052959 0.078887137878928995 0.010607978576426187 0.001220019010497444 0.0038210495166192825 0.064260091724807303 0.0027124729247529344 0.0063186699023155381 5.8478817775022929 -0.047206530672770926 0.043337863215426223 0.011835151180725081 0.011192989728623702 0.02025903731717173 -0.0083840779840482754 0.019385801022702018 -0.0047398313818541671 0.0012335168152880309 0.044448136103093706 0.0070271374478384835 0.0046905588142834723 -0.034734158846991783 -0.013542473144927077
decision_type=2 2 2 2 2 2 2 2 2 2 2 2 2 2 2 2 2 2 2 2 2 2 2 2 2 2 2 2 2 2
left_child=8 2 3 -2 5 -5 7 -6 12 -3 -11 -12 14 -14 15 17 -16 19 -19 20 21 22 23 24 -1 -23 27 -22 -21 -25
right_child=1 9 -4 4 6 -7 -8 -9 -10 10 11 -13 13 -15 16 -17 -18 18 -20 28 26 25 -24 29 -26 -27 -28 -29 -30 -31
leaf_value=-0.0083782940360833894 0.0022676335938513147 0.0019135223352237927 -0.0048800281827049014 -0.00087086845499773828 0.00083286412719561765 -0.0075212994286890282 0.0041585668498142206 -0.0051145877991802995 -0.0034704182157442214 0.0019960551510800877 0.00018942911507717025 -0.0080072724944329817 -0.0069154103900390595 0.0008342890955862544 -0.0029377890592200105 -0.0054769472312182193 0.0009943051010021923 0.00050703262067621662 -0.0071005359757691624 -0.0026016101514687762 0.00095396991294008967 0.00031875353308105089 -0.0087959541066084061 0.0038577570053166714 -0.0011065109968185424 -0.0038955616949048512 0.0028963446134002879 -0.0043687857338227335 0.002102611879217875 -0.0011334892296872567
leaf_weight=20 64 259 29 21 44 21 22 20 39 76 30 24 22 21 29 20 382 21 20 20 46 185 20 20 25 36 60 20 112 32
leaf_count=20 64 259 29 21 44 21 22 20 39 76 30 24 22 21 29 20 382 21 20 20 46 185 20 20 25 36 60 20 112 32
internal_value=4.13303e-12 0.000514796 -0.000664186 -2.74179e-05 -0.00117494 -0.00419608 0.000300497 -0.00102571 -0.000273066 0.0011846 -0.000267627 -0.00345355 -0.000160828 -0.00313067 -4.12551e-05 -0.000515509 0.000716858 -0.000359733 -0.00320398 -0.000164072 -0.000606137 -0.00121756 -0.00282277 -0.00159119 -0.00433841 -0.000367741 0.00103403 -0.000658986 0.00138985 0.000786221
internal_weight=1760 610 221 192 128 42 86 64 1150 389 130 54 1111 43 1068 657 411 637 41 596 464 338 117 97 45 221 126 66 132 52
internal_count=1760 610 221 192 128 42 86 64 1150 389 130 54 1111 43 1068 657 411 637 41 596 464 338 117 97 45 221 126 66 132 52
is_linear=0
shrinkage=0.05


Tree=79
num_leaves=31
num_cat=0
split_feature=325 178 165 275 271 291 134 165 229 146 145 215 270 267 246 235 165 135 328 314 202 276 274 271 265 2 19 119 326 188
split_gain=0.0952815 0.138587 0.14418 0.115388 0.233856 0.128137 0.260118 0.143577 0.129014 0.11556 0.139439 0.149023 0.184623 0.147395 0.204138 0.245401 0.206266 0.243733 0.377204 0.266553 0.25246 0.331419 0.251733 0.16648 0.196979 0.26848 0.165751 0.163406 0.161132 0.157751
threshold=-0.037564171142919094 -0.028495149308632332 0.04231665679776276 0.078887137878928995 -0.0049616106158868302 0.044868161674059513 -0.044042082087346189 0.061055218343612834 0.05622510755750517 -0.087771255189538835 -0.022913324884881098 -0.0004421239397920171 -0.036981230371715849 0.010515616218983765 -0.071772519186788133 0.052091194687239363 0.0091422500177202656 0.0058898497679456359 -0.030747230696960493 -0.010218637948289191 0.015798196255438091 0.0034295172593450142 0.0012507917517337876 -0.046123637726260026 0.0088894856147795753 2.8617925509761908 12.211111111111112 0.0060170881347437911 0.038854320144366614 0.0058599999600335477
decision_type=2 2 2 2 2 2 2 2 2 2 2 2 2 2 2 2 2 2 2 2 2 2 2 2 2 2 2 2 2 2
left_child=1 -1 -3 5 -5 7 -7 9 -8 -2 11 12 -11 14 -12 16 17 20 -19 -20 29 -22 27 -15 -25 26 -26 -21 -18 -16
right_child=3 2 -4 4 -6 6 8 -9 -10 10 13 -13 -14 23 15 -17 28 18 19 22 21 -23 -24 24 25 -27 -28 -29 -30 -31
leaf_value=-0.0021513057691004965 -0.0040422276465687896 0.0021504475000754561 -0.0022804769637462283 -0.0062323703876008161 0.00029559570539277051 -0.0035110538582439014 0.0015444302991364557 0.0034126544043559721 0.0058516647023636667 -0.0047136618362856103 -0.0046401469269767405 0.0023003918755733011 0.00076053713087208394 0.0033131071621374714 -0.0010201171153933434 0.0025317601273788818 0.00095755249898132042 -0.0092796284527470237 0.0016656226518204098 0.0012255415470073267 0.00010290535612274771 -0.0083851800269811698 -0.0067282180238917872 0.00074775607120390651 -0.0025045859717231778 -0.0052503565571749133 0.0022644818837043684 -0.0046918629773426805 -0.0035946559478444136 0.0016238433099038788
leaf_weight=29 20 146 21 23 34 23 101 27 21 20 34 105 67 42 164 55 167 22 33 28 23 23 37 257 35 37 38 20 22 86
leaf_count=29 20 146 21 23 34 23 101 27 21 20 34 105 67 42 164 55 167 22 33 28 23 23 37 257 35 37 38 20 22 86
internal_value=4.82187e-12 0.00103922 0.00159327 -0.000130235 -0.0023385 -4.67108e-05 0.00136633 -0.000197145 0.00228584 -0.000270152 -0.000212782 0.00103242 -0.000497899 -0.000425674 -0.00085922 -0.000670173 -0.000951943 -0.00154998 -0.00326895 -0.00214831 -0.000736963 -0.00414114 -0.00362901 0.000331175 -1.0082e-05 -0.00178067 -2.20575e-05 -0.00124004 0.000427666 -0.000110595
internal_weight=1760 196 167 1564 57 1507 145 1362 122 1335 1315 192 87 1123 714 680 625 436 140 118 296 46 85 409 367 110 73 48 189 250
internal_count=1760 196 167 1564 57 1507 145 1362 122 1335 1315 192 87 1123 714 680 625 436 140 118 296 46 85 409 367 110 73 48 189 250
is_linear=0
shrinkage=0.05


Tree=80
num_leaves=31
num_cat=0
split_feature=288 244 187 203 143 145 169 303 262 19 301 184 184 217 117 160 303 308 232 232 131 131 265 103 171 149 280 87 265 245
split_gain=0.0928864 0.10876 0.123982 0.127084 0.18706 0.163505 0.18584 0.376834 0.553455 0.495117 0.247974 0.176834 0.187151 0.246514 0.153281 0.151411 0.132538 0.132121 0.129534 0.149367 0.137243 0.180416 0.264701 0.162618 0.12368 0.187663 0.232218 0.308851 0.233837 0.256155
threshold=0.10306606575297055 -0.066579068077526379 0.039807720228995841 7.4349562267278976e-05 0.068125658455615176 -0.022913324884881098 0.0034881797017278014 -0.013184794820263331 -0.013489223743442207 11.607692307692309 0.029571767101330675 0.0080223583758568251 -0.0059608187163004171 0.0039090952075452046 -0.015714372392181725 -0.061839565784303059 0.0072406214572275857 -0.0023296422959782925 -0.083711332747040706 -0.057169574447866495 -0.045015640582231488 -0.026376959702084469 -0.0032575832825975913 0.090262876838706055 0.0048717459839463699 -0.0068593664532575847 -0.02028679400459615 0.030737606458354896 -0.0049034911142119587 -0.016107535315770433
decision_type=2 2 2 2 2 2 2 2 2 2 2 2 2 2 2 2 2 2 2 2 2 2 2 2 2 2 2 2 2 2
left_child=1 -1 3 4 5 14 7 8 -7 -10 11 12 16 17 -3 -5 -9 -14 -17 -20 -21 22 -22 24 25 -23 27 -27 29 -28
right_child=-2 2 -4 15 -6 6 -8 10 9 -11 -12 -13 13 -15 -16 18 -18 -19 19 20 21 23 -24 -25 -26 26 28 -29 -30 -31
leaf_value=0.0014001463113291882 -0.0030892919331866626 -0.00098943770139452982 0.0017196345850786932 -0.0039104028671447721 -0.0048087314554812535 0.0014019836535163481 0.00012077467422296344 0.0039785444132845712 -0.011307865505841619 -0.0024416479449193445 -0.0046478283500619002 0.0027418253700489006 0.0012381620965530411 -0.0068162052511152905 0.0031882626897034548 0.0034094153686858005 -0.00051157250515340518 -0.0031603717655431657 -0.0035459853280335667 0.0035344425899287071 0.0015261906423130196 0.0011361206903750304 -0.0055532611339473197 0.0038918094744792944 0.0011885687962757989 -0.0083326088963076479 0.0023504277609754359 -0.00013085400728000837 0.0014247058163802996 -0.0043079925181630715
leaf_weight=136 24 37 91 21 26 29 302 27 32 31 32 48 38 22 54 34 42 31 25 33 23 132 31 33 224 24 20 22 84 52
leaf_count=136 24 37 91 21 26 29 302 27 32 31 32 48 38 22 54 34 42 31 25 33 23 132 31 33 224 24 20 22 84 52
internal_value=1.05057e-13 4.27091e-05 -7.26731e-05 -0.000180758 -0.000641741 -0.000492304 -0.000776778 -0.00159323 -0.00431397 -0.00694512 -0.000550275 8.01173e-05 -0.000718395 -0.00220745 0.00148964 0.000275968 0.00124543 -0.000737991 0.000395254 0.000249477 0.000389427 0.00022852 -0.00253794 0.000481293 0.000279595 -0.000330016 -0.00128808 -0.00441003 -0.000367511 -0.00245843
internal_weight=1760 1736 1600 1509 751 725 634 332 92 63 240 208 160 91 91 758 69 69 737 703 678 645 54 591 558 334 202 46 156 72
internal_count=1760 1736 1600 1509 751 725 634 332 92 63 240 208 160 91 91 758 69 69 737 703 678 645 54 591 558 334 202 46 156 72
is_linear=0
shrinkage=0.05


Tree=81
num_leaves=31
num_cat=0
split_feature=318 288 304 290 233 290 289 101 144 312 160 324 276 300 132 237 265 252 236 202 129 185 124 85 266 91 330 287 318 111
split_gain=0.090948 0.138177 0.114716 0.131956 0.135199 0.190786 0.126047 0.348336 0.134292 0.29361 0.138591 0.283851 0.144275 0.172995 0.208488 0.19358 0.176856 0.219027 0.342765 0.29548 0.181599 0.17912 0.183216 0.172604 0.19395 0.152801 0.15204 0.160047 0.140049 0.194726
threshold=0.074625373629898142 0.093572372554012337 -0.02783535418318708 0.012378911344730719 0.029142671550908956 -0.0032912583097419626 0.067003592510880103 -0.008705251036434233 0.058378188848979558 0.02042213257420818 0.051526684230746488 0.0007917684321116082 -0.012723284678479786 -0.009930992617977091 -0.062053957783711471 -0.061908451258084619 -0.050408724266084677 0.0051139689003777142 -0.035743045759638804 0.0181260397518925 0.0017749274041747567 -0.0068560771272298078 0.0080531445689697116 0.22670949425984574 0.012536195689311304 0.043288388747426486 0.045290561716242538 0.004749271005145504 -0.0011712448304582411 0.00086626146129331648
decision_type=2 2 2 2 2 2 2 2 2 2 2 2 2 2 2 2 2 2 2 2 2 2 2 2 2 2 2 2 2 2
left_child=1 2 3 4 5 -1 8 -8 10 -10 12 -12 23 15 -15 -14 -16 18 -18 20 21 -20 -23 26 -25 -22 -4 -28 29 -19
right_child=-2 -3 6 -5 -6 -7 7 -9 9 -11 11 -13 13 14 16 -17 17 28 19 -21 25 22 -24 24 -26 -27 27 -29 -30 -31
leaf_value=0.00036118028336426761 0.0027294344606343659 -0.0038147938554175202 0.0015712047100236535 0.0022247475750255194 0.002791192111716986 -0.0037943655462004248 0.0013773704022169114 -0.0071488350265375951 0.00018934953872016386 -0.0071774664334952835 -0.006627064034261782 0.0011460359557531774 -0.0030330192891816644 -0.0049760956662274636 -0.0039848343436356768 0.0013107016746436934 -0.0060569978253624873 0.0015265045426741172 0.0016122244162166993 -0.0061275108495134518 0.0029285445541782835 -0.0010865916544424159 -0.0059254815434822104 -0.0050144551862031225 0.0013476564329998244 -0.0013650541762278106 -0.0048561343713663524 0.0013935935727897146 0.0021804535768951776 -0.0031472763912647802
leaf_weight=131 30 24 334 114 38 35 25 23 38 21 23 24 29 28 35 222 32 52 41 22 67 79 26 25 23 30 20 21 109 39
leaf_count=131 30 24 334 114 38 35 25 23 38 21 23 24 29 28 35 222 32 52 41 22 67 79 26 25 23 30 20 21 109 39
internal_value=-6.46196e-12 -4.73312e-05 5.66941e-06 0.000862259 0.000100868 -0.000514989 -0.000190581 -0.0027081 -0.000100401 -0.00243274 7.02117e-06 -0.00265782 0.000108518 -0.000281934 -0.000770833 0.000808837 -0.000549503 -0.000307578 -0.00116892 -0.000578666 -7.63012e-05 -0.00119043 -0.00228479 0.000857116 -0.00196594 0.00160063 0.00121847 -0.00165505 0.000971519 -0.000476544
internal_weight=1760 1730 1706 318 204 166 1388 48 1340 59 1281 47 1234 811 560 251 532 497 297 265 243 146 105 423 48 97 375 41 200 91
internal_count=1760 1730 1706 318 204 166 1388 48 1340 59 1281 47 1234 811 560 251 532 497 297 265 243 146 105 423 48 97 375 41 200 91
is_linear=0
shrinkage=0.05


Tree=82
num_leaves=31
num_cat=0
split_feature=310 288 192 155 239 192 119 264 108 205 297 186 204 115 191 102 245 308 197 229 182 288 224 110 327 111 255 0 129 184
split_gain=0.0904331 0.100789 0.120297 0.127411 0.126358 0.14315 0.202074 0.308604 0.331117 0.241958 0.233173 0.368423 0.186415 0.186122 0.195321 0.25295 0.313568 0.177073 0.175486 0.171437 0.163684 0.161117 0.152518 0.226498 0.134026 0.133009 0.131318 0.2327 0.122567 0.238962
threshold=0.050527430630289048 0.093572372554012337 0.026397625216739766 0.073960072970647425 0.048716628575332627 -0.0088990271748725282 -0.00090453993261860907 -0.01419772433171137 -0.015001794183633227 -0.0019956703357071949 -0.01001729767512591 -0.0082769941842731915 -0.00069713784905473095 -0.03625072093927445 -0.0045508038054877407 -0.034251813225038674 0.013202808987933605 -0.022554448285618808 0.0019898614545585222 0.050050497800851461 0.0020127473105388109 0.00070687249245028128 0.052436330615187203 -0.012969963912976669 -0.0066742492428725451 -0.0043256353982474597 -0.041220977691717238 5.8215644129176907 -0.029090896238065208 -0.0044363747562251614
decision_type=2 2 2 2 2 2 2 2 2 2 2 2 2 2 2 2 2 2 2 2 2 2 2 2 2 2 2 2 2 2
left_child=1 2 3 4 5 12 7 8 -7 -10 11 -9 28 -14 15 -15 -17 -12 20 21 -13 24 26 -24 -19 -23 27 -8 29 -1
right_child=-2 -3 -4 -5 -6 6 22 10 9 -11 17 18 13 14 -16 16 -18 19 -20 -21 -22 25 23 -25 -26 -27 -28 -29 -30 -31
leaf_value=-0.0048891127348179002 0.0012906783929562181 -0.0034609453208262991 0.0011723171009394677 -0.0037440438931807874 0.0011352361660957448 -0.0084411824989164691 -0.0059546199574304582 -0.0086483566812239603 -0.005802511796771017 9.268262884174676e-05 -0.002918745986147163 -0.00019502542418194937 -0.0042022479063410674 0.0017764486987143756 0.0012141896255809864 -0.0090852955100126555 -0.00033741171604820659 0.0016003838754259051 0.002030942713488536 0.0056015612720511851 -0.0063196404185146098 0.0057023844814726287 0.0010071305480475227 -0.006103255211686095 -0.0032222115496337855 0.00030466242041438823 0.00059243215548687321 0.0011645680453511887 0.0020465853422421913 0.0028400850389152764
leaf_weight=20 126 22 178 25 170 29 22 20 28 46 30 24 31 25 117 20 21 25 29 20 20 21 21 24 34 25 370 24 173 20
leaf_count=20 126 22 178 25 170 29 22 20 28 46 30 24 31 25 117 20 21 25 29 20 20 21 21 24 34 25 370 24 173 20
internal_value=2.99394e-12 -9.9526e-05 -5.36505e-05 -0.000205828 -0.000143049 -0.000318439 -0.000708171 -0.00161212 -0.00391263 -0.00213793 -0.000656667 -0.00263595 0.000422691 -0.000619579 -1.26784e-05 -0.00218758 -0.00460467 0.000530902 -0.000988713 0.00135882 -0.00297894 0.000550677 -1.99143e-05 -0.00278508 -0.00117874 0.00276884 0.000279202 -0.00224026 0.00146985 -0.00102451
internal_weight=1760 1634 1612 1434 1409 1239 812 351 103 74 248 93 427 214 183 66 41 155 73 125 44 105 461 45 59 46 416 46 213 40
internal_count=1760 1634 1612 1434 1409 1239 812 351 103 74 248 93 427 214 183 66 41 155 73 125 44 105 461 45 59 46 416 46 213 40
is_linear=0
shrinkage=0.05


Tree=83
num_leaves=31
num_cat=0
split_feature=251 278 278 218 288 90 250 133 262 197 85 291 103 199 309 253 295 191 106 256 261 237 292 313 129 163 300 82 239 279
split_gain=0.0881873 0.0949809 0.120257 0.1459 0.117458 0.113305 0.111704 0.0965494 0.119123 0.368715 0.113083 0.116975 0.16934 0.14103 0.207923 0.226288 0.190414 0.353206 0.166768 0.15399 0.220046 0.171778 0.149858 0.176774 0.15032 0.149465 0.128676 0.17853 0.148936 0.186458
threshold=-0.10484175010389062 -0.097628482071715664 -0.058549956924188719 0.028328656272432525 0.093572372554012337 -0.30197436243001147 0.012557150590811611 0.061983335360939341 0.080458698753615901 -0.0030915315952082687 -0.44424611500253125 0.023538480547651151 -0.094572783944342181 0.001914974590822627 0.012400894846582303 -0.051331763469349152 0.012575838205534907 -0.0045508038054877407 0.10072941190815972 0.007582912714416949 0.015290399261044921 -0.0024322240177833587 -0.018812630212682275 0.043117005015236805 -0.04149411587533982 -0.0089377167654485067 0.016513472693098545 -0.19660115685597362 0.011130905300119556 0.003644377084383929
decision_type=2 2 2 2 2 2 2 2 2 2 2 2 2 2 2 2 2 2 2 2 2 2 2 2 2 2 2 2 2 2
left_child=-1 -2 3 6 5 -4 -3 8 10 -10 -7 13 -13 18 15 -15 19 -18 22 -17 21 -21 -12 24 -24 -19 28 -28 -26 -30
right_child=1 2 4 -5 -6 7 -8 -9 9 -11 11 12 -14 14 -16 16 17 25 -20 20 -22 -23 23 -25 26 -27 27 -29 29 -31
leaf_value=0.0027836305463487016 -0.0031045745024457574 0.0020547890173144303 -0.0036948874947570621 0.0054494064168206287 -0.0037248193720270969 0.003715786247048527 -0.0024518565140897409 0.0015303945894048253 0.0013236376555421604 -0.0077064703940413898 0.0015987891081900381 -0.0036731188010890037 0.0010810985980140809 -0.0063548172523345174 0.00055450430229112956 0.00053008615599109746 -0.0075231851258825873 -0.0040628361873901809 -0.0040965945660983299 -0.0037243524959194477 -0.0066391257192229937 0.0026781906995562502 -0.0033825801663373693 -0.0043267544388072565 0.00034522146768368317 0.00076088515384721436 0.0060972705238964411 0.00084088005153587031 0.00061134894106847548 -0.0053945428342558445
leaf_weight=28 25 44 21 21 22 20 20 97 26 20 169 20 295 24 153 136 31 26 22 20 21 22 29 24 226 42 20 84 24 28
leaf_count=28 25 44 21 21 22 20 20 97 26 20 169 20 295 24 153 136 31 26 22 20 21 22 29 24 226 42 20 84 24 28
internal_value=2.68952e-12 -4.5001e-05 -1.91733e-07 0.00183307 -9.62629e-05 -4.63702e-05 0.000646462 2.15342e-06 -9.78732e-05 -0.0026025 -1.76415e-05 -7.03735e-05 0.000779244 -0.000313452 -0.000963092 -0.00168419 -0.00130803 -0.00309995 0.000179485 -0.000416567 -0.00246013 -0.000370639 0.000335237 -0.000155661 8.79069e-05 -0.00108348 0.000351373 0.00185172 -0.000209909 -0.00262259
internal_weight=1760 1732 1707 85 1622 1600 64 1579 1482 46 1436 1416 315 1101 475 322 298 99 626 199 63 42 604 435 411 68 382 104 278 52
internal_count=1760 1732 1707 85 1622 1600 64 1579 1482 46 1436 1416 315 1101 475 322 298 99 626 199 63 42 604 435 411 68 382 104 278 52
is_linear=0
shrinkage=0.05


Tree=84
num_leaves=31
num_cat=0
split_feature=286 138 292 166 266 257 266 87 316 128 128 222 285 169 169 151 90 90 240 108 95 208 226 121 295 122 117 319 109 288
split_gain=0.0828675 0.158348 0.134713 0.263095 0.204692 0.172577 0.130338 0.189705 0.185818 0.127466 0.174482 0.402333 0.166138 0.177438 0.175099 0.225346 0.165537 0.237774 0.151235 0.169278 0.150221 0.176277 0.281964 0.275208 0.219704 0.217068 0.332912 0.133095 0.127001 0.137146
threshold=-0.018029238245390558 -0.088530958170474155 0.050630747015515676 -0.0060013979801263806 0.00025911800217910956 0.031305146719592128 -0.0095104502980581079 0.015528499173895796 0.0060728673795786168 -0.031616796507429955 -0.025712397706154914 0.0015775692214399434 0.086689547422938606 0.0034881797017278014 0.0014315701281572368 0.0019602756169297859 -0.0065976656516633205 0.0013142402174791076 -0.019066133337835092 -0.0050803790455301798 0.022849331282343736 0.0083726003499463939 0.012363010915242485 -0.025245356344144692 0.0090462842560861262 0.0080410301574717468 0.015405619147674932 0.003771838366408228 -0.02404405657975878 0.0029451696500374545
decision_type=2 2 2 2 2 2 2 2 2 2 2 2 2 2 2 2 2 2 2 2 2 2 2 2 2 2 2 2 2 2
left_child=2 -2 5 -4 -5 6 7 8 -1 16 11 -11 13 14 20 -16 -3 -18 19 -15 21 22 25 -24 -25 26 -12 28 -22 -30
right_child=1 9 3 4 -6 -7 -8 -9 -10 10 12 -13 -14 18 15 -17 17 -19 -20 -21 27 -23 23 24 -26 -27 -28 -29 29 -31
leaf_value=-0.00049472840316593656 -0.0040693186438427523 0.0025430125011572323 0.0027916941123650126 -0.00013409256003797055 -0.0070504245634251481 0.0036932323860332408 0.0012360325375699954 0.00068951255903812133 -0.0069607176375575371 0.00082524145597874716 -0.00034762719934895779 -0.0080996921602332888 -0.004714247854426503 0.00044116075427155007 -0.00087069339565727308 -0.007559319675201551 -0.0049576903427474795 0.00087438922623679161 0.00023314553653681414 0.005101264622690475 -0.0028087817174805838 0.00067489950329653093 0.0004006654367826525 -0.0036602806693328358 -0.010472262331750245 0.0013260299272933251 -0.0064039459151899797 0.0027176545874681326 -0.00085476993975916828 0.0028610881450772882
leaf_weight=25 26 95 23 20 23 49 229 80 20 28 78 23 20 40 34 20 22 85 292 38 33 115 21 29 20 79 32 60 57 44
leaf_count=25 26 95 23 20 23 49 229 80 20 28 78 23 20 40 34 20 22 85 292 38 33 115 21 29 20 79 32 60 57 44
internal_value=1.42367e-13 -0.00020679 0.000569223 -0.00152474 -0.00383353 0.000912155 0.000527203 -0.000771372 -0.0033685 -0.000127402 -0.000346193 -0.00319973 -0.000202389 -0.000111424 -0.000627179 -0.00334796 0.00102396 -0.00032473 0.000755603 0.00271147 -0.000368513 -0.000954147 -0.00167747 -0.00438828 -0.00644068 -0.000673465 -0.00210947 0.000760492 -0.000115849 0.00076402
internal_weight=1760 1291 469 66 43 403 354 125 45 1265 1063 51 1012 992 622 54 202 107 370 78 568 374 259 70 49 189 110 194 134 101
internal_count=1760 1291 469 66 43 403 354 125 45 1265 1063 51 1012 992 622 54 202 107 370 78 568 374 259 70 49 189 110 194 134 101
is_linear=0
shrinkage=0.05


Tree=85
num_leaves=31
num_cat=0
split_feature=231 244 122 147 125 88 95 226 153 113 242 326 316 251 312 102 300 234 184 310 286 304 306 256 315 2 106 335 85 130
split_gain=0.0805292 0.176528 0.146147 0.329799 0.168321 0.207503 0.318643 0.394365 0.264215 0.164739 0.187706 0.186086 0.220781 0.155268 0.219419 0.14399 0.178722 0.268497 0.161024 0.151209 0.183264 0.131235 0.170401 0.170977 0.170551 0.152803 0.150232 0.19151 0.23395 0.160993
threshold=0.0058660203887028741 0.086129774494485514 -0.052854702235444619 0.0020710840563004178 -0.0014508660947122559 -0.009719514557971879 -0.0050271327572931667 -0.0032568915751046801 -0.0058510768010669517 -0.024688136042069046 0.041455187200203886 0.013229325089558592 0.0044847395036435858 -0.0021685211168989715 -0.0076507028902499897 -0.0026272631239579332 -0.0096520966452292474 0.044832277690088851 0.0069223657655721462 -0.016388483259147695 0.010868505165462179 -0.019904654754214511 -0.049721032239801108 -0.039603957904236826 -0.0078952806559551333 5.7087686410618739 -0.010960370686943605 0.018360441415296379 -0.028535237193026437 0.035324652783244655
decision_type=2 2 2 2 2 2 2 2 2 2 2 2 2 2 2 2 2 2 2 2 2 2 2 2 2 2 2 2 2 2
left_child=1 2 3 -1 5 9 7 8 -7 -4 11 -11 -13 14 -8 -6 -17 18 19 -18 -21 -2 -23 24 -24 26 27 -25 -29 -28
right_child=21 -3 4 -5 15 6 13 -9 -10 10 -12 12 -14 -15 -16 16 17 -19 -20 20 -22 22 23 25 -26 -27 29 28 -30 -31
leaf_value=0.00029137556585937555 0.0016615060138076177 0.0032215393414454802 0.0041850513643690978 -0.0066757321951846629 0.0011364084581441684 0.0022490310283111675 0.0011305427586194127 -0.00963352145985342 -0.0048841089105682092 0.0014886542631376704 -0.0042522537599628176 0.0006534666751241802 -0.0051394480039718858 0.0008737216907320545 -0.00583546937783607 0.0016291456071792735 0.001777671159860412 -0.0065069949550723488 0.0023289326827378117 -0.0011572770176556063 -0.0061853298563316157 -0.0038312519005827468 -0.0046460741525868694 0.00082466066871789015 0.00018300258358599757 -0.0025302337469266995 0.0027573716001487421 -0.0065440760991557255 0.00052558785001747307 -0.0011248113770940991
leaf_weight=41 163 35 22 29 283 21 20 26 34 110 27 38 29 76 26 71 28 22 36 74 24 27 33 169 41 35 140 22 25 33
leaf_count=41 163 35 22 29 283 21 20 26 34 110 27 38 29 76 26 71 28 22 36 74 24 27 33 169 41 35 140 22 25 33
internal_value=-1.54097e-12 -0.000270949 -0.000388824 -0.002595 -0.000229122 -0.000967856 -0.00212813 -0.00455928 -0.00216055 7.43362e-05 -0.000368976 0.000223388 -0.00185391 -0.000514004 -0.00280677 0.000359942 -0.000501783 -0.00132404 -0.000620185 -0.00146279 -0.00238864 0.000422176 3.73935e-05 0.000247139 -0.0019705 0.000634181 0.000918897 3.95263e-05 -0.00278362 0.00201684
internal_weight=1760 1072 1037 70 967 429 203 81 55 226 204 177 67 122 46 538 255 184 162 126 98 688 525 498 74 424 389 216 47 173
internal_count=1760 1072 1037 70 967 429 203 81 55 226 204 177 67 122 46 538 255 184 162 126 98 688 525 498 74 424 389 216 47 173
is_linear=0
shrinkage=0.05


Tree=86
num_leaves=31
num_cat=0
split_feature=251 318 288 253 118 203 253 303 147 187 281 123 331 218 113 7 317 316 324 199 205 197 9 205 311 290 244 220 312 142
split_gain=0.0785731 0.0843478 0.106206 0.0959608 0.145362 0.124104 0.184172 0.183302 0.183452 0.3114 0.155635 0.157194 0.140184 0.166672 0.15445 0.153608 0.150897 0.167447 0.124282 0.152025 0.120524 0.154423 0.173684 0.267504 0.115005 0.116043 0.111346 0.11131 0.180583 0.12283
threshold=-0.10484175010389062 0.074625373629898142 0.093572372554012337 -0.021790215401191377 0.046279673196866315 7.4349562267278976e-05 -0.016558607840338673 -0.06665421928653982 0.022843636688625442 -0.0061689101661581989 0.040919801599206017 0.010435895010101587 -0.0032247764919172027 0.0160097363655889 -0.025263372252157648 0.031209415584415586 0.010154076332638229 0.0027272199375650073 0.0049565119855628269 0.010534209957568567 -0.0010419608455150106 -0.01612195175600473 0.023188600618362688 -0.0086588346128208624 -0.017813725166970464 0.0037636719343746173 -0.020757736140166527 -0.022648555285896089 -0.010298117996797846 0.0064939847690845482
decision_type=2 2 2 2 2 2 2 2 2 2 2 2 2 2 2 2 2 2 2 2 2 2 2 2 2 2 2 2 2 2
left_child=-1 2 3 4 20 6 -5 -8 10 -10 -9 -12 13 18 -14 -16 17 -15 19 -7 21 -2 -23 -24 25 -22 -20 28 -17 -30
right_child=1 -3 -4 5 -6 12 7 8 9 -11 11 -13 14 16 15 27 -18 -19 26 -21 24 22 23 -25 -26 -27 -28 -29 29 -31
leaf_value=0.0026275167915238338 0.0028609065927513357 0.002631398416545788 -0.0033906222352622232 -0.0049711222010664644 -0.0024768876656889919 0.00021448466699499418 -0.0048694794444600125 0.00024318164341202402 -0.00701110891758516 -0.00021895290106638439 -0.00033055624075894877 -0.0058568528990938585 -0.002215696136201067 -0.0015669813652619208 -0.0026344891880517424 -0.00039903609102348922 0.00069922977418173109 -0.007279765083576026 -0.00084500570041307261 -0.003550907391763758 0.0013850147982261011 0.00092749240171138402 -0.00022481668575589236 -0.0065952892970437037 0.00089005964414034578 0.0055177946292767023 0.0026957049285556423 0.0010167038475628943 0.0072511499784283203 0.002335055864144427
leaf_weight=28 36 29 24 25 35 91 24 441 27 45 31 22 35 29 23 23 24 23 34 38 35 72 45 26 142 33 64 205 27 24
leaf_count=28 36 29 24 25 35 91 24 441 27 45 31 22 35 29 23 23 24 23 34 38 35 72 45 26 142 33 64 205 27 24
internal_value=4.79552e-13 -4.24772e-05 -8.801e-05 -4.08017e-05 0.000609523 -0.000260513 -0.000767729 -0.000589619 -0.000408141 -0.00276601 -6.44836e-05 -0.00262449 0.000226889 -0.000553521 0.000928564 0.00129297 -0.0025802 -0.00409379 0.000125016 -0.000894701 0.000887221 -6.60457e-05 -0.000802901 -0.00255767 0.00169977 0.00339063 0.0014673 0.00161673 0.00327898 0.00493769
internal_weight=1760 1732 1703 1679 424 1255 615 590 566 72 494 53 640 303 337 302 76 52 227 129 389 179 143 71 210 68 98 279 74 51
internal_count=1760 1732 1703 1679 424 1255 615 590 566 72 494 53 640 303 337 302 76 52 227 129 389 179 143 71 210 68 98 279 74 51
is_linear=0
shrinkage=0.05


Tree=87
num_leaves=31
num_cat=0
split_feature=197 258 149 198 198 246 160 246 160 113 336 196 203 202 140 317 118 283 307 151 197 85 278 177 47 7 332 119 275 252
split_gain=0.0800314 0.128514 0.144486 0.101975 0.128882 0.132868 0.119109 0.20936 0.15411 0.249948 0.142488 0.137634 0.217232 0.134131 0.22288 0.168141 0.156793 0.235173 0.158295 0.15835 0.229645 0.127936 0.131131 0.120046 0.119928 0.117002 0.112234 0.108531 0.113722 0.11177
threshold=0.033387157146936026 0.013247980762219518 0.0062501586455602472 -0.0253480217341625 -0.022427225738518328 -0.12891518288634171 0.01082976459868871 0.089497679825560769 0.008327214313076212 0.0017463943819400073 0.06980477321159724 -0.026770935572628152 0.0036346395492110229 -0.0049246544675377096 0.04939728533779144 0.047427803146795081 0.042839035527070531 -0.0083495211440174997 0.04308870112178266 0.015291155690844204 0.012352587687879843 0.22670949425984574 -0.0017340367001555609 0.010914875162198875 1.0000000180025095e-35 0.75863723242076653 0.035914843959846669 -0.060473456257371667 0.082647478765745519 -0.021265912298436301
decision_type=2 2 2 2 2 2 2 2 2 2 2 2 2 2 2 2 2 2 2 2 2 2 2 2 2 2 2 2 2 2
left_child=3 -2 -3 26 -5 -6 7 8 10 -10 13 12 -8 15 16 -7 17 -15 19 20 21 23 -23 24 25 -19 -1 -13 29 -29
right_child=1 2 -4 4 5 6 11 -9 9 -11 -12 27 -14 14 -16 -17 -18 18 -20 -21 -22 22 -24 -25 -26 -27 -28 28 -30 -31
leaf_value=0.0017215506984516547 0.0021944164996663558 0.0014065290747033755 -0.0039669784267475318 -0.0036537688410909919 -0.0037799611344235019 0.0012669304501955086 0.00067736449584897078 -0.0046152022669236339 1.2142476144021956e-05 -0.0071504597230592666 -0.0042067311676440853 -0.0022821687376283358 -0.0056631493106992408 0.0014358473695594714 -0.0048181645842435379 -0.003503998444066383 -0.0033831222272301849 -0.00075219207174530137 -0.0042187058960177727 0.0020106795432819229 -0.005544886060990393 -0.0004273561998270452 -0.00585916284006089 0.0027193245823986622 -0.003818920705184017 0.0031551543204113839 -0.0018794011055993346 0.0028309292746112186 -0.0026217566296691079 0.00077925476103963469
leaf_weight=129 96 29 22 27 25 241 35 29 29 21 21 26 22 180 28 20 37 82 31 53 25 25 20 36 23 25 26 86 20 291
leaf_count=129 96 29 22 27 25 241 35 29 29 21 21 26 22 180 28 20 37 82 31 53 25 25 20 36 23 25 26 86 20 291
internal_value=-5.02268e-12 0.00111687 -0.000911455 -0.000101785 -0.00023141 -0.000166837 -0.000102592 -0.000433925 -0.000298744 -0.00299615 -0.000139512 0.000536604 -0.00176985 -3.61076e-05 -0.00046916 0.000901342 -0.000242396 -9.98207e-06 -0.000823261 -0.000459044 -0.00101369 -0.000476813 -0.00284149 0.000164215 -0.000543354 0.000160739 0.00111752 0.000847403 0.00105236 0.00124728
internal_weight=1760 147 51 1613 1458 1431 1406 926 897 50 847 480 57 826 565 261 537 500 320 289 236 211 45 166 130 107 155 423 397 377
internal_count=1760 147 51 1613 1458 1431 1406 926 897 50 847 480 57 826 565 261 537 500 320 289 236 211 45 166 130 107 155 423 397 377
is_linear=0
shrinkage=0.05


Tree=88
num_leaves=31
num_cat=0
split_feature=310 288 192 241 120 155 250 250 191 111 246 320 227 122 196 241 106 141 56 150 233 227 127 211 306 228 11 292 252 128
split_gain=0.0750309 0.122523 0.102774 0.110637 0.116105 0.107075 0.100429 0.267999 0.280156 0.261368 0.213915 0.313455 0.163749 0.149885 0.145549 0.140936 0.138606 0.154995 0.141429 0.112923 0.139626 0.172994 0.258944 0.155229 0.151808 0.176765 0.222541 0.248357 0.155214 0.193005
threshold=0.043560545665558788 0.093572372554012337 0.026397625216739766 -0.03542157834971521 0.024299387089023065 0.073960072970647425 -0.031255655718349346 -0.011684321805089585 0.0040114460176964321 -0.026011627404173166 -0.0072083044102161783 0.0038295931703563233 0.029480552083026652 0.01722001211445531 0.0064832003592732125 -0.0065720321407399347 0.084115779636165247 0.0027873523683665667 0.89587973461402759 -0.019596263832277593 0.0018822440763734882 0.0073105341772767242 -0.006094253673973195 0.034389123413598906 -0.034831678631484328 -0.0078890030319381209 3.6266025641025643 0.028567461475570977 -0.002442172966716193 -0.0012712216342968239
decision_type=2 2 2 2 2 2 2 2 2 2 2 2 2 2 2 2 2 2 2 2 2 2 2 2 2 2 2 2 2 2
left_child=1 2 5 -4 -5 6 12 8 9 -8 15 -12 -1 -10 -14 -11 18 -18 19 -9 23 -22 -23 24 -21 -26 27 28 29 -27
right_child=-2 -3 3 4 -6 -7 7 16 13 10 11 -13 14 -15 -16 -17 17 -19 -20 20 21 22 -24 -25 25 26 -28 -29 -30 -31
leaf_value=0.001631925844228773 0.0010288332694178297 -0.0039925233749090695 0.0035970407128999276 0.0011792387575648416 -0.0023640962301528659 -0.0035090952131819602 -0.0068216444914772486 0.0011840363977181198 0.0017794728038068336 -0.0024595180033849411 -0.00091777649326508668 -0.0080445784489037823 0.00039129143783089816 -0.0027433272494118473 -0.003911324730945815 0.0025322120283700288 -0.0052771121808327737 0.00018647706170600873 0.0038505778016210222 0.0021563875054804765 0.0021951819353239234 -0.0044848306585223447 0.00095858040440361953 -0.0037814776198222089 0.00076873812745064155 -0.0051166344313295911 -0.0056441698989440356 -0.0050700008936767141 0.0014817849932620044 0.00044319590261029837
leaf_weight=174 161 20 35 114 29 24 36 185 62 26 36 27 61 26 29 31 25 27 26 48 109 31 74 39 107 27 31 31 72 37
leaf_count=174 161 20 35 114 29 24 36 185 62 26 36 27 61 26 29 31 25 27 26 48 109 31 74 39 107 27 31 31 72 37
internal_value=5.58388e-12 -0.000103591 -5.43329e-05 0.00107736 0.00046066 -0.000198117 -0.00014041 -0.000348373 -0.00181259 -0.00308507 -0.0019641 -0.00397212 0.000736346 0.000443191 -0.000995107 0.000255283 6.27516e-05 -0.00244025 0.000222061 0.000102793 -0.00022729 0.000799907 -0.000648522 -0.000788055 -0.000457337 -0.000868678 -0.00175354 -0.00103133 -0.000110753 -0.00190236
internal_weight=1760 1599 1579 178 143 1401 1377 1113 244 156 120 63 264 88 90 57 869 52 817 791 606 214 105 392 353 305 198 167 136 64
internal_count=1760 1599 1579 178 143 1401 1377 1113 244 156 120 63 264 88 90 57 869 52 817 791 606 214 105 392 353 305 198 167 136 64
is_linear=0
shrinkage=0.05


Tree=89
num_leaves=31
num_cat=0
split_feature=150 246 267 174 327 8 325 240 328 128 84 140 176 113 151 282 146 127 67 124 124 118 261 283 232 272 130 61 175 161
split_gain=0.0733641 0.145591 0.139592 0.168226 0.169057 0.235696 0.141186 0.134388 0.129307 0.21475 0.182614 0.283057 0.1815 0.155409 0.127811 0.120116 0.147867 0.207132 0.10975 0.109214 0.243695 0.126835 0.116697 0.218998 0.18707 0.154239 0.135058 0.122242 0.112105 0.101674
threshold=0.012538262904093975 -0.12891518288634171 -0.019129917629366004 -0.013836739658395639 0.0060445942267294784 0.0063301282051282061 0.0076567820463112292 -0.020986291665260105 -0.017594158903513003 0.060703092920026548 0.1454547556789991 0.0039407828589303482 0.028189701438033368 0.026707100976389581 0.013946194817023026 -0.0077145657655903433 -0.0025341751916868886 -0.0057743580716550181 1.0000000180025095e-35 0.016376954655676301 0.013657526584261698 0.040714875284981404 -0.013338734960094073 0.0042160310857534888 -0.0041424180694857498 0.056986904989602294 0.012225459623365227 3.0201273556387074 0.023882324072215928 0.010315759657379979
decision_type=2 2 2 2 2 2 2 2 2 2 2 2 2 2 2 2 2 2 2 2 2 2 2 2 2 2 2 2 2 2
left_child=1 -1 3 -2 5 -5 -6 -4 9 10 12 14 -3 19 -12 16 -9 -18 -17 20 21 22 23 -10 -25 26 28 -28 29 -24
right_child=2 8 7 4 6 -7 -8 15 13 -11 11 -13 -14 -15 -16 18 17 -19 -20 -21 -22 -23 25 24 -26 -27 27 -29 -30 -31
leaf_value=-0.0043347961601934264 -0.0048137371936305007 0.00063203601433006089 0.0032205500138797246 -0.0060887328666550198 0.0033241150511788549 0.00027419485024523079 -0.0017424635420320558 0.00093506497060469188 0.0030174313061048881 -0.0057751427125450313 -0.0025866063150932037 -0.0058942332788295042 -0.0039012590590864421 0.0027414243234406143 0.0029983638873090968 0.0041890808854562539 -0.0057731840195349203 0.00047944808999697373 0.0008780592747205338 0.0012611275971696186 -0.0043837220582645386 -0.0031192908016237199 -0.00095527115869059414 -0.0032938699053071709 0.0016455276108278735 -0.0045812381966970862 0.00053300666242273389 0.0044969144702443611 -0.0039651228891064731 0.0011777566364035012
leaf_weight=21 22 189 59 22 44 43 20 68 85 22 21 37 25 55 20 30 26 27 151 143 34 32 219 36 41 20 126 23 24 75
leaf_count=21 22 189 59 22 44 43 20 68 85 22 21 37 25 55 20 30 26 27 151 143 34 32 219 36 41 20 126 23 24 75
internal_value=8.21852e-13 -0.000206768 0.000503997 -0.000772531 -8.3333e-05 -0.00187941 0.00174081 0.00103795 -0.000136117 -0.00101136 -0.000652448 -0.00272357 0.000102445 0.000164898 0.000137769 0.000611543 -0.000608044 -0.00258788 0.00142685 -2.63531e-07 -0.000252542 -4.62861e-05 0.000105233 0.00126771 -0.000663801 -0.000281463 -9.73184e-05 0.00114489 -0.000679357 -0.000411131
internal_weight=1760 1248 512 151 129 65 64 361 1227 314 292 78 214 913 41 302 121 53 181 858 715 681 649 162 77 487 467 149 318 294
internal_count=1760 1248 512 151 129 65 64 361 1227 314 292 78 214 913 41 302 121 53 181 858 715 681 649 162 77 487 467 149 318 294
is_linear=0
shrinkage=0.05


Tree=90
num_leaves=31
num_cat=0
split_feature=251 278 278 218 133 262 197 128 291 134 90 101 318 258 144 53 247 170 127 199 118 102 89 244 186 238 261 328 207 216
split_gain=0.0717694 0.0763477 0.0982781 0.114296 0.092892 0.113195 0.325773 0.100863 0.0999346 0.133568 0.111718 0.116314 0.304291 0.177583 0.141256 0.119644 0.132708 0.150751 0.175074 0.214858 0.170889 0.182004 0.362555 0.169906 0.162814 0.180065 0.154083 0.183263 0.148685 0.175411
threshold=-0.10484175010389062 -0.097628482071715664 -0.058549956924188719 0.028328656272432525 0.061983335360939341 0.080458698753615901 -0.0030915315952082687 0.016990201627583339 0.044868161674059513 -0.075502759737083147 -0.23200271006496506 -0.031391122098522822 0.0049493862319978732 -0.00079387957381879537 0.0048655381946436935 0.89587973461402759 0.019112157964398534 0.0012626965656589203 0.036272086795309834 0.027669013877998257 -0.013022175305150071 -0.024938545586035584 0.023133780978063827 0.020625842990497547 -0.00017111715365528723 0.023194644587392892 0.0036928396787133683 -0.0056344136639400414 0.0027732420130207607 -0.0082505496118732945
decision_type=2 2 2 2 2 2 2 2 2 2 2 2 2 2 2 2 2 2 2 2 2 2 2 2 2 2 2 2 2 2
left_child=-1 -2 3 -3 5 8 -7 -6 9 -4 -11 12 13 -12 -15 16 17 18 19 24 -19 22 -22 -23 25 26 27 -13 -26 -30
right_child=1 2 4 -5 7 6 -8 -9 -10 10 11 15 -14 14 -16 -17 -18 20 -20 -21 21 23 -24 -25 28 -27 -28 -29 29 -31
leaf_value=0.0025111828872468323 -0.0027836919734254479 0.00060660732465294136 0.0033782407753169537 0.0048576469915652919 0.0026791649174022804 0.0011427548583014869 -0.0072302276379473153 -0.00064012273120366654 0.0011359583817889647 -0.0034941080578223421 0.0040937505429610608 -0.008394358238286298 -0.005558888750642331 -0.0041746573692459299 0.0015149057432427072 0.0036349453342457618 0.00062716980400532956 0.0021847801665509387 0.0011470931328350323 -0.0058258234714490499 -0.00046144725019425656 0.0009846682948086204 -0.0080182823790459056 -0.0032687846659596462 0.0011382661005910975 0.0015563525366596878 -0.0014665995057864191 -0.0029079076520995136 -0.0053611310455986922 -2.6647654955186664e-06
leaf_weight=28 25 64 25 21 60 26 21 37 146 27 20 23 36 24 20 21 358 84 68 28 65 180 21 27 95 25 74 45 24 42
leaf_count=28 25 64 25 21 60 26 21 37 146 27 20 23 36 24 20 21 358 84 68 28 65 180 21 27 95 25 74 45 24 42
internal_value=-3.16463e-12 -4.05965e-05 -4.22277e-07 0.00165686 -8.72714e-05 -0.000182701 -0.00259836 0.00141304 -0.000105884 -0.000242002 -0.000311249 -0.000244111 -0.00188139 0.000187209 -0.00158849 -0.000105358 -0.000173129 -0.000530816 -0.00117762 -0.00162166 0.000196622 -0.000373361 -0.00230672 0.00042987 -0.00126277 -0.00235656 -0.00304545 -0.00476362 -0.000128222 -0.0019512
internal_weight=1760 1732 1707 85 1622 1525 47 97 1478 1332 1307 1280 100 64 44 1180 1159 801 424 356 377 293 86 207 328 167 142 68 161 66
internal_count=1760 1732 1707 85 1622 1525 47 97 1478 1332 1307 1280 100 64 44 1180 1159 801 424 356 377 293 86 207 328 167 142 68 161 66
is_linear=0
shrinkage=0.05


Tree=91
num_leaves=31
num_cat=0
split_feature=214 120 263 236 233 280 320 205 82 302 320 165 249 327 289 315 288 276 197 145 307 117 290 171 311 116 207 87 246 132
split_gain=0.0708081 0.0766953 0.120796 0.116958 0.147258 0.195286 0.10805 0.180788 0.218181 0.122157 0.117712 0.127671 0.148369 0.118856 0.160523 0.128867 0.127586 0.215956 0.211302 0.162325 0.147678 0.185983 0.242546 0.140351 0.132023 0.127456 0.121783 0.120257 0.117236 0.146689
threshold=0.35438678839621657 -0.023840488902964946 -0.087549185342234381 0.032224108775917824 -0.0085186350165261555 0.0078608498031204222 0.023471106853290492 0.043119475581648817 0.39282480130396485 -0.057323135023891116 0.018790647122590605 0.027473600207517851 -0.076043856900213272 0.060941810534195 0.069398909096933456 0.039840763684520351 0.015690885265957234 -0.0021002592924308605 0.0047152755087447257 -0.0039620713582921999 -0.011935419781099842 0.015405619147674932 0.006743632982002248 -0.004130653866761487 0.015564295632739525 0.012738444948850352 0.0034868360887352766 0.039977727795422607 -0.045371525771418508 0.017889910252177184
decision_type=2 2 2 2 2 2 2 2 2 2 2 2 2 2 2 2 2 2 2 2 2 2 2 2 2 2 2 2 2 2
left_child=1 3 -3 -1 5 -5 10 8 9 -8 11 12 -4 14 15 16 19 -18 27 28 25 24 23 -23 26 -21 -22 -19 -14 -30
right_child=-2 2 6 4 -6 -7 7 -9 -10 -11 -12 -13 13 -15 -16 -17 17 18 -20 20 21 22 -24 -25 -26 -27 -28 -29 29 -31
leaf_value=0.0010666924305957402 0.0026972701890069103 -0.0030404348257925939 -0.0036498421352476845 -0.0061077771727771814 0.00073294368751633629 0.0002706662111449987 -0.0034765731579998668 -0.0056334981974214314 -0.0044421782251447437 0.00039937534698401584 0.0025282646943022439 0.0014333691604335838 0.0041470025355617203 0.0029109015114485259 -0.0044563425622816963 0.0022075053029270335 0.00028937192263482658 -0.0041363237169571221 -0.0068794337743572119 -0.00013900040454852087 -0.00095817341390366274 -0.004358059164369479 -0.0078073041831058544 0.0014292498330839656 -0.0043286994658410551 0.004323615657752574 0.0017558508263450239 0.0012206895647316495 0.0014418625868282541 -0.0015945471567748528
leaf_weight=303 24 37 31 24 65 24 23 20 33 175 47 129 27 31 22 55 72 20 29 48 124 20 22 22 20 24 62 22 151 54
leaf_count=303 24 37 31 24 65 24 23 20 33 175 47 129 27 31 22 55 72 20 29 48 124 20 22 22 20 24 62 22 151 54
internal_value=-7.44907e-13 -3.72895e-05 -0.000223858 0.000554708 -0.000818136 -0.00291856 -0.000142632 -0.00107304 -0.000678192 -5.08611e-05 8.36584e-05 -3.29878e-05 -0.000253969 -0.000126367 -0.00024495 -0.000124936 -0.000303855 -0.00164014 -0.00359683 2.9053e-05 -0.000663475 -0.00120001 -0.00355435 -0.00132661 -0.000468567 0.00134854 -5.34987e-05 -0.00133027 0.00104993 0.000642028
internal_weight=1760 1736 1320 416 113 48 1283 251 231 198 1032 985 856 825 794 772 717 143 71 574 342 270 64 42 206 72 186 42 232 205
internal_count=1760 1736 1320 416 113 48 1283 251 231 198 1032 985 856 825 794 772 717 143 71 574 342 270 64 42 206 72 186 42 232 205
is_linear=0
shrinkage=0.05


Tree=92
num_leaves=31
num_cat=0
split_feature=231 244 122 147 125 87 307 294 126 125 213 92 302 113 82 102 89 9 201 331 306 128 198 205 332 172 89 211 116 8
split_gain=0.0676157 0.1391 0.12376 0.266538 0.129787 0.15693 0.198675 0.21977 0.211284 0.151351 0.360933 0.177276 0.130166 0.124597 0.191666 0.120346 0.225383 0.172585 0.130808 0.129795 0.151511 0.143478 0.133992 0.106838 0.164526 0.164282 0.179103 0.136466 0.144506 0.16249
threshold=0.0058660203887028741 0.086129774494485514 -0.052854702235444619 0.0020710840563004178 -0.0014508660947122559 -0.0038041082050223637 0.031019600607049745 0.009620516425437509 0.0022717628558116799 -0.0065565923922853387 0.00064103352515331152 -0.058000884280154125 0.02151999974883087 -0.02642197296945226 -0.16557924492880619 -0.0026272631239579332 0.041642140651460963 0.022409708313393246 0.014487385652639071 0.0037160779625599271 -0.0029652894293853674 -0.0033195992537722089 0.0022781662555569769 -0.0047225262336971123 -0.015481150718326906 0.0054812882811225037 -0.0091703892101261102 -0.19797072304103061 0.051884331730961103 0.013652036156928527
decision_type=2 2 2 2 2 2 2 2 2 2 2 2 2 2 2 2 2 2 2 2 2 2 2 2 2 2 2 2 2 2
left_child=1 2 3 -1 5 6 7 8 -4 11 -11 -7 15 -13 -15 18 19 -18 -6 20 -17 -22 -21 24 -2 26 -26 -25 -29 -30
right_child=23 -3 4 -5 12 9 -8 -9 -10 10 -12 13 -14 14 -16 16 17 -19 -20 22 21 -23 -24 27 25 -27 -28 28 29 -31
leaf_value=0.00021173307152533134 0.0014811659043372954 0.0028519320705839035 0.00091928381659796071 -0.0060516328872020908 0.0013100897887626597 -0.0037613200526684524 0.0016797459179845949 -0.0075500331595928106 -0.0045167237520217897 -0.0061473136151870417 0.0023424282121205973 0.0040043695671483871 0.0016752797362586892 -0.0039337807451374834 0.00081843986988476038 0.00075784675676307718 -0.0012096173022820783 -0.007627176796086133 -0.0019024160054798883 0.0040573044210517155 -0.0059627147197412952 -0.00060159864716787036 -0.00075200891255268031 -0.0023490402757400468 -0.0010861983437657813 0.00024828299722122167 -0.005823357289955311 0.0014699635071887787 -0.0042630580114200716 0.0010809931888202714
leaf_weight=41 76 35 33 29 169 25 24 24 39 31 21 25 132 24 183 48 22 20 39 30 24 26 28 31 53 84 32 354 25 33
leaf_count=41 76 35 33 29 169 25 24 24 39 31 21 25 132 24 183 48 22 20 39 30 24 26 28 31 53 84 32 354 25 33
internal_value=-1.1408e-12 -0.000248276 -0.000352911 -0.00238309 -0.000205949 -0.000854635 -0.00238919 -0.00340642 -0.00202522 -0.000258692 -0.00271876 0.000239066 0.000311311 0.000670142 0.000267458 -0.000132146 -0.00101446 -0.0042656 0.000707745 -0.000139149 -0.00124867 -0.00317493 0.00173557 0.000386848 -0.000450986 -0.00131988 -0.0028696 0.00085021 0.00109093 -0.00122248
internal_weight=1760 1072 1037 70 967 429 120 96 72 309 52 257 538 232 207 406 198 42 208 156 98 50 58 688 245 169 85 443 412 58
internal_count=1760 1072 1037 70 967 429 120 96 72 309 52 257 538 232 207 406 198 42 208 156 98 50 58 688 245 169 85 443 412 58
is_linear=0
shrinkage=0.05


Tree=93
num_leaves=31
num_cat=0
split_feature=129 83 166 155 289 207 208 288 321 205 104 181 87 330 103 87 205 299 252 276 140 266 231 287 294 233 330 243 282 149
split_gain=0.0650998 0.157764 0.127379 0.141909 0.285553 0.383059 0.159803 0.196484 0.136836 0.19073 0.188294 0.201749 0.12974 0.170908 0.11668 0.10759 0.170414 0.179424 0.113502 0.111873 0.104587 0.103527 0.103142 0.112876 0.0949558 0.134721 0.18415 0.159213 0.126987 0.107303
threshold=0.017345695884468614 -0.40812371028126931 0.047832927702365198 0.013864052796627861 0.010402322178746126 0.0010748472523812787 -0.015101671422751118 -0.011294834343774655 0.00080389952494692334 0.0011163573652528812 -0.0069370687348864332 -0.001198440310135731 0.04138810548701178 0.0013851042566896457 -0.11207749696741699 -0.11389174959035511 0.0023353873549761092 -0.0088951885954919856 0.097303300815337362 -0.0059308320306661723 0.01377991128338959 -0.0060759619737747531 0.0081866679315321812 -0.059180645627090529 -0.0047661867823962168 0.0018822440763734882 0.026259075694657904 0.034824060716586357 -0.0085712568722329813 -0.00083715944568736448
decision_type=2 2 2 2 2 2 2 2 2 2 2 2 2 2 2 2 2 2 2 2 2 2 2 2 2 2 2 2 2 2
left_child=14 -2 3 6 12 -6 7 -3 9 10 11 -8 13 -5 -1 16 17 -16 22 -18 -11 -19 23 -17 -25 26 27 28 -26 -30
right_child=1 2 -4 4 5 -7 8 -9 -10 20 -12 -13 -14 -15 15 18 19 21 -20 -21 -22 -23 -24 24 25 -27 -28 -29 29 -31
leaf_value=0.003722105009491434 0.0029789859293809823 0.00055425077950564661 0.0026336546818061767 -0.0049563357916971055 -0.010715715272817762 -0.00092976987536530953 -0.0084224713058210915 -0.005122678690989103 0.001540740326750399 0.0022197561654374348 3.6794075276702644e-05 -0.0014838294194884261 0.0016933676083948847 0.0011418786380090751 -0.0056047697751117611 -0.0034585626925532284 -0.0010155014941483386 -0.0033779407523979901 -0.0030609602380233508 0.002701154488661304 -0.001747168218328928 0.00010517284350726187 0.00114537165609363 0.00095492256184340457 0.0020008222238694934 0.00063547425987729841 -0.0045521608511027061 -0.0040426627293022139 0.00068415992384623014 -0.002828003277969655
leaf_weight=23 31 27 27 27 20 20 20 35 108 54 39 22 34 20 28 22 40 32 24 41 24 64 328 247 56 199 34 27 44 43
leaf_count=23 31 27 27 27 20 20 20 35 108 54 39 22 34 20 28 22 40 32 24 41 24 64 328 247 56 199 34 27 44 43
internal_value=3.2947e-12 -0.000477391 -0.000702019 -0.000902159 -0.00236627 -0.00582274 -0.000363687 -0.00265047 0.000167326 -0.000765559 -0.00246492 -0.00478794 -0.00065937 -0.00236135 0.000193702 0.00012767 -0.000917899 -0.00208304 0.000336988 0.000865769 0.000999164 -0.00105587 0.000418538 6.37745e-05 0.000182992 -0.000290127 -0.00119304 -0.000521217 0.000143671 -0.00105174
internal_weight=1760 508 477 450 121 40 329 62 267 159 81 42 81 47 1252 1229 205 124 1024 81 78 96 1000 672 650 403 204 170 143 87
internal_count=1760 508 477 450 121 40 329 62 267 159 81 42 81 47 1252 1229 205 124 1024 81 78 96 1000 672 650 403 204 170 143 87
is_linear=0
shrinkage=0.05


Tree=94
num_leaves=31
num_cat=0
split_feature=197 190 240 220 197 246 241 86 175 323 231 323 240 225 249 147 153 170 109 112 299 141 160 326 295 244 293 142 218 116
split_gain=0.0634439 0.103419 0.0773912 0.164479 0.164401 0.175532 0.13281 0.132801 0.183525 0.109217 0.196385 0.168253 0.251731 0.241137 0.258836 0.234331 0.226263 0.168292 0.164434 0.158614 0.146154 0.17114 0.262027 0.13623 0.238427 0.13411 0.122609 0.191135 0.122536 0.105992
threshold=0.033387157146936026 -0.023204896615235088 0.022031020564265109 -0.17902751807061199 -0.0066436603408973017 0.057107379133203573 -0.068369249566180804 -0.064304575998211475 -0.0020430210093051264 -0.0059704673481577554 0.00046622296736634265 0.011026754860218943 0.013346808298872444 0.037992109274651832 -0.019046043577870559 0.013490875682922621 0.0060103888157319969 -0.0036466894428056761 0.016151829222516359 0.0087062163827864806 -0.021162289919690967 0.011519169503787174 0.0027623346675432997 0.028149464048279088 0.023077763765117755 0.061187840616081464 -0.026987348479204042 1.0000000180025095e-35 -0.010076317824405776 -0.00077005585134223083
decision_type=2 2 2 2 2 2 2 2 2 2 2 2 2 2 2 2 2 2 2 2 2 2 2 2 2 2 2 2 2 2
left_child=2 -2 3 -1 6 7 -4 8 -6 10 20 12 13 14 16 17 -11 -16 19 -19 -5 28 -23 25 -25 26 27 -13 -22 -15
right_child=1 -3 4 9 5 -7 -8 -9 -10 11 -12 23 -14 29 15 -17 -18 18 -20 -21 21 22 -24 24 -26 -27 -28 -29 -30 -31
leaf_value=-0.004791661188937724 -0.0018014708844323953 0.0016234880162907456 0.0053353124549349084 0.001605026579412739 0.00049290299868472371 -0.0041922529529849137 0.001117850102686394 0.0010338183069396826 -0.0047043782931848847 -0.0020913211306413776 0.0012810821615028046 0.00078914753299444754 -0.006645765679422766 0.0033910410902379751 0.0019496128230617105 -0.0049425388521124282 -0.0090692955601428243 -0.0011115398412948707 0.0022113596477235358 -0.0065649819117970772 -0.0030214635631292935 -0.00024017940391786398 -0.0083337971987202768 0.00014745900380975482 -0.0062275648244063961 -0.0027749272928174057 0.0014152085364430773 -0.0051273064245469869 0.00035104977979437646 -0.00047307065320233556
leaf_weight=20 27 120 21 52 41 27 168 132 29 26 263 43 22 35 57 31 21 40 21 20 37 20 20 44 22 28 218 20 99 36
leaf_count=20 27 120 21 52 41 27 168 132 29 26 263 43 22 35 57 31 21 40 21 20 37 20 20 44 22 28 218 20 99 36
internal_value=1.13713e-13 0.000994414 -9.06254e-05 -0.00029546 0.000494966 -0.000405872 0.00158646 0.000100228 -0.00166026 -0.000218929 0.000350033 -0.00062735 -0.00149124 -0.00109612 -0.00192705 -0.00101428 -0.00520914 -0.000131846 -0.00159658 -0.00292935 -0.00072394 -0.00141204 -0.00428699 8.44973e-05 -0.00197755 0.000524934 0.000853746 -0.00108909 -0.000566472 0.00143177
internal_weight=1760 147 1613 1195 418 229 189 202 70 1175 491 684 309 287 216 169 47 138 81 60 228 176 40 375 66 309 281 63 136 71
internal_count=1760 147 1613 1195 418 229 189 202 70 1175 491 684 309 287 216 169 47 138 81 60 228 176 40 375 66 309 281 63 136 71
is_linear=0
shrinkage=0.05


Tree=95
num_leaves=31
num_cat=0
split_feature=266 116 317 19 90 245 316 152 277 266 309 128 330 317 113 329 295 198 205 158 288 135 296 177 195 256 146 227 272 334
split_gain=0.0617052 0.126513 0.202422 0.192168 0.177431 0.12492 0.100237 0.0865389 0.102989 0.105212 0.113051 0.133217 0.152316 0.143756 0.28122 0.164104 0.191892 0.142348 0.131294 0.168386 0.221833 0.225082 0.157533 0.12692 0.124194 0.117883 0.104222 0.108966 0.10698 0.103324
threshold=0.012536195689311304 0.04082436355638551 -0.0089728803011424555 17.932653061224496 -0.12286484192168058 -0.032149544617696819 -0.076748703133900767 0.044717079864048888 -0.071572081441804838 0.010806702446570641 0.0081767865796089703 0.017350948120482282 0.042426546640786968 -0.035450698202087898 0.0037033680448117531 -0.0087657655805676686 -0.012248442299293965 0.0032847590228507798 -0.014615236593993001 0.0072099457153957216 0.0022612077874810516 0.0058898497679456359 -0.0043469876988272765 -0.012658470562329169 -0.0027619788449851084 -0.039603957904236826 0.015885428345085748 -0.052377161592728323 -0.0090835092254393599 0.0036301577616716578
decision_type=2 2 2 2 2 2 2 2 2 2 2 2 2 2 2 2 2 2 2 2 2 2 2 2 2 2 2 2 2 2
left_child=6 4 -3 -4 -2 -6 -1 8 -8 10 11 12 13 14 -10 17 -17 23 -18 20 21 -20 -22 -15 -19 -13 27 -12 -28 -29
right_child=1 2 3 -5 5 -7 7 -9 9 -11 26 25 -14 15 -16 16 18 24 19 -21 22 -23 -24 -25 -26 -27 28 29 -30 -31
leaf_value=-0.0032261462627772106 0.004814061831682921 -0.005047514383645299 0.0023624430753093643 -0.0033240285119973123 0.0021062866781031732 0.00010571232912268369 -0.0028070054690990795 0.0016421941447788413 -0.0071917700292745039 -0.003359705049544573 -0.0017108540454258522 -0.0023630263814702632 -0.0043359800738592942 -0.00021319957249316164 0.00081110078456168551 0.0011339214561823091 0.0010591503944001048 -0.0035968200672262664 -0.0013856767730917349 -0.0054044675823350097 -0.0022811975935474039 -0.0074298706468349952 0.0030160296218468829 0.0039446024042845236 0.00091199480219594483 0.0013791786878338238 -0.0035464267434480675 0.0024607745172019581 0.00027460758575480507 0.00037246210788108639
leaf_weight=27 25 26 39 24 97 399 38 64 23 25 30 25 30 29 21 70 31 24 43 38 25 24 32 50 42 133 26 127 62 111
leaf_count=27 25 26 39 24 97 399 38 64 23 25 30 25 30 29 21 70 31 24 43 38 25 24 32 50 42 133 26 127 62 111
internal_value=-1.42095e-12 0.000406498 -0.00133569 0.000196168 0.000704109 0.000496954 -0.000215621 -0.000143239 -0.000251141 -0.000156016 -7.56018e-05 -0.000472897 -0.000885911 -0.000656924 -0.00337222 -0.000364098 -0.00110867 0.000986396 -0.00192204 -0.00249252 -0.00160015 -0.00355076 0.000692684 0.00241832 -0.000727574 0.000787058 0.000638637 0.00112887 -0.000854334 0.00148681
internal_weight=1760 610 89 63 521 496 1150 1123 1059 1021 996 640 482 452 44 408 263 145 193 162 124 67 57 79 66 158 356 268 88 238
internal_count=1760 610 89 63 521 496 1150 1123 1059 1021 996 640 482 452 44 408 263 145 193 162 124 67 57 79 66 158 356 268 88 238
is_linear=0
shrinkage=0.05


Tree=96
num_leaves=31
num_cat=0
split_feature=120 251 330 187 233 263 5 56 283 220 246 139 236 159 166 316 332 98 98 270 142 178 227 85 121 295 243 328 215 179
split_gain=0.0618717 0.100559 0.132515 0.13714 0.102236 0.0988583 0.10163 0.107655 0.153147 0.0999975 0.286782 0.100979 0.104381 0.192511 0.108646 0.117341 0.138424 0.140083 0.167785 0.247201 0.150475 0.134171 0.13038 0.119145 0.114625 0.156952 0.123812 0.107805 0.103614 0.0954505
threshold=-0.023840488902964946 0.017193159182874774 -0.027840099304173714 -0.010459700397429975 -0.067016251516354833 -0.087549185342234381 3.1771850203986758 1.0000000180025095e-35 0.0011131587333288865 0.0083699536674656395 -0.07523846846932418 0.053826574042476212 -0.093995978417307294 -0.017770841850029535 0.039091019383306495 0.016049792182258004 0.017014792447229331 -0.016076889974588313 -0.0087460736754299325 0.033879034040749295 0.0022794054743042647 0.025647791152768801 0.0098254086100313751 -0.11834919989399613 0.0053358158050105554 0.019201614404161467 -0.0095046583480028948 -0.0033034129403644711 0.0011604765067822142 0.013871753022059076
decision_type=2 2 2 2 2 2 2 2 2 2 2 2 2 2 2 2 2 2 2 2 2 2 2 2 2 2 2 2 2 2
left_child=1 4 -3 -4 -1 -2 7 9 -9 10 -7 12 13 -12 15 16 17 20 -19 24 28 -18 -22 -17 26 27 -20 -26 -14 -6
right_child=5 2 3 -5 29 6 -8 8 -10 -11 11 -13 14 -15 -16 23 21 18 19 -21 22 -23 -24 -25 25 -27 -28 -29 -30 -31
leaf_value=0.0042659580768288482 -0.0027147673504235147 -0.0040390225481646861 -0.003341541870031506 0.00097042001799182087 0.0014879925191655932 -0.0051150430215432521 0.0025258314016456201 7.0998655503679969e-05 -0.0053285453779002038 0.00055530331189600679 0.00066019563902435571 0.0032965964567847547 0.00021189198402377465 -0.0061100248233526061 0.0018051625075713674 0.0044136617030017073 0.0013216546250888232 -0.0051057411264628172 -0.0030612168096316359 -0.0066690914169885221 0.00097858328261645508 -0.0031303897965699436 -0.0041807916209412122 0.00029522144102176958 -0.0035532227978110316 -0.0055693588961730715 0.00125823419421758 0.00051062593426669332 0.0050210643969919718 -0.0005277935051385107
leaf_weight=23 37 23 23 93 169 31 36 29 24 417 21 20 24 21 64 20 110 35 21 20 25 20 24 144 25 24 79 47 21 90
leaf_count=23 37 23 23 93 169 31 36 29 24 417 21 20 24 21 64 20 110 35 21 20 25 20 24 144 25 24 79 47 21 90
internal_value=2.39652e-12 0.000528699 -0.000571971 0.000115462 0.00107123 -0.00016623 -9.38065e-05 -0.000168299 -0.00237408 -7.19207e-05 -0.000400504 -0.000209458 -0.00030358 -0.00272491 -0.00015892 -0.000355635 -0.00075376 -0.00127771 -0.00189428 -0.0013739 0.000368653 0.000636725 -0.00154846 0.00079747 -0.000833576 -0.00206766 0.000351149 -0.000900433 0.00245617 0.000787526
internal_weight=1760 421 139 116 282 1339 1302 1266 53 1213 796 765 745 42 703 639 475 345 251 216 94 130 49 164 196 96 100 72 45 259
internal_count=1760 421 139 116 282 1339 1302 1266 53 1213 796 765 745 42 703 639 475 345 251 216 94 130 49 164 196 96 100 72 45 259
is_linear=0
shrinkage=0.05


Tree=97
num_leaves=31
num_cat=0
split_feature=214 120 236 256 171 320 292 138 265 10 151 240 240 93 263 283 5 299 249 270 229 268 302 194 334 175 83 319 114 124
split_gain=0.0601294 0.0643899 0.0937588 0.122987 0.170679 0.0936906 0.176161 0.262065 0.164475 0.117017 0.175596 0.0860626 0.104934 0.0974232 0.0923588 0.0997765 0.0972741 0.0902786 0.133292 0.131243 0.154383 0.203243 0.115504 0.113271 0.147855 0.146355 0.184448 0.146599 0.122984 0.121118
threshold=0.35438678839621657 -0.023840488902964946 0.032224108775917824 -0.0045033983568035238 -0.0035352911452741511 0.023471106853290492 0.023872444332342372 -0.0071307812317290822 0.008353881808661057 0.017937580437580442 0.0071051467375928103 0.062503950604921144 0.054858527126802635 0.015984066413335572 -0.087549185342234381 -0.0457740754651755 3.1771850203986758 0.014609020523475061 -0.067887549552552634 0.013325128891540187 1.0000000180025095e-35 0.0041901152977069575 0.035554852268149223 -0.00017506562486971342 0.026917593903802609 -0.027702216038135028 -0.24773270657940114 0.003771838366408228 0.011957439527937498 0.0065369008055183959
decision_type=2 2 2 2 2 2 2 2 2 2 2 2 2 2 2 2 2 2 2 2 2 2 2 2 2 2 2 2 2 2
left_child=1 2 -1 4 -4 11 9 -8 -9 -7 -11 12 14 -13 -3 -16 17 18 -17 -19 21 -21 23 28 25 -25 -27 -28 -20 -30
right_child=-2 5 3 -5 -6 6 7 8 -10 10 -12 13 -14 -15 15 16 -18 19 22 20 -22 -23 -24 24 -26 26 27 -29 29 -31
leaf_value=0.00096647107579688493 0.0024855727417161691 -0.0030873514459623646 0.0010051462009505487 0.000748416744375838 -0.0049579181207809603 0.0011407431642093953 -0.0078788036098038517 0.0017448581551434473 -0.004108827035330857 -6.6481189479908112e-05 -0.0044649538009252868 0.0035776413148542979 -0.0035153962920462206 -0.00082024144241586337 0.0015732450398122028 -0.0039940909586018989 0.0025867296964861455 0.0014364895961703529 -0.00059098417276951909 -0.0063070370177940836 0.0011445172906943218 0.00041512988602996552 0.0019213112561169974 0.0015456981815514155 0.001162045594666981 -0.006822311864975332 -0.0035098891964783739 -0.00033014952627725085 0.0046362414341419942 0.00038782832681831417
leaf_weight=303 24 24 20 63 30 83 21 24 24 78 32 34 22 20 97 27 32 159 192 23 44 22 49 25 45 22 72 73 25 51
leaf_count=303 24 24 20 63 30 83 21 24 24 78 32 34 22 20 97 27 32 159 192 23 44 22 49 25 45 22 72 73 25 51
internal_value=-3.62868e-12 -3.43628e-05 0.000508068 -0.000721101 -0.00257269 -0.000205311 -0.0010518 -0.00322015 -0.00118198 -0.000276593 -0.00134604 4.31227e-06 -0.000100272 0.0019488 -2.37616e-05 5.29881e-05 -0.000118284 -0.000222699 -0.000563596 0.000575934 -0.000961463 -0.00302064 -0.000396406 -0.000621293 -0.00141759 -0.00202219 -0.00255631 -0.00190905 8.28967e-05 0.00178533
internal_weight=1760 1736 416 113 50 1320 262 69 48 193 110 1058 1004 54 982 958 861 829 581 248 89 45 554 505 237 192 167 145 268 76
internal_count=1760 1736 416 113 50 1320 262 69 48 193 110 1058 1004 54 982 958 861 829 581 248 89 45 554 505 237 192 167 145 268 76
is_linear=0
shrinkage=0.05


Tree=98
num_leaves=31
num_cat=0
split_feature=310 288 192 119 19 120 83 287 286 119 192 134 231 252 164 191 166 151 179 316 325 259 137 335 296 221 95 330 88 85
split_gain=0.0577873 0.0936744 0.0792341 0.0923325 0.105972 0.103819 0.11932 0.0774875 0.152376 0.119553 0.0979391 0.15883 0.128568 0.189835 0.194512 0.256447 0.266439 0.169634 0.190161 0.146219 0.128216 0.128385 0.159593 0.126458 0.126342 0.125609 0.125263 0.132794 0.106722 0.1016
threshold=0.043560545665558788 0.093572372554012337 0.026397625216739766 -0.020482357188219998 10.743421052631581 0.013344403575885106 -0.23051674837948674 0.056164802625413381 0.016229973943792383 -0.0062621284680814829 -0.0088990271748725282 -0.045278074265749653 0.0014321423731340627 -0.01618767623732845 0.00019505167044713264 0.0014019395662799997 0.009218018781248517 0.011413814243607366 0.016086853880493045 -0.00093627597210891439 0.0020824909448522015 -0.030161759304498489 -0.0012589602164789625 -0.006611271785386715 -0.020470880455619445 -0.039411420825324346 0.090193020409497685 -0.017641603876730968 0.0072360943243983469 0.26570830912649185
decision_type=2 2 2 2 2 2 2 2 2 2 2 2 2 2 2 2 2 2 2 2 2 2 2 2 2 2 2 2 2 2
left_child=1 2 7 4 -4 -5 -7 10 9 -9 11 -1 13 19 15 23 -17 18 -16 24 21 -14 25 -15 -12 -23 27 -22 -25 -13
right_child=-2 -3 3 5 -6 6 -8 8 -10 -11 12 29 20 14 17 16 -18 -19 -20 -21 26 22 -24 28 -26 -27 -28 -29 -30 -31
leaf_value=-0.0026263094363605127 0.00090290348445072914 -0.0034913287992822009 0.005497488574612709 0.0014027239894206971 0.00063391316240692206 -0.004370093839021311 0.00051124193883996698 -0.0028849107190035287 -0.0046568655225980495 0.0022570421158049545 0.0017288469069171699 0.00097394927357902109 0.0036587176466914453 0.0015367398387752475 -0.00037813591109983917 -0.002638243055802637 -0.0093203459830524839 0.0025027669190118714 -0.0048734905663028868 0.0021599614031479826 -0.0031481725121424958 -0.0047455629520118245 0.0014931730321347178 -0.00043004326079972092 -0.0032322073524648494 -0.00016041580090393962 -0.004335003613298547 0.00040343373812412706 -0.0051494028973494378 -0.0025955763213070379
leaf_weight=37 161 20 21 81 24 21 31 20 28 26 21 393 37 28 109 35 26 36 30 70 33 20 139 25 33 59 22 130 23 21
leaf_count=37 161 20 21 81 24 21 31 20 28 26 21 393 37 28 109 35 26 36 30 70 33 20 139 25 33 59 22 130 23 21
internal_value=1.20606e-12 -9.09115e-05 -4.7841e-05 0.000945833 0.00290358 0.000283437 -0.00146007 -0.000174089 -0.00174875 2.14104e-05 -8.62787e-05 0.000512376 -0.00039449 -0.001003 -0.00166073 -0.00307172 -0.00548635 -0.000556125 -0.00134836 0.000651937 0.000208487 0.000935482 0.000473281 -0.00113367 -0.00130291 -0.00132121 -0.000793586 -0.000315603 -0.0026914 0.000792886
internal_weight=1760 1599 1579 178 45 133 52 1401 74 46 1327 451 876 436 312 137 61 175 139 124 440 255 218 76 54 79 185 163 48 414
internal_count=1760 1599 1579 178 45 133 52 1401 74 46 1327 451 876 436 312 137 61 175 139 124 440 255 218 76 54 79 185 163 48 414
is_linear=0
shrinkage=0.05


Tree=99
num_leaves=31
num_cat=0
split_feature=318 288 244 96 229 280 129 278 174 202 122 290 94 89 103 252 162 244 266 101 317 292 174 191 112 83 0 117 175 158
split_gain=0.0561255 0.0654494 0.0715069 0.084116 0.0699962 0.125306 0.146355 0.0919328 0.102125 0.107055 0.119633 0.173533 0.115607 0.133424 0.158176 0.129866 0.158757 0.105251 0.104091 0.145114 0.148097 0.141975 0.131648 0.185022 0.234189 0.153807 0.134502 0.115751 0.166603 0.106699
threshold=0.074625373629898142 0.093572372554012337 -0.066579068077526379 -0.014079983181321752 0.064217239359389666 0.040629159767835675 0.031321199894036304 -0.097628482071715664 -0.049707739741699793 -0.004771815847333021 -0.051998737963396456 -0.026419323239006868 -0.10337962859049489 -0.03023694279645164 -0.050092239353836901 -0.00320463916823815 -0.023414406277221755 0.017367260527691209 0.013248937577717826 -0.024667155596872482 -0.0047522389641492697 0.050630747015515676 0.022661122755752851 -0.018687636818509254 -0.00098987671166202748 0.33704599276776287 10.968067845939002 0.029868516875851042 -0.0040710460033754224 -0.027333688014557701
decision_type=2 2 2 2 2 2 2 2 2 2 2 2 2 2 2 2 2 2 2 2 2 2 2 2 2 2 2 2 2 2
left_child=1 2 3 -1 7 6 -6 -4 -9 12 11 -11 -10 -14 -15 17 -17 -16 21 20 -20 22 23 24 -12 26 27 29 -29 -25
right_child=-2 -3 4 -5 5 -7 -8 8 9 10 18 -13 13 14 15 16 -18 -19 19 -21 -22 -23 -24 25 -26 -27 -28 28 -30 -31
leaf_value=-0.0012313776354615888 0.0021441560004799008 -0.0026300687359253061 -0.0034079960272224113 0.001770692703014772 0.0025096898416101816 -0.0027052520548750182 -0.0016085357904168113 0.001769480017846394 -0.0033624819084070627 -0.0064856324298307308 -0.0080255966221739073 -0.0010052499370850946 0.0015014386585979194 -0.0034592757565957131 0.00070002127102247584 -0.0042335238357298762 0.00010629827682275088 0.0045433282376388497 -0.0053444856007228651 0.00080242110177164341 0.00046310528009401071 -0.0041181033672464474 0.001409514883091427 -0.0029370967221135896 -0.00062770166107878583 0.0030316052785902114 -0.0042086220117718244 -0.0056695830752141775 4.7035344267407292e-05 0.00024246749835998908
leaf_weight=30 30 24 22 105 94 20 28 66 20 20 20 52 197 33 79 27 96 23 21 253 23 31 68 30 23 27 28 25 26 219
leaf_count=30 30 24 22 105 94 20 28 66 20 20 20 52 197 33 79 27 96 23 21 253 23 31 68 30 23 27 28 25 26 219
internal_value=4.01625e-12 -3.71819e-05 -7.05172e-07 0.00110357 -9.5598e-05 0.000963146 0.00156452 -0.000200806 -0.000150658 -0.000245161 -0.000576024 -0.00252758 0.000358053 0.000521593 -0.000226583 0.000247545 -0.000846346 0.00156665 -0.000399056 0.000341514 -0.0023087 -0.000841611 -0.000623647 -0.000971021 -0.00406858 -0.000595823 -0.000894423 -0.000585097 -0.00275523 -0.000140613
internal_weight=1760 1730 1706 135 1571 142 122 1429 1407 1341 866 72 475 455 258 225 123 102 794 297 44 497 466 398 43 355 328 300 51 249
internal_count=1760 1730 1706 135 1571 142 122 1429 1407 1341 866 72 475 455 258 225 123 102 794 297 44 497 466 398 43 355 328 300 51 249
is_linear=0
shrinkage=0.05


Tree=100
num_leaves=31
num_cat=0
split_feature=251 120 120 101 110 123 247 84 204 219 92 105 120 246 137 292 320 189 316 234 292 280 256 272 83 111 318 187 94 220
split_gain=0.0581085 0.0574592 0.0653742 0.102114 0.218684 0.180138 0.110876 0.159508 0.244113 0.158002 0.172952 0.207358 0.108552 0.127249 0.103262 0.161628 0.231922 0.129304 0.142121 0.128691 0.121932 0.24241 0.101575 0.159564 0.0992839 0.0890823 0.0857982 0.0930314 0.0850875 0.0844217
threshold=-0.10484175010389062 0.07760366641684692 -0.023840488902964946 -0.03345385835521366 -0.02981938227224425 -0.0041379936503249818 0.018688260509485893 0.17303090007462293 0.014263052764741027 -0.041520381131770659 -0.0010102728160148184 -0.037243059682987238 0.0060186130145203753 -0.040665349376914538 0.0083840244964527872 0.016094310838120646 0.0097332239250045322 -0.0020041990216423658 0.0033271588625875975 0.0004497846024745196 -0.01744767069572796 0.0055456509600772487 0.024126248881501958 -0.010697382411420596 0.23680004658413398 0.0021001684859981318 -0.0074113931372846104 -0.0010878907495640081 -0.10337962859049489 0.04626316723960832
decision_type=2 2 2 2 2 2 2 2 2 2 2 2 2 2 2 2 2 2 2 2 2 2 2 2 2 2 2 2 2 2
left_child=-1 2 28 4 -4 -6 7 14 9 -9 26 -12 24 -14 15 19 17 -17 -19 20 25 -22 -16 -24 -8 -5 -11 -28 -2 -30
right_child=1 -3 3 6 5 -7 12 8 -10 10 11 -13 13 -15 22 16 -18 18 -20 -21 21 -23 23 -25 -26 -27 27 -29 29 -31
leaf_value=0.0022595834602335738 -0.0023167815784780449 0.0013462850702328272 0.0007406887537945296 0.0027613613014710291 -0.0011057590737684885 -0.0074342980413981104 0.001016138703271281 0.0028739368707950538 -0.0053301225088561253 0.0014744331895781217 -0.00057011386485431687 -0.0073599765046864097 -0.0037752767083356568 0.00022053587783631774 0.001443818911299982 0.0019597929298955327 -0.0054179748504523291 0.00071238428587093959 -0.0051113037889907982 0.0011945169697288227 -0.0004725082756570038 -0.0059147330179777262 0.0018877929926626774 -0.0036681147573939862 0.0046727520147604607 -0.00094460964457325372 0.00059199132069590553 -0.0041144227697735743 0.00017802710275586849 0.0018316291873756727
leaf_weight=28 26 72 40 31 22 23 160 24 38 40 22 23 23 149 158 30 37 20 22 135 76 28 24 28 21 34 21 21 277 107
leaf_count=28 26 72 40 31 22 23 160 24 38 40 22 23 23 149 158 30 37 20 22 135 76 28 24 28 21 34 21 21 277 107
internal_value=1.53074e-12 -3.65291e-05 -9.65065e-05 -0.00027621 -0.00194927 -0.00434035 -0.000154141 -0.000475755 -0.00174807 -0.000846631 -0.00154973 -0.00404049 0.000585661 -0.000313788 -8.97704e-05 -0.00054879 -0.00220066 -0.000547322 -0.00233812 4.34938e-05 -0.000875963 -0.00193772 0.000812968 -0.00110385 0.00144039 0.000822853 -0.00018285 -0.00176122 0.00045137 0.000638796
internal_weight=1760 1732 1660 1250 85 45 1165 812 189 151 127 45 353 172 623 413 109 72 42 304 169 104 210 52 181 65 82 42 410 384
internal_count=1760 1732 1660 1250 85 45 1165 812 189 151 127 45 353 172 623 413 109 72 42 304 169 104 210 52 181 65 82 42 410 384
is_linear=0
shrinkage=0.05


Tree=101
num_leaves=31
num_cat=0
split_feature=214 286 286 194 200 321 187 134 250 112 247 94 232 289 260 257 323 288 288 194 250 169 299 312 223 239 334 326 124 136
split_gain=0.0556993 0.0586069 0.0909805 0.112733 0.123829 0.172179 0.101505 0.126884 0.0887517 0.11555 0.0879162 0.0857197 0.138789 0.125611 0.113336 0.129697 0.125878 0.114416 0.117052 0.183175 0.109086 0.217522 0.202744 0.214494 0.122038 0.121302 0.11466 0.105637 0.0966671 0.133821
threshold=0.34026970975244086 -0.018029238245390558 -0.025011933414415228 -0.00086318680467184939 0.0036915630266768028 0.0052450311390748591 -0.013663503766243635 -0.0016198145909803396 0.0041304289648252572 -0.0080145315723929265 -0.092287941788173733 -0.050527512986594948 0.027268465317581588 0.067003592510880103 1.0000000180025095e-35 0.047683537665892888 0.020912992552159369 -0.00021599797072092148 -0.0062933218116695885 -0.0034423585615726018 -0.0069737581374272042 0.0035641439062981208 0.0044210923179419685 0.0042535570075196193 -0.014106103263452087 -0.020304651581103911 -0.0059055203246329542 0.026207942729948645 -0.012157720717355099 0.0056876029788094544
decision_type=2 2 2 2 2 2 2 2 2 2 2 2 2 2 2 2 2 2 2 2 2 2 2 2 2 2 2 2 2 2
left_child=1 2 3 6 8 -6 -1 -8 -5 -10 -3 12 -12 14 17 16 20 18 27 -20 21 22 23 -16 -23 26 -22 -13 29 -27
right_child=-2 10 -4 4 5 -7 7 -9 9 -11 11 13 -14 -15 15 -17 -18 -19 19 -21 25 24 -24 -25 -26 28 -28 -29 -30 -31
leaf_value=0.0029115299863624391 0.002135997647031521 -0.0030353017940392929 0.0018061649207008965 0.0013510451671369511 -2.2157633291750117e-06 -0.0054991423634679192 0.0012184621974678051 -0.002411488930440762 -0.0033896656877914211 0.00073969949605978203 -0.00056784366994968812 0.0010455307306763996 -0.0044650551243685188 -0.0032210751188748487 -0.0024398065240615434 -0.0039242079112833984 0.0015853430414640838 0.0015947475207383644 -0.0058701200605719359 0.00074140538221069039 -0.00045360143762081858 -0.0025627250245417515 -0.0001278328157163092 -0.00869169706357238 0.0020220017656491962 -0.0055421739001758402 0.0040069892050643621 -0.0024084323887319237 0.00023914656082170196 -0.00014601263079654287
leaf_weight=50 30 27 97 68 29 28 89 33 32 36 265 149 25 28 34 24 85 213 20 22 25 21 35 23 47 20 34 26 118 27
leaf_count=50 30 27 97 68 29 28 89 33 32 36 265 149 25 28 34 24 85 213 20 22 25 21 35 23 47 20 34 26 118 27
internal_value=2.1247e-12 -3.70404e-05 0.000445085 8.33732e-05 -0.000746162 -0.00270246 0.00101419 0.00023659 7.3757e-05 -0.00120353 -0.000212704 -0.000151294 -0.00090381 7.81798e-05 0.000178266 -0.00033918 -0.000155724 0.000771522 -3.65283e-05 -0.00240694 -0.000541116 -0.00153825 -0.00312322 -0.0049625 0.00060613 0.000171121 0.00211691 0.00053237 -0.000524646 -0.00244225
internal_weight=1760 1730 462 365 193 57 172 122 136 68 1268 1241 290 951 923 493 469 430 217 42 384 160 92 57 68 224 59 175 165 47
internal_count=1760 1730 462 365 193 57 172 122 136 68 1268 1241 290 951 923 493 469 430 217 42 384 160 92 57 68 224 59 175 165 47
is_linear=0
shrinkage=0.05


Tree=102
num_leaves=31
num_cat=0
split_feature=251 318 288 309 309 137 133 137 129 109 88 190 107 144 190 277 209 189 111 233 180 293 154 158 103 104 262 260 227 209
split_gain=0.0517021 0.0548975 0.0572742 0.065702 0.114149 0.214495 0.311612 0.088962 0.0812145 0.197904 0.220777 0.120195 0.212178 0.0983732 0.0862463 0.0868944 0.117916 0.0841058 0.110435 0.10872 0.117626 0.105019 0.12799 0.202696 0.132719 0.132379 0.12653 0.111768 0.102597 0.108199
threshold=-0.10484175010389062 0.074625373629898142 0.093572372554012337 -0.050981241890270527 -0.036171614722600727 0.013580564628626928 -0.0074514301356460666 0.0059740543282455569 0.025782049166782936 -0.036096694555581989 -0.073525283404700242 0.0048270821174384903 -0.0013781841516022025 0.0095324356272281363 -0.00060857585479926596 -0.018968700966955642 0.45439160690669661 -0.004869777004499724 -0.080346814624747923 -0.012708835978883835 0.017196493315755353 -0.013253067522158667 -0.0023303852430283625 -0.025038198200031229 0.059241999622187617 -0.026392851779919093 -0.04029601145081893 -0.0003424724196964109 -0.034400189189082185 0.71062115721072316
decision_type=2 2 2 2 2 2 2 2 2 2 2 2 2 2 2 2 2 2 2 2 2 2 2 2 2 2 2 2 2 2
left_child=-1 2 3 7 5 6 -5 -2 17 10 -10 14 -13 -14 15 -11 -17 18 -6 20 -20 26 23 -23 27 -25 -19 -24 -27 -30
right_child=1 -3 -4 4 8 -7 -8 -9 9 11 -12 12 13 -15 -16 16 -18 21 19 -21 -22 22 24 25 -26 28 -28 -29 29 -31
leaf_value=0.0021313888902243761 0.0021216751256265287 0.0021226942310398765 -0.0024964712521371741 0.001117532289659028 -0.0027551877888895219 0.0012499283902746227 -0.0065464403803667266 -0.00074568277871419144 -0.00027054762993488583 0.0021580965819362648 -0.0062378877197437352 -0.0047355281866409563 0.0015541114787467653 -0.0021422307395065824 0.0031857965207503489 0.0003650707573307535 -0.0039445458124169989 0.0039105924915929791 0.00057679604875115077 0.0016267338086815492 -0.0030997353054031179 -0.0060856450809210188 0.0018397179522882932 0.0013721396251639819 -0.0026628766781262433 -0.0049709212162997582 0.00032405339816700732 -0.00029617041039230592 -0.00048562262017462087 -0.0040571598157000078
leaf_weight=28 76 29 24 21 21 35 36 42 31 39 31 33 45 30 30 65 21 28 112 235 27 21 104 48 36 20 202 149 115 26
leaf_count=28 76 29 24 21 21 35 36 42 31 39 31 33 45 30 30 65 21 28 112 235 27 21 104 48 36 20 202 149 115 26
internal_value=1.20586e-12 -3.44566e-05 -7.11903e-05 -3.65228e-05 -0.000122518 -0.00183105 -0.00372287 0.00110109 -1.55168e-05 -0.000713022 -0.00325422 -0.000113956 -0.00139448 7.55746e-05 0.000778283 0.000200479 -0.000687277 0.000182638 0.000772992 0.000971098 -0.00013735 -0.000128697 -0.000522831 -0.00140299 0.000177639 -0.000932481 0.000760676 0.000581823 -0.00161957 -0.0011442
internal_weight=1760 1732 1703 1679 1561 92 57 118 1469 325 62 263 108 75 155 125 86 1144 395 374 139 749 519 230 289 209 230 253 161 141
internal_count=1760 1732 1703 1679 1561 92 57 118 1469 325 62 263 108 75 155 125 86 1144 395 374 139 749 519 230 289 209 230 253 161 141
is_linear=0
shrinkage=0.05


Tree=103
num_leaves=31
num_cat=0
split_feature=239 253 302 126 180 262 252 243 226 142 102 219 127 244 186 324 239 115 91 195 303 239 287 236 236 297 125 146 236 293
split_gain=0.0507472 0.0724619 0.0639411 0.100954 0.145863 0.100486 0.088049 0.0861359 0.137192 0.103983 0.192036 0.121613 0.105969 0.11669 0.130267 0.0940461 0.176541 0.172311 0.181227 0.153773 0.121885 0.111904 0.127666 0.104052 0.210892 0.10999 0.123439 0.146644 0.146174 0.107174
threshold=0.080516439411048857 0.10982912812167289 0.026800438836986178 0.006688115960323769 0.01324558126159567 -0.04029601145081893 0.11205154342222676 -0.0058867978377801994 -0.069786657419777631 -0.030650010132042233 0.0015629417034277858 0.030211185869019636 -0.0012104194340545505 -0.0064123887403727377 -0.003747381759551621 0.0061990052487900576 -0.084510833485971507 -0.030614773991293275 0.031048992854257489 -0.0041297217323441352 -0.053044866082979397 -0.055800053737776495 -0.040942037578833641 0.031031377305345682 0.041681225911495201 0.014315508317222204 -0.022977459074076945 0.0032073304911516506 -0.0015962781555018091 0.019125997040586876
decision_type=2 2 2 2 2 2 2 2 2 2 2 2 2 2 2 2 2 2 2 2 2 2 2 2 2 2 2 2 2 2
left_child=1 2 6 5 -5 -4 7 8 -1 10 -10 12 13 14 -11 16 -9 18 19 -18 -19 -17 -23 25 -25 26 -22 -28 -29 -26
right_child=-2 -3 3 4 -6 -7 -8 15 9 11 -12 -13 -14 -15 -16 21 17 20 -20 -21 23 22 -24 24 29 -27 27 28 -30 -31
leaf_value=-0.0027454706874456918 0.0010605577852402348 0.0028504027475026394 -0.0013586695435619082 0.0006608863897129613 -0.00365691983963423 0.001559175118064617 -0.0032570024245311894 -0.005442057394733032 0.00057029695890378209 -0.0047797711264658052 -0.00524112316918382 0.0023678876474591427 0.0012581015909258033 0.00065049826520453867 -0.00023253368585250835 0.00328902271665776 -0.0019683996067297728 -0.0041350730019621548 6.0094747071464862e-05 -0.0078155093902276592 -0.0031754286220706434 -0.003478490057974481 0.00018997454173923299 -0.0058895317149687222 0.0013724746528821878 0.0016470211321971549 -0.0009968017552206014 0.0046913987362821562 -0.0003287997000433248 -0.0031293995297164662
leaf_weight=34 106 21 35 53 31 188 24 21 44 28 21 99 153 79 36 26 22 20 30 23 33 26 270 22 39 101 97 29 29 20
leaf_count=34 106 21 35 53 31 188 24 21 44 28 21 99 153 79 36 26 22 20 30 23 33 26 270 22 39 101 97 29 29 20
internal_value=-4.57409e-12 -6.7968e-05 -0.000105498 0.000544736 -0.00093259 0.00110122 -0.000256042 -0.000200725 0.00031939 0.000545923 -0.00130724 0.000850873 0.000343494 -0.000635073 -0.00222195 -0.000518715 -0.000957796 -0.000755281 -0.00295012 -0.00495692 -0.000333198 0.000143997 -0.000132255 -0.000127691 -0.0017115 0.000316213 -0.000398742 0.000192423 0.0021813 -0.000153584
internal_weight=1760 1654 1633 307 84 223 1326 1302 494 460 65 395 296 143 64 808 486 465 75 45 390 322 296 370 81 289 188 155 58 59
internal_count=1760 1654 1633 307 84 223 1326 1302 494 460 65 395 296 143 64 808 486 465 75 45 390 322 296 370 81 289 188 155 58 59
is_linear=0
shrinkage=0.05


Tree=104
num_leaves=31
num_cat=0
split_feature=214 120 320 258 113 115 88 10 187 97 250 322 165 320 280 164 129 287 152 119 317 232 102 303 308 203 323 274 108 332
split_gain=0.0503553 0.0524888 0.0801226 0.130739 0.11361 0.313168 0.147368 0.281285 0.0782847 0.115297 0.15578 0.157732 0.0754894 0.102485 0.11248 0.193929 0.113961 0.0848161 0.118587 0.126327 0.0985522 0.0830779 0.0730489 0.09094 0.14153 0.193957 0.160646 0.142556 0.136481 0.0944718
threshold=0.34026970975244086 -0.023840488902964946 0.023471106853290492 -0.057272568020055405 0.005691479415334078 -0.030614773991293275 -0.007125329032960241 0.017937580437580442 -0.0041055256367470037 -0.00089261330898926072 -0.029829555237298491 0.0057790019176441436 0.027473600207517851 0.018790647122590605 -0.049868007820311984 0.0010005245846624519 0.0051979503369409021 0.021684240761961248 -0.011357584892789816 -0.014959376150172263 -0.0071264014150519998 -0.057169574447866495 -0.036475301818198774 0.0028037864928207984 0.010882235696736011 0.003211619554664195 0.00019194852614753057 -0.0026490715970992709 0.0018607987663905986 -0.003711801446425252
decision_type=2 2 2 2 2 2 2 2 2 2 2 2 2 2 2 2 2 2 2 2 2 2 2 2 2 2 2 2 2 2
left_child=1 8 12 -4 5 -5 -7 -8 9 -1 -11 -12 13 14 15 -3 -17 21 -19 -20 -21 -16 -23 24 25 26 27 -24 -27 -26
right_child=-2 2 3 4 -6 6 7 -9 -10 10 11 -13 -14 -15 17 16 -18 18 19 20 -22 22 23 -25 29 28 -28 -29 -30 -31
leaf_value=0.00093024372551762024 0.0020309479647160822 -0.0050026974472337209 -0.0047575204328279058 -0.0072743859863840053 0.00086666841568175433 0.00096213905418240659 0.00055009072734596768 -0.0060922301704912189 0.0010131722666497807 0.0011739384322815266 -0.0055445843885536311 3.2199721872096971e-05 0.0011128743302155028 0.0021695242760082088 -0.0026623715937603267 0.0017752101949895405 -0.0028389327840515131 -0.0015333684544791195 0.0044258865414921076 -0.002192757828881787 0.0018770582141929911 0.0011786858704692265 0.0013179736814218695 0.00026171355482435411 0.0021523821285356665 -0.0021086711405874474 -0.0059253114649388747 -0.0037213624328918137 0.0021575621128667503 -0.00097657168276922535
leaf_weight=83 30 33 21 20 82 73 37 28 250 30 32 21 134 45 36 32 23 34 33 21 51 84 23 258 45 38 38 36 37 52
leaf_count=83 30 33 21 20 82 73 37 28 250 30 32 21 134 45 36 32 23 34 33 21 51 84 23 258 45 38 38 36 37 52
internal_value=3.04143e-12 -3.52187e-05 -0.000190182 -0.000974413 -0.000643391 -0.00142709 -0.000579659 -0.00231122 0.000454257 -0.000387483 -0.00170521 -0.00333492 4.19981e-06 -0.000157457 -0.000277267 -0.00197247 -0.000154341 -8.74728e-05 0.00103311 0.00186416 0.000690029 -0.000328215 -0.000190687 -0.000408956 -0.0010522 -0.00191347 -0.00338987 -0.00175688 -3.99607e-06 0.000475005
internal_weight=1760 1730 1314 261 240 158 138 65 416 166 83 53 1053 919 874 88 55 786 139 105 72 647 611 527 269 172 97 59 75 97
internal_count=1760 1730 1314 261 240 158 138 65 416 166 83 53 1053 919 874 88 55 786 139 105 72 647 611 527 269 172 97 59 75 97
is_linear=0
shrinkage=0.05


Tree=105
num_leaves=31
num_cat=0
split_feature=153 189 132 301 316 117 131 292 273 206 257 252 110 210 335 253 233 114 329 259 279 314 275 181 211 287 93 298 224 196
split_gain=0.0474959 0.120118 0.23169 0.115569 0.121802 0.183535 0.114537 0.108338 0.123191 0.127087 0.1536 0.246484 0.125681 0.11672 0.112998 0.105923 0.122042 0.188537 0.108908 0.151111 0.147634 0.243994 0.174015 0.100847 0.0988436 0.0976114 0.097457 0.0912828 0.0877784 0.0864682
threshold=-0.0056836923199034507 -0.033704177687239191 0.0041020622531078993 -0.0042632117569421212 -0.010246229597274446 0.027338244436868532 -0.03926018414418548 -0.015760833197245364 -0.0079012809008337983 0.0037403976779476172 -0.0012821120176890648 0.0087648144259989767 -0.041447015465777497 0.016690527610802679 -0.032933267579075214 -0.040324047506760996 -0.034208581301920844 -0.025589481440441601 0.0018112369393377379 0.031093788827739173 -0.004126623872070718 0.017336467547864515 0.0020814734600130406 -0.029018723293095093 -0.00018890126381338436 -0.0046268052199379761 0.017939160141491047 -0.0017304659422501024 0.0085918720331204946 0.003899653836032494
decision_type=2 2 2 2 2 2 2 2 2 2 2 2 2 2 2 2 2 2 2 2 2 2 2 2 2 2 2 2 2 2
left_child=1 2 -1 4 5 -2 -3 14 23 12 11 -11 -10 -14 -5 -8 17 -17 19 20 -18 22 -22 -9 -20 -19 -6 -12 29 -25
right_child=3 6 -4 7 26 -7 15 8 9 10 27 -13 13 -15 -16 16 18 25 24 -21 21 -23 -24 28 -26 -27 -28 -29 -30 -31
leaf_value=-0.0051467212227830073 0.00063101378057627564 -0.0028853196467805123 0.00078909638931133575 -0.0021895789157564717 0.0021864147328111965 -0.0033643740505029107 0.0016999469743625793 -0.0023301895837693548 -0.0040081930439278641 -0.0090308610396459699 0.00064234924687876956 -0.0011809597723186017 0.0003709910679516147 -0.0036818134924396875 0.001317154001705379 -0.0059849659490975593 0.00015993348233542517 0.00099952606112873633 0.00043011270532008279 0.0015366776413365938 -0.0080287990990327678 0.0011221052104425009 -0.0020025115630588793 -0.0015139334007427552 0.0032003454788493745 -0.0024979032165566954 0.00041045124378072433 -0.0034103028774552513 0.0028303899816819467 0.0017747268740025063
leaf_weight=35 118 35 31 27 168 38 84 26 23 20 33 20 159 20 154 21 67 42 138 57 25 23 23 41 42 38 143 24 46 39
leaf_count=35 118 35 31 27 168 38 84 26 23 20 33 20 159 20 154 21 67 42 138 57 25 23 23 41 42 38 143 24 46 39
internal_value=-7.11318e-13 -0.000334919 -0.00235869 0.000201439 0.000797914 -0.000342222 -0.000110434 -0.00023931 -0.000654029 -0.00124322 -0.00273079 -0.00510591 -0.000528897 -8.18363e-05 0.00079405 6.29963e-05 -0.000225877 -0.00176856 0.000189618 -0.000629042 -0.00152358 -0.00311224 -0.0051412 0.000504974 0.0010765 -0.000661753 0.00136981 -0.00106403 0.00109001 8.92885e-05
internal_weight=1760 661 66 1099 467 156 595 632 451 299 97 40 202 179 181 560 476 101 375 195 138 71 48 152 180 80 311 57 126 80
internal_count=1760 661 66 1099 467 156 595 632 451 299 97 40 202 179 181 560 476 101 375 195 138 71 48 152 180 80 311 57 126 80
is_linear=0
shrinkage=0.05


Tree=106
num_leaves=31
num_cat=0
split_feature=251 318 304 159 85 93 144 102 289 101 184 153 160 330 248 308 295 104 71 100 154 240 172 237 301 335 321 148 175 334
split_gain=0.0452177 0.0493997 0.05089 0.0909061 0.10171 0.0915269 0.0866949 0.133109 0.0893888 0.195148 0.0871787 0.0872906 0.24921 0.113518 0.130682 0.103023 0.140359 0.106347 0.086638 0.163417 0.0908296 0.126013 0.117212 0.115072 0.10932 0.199238 0.212762 0.131935 0.095211 0.0919875
threshold=-0.10484175010389062 0.074625373629898142 -0.02783535418318708 0.014096212348882088 -0.10578262503068499 0.042200169153450685 0.062049891366848513 0.0097073371539826842 0.067003592510880103 -0.008705251036434233 0.039512330936824623 -0.0082159903315965569 0.048571306425458122 0.042426546640786968 0.020761490987698462 0.018478976111964172 -0.0011231729653086709 -0.0097979269322656486 1.0000000180025095e-35 -0.0213197739129776 0.0027297187928095939 0.015616639854668669 0.010566134274116902 -0.069145778848546058 -0.0054814021019209107 0.0040381375067985925 0.0042914187487327398 -0.0068177992367637061 0.001458524929266315 -0.033532600125061825
decision_type=2 2 2 2 2 2 2 2 2 2 2 2 2 2 2 2 2 2 2 2 2 2 2 2 2 2 2 2 2 2
left_child=-1 2 3 5 -5 -2 8 -8 10 -10 11 12 13 14 15 17 -17 -4 20 -20 23 24 -23 -13 -22 26 27 -26 -27 -25
right_child=1 -3 6 4 -6 -7 7 -9 9 -11 -12 18 -14 -15 -16 16 -18 -19 19 -21 21 22 -24 29 25 28 -28 -29 -30 -31
leaf_value=0.0019932553903864963 0.0016424979341048505 0.0020140638181554349 -0.0015168559956590698 -0.0041002441882301358 9.5423975234063208e-05 -0.00035635760361236117 0.00024145200732164087 -0.0051429246552288539 0.00094369680591626097 -0.0054325040973102062 0.0018825509189420182 -0.0032733454002123897 -0.0061986177111975852 -0.00403020058958126 0.0016817160455892526 -0.0046089639634426154 0.00035554778735331639 0.0007650695743519711 -0.00074040929149222481 0.0053538746877827429 0.0012698832097078634 0.0030142708939554104 -0.00037590499346028868 0.0017000483072479257 0.0020576382067784751 0.0027229464910232238 -0.0064753913669846957 -0.0032514215835835782 -0.0013736619578633945 -0.00048921398435034446
leaf_weight=28 164 29 90 20 52 88 24 22 24 24 56 33 20 21 70 35 24 118 22 22 92 82 37 55 22 37 25 25 23 376
leaf_count=28 164 29 90 20 52 88 24 22 24 24 56 33 20 21 70 35 24 118 22 22 92 82 37 55 22 37 25 25 23 376
internal_value=5.05121e-12 -3.22235e-05 -6.70693e-05 0.000496813 -0.00107004 0.000944485 -0.000199555 -0.00233368 -0.000125909 -0.0022444 -4.67747e-05 -0.000134685 -0.000766947 -0.000463501 -0.000241244 -0.000745391 -0.0025895 -0.000222302 0.000146155 0.00230673 2.83535e-05 0.000645316 0.00196018 -0.00042772 -5.32064e-05 -0.00097536 -0.00274864 -0.00076633 0.00115258 -0.000209842
internal_weight=1760 1732 1703 324 72 252 1379 46 1333 48 1285 1229 378 358 337 267 59 208 851 44 807 343 119 464 224 132 72 47 60 431
internal_count=1760 1732 1703 324 72 252 1379 46 1333 48 1285 1229 378 358 337 267 59 208 851 44 807 343 119 464 224 132 72 47 60 431
is_linear=0
shrinkage=0.05


Tree=107
num_leaves=31
num_cat=0
split_feature=231 244 210 56 166 193 328 255 290 102 298 321 265 254 180 178 19 202 333 120 273 324 174 285 309 205 332 132 85 133
split_gain=0.0453416 0.101545 0.0893282 0.0943424 0.0829235 0.173659 0.219574 0.275344 0.132219 0.131385 0.129895 0.137478 0.160609 0.149273 0.101812 0.106841 0.138902 0.159671 0.110806 0.0999627 0.0956057 0.103529 0.15255 0.0954267 0.175819 0.0772825 0.119518 0.110657 0.140193 0.122925
threshold=0.0058660203887028741 0.10064326911149801 0.019892797530790155 1.0000000180025095e-35 -0.0066762136873999298 0.015735278116964149 -0.011557299792875774 0.0023288470384214559 0.0059150577610496006 0.0046971745011987007 -0.023964361595851021 -0.0018523260639586282 -0.013772398686242219 -0.0014322330132182186 0.030575218659211433 -0.0011464340826820099 11.679487179487181 0.0043295148189503108 0.0040822517822707944 1.0000000180025095e-35 0.048713236074508323 -0.0060758261425190229 -0.0087468327716555792 0.010756761323294275 -0.006580477277934961 -0.0047225262336971123 -0.015481150718326906 0.0037477808664319176 -0.063456693500157785 -0.0018433423926337588
decision_type=2 2 2 2 2 2 2 2 2 2 2 2 2 2 2 2 2 2 2 2 2 2 2 2 2 2 2 2 2 2
left_child=1 2 3 4 8 14 7 -7 10 -8 -1 -12 -13 -14 15 16 17 18 19 -6 21 22 -17 -18 -25 26 -2 28 29 -28
right_child=25 -3 -4 -5 5 6 9 -9 -10 -11 11 12 13 -15 -16 20 23 -19 -20 -21 -22 -23 -24 24 -26 -27 27 -29 -30 -31
leaf_value=0.0017185845759184082 0.0012510018582313359 0.0032393479937343817 0.0024170527529592317 -0.0029406955820056339 -0.0039979544087514482 -0.0094966765539720652 0.00083700019949901623 -0.0012992900452532229 0.0013718855551970281 -0.0034255372380420307 0.00054084434332253302 -0.0053358071191723869 0.0022098607505145278 -0.0029468258874355041 0.0021166294107895865 -0.0038781867935680429 0.0013312023074831814 -0.0053899723345239188 0.0019035045076244779 -0.00011408195294886051 -0.0029741516811191103 0.001586576976061209 0.00068465050482641784 0.0014368244890301 -0.0051136066170874989 0.00071087752822630217 -0.0018209964208654129 0.00024556912562380043 -0.00029257773631922068 -0.0069455694341079583
leaf_weight=49 76 21 30 34 37 20 48 21 167 29 64 32 23 36 43 26 64 32 21 30 20 122 62 21 20 443 25 78 44 22
leaf_count=49 76 21 30 34 37 20 48 21 167 29 64 32 23 36 43 26 64 32 21 30 20 122 62 21 20 443 25 78 44 22
internal_value=5.63579e-12 -0.00020331 -0.000272098 -0.000351113 -0.000261907 -0.000617577 -0.00234223 -0.00529802 0.000328638 -0.000768371 -0.000525393 -0.00123478 -0.00248357 -0.000936592 -0.000208924 -0.000428702 -0.00120335 -0.00236544 -0.0012656 -0.00225891 0.000329108 0.000643704 -0.000663461 0.000124744 -0.00175851 0.000316785 -0.000395797 -0.00113637 -0.00232089 -0.00421973
internal_weight=1760 1072 1051 1021 987 616 118 41 371 77 204 155 91 59 498 455 225 120 88 67 230 210 88 105 41 688 245 169 91 47
internal_count=1760 1072 1051 1021 987 616 118 41 371 77 204 155 91 59 498 455 225 120 88 67 230 210 88 105 41 688 245 169 91 47
is_linear=0
shrinkage=0.05


Tree=108
num_leaves=31
num_cat=0
split_feature=214 243 236 236 141 235 235 232 244 234 177 248 129 158 309 292 188 123 140 234 118 112 253 216 128 226 1 300 116 326
split_gain=0.0434956 0.0469597 0.081231 0.203373 0.144396 0.0937756 0.13616 0.0946755 0.0826111 0.0832683 0.0938558 0.152456 0.226732 0.142402 0.146383 0.135199 0.123236 0.178918 0.113459 0.088891 0.0811541 0.0802671 0.133531 0.0831458 0.113765 0.103647 0.077623 0.0763425 0.101348 0.0735479
threshold=0.35438678839621657 -0.0058867978377801994 0.036385243090436836 0.042405423149037343 -0.018878102298626753 0.089200517609311483 0.075711608918706819 -0.095042548186428974 -0.065941217468115224 -0.011539920400701027 0.010210871736523229 0.0083860864334365046 0.0090766101649919027 -0.011276262496869603 0.0093719961627043592 -0.012196204101502831 0.010212778643843077 0.0077744393910217638 -0.0076495982162043232 -0.013893084714983682 -0.001179135547482736 -0.065618103077782139 -0.013793705809094505 -0.063021378214576262 -0.0045501298800613927 -0.069786657419777631 4.4601277074540464 0.0040406487196242265 -0.020374738014561081 -0.041720054371023232
decision_type=2 2 2 2 2 2 2 2 2 2 2 2 2 2 2 2 2 2 2 2 2 2 2 2 2 2 2 2 2 2
left_child=1 21 5 -4 -5 6 7 -3 -9 19 13 12 18 -11 15 -15 17 26 -12 29 -13 22 -1 24 -23 -25 -17 -6 -29 -10
right_child=-2 2 3 4 27 -7 -8 8 9 10 11 20 -14 14 -16 16 -18 -19 -20 -21 -22 23 -24 25 -26 -27 -28 28 -30 -31
leaf_value=0.0013904057926265524 0.0021140027897975718 0.0033880052249878646 -0.0050225985324781003 -0.0036323788831941783 0.0013541069028932336 0.0033546024706447501 -0.0041855916223721579 0.0019600784309896763 -0.0023421419146567742 0.0014221444716689426 -0.0040095621999800919 -0.0021965242275305522 -0.0074009586633606399 0.0007901137109932512 0.0008616854423822728 -0.00057519452058005379 0.0003962288346695553 -0.0075308381370268775 0.00032502485038195223 0.0034744496777420865 0.0012594562695270801 0.00027837676794401241 -0.0039998988181145657 -0.0031804717012814117 0.0050831011030822992 0.00039556238931956705 -0.0037721659570263744 -0.0032366682100912619 0.00066634579427325388 0.00061908940042485492
leaf_weight=20 24 20 29 30 70 20 20 46 24 106 26 26 22 43 91 37 29 20 36 24 49 28 27 21 22 577 39 29 39 166
leaf_count=20 24 20 29 30 70 20 20 46 24 106 26 26 22 43 91 37 29 20 36 24 49 28 27 21 22 577 39 29 39 166
internal_value=8.18532e-13 -2.92258e-05 -0.000241709 -0.00115591 -0.000488451 -2.83224e-05 -0.000110432 -9.06015e-06 -9.572e-05 -0.000223859 -0.000563268 -0.00157714 -0.0030401 -0.000121609 -0.000753415 -0.00162826 -0.00246018 -0.00332306 -0.00149271 0.000607216 6.1383e-05 0.000289041 -0.00170615 0.000433754 0.00239246 0.000269983 -0.00221575 0.000195012 -0.000998175 0.000245039
internal_weight=1760 1736 1041 197 168 844 824 804 784 738 524 159 84 365 259 168 125 96 62 214 75 695 47 648 50 598 76 138 68 190
internal_count=1760 1736 1041 197 168 844 824 804 784 738 524 159 84 365 259 168 125 96 62 214 75 695 47 648 50 598 76 138 68 190
is_linear=0
shrinkage=0.05


Tree=109
num_leaves=31
num_cat=0
split_feature=322 288 194 304 304 298 159 109 108 297 161 293 140 236 205 329 301 281 139 227 105 262 104 234 257 254 153 334 143 298
split_gain=0.0436093 0.0590661 0.0600727 0.055014 0.111289 0.171715 0.0871033 0.119631 0.0845801 0.0817396 0.134941 0.0841818 0.0978321 0.270555 0.0920632 0.131763 0.139385 0.155063 0.182187 0.108011 0.116375 0.093104 0.0832353 0.0819298 0.129608 0.0918215 0.0794314 0.130149 0.0858314 0.0827268
threshold=-0.07772066254617073 0.10306606575297055 0.071319030281279769 -0.019904654754214511 -0.016830472314884107 -0.0036228058077081905 0.012410581805196066 0.010887731380966763 0.036816519117693985 0.064260091724807303 0.0071462517079698678 0.02240475404436942 -0.044431344911581898 -0.012774537686253159 0.0038407036063693566 0.02938797765514432 0.017107625132722053 0.011652596531800752 0.0087147141037706623 -0.055470642225744264 0.010609330085610555 -0.036925505014779592 0.058224619819239092 0.0022905969108187965 -0.02579090967027374 0.029235915804045099 -0.0037828973110886738 0.01114652389167649 -0.0029736661734815176 -0.00522246914797254
decision_type=2 2 2 2 2 2 2 2 2 2 2 2 2 2 2 2 2 2 2 2 2 2 2 2 2 2 2 2 2 2
left_child=-1 2 3 6 5 -5 8 -8 -2 11 -11 12 13 -6 15 16 19 18 -18 20 -14 -21 -13 24 -16 -26 27 -23 29 -28
right_child=1 -3 -4 4 9 -7 7 -9 -10 10 -12 22 14 -15 23 -17 17 -19 -20 21 -22 26 -24 -25 25 -27 28 -29 -30 -31
leaf_value=0.00195748308875149 0.0005438991502410025 -0.0026059013696133415 -0.002536599712608301 -0.0060205091378884397 -0.0067220452998299155 0.00014191150571255445 0.00042804642546459245 -0.0033029359861111809 0.0026088119824490851 0.00032385223126038911 -0.0051862971717491751 0.001225021449423274 0.00041622862592339519 0.0014037393978686028 -0.0036536223593099169 0.0013878097153581116 -0.0062711402885421812 -0.00012644934232368889 -0.00031922323454637081 0.0025862311114906336 -0.0039762390123398387 -0.00010525763234389681 -0.0013709677009804487 0.0015882508179398593 -3.7804210384792628e-05 0.0035217150120020269 0.00022246447183801247 -0.0038047578200348653 -0.00032750608263660598 0.003892501244614063
leaf_weight=28 233 22 23 20 20 26 70 31 63 25 20 217 25 21 22 86 36 42 20 32 38 70 36 131 132 21 34 36 152 28
leaf_count=28 233 22 23 20 20 26 70 31 63 25 20 217 25 21 22 86 36 42 20 32 38 70 36 131 132 21 34 36 152 28
internal_value=-2.57765e-13 -3.16452e-05 1.47386e-06 3.60771e-05 -0.000122321 -0.0025374 0.000550771 -0.000717107 0.000983391 -3.30171e-05 -0.0021251 4.55015e-05 -0.000171161 -0.00256006 -6.29349e-05 -0.000423378 -0.000727007 -0.00242302 -0.00414546 -0.000326502 -0.0022332 1.47528e-05 0.000855632 0.000642637 -6.52219e-05 0.000450757 -0.000242395 -0.00136169 0.000312023 0.0018799
internal_weight=1760 1732 1710 1687 1290 46 397 101 296 1244 45 1199 946 41 905 599 513 98 56 415 63 352 253 306 175 153 320 106 214 62
internal_count=1760 1732 1710 1687 1290 46 397 101 296 1244 45 1199 946 41 905 599 513 98 56 415 63 352 253 306 175 153 320 106 214 62
is_linear=0
shrinkage=0.05


Tree=110
num_leaves=31
num_cat=0
split_feature=254 119 113 248 197 171 259 89 221 327 56 316 123 0 5 108 188 293 83 167 199 331 47 297 283 218 104 169 126 299
split_gain=0.0416304 0.143981 0.0555261 0.0831688 0.065686 0.054418 0.0801082 0.139996 0.0765703 0.131886 0.074832 0.0740666 0.102319 0.115035 0.0724661 0.0875251 0.0961135 0.135661 0.164728 0.125797 0.132938 0.218167 0.152628 0.102739 0.0849418 0.0923801 0.0880838 0.147164 0.0801168 0.139233
threshold=0.078290367435630268 -0.0090790310734524086 0.038186427139133748 -0.012226652802964245 0.00383702524140214 0.020441208906184664 -0.065306269330683328 0.030837224016168664 -0.05039688499128455 -0.0057190389504956562 1.2424533248940004 0.00469038849131368 0.026887454832836815 4.9663289649179552 3.1771850203986758 0.043309069104496216 -0.0023487781102870275 0.022559616392372986 -0.35350783685369863 0.034111861861240871 0.010534209957568567 0.0077384079768415626 1.0000000180025095e-35 0.06267887759191175 0.0077279554908811993 0.036446021891622715 0.0023207656209525873 -0.012954307614838173 -0.021358973448701191 -0.014228261403084115
decision_type=2 2 2 2 2 2 2 2 2 2 2 2 2 2 2 2 2 2 2 2 2 2 2 2 2 2 2 2 2 2
left_child=2 -2 5 -4 -5 6 7 -1 9 -7 14 12 13 -10 15 16 17 18 -8 20 22 -22 -20 24 25 -18 -26 -28 29 -17
right_child=1 -3 3 4 -6 8 10 -9 11 -11 -12 -13 -14 -15 -16 28 23 -19 19 -21 21 -23 -24 -25 26 -27 27 -29 -30 -31
leaf_value=-0.00026841474044526562 -0.0037134204480436545 0.00096586734314249567 0.0039995408195647453 0.0018455325757177213 -0.001138173283876053 -0.00072699008797783233 -0.005278461953159422 -0.0052489348792559695 -0.0035312884700639795 0.004439364220791807 -0.0027921739593148235 0.0010889172842418202 0.0017974574891969752 -0.00023516029558959419 0.0022131501231342555 -0.0039661007164977493 0.00046682148436492043 0.00085975337864257139 -0.00018122787425034825 0.001807899824138183 -0.0064028268289421835 -0.0004708547143250584 -0.004464294683809082 -0.0033820037526311355 0.00043640552631706741 0.003148778627574858 -0.0053548489930108191 -0.00059781071710555511 0.0016694036603439599 0.0012914589770576534
leaf_weight=43 31 35 21 39 35 21 25 21 36 30 25 138 39 100 35 20 297 86 156 34 31 31 24 20 106 36 21 72 118 34
leaf_count=43 31 35 21 39 35 21 25 21 36 30 25 138 39 100 35 20 297 86 156 34 31 31 24 20 106 36 21 72 118 34
internal_value=2.33079e-12 -0.00123198 4.79992e-05 0.00122242 0.00043432 -2.17757e-05 -0.000180132 -0.00190265 0.000515503 0.00231204 -8.5989e-05 0.000222776 -0.000460238 -0.00110766 -2.69535e-05 -9.75238e-05 -0.000287461 -0.00089161 -0.001392 -0.00103996 -0.00144008 -0.00343684 -0.000752303 0.000136099 0.000268359 0.000756763 -0.000548921 -0.00167198 0.000939402 -0.000655785
internal_weight=1760 66 1694 95 74 1599 1235 64 364 51 1171 313 175 136 1146 1111 939 387 301 276 242 62 180 552 532 333 199 93 172 54
internal_count=1760 66 1694 95 74 1599 1235 64 364 51 1171 313 175 136 1146 1111 939 387 301 276 242 62 180 552 532 333 199 93 172 54
is_linear=0
shrinkage=0.05


Tree=111
num_leaves=31
num_cat=0
split_feature=214 139 154 139 84 208 137 19 168 135 262 174 292 102 246 139 202 112 240 270 277 304 333 327 107 115 139 239 208 238
split_gain=0.0414447 0.042299 0.108008 0.0900381 0.161582 0.142459 0.141461 0.136034 0.117367 0.167478 0.105276 0.102252 0.0992332 0.15947 0.0889661 0.0974191 0.0863295 0.079275 0.0754848 0.0852561 0.0727427 0.0751686 0.0762789 0.082619 0.102501 0.119768 0.111246 0.106563 0.0791789 0.0711018
threshold=0.34026970975244086 -0.020807454835829194 0.034143824693612386 -0.0041105441958558895 0.17303090007462293 -0.0081244778483203946 -0.014664110209415285 10.451388888888891 -0.011051695429174037 0.0094288611860365735 0.080458698753615901 -0.003499447886370328 0.049551385774206237 -0.011927681293771685 -0.10766884816408483 -0.0023367331906643299 0.0085265512661302657 -0.095050859724022038 0.024705580298159009 -0.043965583375519847 -0.071572081441804838 -0.010656459097336793 0.044453937264183868 -0.007723397528407676 -0.016512731589515887 0.0271611067786309 0.0020647600922391548 0.01350302071660806 0.012017675170008355 0.0030547774769690774
decision_type=2 2 2 2 2 2 2 2 2 2 2 2 2 2 2 2 2 2 2 2 2 2 2 2 2 2 2 2 2 2
left_child=1 2 -1 4 6 -6 -3 -8 9 -9 12 -7 14 -14 -5 29 -4 -17 20 -20 -19 -22 23 -23 27 26 -26 -25 -28 -16
right_child=-2 3 16 10 5 11 7 8 -10 -11 -12 -13 13 -15 15 17 -18 18 19 -21 21 22 -24 24 25 -27 28 -29 -30 -31
leaf_value=0.00083413475271103179 0.0018425137611726922 -0.0030870712221306015 -6.4141348326195261e-05 0.0028321225572760927 -0.005635985652666672 -0.0039347865337850119 0.0019199406926278383 -0.00051451031409669671 0.00035378997345749638 -0.0061182679276680571 -0.0025262621023717361 0.00031059528500426914 0.0014136906946077945 -0.0038195244972657008 0.0041822200918641798 -0.0027354654492228294 -0.0042040614731376994 -0.0029528763117490429 0.0037812814626914377 0.00064484365534064219 0.00084327223294075333 0.00077980096944711794 -0.003074815177023993 0.0022282736469909042 -0.0031565232210726082 -0.0038738860236638157 0.00095611348948202639 -0.0020421161687755513 -0.0019063023840343316 0.00036578689038794002
leaf_weight=296 30 38 34 34 28 23 78 40 113 20 37 37 24 37 26 24 20 21 26 130 198 145 24 48 35 37 78 21 35 23
leaf_count=296 30 38 34 34 28 23 78 40 113 20 37 37 24 37 26 24 20 21 26 130 198 145 24 48 35 37 78 21 35 23
internal_value=-4.50695e-12 -3.19511e-05 0.000458977 -0.000156462 -0.000815216 -0.00269109 -0.000244017 0.000186406 -0.000595188 -0.00238243 9.11458e-05 -0.0013168 0.000191398 -0.00176055 0.000322967 0.00022502 -0.00159745 9.59146e-05 0.000181069 0.00116758 -5.86449e-05 3.92276e-05 -0.000337134 -0.000172461 -0.000716075 -0.00132949 -0.000693392 0.00092859 6.95245e-05 0.00239083
internal_weight=1760 1730 350 1380 377 88 289 251 173 60 1003 60 966 61 905 871 54 822 798 156 642 621 423 399 254 185 148 69 113 49
internal_count=1760 1730 350 1380 377 88 289 251 173 60 1003 60 966 61 905 871 54 822 798 156 642 621 423 399 254 185 148 69 113 49
is_linear=0
shrinkage=0.05


Tree=112
num_leaves=31
num_cat=0
split_feature=322 288 244 93 202 229 140 93 278 181 95 202 270 122 290 256 84 242 273 319 231 189 202 261 104 221 315 232 166 111
split_gain=0.0397171 0.0531321 0.0498799 0.0612233 0.0588814 0.0500208 0.0942625 0.105238 0.0733724 0.0718273 0.0654456 0.0620222 0.104275 0.0898001 0.124156 0.0796838 0.0773912 0.0776522 0.0854492 0.0762401 0.095318 0.122224 0.0930022 0.191935 0.0975473 0.120554 0.0957477 0.0882185 0.115619 0.115035
threshold=-0.07772066254617073 0.10306606575297055 -0.066579068077526379 -0.01557976824836747 0.0043295148189503108 0.064217239359389666 0.0085142321876890952 -0.0051711032923324766 -0.097628482071715664 -0.015996103053792593 -0.00059991887926641116 -0.004771815847333021 -0.078164456856374534 -0.051998737963396456 -0.026419323239006868 0.084104900360102666 -0.32634299745662859 -0.011145575908925119 -0.0064500995763812742 0.0065033243570650238 -0.0019413638829536804 -0.017899388803966496 -0.00034733444914295783 -0.010527504765186364 0.032288514062554223 0.013400374670003901 0.0099035668054984292 -0.0348541684826182 0.0016764648981434851 -0.0048309006115783973
decision_type=2 2 2 2 2 2 2 2 2 2 2 2 2 2 2 2 2 2 2 2 2 2 2 2 2 2 2 2 2 2
left_child=-1 2 3 -2 -5 8 9 -8 -4 -7 -11 12 -10 14 -13 16 17 -15 -19 22 -21 -22 23 -18 27 -26 -25 28 -24 -29
right_child=1 -3 5 4 -6 6 7 -9 11 10 -12 13 -14 15 -16 -17 19 18 -20 20 21 -23 24 26 25 -27 -28 29 -30 -31
leaf_value=0.0018680877665506808 -0.00075871223387749575 -0.0024717250235632739 -0.0031727082410361617 0.00054251767319834067 0.0030735412873218594 -0.00049501205578929297 -0.0037764130369760101 0.001089651046320796 -0.0031269207563517352 0.0039845987569188347 0.00092192111734413747 -0.0053922369075007741 0.00047215989911264153 -0.00069493668941924213 -0.00081348896724492935 -0.0032592569534677924 -0.0064039515913464134 0.0050478018376798857 0.0005888043881647967 0.0014027668308758182 -0.0039187390992248602 0.00013017116742376544 0.00051315820257348771 -0.0021279218512871823 -0.0039524668675447764 0.00017183196537456859 0.0015652173583825622 0.0017798073360460636 -0.0046736158386227631 -0.00038295412494776293
leaf_weight=28 38 22 20 54 40 27 20 25 21 37 33 20 483 26 57 21 20 21 22 124 22 122 22 54 37 34 26 98 21 165
leaf_count=28 38 22 20 54 40 27 20 25 21 37 33 20 483 26 57 21 20 21 22 124 22 122 22 54 37 34 26 98 21 165
internal_value=-4.06851e-12 -3.02e-05 1.2114e-06 0.000934898 0.00161955 -7.68917e-05 0.000818319 -0.00107304 -0.000165415 0.00169575 0.00254077 -0.000122939 0.000322198 -0.000368936 -0.00200277 -0.000218271 -0.000139818 0.00146216 0.00276645 -0.00028819 0.000386611 -0.000488412 -0.000667323 -0.00202291 -0.00030775 -0.00197745 -0.000927652 7.96642e-05 -0.00201992 0.000422942
internal_weight=1760 1732 1710 132 94 1578 142 45 1436 97 70 1416 504 912 77 835 814 69 43 745 268 144 477 100 377 71 80 306 43 263
internal_count=1760 1732 1710 132 94 1578 142 45 1436 97 70 1416 504 912 77 835 814 69 43 745 268 144 477 100 377 71 80 306 43 263
is_linear=0
shrinkage=0.05


Tree=113
num_leaves=31
num_cat=0
split_feature=251 318 120 330 259 120 101 110 123 276 81 329 299 287 225 157 220 276 324 217 178 244 166 242 52 47 262 331 236 229
split_gain=0.0415138 0.0426545 0.044799 0.0494827 0.0560603 0.0475722 0.0671677 0.145804 0.127626 0.0684369 0.121199 0.205689 0.181161 0.0697583 0.0762936 0.0661414 0.0925172 0.0997427 0.115076 0.12234 0.125009 0.0744923 0.0641537 0.0788491 0.0907959 0.149765 0.0863893 0.167295 0.193977 0.113743
threshold=-0.10484175010389062 0.074625373629898142 0.07760366641684692 -0.012855555623462991 0.0054026936494159595 -0.023840488902964946 -0.03345385835521366 -0.02981938227224425 -0.0041379936503249818 0.029028678702359288 -0.40129580476721566 0.034313571667895566 0.01799739835474895 0.023862521330481262 -0.011262717723758654 0.011673313657433801 0.048414335145450051 0.029028678702359288 0.005968449090842938 0.028654778057497259 0.0021224481705976483 0.011726464185604796 0.028122156690578017 0.0025809873636200675 1.2424533248940004 1.0000000180025095e-35 0.0017428173424564209 -0.010636060188379559 0.002383937856014763 0.014119344911067909
decision_type=2 2 2 2 2 2 2 2 2 2 2 2 2 2 2 2 2 2 2 2 2 2 2 2 2 2 2 2 2 2
left_child=-1 2 5 -4 -5 15 7 -7 -9 22 11 12 -11 14 -12 16 17 18 19 20 -2 -20 23 26 25 -25 -8 28 -28 -29
right_child=1 -3 3 4 -6 6 9 8 -10 10 13 -13 -14 -15 -16 -17 -18 -19 21 -21 -22 -23 -24 24 -26 -27 27 29 -30 -31
leaf_value=0.0019098756335941807 -0.0055671788984909655 0.0018705822550240054 -0.00094159781176131232 0.00060589471531178186 0.0039742072548722808 0.00056885621917899696 7.820353230012448e-05 -0.00085738605015318501 -0.006184241612335546 0.00059510212663821328 -0.0027690898808650673 -0.0057422609621426094 -0.0038321274642034303 0.0022036935408644184 0.00068984507599287271 0.00121820979528585 0.0014506708309256836 0.0016485395409069276 0.0019563889824452678 3.7191209516354975e-06 -0.00084815510072866864 -0.0015768245057328246 0.0010269847678607809 0.00046421384857426467 0.0031734574775866887 -0.0034855391561555179 -0.0064839658164820672 -0.0014393433277335311 -0.0010842758338325299 0.001638987657373791
leaf_weight=28 36 29 20 30 21 40 210 22 23 68 25 28 35 34 44 143 69 37 35 35 23 26 136 312 27 26 29 83 39 47
leaf_count=28 36 29 20 30 21 40 210 22 23 68 25 28 35 34 44 143 69 37 35 35 23 26 136 312 27 26 29 83 39 47
internal_value=2.61852e-12 -3.08756e-05 -6.32551e-05 0.00116624 0.00199285 -0.000116744 -0.000271582 -0.0016276 -0.00358 -0.000170741 -0.000933288 -0.0019423 -0.000909296 0.000350015 -0.000563392 0.000353902 -0.000119645 -0.000683978 -0.00124077 -0.00233825 -0.00372756 0.000450429 2.55576e-05 -0.000150631 0.000383271 0.000160387 -0.000628265 -0.00137755 -0.00338708 -0.000326408
internal_weight=1760 1732 1703 71 51 1632 1228 85 45 1143 234 131 103 103 69 404 261 192 155 94 59 61 909 773 365 338 408 198 68 130
internal_count=1760 1732 1703 71 51 1632 1228 85 45 1143 234 131 103 103 69 404 261 192 155 94 59 61 909 773 365 338 408 198 68 130
is_linear=0
shrinkage=0.05


Tree=114
num_leaves=31
num_cat=0
split_feature=251 203 131 131 167 241 131 265 203 113 303 151 216 111 104 295 195 137 267 112 218 47 232 135 86 331 269 140 201 183
split_gain=0.0374662 0.0415645 0.101827 0.100936 0.110719 0.0877547 0.0822121 0.0927668 0.200765 0.102115 0.114193 0.124125 0.133892 0.218366 0.118068 0.0992381 0.0933395 0.0813176 0.115803 0.111299 0.0782445 0.076018 0.0759096 0.0663581 0.0769308 0.0639627 0.0880886 0.101569 0.118112 0.103148
threshold=-0.10484175010389062 7.4349562267278976e-05 -0.045015640582231488 -0.032085567667133198 -0.0081237777766361308 0.11117757440868388 -0.084070623987716517 -0.052978261452672079 -0.020345826000837227 -0.036592602671238809 -0.013184794820263331 -0.017510801030499016 -0.007802682701312064 0.0071155768599002085 0.0032036587671498396 -0.02284699229325304 -0.027672056490042469 -0.04131829588163502 0.047827370677647953 0.054590264731544817 0.032647296602940794 0.89587973461402759 -0.051882364850252459 0.065532680569285948 0.32055784585658648 0.0021928361418803903 0.0013331032886215314 -0.0020439364867083924 -0.0027617765359652462 0.0038519976961220877
decision_type=2 2 2 2 2 2 2 2 2 2 2 2 2 2 2 2 2 2 2 2 2 2 2 2 2 2 2 2 2 2
left_child=-1 5 -3 4 -4 6 -2 8 -8 -9 11 -11 13 -13 -14 20 -17 -18 19 22 -12 23 -19 24 25 26 27 -5 -29 -30
right_child=1 2 3 21 -6 -7 7 9 -10 10 15 12 14 -15 -16 16 17 18 -20 -21 -22 -23 -24 -25 -26 -27 -28 28 29 -31
leaf_value=0.0018143818073440344 -0.0032425007899291817 0.002711861791351858 -0.0047411513006822628 0.00033312247002199966 0.00022033657726791244 0.0027722321377318029 0.00061209999674591373 0.002383969941486915 -0.0046326377105692191 0.00073373228535689259 0.00082827112618769701 -0.0067477801994931313 0.00081919339875457815 -0.00071165286293574457 -0.0029361435678664648 -0.0032040789782768115 0.0025942895897767613 0.0032199389373272422 -0.0039469852857291696 -0.0034418708550881341 0.0042305004084482794 0.002507357538145568 2.2844189209827588e-05 -0.0022648383119043764 0.0030612961008560178 0.00066563565153523628 0.00048234760810896178 -0.00021708682608071036 -0.0053954750648699708 -0.0014678561850762762
leaf_weight=28 24 39 22 83 23 23 37 39 36 57 109 31 50 29 36 25 27 20 20 22 20 35 259 28 23 305 188 55 32 35
leaf_count=28 24 39 22 83 23 23 37 39 36 57 109 31 50 29 36 25 27 20 20 22 20 35 259 28 23 305 188 55 32 35
internal_value=-7.37983e-12 -2.93318e-05 0.000215042 9.75799e-05 -0.00220528 -0.000274837 -0.000358169 -0.00027344 -0.00197435 -0.00010655 -0.000244323 -0.00124501 -0.00201754 -0.00383032 -0.000752808 0.000160339 -0.000253087 -4.10909e-05 -0.000262758 -1.79593e-05 0.00135575 0.000229759 0.000252027 0.000123329 0.000216074 0.00012232 -0.000299337 -0.0010162 -0.00193418 -0.00334373
internal_weight=1760 1732 868 829 45 864 841 817 73 744 705 203 146 60 86 502 373 348 321 301 129 784 279 749 721 698 393 205 122 67
internal_count=1760 1732 868 829 45 864 841 817 73 744 705 203 146 60 86 502 373 348 321 301 129 784 279 749 721 698 393 205 122 67
is_linear=0
shrinkage=0.05


Tree=115
num_leaves=31
num_cat=0
split_feature=153 160 330 314 312 102 172 158 278 316 221 168 254 246 246 302 163 198 276 293 144 333 97 146 272 303 257 244 328 301
split_gain=0.0374801 0.118426 0.118366 0.158119 0.095162 0.0885242 0.103751 0.101186 0.0846204 0.0867697 0.088526 0.0783178 0.0927226 0.0733904 0.104257 0.203567 0.128622 0.0981301 0.238252 0.123709 0.0845904 0.080197 0.0992641 0.0907206 0.0785563 0.0769656 0.131831 0.153203 0.16145 0.0978792
threshold=-0.0084353538249717554 0.050358345542420822 0.043337863215426223 0.015319230748147266 -0.072824451399648424 -0.001315844293492913 -0.023929168618006577 -0.028935929762611556 0.032967683591028536 0.0030218047415408711 -0.0055000957481308064 0.028003057586588425 -0.00088538269801323574 0.010139635927873694 0.0033099858965819043 -0.011688786618357769 0.0061228589158490122 0.0019694595071385076 0.051517125393767065 -0.013253067522158667 0.037311590027963353 -0.0050404436427865058 0.012050812057899466 0.0060367282814099794 -0.03137902562642602 0.00045596220678533551 0.0030410225172173623 -0.011777593120534191 -0.0043104090907119088 0.0029560264090503939
decision_type=2 2 2 2 2 2 2 2 2 2 2 2 2 2 2 2 2 2 2 2 2 2 2 2 2 2 2 2 2 2
left_child=1 2 5 -4 -2 11 -7 -8 9 -9 -11 -1 -13 14 17 -16 -17 18 19 21 -15 23 -23 -6 -19 26 27 -21 -29 -27
right_child=4 -3 3 -5 13 6 7 8 -10 10 -12 12 -14 20 15 16 -18 24 -20 25 -22 22 -24 -25 -26 29 -28 28 -30 -31
leaf_value=0.0011518622569765284 -0.0028909217859618367 -0.0034442313746067474 -0.0055166911083253346 0.00048418402244957792 0.0018516915046521241 0.0017972075858732495 -0.0043012246797193903 -2.9793531196090675e-05 0.00179605360366016 -0.0039892457243508829 -0.00068105220367821559 0.001189513275458012 -0.0035674524582212882 0.0010533675266150419 -0.0057183490233475584 0.0015132689452730119 -0.0030584990437782836 0.0032808916975608881 -0.0050513147842139007 0.00060428831469228799 -0.0012518915964756161 0.0032850834845379786 -0.00042311502139245237 -0.0027427870621481404 0.00059825290080832362 0.0014760214305068885 0.00042508656563851137 -0.0073932542688334773 -0.0019692093815298424 -0.0012461152454918312
leaf_weight=200 25 29 23 21 21 39 21 92 30 39 42 20 21 344 23 40 25 31 25 24 45 59 26 22 228 72 55 23 34 61
leaf_count=200 25 29 23 21 21 39 21 92 30 39 42 20 21 344 23 40 25 31 25 24 45 59 26 22 228 72 55 23 34 61
internal_value=-8.82003e-13 -0.000330384 -0.0001656 -0.00265264 0.000161142 5.15227e-05 -0.000582809 -0.000997187 -0.00065539 -0.0010805 -0.00227389 0.00074376 -0.00124698 0.000227033 -5.60714e-05 -0.00167561 -0.000245103 0.000153208 -0.000317001 -1.88706e-05 0.000786692 0.00126065 0.00215081 -0.000498972 0.000919341 -0.000627713 -0.00146408 -0.00274685 -0.00415786 0.000227523
internal_weight=1760 577 548 44 1183 504 263 224 203 173 81 241 41 1158 769 88 65 681 422 397 389 128 85 43 259 269 136 81 57 133
internal_count=1760 577 548 44 1183 504 263 224 203 173 81 241 41 1158 769 88 65 681 422 397 389 128 85 43 259 269 136 81 57 133
is_linear=0
shrinkage=0.05


Tree=116
num_leaves=31
num_cat=0
split_feature=129 109 290 185 202 211 189 129 244 273 53 192 181 150 146 136 271 208 194 198 214 1 175 290 179 83 215 192 246 132
split_gain=0.0361525 0.113273 0.157842 0.129017 0.22286 0.0830811 0.0926693 0.121803 0.0826347 0.0734948 0.0698213 0.0581561 0.102822 0.0812348 0.0769474 0.0749375 0.0698135 0.0805595 0.121579 0.123063 0.26639 0.108915 0.116655 0.0830987 0.120828 0.0801504 0.0800153 0.145416 0.0746054 0.0858009
threshold=0.025782049166782936 -0.036096694555581989 -0.036763343910756995 0.0064186373020218238 -0.0067145427410080999 0.12979175709996982 -0.0029130391136352372 0.031321199894036304 -0.020757736140166527 0.031032098329750128 0.89587973461402759 -0.019921169049212779 -0.031533785569191307 0.0023883436387952344 0.02159060888319635 -0.012372629360451576 -0.042713554402987471 -0.0037231712760313804 0.0018195742013739922 -0.0047174838408015896 0.0017419326771492898 4.9380581778699986 1.0000000180025095e-35 0.0081996057582424051 0.0043263582136539875 0.22737468193700647 -0.079793722002997072 0.011648618985615328 0.089497679825560769 -0.065281043896161364
decision_type=2 2 2 2 2 2 2 2 2 2 2 2 2 2 2 2 2 2 2 2 2 2 2 2 2 2 2 2 2 2
left_child=10 2 -2 4 -4 6 7 -3 -9 -8 11 12 13 -1 15 -14 -13 18 21 20 -20 25 -23 24 -21 -18 27 -19 29 -28
right_child=1 5 3 -5 -6 -7 9 8 -10 -11 -12 16 14 -15 -16 -17 17 26 19 23 -22 22 -24 -25 -26 -27 28 -29 -30 -31
leaf_value=-0.0030733699664038053 0.0017535150723150849 -0.0050067673278681472 -0.0014752014500554651 -0.00020242123771458867 -0.0084621139824213026 0.0019802055602764434 0.00083507327207241492 -0.0026628863695077601 0.00071013007444613004 -0.0024051820261229298 0.0030546248750761154 0.0010785310979110241 0.0024756988990702667 0.0010730195590960129 0.0038601202155964884 0.00015470950275119408 0.00089250087746017197 -0.0050876093131955718 -0.0072724988403799085 -0.00032965510724655662 0.00023609094066722762 0.00029045853298157457 -0.0051098788232775407 0.00056080915252393001 -0.0053468801931012425 -0.002212614699965343 -0.0026448845842175863 0.00034724032545909724 -0.0026207297286462219 0.0005413028488009049
leaf_weight=27 22 20 25 25 21 47 140 30 46 20 20 118 52 21 26 105 155 20 27 30 21 20 20 49 20 24 22 32 21 534
leaf_count=27 22 20 25 25 21 47 140 30 46 20 20 118 52 21 26 105 155 20 27 30 21 20 20 49 20 24 22 32 21 534
internal_value=2.34634e-13 -0.000420574 -0.00194696 -0.00309359 -0.00466488 4.79219e-05 -0.000306833 -0.00153496 -0.000621324 0.000430041 0.000122102 7.84634e-05 0.000800417 -0.00125932 0.00134068 0.000923445 -7.13761e-05 -0.000207747 -0.000797543 -0.00190984 -0.00398749 -5.09293e-05 -0.00240971 -0.000902501 -0.00233655 0.000476173 0.000135441 -0.00174309 0.000304736 0.000415231
internal_weight=1760 396 93 71 46 303 256 96 76 160 1364 1344 231 48 183 157 1113 995 366 147 48 219 40 99 50 179 629 52 577 556
internal_count=1760 396 93 71 46 303 256 96 76 160 1364 1344 231 48 183 157 1113 995 366 147 48 219 40 99 50 179 629 52 577 556
is_linear=0
shrinkage=0.05


Tree=117
num_leaves=31
num_cat=0
split_feature=154 153 301 298 176 278 10 153 147 119 264 153 263 135 320 301 186 241 228 215 295 212 288 154 316 117 272 129 82 95
split_gain=0.0354542 0.0453612 0.0905884 0.103183 0.137984 0.0974735 0.116911 0.096728 0.100059 0.0928449 0.144763 0.135344 0.135012 0.103781 0.0847445 0.0814371 0.0913898 0.126677 0.104411 0.104201 0.10122 0.0896083 0.116034 0.0911791 0.0889612 0.112731 0.0771627 0.0764658 0.0947952 0.0753805
threshold=-0.050972941294003399 -0.0056836923199034507 -0.011948005779666124 -0.020623263347870725 0.024941984836741052 0.021368635000843763 0.00031893833560470733 -0.0069010175006073435 0.043972771719508662 -0.00061574597171413332 0.0062069940027416363 -0.011141695210365425 -0.0058742908299322461 0.010041829964746909 0.013808957150711813 -0.0042632117569421212 -0.0068801960076040275 -0.057701852113145026 0.022574137808537034 0.0042155155053731292 0.019201614404161467 0.037657067425859822 0.020781566089420642 -0.019535745707393876 -0.010246229597274446 0.027338244436868532 -0.05043098425530166 0.00065234875904241298 -0.25371225540120379 0.00082466669787701512
decision_type=2 2 2 2 2 2 2 2 2 2 2 2 2 2 2 2 2 2 2 2 2 2 2 2 2 2 2 2 2 2
left_child=-1 2 3 -2 5 6 -5 8 9 10 11 12 -4 -12 -11 24 17 -17 20 -20 -19 22 23 -18 25 -3 -26 -28 -29 -23
right_child=1 15 7 4 -6 -7 -8 -9 -10 14 13 -13 -14 -15 -16 16 21 18 19 -21 -22 29 -24 -25 26 -27 27 28 -30 -31
leaf_value=0.00091432707657804712 0.00054497338524015502 0.00041288896798050704 -0.0040925210546541571 -0.0044319290140577196 -0.0053236771860004717 0.00070375615924907231 -0.00086638084100211846 0.003025845714056721 0.0025775062987034494 0.0011715143014747731 0.0029506118186483428 -0.0056496934092137964 0.00018032179442325645 -0.0012176038879260888 -0.0014760540676922197 0.002186415284406394 0.0031137943494832145 7.1024329355528015e-05 -0.0014199050080496817 -0.006138080519039333 -0.0031183961732313037 -0.00018504648189838536 -0.0037685626733339941 -0.00044783908802640063 0.0039205471701596094 -0.0028380421381319007 9.0101330111075435e-05 0.0043383166568154207 0.0010885324030501596 0.0018824146802320944
leaf_weight=100 64 112 29 35 24 45 67 26 31 115 28 24 51 32 41 25 20 86 25 22 35 76 24 177 23 35 142 28 113 105
leaf_count=100 64 112 29 35 24 45 67 26 31 115 28 24 51 32 41 25 20 86 25 22 35 76 24 177 23 35 142 28 113 105
internal_value=3.51396e-13 -5.50799e-05 -0.000397109 -0.0011676 -0.00180856 -0.00123467 -0.00208985 8.317e-05 -0.000134806 -0.000397561 -0.0012282 -0.00235653 -0.00136858 0.000727563 0.000475679 0.000144655 -0.000239929 -0.00113425 -0.0016284 -0.00362841 -0.000851535 0.000189435 -0.000486141 -8.62519e-05 0.000649793 -0.000361142 0.00113544 0.000909086 0.00173388 0.00101431
internal_weight=1760 1660 612 235 171 147 102 377 351 320 164 104 80 60 156 1048 595 193 168 47 121 402 221 197 453 147 306 283 141 181
internal_count=1760 1660 612 235 171 147 102 377 351 320 164 104 80 60 156 1048 595 193 168 47 121 402 221 197 453 147 306 283 141 181
is_linear=0
shrinkage=0.05


Tree=118
num_leaves=31
num_cat=0
split_feature=129 109 290 185 202 211 189 246 257 181 273 53 81 282 192 181 273 207 246 287 194 208 215 173 257 181 97 289 152 112
split_gain=0.0336701 0.0994362 0.139003 0.114849 0.200785 0.0725769 0.0813303 0.114128 0.0699433 0.0763585 0.0637164 0.0616667 0.0548236 0.0527202 0.0509556 0.0897836 0.0768052 0.0752461 0.112152 0.0664399 0.0786831 0.0723878 0.109764 0.141389 0.0982982 0.15085 0.174183 0.0983572 0.105001 0.110071
threshold=0.025782049166782936 -0.036096694555581989 -0.036763343910756995 0.0064186373020218238 -0.0067145427410080999 0.12979175709996982 -0.0029130391136352372 -0.038496826160095719 -0.0034205516720055827 0.0065717162375854054 0.031032098329750128 0.89587973461402759 -0.49172604121527158 0.015849018520194703 -0.019921169049212779 -0.031533785569191307 0.0013260766254671271 -0.014868979296087399 -0.028420546407281592 -0.078725502735878181 -0.016137830941221367 -0.0037231712760313804 -0.079793722002997072 0.0003477738660508575 0.020988390611869502 0.006099960198559482 -0.0022605109873643048 0.010402322178746126 0.0086497506083312494 0.011751710230272593
decision_type=2 2 2 2 2 2 2 2 2 2 2 2 2 2 2 2 2 2 2 2 2 2 2 2 2 2 2 2 2 2
left_child=11 2 -2 4 -4 6 7 -3 -9 -10 12 14 -8 -14 15 16 -1 -17 -19 -16 -21 24 23 -23 25 27 -27 28 29 -22
right_child=1 5 3 -5 -6 -7 10 8 9 -11 -12 -13 13 -15 19 17 -18 18 -20 20 21 22 -24 -25 -26 26 -28 -29 -30 -31
leaf_value=-0.0035386228433344513 0.0016366290150802922 -0.004707037849307415 -0.001366952347336337 -0.00018422164558432996 -0.0079988063520951471 0.0018390770508669952 0.002306449449040484 0.0011857861878745485 -0.0041262463900784497 0.00014246688383123414 -0.0022480616217944774 0.0028737951489165425 0.00083877784455681746 -0.001751987230791538 -0.0026119133459869773 -0.00051804383906225364 0.00051825365766749857 0.0046616381017624267 0.0011172721653234807 0.0009663349830578747 0.0011726419246849179 0.00058980631554732103 0.00033126034112284188 -0.0053555587047594598 0.00069614616787432514 -0.00082485023239213572 -0.0058151972507510113 0.0010403680595426031 -0.003723533610472634 -0.0026459285183591422
leaf_weight=20 22 21 25 25 21 47 41 33 20 22 20 20 72 27 25 45 28 28 110 175 46 20 542 20 84 36 34 65 34 32
leaf_count=20 22 21 25 25 21 47 41 33 20 22 20 20 72 27 25 45 28 28 110 175 46 20 542 20 84 36 34 65 34 32
internal_value=3.57597e-13 -0.000405878 -0.001836 -0.00291203 -0.00439454 3.30715e-05 -0.0002985 -0.00144904 -0.000536796 -0.00189025 0.000391822 0.000117836 0.000768948 0.000132206 7.68243e-05 0.000752608 -0.00117211 0.00125745 0.00183642 -6.34327e-05 -4.87386e-06 -0.000191031 0.000144722 -0.00238288 -0.000781388 -0.00128387 -0.00324873 -0.000506805 -0.00140472 -0.000393951
internal_weight=1760 396 93 71 46 303 256 96 75 42 160 1364 140 99 1344 231 48 183 138 1113 1088 913 582 40 331 247 70 177 112 78
internal_count=1760 396 93 71 46 303 256 96 75 42 160 1364 140 99 1344 231 48 183 138 1113 1088 913 582 40 331 247 70 177 112 78
is_linear=0
shrinkage=0.05


Tree=119
num_leaves=31
num_cat=0
split_feature=214 325 156 185 196 113 277 113 137 299 81 239 113 257 285 269 88 300 246 190 115 296 301 148 243 88 259 235 246 261
split_gain=0.0338264 0.0354703 0.0700201 0.0479825 0.060414 0.0555793 0.11151 0.119004 0.100642 0.0969462 0.120507 0.165324 0.0962968 0.125214 0.0921642 0.122505 0.125868 0.175589 0.086152 0.0795719 0.0742248 0.0719399 0.12005 0.0717215 0.0640663 0.0740175 0.059439 0.0664875 0.0781624 0.0811637
threshold=0.35438678839621657 -0.037564171142919094 0.033051389703291606 0.061398012357374528 0.035262730164643506 0.005691479415334078 -0.00088943688879262919 0.0070950888773369317 0.014339470553722432 0.042207240742662404 -0.35100109328941814 -0.013082325486658988 0.0034036412004810278 0.0032170956834901613 0.034329062752094748 0.0059723768227556524 -0.023184041612416644 -0.0042013583284961605 -0.00060520108977255515 0.0088418463002043254 0.069653239505492973 0.013110685805336917 -0.00095309682506278519 0.010489285508197164 -0.052051132826740697 0.11454265343101454 -0.065306269330683328 0.055110410044434011 -0.059765579952838731 -0.052093242834690141
decision_type=2 2 2 2 2 2 2 2 2 2 2 2 2 2 2 2 2 2 2 2 2 2 2 2 2 2 2 2 2 2
left_child=1 2 -1 4 5 9 8 -8 24 12 11 -11 20 -14 15 16 -9 -18 -10 23 26 22 -22 -17 -7 -26 -3 28 -28 -30
right_child=-2 3 -4 -5 -6 6 7 14 18 10 -12 -13 13 -15 -16 19 17 -19 -20 -21 21 -23 -24 -25 25 -27 27 -29 29 -31
leaf_value=0.00097733214776620598 0.0018642791847620782 -0.0018534304970267439 -0.0018087782717954655 -0.0020223206527589356 0.0010515581898549241 0.0042541494045872244 0.0029749431222191327 -0.00046803866817544292 -0.0029371049416323123 0.00016813165477841445 0.00058409204048075485 -0.0051767395989885797 -0.0038827117574281797 0.00017769964226219503 0.0017403368700592359 -0.0021169690112736515 -0.0073878396424168552 -0.0018013451914064204 0.0012638694459936866 0.002415690794753443 0.0019457740726162836 -0.0038890349324387703 -0.0032993532719046929 0.0015240189048372919 0.0016463515596446873 -0.0015944018210575452 0.0021990737251360855 0.0024933806643070234 0.0024924901465419682 -0.00018093687350303198
leaf_weight=170 24 36 26 32 112 20 23 52 26 23 32 39 39 37 31 38 22 39 23 28 24 23 20 21 148 20 42 31 30 529
leaf_count=170 24 36 26 32 112 20 23 52 26 23 32 39 39 37 31 38 22 39 23 28 24 23 20 21 148 20 42 31 30 529
internal_value=4.51678e-12 -2.57734e-05 0.000607746 -0.000106403 -6.57471e-05 -0.000155388 0.000272931 -0.000454921 0.00105299 -0.000387769 -0.00190782 -0.00319396 -0.000211585 -0.00190593 -0.000796422 -0.00118962 -0.00227542 -0.00381615 -0.000965219 0.000220677 -3.63875e-05 -0.00162293 -0.000438375 -0.000821024 0.00157902 0.00126055 0.000122742 0.000235309 0.000118836 -3.74614e-05
internal_weight=1760 1736 196 1540 1508 1396 491 254 237 905 94 62 811 76 231 200 113 61 49 87 735 67 44 59 188 168 668 632 601 559
internal_count=1760 1736 196 1540 1508 1396 491 254 237 905 94 62 811 76 231 200 113 61 49 87 735 67 44 59 188 168 668 632 601 559
is_linear=0
shrinkage=0.05


Tree=120
num_leaves=31
num_cat=0
split_feature=2 52 149 240 197 241 254 150 120 187 257 224 156 240 303 11 82 164 131 205 108 129 256 91 261 191 107 219 240 145
split_gain=0.0331416 0.0658809 0.0712519 0.036592 0.0978354 0.0880534 0.0829463 0.0759016 0.0948485 0.0792099 0.0724505 0.0912106 0.0933705 0.151663 0.112827 0.199009 0.101972 0.0970014 0.10257 0.139972 0.0712978 0.0689555 0.09787 0.0670195 0.0773329 0.065112 0.0630246 0.0783739 0.0628933 0.0797751
threshold=6.0390628155997765 1.2424533248940004 0.0027796943480363451 0.02025903731717173 -0.0066436603408973017 -0.068369249566180804 -0.034716564450478216 0.0081104346163004496 -0.069298442258067111 -0.060168837150250863 0.020988390611869502 -0.079674532770926523 0.002186764762461288 0.013937535425162345 -0.037220213226357567 2.560236556517498 -0.37577697680421812 -0.011985969820967798 0.004454013803260738 0.00053563619502417057 0.026365424574099985 -0.028647604169812057 0.0099758108001221646 0.045673247616024329 0.013966984219507875 -0.0047698012478304 -0.033405911357350132 0.086993010826206862 0.053701686624553352 -0.011137767070738838
decision_type=2 2 2 2 2 2 2 2 2 2 2 2 2 2 2 2 2 2 2 2 2 2 2 2 2 2 2 2 2 2
left_child=1 3 -3 7 5 -5 -6 9 -9 -1 11 -11 13 14 15 -13 -16 -14 -19 -20 26 22 -8 24 -12 -25 -10 -28 -7 -30
right_child=-2 2 -4 4 6 28 21 8 20 10 23 12 17 -15 16 -17 -18 18 19 -21 -22 -23 -24 25 -26 -27 27 -29 29 -31
leaf_value=-0.0034684334392382186 -0.0017718949460406573 0.0038616645170132754 -3.2797993965990221e-05 0.0041902780892666093 -0.0026132083342721066 0.0015993660737876781 0.00020295850866075072 -0.0027847298876043751 0.0015066986859892497 -0.0031577187110528801 0.00053685797793550196 -0.00675453702599043 0.0018493282780400477 -0.0050095167423767802 -0.0037276073580696473 0.00013682558571665801 -0.00010998642455516419 0.000501847206949491 0.00064484623134344952 -0.0040227921302074619 0.0016833280264168409 0.00073809471925869732 -0.0032987465778733754 -0.0031733798789355208 0.0036288453203339416 0.00053500233274274354 8.8643812744911504e-05 -0.0029041837295517327 0.0014942734851501882 -0.001965989305446985
leaf_weight=21 26 23 24 22 33 104 56 22 65 33 91 20 70 22 21 22 269 127 29 36 107 144 31 20 26 29 175 25 31 36
leaf_count=21 26 23 24 22 33 104 56 22 65 33 91 20 70 22 21 22 269 127 29 36 107 144 31 20 26 29 175 25 31 36
internal_value=-1.19748e-12 2.65682e-05 0.001873 -2.48737e-05 0.000357158 0.00121278 -0.000268355 -0.000166816 0.000405319 -0.000436458 -0.000358333 -0.000596754 -0.000459559 -0.000989141 -0.000722731 -0.00314478 -0.000371952 0.000255983 -0.000324924 -0.00194031 0.000593977 6.66241e-05 -0.00104478 0.000573804 0.00122397 -0.000978623 0.000154126 -0.00028546 0.000829713 -0.000364972
internal_weight=1760 1734 47 1687 457 193 264 1230 394 836 815 649 616 354 332 42 290 262 192 65 372 231 87 166 117 49 265 200 171 67
internal_count=1760 1734 47 1687 457 193 264 1230 394 836 815 649 616 354 332 42 290 262 192 65 372 231 87 166 117 49 265 200 171 67
is_linear=0
shrinkage=0.05


Tree=121
num_leaves=31
num_cat=0
split_feature=153 160 330 329 102 172 158 312 265 165 158 283 187 129 71 100 102 271 300 47 326 200 149 123 176 172 193 132 298 273
split_gain=0.0320707 0.100163 0.0983029 0.132457 0.0763749 0.0868292 0.0829901 0.0733855 0.072307 0.0715955 0.0758943 0.0904654 0.0684375 0.0718403 0.0677111 0.123141 0.0631993 0.13144 0.0592719 0.0909155 0.0917261 0.145043 0.0842055 0.0863196 0.0856389 0.147046 0.105719 0.0823754 0.0767238 0.101341
threshold=-0.0084353538249717554 0.050358345542420822 0.043337863215426223 -0.0042001495310979688 -0.00097067455514030312 -0.023929168618006577 -0.028935929762611556 -0.072824451399648424 -0.0040539274373186558 0.0091422500177202656 0.0016006502962392481 -0.0006858167664602862 0.0047649698687256504 0.014935143006890904 1.0000000180025095e-35 -0.0213197739129776 -0.039639373183642364 0.0017002223889328227 -0.005083712039449231 1.0000000180025095e-35 0.02864962036061661 -0.0062238117120943584 -0.01781453611785077 -0.067969131801782531 0.0124623905640975 -0.0060590832857604646 -0.0062987732918646485 -0.065918870556555667 0.01475216595828388 -0.0083084554124411326
decision_type=2 2 2 2 2 2 2 2 2 2 2 2 2 2 2 2 2 2 2 2 2 2 2 2 2 2 2 2 2 2
left_child=1 2 4 -4 8 -6 -7 -2 12 10 -8 -12 13 -1 18 -16 17 -10 22 20 27 -22 24 -24 25 26 -9 -20 -25 -30
right_child=7 -3 3 -5 5 6 9 14 16 -11 11 -13 -14 -15 15 -17 -18 -19 19 -21 21 -23 23 28 -26 -27 -28 -29 29 -31
leaf_value=0.0013227608710251473 -0.0025311382526997479 -0.0031693129029510356 -0.0051638992027040918 0.00032280465450391856 0.0016622159403356677 -0.0039148951905579972 -0.00011824643808096405 -0.0010501614992972465 0.00041942968596949391 0.00055121476550993979 -0.00062977243292455885 -0.0044516035112792457 0.00042155746289063243 0.0051718571064570413 -0.00066241743466393527 0.0044666567100211975 0.00083339631081531373 -0.004588308362290263 -0.0028043510783887049 -0.0029142588943018226 -0.0045219321543949528 -0.00013991289095680132 -0.0014757825510441176 0.00075569347900454891 0.0012260254530701788 0.00036359673133119942 -0.0061911454425171543 0.00031973966181745472 0.0044774976362915416 0.0010212904451085099
leaf_weight=27 25 29 22 22 38 21 61 20 38 80 30 32 50 22 22 25 85 20 22 29 28 58 31 195 51 55 20 516 38 48
leaf_count=27 25 29 22 22 38 21 61 20 38 80 30 32 50 22 22 25 85 20 22 29 28 58 31 195 51 55 20 516 38 48
internal_value=-1.6743e-14 -0.000305613 -0.000154067 -0.00242055 4.38e-05 -0.000547744 -0.000922648 0.000149061 0.000684232 -0.000613105 -0.00137039 -0.00260233 0.00172296 0.00305093 0.000206924 0.00206581 -3.48892e-05 -0.00130738 0.000128285 -0.000177569 -5.03832e-05 -0.00156662 0.00056436 0.00102813 -0.000426719 -0.00131398 -0.00362065 0.000191989 0.00130437 0.00254845
internal_weight=1760 577 548 44 504 262 224 1183 242 203 123 62 99 49 1158 47 143 58 1111 653 624 86 458 312 146 95 40 538 281 86
internal_count=1760 577 548 44 504 262 224 1183 242 203 123 62 99 49 1158 47 143 58 1111 653 624 86 458 312 146 95 40 538 281 86
is_linear=0
shrinkage=0.05


Tree=122
num_leaves=31
num_cat=0
split_feature=285 217 304 250 297 241 146 198 246 269 194 330 309 329 170 217 301 94 211 161 311 139 231 210 153 293 168 304 114 239
split_gain=0.0313114 0.0558959 0.103994 0.060102 0.051334 0.0430296 0.0400669 0.0878152 0.0739058 0.050565 0.04132 0.046775 0.0536607 0.0673447 0.110495 0.111916 0.122359 0.133792 0.121165 0.100869 0.0999652 0.102361 0.138411 0.0995502 0.0912545 0.0984185 0.0967043 0.151564 0.148281 0.0821997
threshold=-0.03872758943933672 -0.002083155834152953 -0.014060313825430317 0.014592979737272823 0.019087792973918011 0.0040198328742082675 0.050489092852213126 -0.0062259557033232738 -0.12891518288634171 0.006130579005520412 0.071319030281279769 0.076372622367448337 0.02466224537220052 -0.0018378770486458362 0.018797016910890422 -0.0002943421727568248 0.016131628646500199 0.0057743794235385762 0.040830628080941581 -0.0083539530306616077 0.01683221991232018 0.0047866188662248274 0.00066493124503259719 0.020630250592672993 -0.0032619118577217722 0.040497450497627228 -0.0072419638151538018 -0.023561397579167875 -0.017856362982653789 -0.004658380181160506
decision_type=2 2 2 2 2 2 2 2 2 2 2 2 2 2 2 2 2 2 2 2 2 2 2 2 2 2 2 2 2 2
left_child=1 2 -1 4 -3 -4 8 -8 -2 -9 11 12 13 23 15 16 29 -18 19 -17 21 22 -21 24 25 26 -10 -28 -29 -15
right_child=6 3 5 -5 -6 -7 7 9 10 -11 -12 -13 -14 14 -16 18 17 -19 -20 20 -22 -23 -24 -25 -26 -27 27 28 -30 -31
leaf_value=-0.0032260010242462162 -0.0029526736789747426 0.00095068471596783236 0.0024482245756579299 0.0022238385662673795 -0.0016413025605568413 -0.00071599644566462802 -0.0010273774650188224 0.00096171668340572908 5.8238379590745488e-05 0.0043057613819837571 -0.0021978024046604887 -0.0024033380251023036 0.00059528875179422759 0.0018836632097788556 0.00098912085926787432 0.00064879372450708285 -0.0042594650523824383 0.00062231514937593612 -0.0047561809731026493 -0.0056607724468985682 0.00060314242009018712 -0.00055238300107142077 -0.0016506064883894094 0.0036954252142459157 0.00063900372688234508 0.002475187667767473 0.001161040387460557 -0.006784561978977012 -0.0017686892508120254 -0.00027902603281182886
leaf_weight=25 23 72 21 65 26 22 31 26 84 20 23 21 278 70 98 55 32 25 27 39 34 47 48 20 302 21 23 23 41 118
leaf_count=25 23 72 21 65 26 22 31 26 84 20 23 21 278 70 98 55 32 25 27 39 34 47 48 20 302 21 23 23 41 118
internal_value=-6.59384e-13 0.000542579 -0.000661606 0.00104494 0.000263015 0.000829321 -8.19723e-05 0.0010295 -0.000140914 0.00241565 -9.56581e-05 -6.12702e-05 -2.57587e-05 -0.000181722 -0.000544802 -0.000848487 -8.90353e-05 -0.00211833 -0.00159275 -0.00120973 -0.00181818 -0.00243255 -0.00344827 0.000237162 9.71515e-05 -0.000755137 -0.00115184 -0.0023202 -0.00357127 0.000526231
internal_weight=1760 231 68 163 98 43 1529 77 1452 46 1429 1406 1385 1107 593 495 245 57 250 223 168 134 87 514 494 192 171 87 64 188
internal_count=1760 231 68 163 98 43 1529 77 1452 46 1429 1406 1385 1107 593 495 245 57 250 223 168 134 87 514 494 192 171 87 64 188
is_linear=0
shrinkage=0.05


Tree=123
num_leaves=31
num_cat=0
split_feature=185 197 250 257 256 129 146 155 95 308 234 208 115 220 224 108 140 108 118 323 196 117 156 305 326 232 224 322 189 129
split_gain=0.0307 0.0402935 0.0448422 0.0623776 0.0545406 0.0401645 0.0791718 0.0964568 0.164996 0.165931 0.0777839 0.0961357 0.0745467 0.0731265 0.0728054 0.0703561 0.0929396 0.0671575 0.066386 0.0710805 0.0839089 0.136747 0.113582 0.0851998 0.107525 0.0748075 0.0998329 0.0651632 0.0830858 0.0637181
threshold=0.075952475439999834 0.033387157146936026 -0.0016858732771901953 0.003708311491032794 -0.0071818902319265897 0.017345695884468614 0.054936362622019154 0.013864052796627861 -0.0044608766286535709 0.010420647222560322 -0.0069374403930142969 -0.014138408908336416 0.069653239505492973 0.014577867180785669 -0.0024253842386997202 0.052813902472034324 0.039525312507858658 0.066200005465225129 0.040714875284981404 -0.0075937434521841773 0.0035024079407234092 0.011071227225448949 -0.014453611859300025 0.0065208284384231348 0.01029394112313589 0.027910098856128111 0.030513137275316352 -0.0091143448204038021 -0.0017814900280454366 0.00083747453959210391
decision_type=2 2 2 2 2 2 2 2 2 2 2 2 2 2 2 2 2 2 2 2 2 2 2 2 2 2 2 2 2 2
left_child=1 5 3 -3 -4 14 7 10 9 -9 11 -7 27 -13 29 16 18 -17 19 25 21 22 -21 24 -24 26 -16 28 -12 -1
right_child=-2 2 4 -5 -6 6 -8 8 -10 -11 12 13 -14 -15 15 17 -18 -19 -20 20 -22 -23 23 -25 -26 -27 -28 -29 -30 -31
leaf_value=0.00025629621119839394 -0.0017760365695721704 -0.0015961669543792273 0.0035831227390444838 0.0015049691690364854 0.00071315003632643845 -0.0043007222149753941 0.0024253142307355557 -0.0014441189588978887 0.00010753112964548879 -0.0067465755511075254 -0.0026966999629512434 -0.0017429857558974101 -0.0019829358008724672 0.00091657120453116168 0.00040677647322060216 0.0029796632018030413 -0.0033486624875177558 -1.8359654820821388e-05 -0.0028582356918680791 0.0014510984439402819 0.00034564853843858863 -0.004042150672978243 -0.0011160714099931188 0.00019811351283839564 -0.0054475260675763311 -0.0015429760989666519 0.0035107430594507605 0.0015393527593139721 0.0010554222200880759 0.0015993388501650268
leaf_weight=370 24 34 25 31 49 20 23 36 58 25 25 56 27 48 136 31 26 47 24 45 127 37 38 41 23 35 32 115 36 116
leaf_count=370 24 34 25 31 49 20 23 36 58 25 25 56 27 48 136 31 26 47 24 45 127 37 38 41 23 35 32 115 36 116
internal_value=-7.10233e-13 2.45535e-05 0.000841056 -0.000117164 0.00168274 -4.65134e-05 -0.000435386 -0.000582911 -0.00180181 -0.00361726 -0.000139334 -0.00112602 0.000463369 -0.000515498 0.000115172 -0.000234329 -0.000428982 0.00117316 -0.000287882 -0.000167865 -0.000642907 -0.00132522 -0.000641372 -0.00156452 -0.00274924 0.000559907 0.000998008 0.000838655 -0.000482333 0.000576858
internal_weight=1760 1736 139 65 74 1597 469 446 119 61 327 124 203 104 1128 642 564 78 538 514 311 184 147 102 61 203 168 176 61 486
internal_count=1760 1736 139 65 74 1597 469 446 119 61 327 124 203 104 1128 642 564 78 538 514 311 184 147 102 61 203 168 176 61 486
is_linear=0
shrinkage=0.05


Tree=124
num_leaves=31
num_cat=0
split_feature=154 153 189 132 112 278 131 216 243 185 138 308 203 117 301 186 122 186 176 274 232 274 84 262 298 159 151 127 120 171
split_gain=0.0302416 0.0384167 0.075519 0.135813 0.0825728 0.0770406 0.0727955 0.067964 0.0952564 0.122177 0.0759889 0.073496 0.0964495 0.0784264 0.0648676 0.0794279 0.117832 0.0919059 0.0699729 0.0668963 0.0876611 0.07691 0.0663218 0.0599899 0.0587082 0.123719 0.113352 0.120581 0.0932168 0.0912588
threshold=-0.050972941294003399 -0.0056836923199034507 -0.033704177687239191 0.0041020622531078993 -0.070166018662227145 0.027106595944920913 -0.045015640582231488 0.023101830812867947 0.0079127291986244176 0.026156275385422544 0.0047244793536789795 0.01496035716404643 -0.001533248541654426 0.010127016664522969 -0.0042632117569421212 -0.012494820091646245 -0.028325610315620489 -0.017445194850414094 -0.010111200278913395 -0.011010657409268336 0.042806075101607964 -0.005648186306727543 -0.31302845818128816 0.0019882988006495873 0.005446358351788712 -0.01493596134421009 -0.0027856613832102687 -0.02035836293118071 -0.005597203603461688 -0.0025430908252615414
decision_type=2 2 2 2 2 2 2 2 2 2 2 2 2 2 2 2 2 2 2 2 2 2 2 2 2 2 2 2 2 2
left_child=-1 2 3 -2 -4 7 -3 8 11 10 -10 13 -13 23 19 16 -16 18 -18 -8 21 -21 -17 -6 25 -24 -27 -28 -29 -30
right_child=1 6 4 -5 5 -7 14 -9 9 -11 -12 12 -14 -15 15 22 17 -19 -20 20 -22 -23 24 -25 -26 26 27 28 29 -31
leaf_value=0.00084444319368049033 -0.0041435672983746322 0.0016447787057660283 -0.0027297840248017261 0.0005588244594816517 0.00088556630526790802 0.001207583093102837 0.0013016719400944061 0.00086145850626992123 -6.6321959699659292e-06 -0.0044358538058135782 -0.0029496073839254677 -0.0041839039309360532 0.00060818995473146931 0.0019942373078774222 -0.0046708575292976331 0.0015034488679262839 -0.001840119422413409 -0.0035054190408276478 0.0012030886497585943 -0.0030359310282738476 0.0030108444995924155 8.9060459492184113e-06 0.001582821592025787 -0.001728079720359823 0.0004917392346934803 1.9636268202875612e-05 -0.0057874614976092496 0.0011569959186255635 -7.6069437491241848e-05 -0.0043815252520289505
leaf_weight=100 34 74 30 28 46 101 158 93 75 31 31 21 21 59 23 62 30 23 51 23 22 211 44 42 152 79 22 22 20 32
leaf_count=100 34 74 30 28 46 101 158 93 75 31 31 21 21 59 23 62 30 23 51 23 22 211 44 42 152 79 22 22 20 32
internal_value=2.85392e-12 -5.08701e-05 -0.000365631 -0.00201991 -0.000179149 -3.19971e-05 0.000132941 -0.000330798 -0.00067092 -0.00167479 -0.000867314 5.67551e-05 -0.00178786 0.000583787 1.80783e-05 -0.000332763 -0.00143229 -0.000716064 7.59745e-05 0.000492646 -6.67445e-06 -0.000290373 -1.02698e-05 -0.000361856 -0.000263236 -0.000787238 -0.00138314 -0.0025375 -0.0015713 -0.00272558
internal_weight=1760 1660 612 62 550 520 1048 419 326 137 106 189 42 147 974 560 127 104 81 414 256 234 433 88 371 219 175 96 74 52
internal_count=1760 1660 612 62 550 520 1048 419 326 137 106 189 42 147 974 560 127 104 81 414 256 234 433 88 371 219 175 96 74 52
is_linear=0
shrinkage=0.05


Tree=125
num_leaves=31
num_cat=0
split_feature=92 52 56 333 323 144 82 146 331 162 166 180 113 182 109 316 115 303 19 327 153 296 116 313 281 331 198 117 332 82
split_gain=0.0292541 0.0674548 0.0768502 0.0611092 0.102131 0.069992 0.0685513 0.0639832 0.0647561 0.105645 0.162536 0.183097 0.0975813 0.091223 0.086933 0.112134 0.107033 0.0879299 0.129321 0.190469 0.0999038 0.0852259 0.079523 0.0710603 0.0668164 0.0665736 0.0658016 0.102273 0.0645948 0.0576967
threshold=0.032265871462138454 0.89587973461402759 1.0000000180025095e-35 0.017207789473275295 0.059957528495208468 0.062049891366848513 -0.21003864172294121 -0.044735611768274376 0.0077384079768415626 -0.015307550608202531 0.0053156872828577168 -0.0040665212527909089 0.0017463943819400073 -0.011171036890623575 0.013028599890881289 -0.02540614434896819 -0.031610796129920772 0.00034935491046129069 11.35416666666667 0.0018588673529393227 0.0014868067258777692 0.0053442139990504825 0.04258467685023104 0.04778761761267248 0.0040166276927295881 -0.0061922400464501318 0.0045947560742447928 0.015405619147674932 -0.0082812190629586065 -0.23974051263580934
decision_type=2 2 2 2 2 2 2 2 2 2 2 2 2 2 2 2 2 2 2 2 2 2 2 2 2 2 2 2 2 2
left_child=3 2 -2 5 6 7 -5 -1 9 10 12 -12 -9 28 15 -15 -17 20 19 -19 -18 -20 25 24 26 -16 27 -10 -11 -26
right_child=1 -3 -4 4 -6 -7 -8 8 23 13 11 -13 -14 14 22 16 17 18 21 -21 -22 -23 -24 -25 29 -27 -28 -29 -30 -31
leaf_value=0.0016147041570146157 0.00029826264188049552 0.0027357347227667493 -0.0027194777164946905 0.0027847888769530174 -0.0028662814746937895 -0.0028985820119627396 0.00044042628730271005 -0.0026843222336610782 -2.553273322215925e-05 0.0025841915995299231 -0.00082989548500336243 -0.0072483653975650673 0.0015142009893973029 0.0014013034853926529 0.0007528277390520089 -0.0050401253241073828 -0.00085650558855074148 -0.0016282989759929479 3.4041224571410568e-05 0.0050289555731329273 -0.0046358740542713998 -0.0045265706200596128 0.0032148332157521512 -0.002254601542113556 0.0028911062563467468 -0.0020601789849796193 0.00097929090351781575 -0.0036851558130625304 -3.3878382753520728e-05 0.00060331320101222787
leaf_weight=43 514 27 22 36 21 26 233 25 60 38 20 25 31 31 58 23 36 22 20 21 34 21 20 27 37 33 58 28 62 108
leaf_count=43 514 27 22 36 21 26 233 25 60 38 20 25 31 31 58 23 36 22 20 21 34 21 20 27 37 33 58 28 62 108
internal_value=1.3499e-12 0.000297235 0.0001744 -0.000139802 0.000491999 -0.000341812 0.00075417 -0.000266356 -0.000362879 -0.000706595 -0.00215817 -0.00439571 -0.00036014 -0.000356693 -0.00076976 -0.00137273 -0.00185858 -0.00138341 -0.000292758 0.00162292 -0.0026922 -0.00230188 0.000360133 0.000199173 0.000426843 -0.000267274 -0.000328202 -0.00118996 0.000960988 0.00118709
internal_weight=1760 563 536 1197 290 907 269 881 838 520 101 45 56 419 319 208 177 154 84 43 70 41 111 318 291 91 146 88 100 145
internal_count=1760 563 536 1197 290 907 269 881 838 520 101 45 56 419 319 208 177 154 84 43 70 41 111 318 291 91 146 88 100 145
is_linear=0
shrinkage=0.05


Tree=126
num_leaves=31
num_cat=0
split_feature=214 292 190 137 207 190 292 297 297 83 179 82 156 119 156 244 276 225 102 172 233 233 294 88 144 234 283 9 11 279
split_gain=0.028448 0.0305913 0.0835342 0.0649326 0.0491765 0.0439493 0.0539525 0.0477673 0.0540775 0.0848461 0.0946547 0.0834015 0.0788644 0.0820141 0.107181 0.111098 0.0978368 0.0798545 0.0916194 0.0670979 0.0644913 0.137082 0.0675499 0.0568592 0.0497403 0.0860183 0.107439 0.0811144 0.0903948 0.0641858
threshold=0.34026970975244086 -0.04698189076077141 0.037970102804812007 0.0045273310823334741 -0.00390564823433708 0.041775418972237459 -0.043722314024314077 0.068880889476867532 -0.01001729767512591 0.31946690125173582 0.0033959035109059751 0.47836054026722991 0.012982316002822512 -0.0027673272603705346 0.00073983221271580509 -0.0050196687218856412 0.024898231739939335 0.018975351451991657 -0.0053760771482701444 0.0044404847537781039 -0.068129108642383293 -0.05921643912026895 0.0072225264505373999 -0.013364388385859398 0.0035581532117220063 0.036048867403697137 -0.012848385706097724 0.025872210953346859 3.588655508362264 0.0039502721808473062
decision_type=2 2 2 2 2 2 2 2 2 2 2 2 2 2 2 2 2 2 2 2 2 2 2 2 2 2 2 2 2 2
left_child=1 2 3 -1 -5 6 -3 8 11 20 -11 12 13 14 16 -16 19 23 -19 -8 22 -22 -10 -15 25 27 -27 28 -23 -30
right_child=-2 5 -4 4 -6 -7 7 -9 9 10 -12 -13 -14 17 15 -17 -18 18 -20 -21 21 24 -24 -25 -26 26 -28 -29 29 -31
leaf_value=0.0020744548580535738 0.0015265185813905192 -0.0027361473034397937 -0.0021598548856158945 -0.0019396256430216298 0.00097543951586629156 0.0010188259288995704 -0.0012071293692618688 -0.0019203414225355828 0.0028239356428275643 0.0044147561246063562 0.00020194799639284612 -0.0032502758368187085 0.00076709915073782525 -0.00023920023875903366 -0.0013526911358591558 -0.0063984750484814869 -0.0031870357910050982 0.00046664482617737071 -0.0031776617331031177 0.0015294030141376426 -0.0035939127578145688 -0.00011870132193922367 -0.00044975410727462215 0.001901881835459662 0.00045959880861577544 0.00052845117534161545 -0.0037670011040628762 0.00089768365799389085 -0.00057927680484551401 -0.0043289088050369176
leaf_weight=76 30 20 23 23 39 84 48 36 40 24 30 26 120 68 24 20 31 34 35 42 27 170 26 57 361 24 37 139 21 25
leaf_count=76 30 20 23 23 39 84 48 36 40 24 30 26 120 68 24 20 31 34 35 42 27 170 26 57 361 24 37 139 21 25
internal_value=1.67315e-12 -2.64714e-05 0.000629892 0.00109485 -0.000105956 -9.3823e-05 -0.000156761 -0.000121547 -7.62312e-05 0.000151159 0.00207431 -0.000492288 -0.000342585 -0.00071351 -0.00153297 -0.00364623 -0.000764507 -1.65494e-05 -0.00138192 6.99191e-05 3.17913e-05 -9.1549e-05 0.0015343 0.000737133 3.01547e-05 -0.000342512 -0.00207699 -4.44753e-05 -0.000650772 -0.00261712
internal_weight=1760 1730 161 138 62 1569 1485 1465 1429 924 54 505 479 359 165 44 121 194 69 90 870 804 66 125 777 416 61 355 216 46
internal_count=1760 1730 161 138 62 1569 1485 1465 1429 924 54 505 479 359 165 44 121 194 69 90 870 804 66 125 777 416 61 355 216 46
is_linear=0
shrinkage=0.05


Tree=127
num_leaves=31
num_cat=0
split_feature=85 82 113 326 113 327 285 263 214 273 104 189 267 186 225 175 118 240 240 4 239 165 271 262 204 162 158 329 298 224
split_gain=0.0281237 0.0472533 0.0363066 0.0706273 0.068426 0.066398 0.0821266 0.0474204 0.130953 0.0532401 0.0778387 0.0424946 0.0422473 0.0654025 0.107139 0.109346 0.151361 0.0885629 0.0808859 0.0665428 0.0528901 0.0629252 0.0756447 0.106568 0.124156 0.0588894 0.0579966 0.0516352 0.0508569 0.0505986
threshold=-0.44424611500253125 -0.47243783713337695 0.018338912767770842 0.0026891187778278285 0.017346864924715339 -0.0039003808850057854 0.00050814764292649972 -0.07685977617878946 -0.022321733388832494 -0.074021852415194711 0.019360101144917524 0.005826112482559394 0.010515616218983765 -0.0063002109521009333 0.0048324008845469285 0.0088168104922099009 0.01297543988829962 0.0097369287229021693 -0.078261289808336729 6.728028736424112 -0.037366937766495668 0.007892803516884081 -0.0014612103778542627 0.0014970763044547791 0.0045856873496870334 0.0022830373764564089 0.013060101117563821 0.014452922248429196 0.0001409786078237142 0.033951817116141515
decision_type=2 2 2 2 2 2 2 2 2 2 2 2 2 2 2 2 2 2 2 2 2 2 2 2 2 2 2 2 2 2
left_child=-1 -2 4 5 7 6 -4 8 -3 10 -9 -7 13 14 17 16 -16 27 -15 20 25 22 23 28 -25 26 -20 -11 -22 -14
right_child=1 2 3 -5 -6 11 -8 9 -10 12 -12 -13 29 18 15 -17 -18 -19 19 -21 21 -23 -24 24 -26 -27 -28 -29 -30 -31
leaf_value=0.0018188198468470501 -0.0022732516548231892 -0.0042769058665726332 0.0005926535208345741 0.0015887097630402425 -0.0029135604433360557 -0.00015532292224035215 -0.0033932711825140622 0.0036812304780293442 0.00049121466638300468 0.0010315532049602592 -0.0001390789837266008 0.0024601304993266244 0.00055616848561896865 -0.0027037125447979915 -0.001538710570733609 -0.00029424729543058459 -0.0071125379408754049 -0.002406453261916925 -0.0017816923534458814 0.002724710270801249 -0.0018055990990652735 0.00057948677270344391 6.0913596460309567e-06 -0.001307859707720064 -0.0064286547141091431 0.0025421043237523607 0.001659380421973765 -0.0012673673888484978 0.0010644194042084343 -0.00071196572449461551
leaf_weight=21 23 24 24 100 21 41 28 24 36 94 30 25 416 26 29 37 21 35 24 24 29 171 179 29 20 41 25 33 33 97
leaf_count=21 23 24 24 100 21 41 28 24 36 94 30 25 416 26 29 37 21 35 24 24 29 171 179 29 20 41 25 33 33 97
internal_value=-1.39623e-12 -2.19639e-05 8.2107e-06 0.000611092 -7.9525e-05 -0.000217397 -0.00155361 -3.92307e-05 -0.00141603 1.90672e-05 0.00155884 0.000835379 -4.19361e-05 -0.000258193 -0.000939582 -0.00235486 -0.00387972 -0.000179525 2.41127e-05 0.000147458 3.52e-05 -0.000181247 -0.000629818 -0.00165529 -0.00339798 0.00114389 -2.6043e-05 0.000434196 -0.000278009 0.000316385
internal_weight=1760 1739 1716 218 1498 118 52 1477 60 1417 54 66 1363 850 249 87 50 162 601 575 551 461 290 111 49 90 49 127 62 513
internal_count=1760 1739 1716 218 1498 118 52 1477 60 1417 54 66 1363 850 249 87 50 162 601 575 551 461 290 111 49 90 49 127 62 513
is_linear=0
shrinkage=0.05


Tree=128
num_leaves=31
num_cat=0
split_feature=2 52 149 220 332 235 246 168 47 81 263 174 174 92 269 176 142 310 237 99 99 194 233 191 172 131 272 208 192 129
split_gain=0.0285248 0.048988 0.055616 0.0310787 0.0633046 0.0615944 0.148508 0.0492581 0.0484773 0.049358 0.0536517 0.0468006 0.0579306 0.0831064 0.109705 0.151947 0.069472 0.0624906 0.0852088 0.0532986 0.0564514 0.0987181 0.116342 0.0597491 0.0690636 0.0585882 0.0804065 0.0547929 0.0705001 0.0738994
threshold=6.0390628155997765 1.2424533248940004 0.0027796943480363451 0.0083699536674656395 0.051680291524159212 0.090067373841046725 -0.078191030011622059 0.070567443056785417 1.0000000180025095e-35 -0.49368509064770111 -0.08101272759328855 -0.049707739741699793 -0.0060916508548327268 -0.0079592306530061416 0.006130579005520412 0.012103635110378841 -0.0017519702261766408 0.011881818345942185 -0.03382985849780018 -0.041279106222040292 -0.014789355978321784 0.0030514300342100501 0.0033126417411909062 -0.032272493124503386 -0.0098788180977003627 0.0097347718693833758 0.0048538694675617621 -0.011871938331169013 -0.013456037086264064 -0.0068726927701963838
decision_type=2 2 2 2 2 2 2 2 2 2 2 2 2 2 2 2 2 2 2 2 2 2 2 2 2 2 2 2 2 2
left_child=1 3 -3 5 7 6 -1 8 9 -5 -11 -8 13 14 15 16 -13 18 -15 -14 21 25 -23 -22 -25 26 -21 -26 -29 -30
right_child=-2 2 -4 4 -6 -7 11 -9 -10 10 -12 12 19 17 -16 -17 -18 -19 -20 20 23 22 -24 24 27 -27 -28 28 29 -31
leaf_value=-0.0036721894397370274 -0.0016438528607697943 0.0033738171398315741 -6.6903455202312523e-05 0.0015062711140905907 -0.0021274853601223895 0.0018981179487395018 0.0012082945783346323 -0.0020987419004086408 -0.00150540346399911 -0.0018987074118250839 0.00043563118424001269 0.00062154939819482119 0.00080255439240351769 -0.0032735930603978759 0.00045846612556488253 -0.0066367866835900626 -0.0031546192332010331 0.0010932526610333533 -8.3851134410676417e-05 0.0027265577635763954 -0.0022924554218964961 -0.0050837540468718443 -0.00048373673718223086 0.0019754473909772206 0.001411382412291406 -0.0020443723806238268 -0.0011026716295768544 -0.0028532414267269466 -0.00148074645144565 0.00071613078634648472
leaf_weight=31 26 23 24 105 27 34 59 20 31 26 462 21 162 28 32 21 29 62 83 29 24 27 28 51 51 24 26 26 59 109
leaf_count=31 26 23 24 105 27 34 59 20 31 26 462 21 162 28 32 21 29 62 83 29 24 27 28 51 51 24 26 26 59 109
internal_value=1.96466e-12 2.46483e-05 0.00161685 -1.97107e-05 0.000244365 -0.000194115 -0.000266555 0.000343806 0.000422093 0.000522856 0.000311261 -0.000155541 -0.00024575 -0.000847723 -0.00197217 -0.00306766 -0.00156863 -0.000178258 -0.000888471 2.39658e-05 -0.000253857 -0.00111545 -0.00274193 0.000106935 0.000301481 1.69086e-05 0.000916377 -4.69778e-05 -0.000430361 -5.53916e-05
internal_weight=1760 1734 47 1687 671 1016 982 644 624 593 488 951 892 276 103 71 50 173 111 616 454 134 55 320 296 79 55 245 194 168
internal_count=1760 1734 47 1687 671 1016 982 644 624 593 488 951 892 276 103 71 50 173 111 616 454 134 55 320 296 79 55 245 194 168
is_linear=0
shrinkage=0.05


Tree=129
num_leaves=31
num_cat=0
split_feature=153 160 330 314 102 172 158 312 265 187 129 67 273 71 100 292 265 300 122 178 149 160 123 176 172 193 276 139 228 282
split_gain=0.0268715 0.0769665 0.0800104 0.107744 0.0617937 0.0679365 0.0661282 0.0608704 0.0564089 0.0603671 0.0585556 0.0557386 0.0621236 0.0547144 0.103439 0.0522293 0.0956923 0.0479753 0.080219 0.0785742 0.0699939 0.0722485 0.0828353 0.0720158 0.120978 0.0826209 0.0592689 0.0825946 0.110381 0.118806
threshold=-0.0084353538249717554 0.050358345542420822 0.043337863215426223 0.015319230748147266 -0.0020076198622364931 -0.023929168618006577 -0.028935929762611556 -0.072824451399648424 -0.0040539274373186558 0.0047649698687256504 0.014935143006890904 2.9174053685313028 -0.048685752032136952 1.0000000180025095e-35 -0.0213197739129776 0.0072679997917339126 0.011946529771159063 -0.005083712039449231 0.06504832406058729 -0.041756772580250061 -0.01781453611785077 0.00422021184736517 -0.053315318619728186 0.0124623905640975 -0.0060590832857604646 -0.0062987732918646485 -0.014578123440651502 -0.016484581792065616 0.0058473785813431163 -0.0089028287845473626
decision_type=2 2 2 2 2 2 2 2 2 2 2 2 2 2 2 2 2 2 2 2 2 2 2 2 2 2 2 2 2 2
left_child=1 2 4 -4 8 -6 -7 -2 9 10 -1 12 -8 17 -15 16 -10 20 19 -19 23 -22 -23 24 25 -9 -21 -28 -29 -30
right_child=7 -3 3 -5 5 6 11 13 15 -11 -12 -13 -14 14 -16 -17 -18 18 -20 26 21 22 -24 -25 -26 -27 27 28 29 -31
leaf_value=0.0012176871036731259 -0.002304540894197999 -0.0027900383920119757 -0.0045558741741368305 0.00039771837237778874 0.001435716482004724 -0.0034961388202472813 -0.0029136944060155659 -0.0010262875120679383 -0.0037970930396113546 0.00029599026513133886 0.0046927198783536864 -0.0030589772621169688 3.6058344966181454e-05 -0.0006403405028818684 0.0040605535903014247 0.0012685670951614158 0.00012452839252156473 -0.0028821612197394383 0.00207273449019627 0.00054681321086054078 0.0017345444842027753 -0.0026440738811453978 0.00065311745073442173 0.0011227922396524353 0.00031519042109721344 -0.0055710891779745001 0.00093444116916940314 -0.00020423030183658428 -0.0048488641204312444 -0.0011528926246498913
leaf_weight=27 25 29 23 21 39 21 20 20 20 49 22 20 166 22 25 50 70 28 38 193 148 22 142 51 55 20 78 207 30 79
leaf_count=27 25 29 23 21 39 21 20 20 20 49 22 20 166 22 25 50 70 28 38 193 148 22 142 51 55 20 78 207 30 79
internal_value=-5.90593e-12 -0.000279746 -0.000146902 -0.00219166 3.16085e-05 -0.000492082 -0.000823289 0.000136444 0.000616909 0.00153695 0.00277791 -0.000550814 -0.000281119 0.000189142 0.00186014 -2.7118e-05 -0.000746943 0.000118452 -0.000156716 -0.00029447 0.000510777 0.000933608 0.000210811 -0.000392806 -0.00120644 -0.00329869 -0.000171037 -0.000522674 -0.000882342 -0.00217013
internal_weight=1760 577 548 44 504 266 227 1183 238 98 49 206 186 1158 47 140 90 1111 653 615 458 312 164 146 95 40 587 394 316 109
internal_count=1760 577 548 44 504 266 227 1183 238 98 49 206 186 1158 47 140 90 1111 653 615 458 312 164 146 95 40 587 394 316 109
is_linear=0
shrinkage=0.05


Tree=130
num_leaves=31
num_cat=0
split_feature=251 131 131 173 131 53 253 183 128 126 294 189 226 279 305 183 256 203 120 207 226 283 112 113 231 295 198 303 253 280
split_gain=0.0272895 0.028868 0.0637723 0.0461364 0.0409634 0.0421362 0.035875 0.0487834 0.0860521 0.0866409 0.111993 0.0692573 0.0566664 0.0665081 0.0529723 0.0492756 0.0477277 0.0439459 0.0711376 0.0798658 0.121046 0.0708726 0.107961 0.161759 0.103467 0.107407 0.0968135 0.0911929 0.0607529 0.116839
threshold=-0.10484175010389062 -0.045015640582231488 -0.084070623987716517 0.017442292009554921 -0.03926018414418548 0.89587973461402759 -0.02342079384273207 0.0098072408537261697 -0.014908841518787838 -0.0020006873039587099 0.016411063265778337 0.0063397350559715772 0.026156562098694509 0.0024370063751244816 0.013226152539291448 -0.012936070144310729 0.0097150945520511674 -0.00042544838124501785 -0.017575176305261755 -0.018211468940371078 0.002943443813754418 0.0057727342118610763 0.011751710230272593 0.0089905134303328148 0.00052716785305797207 -0.0068529807552710964 -0.0029254405878832751 -0.0079504321050550501 -0.0081106409476069657 -0.022098768941861403
decision_type=2 2 2 2 2 2 2 2 2 2 2 2 2 2 2 2 2 2 2 2 2 2 2 2 2 2 2 2 2 2
left_child=-1 2 -2 -4 -3 6 7 8 14 10 15 -11 13 -9 -6 -10 -14 21 -19 20 -20 22 26 24 25 -24 -8 -28 29 -21
right_child=1 4 3 -5 5 -7 17 12 9 11 -12 -13 16 -15 -16 -17 -18 18 19 28 -22 -23 23 -25 -26 -27 27 -29 -30 -31
leaf_value=0.0015484827662606091 -0.00077952579833949227 -0.0019715321150475316 0.0028419922867145104 -2.1611628075003285e-05 0.0020017310716329883 0.0020822339812698572 0.00064634088405235218 0.00045785391415940983 -0.0020700799164478667 0.0011415453809119451 0.00055366210568615277 -0.0019907781602814794 -0.0017876508011492359 0.0033252830455326367 -0.00030567184564590989 -0.0055799085088074213 0.0015195521055284189 0.0010558754439014392 0.00012871317681704871 -0.0045415547603624871 -0.0041716536596262208 0.00020122469198603153 -0.00048416345012984016 -0.0062292299477849158 -7.4093578741391843e-05 -0.0052918769969927289 -0.0036980188207141303 -0.00042587136445303365 0.00029830708953245473 2.1313533633996913e-05
leaf_weight=28 39 28 39 22 61 23 124 39 20 60 23 25 24 42 42 20 20 144 36 20 30 210 21 20 66 26 31 68 362 47
leaf_count=28 39 28 39 22 61 23 124 39 20 60 23 25 24 42 42 20 20 144 36 20 30 210 21 20 66 26 31 68 362 47
internal_value=1.1794e-12 -2.50332e-05 0.000799607 0.00180922 -7.55627e-05 -4.24659e-05 -7.33755e-05 0.000353007 -4.8904e-05 -0.000821232 -0.00222644 0.000220274 0.00116004 0.00194467 0.00106085 -0.00382499 -0.000284377 -0.000206421 7.77589e-05 -0.000206784 -0.001826 -0.000527253 -0.000956974 -0.00208444 -0.00135085 -0.00314375 -0.000284536 -0.00145048 4.23259e-05 -0.00134074
internal_weight=1760 1732 100 61 1632 1604 1581 376 251 148 63 85 125 81 103 40 44 1205 639 495 66 566 356 133 113 47 223 99 429 67
internal_count=1760 1732 100 61 1632 1604 1581 376 251 148 63 85 125 81 103 40 44 1205 639 495 66 566 356 133 113 47 223 99 429 67
is_linear=0
shrinkage=0.05


Tree=131
num_leaves=31
num_cat=0
split_feature=324 118 250 326 181 153 160 330 157 84 157 82 122 132 292 71 100 309 254 269 196 190 197 156 164 140 161 131 134 305
split_gain=0.02577 0.0410885 0.0360319 0.0292049 0.0349688 0.0356833 0.104551 0.104571 0.0635531 0.0581724 0.0529791 0.104469 0.0722794 0.074773 0.0549947 0.0526544 0.0930271 0.0510991 0.0599253 0.0506987 0.0511477 0.0956068 0.0926925 0.0801027 0.0756232 0.0864651 0.0992759 0.0638788 0.0735624 0.0723504
threshold=-0.060877467973812299 -0.0086896589761015202 0.002529048507331389 0.071359532834250936 0.062158131831798434 -0.0087401233015718862 0.050358345542420822 0.043337863215426223 0.014347772692434804 0.16431389297317087 -0.0066856199678506584 0.15027643586025177 0.016666472451550483 0.012550166564164309 0.0041464313182269967 1.0000000180025095e-35 -0.023748328696727005 -0.050981241890270527 -0.10508526066588864 -0.05206566716301287 0.0008714924876182963 0.035910604716752136 0.010296031463475444 -0.011707039746181268 -0.020020718898762408 -0.008488554980520294 0.0080299655614769743 -0.005992661433623675 0.015218520159331407 0.0035091427650794376
decision_type=2 2 2 2 2 2 2 2 2 2 2 2 2 2 2 2 2 2 2 2 2 2 2 2 2 2 2 2 2 2
left_child=1 -1 -3 4 5 6 7 8 10 -10 -2 12 14 -14 -12 17 -17 -7 -19 -20 21 22 23 -21 -25 26 -26 28 -22 -29
right_child=3 2 -4 -5 -6 15 -8 -9 9 -11 11 -13 13 -15 -16 16 -18 18 19 20 27 -23 -24 24 25 -27 -28 29 -30 -31
leaf_value=-0.00045870385825158647 0.00022236754980329396 0.0034898325573885815 0.00048850345352548176 -0.001511789197948846 0.0013976287255117799 0.0012797286186681748 -0.0036858310811626522 -0.0027926926404738019 0.000363315181706899 0.002965504335480984 0.0013234829739667475 -0.0039574713071208233 -0.00022243605171052671 -0.0041830739278917789 -0.0013673682909876366 -0.00087136311689391729 0.0035934311520707399 -0.002766903154551983 0.0011872000082980888 0.00041513229250240155 0.0018200549568489158 -0.0034852006556466229 0.0010037402562922528 0.00077508620741259385 -0.0059751078080353187 -0.0010401061054656493 -0.0013697899761609734 0.00043201901479028359 -0.00055305344186366563 -0.0012984385001974707
leaf_weight=30 164 20 20 33 43 77 23 37 105 27 55 26 26 22 29 20 28 20 82 106 107 25 103 38 22 137 25 169 47 94
leaf_count=30 164 20 20 33 43 77 23 37 105 27 55 26 26 22 29 20 28 20 82 106 107 25 103 38 22 137 25 169 47 94
internal_value=-3.53985e-12 0.00094008 0.00198917 -3.89382e-05 -9.60565e-06 -4.7097e-05 -0.000391024 -0.000236684 -2.83752e-05 0.000895581 -0.00040714 -0.00106055 -0.000489948 -0.00203773 0.000394499 0.00011361 0.0017331 3.97174e-05 -5.82117e-05 -1.4852e-06 -0.000113137 -0.000479121 -0.000304754 -0.000715654 -0.00125558 -0.00167495 -0.00352547 0.000287075 0.00109579 -0.000186472
internal_weight=1760 70 40 1690 1657 1614 514 491 454 132 322 158 132 48 84 1100 48 1052 975 955 873 456 431 328 222 184 47 417 154 263
internal_count=1760 70 40 1690 1657 1614 514 491 454 132 322 158 132 48 84 1100 48 1052 975 955 873 456 431 328 222 184 47 417 154 263
is_linear=0
shrinkage=0.05


Tree=132
num_leaves=31
num_cat=0
split_feature=185 197 309 172 257 262 188 137 299 94 181 118 137 137 132 288 279 322 284 168 297 306 163 208 122 201 87 10 133 156
split_gain=0.0258256 0.0340076 0.036818 0.0529826 0.0439405 0.0380684 0.0344523 0.0725908 0.0804244 0.163809 0.0503851 0.054915 0.0804416 0.112473 0.0645966 0.0802777 0.0625077 0.0703439 0.0525266 0.0511135 0.0467261 0.0466814 0.0693383 0.0576035 0.0520234 0.0457813 0.0428652 0.0413186 0.0422272 0.041071
threshold=0.075952475439999834 0.033387157146936026 -0.018105781851525112 -0.028038626444336853 -0.0072875177280625212 0.013693820042793585 -0.0023487781102870275 0.063467503130173297 0.042776757596757552 -0.012319615449520363 -0.0092244534097475437 0.016453017486863796 -0.0035598895478789875 0.021935368069257218 -0.0084134825596757137 -0.025132372575824926 0.0046445019328744527 0.014243088749339874 0.0084642555702055984 -0.0058949687677626204 0.068880889476867532 -0.01637262443861431 0.013986371375019702 0.00011262112102973901 0.01722001211445531 -0.0029150090567247031 0.005935905707386677 0.00021326247370992882 -0.0034989638308406457 -0.044353440662507522
decision_type=2 2 2 2 2 2 2 2 2 2 2 2 2 2 2 2 2 2 2 2 2 2 2 2 2 2 2 2 2 2
left_child=1 6 4 -4 -3 -5 7 8 10 -10 21 14 -13 -14 27 -16 17 19 -18 -17 29 25 23 26 -25 -1 -23 -12 -29 -8
right_child=-2 2 3 5 -6 -7 20 -9 9 -11 11 12 13 -15 15 16 18 -19 -20 -21 -22 22 -24 24 -26 -27 -28 28 -30 -31
leaf_value=0.00053246766611534573 -0.0016289522940799847 0.00031475190432198968 -0.0020677708857692778 3.2052558584837243e-05 0.0034781619054189399 0.0024216660234378652 0.001703452474479987 -0.0032069496366949309 -0.0050672491975128657 -7.6000586947581417e-05 0.0025649746088311077 0.00041350708989840412 -0.0045564852756797341 -2.8474003192968668e-05 0.0014564888823466998 0.00070002378197386861 -0.0016027407976047646 -0.0046349857887253171 0.0011106714937167931 -0.0023755762037555024 -0.0020685634694730297 -0.0020775743270254072 -0.0021776452997410499 0.0029694106882171972 -0.00017847938723727048 0.0032449779217131438 0.00065040701786832269 0.0016063976047338325 -0.00090437461039982736 0.00013689707740705275
leaf_weight=35 24 21 20 50 23 25 44 21 25 48 30 36 32 24 39 22 31 20 42 35 23 24 27 35 21 28 36 33 34 852
leaf_count=35 24 21 20 50 23 25 44 21 25 48 30 36 32 24 39 22 31 20 42 35 23 24 27 35 21 28 36 33 34 852
internal_value=-9.03655e-13 2.25201e-05 0.000772636 0.00021883 0.00196835 0.00082859 -4.27686e-05 -0.000313146 -0.00022065 -0.00178533 -2.50643e-05 -0.000367913 -0.00143049 -0.00261591 -2.61064e-05 -0.000564434 -0.00108987 -0.00208369 -4.15995e-05 -0.0011885 0.000156704 0.000604046 0.00010446 0.000635639 0.00178895 0.00173803 -0.000440786 0.0010228 0.000332274 0.000213826
internal_weight=1760 1736 139 95 44 75 1597 678 657 73 584 378 92 56 286 189 150 77 73 57 919 206 143 116 56 63 60 97 67 896
internal_count=1760 1736 139 95 44 75 1597 678 657 73 584 378 92 56 286 189 150 77 73 57 919 206 143 116 56 63 60 97 67 896
is_linear=0
shrinkage=0.05


Tree=133
num_leaves=31
num_cat=0
split_feature=318 326 168 168 228 0 82 135 327 87 168 139 234 234 301 61 221 167 160 112 279 251 173 2 129 240 303 104 216 255
split_gain=0.0246665 0.0305714 0.0337624 0.0479083 0.0951939 0.132799 0.0941617 0.0866308 0.0635341 0.0698858 0.0554693 0.0830327 0.0629243 0.088965 0.0920636 0.142413 0.0773956 0.0760633 0.0892051 0.0837551 0.141529 0.074234 0.0638211 0.0724991 0.0606682 0.057966 0.055543 0.086719 0.0683953 0.053718
threshold=0.074625373629898142 0.071359532834250936 -0.021660108899857543 -0.011279830982979447 0.022574137808537034 4.7749040587885982 -0.32949963196590287 0.0064426612337856936 0.0035983989195523323 -0.052659417496409823 -0.007940874907955954 -0.011254086767866883 0.0011407967397850695 -0.0035930065456552681 1.0000000180025095e-35 1.0000000180025095e-35 -0.037957705539261317 -0.014481336201130082 0.01060418715550006 -0.014785194628574314 -0.007165678846109102 0.010318689086153788 -0.0076166696705594087 2.6735537653587347 0.016945300105200505 -0.0076995760181135528 -0.010816524751660903 -0.028271674734058515 0.0046668884939253885 0.022185592382426834
decision_type=2 2 2 2 2 2 2 2 2 2 2 2 2 2 2 2 2 2 2 2 2 2 2 2 2 2 2 2 2 2
left_child=1 2 -1 4 6 -6 -4 -7 -8 -10 11 -5 13 22 -15 -16 26 21 19 20 -19 -18 23 24 -12 -22 -14 -28 -29 -24
right_child=-2 -3 3 10 5 7 8 -9 9 -11 12 -13 16 14 15 -17 17 18 -20 -21 25 -23 29 -25 -26 -27 27 28 -30 -31
leaf_value=0.00049069123073594882 0.0014214452688732612 -0.001487350980678457 0.0024413675591670749 -0.00092468874384488533 0.00085570462746545675 -0.001807372440234758 0.00032205810817281924 -0.0064611556194722657 -0.0042073672720497213 -0.0006884366585223308 0.00084223441907751203 0.0023616121771179647 -0.00024654391093243815 -0.00024416908578132277 -0.00054224318650085478 -0.0063719092021611613 0.00046900665255667395 -0.0057436585758945773 0.00090922253608005123 -0.00023350675220406506 -0.0029918352793902158 0.0035769583196379249 -0.00011945576542810846 0.0031428275271318858 -0.001722491701178613 0.00043954132197541188 9.6790492534637461e-06 0.0055810370340781366 0.0016343208628573588 -0.0014970881858295928
leaf_weight=296 30 35 29 29 20 20 72 20 21 43 90 57 29 40 20 22 83 21 100 159 20 25 217 25 31 32 25 23 21 105
leaf_count=296 30 35 29 29 20 20 72 20 21 43 90 57 29 40 20 22 83 21 100 159 20 25 217 25 31 32 25 23 21 105
internal_value=3.59933e-12 -2.46493e-05 5.55394e-06 -9.70913e-05 -0.000765449 -0.00247094 -0.000145271 -0.00413426 -0.000696833 -0.00184309 3.10012e-05 0.00125344 -6.56254e-05 -0.0004417 -0.0019609 -0.00359588 0.000318838 3.58136e-05 -0.000339137 -0.000877223 -0.00227929 0.00118844 -0.000175516 0.000691606 0.000185156 -0.000880219 0.00158956 0.00236125 0.00369738 -0.000568684
internal_weight=1760 1730 1695 1399 225 60 165 40 136 64 1174 86 1088 550 82 42 538 440 332 232 73 108 468 146 121 52 98 69 44 322
internal_count=1760 1730 1695 1399 225 60 165 40 136 64 1174 86 1088 550 82 42 538 440 332 232 73 108 468 146 121 52 98 69 44 322
is_linear=0
shrinkage=0.05


Tree=134
num_leaves=31
num_cat=0
split_feature=194 169 266 203 251 135 301 204 137 82 331 277 316 321 167 284 146 283 113 333 93 247 265 253 162 280 303 215 166 305
split_gain=0.0244428 0.0349253 0.0440113 0.0274284 0.0591723 0.0547901 0.0625774 0.0973907 0.0827576 0.0481864 0.0498324 0.06767 0.0612541 0.0731506 0.0658462 0.0738712 0.0564989 0.0540042 0.0502307 0.0511521 0.0692044 0.0745647 0.0446474 0.132955 0.0564816 0.0549927 0.054001 0.091269 0.0690655 0.102116
threshold=-0.083853607207984543 0.055249690174186898 0.010086981076567577 7.4349562267278976e-05 -0.088273698259516073 0.065532680569285948 -0.025132388822492368 0.012215423124505598 0.0069879106382021786 -0.4444718410448793 0.0029814298146416431 0.046187646399695463 -0.023574265787593387 0.026088711237241005 -0.0080017658668949908 -0.011818998309096858 0.001647406116597034 -0.0023946037291034034 -0.021580897160079989 0.0011367252722208037 0.0094858557816434961 0.0068294665543544471 -0.052978261452672079 -0.011552807793862618 -0.050168169550775549 -0.0038882582049297077 -0.013184794820263331 -0.064030645708133577 0.015884109926010481 -0.0069102602189598603
decision_type=2 2 2 2 2 2 2 2 2 2 2 2 2 2 2 2 2 2 2 2 2 2 2 2 2 2 2 2 2 2
left_child=-1 3 -3 4 -2 6 7 -5 -9 -8 11 12 -11 14 -14 -16 17 -17 -12 -20 21 -21 23 -6 -24 -25 27 -26 29 -29
right_child=1 2 -4 5 22 -7 9 8 -10 10 18 -13 13 -15 15 16 -18 -19 19 20 -22 -23 24 25 26 -27 -28 28 -30 -31
leaf_value=-0.0016956232838094281 0.0024645188543945553 0.00019117442814084437 0.0031314271035080311 6.9997936020817727e-05 -0.0049419794109417129 -0.0017558203396453921 0.0022219695454856639 -0.00055790430468851294 -0.0049556419719010598 0.001744259111863492 -0.0012508594642934876 -0.0024896658135112378 0.001511926989323084 -0.0025705154804098939 0.0015937977432701235 5.4494513239225618e-06 0.00019882401337095523 -0.0029961825597511478 0.00049000832862483416 0.0016731487819924952 0.00060024081315284339 0.0055055103793909613 0.0020312608602190657 -0.0021698923493247658 -0.003856645923224278 0.0011031589128613246 6.4478263753824354e-06 0.00060442916186962369 0.00099847786227473989 -0.0023836863106786441
leaf_weight=21 20 35 20 164 20 35 39 23 20 54 23 25 66 27 37 23 57 43 113 30 44 22 28 21 24 33 523 47 50 73
leaf_count=21 20 35 20 164 20 35 39 23 20 54 23 25 66 27 37 23 57 43 113 30 44 22 28 21 24 33 523 47 50 73
internal_value=-1.69991e-12 2.04762e-05 0.00126036 -2.00187e-05 -0.000222529 0.000181053 0.000264746 -0.000485338 -0.00260336 0.000522237 0.000404702 1.1821e-05 0.000215525 -0.000110766 0.000183098 -0.000365044 -0.000954289 -0.00195016 0.000966929 0.00121099 0.00205965 0.00329453 -0.000288147 -0.0014595 -0.000171797 -0.000169694 -0.00025783 -0.000970291 -0.000562806 -0.00121334
internal_weight=1760 1739 55 1684 839 845 810 207 43 603 564 332 307 253 226 160 123 66 232 209 96 52 819 74 745 54 717 194 170 120
internal_count=1760 1739 55 1684 839 845 810 207 43 603 564 332 307 253 226 160 123 66 232 209 96 52 819 74 745 54 717 194 170 120
is_linear=0
shrinkage=0.05


Tree=135
num_leaves=31
num_cat=0
split_feature=324 118 250 310 151 193 313 277 275 176 11 246 326 331 324 313 175 317 296 277 244 332 157 286 263 278 276 313 257 155
split_gain=0.0233431 0.0365287 0.0300693 0.0257293 0.0429706 0.0358446 0.107831 0.0504514 0.0499076 0.0553673 0.0878115 0.0435905 0.0428873 0.047448 0.0690844 0.0728915 0.0742908 0.100737 0.121934 0.0587842 0.0993614 0.0567671 0.066117 0.0782405 0.0680064 0.0538658 0.0497805 0.0679741 0.0601136 0.0546834
threshold=-0.060877467973812299 -0.0086896589761015202 0.002529048507331389 0.050527430630289048 0.0213199326554122 0.022340338717594676 0.032881823842158146 -0.094490822646235248 0.063679703571030741 0.0039049028935863035 2.5016778523489935 0.0096654280547088453 0.071359532834250936 -0.0025222579878935577 0.0025758486732655865 0.0066731425363653852 0.0027128990102436427 -0.00098008244560430428 0.0016115074968305124 -0.011777484694772081 0.004595256988376064 -0.01007645966448977 -0.0006330460033931413 -0.017341889818309596 0.015917124340569227 0.023559749421722776 0.045172359497210844 -0.018024532565226497 0.0026162690473022911 0.013864052796627861
decision_type=2 2 2 2 2 2 2 2 2 2 2 2 2 2 2 2 2 2 2 2 2 2 2 2 2 2 2 2 2 2
left_child=1 -1 -3 5 -5 7 8 -2 9 10 -7 -12 13 14 15 16 -9 18 -18 20 -17 25 -23 -24 -25 -16 29 -28 -29 -15
right_child=3 2 -4 4 -6 6 -8 12 -10 -11 11 -13 -14 26 21 19 17 -19 -20 -21 -22 22 23 24 -26 -27 27 28 -30 -31
leaf_value=-0.00042416711725915468 0.0022310759089887145 0.0032547712954692542 0.00051299848710186782 0.001194743134788491 -0.0010766592946041514 -0.0033242605938576166 -0.0034681692948409664 -0.00069729896542381365 -0.0026051052063121461 0.0010154054541486311 0.0011959632501702799 -0.0014041451755205075 -0.0021764175542320239 0.0003734098448563793 0.0004950107295778306 -0.0037299559180003906 -0.0071598285849904649 -0.00056637603770165392 -0.0016386486302508276 0.001075866632424156 0.0011943638909724542 0.00048503777995618027 0.0012257046196498863 -0.0010851036425708279 -0.0046143228720341416 0.0030957208274720381 -0.0003475232628261438 0.00116096956551638 0.0047241718386067076 -0.00075956827461007336
leaf_weight=30 25 20 20 91 27 25 30 117 20 78 40 27 23 491 85 21 20 30 20 67 20 109 21 39 21 26 32 29 20 136
leaf_count=30 25 20 20 91 27 25 30 117 20 78 40 27 23 491 85 21 20 30 20 67 20 109 21 39 21 26 32 29 20 136
internal_value=3.54646e-12 0.00089472 0.00188388 -3.70594e-05 0.000675015 -9.05103e-05 -0.000682388 5.80123e-06 -0.000242528 3.54219e-05 -0.000795434 0.000148158 -3.61218e-05 1.62881e-06 -0.000327097 -0.000870859 -0.00146815 -0.00275658 -0.00439924 0.000163345 -0.00132785 0.000205826 -0.000319005 -0.00140099 -0.00232033 0.00110419 0.000278353 0.00144482 0.00261534 0.00012766
internal_weight=1760 70 40 1690 118 1572 220 1352 190 170 92 67 1327 1304 596 295 187 70 40 108 41 301 190 81 60 111 708 81 49 627
internal_count=1760 70 40 1690 118 1572 220 1352 190 170 92 67 1327 1304 596 295 187 70 40 108 41 301 190 81 60 111 708 81 49 627
is_linear=0
shrinkage=0.05


Tree=136
num_leaves=31
num_cat=0
split_feature=85 82 113 326 113 327 285 4 253 160 323 326 103 322 169 84 102 119 284 306 130 139 192 271 146 222 140 253 154 116
split_gain=0.0228219 0.0351048 0.0266915 0.0568878 0.0525467 0.0513772 0.0687589 0.0357658 0.0369482 0.0359285 0.0675639 0.0716245 0.0828823 0.0834781 0.0705703 0.117746 0.058863 0.0748491 0.152269 0.0999461 0.0814035 0.0795788 0.0686743 0.0595428 0.0506372 0.0498205 0.0681265 0.059984 0.0488853 0.0478882
threshold=-0.44424611500253125 -0.47243783713337695 0.018338912767770842 0.0026891187778278285 0.017346864924715339 -0.0039003808850057854 0.00050814764292649972 6.7833245593222182 0.10982912812167289 0.01082976459868871 -0.0067706400587349801 -0.013264556175707201 -0.005700029631186457 0.0022314139324127054 -0.012954307614838173 0.1454547556789991 -0.039639373183642364 -0.011704985468690924 0.017521705873499344 -0.0085126405360735711 -0.0068720882350604339 0.011281733932749853 -0.0072854720669974513 1.0000000180025095e-35 -0.0033310723525939935 -0.018731786847423933 0.0022857223395500218 -0.059080382239131417 0.053029609177297113 0.052897353796661641
decision_type=2 2 2 2 2 2 2 2 2 2 2 2 2 2 2 2 2 2 2 2 2 2 2 2 2 2 2 2 2 2
left_child=-1 -2 4 5 7 6 -4 8 9 10 14 12 13 -12 15 -3 -13 18 22 21 23 -19 -18 -21 -22 26 -16 -27 29 -11
right_child=1 2 3 -5 -6 -7 -8 -9 -10 28 11 16 -14 -15 25 -17 17 19 -20 20 24 -23 -24 -25 -26 27 -28 -29 -30 -31
leaf_value=0.0016384383971204182 -0.0019602167136643246 3.1997726051247545e-05 0.0005680381669662893 0.0014005339347313566 -0.0025525224938367803 0.00070566483561626894 -0.0030790931131507802 0.0017693913817681648 0.0020147733224023666 0.0004960942847893376 0.00050720641345833436 0.00036336417474558402 0.0012718931320705451 -0.0029190313401613825 0.00047370685075293301 -0.0043088617291124091 0.00051241747039187306 0.0022283101035282019 -0.0063560096436413001 0.00095755472060906276 -0.004248497203613321 -0.001284818938303808 -0.0026414478178291272 -0.0018291225026284036 -0.0016298862624050043 0.0033206670365357044 -0.0031003279262222351 0.00063765606636771981 -0.0021198234105083559 -0.0012902074607043731
leaf_weight=21 23 61 24 100 21 66 28 27 21 442 40 64 88 32 40 21 28 40 20 41 30 27 45 36 48 23 20 221 21 41
leaf_count=21 23 61 24 100 21 66 28 27 21 442 40 64 88 32 40 21 28 40 20 41 30 27 45 36 48 23 20 221 21 41
internal_value=-1.15775e-12 -1.97856e-05 6.22248e-06 0.000523145 -6.90039e-05 -0.000220405 -0.0013958 -3.36932e-05 -6.72679e-05 -9.78647e-05 -0.000282927 -0.00064455 0.000242537 -0.00101557 0.000222033 -0.00107969 -0.00101905 -0.00129992 -0.00249073 -0.000801062 -0.00149857 0.000812572 -0.00143175 -0.000345307 -0.00263704 0.000573155 -0.000717638 0.000890563 0.000241783 0.000344462
internal_weight=1760 1739 1716 218 1498 118 52 1477 1450 1429 925 539 160 72 386 82 379 315 93 222 155 67 73 77 78 304 60 244 504 483
internal_count=1760 1739 1716 218 1498 118 52 1477 1450 1429 925 539 160 72 386 82 379 315 93 222 155 67 73 77 78 304 60 244 504 483
is_linear=0
shrinkage=0.05


Tree=137
num_leaves=31
num_cat=0
split_feature=214 259 292 190 137 190 292 293 220 213 220 321 297 147 299 224 127 129 325 223 234 241 274 122 162 319 104 289 219 215
split_gain=0.0226424 0.0519787 0.0267562 0.0623974 0.0502468 0.0381182 0.0397014 0.0380829 0.0379134 0.0793538 0.0792565 0.108635 0.081399 0.0561817 0.0931562 0.105164 0.0593016 0.0902954 0.0711376 0.0596612 0.0539709 0.0761658 0.0643794 0.0465506 0.0462787 0.0683181 0.0649946 0.0677843 0.0646969 0.0609794
threshold=0.32946168348056742 0.017636814608855831 -0.04698189076077141 0.037970102804812007 0.0045273310823334741 0.041775418972237459 -0.043722314024314077 -0.016525637850667577 0.004061722635816503 -0.37755008369758486 0.0023293415245378454 -0.00070447978306488912 0.065905773638186935 0.022843636688625442 0.015247303645756388 -0.0026610426946416751 -0.041851602090332639 -0.04454320327828127 0.039347937043265051 0.012176586336314939 0.035099690984985887 0.054789332990558957 0.016315159413675388 -0.0036491062677155152 -0.00095570966801976668 -0.0073201386234666233 -0.0082022042529342684 0.020880276684476781 -0.05759510199213444 0.010330099945540787
decision_type=2 2 2 2 2 2 2 2 2 2 2 2 2 2 2 2 2 2 2 2 2 2 2 2 2 2 2 2 2 2
left_child=2 -2 3 4 -1 6 -4 -7 10 -10 12 -12 13 16 15 -15 19 -18 20 23 21 24 -22 -8 28 -26 27 -27 -19 -30
right_child=1 -3 5 -5 -6 7 8 -9 9 -11 11 -13 -14 14 -16 -17 17 18 -20 -21 22 -23 -24 -25 25 26 -28 -29 29 -31
leaf_value=0.0018779113917057782 0.0029059645625585245 -0.00061197227138715495 -0.0023623611019866078 -0.0018153075984193258 -6.034167380392796e-05 -0.00069029786263126881 0.00090259360426682097 0.0016382141564864176 0.0032535291046951898 5.7248373906474743e-05 7.7890387910883876e-05 -0.0051335205894429241 -0.0031053189862480699 -0.00031707034293503971 0.00027039583430685585 -0.0044073870515796551 -0.0026968371115799528 -0.0013144028380823632 -0.0022298549136394287 -0.00037930049355574223 0.0003263253128222589 0.0034176846058107911 -0.0032027457105868965 0.0041937303623523223 0.0011954068788057797 -0.0030130471401207618 0.00021712943342908357 0.00045155499119573509 0.00069660274763490564 0.0030932006027261892
leaf_weight=74 21 21 20 23 61 25 21 59 20 668 20 20 24 30 62 33 32 30 32 28 28 20 24 22 54 48 65 20 121 34
leaf_count=74 21 21 20 23 61 25 21 59 20 668 20 20 24 30 62 33 32 30 32 28 28 20 24 22 54 48 65 20 121 34
internal_value=-3.31904e-12 0.001147 -2.80407e-05 0.000591978 0.00100211 -9.08374e-05 -0.000149799 0.000945205 -0.000119407 0.000150164 -0.000360897 -0.00252782 -0.000241835 -0.000144217 -0.00110553 -0.00245962 6.33208e-05 -0.000125853 4.69862e-05 0.00141685 0.000211083 0.000411861 -0.00130248 0.00258643 0.000250258 -0.000304437 -0.000913397 -0.00199405 0.00081095 0.00122231
internal_weight=1760 42 1718 158 135 1560 1476 84 1456 688 768 40 728 704 125 63 579 508 476 71 444 392 52 43 372 187 133 68 185 155
internal_count=1760 42 1718 158 135 1560 1476 84 1456 688 768 40 728 704 125 63 579 508 476 71 444 392 52 43 372 187 133 68 185 155
is_linear=0
shrinkage=0.05


Tree=138
num_leaves=31
num_cat=0
split_feature=288 174 278 302 198 198 185 321 180 326 186 186 261 180 136 288 257 301 103 266 141 150 119 149 287 110 102 305 145 111
split_gain=0.0225282 0.0282759 0.0502804 0.0460933 0.0433669 0.0517376 0.0400887 0.0403255 0.059502 0.0462141 0.0422095 0.0627497 0.0986369 0.151263 0.0791936 0.0496724 0.0479295 0.128415 0.153344 0.04268 0.0426307 0.05637 0.0470882 0.0401323 0.0393372 0.0425095 0.0743181 0.0819061 0.0759026 0.0554753
threshold=0.10306606575297055 -0.03801012993323178 0.04875813513136202 0.017307074857276374 -0.013293570643632025 -0.0015494416932762603 0.075952475439999834 0.039733659648329825 -0.024686259458860913 0.071359532834250936 -0.022550782786720503 -0.012494820091646245 0.017709857304505937 1.0000000180025095e-35 -0.0075786898788853486 0.0058799219524922905 -0.043964717277936306 0.026046171167704114 0.011883985732667442 -0.064489323944198693 0.01105847159908129 -0.014146726791232862 -0.020972099953193334 -0.014385610643497077 0.070434063155523322 -0.042741045416721184 0.00092117811329873805 -0.001013179023845977 0.0027980827195511712 -0.099163454672519177
decision_type=2 2 2 2 2 2 2 2 2 2 2 2 2 2 2 2 2 2 2 2 2 2 2 2 2 2 2 2 2 2
left_child=1 2 3 4 -1 -6 7 9 -9 10 20 12 13 14 -12 -14 17 18 -13 23 22 -22 -3 -18 25 26 -21 -28 -29 -27
right_child=-2 6 -4 -5 5 -7 -8 8 -10 -11 11 16 15 -15 -16 -17 19 -19 -20 24 21 -23 -24 -25 -26 29 27 28 -30 -31
leaf_value=0.0013304144749616336 -0.0015214088537807888 0.0032918563588400897 0.0029555597824842805 0.0014680558639811351 -0.0029999943581060506 0.00025009558396413923 -0.0022093536016265197 -0.001529940154590725 0.0012500316257439594 -0.0020653364071943638 -0.0027834943758890682 -0.00036704728974857269 -0.00068498348446155433 -0.0050050433798347633 0.0011452492141839246 0.0024914456554688512 2.0783019426744431e-05 0.0015542119810841261 -0.0061434261908289052 0.00041144294855631377 -0.0023943723316981712 0.00066203488471122305 0.00074796261076949912 0.0023826104333951464 -0.0022222942498046905 -0.0020999309577746316 -0.0037041211952314234 -0.0022600528040829185 0.0017815258248620445 0.00024965887204837024
leaf_weight=22 24 23 21 50 24 25 21 23 118 29 23 27 32 31 29 20 35 26 20 73 22 48 87 37 20 26 33 26 21 744
leaf_count=22 24 23 21 50 24 25 21 23 118 29 23 27 32 31 29 20 35 26 20 73 22 48 87 37 20 26 33 26 21 744
internal_value=2.89653e-12 2.10333e-05 0.000697121 0.000305161 -0.00051378 -0.00134179 -3.91953e-05 -1.02231e-05 0.000796561 -8.96621e-05 -4.88249e-05 -0.000154038 -0.00117078 -0.00224054 -0.000592464 0.00053672 -2.78798e-05 -0.00126533 -0.00282508 6.11193e-05 0.000666038 -0.00029855 0.00127987 0.0012345 -2.84707e-05 1.90661e-05 -0.000742157 -0.00179482 -0.000454241 0.000170322
internal_weight=1760 1736 142 121 71 49 1594 1573 141 1432 1403 1223 135 83 52 52 1088 73 47 1015 180 70 110 72 943 923 153 80 47 770
internal_count=1760 1736 142 121 71 49 1594 1573 141 1432 1403 1223 135 83 52 52 1088 73 47 1015 180 70 110 72 943 923 153 80 47 770
is_linear=0
shrinkage=0.05


Tree=139
num_leaves=31
num_cat=0
split_feature=318 288 174 278 302 198 198 185 173 123 2 263 177 297 119 150 174 118 183 183 312 67 52 131 232 303 139 170 212 230
split_gain=0.0225588 0.0259195 0.0280196 0.0449186 0.040998 0.0392279 0.0501916 0.0353442 0.0293238 0.0584611 0.0977123 0.0645555 0.0720767 0.0595354 0.0971967 0.0663521 0.0560593 0.0502128 0.0482069 0.0777466 0.0776811 0.0487633 0.0875836 0.0470537 0.0450697 0.0481775 0.0437222 0.0355432 0.0569152 0.0549514
threshold=0.074625373629898142 0.093572372554012337 -0.03801012993323178 0.04875813513136202 0.017307074857276374 -0.012476458014187798 -0.0015494416932762603 0.075952475439999834 -0.0034821749070166699 -0.01129134153610749 2.602003343538398 0.025890733002749102 0.0027039807903882283 -0.01238594615654089 -0.011704985468690924 -0.034518328406142502 -0.033110786510081501 -0.0041843934207603526 -0.01446684428197814 -0.010465377673812603 0.0077656831285225006 2.9174053685313028 1.2424533248940004 -0.066372564855618807 -0.095042548186428974 -0.061665866002202495 -0.020807454835829194 0.0012626965656589203 0.052459711489256475 0.0040787026886768369
decision_type=2 2 2 2 2 2 2 2 2 2 2 2 2 2 2 2 2 2 2 2 2 2 2 2 2 2 2 2 2 2
left_child=1 2 3 4 5 -1 -7 8 9 10 -4 13 -13 14 -11 -15 -10 -16 -18 20 -20 22 23 -21 -25 -26 -17 28 -27 -30
right_child=-2 -3 7 -5 -6 6 -8 -9 16 11 -12 12 -14 15 17 26 18 -19 19 21 -22 -23 -24 24 25 27 -28 -29 29 -31
leaf_value=0.0012120681442826502 0.0013593574364980064 -0.0016552885451043648 0.000482255730542441 0.0028077817646027098 0.0013946530770044775 -0.0029770337733561578 0.0002915896271588281 -0.0020988859153086587 -0.0028339302010135727 -0.0033755313388870232 0.0036734354475306142 -6.1265650605712321e-05 -0.0035102911511785354 -0.0021609112690202893 -0.0021223823357286167 0.002253026363640939 0.0005709622204067374 0.00077050679664049924 -0.0040638026255355392 -0.0024223977358222171 -0.00023469985216461984 -0.002097750447683211 0.0031587941246107223 -0.0023903328789553297 -0.00238018297823146 0.00016377441571192018 0.00047450663593470455 0.00053462637681245967 -0.0023546613861711837 7.3248386899827105e-05
leaf_weight=23 30 24 215 21 50 23 24 21 20 28 27 33 28 20 20 44 181 60 27 23 26 32 20 21 21 214 161 228 54 41
leaf_count=23 30 24 215 21 50 23 24 21 20 28 27 33 28 20 20 44 181 60 27 23 26 32 20 21 21 214 161 228 54 41
internal_value=-4.07619e-13 -2.35727e-05 -6.17701e-07 0.000674468 0.000301138 -0.000479944 -0.00130795 -6.14401e-05 -3.37288e-05 0.000226629 0.000838296 -0.000149065 -0.00164442 0.00012486 -0.000840112 0.000588047 -0.000216094 4.72845e-05 -0.000157134 -0.000343535 -0.00218537 -0.000194272 -9.63442e-05 -0.000204488 -0.000116385 -3.08062e-05 0.000856238 6.10689e-05 -0.000288352 -0.00130683
internal_weight=1760 1730 1706 141 120 70 47 1565 1544 636 242 394 61 333 108 225 908 80 888 707 53 654 622 602 579 558 205 537 309 95
internal_count=1760 1730 1706 141 120 70 47 1565 1544 636 242 394 61 333 108 225 908 80 888 707 53 654 622 602 579 558 205 537 309 95
is_linear=0
shrinkage=0.05


Tree=140
num_leaves=31
num_cat=0
split_feature=254 119 254 162 228 306 241 141 110 110 231 125 125 95 311 85 113 108 287 336 286 232 98 289 137 333 177 121 140 150
split_gain=0.0218528 0.0758004 0.0285972 0.0535962 0.0380133 0.0375857 0.0390783 0.0377255 0.0378365 0.0682075 0.0580752 0.0573164 0.112464 0.0817512 0.0606575 0.0785698 0.0646605 0.0656419 0.0538533 0.0501731 0.0808129 0.0979676 0.0500078 0.0516072 0.0665012 0.0781524 0.0515844 0.0458638 0.0449417 0.0499199
threshold=0.078290367435630268 -0.0090790310734524086 0.042466043503329859 -0.03245347328268039 0.0049855501379318925 0.049113879344542553 0.0011899260128673311 -0.048958430638727499 -0.0095978195546211707 -0.025976094026179661 0.0081866679315321812 -0.0034167347256339026 -0.0065565923922853387 -0.04192244262890446 -0.0028597518556738922 -0.14497770685328101 0.011263159354845136 0.035806093759064593 -0.037607849748542151 0.00012745862417358182 0.018555732478798766 0.013432804882641725 -0.012319944973522328 -0.00079034171069130915 0.0080944187031195252 -0.015652025592492087 0.0012338242257572804 -0.015576983705209534 0.0052113432255280331 0.0077139435389798425
decision_type=2 2 2 2 2 2 2 2 2 2 2 2 2 2 2 2 2 2 2 2 2 2 2 2 2 2 2 2 2 2
left_child=2 -2 5 -4 -5 7 -7 -1 9 19 11 12 13 -10 15 -13 17 -16 -11 -9 -21 -22 27 24 25 -24 -27 -12 -25 -30
right_child=1 -3 3 4 -6 6 -8 8 10 18 22 14 -14 -15 16 -17 -18 -19 -20 20 21 -23 23 28 -26 26 -28 -29 29 -31
leaf_value=0.00098426693429549527 -0.002693063139891057 0.00070211692166464806 -0.0012483489434873326 0.00054632036909050142 0.0024317358142863484 0.0017176231116172857 1.0656562852474102e-05 0.00030735208509563648 -0.0029270613183959935 -0.0010088490241094295 0.00020483200445912942 0.0031421622688261176 -0.0044613568837611152 -0.00030986083640534962 -0.00010572863598667936 -7.0219569265052835e-05 -0.0034867432057147938 -0.0031858766864752402 0.0011874256636278488 -0.00018018195433320389 -0.005218009909038388 -0.00066456183256512441 9.5546711990782232e-05 0.0011737218425412544 0.00045259857638194133 -0.0015514817147050054 -0.0050995884266393709 0.0026476035995239566 -0.0021223056146741979 0.0011025957729933519
leaf_weight=75 31 35 29 85 39 60 76 161 39 33 46 24 26 127 128 92 21 20 181 105 21 27 27 82 47 20 21 33 28 21
leaf_count=75 31 35 29 85 39 60 76 161 39 33 46 24 26 127 128 92 21 20 181 105 21 27 27 82 47 20 21 33 28 21
internal_value=5.48216e-12 -0.000892589 3.47762e-05 0.00068675 0.00113931 -2.99558e-05 0.00076373 -0.000106782 -0.000168308 0.00016037 -0.000384694 -0.000735899 -0.00140366 -0.000924745 -0.000286038 0.000594411 -0.000890369 -0.000521965 0.000848748 -0.00030878 -0.000957127 -0.0026567 0.000130767 -0.000220707 -0.000993644 -0.00199325 -0.0033688 0.00122523 0.000457826 -0.000740205
internal_weight=1760 66 1694 153 124 1541 136 1405 1330 528 802 477 192 166 285 116 169 148 214 314 153 48 325 246 115 68 41 79 131 49
internal_count=1760 66 1694 153 124 1541 136 1405 1330 528 802 477 192 166 285 116 169 148 214 314 153 48 325 246 115 68 41 79 131 49
is_linear=0
shrinkage=0.05


Tree=141
num_leaves=31
num_cat=0
split_feature=194 169 310 105 203 187 187 206 233 228 332 171 295 298 229 122 283 171 296 134 301 204 326 135 274 142 82 87 331 102
split_gain=0.0206355 0.0280353 0.0369818 0.0232598 0.0265396 0.0560782 0.0867654 0.0769294 0.109729 0.0529192 0.0431096 0.049756 0.0534891 0.0668205 0.0678368 0.0571136 0.0581182 0.0545783 0.0455493 0.0478489 0.0430066 0.0839133 0.0638728 0.0490105 0.0489868 0.0494284 0.0426627 0.0665476 0.0451549 0.0604666
threshold=-0.083853607207984543 0.055249690174186898 0.001643593757050827 -0.11925385278940968 7.4349562267278976e-05 -0.0082873447755345726 -0.010161804448340446 -0.0096778454583747297 0.00040296047425171657 0.0073888333663403956 -0.053213757200696071 0.040936244839677845 -0.023408670082943651 0.036842505074333599 0.02647490822689615 -0.04599144043178964 0.0022394204452069297 0.031292340856046479 0.015491006925373372 0.017906866224855319 -0.022731814211341631 0.012215423124505598 0.016270512815232733 0.065532680569285948 -0.0097255968926734417 0.013760844371835878 -0.34597766319489059 0.017940511405993117 0.0037160779625599271 -0.0020076198622364931
decision_type=2 2 2 2 2 2 2 2 2 2 2 2 2 2 2 2 2 2 2 2 2 2 2 2 2 2 2 2 2 2
left_child=-1 3 -3 -2 5 6 7 8 -5 -10 -7 12 13 14 -12 16 -14 18 19 -17 21 24 -23 26 -6 -26 27 -22 29 -28
right_child=1 2 -4 4 20 10 -8 -9 9 -11 11 -13 15 -15 -16 17 -18 -19 -20 -21 23 22 -24 -25 25 -27 28 -29 -30 -31
leaf_value=-0.0015579778933551142 0.0012770409942330684 0.00014959691761760042 0.0028448293253313752 -0.0039422081730195457 0.0011778321366188223 -0.0022642855386948214 -0.0040453262030496267 8.7538501020712481e-05 0.0016224661708942483 -0.0019712518555024872 0.00078708648680363017 0.0020452699650289311 -0.0035801027528941636 -0.0016819086034783619 0.004027233339438681 1.5504309141923129e-05 -5.6446403455497196e-05 -0.0023331937938928606 0.00098362169240135701 -0.001940313808468951 0.00383926447197471 -0.0042152265857388869 -0.00040122477318315459 -0.0015960013870305071 8.3965366451882978e-06 -0.0024371941129814976 0.00067083778068435004 0.00054530717521708507 0.00089264236577554247 -0.00074567771320565776
leaf_weight=21 34 35 20 35 62 20 20 141 21 20 84 31 25 21 20 202 22 25 100 37 23 23 21 30 88 27 144 46 204 158
leaf_count=21 34 35 20 35 62 20 20 141 21 20 84 31 25 21 20 202 22 25 100 37 23 23 21 30 88 27 144 46 204 158
internal_value=9.31948e-13 1.8814e-05 0.00112968 -1.74673e-05 -4.4142e-05 -0.000244913 -0.000894068 -0.00060363 -0.00188593 -0.000130567 1.71818e-05 9.76568e-05 -1.4985e-05 0.000890719 0.00141019 -0.000290442 -0.00193073 -7.86467e-05 8.76178e-05 -0.000287279 0.000156143 -0.000440795 -0.00239491 0.000374198 4.49731e-05 -0.000565786 0.000476991 0.00164329 0.00031795 -7.02531e-05
internal_weight=1760 1739 55 1684 1650 824 237 217 76 41 587 567 536 125 104 411 47 364 339 239 826 221 44 605 177 115 575 69 506 302
internal_count=1760 1739 55 1684 1650 824 237 217 76 41 587 567 536 125 104 411 47 364 339 239 826 221 44 605 177 115 575 69 506 302
is_linear=0
shrinkage=0.05


Tree=142
num_leaves=31
num_cat=0
split_feature=129 246 96 306 150 132 328 141 260 246 113 198 326 11 336 237 133 101 279 136 144 271 234 153 108 81 251 177 283 283
split_gain=0.0204763 0.0485432 0.06433 0.078476 0.0536744 0.0429264 0.0650501 0.0672566 0.0374921 0.0681967 0.0520359 0.0497918 0.0668732 0.0608704 0.0533654 0.0688012 0.0491654 0.0488604 0.0636124 0.0597659 0.0535854 0.0459889 0.0594025 0.0521907 0.0478172 0.0435612 0.0471303 0.0434193 0.0402645 0.0717595
threshold=0.025782049166782936 -0.078191030011622059 -0.017718802013635359 -0.018913364666764746 0.0043740605437840229 0.0064326202441622798 -0.0109038001655583 0.0083746427199391637 -0.0019665264202940341 0.089497679825560769 0.031119194679085988 -0.0068120528402895843 0.037518804475223037 2.8671568627450985 0.00534324860811461 -0.025572181155953898 -0.029923188389935681 -0.011025527563215903 -0.0067733594964453593 0.0051798187813637889 0.0040131795609142764 -0.0073990042686100281 -0.008640088255804616 -0.011970825771593585 0.0059633111921687893 -0.4749659214763769 -0.0057535519125821799 0.029737254324036018 -0.031660282145744269 -0.026131181690346023
decision_type=2 2 2 2 2 2 2 2 2 2 2 2 2 2 2 2 2 2 2 2 2 2 2 2 2 2 2 2 2 2
left_child=8 -2 3 -3 -5 6 7 -4 10 16 11 25 14 -14 15 -13 -10 -17 20 -20 -19 22 -16 -23 -25 26 -1 -27 -18 -30
right_child=1 2 5 4 -6 -7 -8 -9 9 -11 -12 12 13 -15 21 17 28 18 19 -21 -22 23 -24 24 -26 27 -28 -29 29 -31
leaf_value=0.0006248640727294101 -0.0020408990113316354 -0.0034002144115887253 -0.0034835220837311897 -0.0018465993205049578 0.001308294092970235 0.0010640422773025367 0.00046268971725468237 -0.00012628819593893631 0.00094270251087090441 -0.002884441171772778 0.0022300509839422175 -0.0026373296223547579 -0.0035933027674521635 -3.2216718742953769e-05 -0.002345863621449098 -0.0015492155883662605 0.00064935477960491241 0.00045679401567516229 -0.001526847434967446 0.0012064167743422636 0.0039610760600771759 -0.0004610749267158099 0.0011720214633775565 0.0011394376342650503 0.0039486910739859535 0.00083828273326832137 0.0038619261275490988 -0.0016629225217911882 -0.0030208802814595402 -0.00027606109654002947
leaf_weight=22 37 30 26 26 28 99 115 35 105 22 36 28 24 24 20 37 109 24 45 36 20 21 30 33 28 131 23 20 25 501
leaf_count=22 37 30 26 26 28 99 115 35 105 22 36 28 24 24 20 37 109 24 45 36 20 21 30 33 28 131 23 20 25 501
internal_value=4.23282e-12 -0.000316518 -0.000138796 -0.00134983 -0.000210729 0.000231119 -0.0002374 -0.00155724 9.18924e-05 -0.000141106 0.000386817 0.00026958 -7.1745e-05 -0.00181276 0.000187785 -0.00034873 -5.95475e-05 4.68301e-05 0.00051926 -0.000312063 0.00204965 0.000960042 -0.000235133 0.00168881 0.00242893 0.000913918 0.00227936 0.000506997 -0.000225274 -0.000406518
internal_weight=1760 396 359 84 54 275 176 61 1364 762 602 566 370 48 322 190 740 162 125 81 44 132 50 82 61 196 45 151 635 526
internal_count=1760 396 359 84 54 275 176 61 1364 762 602 566 370 48 322 190 740 162 125 81 44 132 50 82 61 196 45 151 635 526
is_linear=0
shrinkage=0.05


Tree=143
num_leaves=31
num_cat=0
split_feature=318 288 240 220 297 254 277 275 297 282 276 240 172 287 138 287 1 211 263 300 94 196 231 206 334 220 185 336 264 209
split_gain=0.0200781 0.0231727 0.0275204 0.0561139 0.0505496 0.0610912 0.0556251 0.0569771 0.0666139 0.0568692 0.0470819 0.0460339 0.087439 0.0731371 0.0541477 0.065398 0.0453304 0.0528757 0.086017 0.0585182 0.0437172 0.0428852 0.0477336 0.0508755 0.0434388 0.0944251 0.107327 0.127298 0.0484884 0.0816682
threshold=0.074625373629898142 0.093572372554012337 0.02025903731717173 -0.17902751807061199 -0.046719963026156643 -0.045549729672842466 0.01021066866374316 0.028264296633955754 -0.019699979337662873 -0.038699091290446651 0.045172359497210844 -0.00039799976349507473 -0.043225592936815452 0.064470899041706012 0.038530327753181451 0.023862521330481262 8.1092212897829636 -0.055794534332952624 0.024362861345455341 0.032383454752410896 0.12919346609254131 0.038105308841820139 -0.038969544895522325 0.019117636195566761 0.01114652389167649 0.0034356070097554185 -0.010932140168112945 0.0078195789047812731 -0.0017794798375853794 0.63945796507440489
decision_type=2 2 2 2 2 2 2 2 2 2 2 2 2 2 2 2 2 2 2 2 2 2 2 2 2 2 2 2 2 2
left_child=1 2 3 -1 -4 -6 10 8 -8 -10 -7 20 -13 14 15 16 17 -14 19 -19 21 22 23 -5 28 26 -26 -28 29 -24
right_child=-2 -3 4 11 5 6 7 -9 9 -11 -12 12 13 -15 -16 -17 -18 18 -20 -21 -22 -23 24 -25 25 -27 27 -29 -30 -31
leaf_value=-0.0026836543698750791 0.0012824416261476776 -0.0015650741028366611 0.0019054558902533482 0.0016171537344919495 -0.0022904024935087365 0.00056249564741741524 -0.0025235787846170192 -0.0024881360520209589 -0.0017807760779396629 0.0012199388322575639 0.0030429093505344577 -0.0032923647032405898 0.0015424828114365006 -0.0032584801304619757 -0.0025186684336918203 0.0016465930003951323 -0.0022804353144378043 0.00012393054649829032 -0.0035198805120307953 -0.0026353768096929082 -0.0017488997405523373 0.0016007260621507776 0.00016649801992558349 -0.00097680446621476835 0.00079802549630403515 0.00035675380648772075 -0.0053071101842027523 -0.0006110659248036057 -0.00029886087050948868 0.0024509579796964925
leaf_weight=21 30 24 46 89 24 215 21 28 20 75 21 26 42 20 23 51 26 226 20 21 29 53 142 24 25 97 31 27 209 54
leaf_count=21 30 24 46 89 24 215 21 28 20 75 21 26 42 20 23 51 26 226 20 21 29 53 142 24 25 97 31 27 209 54
internal_value=2.39352e-12 -2.22389e-05 -5.34271e-07 -0.000120738 0.000334969 0.000156151 0.00031067 -0.000463771 2.48684e-05 0.000588209 0.00078321 -7.71584e-05 -0.000476843 -0.000306205 -0.00016184 -2.14068e-05 -0.000275341 -0.000106628 -0.000366038 -0.000110666 0.000155991 0.000229549 0.000125433 0.00106622 -5.62922e-05 -0.000702575 -0.00194059 -0.00312102 0.000230945 0.00079589
internal_weight=1760 1730 1706 1256 450 404 380 144 116 95 236 1235 455 429 409 386 335 309 267 247 780 751 698 113 585 180 83 58 405 196
internal_count=1760 1730 1706 1256 450 404 380 144 116 95 236 1235 455 429 409 386 335 309 267 247 780 751 698 113 585 180 83 58 405 196
is_linear=0
shrinkage=0.05


Tree=144
num_leaves=31
num_cat=0
split_feature=174 187 120 200 92 276 220 157 257 267 326 320 293 293 292 320 114 87 216 153 327 251 117 327 172 146 274 332 158 280
split_gain=0.0197422 0.029438 0.0299985 0.03704 0.0636668 0.043751 0.0445725 0.0523898 0.0887907 0.0408105 0.0449003 0.0331048 0.0613913 0.0920149 0.0682526 0.0612678 0.0557138 0.0526657 0.0439051 0.0462263 0.03879 0.0368287 0.0509592 0.054821 0.0468527 0.0452621 0.0701873 0.0765135 0.0917364 0.073858
threshold=-0.052784562844202278 -0.060168837150250863 -0.023840488902964946 0.015217125757502377 -0.037929117675261734 0.024898231739939335 0.04626316723960832 0.014347772692434804 0.013791805155310368 -0.004208855548234274 -0.011104300457755215 0.023471106853290492 0.018822190421526514 -0.00090259671913419683 0.033509375217504057 0.019299627235091772 0.013840536280426106 0.048999419176494023 -0.013982529744844967 -0.0052093063627326568 0.060941810534195 0.02876632363276831 0.014449859266786994 0.0064564957477990202 0.008398806911096934 -0.00071350688975719168 -0.017379903482226827 0.020387412773861874 -0.031667227711084163 -0.027111686681548574
decision_type=2 2 2 2 2 2 2 2 2 2 2 2 2 2 2 2 2 2 2 2 2 2 2 2 2 2 2 2 2 2
left_child=-1 -2 3 5 -5 6 7 8 9 -3 -11 15 13 14 16 20 -13 -17 -14 -20 21 25 -23 24 -24 26 -4 28 -28 -30
right_child=1 2 11 4 -6 -7 -8 -9 -10 10 -12 12 18 -15 -16 17 -18 -19 19 -21 -22 22 23 -25 -26 -27 27 -29 29 -31
leaf_value=0.00078290411280226206 -0.0014707366391667166 0.0015932097399579078 0.00032584941569678111 -0.0028075608984142056 0.00030122653015182709 0.0017099181868949196 0.0014010455713906228 0.0013023315669746204 -0.0027431882049616736 0.00080635299183389483 -0.0018861423703128823 0.00068308405863813518 0.0024469607038467771 -0.0033642790364530428 -0.0029415015009969167 0.00355606206642485 -0.0021255711741421535 5.5424541573128889e-05 -0.0021669395093340429 0.00080282467664035632 0.001551740547209712 0.001125020589664681 -0.0026862037790124308 0.001059891229295837 0.00039875225571449851 2.7573719523599273e-05 -0.0047023203545667573 0.00061734452985027545 -0.0038337859590683366 -0.00079532347669858915
leaf_weight=77 35 33 99 23 58 71 67 48 36 30 32 76 21 38 24 22 23 21 20 38 35 118 32 35 20 419 23 42 24 120
leaf_count=77 35 33 99 23 58 71 67 48 36 30 32 76 21 38 24 22 23 21 20 38 35 118 32 35 20 419 23 42 24 120
internal_value=-2.41409e-12 -3.58191e-05 -5.34456e-06 0.00037271 -0.000581516 0.000616534 0.000300964 -0.000110798 -0.000628586 0.000172736 -0.000583322 -0.000125717 -0.000653574 -0.00121374 -0.000549348 -2.85892e-07 3.05682e-05 0.00184645 0.000488034 -0.000221232 -8.24054e-05 -0.000143774 0.000448123 -0.000469969 -0.00149968 -0.000310677 -0.000770829 -0.00129031 -0.00177008 -0.00130173
internal_weight=1760 1683 1648 398 81 317 246 179 131 95 62 1250 240 161 123 1010 99 43 79 58 967 932 205 87 52 727 308 209 167 144
internal_count=1760 1683 1648 398 81 317 246 179 131 95 62 1250 240 161 123 1010 99 43 79 58 967 932 205 87 52 727 308 209 167 144
is_linear=0
shrinkage=0.05


Tree=145
num_leaves=31
num_cat=0
split_feature=168 131 323 321 125 138 176 277 277 285 214 249 236 126 104 280 285 118 309 168 85 140 257 86 5 153 270 289 263 262
split_gain=0.0189811 0.0400244 0.0482134 0.0415839 0.04331 0.0378253 0.0355623 0.032579 0.0369094 0.0356837 0.0409221 0.0406955 0.0386529 0.080216 0.0620436 0.040639 0.046611 0.0527356 0.0822566 0.0490689 0.0462871 0.0421951 0.0716334 0.0419434 0.0468269 0.0449392 0.0629158 0.0518709 0.0653746 0.0509795
threshold=-0.021660108899857543 0.022169731929941365 0.0096164323874698542 -0.0061494903857584726 0.00096224559928161839 0.072824213498554488 -0.005182542477132678 -0.099371657706447042 -0.068408889679217585 0.041155023740896531 0.069411474642936469 -0.020280331583004702 0.06483329422983071 0.01121010289060973 0.050734511952361137 0.05569761054137045 -0.03872758943933672 0.042839035527070531 0.0145733988490975 -0.019896384357829464 -0.42629965438986533 0.040862128780878006 -0.0078350966918861367 0.1181695739608606 3.1771850203986758 -0.0032619118577217722 0.035895405454233205 0.032171817129880299 -0.00083762466087860491 -0.0091361599778469176
decision_type=2 2 2 2 2 2 2 2 2 2 2 2 2 2 2 2 2 2 2 2 2 2 2 2 2 2 2 2 2 2
left_child=1 3 -3 -1 6 7 -5 -2 -9 12 11 -11 15 14 -14 16 -10 19 -19 -18 -21 23 -23 24 25 26 27 28 29 -22
right_child=5 2 -4 4 -6 -7 -8 8 9 10 -12 -13 13 -15 -16 -17 17 18 -20 20 21 22 -24 -25 -26 -27 -28 -29 -30 -31
leaf_value=-0.00012585864555760871 0.0017945300120945007 0.00030726044111557913 -0.002607914019861947 0.00091556754608366955 0.00043161214277942614 0.0016510474912901111 0.0032941464525224132 -0.0017027871939668282 0.00066783842682731375 -0.0012528265222264906 0.0027494151878636333 0.00085383372841699222 -0.0044891157774659607 0.00028423676031958712 -0.0008165490666768798 0.00097100805016205787 -0.0026719844221952376 -0.0033418867127586378 0.00063815464188034341 0.0018705670307907795 -0.0043778892038279175 0.00024287262765158502 -0.0039382695732638239 0.00080987872363149315 0.0019747344734655187 -6.0236233064017464e-05 -0.0033562976229101573 0.0010165309868553826 -0.00033287538428159499 -0.0012446020310402247
leaf_weight=107 22 37 23 30 85 31 33 37 137 31 20 88 23 47 23 81 20 34 21 27 21 21 20 99 22 413 24 38 111 34
leaf_count=107 22 37 23 30 85 31 33 37 137 31 20 88 23 47 23 81 20 34 21 27 21 21 20 99 22 413 24 38 111 34
internal_value=3.29361e-12 0.000351685 -0.000810223 0.000625075 0.00116798 -7.66648e-05 0.00216149 -0.000114543 -0.000144715 -0.000102169 0.000656749 0.00030504 -0.000188921 -0.00116851 -0.00265283 -0.000107797 -0.000191659 -0.00032177 -0.00182223 -0.000224681 -0.00016571 -0.000234178 -0.00179671 -0.000150105 -0.00029345 -0.000371298 -0.000934756 -0.000649868 -0.00103133 -0.00244095
internal_weight=1760 315 60 255 148 1445 63 1414 1392 1355 139 119 1216 93 46 1123 1042 905 55 850 830 803 41 762 663 641 228 204 166 55
internal_count=1760 315 60 255 148 1445 63 1414 1392 1355 139 119 1216 93 46 1123 1042 905 55 850 830 803 41 762 663 641 228 204 166 55
is_linear=0
shrinkage=0.05


Tree=146
num_leaves=31
num_cat=0
split_feature=254 85 192 119 181 130 86 129 129 101 268 129 186 151 156 250 250 182 126 333 320 256 259 171 275 315 199 129 7 106
split_gain=0.018468 0.0674663 0.025494 0.0423087 0.0347162 0.0280838 0.0274608 0.0269533 0.045798 0.051475 0.0437789 0.0535172 0.0478027 0.0455957 0.0673349 0.0367875 0.103398 0.0804325 0.0955306 0.124914 0.112499 0.0503522 0.0739627 0.046773 0.0443832 0.0452841 0.05404 0.0427685 0.0419016 0.041319
threshold=0.078290367435630268 0.1395559602774413 0.025641199436165704 -0.041286484989635233 -0.006102772508986532 -0.0057834756038465523 0.017908190151069949 0.025782049166782936 0.074320506646333051 -0.031391122098522822 -0.0012674359608684826 0.030080746769943476 -0.0041107846792158521 0.011813943584270655 0.0080942456898943516 -0.011684321805089585 -0.031255655718349346 0.015894380548261654 0.00059629376613946938 -0.00564169741367766 0.010743514469450124 -0.002692800658047455 -0.0030025560178594366 0.0096667440068915512 -0.031674940614598641 -0.0009685606855453871 -0.00038042773499801213 0.019307319768574683 0.75514917283310556 0.084115779636165247
decision_type=2 2 2 2 2 2 2 2 2 2 2 2 2 2 2 2 2 2 2 2 2 2 2 2 2 2 2 2 2 2
left_child=2 -2 7 -4 6 -6 -5 15 9 -9 11 -11 -13 -12 -15 16 23 18 19 -18 -21 -20 -23 24 -1 26 -26 29 -27 -17
right_child=1 -3 3 4 5 -7 -8 8 -10 10 13 12 -14 14 -16 27 17 -19 21 20 -22 22 -24 -25 25 28 -28 -29 -30 -31
leaf_value=-0.0017263228137556826 -0.0027418429928797263 0.0005095643830151322 0.0027529935020720589 0.0001356480964750517 -0.00019968025087784499 0.0016702293971831211 -0.0019294766867956658 -0.0025450421594238534 0.00088784188074483123 -0.0034908821462609229 0.00078850381750785554 -0.0022326611331178964 0.00029195629415335132 -0.002628311347216368 0.0008851965465582908 0.00030385256605127775 3.5074251481210412e-05 0.00078913391031243884 0.00066445249934784243 -0.0023564344774328035 -0.0073040590505115688 8.3021263587094537e-05 -0.0035993446714710445 0.0014940045783034934 0.0012845683816324353 0.00044919847820313989 -0.0018181210739486335 0.0019068567858388026 0.0032093553617596627 -0.0013148245978213493
leaf_weight=31 27 39 20 60 31 57 22 33 55 21 92 30 50 30 25 643 23 46 45 27 20 30 25 74 23 44 36 39 20 42
leaf_count=31 27 39 20 60 31 57 22 33 55 21 92 30 50 30 25 643 23 46 45 27 20 30 25 74 23 44 36 39 20 42
internal_value=3.30232e-12 -0.000820557 3.19697e-05 0.000577701 0.000321785 0.00101151 -0.00041841 -3.69724e-05 -0.000431615 -0.000689872 -0.000443015 -0.00124446 -0.000654775 0.000107639 -0.00103126 7.6555e-05 -0.00028177 -0.0010657 -0.00156759 -0.00298426 -0.00446181 -0.000575926 -0.00159078 0.000460899 -3.55289e-05 0.000390606 -0.000608598 0.000296301 0.00131175 0.000204605
internal_weight=1760 66 1694 190 170 88 82 1504 336 281 248 101 80 147 55 1168 444 216 170 70 47 100 55 228 154 123 59 724 64 685
internal_count=1760 66 1694 190 170 88 82 1504 336 281 248 101 80 147 55 1168 444 216 170 70 47 100 55 228 154 123 59 724 64 685
is_linear=0
shrinkage=0.05


Tree=147
num_leaves=31
num_cat=0
split_feature=275 269 160 334 334 169 194 160 113 126 122 181 86 293 86 286 333 224 217 289 288 323 285 185 243 267 278 283 232 153
split_gain=0.0181496 0.0411752 0.0223434 0.0542824 0.0550582 0.0518499 0.0777162 0.0406981 0.0531697 0.0475524 0.0520446 0.0756887 0.0549602 0.0964687 0.0829711 0.0481906 0.049078 0.0465921 0.0411572 0.0394561 0.0418989 0.0758745 0.0650854 0.062783 0.0427225 0.063691 0.0361432 0.0429358 0.0459641 0.0453058
threshold=0.082647478765745519 0.0023281181085469415 0.01082976459868871 0.064344819393349864 0.03185113231014023 -0.035844401049206318 0.015932719908028858 0.008327214313076212 0.0017463943819400073 -0.046250944391518008 -0.04599144043178964 0.0082423400981043154 -0.17297844708432872 0.0012563262592671081 -0.1302380570748741 -0.01068675968956543 0.0040822517822707944 0.053519057100066485 -0.0014559972188747953 0.00090317455145682852 -0.0037201160890187684 -0.027449624197522855 0.025600005665760057 -0.00027290418922941288 0.009991594315060439 -0.004208855548234274 0.054665744423407249 0.0047029158941934756 0.016770868815022252 0.022118331712769349
decision_type=2 2 2 2 2 2 2 2 2 2 2 2 2 2 2 2 2 2 2 2 2 2 2 2 2 2 2 2 2 2
left_child=2 -2 3 4 5 6 -1 9 -9 -7 11 15 13 -12 -14 -11 -17 26 -15 20 21 -4 -22 -24 -23 -26 27 28 -16 -29
right_child=1 -3 19 -5 -6 7 -8 8 -10 10 12 -13 14 18 17 16 -18 -19 -20 -21 22 24 23 -25 25 -27 -28 29 -30 -31
leaf_value=5.6904368669035779e-05 -0.0024461248480899186 0.00033242537775853031 -0.0033632077003383771 -0.0025071812560781837 0.00093924191426800283 0.0012362566935619943 -0.0034111652231755825 -6.6660533559991534e-05 -0.0034680326259694996 0.0016565451952850537 -0.0037120883003808561 -0.0034630046724083113 0.0031279516244388144 0.0018041142933361697 0.00013540524916148627 -0.0030614863961818629 0.00039934762365495167 -0.0016508795333573141 -0.0012389709589770064 0.00070913742826786311 0.0010409111638144785 0.00053679673136223887 -0.0028615908613428475 0.00084684139805003302 -0.0030074129697519919 0.00057312429594078473 0.001931934414980268 -0.00082599369584760796 0.0015744524919362346 0.0010257107180134371
leaf_weight=35 24 30 23 23 124 71 30 27 20 21 26 27 23 20 254 20 21 37 25 279 121 73 25 21 27 23 28 170 71 41
leaf_count=35 24 30 23 23 124 71 30 27 20 21 26 27 23 20 254 20 21 37 25 279 121 73 25 21 27 23 28 170 71 41
internal_value=1.608e-12 -0.000902486 2.85664e-05 -0.000103342 -5.26656e-05 -0.00017986 -0.00154374 -8.15752e-05 -0.00151405 -2.83086e-06 -0.000115044 -0.00125345 3.07374e-05 -0.00128741 0.000180719 -0.000291225 -0.00128886 6.79299e-05 0.000113511 0.000276786 -0.0001086 -0.000727301 0.0004323 -0.00116861 -0.000234408 -0.00136037 0.000180689 8.92057e-05 0.000449782 -0.000466184
internal_weight=1760 54 1706 1114 1091 967 65 902 47 855 784 89 695 71 624 62 41 601 45 592 313 146 167 46 123 50 564 536 325 211
internal_count=1760 54 1706 1114 1091 967 65 902 47 855 784 89 695 71 624 62 41 601 45 592 313 146 167 46 123 50 564 536 325 211
is_linear=0
shrinkage=0.05


Tree=148
num_leaves=31
num_cat=0
split_feature=251 120 259 120 282 186 233 120 302 194 186 98 101 129 175 210 247 84 204 298 301 262 110 137 210 170 232 103 120 115
split_gain=0.017553 0.0210839 0.0257126 0.0233337 0.0321731 0.0506089 0.0639787 0.0412484 0.0389991 0.0317487 0.0604249 0.0343812 0.0307177 0.0626389 0.0731172 0.0573573 0.0361125 0.0569322 0.0824502 0.0599228 0.0704504 0.0548663 0.046705 0.0423029 0.0551476 0.0646272 0.0620124 0.0722414 0.0418286 0.0395923
threshold=-0.10484175010389062 0.07760366641684692 0.0044482690414178131 -0.023840488902964946 -0.011160667456190211 0.002972633794126006 -0.0068199605857723984 -0.028087179105301247 0.0050790511351322858 -0.011178028839812513 -0.012494820091646245 0.0053971383354050511 -0.03345385835521366 -0.0012834669410952096 -0.00049068409508833306 0.01321974774362345 0.018688260509485893 0.17303090007462293 0.014263052764741027 0.0050815758735549719 1.0000000180025095e-35 0.0017428173424564209 -0.012285371585939795 0.0083840244964527872 -0.6086967118629153 0.0012626965656589203 -0.0048531761718247938 0.01670045985753156 0.0060186130145203753 -0.016814912714109981
decision_type=2 2 2 2 2 2 2 2 2 2 2 2 2 2 2 2 2 2 2 2 2 2 2 2 2 2 2 2 2 2
left_child=-1 3 -3 4 5 8 -7 9 -2 10 -6 -12 13 14 -5 -15 17 23 19 20 21 -19 -21 24 -14 26 27 -26 29 -18
right_child=1 2 -4 12 7 6 -8 -9 -10 -11 11 -13 16 15 -16 -17 28 18 -20 22 -22 -23 -24 -25 25 -27 -28 -29 -30 -31
leaf_value=0.0012418917388588723 0.001449832909427295 -0.00020962608060940649 0.0016867306458245883 0.0021826906342302332 -0.0027890588467319806 -0.0034865005097041526 6.1514601865955804e-05 0.0023554332076636112 -0.00081003941312831436 0.00070416149564914892 -0.00094440008473137152 0.0017608665148145519 -0.002407975476138139 -0.004392694458365441 -0.0019509721809299664 -0.00069302577440711591 0.0019900352715652575 0.0012595259544988429 -0.0031222516119382101 0.0026654561143368487 -0.0033207351283635945 -0.0017939116895919847 -0.00027021709368758217 0.00052803337056372718 -0.0041804706878028819 0.0005528983142236636 -0.00023986749619655764 -0.00061718838529266199 -0.00023294493835977802 0.00037375759380006999
leaf_weight=28 42 33 39 23 21 24 27 29 35 185 23 24 30 20 20 22 54 28 38 20 30 31 42 210 25 168 157 33 172 127
leaf_count=28 42 33 39 23 21 24 27 29 35 185 23 24 30 20 20 22 54 28 38 20 30 31 42 210 25 168 157 33 172 127
internal_value=-3.48719e-12 -2.00768e-05 0.000817567 -5.64083e-05 0.00027091 -0.000386512 -0.00160814 0.000569315 0.000422618 0.000364582 -0.000559274 0.000437013 -0.000163769 -0.00108139 0.000260057 -0.00245477 -9.68181e-05 -0.000280364 -0.00104049 -0.0005166 -0.00134794 -0.000344823 0.000676774 -4.97649e-05 -0.000343561 -0.000181857 -0.000755992 -0.00215309 0.00032539 0.000855962
internal_weight=1760 1732 72 1660 410 128 51 282 77 253 68 47 1250 85 43 42 1165 812 189 151 89 59 62 623 413 383 215 58 353 181
internal_count=1760 1732 72 1660 410 128 51 282 77 253 68 47 1250 85 43 42 1165 812 189 151 89 59 62 623 413 383 215 58 353 181
is_linear=0
shrinkage=0.05


Tree=149
num_leaves=31
num_cat=0
split_feature=324 118 250 166 125 311 153 330 160 273 266 162 322 175 206 324 127 268 107 259 233 233 242 226 209 255 247 186 274 254
split_gain=0.0174681 0.029277 0.0233939 0.0216402 0.0427632 0.0278182 0.0301559 0.0466932 0.0459578 0.0497622 0.0492791 0.0415603 0.0408151 0.0487266 0.0778937 0.100118 0.0866964 0.0482709 0.0635378 0.0660219 0.0683613 0.0451938 0.0507468 0.0759344 0.0454752 0.0410531 0.0485537 0.0601275 0.07486 0.0657423
threshold=-0.060877467973812299 -0.0086896589761015202 0.002529048507331389 0.047832927702365198 -0.026252159145570209 0.083207453143835056 -0.0084353538249717554 0.043337863215426223 0.050358345542420822 -0.057519583301186887 0.072830354089444202 -0.049019357159649439 0.044304358835240684 0.0027128990102436427 0.0098344051649481342 0.005968449090842938 -0.018854299473935975 0.0021667235273170569 -0.012093276800272895 0.0052109717732872467 -0.010302115907196372 -0.020363049954298978 0.041455187200203886 -0.00090758451837643554 0.71062115721072316 -0.0062761181537510898 0.0075122865097968705 -0.00063677695623065307 0.00045451959706922519 0.0087626442307655976
decision_type=2 2 2 2 2 2 2 2 2 2 2 2 2 2 2 2 2 2 2 2 2 2 2 2 2 2 2 2 2 2
left_child=1 -1 -3 5 -5 6 7 8 9 -2 11 -11 13 21 17 16 -16 18 -15 20 -20 24 25 -24 -8 -23 27 29 -29 -27
right_child=3 2 -4 4 -6 -7 12 -9 -10 10 -12 -13 -14 14 15 -17 -18 -19 19 -21 -22 22 23 -25 -26 26 -28 28 -30 -31
leaf_value=-0.00040675468684639779 -0.0023901312171643522 0.0028687170988996517 0.0004503546390333213 -0.0012831672205634061 0.0012771751258796567 -0.001841148899852256 0.00066837357402878955 -0.0021277450224650757 -0.0023686559424580386 0.0022809737432648298 -0.0024273667868692432 -2.162244836004642e-06 0.0013684192528338221 0.00087164224349652183 -0.0053793151956051596 0.00046492060890074738 -0.0015531526929375935 0.00080722994420028959 -0.0045601016247846099 0.00017225706327261161 -0.0010223575230864097 0.0010112240625594201 -0.0027936806604783571 0.0005268351139613625 0.0030157955387646023 -0.0026614722756123374 0.00086129851032999423 0.0016534270010177153 -0.0014055754891564398 0.00066254953493452865
leaf_weight=30 23 20 20 21 73 22 147 35 24 21 20 392 60 54 20 43 57 121 22 46 36 124 36 33 24 51 83 45 36 21
leaf_count=30 23 20 20 21 73 22 147 35 24 21 20 392 60 54 20 43 57 121 22 46 36 124 36 33 24 51 83 45 36 21
internal_value=-5.06733e-13 0.000773983 0.00165954 -3.20585e-05 0.000705184 -7.548e-05 -5.0801e-05 -0.000364634 -0.000236073 -0.000123832 -3.45147e-06 0.000113929 0.000101818 2.57461e-05 -0.000402467 -0.0014677 -0.00254696 5.56997e-05 -0.000519839 -0.00124234 -0.00236426 0.000310508 3.65375e-05 -0.00120561 0.000997836 0.000274615 -0.000112416 -0.000640641 0.00029387 -0.00169197
internal_weight=1760 70 40 1690 94 1596 1574 515 480 456 433 413 1059 999 399 120 77 279 158 104 58 600 429 69 171 360 236 153 81 72
internal_count=1760 70 40 1690 94 1596 1574 515 480 456 433 413 1059 999 399 120 77 279 158 104 58 600 429 69 171 360 236 153 81 72
is_linear=0
shrinkage=0.05


Tree=150
num_leaves=31
num_cat=0
split_feature=184 184 199 185 251 198 303 271 309 309 259 96 189 129 205 186 283 138 243 124 320 118 125 262 98 254 285 175 283 255
split_gain=0.0173016 0.0448498 0.046241 0.039687 0.026526 0.0240846 0.0254834 0.0244119 0.0225656 0.0389998 0.0891244 0.0504568 0.0459431 0.0323344 0.0706781 0.0517627 0.0790293 0.0506016 0.0606073 0.0599672 0.0388446 0.032738 0.0487786 0.0536416 0.0576629 0.0387165 0.0372143 0.040603 0.0543012 0.055488
threshold=0.044190905197075199 0.078158298959914996 -0.017913502241337722 0.070206817368073618 -0.0059220562815445318 -0.033165353607231378 -0.034026288993420466 0.094126448158275783 -0.050981241890270527 -0.033034595663979788 -0.033388206734315487 -0.01088154633890541 0.010123408891361192 0.022783240645849013 0.025447863865332317 -0.0068801960076040275 -0.021518916071268924 -0.033222447458775679 0.044863319473173978 -0.015418487847925556 -0.0032444038943211548 0.016453017486863796 -0.042963754502727568 0.013693820042793585 -0.0041628641037028428 -0.051429899540903802 0.075584424323991359 -0.0040710460033754224 -0.0083495211440174997 -0.0010606645514225172
decision_type=2 2 2 2 2 2 2 2 2 2 2 2 2 2 2 2 2 2 2 2 2 2 2 2 2 2 2 2 2 2
left_child=3 2 -2 5 -4 6 -1 8 -7 10 -10 -12 -13 21 15 16 -15 -17 19 -19 -18 26 -23 25 -25 -24 27 -11 -29 -30
right_child=1 -3 4 -5 -6 7 -8 -9 9 13 11 12 -14 14 -16 17 20 18 -20 -21 -22 22 23 24 -26 -27 -28 28 29 -31
leaf_value=-0.00060004246770404288 0.0033554991974961016 -0.0011756575748828862 0.0015287671652353871 -0.0022503188427072016 -0.00089328160618606489 0.00062923410102414966 0.0012631950710783714 0.0014933193209581079 -0.0040586020404225565 0.0007635551430221594 -0.0022180010985511428 0.0013890637306314781 -0.0014432867978360843 -0.0039886469753193004 -0.0033701911539537836 0.0019921833376077215 -0.0017520826003006237 -0.0020750240315324984 -0.0027899997285567228 0.00054420630887735391 0.00059277213448168413 -0.0024735182147616382 -0.0016637697632540952 -0.0030727089519911846 -0.00011426337776356377 0.00070961174811809099 -0.0017822982404719701 0.00076165412633540715 0.00032898584515855643 -0.0010585249532548341
leaf_weight=25 20 24 26 20 20 104 69 25 20 291 26 41 22 21 20 31 33 26 20 137 38 26 20 28 40 122 22 154 137 152
leaf_count=25 20 24 26 20 20 104 69 25 20 291 26 41 22 21 20 31 33 26 20 137 38 26 20 28 40 122 22 154 137 152
internal_value=1.53896e-12 0.000675295 0.00134837 -3.63931e-05 0.000475702 -9.55766e-06 0.000767653 -5.651e-05 -8.18175e-05 -0.000133639 -0.00104258 -0.000364817 0.000399989 -5.8469e-05 -0.000490477 -0.00030226 -0.00129408 0.000124128 -0.000192319 0.000126415 -0.00049709 8.35014e-05 -0.000430596 -0.000177663 -0.00133245 0.000375333 0.000243987 0.00030472 3.31829e-06 -0.000400778
internal_weight=1760 90 66 1670 46 1650 94 1556 1531 1427 109 89 63 1318 326 306 92 214 183 163 71 992 236 210 68 142 756 734 443 289
internal_count=1760 90 66 1670 46 1650 94 1556 1531 1427 109 89 63 1318 326 306 92 214 183 163 71 992 236 210 68 142 756 734 443 289
is_linear=0
shrinkage=0.05


Tree=151
num_leaves=31
num_cat=0
split_feature=174 187 202 120 200 92 178 187 315 122 185 156 207 4 306 115 129 157 150 145 101 303 157 293 178 110 307 103 178 96
split_gain=0.0173213 0.0248459 0.0237975 0.0237798 0.0291302 0.0500712 0.0377358 0.034481 0.0831245 0.077979 0.0302695 0.0303749 0.0288293 0.0623399 0.0587607 0.0656567 0.0760077 0.0601129 0.0515095 0.0807603 0.0496149 0.0559555 0.053437 0.0464705 0.0664056 0.063217 0.0727057 0.0421137 0.0435214 0.0401546
threshold=-0.052784562844202278 -0.060168837150250863 -0.0042718430374857263 -0.023840488902964946 0.015217125757502377 -0.037929117675261734 -0.012016674778336961 -0.0041055256367470037 0.011249055685497946 0.0078000744428799061 0.017610581994712594 -0.0070498136016600545 1.0000000180025095e-35 6.7833245593222182 0.027495512516167362 -0.032214381688151869 0.017345695884468614 0.0014182016992832335 0.0086971211876670142 -0.022913324884881098 -0.022778888697055445 -0.059773821895163892 0.031520583159453122 0.03546838107389879 -0.0012661792316858999 0.0080280770931788759 -0.00031585699005571313 0.022376864169923818 0.0044536136227182228 -0.037993724511143835
decision_type=2 2 2 2 2 2 2 2 2 2 2 2 2 2 2 2 2 2 2 2 2 2 2 2 2 2 2 2 2 2
left_child=2 -2 -1 4 6 -6 -3 8 9 -8 11 -9 14 18 15 16 17 -5 19 -14 -21 -22 23 24 -23 -26 -27 -20 -29 -17
right_child=1 3 -4 12 5 -7 7 10 -10 -11 -12 -13 13 -15 -16 29 -18 -19 27 20 21 22 -24 -25 25 26 -28 28 -30 -31
leaf_value=-0.00022956791246542708 -0.001351808701625227 0.0014413446687137558 0.0015357482322932421 0.00027336732608899993 -0.0024892973500992292 0.00026765195542448686 -0.003803210315993056 0.0020864377281470344 0.0018033755619240846 0.00014594229077920319 -0.0010910479984225028 0.00043417556339169177 0.0017506648610135526 0.0027414185029391029 0.00061619704480981457 -0.0020771383750534077 -0.0045780476753134276 -0.0029571526470438887 0.00018089067781034749 -0.0024543937498463261 -0.0024987671844428406 0.00070281737652124832 -0.0023272296886156815 0.002146228040510323 -5.5491809816885507e-05 -0.00045693942766564976 -0.0042333799786865708 0.00061618730611180108 0.0032140895888525325 -0.00020711140991197587
leaf_weight=35 35 86 42 36 23 58 25 39 23 25 22 97 43 22 125 31 20 24 137 31 28 118 26 24 80 26 25 38 28 388
leaf_count=35 35 86 42 36 23 58 25 39 23 25 22 97 43 22 125 31 20 24 137 31 28 118 26 24 80 26 25 38 28 388
internal_value=1.66334e-12 -3.35511e-05 0.000733332 -5.55415e-06 0.000331042 -0.000515186 0.00054727 0.000214411 -0.000684302 -0.00182863 0.00062964 0.000907986 -0.000112726 0.000127012 -0.000353233 -0.000596076 -0.00190864 -0.00101884 3.17852e-05 -0.000296742 -0.000542659 -0.000361424 -0.000161272 4.50097e-05 -0.000157517 -0.000932475 -0.00230814 0.000680747 0.00171833 -0.000345467
internal_weight=1760 1683 77 1648 398 81 317 231 73 50 158 136 1250 626 624 499 80 60 604 401 358 327 299 273 249 131 51 203 66 419
internal_count=1760 1683 77 1648 398 81 317 231 73 50 158 136 1250 626 624 499 80 60 604 401 358 327 299 273 249 131 51 203 66 419
is_linear=0
shrinkage=0.05


Tree=152
num_leaves=31
num_cat=0
split_feature=0 4 153 312 1 283 230 174 100 116 134 189 323 153 323 125 141 198 232 261 220 154 160 292 111 2 226 275 165 255
split_gain=0.0178335 0.0377934 0.0180904 0.0422868 0.0413779 0.0859982 0.0411914 0.0406052 0.0481478 0.0721962 0.0769533 0.0467919 0.0365224 0.0503722 0.0563777 0.0450587 0.0500881 0.0624352 0.0742027 0.0482744 0.045094 0.0724496 0.0623595 0.0781742 0.0896164 0.141656 0.0885701 0.0461119 0.0456878 0.0440708
threshold=11.083556880738579 6.7684925510589489 -0.0084353538249717554 -0.072824451399648424 4.9522934739897151 0.0047029158941934756 0.02885864856476136 0.01216651056310872 -0.0066586907065149152 -0.00077005585134223083 0.0036425214802076077 -0.033704177687239191 -0.0075937434521841773 -0.0058510768010669517 -0.0099640312429396406 0.060383799074197914 -0.017641303471269885 -0.00034322191315123556 -0.027171156931223881 0.00083943478124431925 0.01019418372104851 -0.021486807487771993 0.0090859166451675421 -0.016668781634966417 -0.00091278094382516123 1.4978661367769956 -0.00090758451837643554 0.046853262373784878 -0.0049572673445797332 -0.017355321793136983
decision_type=2 2 2 2 2 2 2 2 2 2 2 2 2 2 2 2 2 2 2 2 2 2 2 2 2 2 2 2 2 2
left_child=1 2 4 -4 7 6 -6 11 -9 -10 -11 -1 13 -5 29 16 17 18 -14 -20 21 28 23 -23 25 -25 -27 -24 -18 -15
right_child=-2 -3 3 12 5 -7 -8 8 9 10 -12 -13 15 14 -16 -17 20 -19 19 -21 -22 22 27 24 -26 26 -28 -29 -30 -31
leaf_value=-0.001416680387207659 -0.0014845382072962822 0.0018731595859949098 -0.0019313803110271692 0.0025955378944571648 0.0018693558720406145 -0.0031036189121449653 -0.0013012372622532506 0.00039756506365457814 -0.00030071980666924412 -0.0051006724714257184 -0.00082022785403144862 0.00047331179006026729 -0.0041274567126055005 0.00095233012237586089 0.0022564879631520145 0.0018467201135755548 -0.00037264202149923557 2.7743000233821363e-05 -0.0025098332363995726 0.00092255023787618572 0.00068478989553212263 0.00077968297789791701 0.00072214705570858274 -2.1225369536019258e-05 -0.0004483556320714155 -0.0073050800105556842 -0.0026558532734357178 -0.0019193410579464399 0.0025872812580928443 -0.00019674285039476369
leaf_weight=37 20 27 25 27 20 36 21 63 65 21 21 285 27 125 36 29 22 71 20 21 185 36 95 23 58 20 21 20 32 251
leaf_count=37 20 27 25 27 20 36 21 63 65 21 21 285 27 125 36 29 22 71 20 21 185 36 95 23 58 20 21 20 32 251
internal_value=-5.52691e-12 1.70637e-05 -1.21918e-05 0.000102401 -0.000242586 -0.00132038 0.000245394 -7.39073e-05 -0.000699054 -0.00134473 -0.00296045 0.000256139 0.000147839 0.000503353 0.000366244 -8.1677e-05 -0.000167581 -0.00100931 -0.00209212 -0.000751783 6.09364e-05 -0.000292008 -0.000623009 -0.00126771 -0.00187186 -0.00316192 -0.00492377 0.000262758 0.00138139 0.000185263
internal_weight=1760 1740 1713 1144 569 77 41 492 170 107 42 322 1119 439 412 680 651 139 68 41 512 327 273 158 122 64 41 115 54 376
internal_count=1760 1740 1713 1144 569 77 41 492 170 107 42 322 1119 439 412 680 651 139 68 41 512 327 273 158 122 64 41 115 54 376
is_linear=0
shrinkage=0.05


Tree=153
num_leaves=31
num_cat=0
split_feature=214 292 190 137 207 179 221 8 292 135 98 297 297 88 156 101 179 280 81 130 257 195 321 321 235 123 333 287 307 172
split_gain=0.0169515 0.0181102 0.0398119 0.0387495 0.0265396 0.025943 0.0531975 0.0429893 0.0277254 0.0676234 0.0319642 0.0252583 0.0591383 0.048326 0.0476368 0.0485431 0.0463398 0.0426622 0.0403504 0.0402104 0.0687439 0.0465307 0.0467634 0.0474529 0.0381288 0.0445398 0.0373664 0.050097 0.0358051 0.046996
threshold=0.34026970975244086 -0.04698189076077141 0.037970102804812007 0.0043353203935604058 -0.00390564823433708 0.041193115835382411 -0.0044401044383557348 0.011198896413343368 -0.03559928066446947 0.0094288611860365735 0.021822787946087201 -0.01001729767512591 -0.0072574039095982179 0.12205384987800515 0.01275237377907011 -0.010006808508527915 0.0036259714600774444 -0.021316368699706777 -0.4904709198629435 0.036504624868195897 -0.0043216066353727895 0.025042800403557084 0.0096439222996239585 0.0052450311390748591 0.033702441420925884 -0.013912496894072585 -0.028132284514755444 0.011892135869987277 0.01077867667847387 0.02334805656491459
decision_type=2 2 2 2 2 2 2 2 2 2 2 2 2 2 2 2 2 2 2 2 2 2 2 2 2 2 2 2 2 2
left_child=1 2 3 -1 -5 8 -7 -8 9 10 -3 13 18 14 19 -16 -15 -17 -13 21 -21 22 23 24 25 -10 27 -14 -28 -30
right_child=-2 5 -4 4 -6 6 7 -9 11 -11 -12 12 26 16 15 17 -18 -19 -20 20 -22 -23 -24 -25 -26 -27 28 -29 29 -31
leaf_value=0.0015734683965953689 0.00117836624966003 0.00075979824583842677 -0.0014413395468854224 -0.0014619510312078765 0.00066958790004719056 0.0026113420974946135 -0.0014108247380575231 0.0014499495116069739 0.0020634374869987369 -0.0033121323703950191 -0.0016018280164011548 0.0034674243868461681 -0.00017498403596867074 -0.0037170427646196916 0.002195512829671821 -0.0019505989654654905 -0.0004880395848304033 0.00069201293177424564 0.00036787021478327614 -0.0038858703147111972 0.00016441169012978209 -0.0020548581960611045 0.00093408512359019382 -0.00276229903988895 -0.0018583671803883461 -0.00033739005259977764 0.00037368820134667328 -0.0024114019703119997 -6.2685961899003835e-05 -0.0019238989156292519
leaf_weight=75 30 38 23 23 40 27 29 24 25 23 23 21 88 20 36 21 25 56 21 22 20 33 80 21 28 85 505 35 223 40
leaf_count=75 30 38 23 23 40 27 29 24 25 23 23 21 88 20 36 21 25 56 21 22 20 33 80 21 28 85 505 35 223 40
internal_value=5.2482e-13 -2.04341e-05 0.000484584 0.000805571 -0.000108593 -7.22555e-05 0.000804889 -0.00011538 -0.000119382 -0.00100177 -0.000130651 -6.66273e-05 8.41598e-05 -0.000364687 -0.000200446 0.000679899 -0.00192315 -2.86994e-05 0.00191765 -0.000517259 -0.00195716 -0.00029492 -5.19162e-05 -0.000548017 -0.000211062 0.000208253 -2.26717e-06 -0.000811363 0.000127315 -0.00034576
internal_weight=1760 1730 161 138 63 1569 80 53 1489 84 61 1405 933 472 427 113 45 77 42 314 42 272 239 159 138 110 891 123 768 263
internal_count=1760 1730 161 138 63 1569 80 53 1489 84 61 1405 933 472 427 113 45 77 42 314 42 272 239 159 138 110 891 123 768 263
is_linear=0
shrinkage=0.05


Tree=154
num_leaves=31
num_cat=0
split_feature=288 288 156 116 263 116 310 317 234 183 205 0 300 311 282 239 67 315 315 249 234 279 127 245 227 102 243 50 300 164
split_gain=0.0170588 0.0228654 0.05232 0.0426482 0.0270197 0.0264021 0.053247 0.085917 0.041909 0.0572513 0.0550111 0.0415231 0.038366 0.061497 0.0395366 0.0397817 0.0320516 0.0311587 0.0420468 0.0904786 0.0538466 0.0505287 0.0557054 0.0420186 0.0364098 0.0431002 0.0615264 0.0425723 0.0424683 0.0554111
threshold=0.10306606575297055 0.042746927088810373 0.00085159735906147982 0.01680167569374982 0.12199685620953804 0.023519871876705709 -0.024163482283034065 0.0094623861973421354 0.00020130519663669096 -0.0028097811232566266 -0.0028137548148422309 5.9493387708841867 -0.016209962497844104 -0.0039680090434602812 -0.010845850349832894 0.0075660924059252925 2.9174053685313028 -0.010166295029080461 -0.017606181994747293 -0.023023998220126931 0.046603508601857656 0.011838762225948174 -0.010599638592447379 0.0071952225500414024 -0.0049022390365471352 0.0050078749141103376 0.044863319473173978 2.602003343538398 -0.005083712039449231 0.010410955395920414
decision_type=2 2 2 2 2 2 2 2 2 2 2 2 2 2 2 2 2 2 2 2 2 2 2 2 2 2 2 2 2 2
left_child=1 4 -3 -4 5 16 7 -7 12 10 -10 -11 13 -8 -14 -16 17 18 20 -20 21 -1 -23 -21 25 26 -19 28 -26 -30
right_child=-2 2 3 -5 -6 6 8 -9 9 11 -12 -13 14 -15 15 -17 -18 24 19 23 -22 22 -24 -25 27 -27 -28 -29 29 -31
leaf_value=0.00057175985938230937 -0.0013239066559056786 0.0015132246547951722 0.00035987761102054117 -0.0023062117234803736 0.0017869858999620192 -0.0026461584975347959 -0.0033010301005560907 0.001046756618857866 -0.0015636732053410794 0.0013817780095940601 0.0012044058577157558 0.003973077007950368 -0.00072326373126049045 0.00035701513816430061 0.00037191828596405685 0.0026829919501863146 -0.0019184949467531765 0.0003204411472967665 -0.0039128629257902505 0.00031364165060606542 -0.0023487331439425293 -0.0026642150175757709 -3.9658101928991179e-05 -0.0020280579380535834 0.00031091937599946501 0.0011570938213605955 -0.0025917888729877418 0.0020281696179881691 -0.00023057868515460693 -0.0017516876376185823
leaf_weight=162 24 78 60 20 20 36 20 28 28 52 50 22 46 27 60 27 26 133 26 53 26 30 62 30 163 131 21 20 192 87
leaf_count=162 24 78 60 20 20 36 20 28 28 52 50 22 46 27 60 27 26 133 26 53 26 30 62 30 163 131 21 20 192 87
internal_value=-3.176e-12 1.83029e-05 0.000591772 -0.000306645 -3.91167e-05 -6.25583e-05 0.000290024 -0.00103051 0.000544585 0.00115591 0.000210736 0.00215216 2.83586e-05 -0.0011996 0.000462299 0.00108915 -0.000182716 -0.000142988 -0.000505862 -0.00133902 -0.000181526 4.03143e-05 -0.000895492 -0.000532756 4.59782e-05 0.000490422 -7.66811e-05 -0.000228192 -0.00033029 -0.000704903
internal_weight=1760 1736 158 80 1578 1558 396 64 332 152 78 74 180 47 133 87 1162 1136 389 109 280 254 92 83 747 285 154 462 442 279
internal_count=1760 1736 158 80 1578 1558 396 64 332 152 78 74 180 47 133 87 1162 1136 389 109 280 254 92 83 747 285 154 462 442 279
is_linear=0
shrinkage=0.05


Tree=155
num_leaves=31
num_cat=0
split_feature=257 265 275 211 256 283 261 137 157 115 326 190 171 157 237 332 220 253 186 171 10 87 324 257 296 186 114 53 331 324
split_gain=0.0164656 0.0464887 0.0362144 0.0638915 0.0447482 0.03945 0.0365956 0.0347033 0.0409496 0.0344362 0.0342749 0.0331782 0.0300929 0.0374497 0.0298449 0.0809421 0.0314629 0.0277855 0.0394342 0.0537689 0.034444 0.0451225 0.0390605 0.0355793 0.0315958 0.038993 0.0581749 0.0313433 0.031516 0.0532839
threshold=0.020988390611869502 -0.052978261452672079 -0.00057179644546170437 -0.001271494231712337 -0.036604765307932455 -0.010459637743168724 0.013966984219507875 -0.0061744553922752164 0.0078647170929646935 -0.022795869761319549 0.071359532834250936 0.051718380409215864 0.0005200578867403401 -0.009555912199052519 -0.083446380578931903 0.0067814868890076841 -0.17902751807061199 -0.02342079384273207 0.022346228660670302 -0.004130653866761487 0.043668954996186123 0.14959372048142192 -0.032822782118919522 0.014168226671684223 0.032031410328111971 -0.0071910645446335072 -0.0078119496880791539 0.89587973461402759 -0.0025222579878935577 -0.005646458878952639
decision_type=2 2 2 2 2 2 2 2 2 2 2 2 2 2 2 2 2 2 2 2 2 2 2 2 2 2 2 2 2 2
left_child=10 -2 3 6 -4 -5 7 -3 -9 -6 11 14 13 -11 15 -1 -16 18 -18 -20 27 22 -22 24 25 26 -24 28 29 -19
right_child=1 2 4 5 9 -7 -8 8 -10 12 -12 -13 -14 -15 16 -17 17 20 19 -21 21 -23 23 -25 -26 -27 -28 -29 -30 -31
leaf_value=0.00046098907109505186 -0.0014915972933963392 -0.0019746626212075909 -0.0020876644493040184 0.0011265428393581432 0.0016788389633053586 0.0038087315633534811 0.0019007375069324756 -0.00066141174652698659 0.0019904636423840809 0.00023068344138840575 -0.0018424874874418259 0.0013400323239953391 0.00069639613502658904 -0.002342460230913555 -0.0018321310461033137 -0.0034815002344143783 0.00018695321228000283 -0.0013139888487630549 0.00371167948585935 8.9226456336854469e-05 0.00084397151993215918 -0.0025134671483941092 -0.0038626202188121773 -0.0021877774869227002 0.000810172471327759 -0.00025776418318249251 -0.00055119820543849437 0.0020068862522575298 0.00039183093478566491 0.00018941569619542701
leaf_weight=30 33 21 23 29 34 26 27 37 24 31 27 42 55 26 24 23 258 94 20 21 57 26 21 31 45 168 36 21 292 158
leaf_count=30 33 21 23 29 34 26 27 37 24 31 27 42 55 26 24 23 258 94 20 21 57 26 21 31 45 168 36 21 292 158
internal_value=2.28176e-12 0.000298465 0.000475859 0.00100517 -3.77914e-05 0.00239449 0.000304137 -0.000221573 0.000381949 0.000285134 -7.83631e-05 -4.35194e-05 -0.000137955 -0.000943031 -8.73754e-05 -0.0012499 -3.89368e-05 -4.45225e-06 0.000415857 0.00185628 -0.000136878 -0.000502265 -0.0003562 -0.000583475 -0.000399277 -0.000641167 -0.0017712 0.000111455 3.82856e-05 -0.000371378
internal_weight=1760 366 333 164 169 55 109 82 61 146 1394 1367 112 57 1325 53 1272 1248 299 41 949 384 358 301 270 225 57 565 544 252
internal_count=1760 366 333 164 169 55 109 82 61 146 1394 1367 112 57 1325 53 1272 1248 299 41 949 384 358 301 270 225 57 565 544 252
is_linear=0
shrinkage=0.05


Tree=156
num_leaves=31
num_cat=0
split_feature=0 4 113 113 268 268 2 273 253 273 104 302 302 131 197 204 86 245 88 313 276 168 321 241 177 272 122 154 269 168
split_gain=0.0166383 0.0306824 0.016688 0.0323154 0.0293296 0.0445089 0.0780865 0.0308314 0.0234731 0.0234526 0.0710892 0.0306687 0.0387248 0.0384304 0.0396321 0.0385504 0.0412757 0.0622542 0.0473255 0.0366405 0.0319037 0.0330312 0.0503175 0.0664776 0.0597979 0.0427473 0.0475999 0.0436797 0.0728554 0.0511412
threshold=11.083556880738579 6.7833245593222182 0.018338912767770842 0.017346864924715339 -0.032268052573072942 -0.0012674359608684826 2.1383330595080281 -0.029392755920897597 0.10982912812167289 -0.074021852415194711 0.019360101144917524 0.020774097109522677 0.019009013419880049 -0.033623449235043963 0.056250267250493653 0.01072546244773788 -0.065522959521201601 -0.0041754382768439879 0.087854266717561816 -0.036294312420086391 0.080999170264676471 -0.021660108899857543 0.012238505571557014 -0.039989921257189386 0.017275800574184329 0.011400152167380521 -0.04599144043178964 0.0040084868292734749 0.018915450205153696 -0.00020542318445769994
decision_type=2 2 2 2 2 2 2 2 2 2 2 2 2 2 2 2 2 2 2 2 2 2 2 2 2 2 2 2 2 2
left_child=1 2 3 8 -4 6 -6 -7 9 10 -1 12 20 -13 15 16 17 -15 19 -18 21 -11 25 -24 -25 26 -23 -28 29 -29
right_child=-2 -3 4 -5 5 7 -8 -9 -10 11 -12 13 -14 14 -16 -17 18 -19 -20 -21 -22 22 23 24 -26 -27 27 28 -30 -31
leaf_value=0.0029804574597316487 -0.0014339314494282007 0.0019635866268072279 0.0013503830593944552 -0.0020154468623765015 0.00040946458361875744 -0.00080304792333023484 -0.0031702266400679951 0.0011392094045385463 0.0015808633512774993 0.00036975006937733831 -0.00069833438570514837 0.0019539710552635369 -0.0023150909767371722 -0.0031312430102540625 -0.002018592641761643 0.0012431190541927256 -0.0016923440778627995 4.7474544154220198e-05 0.0024881651290975838 0.00044152198220350001 0.0016462445207213496 -0.0020928452867874279 -0.0034931204550957776 -0.0002949520893867664 -0.0024719280960897989 0.00046254118295933466 0.00016518733672877975 -0.0021355556990501697 -0.0033579736999504702 0.00037221583541609374
leaf_weight=24 20 20 59 21 39 27 25 84 22 183 29 32 22 24 20 77 25 43 23 103 23 39 24 165 39 201 224 29 26 68
leaf_count=24 20 20 59 21 39 27 25 84 22 183 29 32 22 24 20 77 25 43 23 103 23 39 24 165 39 201 224 29 26 68
internal_value=-5.7401e-12 1.6482e-05 -6.15879e-06 -6.79613e-05 0.000386313 6.12843e-05 -0.000988852 0.000666768 -4.00451e-05 -6.47575e-05 0.000967534 -0.000104118 -0.000239585 0.000303063 0.000135352 0.000281382 -5.83141e-05 -0.00109117 0.000399973 2.47513e-05 -0.000194863 -0.000237293 -0.000373599 -0.00100398 -0.000711139 -0.00012875 -0.00043665 -0.000250507 -0.00100754 -0.00037753
internal_weight=1760 1740 1720 1486 234 175 64 111 1465 1443 53 1390 1043 347 315 295 218 67 151 128 1021 998 815 228 204 587 386 347 123 97
internal_count=1760 1740 1720 1486 234 175 64 111 1465 1443 53 1390 1043 347 315 295 218 67 151 128 1021 998 815 228 204 587 386 347 123 97
is_linear=0
shrinkage=0.05


Tree=157
num_leaves=31
num_cat=0
split_feature=275 269 288 288 156 244 113 83 299 219 7 87 192 284 323 323 190 112 123 233 95 305 150 255 282 296 290 196 210 138
split_gain=0.0154116 0.0339848 0.0193351 0.020362 0.0442921 0.0290974 0.0258446 0.0492996 0.0501801 0.0479884 0.0496886 0.0408043 0.0354278 0.0594032 0.0400165 0.0809355 0.0709568 0.0945399 0.126015 0.138561 0.0537888 0.0433954 0.0446113 0.0447708 0.0426889 0.0421665 0.0411423 0.0462885 0.0398051 0.0356352
threshold=0.082647478765745519 0.0023281181085469415 0.10306606575297055 0.042746927088810373 0.00085159735906147982 0.014127795068198654 0.005691479415334078 0.33704599276776287 0.014965315710425411 -0.05759510199213444 0.7536408624955816 -0.094326963093232269 -0.0088990271748725282 0.047254699502372342 -0.0075937434521841773 -0.0099640312429396406 -0.00094063845046163093 0.026229419471708555 -0.0049763450376197806 -0.0044610437233470581 0.018577061279601043 -0.038003380715580792 -0.011499320213045217 -0.0024038896029336169 -0.003134382444532284 -0.015707703574427367 0.0059150577610496006 0.0027526859730058551 0.00024953853447636816 -0.0057882735626121748
decision_type=2 2 2 2 2 2 2 2 2 2 2 2 2 2 2 2 2 2 2 2 2 2 2 2 2 2 2 2 2 2
left_child=2 -2 3 6 -5 -6 12 8 9 10 -8 -10 13 -1 15 21 26 18 20 -20 -18 -14 -23 -24 -25 28 -16 -28 -19 -27
right_child=1 -3 -4 4 5 -7 7 -9 11 -11 -12 -13 14 -15 16 -17 17 25 19 -21 -22 22 23 24 -26 29 27 -29 -30 -31
leaf_value=0.00052511656543187846 -0.0022340263582009356 0.00029028673947323113 -0.0014135766055677896 0.0014742359641909512 0.00044947967344342036 -0.0015991163507211381 -0.00023028409590811601 0.0024834984816455592 0.0023448623845500772 7.2144724887521054e-05 -0.003447702767637869 0.00045703403459277796 -0.0017930627843764212 -0.0017849848181339762 0.00055943342606322129 0.0026754399096327172 0.00027223868745233063 0.0004518850505436686 -0.0062388565640190043 -0.0015948057517865284 -0.0024552648350696215 0.0014216671386599715 0.00063852155690256049 -0.0027994170814054087 -0.00029288556370931696 -0.00023980352736543864 -0.0022419112790625409 0.00022011901213166618 -0.0026301508420147005 0.0027449596538644985
leaf_weight=272 24 30 23 74 52 26 28 24 38 317 21 116 35 31 130 28 51 22 29 36 28 49 64 26 49 20 35 42 20 20
leaf_count=272 24 30 23 74 52 26 28 24 38 317 21 116 35 31 130 28 51 22 29 36 28 49 64 26 49 20 35 42 20 20
internal_value=-3.30932e-13 -0.00083163 2.63236e-05 4.60014e-05 0.000597956 -0.000233386 -8.79758e-06 0.000267913 0.000165656 -0.00015295 -0.00160918 0.000922862 -0.000161311 0.00028877 -0.000360689 0.000141617 -0.000651864 -0.00126443 -0.00203613 -0.00366677 -0.000694471 -0.000176531 0.000124419 -0.000332884 -0.00116182 9.07509e-05 1.69297e-05 -0.000898986 -0.00101575 0.00125258
internal_weight=1760 54 1706 1683 152 78 1531 544 520 366 49 154 987 303 684 251 433 226 144 65 79 223 188 139 75 82 207 77 42 40
internal_count=1760 54 1706 1683 152 78 1531 544 520 366 49 154 987 303 684 251 433 226 144 65 79 223 188 139 75 82 207 77 42 40
is_linear=0
shrinkage=0.05


Tree=158
num_leaves=31
num_cat=0
split_feature=214 171 220 276 238 319 88 325 334 184 171 277 185 325 325 249 270 222 136 122 208 92 158 198 324 188 330 116 213 0
split_gain=0.0146099 0.0162598 0.0364447 0.0393702 0.0403772 0.0452613 0.0374715 0.0625328 0.029894 0.0360734 0.0274324 0.0271158 0.0276311 0.0275627 0.0546624 0.041678 0.0446624 0.0650981 0.0510069 0.0422291 0.0523143 0.0495232 0.0418521 0.0419291 0.0399278 0.0560174 0.07129 0.0555567 0.0449825 0.0355095
threshold=0.34026970975244086 0.020441208906184664 0.016412590755217091 -0.010806955707359815 0.055540999497930087 -0.017309235522445291 -0.011256290719390584 0.0034201279697415785 0.064344819393349864 0.04021811780015766 0.026126778101529285 0.088470103549434714 0.061398012357374528 -0.0012311161028990228 -0.002728071372495517 -0.067887549552552634 0.00049488337512690989 0.026694065638594465 -0.024024125987937652 -0.006034760912915842 0.0016088140259157291 0.012177568514362025 0.012269497177201258 0.0011231436297668605 -0.0079304191513528636 -0.013937918733852176 0.0078405725538649804 0.025157436477574752 -0.36340567886946357 6.5169321744776205
decision_type=2 2 2 2 2 2 2 2 2 2 2 2 2 2 2 2 2 2 2 2 2 2 2 2 2 2 2 2 2 2
left_child=1 8 3 -3 5 -5 -7 -8 9 11 -4 12 13 14 24 -15 18 22 -17 20 21 -20 -18 -24 25 26 -1 29 -26 -27
right_child=-2 2 10 4 -6 6 7 -9 -10 -11 -12 -13 -14 15 -16 16 17 -19 19 -21 -22 -23 23 -25 28 27 -28 -29 -30 -31
leaf_value=-8.6940553737804299e-05 0.0010939546837471425 0.00071380092030106908 0.0021539943785839049 -0.0024013819572116651 0.001421592484795205 0.00055884209041802315 0.00029321545773806673 -0.0030569828395248175 -0.0015890150140462954 0.0012251647262019106 0.00050684606111454933 -0.0017833403207381101 -0.0019294670105591651 -0.0015690439300669824 -0.0022108125951074598 0.0011289581847136263 0.00014012520285339034 0.0034634829196147619 -0.0044437840301543479 7.0847322841962947e-06 -1.6035438082846151e-05 -0.0010749458172843638 0.0028194792640587208 0.00041723242432990218 0.0023659558939037937 -0.00040389565924925499 -0.0040919676795601843 0.0015098939314625707 -1.3962233441526512e-05 -0.0027354508999269458
leaf_weight=20 30 102 35 35 23 57 30 26 33 52 91 24 20 32 35 58 203 20 20 130 35 24 34 39 21 89 25 33 364 20
leaf_count=20 30 102 35 35 23 57 30 26 33 52 91 24 20 32 35 58 203 20 20 130 35 24 34 39 21 89 25 33 364 20
internal_value=1.11382e-12 -1.89703e-05 0.000260997 -6.36452e-05 -0.000527385 -0.000830267 -0.000343638 -0.00126223 -0.000102897 -6.51146e-05 0.000964387 -0.000118963 -8.62743e-05 -5.56055e-05 -0.000292657 0.000186227 0.000285994 0.000708951 -0.000182903 -0.00054696 -0.00145868 -0.00260624 0.000509347 0.00153609 -0.000175287 -0.000774691 -0.00231196 -0.00028753 0.000115851 -0.000831704
internal_weight=1760 1730 399 273 171 148 113 56 1331 1298 126 1246 1222 1202 607 595 563 296 267 209 79 44 276 73 572 187 45 142 385 109
internal_count=1760 1730 399 273 171 148 113 56 1331 1298 126 1246 1222 1202 607 595 563 296 267 209 79 44 276 73 572 187 45 142 385 109
is_linear=0
shrinkage=0.05


Tree=159
num_leaves=31
num_cat=0
split_feature=318 303 334 199 275 269 184 184 332 288 309 309 196 259 293 332 297 228 122 224 159 237 169 101 86 118 111 283 276 143
split_gain=0.0147194 0.0177116 0.0594556 0.0273607 0.0189546 0.0356726 0.0219706 0.0542974 0.0301519 0.0213767 0.0266384 0.0498728 0.0858694 0.0308842 0.0266878 0.0507375 0.0348372 0.0537759 0.0607882 0.0511279 0.0355686 0.0334696 0.0309899 0.0340809 0.0299538 0.0290429 0.0489975 0.058935 0.0433919 0.0289805
threshold=0.074625373629898142 -0.069485544322701306 -0.02223293773978546 -0.0038095542875014724 0.082647478765745519 0.0023281181085469415 0.044190905197075199 0.078158298959914996 0.0090118558388228871 0.093572372554012337 -0.050981241890270527 -0.040727867778312957 -0.0070162130446971621 -0.031963309704137702 -0.013498793836595411 0.050145223771743457 -0.01001729767512591 0.0058473785813431163 0.0049140812200702344 -0.018730930273557173 -0.0044732294155658313 -0.015633849462876742 0.043505281557804067 -0.0081593622223821074 -0.085546866157703419 0.037467158148716255 -0.051522771193119855 -0.0026690260493674942 0.0048163144884845683 -0.00056561130299046046
decision_type=2 2 2 2 2 2 2 2 2 2 2 2 2 2 2 2 2 2 2 2 2 2 2 2 2 2 2 2 2 2
left_child=1 2 -1 -4 6 -6 9 8 -8 10 13 12 -12 -3 15 16 17 21 -19 -20 24 -13 25 -24 -18 29 -27 28 -28 -16
right_child=-2 4 3 -5 5 -7 7 -9 -10 -11 11 14 -14 -15 22 -17 20 18 19 -21 -22 -23 23 -25 -26 26 27 -29 -30 -31
leaf_value=-0.003097047156188637 0.0010980466566979884 0.00252550399425759 -0.001026408236635768 0.0014399972998283127 -0.002452895252215306 0.00023760056693780435 0.00080895271009555261 -0.0011863708579436538 0.0032990521914325653 -0.0015452955277975311 0.00064677262625164906 0.0021538913660021667 -0.0036363141494803134 0.00035613441000168682 0.00023607058625042715 -0.0018442344346694881 0.0018330663452798036 -0.0027971431493736625 -0.0016349013058788841 0.0019402868131874131 0.0014013453387834831 -3.867762431542835e-05 -0.00022492143529234457 0.0026940206950530413 -7.2187251042401011e-05 0.0011159016290912406 -0.0013309486276146187 0.0002807442923464502 -0.004515363231766969 -0.00036638992847081364
leaf_weight=20 30 21 23 22 22 28 31 22 20 22 22 28 25 75 364 25 25 31 20 20 131 46 20 20 118 20 23 24 20 442
leaf_count=20 30 21 23 22 22 28 31 22 20 22 22 28 25 75 364 25 25 31 20 20 131 46 20 20 118 20 23 24 20 442
internal_value=-9.18396e-13 -1.90413e-05 -0.000828744 0.00017939 1.25688e-05 -0.000946218 4.22526e-05 0.000889841 0.00178546 2.12675e-06 2.45237e-05 -2.98242e-05 -0.00163147 0.000830684 2.48432e-05 0.00034393 0.000474489 -0.000152234 -0.00113526 0.000152693 0.000806149 0.000790943 -0.000127005 0.00123455 0.000260899 -0.000187993 -0.0010559 -0.0017042 -0.00281207 -9.4311e-05
internal_weight=1760 1730 65 45 1665 50 1615 73 51 1542 1520 1424 47 96 1377 444 419 145 71 40 274 74 933 40 143 893 87 67 43 806
internal_count=1760 1730 65 45 1665 50 1615 73 51 1542 1520 1424 47 96 1377 444 419 145 71 40 274 74 933 40 143 893 87 67 43 806
is_linear=0
shrinkage=0.05


Tree=160
num_leaves=31
num_cat=0
split_feature=0 4 153 160 102 104 153 312 117 208 61 278 329 190 179 165 258 89 306 230 115 326 322 175 243 210 209 298 327 224
split_gain=0.0145197 0.0275058 0.0151361 0.0365024 0.0395296 0.0417568 0.0378684 0.0360825 0.0357766 0.043303 0.031679 0.052352 0.0518906 0.0299204 0.0292422 0.0470886 0.0383173 0.0334165 0.0287222 0.0310656 0.0407621 0.0518752 0.0263468 0.0292473 0.0362108 0.0436342 0.046177 0.0355096 0.037732 0.047661
threshold=11.083556880738579 6.7684925510589489 -0.0084353538249717554 0.050358345542420822 -0.0020076198622364931 -0.020339615661901365 -0.011141695210365425 -0.072824451399648424 0.027031556907806981 -0.0047551505242454948 2.9700856263602158 0.0096323663464042836 -0.0020191661295665231 -0.063549461248671016 0.016086853880493045 -0.017975351445580923 0.014332092049258888 -0.0037119301801674331 0.033375006763711711 0.008915419434445928 0.038766108772482967 -0.014275494511836954 0.044304358835240684 0.0027128990102436427 0.08386617816675955 0.01621003098706399 0.71062115721072316 0.023690157084027396 -0.022655165392035961 0.0058904585345877876
decision_type=2 2 2 2 2 2 2 2 2 2 2 2 2 2 2 2 2 2 2 2 2 2 2 2 2 2 2 2 2 2
left_child=1 2 3 4 5 8 18 -4 9 -1 13 12 -12 -9 16 -16 17 -7 19 -6 21 -21 23 24 25 26 -15 28 29 -25
right_child=-2 -3 7 -5 6 14 -8 10 -10 -11 11 -13 -14 22 15 -17 -18 -19 -20 20 -22 -23 -24 27 -26 -27 -28 -29 -30 -31
leaf_value=-0.0029223066560613614 -0.0013395297955139541 0.0015988478372390902 -0.001783410124015063 -0.001948418954973398 4.0586102029140298e-05 0.00092633745230159554 -0.0020093590860549167 0.0018072922432717559 0.0011078806492843712 -0.00013102378950200299 0.0022836808178743179 0.003236502719422182 -0.00075325525353829841 0.00010775399342122512 0.0012379107261949686 -0.0014539493662375732 0.00025426471363875625 0.0032491300371475518 0.0010839427312021143 -0.00019274322772756792 0.00027190993864678603 -0.0030911634748152115 0.00097923882621854768 -0.00070762049540967894 0.0020355181260965764 -0.0015931127075519828 0.0024486229696776721 0.00067307454164620148 -0.0003568239281014577 -0.0037518636626191443
leaf_weight=24 20 27 25 29 112 32 38 24 21 33 22 21 39 497 32 33 57 30 32 26 32 38 67 36 25 36 22 64 246 20
leaf_count=24 20 27 25 29 112 32 38 24 21 33 22 21 39 497 32 33 57 30 32 26 32 38 67 36 25 36 22 64 246 20
internal_value=-2.15899e-12 1.53969e-05 -9.56118e-06 -0.000220305 -0.000127499 0.000313164 -0.000542799 9.5258e-05 -0.000656329 -0.0013063 0.00013723 0.0010833 0.000342033 6.24203e-05 0.000724145 -0.000128726 0.00119 0.00205027 -0.000310594 -0.000525138 -0.00118515 -0.00191368 2.10808e-05 -4.67803e-05 0.000174068 9.02187e-05 0.000206982 -0.000396758 -0.000623478 -0.00179485
internal_weight=1760 1740 1713 569 540 262 278 1144 78 57 1119 82 61 1037 184 65 119 62 240 208 96 64 1013 946 580 555 519 366 302 56
internal_count=1760 1740 1713 569 540 262 278 1144 78 57 1119 82 61 1037 184 65 119 62 240 208 96 64 1013 946 580 555 519 366 302 56
is_linear=0
shrinkage=0.05


Tree=161
num_leaves=31
num_cat=0
split_feature=85 82 149 225 293 216 133 133 81 175 300 176 187 210 115 285 97 179 86 103 301 109 250 222 284 218 283 111 143 94
split_gain=0.0137992 0.0222171 0.0170072 0.038113 0.0542241 0.032828 0.0300724 0.0489098 0.089747 0.0328782 0.0294793 0.0427038 0.0425437 0.0603015 0.0324687 0.04758 0.034165 0.0315151 0.0889978 0.0797472 0.0388445 0.0530509 0.0356958 0.0394024 0.0696774 0.0389361 0.0385332 0.0376153 0.0520009 0.0694023
threshold=-0.44424611500253125 -0.47243783713337695 -0.020878869393882483 -0.045326620242046416 0.0064587844297671658 -0.042559490577198981 0.0082221586240295592 -0.006355404081353145 -0.41901728168328928 -0.020677383218808802 -0.010564095254202549 -0.011973087446390383 -0.015392628804376971 0.00016920136988284948 -0.0015650863021587707 0.019852168442697913 -0.017076261176854204 0.015732228335638729 -0.060195415146772117 0.012728478439769904 -0.036619367272483584 -0.022830858579521749 -0.011684321805089585 0.0062542558569793393 -0.0023524197480172286 -0.018364774502004282 0.0057727342118610763 -0.0019579220536156913 -0.0012110716372379527 -0.039614040589734334
decision_type=2 2 2 2 2 2 2 2 2 2 2 2 2 2 2 2 2 2 2 2 2 2 2 2 2 2 2 2 2 2
left_child=-1 -2 3 4 -3 -5 7 9 -9 -7 11 12 -4 -14 15 16 -13 22 19 -19 -20 -22 23 -12 -25 26 -24 28 29 -27
right_child=1 2 10 5 -6 6 -8 8 -10 -11 17 14 13 -15 -16 -17 -18 18 20 -21 21 -23 25 24 -26 27 -28 -29 -30 -31
leaf_value=0.0012740319278756423 -0.0015590692049084719 -0.0031031114887877334 0.00067132855970960332 0.0013295119209844317 -6.0578940053801493e-05 -0.0019444611669645053 0.00037927465834970573 -0.0044680890346561293 -0.00010987096757162363 0.00015955261482334768 9.7875307760356622e-05 -0.00029264198150485754 -0.0025781942080357113 0.00069932330288397882 0.0002409261491594508 0.0027940036728978158 0.0015298824859443509 -0.004192377278247607 0.0018368066858965905 -0.00045138192985303191 -0.0024880827293204872 0.00018547927150696828 -0.0012436787849247385 -6.2144897115272389e-05 -0.0028567543948252263 0.0046439662808552386 0.00092268814371588334 9.3112517896195058e-05 0.00041190195177808744 0.0011687166488948554
leaf_weight=21 23 27 51 37 32 22 118 21 27 119 150 45 36 23 144 39 60 28 25 29 23 96 65 54 38 20 30 196 110 51
leaf_count=21 23 27 51 37 32 22 118 21 27 119 150 45 36 23 144 39 60 28 25 29 23 96 65 54 38 20 30 196 110 51
internal_value=-1.00582e-12 -1.53851e-05 5.30531e-06 -0.000278819 -0.00145292 -7.7446e-05 -0.000247014 -0.000638031 -0.00201659 -0.000168733 9.25117e-05 0.000451736 -0.000386298 -0.00130052 0.000771818 0.00130271 0.000748801 -6.37409e-05 -0.000616798 -0.00228906 4.51408e-05 -0.00033126 9.19516e-05 -0.000401782 -0.00121644 0.000345095 -0.000559563 0.000573059 0.00109278 0.00214766
internal_weight=1760 1739 1716 403 59 344 307 189 48 141 1313 398 110 59 288 144 105 915 201 57 144 119 714 242 92 472 95 377 181 71
internal_count=1760 1739 1716 403 59 344 307 189 48 141 1313 398 110 59 288 144 105 915 201 57 144 119 714 242 92 472 95 377 181 71
is_linear=0
shrinkage=0.05


Tree=162
num_leaves=31
num_cat=0
split_feature=174 202 194 89 270 127 288 245 146 174 231 128 175 120 316 139 112 293 112 9 177 115 214 253 174 204 1 169 156 259
split_gain=0.0133239 0.0183236 0.0181539 0.0161618 0.0368948 0.0334161 0.0450763 0.0433515 0.0326351 0.0445007 0.0581771 0.0521446 0.056537 0.0484608 0.0506313 0.0346615 0.0603618 0.107194 0.0420868 0.0326278 0.0534588 0.0370872 0.0324849 0.0599502 0.0319808 0.0315224 0.0291589 0.0284199 0.0296297 0.0331366
threshold=-0.052784562844202278 -0.0042718430374857263 0.068868188877638944 -0.014583896184631148 -0.075772866874426234 0.055823471235429599 -0.041527266168901907 0.001861456229115523 -0.049144978914321936 -0.0060916508548327268 -0.038969544895522325 0.012985322074831333 0.0066506190535822046 -0.0046475024969577852 -0.01605300482498621 -0.017200797641245043 0.011751710230272593 -0.015469200350475869 0.034559258506589689 0.021744565217391307 -0.012329851219034077 -0.011406852540491128 -0.00084420263200882782 0.0032346279570242957 0.0038893254275790064 -0.0029391007776941032 4.4829865921051741 0.055249690174186898 -0.0040298371713141943 0.0012971300323956329
decision_type=2 2 2 2 2 2 2 2 2 2 2 2 2 2 2 2 2 2 2 2 2 2 2 2 2 2 2 2 2 2
left_child=1 -1 3 27 -5 6 7 -6 -8 11 -11 13 -13 -10 -15 24 19 -18 -19 22 -21 -22 23 -17 -12 -24 -7 28 -2 -30
right_child=2 -3 -4 4 5 26 8 -9 9 10 15 12 -14 14 -16 16 17 18 -20 20 21 -23 25 -25 -26 -27 -28 -29 29 -31
leaf_value=-0.00020175964571535589 0.00044815271791839195 0.0013472800784993092 -0.0013947333472666894 -0.0022915740910684694 -0.00015192172548267991 -0.00021041149226948619 0.0013541888349411441 -0.0034045874407248838 0.00072075585242180134 0.0019903721104964386 -0.00036530883852929738 -0.00072568275745173822 -0.0037180808515080974 -0.0028629348018310141 -0.00017599434124713299 0.00031127310821003369 -0.0037391334090517052 -0.0012321516787146128 0.0011290672300674487 -0.0010453626982915147 0.0028703992619299361 0.00059038358802873908 0.0016226611122773548 -0.0034710950613953172 0.0019104479942861395 -0.00042932496220541384 0.0020846727529011157 0.001957998581651953 -0.00060116048234825335 0.00022538069280318089
leaf_weight=35 348 42 24 20 20 25 36 21 67 37 26 38 27 27 50 22 31 46 32 27 31 42 27 20 38 61 31 21 225 263
leaf_count=35 348 42 24 20 20 25 36 21 67 37 26 38 27 27 50 22 31 46 32 27 31 42 27 20 38 61 31 21 225 263
internal_value=3.5262e-12 0.000643171 -2.94261e-05 -9.67485e-06 -0.000170997 -0.000116762 -0.000207538 -0.00181792 -0.00011115 -0.000192433 9.29173e-05 -0.00079317 -0.00196868 -0.000262558 -0.00111817 -8.12907e-05 -0.00028277 -0.00125194 -0.000263446 0.000176534 0.000855537 0.00155861 -0.000345776 -0.00148985 0.000985922 0.000200262 0.00106008 0.000141294 9.56593e-05 -0.000155709
internal_weight=1760 77 1683 1659 802 782 726 41 685 649 440 209 65 144 77 403 339 109 78 230 100 73 130 42 64 88 56 857 836 488
internal_count=1760 77 1683 1659 802 782 726 41 685 649 440 209 65 144 77 403 339 109 78 230 100 73 130 42 64 88 56 857 836 488
is_linear=0
shrinkage=0.05


Tree=163
num_leaves=31
num_cat=0
split_feature=52 71 56 165 262 161 294 234 226 85 279 168 96 309 309 274 278 267 138 138 230 135 267 117 321 304 254 254 103 99
split_gain=0.0131584 0.0377746 0.0308517 0.0730685 0.017764 0.0379573 0.033809 0.031794 0.0313355 0.033758 0.0282559 0.0212245 0.0384413 0.0254607 0.0258488 0.0595679 0.0321469 0.0275034 0.0341067 0.0566196 0.0385271 0.0310297 0.0309482 0.0589246 0.0356736 0.0500211 0.0286376 0.0461175 0.029612 0.0359963
threshold=1.2424533248940004 0.89587973461402759 1.0000000180025095e-35 -0.0043680584479603617 -0.031379513497008842 0.035074692313981602 0.032127596632912488 -0.010036568552848317 0.057405560729027923 -0.10866086215016268 0.00095985744894953558 0.054227528258652326 -0.01088154633890541 -0.049681803053340447 -0.034188354614802602 0.011934752452302648 -0.012852883091448894 0.010007161672866749 -0.041947310894286577 -0.03217900591745624 0.0015250531157041628 0.062376872503107146 0.0044825536723498505 0.0046593966731150417 0.039733659648329825 -0.048921992059306425 0.046102474837060904 0.029917068382277073 -0.0036959562742373245 -0.031515734528053709
decision_type=2 2 2 2 2 2 2 2 2 2 2 2 2 2 2 2 2 2 2 2 2 2 2 2 2 2 2 2 2 2
left_child=2 -2 4 -4 5 6 8 -8 9 10 -1 13 -13 -6 15 16 -15 18 20 -20 -16 22 24 -24 25 -21 27 28 -19 -30
right_child=1 -3 3 -5 11 -7 7 -9 -10 -11 -12 12 -14 14 17 -17 -18 26 19 21 -22 -23 23 -25 -26 -27 -28 -29 29 -31
leaf_value=0.0011761545401261472 0.0019347755132912425 -0.0004111743879793967 0.00035558271920308474 -0.0032702676155774192 0.00075588655608859801 -0.0011588443982570122 0.00068421006657271878 -0.0020357065881729465 -0.00070254031738370719 0.00055889139284166355 0.003290008345618844 -0.0025886949637661809 4.2695577763619699e-05 -0.0013379384204745294 0.0027583548030816023 -0.0026665822162495688 0.0013284088891501039 -0.00014974693815158297 -0.0027342074887280396 -0.0020859692484009431 -0.00034515700768679382 -0.0019737806440389251 3.2144485775268443e-05 -0.0033558954939334877 0.0010890458120561635 -4.3352662193450845e-05 0.0014958462737397187 -0.0016534995321762836 0.0024427707017561522 0.00047159632028266439
leaf_weight=43 32 37 33 24 97 36 21 22 29 120 25 23 35 20 20 31 26 158 23 32 20 24 33 21 63 473 45 32 28 134
leaf_count=43 32 37 33 24 97 36 21 22 29 120 25 23 35 20 20 31 26 158 23 32 20 24 33 21 63 473 45 32 28 134
internal_value=8.19992e-13 0.000676802 -2.76164e-05 -0.00117109 1.22722e-05 0.000362779 0.000573465 -0.000707375 0.000827273 0.00106325 0.00195331 -6.52689e-05 -0.00100079 -2.28782e-05 -8.6733e-05 -0.000972522 0.000169127 -2.50642e-05 -0.000211641 -0.000296439 0.0012066 -0.000209645 -0.000141576 -0.00128543 -3.28291e-05 -0.000172786 0.000308142 0.000156305 0.000337286 0.000812293
internal_weight=1760 69 1691 57 1634 296 260 43 217 188 68 1338 58 1280 1183 77 46 1106 709 669 40 646 622 54 568 505 397 352 320 162
internal_count=1760 69 1691 57 1634 296 260 43 217 188 68 1338 58 1280 1183 77 46 1106 709 669 40 646 622 54 568 505 397 352 320 162
is_linear=0
shrinkage=0.05


Tree=164
num_leaves=31
num_cat=0
split_feature=322 288 194 192 119 90 259 304 269 336 278 332 221 196 324 315 133 297 288 279 306 306 11 61 186 265 333 230 292 333
split_gain=0.0129988 0.0183788 0.0169385 0.0189745 0.030273 0.0262953 0.0398461 0.0186546 0.0298061 0.0234753 0.024032 0.0231315 0.0613982 0.0269435 0.0264272 0.0301379 0.0489711 0.0255789 0.0452875 0.0503903 0.060347 0.0719136 0.0441391 0.041442 0.0414385 0.0452092 0.0336632 0.0406721 0.0355338 0.0320621
threshold=-0.07772066254617073 0.10306606575297055 0.071319030281279769 0.026397625216739766 -0.041286484989635233 -0.0049778201960656741 0.027220748046354468 -0.061883786569465457 -0.0082473104053750745 0.072143948997580906 0.077122777696838105 -0.054672161790814862 0.0054607533862671169 0.051606875542354852 -0.060877467973812299 0.051131822490186156 -0.0057940346236259937 -0.011628514829942262 -0.016280296673519497 0.0092997037483716644 0.016342234018796239 0.0059605054273332795 3.5566239316239319 5.1972592744869699 -0.003747381759551621 0.0010508873294939739 -0.029835044470633114 -0.012992695482983039 0.026797565047119439 0.0016781629220910439
decision_type=2 2 2 2 2 2 2 2 2 2 2 2 2 2 2 2 2 2 2 2 2 2 2 2 2 2 2 2 2 2
left_child=-1 2 3 7 -5 6 -6 8 -2 10 11 12 -9 14 -13 17 -17 18 29 20 21 24 -22 26 -20 -26 27 -19 -28 -16
right_child=1 -3 -4 4 5 -7 -8 9 -10 -11 -12 13 -14 -15 15 16 -18 23 19 -21 22 -23 -24 -25 25 -27 28 -29 -30 -31
leaf_value=0.001068710101078198 0.0020598691849348445 -0.0014532330781962216 -0.0013465324183925987 0.0023353496188792634 0.00038218886947342305 0.00088522918779156449 -0.0020322129285195844 -0.0030388676878393872 -0.00010125900951560396 -0.0014159415693939083 0.0012288466253570127 0.001223245252932477 0.00044763601617887617 0.001371241154882944 0.0011091047368122226 -0.00018669986912312037 -0.0032298174237803327 -0.0024456869735981208 -0.0026956151150384798 0.00018312536645680665 0.0013887426504879841 -0.0039737256633214143 -0.001605544729245594 0.0023517582949716602 0.00068483666637851126 -0.0017877778413498567 -4.8259687510991332e-06 -0.00014387639127309113 0.00093137380132365293 -0.00062093004383969794
leaf_weight=28 27 22 23 20 54 85 25 23 39 32 36 38 28 33 71 39 20 28 31 100 32 29 20 20 38 36 555 61 124 43
leaf_count=28 27 22 23 20 54 85 25 23 39 32 36 38 28 33 71 39 20 28 31 100 32 29 20 20 38 36 555 61 124 43
internal_value=-8.64743e-13 -1.72771e-05 1.19722e-06 1.95717e-05 0.000498828 0.000274862 -0.000381862 -3.90997e-05 0.000782839 -7.68505e-05 -4.63517e-05 -7.9885e-05 -0.00112471 -3.94556e-05 -7.56836e-05 -0.000115266 -0.00121827 -6.04874e-05 -0.000386126 -0.000722017 -0.00120865 -0.00176969 0.000237094 0.000104811 -0.00116096 -0.000518057 4.62972e-05 -0.000868042 0.000166144 0.000456548
internal_weight=1760 1732 1710 1687 184 164 79 1503 66 1437 1405 1369 51 1318 1285 1247 59 1188 400 286 186 134 52 788 105 74 768 89 679 114
internal_count=1760 1732 1710 1687 184 164 79 1503 66 1437 1405 1369 51 1318 1285 1247 59 1188 400 286 186 134 52 788 105 74 768 89 679 114
is_linear=0
shrinkage=0.05


Tree=165
num_leaves=31
num_cat=0
split_feature=92 52 56 273 273 274 290 275 259 10 227 315 248 334 301 279 197 149 333 323 143 8 333 160 294 194 201 291 295 188
split_gain=0.0136151 0.0297763 0.0387563 0.0294389 0.0423449 0.0316646 0.0279033 0.030624 0.0325705 0.0301068 0.037186 0.036949 0.0249367 0.0276133 0.0329669 0.0271717 0.024787 0.0246101 0.0230948 0.0462802 0.0357635 0.03044 0.0300153 0.0431938 0.0837447 0.0424116 0.0421348 0.0447006 0.0330497 0.0593988
threshold=0.032265871462138454 0.89587973461402759 1.0000000180025095e-35 -0.074021852415194711 -0.054102407429666613 -0.00085870607262336076 0.0088625587734581807 -0.0051143082909237327 -0.013407377646300237 0.18808962264150947 0.057128224475676857 -0.013179290853818608 -0.019908326486154437 -0.0054867133724513179 -0.016806382093511762 0.0042055831571374954 0.0037163104611523871 -0.0038600494528577057 0.017207789473275295 0.059957528495208468 0.0093850986729779127 0.0058082681413541958 0.0052245865790329056 0.0033644519436025048 0.024331601231076579 0.0014461449000801668 -0.0044624893843493796 -0.012654132787782955 0.02233560599950998 -0.028370894522567001
decision_type=2 2 2 2 2 2 2 2 2 2 2 2 2 2 2 2 2 2 2 2 2 2 2 2 2 2 2 2 2 2
left_child=18 2 3 5 -5 -2 9 17 -9 11 -11 16 -13 14 -14 -15 -6 -8 22 20 -20 -22 28 26 25 -25 27 -24 -1 -30
right_child=1 -3 -4 4 6 -7 7 8 -10 10 -12 12 13 15 -16 -17 -18 -19 19 -21 21 -23 23 24 -26 -27 -28 -29 29 -31
leaf_value=0.0001273156957668175 0.00010493708774447441 0.001822913927026093 -0.0019339147563600405 -0.0020957295861860205 -0.00010756286782712518 0.0029185003903694452 0.0011128394508418613 0.0031245441522471432 0.00082107513956049055 -0.0028870326781179757 3.2176597172413798e-05 0.0018395793504051624 -0.0021821225126041101 5.9215143046458259e-05 0.00029397086526420561 0.0020139575186476576 -0.0019084994155303414 -0.00065351702903672978 0.00010441541037380375 -0.0019676296293341909 0.0027327378306330908 0.00064934529857782768 0.00048087362665683031 0.00034653245977981875 -0.00437020775085936 -0.0023876238103105649 0.00086529387551342581 -0.0023607718831514038 0.0015596980875460969 -0.0010216437256158081
leaf_weight=534 20 27 22 21 56 20 33 21 57 20 24 31 20 40 41 32 29 49 192 21 27 50 25 37 21 23 54 31 26 156
leaf_count=534 20 27 22 21 56 20 33 21 57 20 24 31 20 40 41 32 29 49 192 21 27 50 25 37 21 23 54 31 26 156
internal_value=3.12484e-12 0.000202777 0.000121165 0.000209126 9.92023e-05 0.00151172 0.000200954 0.000731988 0.00144124 -8.90302e-05 -0.00129474 0.000124026 0.000562516 0.000264854 -0.000517863 0.00092799 -0.000722 5.73337e-05 -9.53744e-05 0.00029303 0.000469513 0.00137989 -0.000219561 -0.000776462 -0.00165269 -0.000701561 -0.000131238 -0.00109218 -7.10024e-05 -0.000652881
internal_weight=1760 563 536 514 474 40 453 160 78 293 44 249 164 133 61 72 85 82 1197 290 269 77 907 191 81 60 110 56 716 182
internal_count=1760 563 536 514 474 40 453 160 78 293 44 249 164 133 61 72 85 82 1197 290 269 77 907 191 81 60 110 56 716 182
is_linear=0
shrinkage=0.05


Tree=166
num_leaves=31
num_cat=0
split_feature=286 286 238 193 109 206 145 230 335 300 218 285 287 227 328 224 191 127 323 285 226 84 119 317 122 0 266 280 315 149
split_gain=0.0124946 0.0307377 0.0370707 0.0451786 0.0492488 0.0502771 0.0352577 0.0597804 0.0316222 0.0282323 0.026428 0.025952 0.0271223 0.025937 0.0394116 0.0277568 0.0263729 0.0466504 0.0344312 0.0371746 0.0386878 0.0343877 0.0327299 0.0500815 0.0313942 0.0751518 0.033815 0.0352363 0.0366868 0.0299739
threshold=-0.018029238245390558 -0.025011933414415228 0.013206212528229047 -0.020017000125808017 -0.019513931615763879 0.010035077203812715 0.0051352542190838939 0.0071188925676674815 0.00055339135434039793 0.0002755303678732706 0.0013088833647332723 0.091230965689572424 -0.080707930499865202 -0.078795807402203474 0.019367566247615819 -0.0072120126152941258 -0.032272493124503386 0.031295005322679856 0.011026754860218943 -0.014373109612976593 0.016944371720626836 -0.20208795856127701 -0.0070289573596017769 -0.0030173191106560027 -0.051998737963396456 5.1445790166580574 -0.061364131502422758 0.05569761054137045 0.04971749227683625 0.009444410771039408
decision_type=2 2 2 2 2 2 2 2 2 2 2 2 2 2 2 2 2 2 2 2 2 2 2 2 2 2 2 2 2 2
left_child=1 2 3 9 5 -5 -6 -8 -3 -1 -10 12 -2 14 15 -14 17 -15 24 22 21 -21 23 -20 25 -18 -26 28 29 -28
right_child=11 8 -4 4 6 -7 7 -9 10 -11 -12 -13 13 16 -16 -17 18 -19 19 20 -22 -23 -24 -25 26 -27 27 -29 -30 -31
leaf_value=0.0024975485762115568 -0.0014453507456945612 0.00016385394449641285 0.0006776820767905561 -0.0034935638308525086 0.00058466667695951477 -0.0002735346111214974 -0.0028030562482724368 9.3071998693334049e-05 0.00071179754724487964 -0.00015915637079160663 0.0031109847037441799 -0.0018674032372655348 0.00057892344013366493 -0.0001644526302977913 -0.00074807950718836359 0.0031496742873319558 -0.0031523697453065265 -0.0029110837638489269 -0.0032069442333886402 0.0028074255210985607 -0.00052416251225319386 0.00085627023331620665 0.0003349915786213702 0.00018082770645075168 0.0014282239451339203 0.00012613545060792769 6.0697666616901726e-05 0.0014009004433961202 -0.0022117632790468636 -0.00070061053493384652
leaf_weight=20 34 52 134 27 71 22 28 49 22 20 24 20 21 52 22 21 29 22 20 27 42 138 81 24 35 44 414 34 23 188
leaf_count=20 34 52 134 27 71 22 28 49 22 20 24 20 21 52 22 21 29 22 20 27 42 138 81 24 35 44 414 34 23 188
internal_value=2.45542e-12 0.00022103 1.29907e-05 -0.000362826 -0.000673897 -0.00204784 -0.000219012 -0.000960066 0.00100861 0.0011692 0.00196355 -8.02968e-05 -5.21755e-05 -1.38829e-05 0.000966294 0.0018643 -6.73623e-05 -0.000981019 -5.84218e-06 0.000419537 0.000830681 0.00117555 -0.000261318 -0.00135907 -0.00018997 -0.00117628 -8.6222e-05 -0.000166655 -0.00025193 -0.000177053
internal_weight=1760 469 371 237 197 49 148 77 98 40 46 1291 1271 1237 64 42 1173 74 1099 332 207 165 125 44 767 73 694 659 625 602
internal_count=1760 469 371 237 197 49 148 77 98 40 46 1291 1271 1237 64 42 1173 74 1099 332 207 165 125 44 767 73 694 659 625 602
is_linear=0
shrinkage=0.05


Tree=167
num_leaves=31
num_cat=0
split_feature=81 258 252 244 97 116 94 277 53 120 160 160 143 186 249 286 332 273 154 293 253 137 176 252 273 213 207 224 239 243
split_gain=0.0124444 0.0270993 0.018993 0.0210438 0.0316648 0.0189251 0.0602722 0.0306666 0.0213585 0.0218448 0.0232164 0.0357137 0.060904 0.0365235 0.0346413 0.0289304 0.0404185 0.0494639 0.0305039 0.0342481 0.0295145 0.0356966 0.0281537 0.041746 0.0572735 0.0384389 0.0414124 0.0374376 0.0380545 0.0351074
threshold=-0.28970813564982489 -0.041274566478062484 0.11205154342222676 0.08218280225397033 -0.0052551779049517487 0.073431896523617521 0.0083493974225449744 -0.0044019101985775825 0.89587973461402759 -0.044669798850431215 0.01060418715550006 0.0056833523863676029 0.0059986826353302979 -0.0043134620561494676 -0.057866350267321634 0.033480491259709706 0.014418182128357404 -0.021672100478677524 0.0036521150885091102 -0.039441445235435142 0.0090404920023617365 0.0059740543282455569 0.015459602451152148 0.013657207971247755 -0.042858024454420239 -0.024624885112826438 -0.0069247428300990227 0.01750178674719834 0.0052735520302385546 -0.014823166608620188
decision_type=2 2 2 2 2 2 2 2 2 2 2 2 2 2 2 2 2 2 2 2 2 2 2 2 2 2 2 2 2 2
left_child=2 -2 3 5 -5 8 -7 -8 9 -1 11 14 13 -13 -11 18 17 -17 19 -12 21 -20 23 24 -16 -25 -27 28 -24 -26
right_child=1 -3 -4 4 -6 6 7 -9 -10 10 15 12 -14 -15 22 16 -18 -19 20 -21 -22 -23 27 25 29 26 -28 -29 -30 -31
leaf_value=0.00049882532026693 0.00207558411971799 0.00017173912136246041 -0.0012717169488877841 -0.00021336353138394772 0.0020477294852025807 -0.0031751567014725885 -0.0012846897875715515 0.0013923687824938932 0.0016005590627901256 -0.0017634189767704812 -0.00080315340137868021 -0.0014241366203081001 -0.0027365412674905539 0.0011765593447274081 -0.0026609819156389377 0.00029266413323403827 0.0010380635121691739 -0.0029174736401598369 4.1746482700593285e-05 0.0011332444382738636 0.00073694755489722252 -0.0018310686633508579 -0.0004231538272979379 0.0019043922862585856 -0.0012603767302815793 -0.0019068981480339299 0.00046516502893412156 0.002102463980654961 0.0012662501516751946 -6.4821096065454685e-05
leaf_weight=163 21 170 31 32 30 20 20 23 20 32 27 27 38 27 30 21 22 28 77 148 68 38 100 34 83 23 92 29 50 236
leaf_count=163 21 170 31 32 30 20 20 23 20 32 27 27 38 27 30 21 22 28 77 148 68 38 100 34 83 23 92 29 50 236
internal_value=8.44771e-13 0.000381062 -4.63881e-05 -2.16903e-05 0.000880714 -5.95962e-05 -0.000907499 0.000147225 -2.17916e-05 -4.50845e-05 -0.000117164 -0.000276138 -0.00120297 -0.000123789 -0.000155872 0.000179663 -0.000742337 -0.0015417 0.000362518 0.000834486 -8.8818e-05 -0.000577097 -7.98878e-05 -0.000273198 -0.000572317 0.000427422 -9.24761e-06 0.000457925 0.000139981 -0.00037589
internal_weight=1760 191 1569 1538 62 1476 63 43 1413 1393 1230 801 92 54 709 429 71 49 358 175 183 115 677 498 349 149 115 179 150 319
internal_count=1760 191 1569 1538 62 1476 63 43 1413 1393 1230 801 92 54 709 429 71 49 358 175 183 115 677 498 349 149 115 179 150 319
is_linear=0
shrinkage=0.05


Tree=168
num_leaves=31
num_cat=0
split_feature=292 190 137 263 84 208 190 283 292 274 274 266 266 125 258 105 264 9 294 126 297 327 286 327 247 94 200 286 286 193
split_gain=0.0121968 0.0277485 0.0285196 0.0207169 0.0204551 0.0193078 0.018513 0.0341016 0.018314 0.01948 0.0639273 0.0397656 0.0531089 0.0386891 0.0381127 0.0579119 0.0736539 0.0511637 0.0346689 0.0332257 0.0323197 0.0428886 0.0588489 0.034192 0.0341937 0.029763 0.068771 0.0352938 0.0422135 0.0383472
threshold=-0.04698189076077141 0.037970102804812007 0.0045273310823334741 0.12199685620953804 0.14349311546324742 0.013789935102454494 0.051718380409215864 -0.01546513679958063 -0.043722314024314077 0.00045451959706922519 -0.00085870607262336076 0.0053880310576468514 0.0022924634624427614 -0.034088174266705087 -0.010654306150466602 -0.0046032825514034899 -0.013780297029036621 0.023849480562215017 -0.0071927691403271066 -0.04315089922572457 -0.00063770252417948321 -0.0096525420300496659 -0.013349288525194463 -0.0021107182907443315 0.021176437729235473 -0.059536698904533149 0.018488692395547453 -0.027633727332456094 -0.023541765402990748 -0.0049000666328975206
decision_type=2 2 2 2 2 2 2 2 2 2 2 2 2 2 2 2 2 2 2 2 2 2 2 2 2 2 2 2 2 2
left_child=1 2 5 6 -4 -1 8 -8 -2 10 25 12 14 -13 15 16 -11 -18 -17 -16 21 -21 -23 24 -22 26 -10 -27 -29 -30
right_child=3 -3 4 -5 -6 -7 7 -9 9 11 -12 13 -14 -15 19 18 17 -19 -20 20 23 22 -24 -25 -26 27 -28 28 29 -31
leaf_value=0.00081794574955763128 -0.0015975700388662518 -0.0012082650332519299 0.00053615085674788465 0.0015563282277435064 -0.0013038507783557694 0.0025660955159268767 -0.00073573081819631623 0.0019124449408170017 -0.0001840357504503724 -0.0039396238301803053 0.0021256181590787663 -0.0013821364198312431 -0.002443263745184855 0.00038820072867185788 0.0014977213841179506 0.0011864371437695809 0.0009734425516481597 -0.0024769165849734456 -0.0011233124494813664 0.00032545029995204922 -0.0015792427806445631 0.00025978537685106224 -0.0029446272259136957 0.0012573072450116874 0.0009482235332657382 -0.00064475869134695499 -0.0032250246337339793 0.0023764824436511844 0.00083875976572033394 -0.00010506886727752216
leaf_weight=56 20 23 44 20 23 22 20 31 120 30 37 35 35 261 31 32 22 21 33 43 32 23 38 53 23 114 22 24 166 306
leaf_count=56 20 23 44 20 23 22 20 31 120 30 37 35 35 261 31 32 22 21 33 43 32 23 38 53 23 114 22 24 166 306
internal_value=-1.92363e-13 0.000405185 0.000661111 -4.27582e-05 -9.54915e-05 0.00131101 -6.31028e-05 0.000873945 -9.45225e-05 -7.44953e-05 9.66149e-05 -0.00026411 -0.000579308 0.00017887 -0.000408079 -0.00107168 -0.00203819 -0.000711617 1.3795e-05 -3.12197e-05 -0.000254791 -0.000883908 -0.00173641 0.000351025 -0.000522302 -3.21635e-06 -0.000655175 0.000148551 0.000330884 0.000226871
internal_weight=1760 168 145 1592 67 78 1572 51 1521 1501 789 712 416 296 381 138 73 43 65 243 212 104 61 108 55 752 142 610 496 472
internal_count=1760 168 145 1592 67 78 1572 51 1521 1501 789 712 416 296 381 138 73 43 65 243 212 104 61 108 55 752 142 610 496 472
is_linear=0
shrinkage=0.05


Tree=169
num_leaves=31
num_cat=0
split_feature=318 303 334 102 197 203 298 330 293 298 157 153 326 98 299 256 237 135 298 237 194 307 190 140 84 103 245 277 292 103
split_gain=0.0121113 0.013273 0.0500152 0.0218201 0.0150757 0.0184072 0.0169801 0.0617439 0.0797165 0.0413889 0.044153 0.0285471 0.0272097 0.0225986 0.0328161 0.0379964 0.0205901 0.0440631 0.0611728 0.0215453 0.0281101 0.0281849 0.0258047 0.0312039 0.0508572 0.0274199 0.0310023 0.0379608 0.0316619 0.0286315
threshold=0.074625373629898142 -0.069485544322701306 -0.02223293773978546 -0.022531828460249492 -0.047291346168108588 0.0016700017867312853 0.036842505074333599 -0.014494920127921033 0.008491906405270774 0.0276487851309913 0.010285097664757298 -0.014503289304869096 0.0076734040017904679 0.021128131732306207 -0.0065158934270677102 0.0020866812336970781 -0.066381301378842392 0.025419367666334236 0.0035610242045282028 -0.041442551216390622 -0.013555874419579948 0.010638646025736819 -0.022019238980257927 0.040862128780878006 0.10343393381740475 0.096842501473648049 -0.06088127568181214 -0.01657211897652491 -0.017058232100230861 0.04927567782011779
decision_type=2 2 2 2 2 2 2 2 2 2 2 2 2 2 2 2 2 2 2 2 2 2 2 2 2 2 2 2 2 2
left_child=1 2 -1 -4 5 -3 9 8 -8 16 12 -9 -11 14 -13 -16 17 18 -6 20 -18 -22 -21 25 -25 26 27 -24 -29 -28
right_child=-2 4 3 -5 6 -7 7 11 -10 10 -12 13 -14 -15 15 -17 19 -19 -20 22 21 -23 23 24 -26 -27 29 28 -30 -31
leaf_value=-0.0027986558979318944 0.00099602586046482135 0.0019023901102232428 0.0011912012426182627 -0.0010245445806799582 -0.00019265795770369358 5.9763154290108518e-05 -0.0036091781567665752 -0.0014329475532576909 0.00025693542277925493 -0.00030463723844896334 0.0031827526050619784 -0.0002375637491544088 0.0019637147994944824 -0.00068138163946665975 0.0034467212876188574 0.00043552296172658155 -0.00082901654214682919 0.0007526935190863668 -0.0035102579218801114 0.00064253035047191331 0.0018080007955076226 -0.00035074934851200812 -0.0023265418468685259 -7.4551339345449159e-05 -0.002737146307682169 0.001227057902937437 0.00011537383457430729 -0.0017837417943519542 0.0006974819205222755 -0.00075072786231017256
leaf_weight=20 30 23 25 20 33 33 30 24 24 39 20 33 20 30 20 22 22 31 24 126 54 21 33 47 29 41 720 20 36 110
leaf_count=20 30 23 25 20 33 33 30 24 24 39 20 33 20 30 20 22 22 31 24 126 54 21 33 47 29 41 720 20 36 110
internal_value=9.21251e-13 -1.72721e-05 -0.000718215 0.000206425 1.0092e-05 0.000816556 -1.79764e-05 -0.000471392 -0.00189091 4.02109e-05 0.00115251 0.000122823 0.000464296 0.000478427 0.000942351 0.00186943 -2.50243e-05 -0.000764436 -0.00158954 2.66582e-05 0.000742556 0.00120355 -3.31026e-05 -0.000115274 -0.00109054 -3.80655e-05 -9.45074e-05 -0.000981364 -0.000188669 5.89272e-07
internal_weight=1760 1730 65 45 1665 56 1609 183 54 1426 79 129 59 105 75 42 1347 88 57 1259 97 75 1162 1036 76 960 919 89 56 830
internal_count=1760 1730 65 45 1665 56 1609 183 54 1426 79 129 59 105 75 42 1347 88 57 1259 97 75 1162 1036 76 960 919 89 56 830
is_linear=0
shrinkage=0.05


Tree=170
num_leaves=31
num_cat=0
split_feature=185 185 292 278 306 185 227 325 103 213 124 306 155 276 164 103 315 204 171 95 246 47 221 153 120 264 264 313 98 313
split_gain=0.0122091 0.0172383 0.0354331 0.0319348 0.0275487 0.0168822 0.020783 0.0267919 0.0554061 0.0254804 0.0379598 0.0254445 0.0345779 0.0324736 0.0386137 0.0557505 0.0268337 0.0293446 0.0315448 0.0251898 0.0253731 0.0240014 0.0260035 0.0290675 0.0416297 0.0314542 0.0711266 0.0476954 0.0466345 0.0420815
threshold=0.075952475439999834 0.034365849014241563 0.011167529609194432 0.010891809895951328 -0.0085126405360735711 0.032072056015514126 -0.012445609388831578 0.027578721707187896 0.0042275180228991223 0.10801223823201035 0.0027513020918032952 -0.015778245034814332 0.0018445950360201251 -0.01298678881175769 -0.00046128035562699666 0.030822526174245895 -0.016783125212379478 -0.010646151918053483 0.01066150951075979 0.13527304883716471 0.089497679825560769 0.89587973461402759 0.054529294438948807 -0.029072937591747731 -0.011833269352640924 -0.0035138178142871258 -0.0058141944698233408 0.0073227135824500056 -0.0050446741378416477 -0.0044677338450095699
decision_type=2 2 2 2 2 2 2 2 2 2 2 2 2 2 2 2 2 2 2 2 2 2 2 2 2 2 2 2 2 2
left_child=1 5 4 -4 -3 6 7 11 -9 10 -10 -1 13 -13 15 -15 -14 -18 -19 20 21 22 23 24 -8 26 -25 29 -29 -27
right_child=-2 2 3 -5 -6 -7 19 8 9 -11 -12 12 16 14 -16 -17 17 18 -20 -21 -22 -23 -24 25 -26 27 -28 28 -30 -31
leaf_value=0.00097719544094417845 -0.0011200188605774506 -0.0011688186465749716 0.0026436957809103968 0.00010145515303260514 0.00070810890522451432 -0.0014378916932314282 0.00016900532543702329 -0.0025476327878423037 -0.0018098783699455315 0.0014355429395016893 0.0009786781733450683 0.00069260639428528456 -0.00049068106753701296 -0.00044986880348005801 3.3535318016220118e-05 -0.0037195457209070978 -0.00044354702913551591 0.00082414401205964036 0.0027624923672016351 -0.0017129245065152646 -0.0015898342609164371 0.0013057192892677362 0.00046138300012292651 7.7021914486457331e-06 -0.0024783268832834441 -0.00046157994950590369 0.0027832050058059395 0.0014853716470533984 -0.00036430776596725395 -0.0019388115481875055
leaf_weight=133 24 34 30 21 46 21 27 25 26 26 23 53 37 32 64 22 26 65 31 25 28 31 165 301 33 160 25 50 107 69
leaf_count=133 24 34 30 21 46 21 27 25 26 26 23 53 37 32 64 22 26 65 31 25 28 31 165 301 33 160 25 50 107 69
internal_value=-8.53685e-13 1.54841e-05 0.000566982 0.00159689 -8.95853e-05 -2.95291e-05 -1.08576e-05 0.000233039 -0.000509139 0.000170358 -0.000500964 0.000393336 0.000158024 -0.000335505 -0.000797284 -0.00178196 0.0006888 0.00104651 0.00145007 -0.000145347 -0.000106 -6.30793e-05 -0.000108365 -0.000230138 -0.00128703 -0.000141074 0.000220547 -0.000446485 0.000224762 -0.000906685
internal_weight=1760 1736 131 51 80 1605 1584 563 100 75 49 463 330 171 118 54 159 122 96 1021 996 968 937 772 60 712 326 386 157 229
internal_count=1760 1736 131 51 80 1605 1584 563 100 75 49 463 330 171 118 54 159 122 96 1021 996 968 937 772 60 712 326 386 157 229
is_linear=0
shrinkage=0.05


Tree=171
num_leaves=31
num_cat=0
split_feature=292 190 137 214 246 233 295 205 229 233 320 179 140 234 179 175 86 191 217 138 328 245 312 148 139 297 166 291 201 331
split_gain=0.0117649 0.0242709 0.0250108 0.0188113 0.0178859 0.0174001 0.0345902 0.0404774 0.040089 0.0274844 0.0614382 0.0222226 0.0358204 0.0305905 0.0253858 0.0543752 0.0572551 0.0296372 0.0366418 0.0453773 0.0227198 0.0439124 0.0512379 0.0624555 0.0647197 0.0346885 0.0297436 0.0290477 0.0254929 0.0244733
threshold=-0.04698189076077141 0.037970102804812007 0.0045273310823334741 0.32946168348056742 -0.012465093216548298 -0.068908711446979368 -0.021502014250023304 -0.002201221301501004 0.0044058501702922007 -0.060140227560768547 0.010282249568032998 0.041193115835382411 0.00045398526685270162 0.0026730569175964732 0.015732228335638729 0.033294768446839311 -0.17002967916501541 -0.0059731550738636079 0.006558017640033359 0.0090523615836029196 -0.018380159103725365 0.0094873115727728847 -0.0042490035460090629 0.0010859832839625347 0.0046355878984860712 -0.0090154210478686197 0.0061598165999972613 0.034542925958418326 -0.023649446938626199 -0.0025222579878935577
decision_type=2 2 2 2 2 2 2 2 2 2 2 2 2 2 2 2 2 2 2 2 2 2 2 2 2 2 2 2 2 2
left_child=1 2 -1 5 -4 6 -2 8 -8 10 -7 14 -13 -14 20 16 -16 18 19 -18 21 22 25 26 -25 -11 -24 -23 -22 -30
right_child=3 -3 4 -5 -6 9 7 -9 -10 11 -12 12 13 -15 15 -17 17 -19 -20 -21 28 27 23 24 -26 -27 -28 -29 29 -31
leaf_value=0.0012459099490372003 0.0020525732408194536 -0.0011110150113539852 -0.00092560646153287966 0.0011580429103105418 0.00070990620663256528 0.00022129813649891212 0.00048273060389834903 0.0011404937152144348 -0.0024693886769692535 -0.0012599984189199116 -0.0034071068646153433 -0.00068939899937014656 0.0030354071752212589 0.0004223156072839629 -0.0026110243079019713 -0.0030812886444618929 -0.00045419149965580024 0.00049536323758558258 0.00054817149103013536 -0.0034397226982400757 0.0009018112621001469 0.0007641272001079457 -0.0014406963133498922 -0.0048005847546332726 -0.0012752391708393894 0.0013031614884257028 0.001035993294697784 -0.0013513810059521349 -0.00033229029351271799 0.00025612309308154754
leaf_weight=78 28 23 32 32 35 28 23 43 23 22 20 26 21 24 25 20 35 106 34 20 91 86 27 23 30 33 22 20 300 430
leaf_count=78 28 23 32 32 35 28 23 43 23 22 20 26 21 24 25 20 35 106 34 20 91 86 27 23 30 33 22 20 300 430
internal_value=-2.74492e-12 0.000397946 0.000637299 -4.19943e-05 -7.12342e-05 -6.66105e-05 0.00051983 3.7619e-05 -0.000993329 -0.00011416 -0.00129054 -7.36822e-05 0.000788095 0.00164176 -0.000119895 -0.000585193 -0.000358275 -6.94606e-05 -0.000742172 -0.00153984 -1.68775e-05 -0.000421315 -0.000952186 -0.00161547 -0.00280511 0.000277898 -0.000328713 0.000364975 0.00011268 1.43094e-05
internal_weight=1760 168 145 1592 67 1560 117 89 46 1443 48 1395 71 45 1324 240 220 195 89 55 1084 263 157 102 53 55 49 106 821 730
internal_count=1760 168 145 1592 67 1560 117 89 46 1443 48 1395 71 45 1324 240 220 195 89 55 1084 263 157 102 53 55 49 106 821 730
is_linear=0
shrinkage=0.05


Tree=172
num_leaves=31
num_cat=0
split_feature=0 4 1 251 257 164 154 250 164 215 165 270 335 309 326 237 174 288 97 82 220 135 222 114 173 331 301 305 162 19
split_gain=0.0118605 0.0202082 0.0119761 0.0129731 0.0130007 0.0319266 0.0392608 0.0547394 0.0361821 0.0311371 0.0374026 0.0279788 0.0270882 0.0259195 0.022761 0.0241619 0.0580694 0.022735 0.0350178 0.0307627 0.0297728 0.050224 0.0306999 0.0338004 0.0296033 0.0393051 0.0242301 0.0214903 0.0213659 0.0249197
threshold=11.083556880738579 6.7684925510589489 9.0474674417589451 0.11459596087672862 0.020988390611869502 -0.01060817021447818 0.0031662383403120902 0.0067153388150687325 0.037531257597262738 -0.0042393882329574408 -0.017975351445580923 0.027327420261091525 0.0026384757736484521 -0.037981171653921918 0.071359532834250936 -0.083446380578931903 0.0045380082947142466 -0.0042827326962354461 0.18404322688957683 -0.46542859660670038 0.004061722635816503 0.033019355241310465 -0.0023569478477407095 -0.030544525037030066 -0.0098759418454636896 -0.0152668645180061 -0.0048694863037587353 -0.038003380715580792 -0.050168169550775549 9.2583333333333346
decision_type=2 2 2 2 2 2 2 2 2 2 2 2 2 2 2 2 2 2 2 2 2 2 2 2 2 2 2 2 2 2
left_child=1 2 3 4 14 6 -6 -8 9 11 -11 13 -12 -7 15 16 -1 19 28 -17 21 24 26 -24 -21 -26 -22 -25 -19 -30
right_child=-2 -3 -4 -5 5 8 7 -9 -10 10 12 -13 -14 -15 -16 17 -18 18 -20 20 22 -23 23 27 25 -27 -28 -29 29 -31
leaf_value=-0.0025684312742669138 -0.0012106678614509292 0.0013711551951322086 -0.0008736302147810467 0.0010998275996556644 0.00085224594801340059 -0.0015463537910798788 0.0001184908503533474 -0.002792105431823681 -0.0010200485456152819 0.0032083311421877664 0.0016485458347659085 0.0019786494408617727 -0.00029466215301313087 0.00034564802676494074 -0.0015157103202404366 0.0015786192057103935 0.00062780267067460548 0.0014752755277988722 -0.0017300892509924976 0.00037473878938062874 -8.984333493052483e-05 -0.0026243169202158851 -0.0022467652801424266 -0.0015609828258311611 -0.0022630517962514553 -0.00039902236724117298 0.0016820051259263747 0.00021256580453815784 -0.00034149201478723582 0.00037534198882865661
leaf_weight=30 20 27 39 27 35 23 35 30 32 23 47 20 29 85 27 22 27 34 23 74 35 30 20 20 37 120 43 117 164 465
leaf_count=30 20 27 39 27 35 23 35 30 32 23 47 20 29 85 27 22 27 34 23 74 35 30 20 20 37 120 43 117 164 465
internal_value=2.068e-12 1.39157e-05 -7.47684e-06 1.27024e-05 -5.11937e-06 0.000260964 -0.000497874 -0.00122486 0.000553952 0.000775837 0.0014417 0.000260835 0.000907059 -5.72783e-05 -7.92839e-05 -4.85277e-05 -0.00105443 -9.06333e-07 0.000187896 -0.000250942 -0.000332092 -0.000699672 7.61572e-05 -0.000326655 -0.000449718 -0.000838316 0.000886945 -4.63464e-05 0.000254432 0.000188441
internal_weight=1760 1740 1713 1674 1647 359 100 65 259 227 99 128 76 108 1288 1261 57 1204 686 518 496 261 235 157 231 157 78 137 663 629
internal_count=1760 1740 1713 1674 1647 359 100 65 259 227 99 128 76 108 1288 1261 57 1204 686 518 496 261 235 157 231 157 78 137 663 629
is_linear=0
shrinkage=0.05


Tree=173
num_leaves=31
num_cat=0
split_feature=185 185 292 206 278 196 185 217 307 99 258 250 321 81 198 273 86 306 220 139 287 258 9 171 152 116 2 235 295 294
split_gain=0.0113354 0.0152902 0.0314716 0.0274107 0.0273407 0.0152867 0.0482145 0.0466023 0.0328737 0.0451372 0.0547141 0.0478994 0.0559225 0.0555944 0.0453386 0.0353193 0.0490342 0.0338938 0.0298767 0.0324346 0.0283983 0.0265837 0.0336714 0.025596 0.0404021 0.0363723 0.0488118 0.0458919 0.037205 0.0478117
threshold=0.075952475439999834 0.034365849014241563 0.011167529609194432 -0.017577889380655905 0.010891809895951328 0.0018032964919314149 0.021432256338746018 -0.00067228826711183336 0.0026445312489745743 -0.076880267224743226 -0.00129735339211371 -0.011684321805089585 -0.0018523260639586282 -0.42473336048447397 -0.0012624223208799654 0.0011530335373695863 -0.11586327336944303 0.0061807365009258009 -0.075568593638973405 0.0083659276489006038 0.0019334484946872299 1.0000000180025095e-35 0.025661604313289708 0.017436211010969753 -0.036945267523515457 0.022363847217583627 5.5644910469386515 0.015043333040254597 0.035293903688453657 -0.0071927691403271066
decision_type=2 2 2 2 2 2 2 2 2 2 2 2 2 2 2 2 2 2 2 2 2 2 2 2 2 2 2 2 2 2
left_child=1 5 3 -3 -4 6 18 -8 9 10 -7 12 20 14 -14 16 -13 -18 19 -1 -11 22 -17 24 -20 26 28 -27 -26 -30
right_child=-2 2 4 -5 -6 8 7 -9 -10 11 -12 15 13 -15 -16 21 17 -19 23 -21 -22 -23 -24 -25 25 27 -28 -29 29 -31
leaf_value=0.0018231567655069133 -0.0010791990286331081 -0.0015872073462973773 0.0024735378788318489 0.00048555445999164506 0.0001212565588676149 -0.003365149998875416 -0.0028981399205319277 -0.00039590354385187057 0.00050580730466927932 -0.00048889239288626182 1.3990694656968117e-05 0.0031889748972152238 -0.0042674820257715233 -0.00010417493719885258 -0.0010541403979351302 0.0001103558191309937 0.0015641016227587092 -0.00044519163763275514 -0.0019512957553767291 -0.0001792860468133138 0.001776059521827847 0.00074911001621248122 -0.0024149491089205683 0.00033859820119838159 -9.8912768985384407e-05 -2.4428632374421305e-05 -0.0024579974786839952 0.0022897326206820535 -0.0033719644011441802 2.0145355457706111e-06
leaf_weight=42 24 22 30 58 21 23 30 49 335 31 25 23 23 37 21 33 43 41 36 39 25 44 22 193 309 82 28 29 21 21
leaf_count=42 24 22 30 58 21 23 30 49 335 31 25 23 23 37 21 33 43 41 36 39 25 44 22 193 309 82 28 29 21 21
internal_value=8.17305e-13 1.49198e-05 0.000534322 -8.4455e-05 0.00150495 -2.74737e-05 -0.000167711 -0.00134612 0.000142318 -0.000169112 -0.00160518 3.18541e-05 -0.000692684 -0.00153264 -0.00273384 0.000513707 0.00114346 0.000583375 -5.13432e-05 0.000859018 0.000522247 -0.000166932 -0.000899766 -0.000153901 -0.000334609 -0.000215832 -0.000448963 0.000580172 -0.000288698 -0.00168497
internal_weight=1760 1736 131 80 51 1605 879 79 726 391 48 343 137 81 44 206 107 84 800 81 56 99 55 719 526 490 379 111 351 42
internal_count=1760 1736 131 80 51 1605 879 79 726 391 48 343 137 81 44 206 107 84 800 81 56 99 55 719 526 490 379 111 351 42
is_linear=0
shrinkage=0.05


Tree=174
num_leaves=31
num_cat=0
split_feature=203 251 241 143 247 131 303 169 262 231 333 281 167 147 214 307 284 131 135 131 47 309 117 171 201 151 11 240 218 214
split_gain=0.0114602 0.0317929 0.0276944 0.0303133 0.0320766 0.0276734 0.0276807 0.0438549 0.0815452 0.0786258 0.0427952 0.0269903 0.0429246 0.028341 0.0544512 0.073787 0.0379546 0.0269307 0.0322474 0.0322428 0.0359107 0.02547 0.0276108 0.0355684 0.0271942 0.0248356 0.0233913 0.0223905 0.0218259 0.0216193
threshold=7.4349562267278976e-05 -0.088273698259516073 0.11117757440868388 0.068125658455615176 -0.07252705068834632 -0.084070623987716517 -0.013184794820263331 0.0035641439062981208 -0.013489223743442207 0.0018690520253433394 0.0024906664309159538 0.041265381472869324 -0.0065640842604889746 -0.011604654867690046 -0.00084420263200882782 0.0083186661389175482 0.00098636739859895889 -0.045015640582231488 0.070217847894157928 -0.036780404123901225 0.89587973461402759 -0.016685770465178242 0.024027994978934372 0.009020073214371772 0.014023617346292845 -0.0057113771752229569 2.560236556517498 1.0000000180025095e-35 0.016717219903107716 -0.068791902742128305
decision_type=2 2 2 2 2 2 2 2 2 2 2 2 2 2 2 2 2 2 2 2 2 2 2 2 2 2 2 2 2 2
left_child=1 -1 3 4 -3 -6 7 8 -7 -10 -11 13 -13 14 15 -8 -16 -2 19 -19 29 24 25 -24 -15 28 27 -9 -23 -21
right_child=17 2 -4 -5 5 6 11 26 9 10 -12 12 -14 21 16 -17 -18 18 -20 20 -22 22 23 -25 -26 -27 -28 -29 -30 -31
leaf_value=0.0017936706764712222 0.0013473820359565232 0.0011620408915616789 0.0015754283739211547 -0.00186981533964475 -0.001912464786725347 0.00064275839914833873 -0.00033387061557732522 0.00034911674973998397 -0.0044404452006953461 0.0002536906865080474 -0.0027171024364757946 -0.0025718217073008418 2.1486967714578066e-06 0.00019182214812620235 0.0014959143864823428 -0.0040692845520970879 -0.001113691393700058 -0.0015487176307942719 -0.0017043623127974571 -0.00092267735708446714 0.0017205626822639414 0.00019856271573712061 0.00051769860804216157 0.0030815744466963224 -0.0016879514367946495 0.00079763346432880377 0.00079288059194503296 -0.0019884795075631699 -0.001740322156720573 0.00017398545770957102
leaf_weight=21 43 43 22 27 24 35 39 21 27 27 22 25 46 74 38 20 22 28 25 48 36 47 31 24 26 119 54 20 21 705
leaf_count=21 43 43 22 27 24 35 39 21 27 27 22 25 46 74 38 20 22 28 25 48 36 47 31 24 26 119 54 20 21 705
internal_value=-2.81029e-12 -0.000128315 -0.000175577 -0.000221878 -0.000166605 -0.000241581 -0.000187244 -0.000679343 -0.00135425 -0.00227393 -0.00108013 3.30601e-06 -0.000904179 0.000143071 -0.000521539 -0.00160011 0.000539059 0.000126865 6.45348e-05 0.000118663 0.000177835 0.000374323 0.000651696 0.00163648 -0.000296919 0.000362054 0.000109236 -0.000791174 -0.000400211 0.000104079
internal_weight=1760 875 854 832 805 762 738 206 111 76 49 532 71 461 119 59 60 885 842 817 789 342 242 55 100 187 95 41 68 753
internal_count=1760 875 854 832 805 762 738 206 111 76 49 532 71 461 119 59 60 885 842 817 789 342 242 55 100 187 95 41 68 753
is_linear=0
shrinkage=0.05


Tree=175
num_leaves=31
num_cat=0
split_feature=277 168 131 121 277 285 168 325 152 174 278 156 223 294 151 290 313 118 313 231 215 238 238 246 90 258 299 242 189 231
split_gain=0.0111279 0.0134274 0.0246967 0.0302037 0.0238893 0.0262697 0.0253318 0.0228182 0.0392924 0.0255058 0.0260047 0.0258482 0.0222389 0.0312377 0.0252205 0.0222301 0.018479 0.047836 0.0280156 0.0222918 0.0384761 0.0265544 0.0349751 0.0263042 0.0251544 0.0229159 0.031906 0.0256906 0.0811811 0.0582283
threshold=-0.099371657706447042 -0.021660108899857543 0.022169731929941365 -0.0031924149321462402 -0.068408889679217585 0.041155023740896531 -0.011981689558439078 0.030708535216570527 -0.013270739728578795 0.0030466307394177092 -0.014735891086486682 -0.0029769910061216999 -0.0052903212972108251 0.0053355594269224394 0.0079329906492127521 0.027835717703640604 0.049010715315446214 -0.0015469435050615781 0.06072739870977123 -0.038969544895522325 -0.0059614391000767661 0.11985380098801525 0.066139454927842664 0.089497679825560769 -0.021253070147126421 0.014332092049258888 0.042776757596757552 0.040931334471989635 -0.011086964365148997 0.0027488684528053984
decision_type=2 2 2 2 2 2 2 2 2 2 2 2 2 2 2 2 2 2 2 2 2 2 2 2 2 2 2 2 2 2
left_child=-1 2 7 -4 -3 16 -7 9 -9 10 11 -2 13 -8 -14 -11 19 -18 -19 20 -6 22 23 25 -22 27 -27 -21 -29 -30
right_child=1 4 3 -5 5 6 12 8 -10 15 -12 -13 14 -15 -16 -17 17 18 -20 21 24 -23 -24 -25 -26 26 -28 28 29 -31
leaf_value=0.00098881536105182026 0.0010315055288152681 -0.0013177827471831972 0.00041678873196008593 -0.0018706600984269581 -0.0011134524470045497 -0.00106244805152528 0.0025704566976690497 -0.0021753370336955414 0.00064977759566318136 0.00055169212253232435 0.00064862903988866427 0.0035431167925707996 0.0008937016512438851 0.00041096906343762599 -0.0012998793902806939 -0.0012943171277930519 -0.0025683056134126942 -0.0011147116863867268 0.0012295078250754161 -0.00020875102670734442 0.0022560516085442426 -0.0017602360136806966 0.00098431977383049403 -0.001898608650133776 0.00050900918649858799 0.00034039774369115812 -0.0014869487257853438 0.0013413793399443175 -0.004160644299775848 -0.00079183945641050045
leaf_weight=28 21 38 31 27 28 20 33 20 32 73 65 20 38 34 20 21 27 26 25 518 28 25 68 22 78 294 26 22 23 29
leaf_count=28 21 38 31 27 28 20 33 20 32 73 65 20 38 34 20 21 27 26 25 518 28 25 68 22 78 294 26 22 23 29
internal_value=9.0412e-13 -1.59855e-05 0.000282182 -0.000648058 -8.09869e-05 -4.70286e-05 0.000589739 0.000496285 -0.000436805 0.000738889 0.00127061 0.00225668 0.000854089 0.0014746 0.000137294 0.000139286 -0.000121549 -0.000866526 3.44155e-05 -7.14993e-05 0.000535041 -0.000150639 -0.000110479 -0.000190186 0.000970492 -0.000148974 0.000191926 -0.000333245 -0.0012047 -0.00228189
internal_weight=1760 1732 310 58 1422 1384 145 252 52 200 106 41 125 67 58 94 1239 78 51 1161 134 1027 1002 934 106 912 320 592 74 52
internal_count=1760 1732 310 58 1422 1384 145 252 52 200 106 41 125 67 58 94 1239 78 51 1161 134 1027 1002 934 106 912 320 592 74 52
is_linear=0
shrinkage=0.05


Tree=176
num_leaves=31
num_cat=0
split_feature=318 241 189 123 276 1 209 241 288 303 144 205 309 222 128 141 67 224 317 4 330 309 315 302 82 280 261 265 157 297
split_gain=0.011139 0.0115132 0.0332256 0.0462781 0.0507285 0.0402315 0.0270576 0.0181483 0.0383298 0.0317529 0.0185035 0.0377857 0.0450308 0.024724 0.0207 0.0238444 0.0323515 0.0376769 0.0319881 0.0391651 0.0276556 0.0603594 0.0272846 0.0391701 0.0531159 0.0367883 0.0333242 0.0375633 0.0357134 0.042052
threshold=0.074625373629898142 -0.059047848074282906 -0.00023479587028926881 -0.00082081090746429798 0.024631326968658832 3.9415346756528771 0.42821548524898273 -0.048751173279552869 0.0055239149172805237 -0.00086780436958646138 0.043375220790168909 -0.0026789164972907732 -0.015080105466953925 0.0062542558569793393 -0.033583594939434358 -0.0014807638848176304 3.1132683346437333 0.01750178674719834 -0.00059692333080280059 2.0126758453675748 0.043337863215426223 0.0052860883194055354 0.035615139484227863 -0.034474733185712036 -0.059854661909876393 0.056577464615830984 0.032799968183216614 -0.031588340074387225 0.031520583159453122 -0.045711487975919139
decision_type=2 2 2 2 2 2 2 2 2 2 2 2 2 2 2 2 2 2 2 2 2 2 2 2 2 2 2 2 2 2
left_child=1 2 3 4 5 -1 -4 8 9 -3 14 12 -12 -13 -9 16 17 22 -19 -20 -17 -22 23 24 -16 26 27 -25 29 -29
right_child=-2 7 6 -5 -6 -7 -8 10 -10 -11 11 13 -14 -15 15 20 -18 18 19 -21 21 -23 -24 25 -26 -27 -28 28 -30 -31
leaf_value=-8.4962477194494576e-05 0.00095521165213237216 -0.0014282426192949061 0.00056298132289341908 -0.0020492781751306247 -0.0014462017029037945 0.0030864522221963854 0.0026127335277297313 0.00051791522455855359 -0.0027003283589147036 0.0013892417127499357 -1.0084391207150793e-05 0.00098147939218171435 -0.0029959276418334672 -0.001068395968953458 -0.003422297040233389 -0.00016703264708636318 -0.0017486781070363664 0.00030267890022348096 0.00079701523310645979 0.0034847908357219046 -0.0035271393659058962 -2.5640162675699685e-05 0.0011019480697611402 0.0010445281621524255 -4.8578113949458513e-05 0.0020029700005619344 0.0013600866054831488 -0.0024669953552074733 -0.0022292636406038785 -5.0270339180416268e-05
leaf_weight=20 30 20 69 27 23 20 21 184 20 20 23 38 28 24 20 561 21 71 33 23 20 32 52 46 28 23 36 20 27 180
leaf_count=20 30 20 69 27 23 20 21 184 20 20 23 38 28 24 20 561 21 71 33 23 20 32 52 46 28 23 36 20 27 180
internal_value=-5.05157e-13 -1.65644e-05 0.000361943 -0.000317371 0.000424875 0.00150074 0.00104126 -6.05201e-05 -0.00091311 -1.95005e-05 -2.61876e-05 -0.000641267 -0.00164937 0.000187979 2.42873e-05 -5.18464e-05 0.000177958 0.000250336 0.00100742 0.00190092 -0.00026928 -0.00137237 2.7769e-05 -0.000119224 -0.00145429 7.37983e-05 -6.9797e-05 -0.000258353 -0.000522373 -0.000291943
internal_weight=1760 1730 180 90 63 40 90 1550 60 40 1490 113 51 62 1377 1193 580 559 127 56 613 52 432 380 48 332 309 273 227 200
internal_count=1760 1730 180 90 63 40 90 1550 60 40 1490 113 51 62 1377 1193 580 559 127 56 613 52 432 380 48 332 309 273 227 200
is_linear=0
shrinkage=0.05


Tree=177
num_leaves=31
num_cat=0
split_feature=105 203 251 241 143 131 246 303 146 302 297 281 261 247 139 103 320 290 309 126 145 304 82 94 131 131 330 47 158 136
split_gain=0.0107539 0.0124528 0.0284008 0.0255541 0.0253486 0.0260015 0.0228812 0.0338956 0.039085 0.0686922 0.0467786 0.0328843 0.0342104 0.0295078 0.0480484 0.0260607 0.0287914 0.0440409 0.0547998 0.0595859 0.0246119 0.0244714 0.0297856 0.0228898 0.0215626 0.030352 0.0618852 0.0246501 0.0220238 0.0326401
threshold=-0.11925385278940968 7.4349562267278976e-05 -0.088273698259516073 0.11117757440868388 0.068125658455615176 -0.084070623987716517 0.028211114084993796 -0.010346221419446038 0.012850126119506439 0.016352773223756462 0.020626768016482857 0.040919801599206017 0.010593984117288719 0.014876006574772014 -0.0021034167655446562 0.023757638632225398 0.0097332239250045322 -0.026175560644496779 -0.0014532742770603415 0.0034012239473898147 -0.0012532028677147372 -0.019904654754214511 0.40041003078130288 -0.0041491906759698058 -0.045015640582231488 -0.029785101237275534 0.0031592020235858055 0.89587973461402759 -0.010836049189656825 -0.0072492822661581824
decision_type=2 2 2 2 2 2 2 2 2 2 2 2 2 2 2 2 2 2 2 2 2 2 2 2 2 2 2 2 2 2
left_child=-1 2 -2 4 5 -4 7 8 10 -10 13 15 -13 14 -7 16 -9 -18 19 -19 23 -8 -23 -17 -3 26 -26 28 29 -27
right_child=1 24 3 -5 -6 6 21 11 9 -11 -12 12 -14 -15 -16 20 17 18 -20 -21 -22 22 -24 -25 25 27 -28 -29 -30 -31
leaf_value=0.0008676766700643515 0.0016638368445759018 0.0012214127753395589 -0.001812145389461269 0.0014837918083437465 -0.0017495708341744764 -5.1680848330513326e-05 0.0014054526252688707 0.00032834406672166021 -0.0043240076509573552 -0.00045788331621292018 0.00076449910015000176 -0.0027795590919032251 -8.878123599397778e-05 0.00012688847338471659 -0.0030871094444592019 0.0027007708558812737 0.00093309276941030929 -0.0045705454575363548 -9.4327834085561344e-06 -0.00079968716599978509 -2.9371456993329857e-05 0.00039048810937593342 -0.0014295713362766297 0.0005964698710678412 -0.0028929979937674945 -0.00034988001782129474 0.00062510248553007848 0.0014337112137582154 -0.00011451405629815025 0.00088195256465525059
leaf_weight=35 21 42 24 22 27 22 42 145 20 27 51 21 27 29 32 24 29 20 40 22 45 114 28 28 25 81 25 35 497 160
leaf_count=35 21 42 24 22 27 22 42 145 20 27 51 21 27 29 32 24 29 20 40 22 45 114 28 28 25 81 25 35 497 160
internal_value=1.12699e-12 -1.7605e-05 -0.000152336 -0.000197795 -0.000243076 -0.000191588 -0.000140814 -0.000294467 -0.000862421 -0.00210304 -0.000427278 -3.81089e-05 -0.001266 -0.00115957 -0.00185045 0.000128856 -0.000135593 -0.000741636 -0.00133392 -0.00259533 0.000826783 0.000345199 3.16031e-05 0.00156769 0.000116347 5.99528e-05 -0.00113395 0.000137178 7.56892e-05 0.000467934
internal_weight=1760 1725 860 839 817 790 766 582 181 47 134 401 48 83 54 353 256 111 82 42 97 184 142 52 865 823 50 773 738 241
internal_count=1760 1725 860 839 817 790 766 582 181 47 134 401 48 83 54 353 256 111 82 42 97 184 142 52 865 823 50 773 738 241
is_linear=0
shrinkage=0.05


Tree=178
num_leaves=31
num_cat=0
split_feature=138 285 289 289 289 292 129 238 298 161 245 238 305 237 175 313 214 190 186 186 288 205 284 237 202 297 297 226 113 168
split_gain=0.0101237 0.0124372 0.0149368 0.0201404 0.0191675 0.0172356 0.0191538 0.0189718 0.0261447 0.0248396 0.0264911 0.043207 0.0217363 0.0214622 0.0508632 0.0344272 0.0279408 0.0245411 0.0240172 0.0372291 0.0335255 0.0372595 0.0342809 0.0304092 0.0296606 0.0289104 0.0415958 0.0311132 0.0331218 0.0305049
threshold=0.083908461590025837 0.10516341000535319 0.090615686794628933 0.067003592510880103 0.052216079199396859 -0.04698189076077141 0.031321199894036304 0.051469271914684075 0.074819620606316722 0.02784966942635065 0.038306590083056598 0.11985380098801525 0.069815968617197299 -0.056709558079191473 -0.010836738560641204 0.00044387232474383934 0.32946168348056742 -0.026890725344637659 -0.012494820091646245 -0.014321978201465737 -0.0032432813640738425 -0.0039797510635213237 0.010986544742918663 -0.036304353188908546 -0.0042718430374857263 -0.0093488027286692827 -0.0066449863814874123 -0.0045496740512841263 -0.023692523122400489 0.0048054192136876362
decision_type=2 2 2 2 2 2 2 2 2 2 2 2 2 2 2 2 2 2 2 2 2 2 2 2 2 2 2 2 2 2
left_child=1 2 3 4 5 6 -1 8 12 10 11 -9 13 14 -7 -16 17 -15 19 20 21 -19 -22 24 -20 -25 -27 29 -29 -28
right_child=-2 -3 -4 -5 -6 7 -8 9 -10 -11 -12 -13 -14 16 15 -17 -18 18 23 -21 22 -23 -24 25 -26 26 27 28 -30 -31
leaf_value=0.00073177814871102113 0.00084186620856468964 -0.0012566903888000525 0.001019716631853953 -0.001161890336324608 0.00088730208156186444 -0.0030705380435392727 -0.00087005627574399114 0.00019627147367592209 -0.0015659837173188863 0.0016998192278939919 0.0013532506761008076 -0.0023337546298716916 -0.0017525033571291716 0.00067990673403018058 -0.0012980011481515787 0.0013344489387236537 0.0016157948136096821 -0.0028684918477665635 -0.00050631909980438652 -0.0027069090076111027 0.0010927544411376347 -0.00035204879708257262 -0.00078727009088955442 -0.00058685219231634342 0.0015431179898918014 0.0020299059160886548 -9.0919288157224964e-06 -0.0019292884856469989 -0.00018503083867202837 0.0012589168302333243
leaf_weight=123 35 20 35 38 59 20 22 108 32 30 35 20 20 98 27 23 25 24 26 20 49 38 48 239 55 26 139 31 223 72
leaf_count=123 35 20 35 38 59 20 22 108 32 30 35 20 20 98 27 23 25 24 26 20 49 38 48 239 55 26 139 31 223 72
internal_value=9.17763e-13 -1.70813e-05 -2.54047e-06 -2.3965e-05 2.53079e-06 -3.06552e-05 0.000488741 -8.3395e-05 -0.00015544 0.00037762 0.00013427 -0.000199045 -0.000117919 -9.02849e-05 -0.000939492 -8.70741e-05 -3.68757e-05 -7.48506e-05 -0.000149564 -0.000673764 -0.000418023 -0.00132616 0.000162433 -3.3865e-05 0.000885274 -0.000135852 8.36781e-05 -2.51432e-05 -0.000397913 0.000423594
internal_weight=1760 1725 1705 1670 1632 1573 145 1428 1235 193 163 128 1203 1183 70 50 1113 1088 990 179 159 62 97 811 81 730 491 465 254 211
internal_count=1760 1725 1705 1670 1632 1573 145 1428 1235 193 163 128 1203 1183 70 50 1113 1088 990 179 159 62 97 811 81 730 491 465 254 211
is_linear=0
shrinkage=0.05


Tree=179
num_leaves=31
num_cat=0
split_feature=81 258 282 207 263 252 242 276 134 202 89 102 329 179 99 165 250 312 153 185 278 111 172 312 295 219 212 291 153 315
split_gain=0.00999653 0.0165256 0.0157502 0.0151845 0.0152948 0.0142276 0.0148365 0.016355 0.0152798 0.0419431 0.0365946 0.0502312 0.0434708 0.0239799 0.0208033 0.0201285 0.0419455 0.0408684 0.0498009 0.0695505 0.0272404 0.0265124 0.0255701 0.0254147 0.0245761 0.032709 0.031088 0.0300885 0.0465863 0.0282472
threshold=-0.28423783439989442 -0.038077693707610639 -0.023222743969243984 0.007152612721619777 0.01131404795453902 0.11205154342222676 -0.089584838475445253 -0.0033185504281108475 -0.020780110280937781 0.018732147067524147 0.019254570008277055 0.011995855575217509 -0.012788135035196295 0.023033301763015237 -0.12908759293870697 -0.0087130481966254895 -0.059336589690112407 0.033962633258927406 -0.0082159903315965569 0.0076441674510580974 -0.038712499636236984 -0.034040621052008502 -0.013789202188226672 -0.070545154237877605 0.013270767613286006 0.021923958829799948 0.0047602810674762163 -0.011610182892402841 0.011961804600841359 0.011596510441267997
decision_type=2 2 2 2 2 2 2 2 2 2 2 2 2 2 2 2 2 2 2 2 2 2 2 2 2 2 2 2 2 2
left_child=5 -2 -3 4 -4 6 7 -1 9 10 13 12 -12 -8 -10 16 -16 18 19 22 -20 -22 -18 -17 -25 27 -27 28 29 -26
right_child=1 2 3 -5 -6 -7 8 -9 14 -11 11 -13 -14 -15 15 23 17 -19 20 -21 21 -23 -24 24 25 26 -28 -29 -30 -31
leaf_value=-9.6427876565030607e-05 0.0016731485688415842 0.0011132379084093764 -6.9360364669693002e-05 0.0006368097635438769 -0.0016333740622609515 -0.0011004671038057085 -2.0734007935741862e-05 0.0014784733722027503 0.0015446551227465866 -0.0022313328763370272 0.0014892330110472228 -0.003102115412052213 -0.0015439455707867943 0.0016733847153373065 -0.0019520252077407871 -0.0016255356397596188 0.001404456287273206 -0.001788982861856258 0.0019171563059249561 -0.0031639108795207 -0.0013067691264344226 0.0004691540978014739 -0.00065569255635100339 -2.4030668668573674e-06 0.0016142492830113044 0.0031604170222722348 0.00078471822533174415 0.00073622358725295833 -0.0026143739087274298 -0.00097911200382874253
leaf_weight=32 21 35 54 45 22 31 127 34 22 28 21 22 27 25 35 20 20 34 28 25 24 169 61 559 21 21 40 116 20 21
leaf_count=32 21 35 54 45 22 31 127 34 22 28 21 22 27 25 35 20 20 34 28 25 24 169 61 559 21 21 40 116 20 21
internal_value=1.50077e-12 0.000356363 0.000179103 -9.11012e-05 -0.000522101 -3.9846e-05 -1.86609e-05 0.000714885 -5.1241e-05 -0.00040774 -0.000177738 -0.0011237 -0.00021693 0.000257904 2.08665e-05 -6.74747e-06 -0.000299362 -0.000139131 3.24131e-05 -0.000858546 0.000459751 0.000248314 -0.000147014 0.000134909 0.000179031 0.000603388 0.00160258 0.000260968 -0.000628219 0.000317569
internal_weight=1760 177 156 121 76 1583 1552 66 1486 250 222 70 48 152 1236 1214 396 361 327 106 221 193 81 818 798 239 61 178 62 42
internal_count=1760 177 156 121 76 1583 1552 66 1486 250 222 70 48 152 1236 1214 396 361 327 106 221 193 81 818 798 239 61 178 62 42
is_linear=0
shrinkage=0.05


Tree=180
num_leaves=31
num_cat=0
split_feature=260 246 202 259 125 312 136 279 2 298 103 206 298 197 294 303 98 166 277 175 231 88 181 205 273 158 238 144 263 219
split_gain=0.009859 0.0264475 0.0260788 0.0402933 0.0426991 0.0566798 0.0254974 0.037314 0.0310815 0.0291766 0.0475775 0.0293355 0.045072 0.0309702 0.0379523 0.0657575 0.0319269 0.0255405 0.0244551 0.0436848 0.0429722 0.0324243 0.0233302 0.0340774 0.0445905 0.0392729 0.041041 0.0400283 0.0387702 0.0283389
threshold=-0.0026108366975017773 0.089497679825560769 0.0181260397518925 -0.02326016579737359 -0.00074404343477325787 -0.0042490035460090629 0.011068283684088886 -0.045662327644706714 3.0677824455408698 0.036842505074333599 0.026702590436664921 0.033241304791776109 0.023232431404600566 0.027531566546224975 -0.010794192329929217 -0.0069298277164707156 0.0149612714288725 0.022579299309629559 -0.019605883995694354 -0.0062347127464793808 0.0042518780975244995 0.099169558577539244 -0.0086476383407851996 0.0038407036063693566 0.037564792314826366 -0.0080136673137926155 0.0030547774769690774 0.0071115122402875429 0.0026075617735782266 0.028477470668919064
decision_type=2 2 2 2 2 2 2 2 2 2 2 2 2 2 2 2 2 2 2 2 2 2 2 2 2 2 2 2 2 2
left_child=6 2 22 -4 5 -5 7 -1 17 11 -11 12 13 14 15 -9 -17 -8 -16 20 -20 -21 -2 24 25 26 27 -24 -26 -25
right_child=1 -3 3 4 -6 -7 8 9 -10 10 -12 -13 -14 -15 18 16 -18 -19 19 21 -22 -23 23 29 28 -27 -28 -29 -30 -31
leaf_value=0.001230787098816387 0.0004296237629300302 -0.0016219316391340858 0.00057967358139153068 -0.00066393366910883096 -0.00013885874923289521 -0.0039393993434496226 0.00013526125122728137 -0.0028142074898722868 0.0024090043781325224 -0.0026202359774227567 0.00052809397762757729 -0.001858572642297738 0.0017036681817545387 0.0014746805163600519 0.00087804429725600553 -0.00094480800708927415 0.0015232494536030572 0.001409282494192136 -0.0029783064834773541 0.00065897492374157693 8.9746504269918497e-05 -0.0013023094567297788 0.00043664615742500246 5.6840905017452314e-05 -0.0035815866718621695 -0.00064835202920888145 -0.00061232767288740256 0.0032880928950908129 -0.00046830203798890583 0.001505587290604274
leaf_weight=49 268 28 44 28 47 25 218 36 20 30 20 22 36 27 65 38 20 48 25 96 21 27 32 157 20 191 39 20 20 43
leaf_count=49 268 28 44 28 47 25 218 36 20 30 20 22 36 27 65 38 20 48 25 96 21 27 32 157 20 191 39 20 20 43
internal_value=-1.74042e-12 -0.000107781 -6.23894e-05 -0.000681221 -0.00123601 -0.00220896 0.000129932 -8.13025e-05 0.000508086 -0.000220163 -0.0013609 -8.20587e-05 1.78987e-05 -0.000153053 -0.000287043 -0.00113563 -9.37537e-05 0.00036516 5.38424e-05 -0.000263158 -0.00157767 0.000228449 5.04104e-05 -0.000144282 -0.000462668 -0.000241069 0.000613778 0.00153336 -0.00202494 0.000368321
internal_weight=1760 962 934 144 100 53 798 512 286 463 50 413 391 355 328 94 58 266 234 169 46 123 790 522 322 282 91 52 40 200
internal_count=1760 962 934 144 100 53 798 512 286 463 50 413 391 355 328 94 58 266 234 169 46 123 790 522 322 282 91 52 40 200
is_linear=0
shrinkage=0.05


Tree=181
num_leaves=31
num_cat=0
split_feature=2 52 246 0 269 269 214 283 315 288 248 248 112 331 107 200 179 277 326 261 108 275 307 328 288 10 149 10 101 148
split_gain=0.00990636 0.0177964 0.0271964 0.0135675 0.0148935 0.0346845 0.0416836 0.0410517 0.0242082 0.022529 0.0227178 0.0300997 0.0388012 0.0339862 0.0335245 0.0309154 0.0261062 0.0383709 0.0275317 0.0298688 0.0332649 0.0223652 0.0220374 0.0263549 0.0226516 0.0199816 0.0304136 0.0239068 0.0204255 0.0191945
threshold=6.0390628155997765 1.2424533248940004 0.0073063581082241725 11.049372965548891 -0.00078475786184641072 -0.0028747937598150391 -0.0012393544922190216 0.0015492900652561991 -0.075315592319236804 0.047854753437538651 -0.022946188831162739 -0.027964309705861525 0.012103595000492859 0.012665707621347631 -0.0093524882500835901 0.0047066484690447231 0.0057420503722974961 0.027398396597987356 0.0045451509156310714 0.013966984219507875 -0.0013909530206587791 0.0020814734600130406 0.0074581722149898531 -0.0056344136639400414 -0.0012864877560908304 0.035929432013769365 -0.030180392076754898 0.049822695035461002 0.015061130407327634 -0.018922807313797346
decision_type=2 2 2 2 2 2 2 2 2 2 2 2 2 2 2 2 2 2 2 2 2 2 2 2 2 2 2 2 2 2
left_child=1 3 -3 4 5 29 -7 -8 -6 10 11 12 13 15 -14 21 25 18 22 20 -20 -10 23 -18 -25 26 -12 -27 -28 -1
right_child=-2 2 -4 -5 8 6 7 -9 9 -11 16 -13 14 -15 -16 -17 17 -19 19 -21 -22 -23 -24 24 -26 27 28 -29 -30 -31
leaf_value=0.00039251480794297788 -0.00096874324909339738 -0.00015409068285953255 0.0022563334417182806 -0.0011925371751810114 -0.0014482692681865403 -0.0029603520218465153 -0.001694503008387983 0.0013446780993399444 0.0035234705454786313 0.0010412792558781804 -0.00076335272551659734 0.0019424346766968752 0.00044923760724486784 -0.00034298202556716961 -0.0024111061684033348 9.2599126510322101e-05 0.0010407347172149458 -0.0020925943940153136 -0.00064360431295426687 0.00061098822116036902 -0.0031410362303722649 0.001213245438306 0.0012057521276928615 -0.002227530657546595 9.7442294513298711e-05 -0.0017219878203745577 0.0006519664140333506 7.5688940968604817e-05 0.0022102349934777104 -0.00019452772495891652
leaf_weight=185 26 25 22 24 23 23 25 20 20 72 32 34 20 41 21 25 25 31 40 24 20 22 43 20 22 21 110 155 26 563
leaf_count=185 26 25 22 24 23 23 25 20 20 72 32 34 20 41 21 25 25 31 40 24 20 22 43 20 22 21 110 155 26 563
internal_value=2.04132e-12 1.45256e-05 0.000974193 -1.22109e-05 4.8233e-06 -0.000147624 -0.00122878 -0.000343756 0.000151691 0.00019635 0.000115452 0.000600043 0.000293725 0.000790866 -0.00101582 0.00148471 -4.04e-05 -0.000459168 -0.000198156 -0.000879776 -0.00147608 0.00231335 0.000322353 -0.000244605 -0.00100969 0.000233503 0.000623542 -0.000138807 0.000949871 -4.93367e-05
internal_weight=1760 1734 47 1687 1663 816 68 45 847 824 752 183 149 108 41 67 569 225 194 84 60 42 110 67 42 344 168 176 136 748
internal_count=1760 1734 47 1687 1663 816 68 45 847 824 752 183 149 108 41 67 569 225 194 84 60 42 110 67 42 344 168 176 136 748
is_linear=0
shrinkage=0.05


Tree=182
num_leaves=31
num_cat=0
split_feature=277 168 131 121 277 285 168 182 142 316 159 261 253 236 126 154 280 270 125 274 145 276 128 243 272 93 187 290 308 267
split_gain=0.00958247 0.0113871 0.0217152 0.0256366 0.020261 0.0217221 0.0208323 0.0201751 0.0231794 0.0296866 0.0429496 0.0194602 0.0189971 0.0149524 0.0415922 0.0353057 0.0233286 0.0213084 0.0204688 0.0417517 0.0382361 0.0530026 0.0634881 0.046996 0.0346533 0.035551 0.0418617 0.0581547 0.0305425 0.0304551
threshold=-0.099371657706447042 -0.021660108899857543 0.022169731929941365 -0.0016125653800308376 -0.068408889679217585 0.041155023740896531 -0.011981689558439078 -0.034916472286570598 0.041447068741938937 -0.020683729402812368 -0.00848558420902242 -0.011679656886489524 -0.017662756271704525 0.06483329422983071 0.01121010289060973 -0.00082304996881556343 0.05569761054137045 0.027327420261091525 -0.0034167347256339026 0.026923037422891986 0.001447241438891967 0.008544584716462935 0.010092849439039988 -0.013930129077590083 0.0071291597679222088 0.059241593045090538 -0.0095416721646309193 0.018344229142411326 -0.0010740426719660515 -0.02228305416115375
decision_type=2 2 2 2 2 2 2 2 2 2 2 2 2 2 2 2 2 2 2 2 2 2 2 2 2 2 2 2 2 2
left_child=-1 2 7 -4 -3 13 -7 -2 9 10 -9 -8 -13 16 15 -15 18 -18 19 20 24 23 -23 -22 25 26 -6 28 -28 -20
right_child=1 4 3 -5 5 6 11 8 -10 -11 -12 12 -14 14 -16 -17 17 -19 29 -21 21 22 -24 -25 -26 -27 27 -29 -30 -31
leaf_value=0.00091758726588782996 -0.00073400764332261811 -0.0012137018527805833 0.00033500725312478612 -0.0017787387181530134 -0.0030552201736348005 -0.00096267146494938066 0.0017959740526481149 0.0006530248993558103 -0.00049565334168284226 0.00047094282450771955 0.0036221337149895377 -0.00063613653959085543 0.0009006319119553006 -0.00042967619792761981 0.00032130411455000285 -0.0031710719426526974 0.00029576846688996741 0.0021655031344562305 -0.00063845290323507383 0.00067201422974064303 -0.0026071063719601151 -0.0042591916021102903 -0.00076501818481259634 7.6960789339540353e-05 0.00059700983828258562 0.00078881006581923432 -0.00093919659712507096 -0.0026496920837089421 0.0012814668900318793 0.00024226691751475464
leaf_weight=28 31 38 32 26 22 20 34 29 38 133 21 30 61 24 48 23 64 20 123 78 21 26 26 73 86 32 30 25 32 486
leaf_count=28 31 38 32 26 22 20 34 29 38 133 21 30 61 24 48 23 64 20 123 78 21 26 26 73 86 32 30 25 32 486
internal_value=-1.81622e-12 -1.4834e-05 0.000259748 -0.000612534 -7.46936e-05 -4.34203e-05 0.000535615 0.000460511 0.000628068 0.000861409 0.00190005 0.000775341 0.000394005 -0.000111185 -0.00071394 -0.00177121 -6.11307e-05 0.000740943 -0.000124691 -0.000380011 -0.000600005 -0.00123124 -0.0025121 -0.000522671 -0.000194015 -0.000676484 -0.00110666 -0.000613923 0.000206952 6.43875e-05
internal_weight=1760 1732 310 58 1422 1384 145 252 221 183 50 125 91 1239 95 47 1144 84 1060 451 373 146 52 94 227 141 109 87 62 609
internal_count=1760 1732 310 58 1422 1384 145 252 221 183 50 125 91 1239 95 47 1144 84 1060 451 373 146 52 94 227 141 109 87 62 609
is_linear=0
shrinkage=0.05


Tree=183
num_leaves=31
num_cat=0
split_feature=185 185 292 278 206 196 185 107 149 317 121 245 196 100 169 226 311 155 331 304 135 175 289 9 128 228 164 280 110 252
split_gain=0.00962408 0.0125576 0.0277321 0.0224614 0.0194883 0.0123559 0.0376119 0.0386208 0.0257202 0.0357172 0.0660443 0.0373774 0.0315374 0.0324181 0.0380661 0.030266 0.0385005 0.0446548 0.0605242 0.0297868 0.032793 0.0295184 0.0282032 0.0328909 0.0307617 0.027716 0.0331657 0.0268268 0.0266703 0.0241494
threshold=0.075952475439999834 0.034365849014241563 0.011167529609194432 0.010891809895951328 -0.017577889380655905 0.0018032964919314149 0.021432256338746018 0.0097909986923730534 -0.020878869393882483 0.013443624459945141 -0.0087168274078649761 0.028903267440074324 -0.0078863440281219405 -0.027999227894283524 -0.010568706967618085 0.0013784221819614967 0.0046293535331378101 -0.001955315308591121 -0.0032247764919172027 0.017941456811164335 0.011914649308244216 -0.0078001233966154453 0.0033778304852123005 0.012165891939345502 -0.0050190159289267107 -0.0043550105237064101 0.00076214635781093648 -0.027565600638704366 0.011672169819580072 -0.0058344712687551474
decision_type=2 2 2 2 2 2 2 2 2 2 2 2 2 2 2 2 2 2 2 2 2 2 2 2 2 2 2 2 2 2
left_child=1 5 4 -4 -3 6 8 -8 9 11 -11 19 22 29 -15 16 17 -16 -19 20 -1 -18 24 -24 25 -10 -27 -25 -17 -14
right_child=-2 2 3 -5 -6 -7 7 -9 12 10 -12 -13 13 14 15 28 21 18 -20 -21 -22 -23 23 27 -26 26 -28 -29 -30 -31
leaf_value=-0.00028119438328994201 -0.00099440300206576166 -0.0013635096097873018 0.0022735111021514364 0.00014143094775222596 0.00038423026607829498 0.00012797839450942559 -0.0024967935122814115 -0.00025519183076065259 0.00041778991439831299 -0.0039335045567713686 -0.00031249132871915425 0.0017572914960593069 -0.00021919660690190748 -0.0020351516848350934 0.00029211002772419967 0.0021420072182081642 -0.0011175114971410949 -0.00046584444702602924 -0.0042267272967602253 0.0011982128047384323 -0.0025024849717738109 0.0014168511886425593 -0.00084019840811379266 0.0027662315981265588 0.00056272943076910451 -0.0028294719550657371 -0.00017245699079163995 0.00092029280268535435 -0.00021517617540666836 0.0014036252098399351
leaf_weight=54 24 22 30 21 58 726 33 46 33 20 34 22 52 39 22 20 20 20 23 20 24 27 20 26 125 23 24 81 30 41
leaf_count=54 24 22 30 21 58 726 33 46 33 20 34 22 52 39 22 20 20 20 23 20 24 27 20 26 125 23 24 81 30 41
internal_value=-5.57272e-13 1.37475e-05 0.000484454 0.0013956 -9.63982e-05 -2.46716e-05 -0.000150751 -0.00119156 -4.79715e-05 -0.000585714 -0.00165361 -0.000105162 0.000101497 -0.000275633 -0.000632769 -0.000295158 -0.00075179 -0.00154008 -0.00247748 -0.000523264 -0.000964668 0.000338399 0.000435461 0.00102096 7.27387e-05 -0.000692872 -0.0014727 0.00136884 0.000727697 0.000496241
internal_weight=1760 1736 131 51 80 1605 879 79 800 174 54 120 626 294 201 162 112 65 43 98 78 47 332 127 205 80 47 107 50 93
internal_count=1760 1736 131 51 80 1605 879 79 800 174 54 120 626 294 201 162 112 65 43 98 78 47 332 127 205 80 47 107 50 93
is_linear=0
shrinkage=0.05


Tree=184
num_leaves=31
num_cat=0
split_feature=2 52 202 274 61 274 155 266 97 324 258 98 161 335 1 128 94 200 100 166 297 197 86 247 218 182 289 283 285 162
split_gain=0.00904709 0.0157261 0.024812 0.0118271 0.038301 0.0380367 0.0312553 0.0268132 0.0309878 0.0313791 0.0425726 0.083061 0.0366734 0.0306396 0.0317532 0.0298295 0.026714 0.0494196 0.0265468 0.0301122 0.0237647 0.0237157 0.0357549 0.0232992 0.0318202 0.0234971 0.0431144 0.0314347 0.0461017 0.0483559
threshold=6.0390628155997765 1.2424533248940004 0.0013714242114363005 0.00045451959706922519 3.795426061844291 -0.0011421400503674314 -0.00090470259046579167 0.0053880310576468514 -0.058875614910385128 0.00028715226669056654 -0.010654306150466602 0.0027280838791057895 -0.012029609150587673 -0.015555117006807678 4.2268071048866842 0.025813085660802097 -0.059536698904533149 0.018488692395547453 0.0069638350556256853 -0.00061880385248602743 -0.016967340471378996 0.020830925602452966 -0.065522959521201601 -0.026826442104268367 0.033361524366813569 0.00069186559144109765 0.0069185920042482193 -0.012078205759433433 -0.002855470541798829 -0.0025514373079089394
decision_type=2 2 2 2 2 2 2 2 2 2 2 2 2 2 2 2 2 2 2 2 2 2 2 2 2 2 2 2 2 2
left_child=1 3 -3 5 7 16 -7 8 -5 10 11 -10 -12 14 -11 21 17 18 -1 -20 -17 -9 -23 24 -18 26 27 -25 -29 -30
right_child=-2 2 -4 4 -6 6 -8 15 9 13 12 -13 -14 -15 -16 20 23 -19 19 -21 -22 22 -24 25 -26 -27 -28 28 29 -31
leaf_value=0.00051672748779170571 -0.00092577641346276967 0.0019936919659376147 -0.00030864430591464047 0.0009988379955384282 -0.0022069731811908159 0.00032081280974671246 0.0029373771422320887 0.00025180704642803296 -0.0039108154666610065 6.6210746299475429e-05 -0.0017240879287985283 -0.00043043318299169193 0.00017027747534567345 0.00026898916164166774 -0.0025080396224359943 -0.0017286616174025202 0.00034190027730684027 -0.0027561306381936779 0.00010350690942934969 -0.0021049097067965517 2.9459258876797102e-05 0.0031133053924713751 0.00050147558251506118 -5.5727230171344539e-05 0.0020266301092113173 0.00031441511460495049 0.00045087645090663702 2.5816484204759558e-05 -0.00086628137366157412 -0.0039508349380749106
leaf_weight=65 26 25 22 39 22 25 21 197 30 25 36 40 88 164 23 29 186 22 33 29 57 20 38 56 33 240 90 28 24 27
leaf_count=65 26 25 22 39 22 25 21 197 30 25 36 40 88 164 23 29 186 22 33 29 57 20 38 56 33 240 90 28 24 27
internal_value=1.40253e-12 1.38813e-05 0.000916003 -1.12519e-05 -0.000149335 0.000115678 0.00151533 -9.17419e-05 -0.000347383 -0.000476699 -0.000936209 -0.00192203 -0.0003797 -5.62048e-05 -0.00116728 0.000241866 3.83858e-05 -0.000568283 -0.000189286 -0.000929462 -0.000563395 0.000513444 0.00140211 0.00017054 0.000595764 -2.97261e-05 -0.00039681 -0.000961935 -0.00160431 -0.00249928
internal_weight=1760 1734 47 1687 808 879 46 786 445 406 194 70 124 212 48 341 833 149 127 62 86 255 58 684 219 465 225 135 79 51
internal_count=1760 1734 47 1687 808 879 46 786 445 406 194 70 124 212 48 341 833 149 127 62 86 255 58 684 219 465 225 135 79 51
is_linear=0
shrinkage=0.05


Tree=185
num_leaves=31
num_cat=0
split_feature=271 278 278 146 271 306 120 190 250 250 320 225 239 81 96 241 112 250 237 175 253 104 333 86 329 288 174 247 307 261
split_gain=0.00877421 0.0107358 0.0183818 0.0462383 0.0163337 0.0278768 0.0163959 0.0264738 0.0194263 0.0320658 0.0441291 0.0771158 0.0393058 0.0448223 0.0380871 0.0290816 0.025862 0.0222318 0.0364255 0.0345223 0.0350419 0.0349079 0.033566 0.0388576 0.0321102 0.0347514 0.0449229 0.0421887 0.0306487 0.033841
threshold=0.09001071590898814 -0.097628482071715664 -0.062533124101413776 0.011101588916507482 0.061788668432339607 0.014828411654657965 0.07760366641684692 0.0026517028377501329 -0.011684321805089585 -0.027893254459737508 0.023471106853290492 0.012757607296086758 0.0038827613894688246 -0.46101680512849258 -0.020406552004908447 0.07009862214690725 -0.068805260655080566 0.0043449345677365791 -0.0074210567785893715 0.0019780637485084661 -0.0027621000620797333 0.020112391323649254 -0.0050404436427865058 -0.11762880425954168 0.0052012516990007284 0.0029451696500374545 -0.003499447886370328 0.0080823659797207344 0.026256121400221797 0.018971342088161137
decision_type=2 2 2 2 2 2 2 2 2 2 2 2 2 2 2 2 2 2 2 2 2 2 2 2 2 2 2 2 2 2
left_child=1 -1 3 -3 6 -6 8 -8 9 15 12 -12 14 -14 -11 16 -4 24 19 20 21 -19 23 -20 25 27 -27 -10 29 -21
right_child=-2 2 4 -5 5 -7 7 -9 17 10 11 -13 13 -15 -16 -17 -18 18 22 28 -22 -23 -24 -25 -26 26 -28 -29 -30 -31
leaf_value=-0.0010053185610255848 0.00077256514082869724 0.0020160927398440737 -0.0017746098215043493 -0.00069304159301931836 -0.0016514187460789122 0.00048742555361241106 0.0018856751083713508 -0.00031154821940267889 -0.00048638189882998031 0.0017662911582738161 -0.00051526023303772998 -0.0043278347612136885 -0.0031392986087170854 -0.00036452026404223817 -0.00030915314521172107 0.0016922864087391646 4.2042173186330242e-05 0.0025256368380764294 -0.0030025299801491202 0.00064626778092995098 0.00018520182024117226 0.00027705865068128332 2.1186084378250813e-05 -0.00063871869250507925 -0.00013406756858999665 0.00058732203413253755 0.0031620537341950695 0.0016979576066036577 -0.0018215729605872187 -0.0015426941135007403
leaf_weight=27 36 36 21 28 39 25 29 26 60 30 36 21 22 43 84 25 292 45 20 76 89 28 215 133 123 36 32 35 25 23
leaf_count=27 36 36 21 28 39 25 29 26 60 30 36 21 22 43 84 25 292 45 20 76 89 28 215 133 123 36 32 35 25 23
internal_value=7.29094e-13 -1.61324e-05 -3.94073e-07 0.000830846 -3.29718e-05 -0.000815933 -1.03456e-06 0.000846988 -3.18412e-05 -0.000261039 -0.000708275 -0.00191989 -0.000322453 -0.00130368 0.000237016 5.12327e-05 -7.98418e-05 0.000108116 -5.26848e-05 0.000370592 0.000851199 0.00166317 -0.000381645 -0.000947714 0.00047582 0.000936042 0.00179896 0.000318375 -0.000257298 0.000137721
internal_weight=1760 1724 1697 64 1633 64 1569 55 1514 574 236 57 179 65 114 338 313 940 654 286 162 73 368 153 286 163 68 95 124 99
internal_count=1760 1724 1697 64 1633 64 1569 55 1514 574 236 57 179 65 114 338 313 940 654 286 162 73 368 153 286 163 68 95 124 99
is_linear=0
shrinkage=0.05


Tree=186
num_leaves=31
num_cat=0
split_feature=185 224 224 215 247 197 287 116 140 323 311 143 206 90 129 318 333 220 136 199 180 162 220 102 330 182 242 134 149 129
split_gain=0.00860339 0.0107781 0.026514 0.0368815 0.0287907 0.0291418 0.0439381 0.0615446 0.0631478 0.0501632 0.0255051 0.0240476 0.0611356 0.0252944 0.0246786 0.0324676 0.0376636 0.0368229 0.0246634 0.0250943 0.0238678 0.0457006 0.0349338 0.0300993 0.0375714 0.0235766 0.028674 0.0230817 0.0278806 0.0218535
threshold=0.075952475439999834 -0.0024253842386997202 -0.0013224790438279128 -0.0075544452683281556 0.018688260509485893 -0.00041206740189428978 -0.013551009967763424 0.012261747602324012 0.0024746124151084421 0.0082122835660160456 0.0043914864113672883 0.0098677324406063974 0.00045820752989601023 -0.00024443087258541372 0.0076885942924248456 -0.0091934237892516823 -0.0050404436427865058 -0.022648555285896089 -0.019960300047345083 -0.0016003706064132595 -0.0042169326410259412 -0.0013331814345642183 0.0053984161275634802 -0.0020076198622364931 0.00067735650423063473 0.0063926968475048265 -0.011145575908925119 -0.00019383625418685127 -0.0075316718737891116 0.017345695884468614
decision_type=2 2 2 2 2 2 2 2 2 2 2 2 2 2 2 2 2 2 2 2 2 2 2 2 2 2 2 2 2 2
left_child=1 29 3 -3 5 6 25 9 -9 10 -8 14 -13 -14 15 16 -7 -17 -19 -20 21 22 -6 -22 -25 26 -4 28 -16 -1
right_child=-2 2 4 -5 20 11 7 8 -10 -11 -12 12 13 -15 27 17 -18 18 19 -21 23 -23 -24 24 -26 -27 -28 -29 -30 -31
leaf_value=0.00033242938414486904 -0.00094019430234766339 0.00020048265730071327 -0.0013834070121447441 -0.002573864074191079 0.0031090635563305116 -0.002092795245056657 -0.00070124285489631209 -0.0006149564108524759 -0.003956283836234962 -0.0022125422873068602 0.00097300144786814874 -0.0025732630337837953 0.0014183608085239451 -0.00094679242960410198 0.0004570687793333222 0.0017486111096284157 0.00017068740868126042 0.0013857772445771844 0.00029662698613141072 -0.0017384755944866419 0.00058000128232092002 7.0303874888803623e-05 0.00065340993595392708 -0.0025037114776711427 8.3364954803578768e-05 0.0013276616150202851 0.00070190900707316098 3.6120110421396066e-05 0.0027089308498294226 -0.00023701982617155303
leaf_weight=530 24 23 32 25 30 34 45 26 31 30 46 28 26 20 27 38 40 20 33 28 76 78 28 23 36 33 34 41 28 247
leaf_count=530 24 23 32 25 30 34 45 26 31 30 46 28 26 20 27 38 40 20 33 28 76 78 28 23 36 33 34 41 28 247
internal_value=1.35913e-12 1.29981e-05 -9.91439e-05 -0.00124449 -3.87964e-05 -0.000221704 -0.000607939 -0.00107757 -0.00243217 -0.000439456 0.000145078 7.30265e-05 -0.000731214 0.000390033 0.000278957 -4.69088e-05 -0.000869291 0.000464489 -0.000137939 -0.000637518 0.000393162 0.00086067 0.00192358 -7.78084e-05 -0.000925156 0.000236452 -0.000309153 0.000934082 0.00160347 0.000151408
internal_weight=1760 1736 959 48 911 640 277 178 57 121 91 363 74 46 289 193 74 119 81 61 271 136 58 135 59 99 66 96 55 777
internal_count=1760 1736 959 48 911 640 277 178 57 121 91 363 74 46 289 193 74 119 81 61 271 136 58 135 59 99 66 96 55 777
is_linear=0
shrinkage=0.05


Tree=187
num_leaves=31
num_cat=0
split_feature=68 68 245 282 126 282 203 307 211 132 131 221 193 279 128 170 189 232 319 299 177 143 312 2 290 224 151 179 203 294
split_gain=0.00855133 0.0172497 0.0102526 0.0268927 0.0430961 0.0403796 0.043016 0.0338222 0.035025 0.0267605 0.0250256 0.041051 0.041108 0.0254812 0.0224335 0.0223515 0.0281251 0.035759 0.0190448 0.0188476 0.0196303 0.0165892 0.0164069 0.0254352 0.0287878 0.0382449 0.0482954 0.0418042 0.045315 0.0345495
threshold=1.2424533248940004 0.89587973461402759 0.0094873115727728847 -0.010845850349832894 -0.034639489887467796 -0.020515289668825307 0.00054508696748742662 -0.0082534392914216399 0.00078009710023331361 -0.013530454582209922 0.0055816309436109617 -0.0064343511072070614 -0.010847679696397891 -0.0036635976143525495 0.060703092920026548 -0.0018914061348990041 -0.0030423592242074041 -0.0050541245483349045 -0.012338871687803893 0.0087695931181588881 0.0027039807903882283 0.0054797343271626693 -0.0044079823145924497 5.6646815693700718 -0.00086608544197667536 -0.0032826789059134534 0.018207096113922787 -0.00088853149345651265 0.00072265342940720128 0.0056217912387142811
decision_type=2 2 2 2 2 2 2 2 2 2 2 2 2 2 2 2 2 2 2 2 2 2 2 2 2 2 2 2 2 2
left_child=1 2 14 4 -4 7 -7 8 -6 -9 11 12 -5 -14 22 16 -12 -18 -11 -13 -21 -17 -1 24 25 -24 27 -27 -29 -26
right_child=-2 -3 3 10 5 6 -8 9 -10 18 15 19 13 -15 -16 21 17 -19 -20 20 -22 -23 23 -25 29 26 -28 28 -30 -31
leaf_value=0.00019334723736813864 -0.00090005341514300282 0.0014378095821787915 0.0012615241465391593 0.0037050301465205849 -0.0020200377195474825 -0.0032452138272901724 -0.00059166597091548506 -0.00090856114114406725 0.00043032752687577162 0.0022038807226952332 0.00074422672235717382 0.00073273024028996394 -0.00025050712680571119 0.0020234102199797885 -0.0013452506923931652 5.2184933842020653e-05 -0.0025396451056520974 -5.0708787251008499e-05 0.00043522655355951022 -0.0016746322029835678 0.0005141413846286014 0.0012435141863534227 6.8744688142563919e-05 -0.0017189521920280876 0.00058874638213661133 0.00027511931192089709 -0.003051416066591628 -0.0032211355818435555 -0.00033882026725526277 -0.00047611684359144426
leaf_weight=397 26 21 40 20 35 24 42 24 25 23 27 73 22 28 35 87 27 31 45 21 20 44 137 27 195 58 26 25 30 125
leaf_count=397 26 21 40 20 35 24 42 24 25 23 27 73 22 28 35 87 27 31 45 21 20 44 137 27 195 58 26 25 30 125
internal_value=-1.64743e-13 1.34956e-05 -3.96533e-06 0.000150924 -0.000247086 -0.000523896 -0.00155659 -7.54878e-05 -0.000999052 0.000526837 0.000407641 0.00083614 0.00178921 0.00102289 -0.000100569 4.26224e-05 -0.000588803 -0.00120935 0.00103345 0.00025092 -0.000606938 0.000452326 -5.78596e-05 -0.000217938 -0.000149939 -0.000524112 -0.00110844 -0.000661381 -0.00164896 0.000172784
internal_weight=1760 1734 1713 658 258 218 66 152 60 92 400 184 70 50 1055 216 85 58 68 114 41 131 1020 623 596 276 139 113 55 320
internal_count=1760 1734 1713 658 258 218 66 152 60 92 400 184 70 50 1055 216 85 58 68 114 41 131 1020 623 596 276 139 113 55 320
is_linear=0
shrinkage=0.05


Tree=188
num_leaves=31
num_cat=0
split_feature=105 150 150 203 231 205 0 113 303 189 235 238 330 315 332 332 283 227 328 317 234 168 214 333 325 302 203 134 199 302
split_gain=0.00811593 0.00999147 0.0124751 0.0114812 0.0219564 0.0314828 0.0297662 0.0322541 0.0275541 0.047115 0.0265553 0.0227768 0.0210437 0.0261314 0.0428242 0.0313555 0.045352 0.0341761 0.0334738 0.0311832 0.0252234 0.0356204 0.0247199 0.0229717 0.0203018 0.019544 0.0182449 0.0185112 0.0298396 0.0451514
threshold=-0.11925385278940968 -0.074032440622108994 -0.062024943613309243 7.4349562267278976e-05 0.00046622296736634265 0.036180020330874287 6.8227382004647188 -0.036592602671238809 -0.0099858207574238331 0.0041692924262771271 0.059426496923229974 0.057652361415718056 -0.017641603876730968 -0.003666272984217111 0.0049922459626661119 0.0087274151750265944 -0.012848385706097724 0.0037405903110637856 0.0023977359604800286 -0.0071264014150519998 -0.0016794057320293947 0.0015593136523768096 -0.0078647662035593226 0.0047838917343255407 0.0066496316823708842 0.0031253550365705793 0.00054508696748742662 0.020891403595157104 -0.014443810460261159 0.021901523928158858
decision_type=2 2 2 2 2 2 2 2 2 2 2 2 2 2 2 2 2 2 2 2 2 2 2 2 2 2 2 2 2 2
left_child=-1 -2 -3 4 5 6 7 -4 9 24 11 -10 20 14 19 16 -15 18 -18 -14 21 -6 -17 -16 -9 -25 -5 -28 -29 -30
right_child=1 2 3 26 12 -7 -8 8 10 -11 -12 -13 13 15 23 22 17 -19 -20 -21 -22 -23 -24 25 -26 -27 27 28 29 -31
leaf_value=0.00075377786465521371 0.0009389886336133781 -0.0012133713605263358 0.0014414797845737279 0.0015704479489830278 0.00010407386374329992 -0.0023620601923903454 -0.0018022690959755454 0.00047110789058245469 -1.0224355179353716e-05 -0.0026808394072577357 -0.0016522205680799249 0.0017788486907375047 -0.002105614177099824 -0.00027981292580935745 0.0019765990855655849 -0.0013490767634581201 0.004287843193326678 0.00074958143266164428 0.001429661522852257 -0.00019890496966232045 0.00011970859291307676 -0.0025209698834389982 0.00071238853110337395 0.0011640995585670076 -0.0014205738762899749 -0.00099306099180553466 0.00018454398923342408 0.00086120722169818532 -0.0014420752343721689 0.00099228625930845751
leaf_weight=35 27 22 28 21 24 20 31 37 161 30 22 20 32 34 26 26 21 34 20 65 76 28 33 21 23 21 684 33 80 25
leaf_count=35 27 22 28 21 24 20 31 37 161 30 22 20 32 34 26 26 21 34 20 65 76 28 33 21 23 21 684 33 80 25
internal_value=-5.78281e-12 -1.5294e-05 -3.04682e-05 -1.49408e-05 -0.00014659 -0.000432353 -0.000322711 -0.000179825 -0.000334762 -0.00106297 -1.19113e-05 0.000187463 8.40049e-05 0.000293447 -0.000153485 0.000732398 0.00123495 0.00192165 0.00289361 -0.000827922 -0.000460871 -0.00130941 -0.000196054 0.000808579 -0.000254037 8.55193e-05 0.000115146 7.79672e-05 -0.000450283 -0.000862465
internal_weight=1760 1725 1698 1676 833 372 352 321 293 90 203 181 461 333 165 168 109 75 41 97 128 52 59 68 60 42 843 822 138 105
internal_count=1760 1725 1698 1676 833 372 352 321 293 90 203 181 461 333 165 168 109 75 41 97 128 52 59 68 60 42 843 822 138 105
is_linear=0
shrinkage=0.05


Tree=189
num_leaves=31
num_cat=0
split_feature=166 125 223 162 285 274 286 259 166 89 281 315 323 271 97 203 129 19 191 210 227 300 231 304 110 260 260 334 86 111
split_gain=0.00818546 0.0174468 0.0158152 0.0118493 0.0251638 0.0282798 0.042283 0.0895 0.0309369 0.0343796 0.0215907 0.0200348 0.0186153 0.0179697 0.0169387 0.018207 0.0158027 0.02617 0.0226075 0.0216847 0.0194413 0.0254232 0.0277139 0.020232 0.0240206 0.0198599 0.0182936 0.0289948 0.039239 0.0257498
threshold=0.047832927702365198 -0.026252159145570209 0.0024926568185056272 -0.015307550608202531 0.062168988624211906 -0.0267559165188298 0.019516874421424794 0.0031339596793471341 0.0055181138130491426 0.039751618001233828 -0.013453507340204887 0.018411046287416293 -0.029699400873222408 -0.0029831532298326322 -0.023153032135796368 0.01019405653823083 0.022783240645849013 6.8660714285714297 -0.022151388834812536 -0.64545231501659772 -0.064227743364032322 0.0028349422318962605 -0.0086350389032788504 0.011107359530589609 0.0086711478979998955 -0.0085704768967897835 -0.0019665264202940341 -0.0033434008640019319 -0.11832905610392348 0.040341856636932745
decision_type=2 2 2 2 2 2 2 2 2 2 2 2 2 2 2 2 2 2 2 2 2 2 2 2 2 2 2 2 2 2
left_child=3 -2 -3 4 5 10 8 -8 11 -10 13 12 -7 -1 -14 -16 19 -18 -19 -5 -20 23 -23 24 -22 -24 27 -21 -29 -28
right_child=1 2 -4 16 -6 6 7 -9 9 -11 -12 -13 14 -15 15 -17 17 18 20 26 21 22 25 -25 -26 -27 29 28 -30 -31
leaf_value=0.00042800442257430411 -0.00080422258364375339 0.0015020408878813332 7.8106180836374941e-05 -0.0014766436732315926 -0.0019464196885348344 -0.0011766005095705625 0.00019695604671998059 -0.0035841020622997192 -0.00024174309330798378 -0.0025153733111675019 -0.00014499285579204743 0.0014829765038060336 -0.00085454720310340442 0.002547540187434123 0.0012130413328392295 -0.00037716323212306536 0.00097186506706126044 -0.0018309499836155177 0.0011376649905948646 -2.1513874891858364e-05 0.00081990139272723663 -0.0025392295331888213 -0.0015242437696932551 -0.0010893108512832303 -0.00079887192114256331 0.00027394529247163414 -0.00012353799912935101 0.0024403870047535747 0.00054923194037428404 0.0011422016909240153
leaf_weight=20 22 39 39 20 21 25 34 29 60 23 41 30 23 20 54 27 38 26 22 189 75 24 28 33 33 34 463 32 192 44
leaf_count=20 22 39 39 20 21 25 34 29 60 23 41 30 23 20 54 27 38 26 22 189 75 24 28 33 33 34 463 32 192 44
internal_value=-6.28078e-12 0.000439328 0.000790074 -2.64656e-05 -0.000260857 -0.000169155 -0.000389705 -0.00154353 -8.93291e-05 -0.000871785 0.000661311 0.000319123 4.84591e-05 0.00148777 0.000342945 0.000682973 4.96695e-05 -0.000258047 -0.000427999 0.000152133 -0.000281506 -0.000419047 -0.00109658 -5.79735e-06 0.000325276 -0.00053814 0.000187541 0.000434573 0.000819397 -1.36908e-05
internal_weight=1760 100 78 1660 407 386 305 63 242 83 81 159 129 40 104 81 1253 313 275 940 249 227 86 141 108 62 920 413 224 507
internal_count=1760 100 78 1660 407 386 305 63 242 83 81 159 129 40 104 81 1253 313 275 940 249 227 86 141 108 62 920 413 224 507
is_linear=0
shrinkage=0.05


Tree=190
num_leaves=31
num_cat=0
split_feature=271 278 278 144 146 261 288 253 245 162 288 253 242 131 325 325 290 222 7 127 169 285 325 241 233 274 188 259 116 116
split_gain=0.00816278 0.00976256 0.0161382 0.0401975 0.0196723 0.0133535 0.0156859 0.0122616 0.0120905 0.0125138 0.0200562 0.0121354 0.0144319 0.015007 0.0123812 0.0346589 0.0585985 0.0281789 0.0487061 0.0327229 0.0373445 0.0277635 0.0258269 0.0252331 0.0321121 0.0300031 0.0194987 0.033511 0.0398108 0.0312304
threshold=0.094126448158275783 -0.097628482071715664 -0.062533124101413776 -0.0048887660348859883 0.007225177894907342 0.092459486919812831 0.10306606575297055 -0.091768477388480527 0.10980720600578377 -0.059136391275028684 -0.0042827326962354461 -0.075899851729860593 -0.098906267483283544 0.075274656101657192 -0.0012311161028990228 0.0020824909448522015 0.0045961047916188149 -0.002237400968557777 0.033816739004253631 -0.024351576153656584 -0.010262799188491547 0.00027522317117153393 -0.002728071372495517 -0.031319740159906212 0.0087124644280283051 -0.0038248766506711446 -0.017661647121730201 0.0052109717732872467 0.022615140786155927 0.023519871876705709
decision_type=2 2 2 2 2 2 2 2 2 2 2 2 2 2 2 2 2 2 2 2 2 2 2 2 2 2 2 2 2 2
left_child=1 -1 3 -3 -5 6 7 -4 9 10 -9 -11 -13 14 22 16 21 -17 -19 20 -20 -16 26 -21 -25 -26 27 28 -14 -28
right_child=-2 2 5 4 -6 -7 -8 8 -10 11 -12 12 13 -15 15 17 -18 18 19 23 -22 -23 -24 24 25 -27 29 -29 -30 -31
leaf_value=-0.00095748961612116554 0.00081770224417293015 -0.0009516914872537282 0.00089368553507435881 0.0028215332154650241 0.00065484894439578063 -0.001132393466670894 -0.0014027187619649339 -0.00034291673667515476 -0.0011532517716936444 -0.0011410298873670399 0.001582344431400059 0.0008544072830811777 -0.00060667403359264253 -0.0012263580973152647 -0.00097767654324656928 0.00035274502737139921 0.0027706362568096668 -0.0025419076527570094 -0.0027707658460080302 -0.0010358451513382487 -0.00021810962567350977 0.001348517118173692 -0.0015992146516509822 -0.00013605506375218587 0.0026445857467479075 0.0004637785229335904 -0.00018655228821808122 0.00014533809134884487 -0.0033276738825952635 0.00070293576957370003
leaf_weight=27 30 22 38 20 22 27 20 24 23 24 31 47 41 26 29 297 32 23 23 39 38 23 30 120 24 46 400 63 20 131
leaf_count=27 30 22 38 20 22 27 20 24 23 24 31 47 41 26 29 297 32 23 23 39 38 23 30 120 24 46 400 63 20 131
internal_value=-1.61177e-12 -1.41798e-05 7.75778e-07 0.00077969 0.0016866 -2.96394e-05 -1.1169e-05 6.31283e-06 -1.53861e-05 1.70788e-06 0.00074223 -2.58861e-05 -7.45399e-06 -3.62849e-05 -1.3847e-05 0.000134998 0.00108719 3.87692e-06 -0.000327158 -0.000151505 -0.00118059 5.12168e-05 -0.000164648 0.000122617 0.000360407 0.00121148 -9.89422e-05 -0.000663474 -0.00149881 3.28883e-05
internal_weight=1760 1730 1703 64 42 1639 1612 1592 1554 1531 55 1476 1452 1405 1379 694 84 610 313 290 61 52 685 229 190 70 655 124 61 531
internal_count=1760 1730 1703 64 42 1639 1612 1592 1554 1531 55 1476 1452 1405 1379 694 84 610 313 290 61 52 685 229 190 70 655 124 61 531
is_linear=0
shrinkage=0.05


Tree=191
num_leaves=31
num_cat=0
split_feature=277 277 246 150 150 229 142 227 127 289 100 145 233 299 198 242 304 304 299 111 96 116 218 96 93 257 249 156 97 298
split_gain=0.00812603 0.00949774 0.027582 0.0136907 0.0114812 0.0107104 0.0196686 0.0138842 0.0253886 0.052178 0.0183856 0.019961 0.0201008 0.0243766 0.0592217 0.0237392 0.0387202 0.0288952 0.0412487 0.0287658 0.0308001 0.0397268 0.0269266 0.0415457 0.0410912 0.0336073 0.0265459 0.0234721 0.0234481 0.031747
threshold=-0.099371657706447042 -0.071572081441804838 0.0096654280547088453 -0.074032440622108994 -0.062024943613309243 0.093565239565914129 0.0040632813992370039 0.029145529615572225 -0.027950765823429851 0.003565476134868979 0.10818216223808493 -0.022913324884881098 0.0018822440763734882 0.042207240742662404 1.0000000180025095e-35 0.026437453449910678 -0.019480610651774793 -0.0037008977134491698 0.0083918299053410295 -0.0026580202677540399 -0.0062232493855188037 -0.00049115502941807568 -0.018364774502004282 0.011345742092675533 0.00043915902183454047 -0.00016599550920135954 0.0019712758275114849 -0.0019782066330563141 0.0050417898842620035 -0.00083496283978379672
decision_type=2 2 2 2 2 2 2 2 2 2 2 2 2 2 2 2 2 2 2 2 2 2 2 2 2 2 2 2 2 2
left_child=-1 2 -2 -3 -5 7 -7 10 9 -9 11 -6 13 15 -15 19 -17 -18 -19 22 21 -21 23 -13 25 -24 28 -28 29 -26
right_child=1 3 -4 4 5 6 -8 8 -10 -11 -12 12 -14 14 -16 16 17 18 -20 20 -22 -23 24 -25 26 -27 27 -29 -30 -31
leaf_value=0.0008449825329340197 -0.0019105943765074093 0.0011676693975168748 0.00046244593837764118 -0.0011458156980965711 0.00052970720472816305 -0.00016783844056230603 0.0013934142743604943 -0.00012795442208049022 -0.00011742291468679507 -0.0033293996837528541 0.0010687982945074869 0.00079042330250123766 0.00020812925198181653 0.00015558965356571468 -0.003406763566890732 0.001064352011308074 -0.0029333916985540948 0.00047306746569590586 -0.0023980415621984077 -0.00028444149647839368 5.4463064164932662e-05 -0.0024633350052006009 0.00046015476497511076 -0.0021833829605990714 0.00026707260454397486 0.002891696182099016 -0.0016162372987795 0.00026577311372101255 -0.00014514647057359598 0.0029559708621707701
leaf_weight=28 24 25 25 22 163 43 38 35 281 20 43 23 402 28 20 20 22 29 22 52 130 35 27 24 23 30 30 37 38 21
leaf_count=28 24 25 25 22 163 43 38 35 281 20 43 23 402 28 20 20 22 29 22 52 130 35 27 24 23 30 30 37 38 21
internal_value=1.67925e-12 -1.36602e-05 -0.00069986 6.31825e-06 -1.11931e-05 4.06468e-06 0.000564601 -2.51337e-05 -0.000309709 -0.00129212 5.33055e-05 1.61744e-05 -6.64573e-05 -0.000247118 -0.00132872 -0.000154903 -0.000884791 -0.0014188 -0.00076545 -1.04785e-05 -0.000432846 -0.00116101 0.000351789 -0.000728116 0.000598175 0.00173991 0.000161403 -0.000576918 0.000764665 0.00155041
internal_weight=1760 1732 49 1683 1658 1636 81 1555 336 55 1219 1176 1013 611 48 563 93 73 51 470 217 87 253 47 206 57 149 67 82 44
internal_count=1760 1732 49 1683 1658 1636 81 1555 336 55 1219 1176 1013 611 48 563 93 73 51 470 217 87 253 47 206 57 149 67 82 44
is_linear=0
shrinkage=0.05


Tree=192
num_leaves=31
num_cat=0
split_feature=250 250 165 260 198 19 275 320 250 111 265 311 278 265 237 215 81 271 242 96 272 325 216 235 113 124 260 165 320 228
split_gain=0.00786049 0.0245492 0.03974 0.0315967 0.0468339 0.0658537 0.0266153 0.035434 0.0238491 0.0284837 0.0301078 0.0412452 0.0514786 0.0291762 0.0248072 0.0290436 0.0364011 0.0249954 0.0289556 0.0299686 0.026085 0.024513 0.0234183 0.0395734 0.0345357 0.0329159 0.0285985 0.0207608 0.0204708 0.0201611
threshold=-0.011684321805089585 -0.027893254459737508 0.037521621453065736 -0.0026108366975017773 0.00095912136006093263 9.7888888888888914 -0.032395717453743346 0.0055164346044058515 0.004660777149066265 0.0049738314925539739 -0.0063269381731059131 0.0046293535331378101 -0.0040910374624554971 0.0078407934396786377 -0.0074210567785893715 -0.0061454353070997522 -0.42835523236502276 -0.035204372338781646 0.038432653607206012 0.015668961357322177 -0.0031278973728497976 0.0095327716418904442 -0.010508607403922864 0.047258949388009827 0.00095750659363445204 -0.0042574344767384673 0.064594045091758825 0.013833358925097006 -0.010144711561139715 -0.02239379111144572
decision_type=2 2 2 2 2 2 2 2 2 2 2 2 2 2 2 2 2 2 2 2 2 2 2 2 2 2 2 2 2 2
left_child=1 6 3 27 5 -5 7 -1 9 10 11 12 -2 -12 15 16 -10 20 21 -20 -17 29 23 24 -16 -26 -24 -3 -18 -19
right_child=8 2 -4 4 -6 -7 -8 -9 14 -11 13 -13 -14 -15 22 17 28 18 19 -21 -22 -23 26 -25 25 -27 -28 -29 -30 -31
leaf_value=0.00030958358441460627 0.00096512917778454718 -1.5507496949054995e-05 -0.0024487013511437302 -0.0039516446582803675 0.00026981418796243484 -0.0007063170091930294 0.00028686743303035333 -0.0019096937734034978 -0.0020764174961816306 -9.5945074826886417e-05 0.0025848053617353022 0.001373700974282757 -0.0024695719746281007 0.00081674962547757411 0.00015523799677459084 0.0027773909969255328 -0.0010197494004387409 0.00011076087228440006 -0.0015332082651891852 0.00088075502440915449 0.00044419086165726183 -0.0001934042517164284 0.00010562265947711186 -0.0029103183612460273 3.445554611971602e-05 -0.0025842240638060806 -0.0018642384675331414 0.0017636650762869978 0.0006515823571289558 0.0017253919357558358
leaf_weight=37 20 91 24 22 55 54 348 35 26 140 35 36 24 70 76 23 28 29 36 20 25 51 234 20 20 30 20 20 53 58
leaf_count=37 20 91 24 22 55 54 348 35 26 140 35 36 24 70 76 23 28 29 36 20 25 51 234 20 20 30 20 20 53 58
internal_value=1.7931e-12 -0.000132214 -0.000508061 -0.000315601 -0.000841508 -0.00164575 0.000105822 -0.000769232 8.44498e-05 0.000442137 0.000849334 0.000118576 -0.000908344 0.0014061 -7.07548e-05 0.000237305 -0.000448654 0.000540601 0.000287839 -0.000671079 0.00156218 0.000676965 -0.000339537 -0.00084415 -0.000516187 -0.00153675 -4.94845e-05 0.000305064 7.3838e-05 0.00118718
internal_weight=1760 686 266 242 131 76 420 72 1074 325 185 80 44 105 749 349 107 242 194 56 48 138 400 146 126 50 254 111 81 87
internal_count=1760 686 266 242 131 76 420 72 1074 325 185 80 44 105 749 349 107 242 194 56 48 138 400 146 126 50 254 111 81 87
is_linear=0
shrinkage=0.05


Tree=193
num_leaves=31
num_cat=0
split_feature=105 271 263 262 197 166 257 10 204 201 94 85 250 329 81 137 228 116 269 169 333 188 329 329 243 173 308 144 82 89
split_gain=0.00743471 0.00907195 0.00947476 0.0110483 0.0383297 0.0127507 0.0142076 0.0119814 0.0268435 0.0166866 0.0338028 0.0254692 0.0209876 0.0194493 0.037542 0.0439412 0.0289591 0.0384019 0.0366505 0.0344628 0.0282921 0.0261853 0.0259135 0.03156 0.048219 0.018813 0.0171299 0.0170242 0.0184455 0.0181642
threshold=-0.11925385278940968 0.09001071590898814 0.12199685620953804 0.080458698753615901 -0.0030915315952082687 0.047832927702365198 0.0043907320918849116 0.043668954996186123 0.037028406033980533 0.011536535269600608 -0.059536698904533149 0.20714701671607169 0.042710393630562386 -0.0087657655805676686 -0.47567871043025556 0.0024047730230611604 -0.025269548191000076 0.025157436477574752 -0.0056461743142427684 1.0000000180025095e-35 -0.042224863451238333 -0.021752068869954819 -0.0046233514180249249 -0.0018378770486458362 -0.032323720466790058 -0.02043016657115046 0.021773578644844954 -0.0086110659668953236 -0.095744346553720286 -0.016161832203515022
decision_type=2 2 2 2 2 2 2 2 2 2 2 2 2 2 2 2 2 2 2 2 2 2 2 2 2 2 2 2 2 2
left_child=-1 2 3 5 -5 7 -7 9 -9 13 -11 12 25 14 15 -2 18 22 -15 -20 -16 -22 -18 -24 -25 -12 -23 28 -27 -29
right_child=1 -3 -4 4 -6 6 -8 8 -10 10 11 -13 -14 16 20 -17 17 -19 19 -21 21 26 23 24 -26 27 -28 29 -30 -31
leaf_value=0.00072144989769315417 0.00018613549526586817 0.0008329825150036824 0.0010007209811274979 0.00047400725525221788 -0.0022807297398052787 0.001094493237738229 -0.0001774240787582178 -0.00016075804304926938 -0.0019018843044962168 -0.0018192645466569958 0.0013716399335368936 -0.0016273917193757371 -0.0012967439224170945 -0.0023791326007253869 0.0015995429897006472 0.0028115363721393379 -0.0014167586454035094 0.0015570996413854037 -0.0015350257643781927 0.0010770585038699209 -0.0016201525056203537 -0.00015831085985793951 0.0018252848499175798 -0.0018542366933615995 0.00021201322815462238 -0.0017889629751499298 0.0011810391492872441 -0.0001990919780911173 0.00022112000035122035 0.0014416904101850496
leaf_weight=35 30 31 22 28 23 52 38 590 23 32 35 23 22 27 29 34 30 44 23 28 24 94 25 32 240 21 32 37 25 31
leaf_count=35 30 31 22 28 23 52 38 590 23 32 35 23 22 27 29 34 30 44 23 28 24 94 25 32 240 21 32 37 25 31
internal_value=-2.96106e-13 -1.46381e-05 -3.01495e-05 -4.37136e-05 -0.000768325 -2.09158e-05 0.000557461 -5.49158e-05 -0.000226086 5.93841e-05 -0.000313636 -6.52845e-05 0.000144823 0.000181208 0.000541528 0.00158088 -1.37977e-05 0.000170322 -0.000889545 -0.00010094 0.000169917 -0.000106478 -1.62784e-05 0.000125184 -3.1075e-05 0.000357672 0.000181842 4.63665e-05 -0.000696527 0.000548912
internal_weight=1760 1725 1694 1672 51 1621 90 1531 613 918 226 194 171 692 243 64 449 371 78 51 179 150 327 297 272 149 126 114 46 68
internal_count=1760 1725 1694 1672 51 1621 90 1531 613 918 226 194 171 692 243 64 449 371 78 51 179 150 327 297 272 149 126 114 46 68
is_linear=0
shrinkage=0.05


Tree=194
num_leaves=31
num_cat=0
split_feature=277 138 285 264 152 298 254 93 171 259 309 129 273 162 131 191 221 218 253 240 215 309 176 256 212 304 189 324 101 178
split_gain=0.00749715 0.00873487 0.0100697 0.0121458 0.0312117 0.0217178 0.0133513 0.0418941 0.0151085 0.0272806 0.0282122 0.0208649 0.0523589 0.0366048 0.0175896 0.01684 0.0302779 0.0262636 0.0232244 0.0219475 0.0198758 0.0172486 0.0178034 0.0172497 0.016634 0.0192238 0.019221 0.0291032 0.0371686 0.0241382
threshold=-0.099371657706447042 0.083908461590025837 0.099237017246112794 -0.054669161457209875 -0.017026401428810529 0.023690157084027396 0.078290367435630268 0.060658264758910001 0.011723221440275209 -0.065306269330683328 0.0044446857431145277 -0.045145482448733967 0.0032675217148817352 7.3940131624648952e-05 0.019062610051969898 -0.0019531562181424986 -0.0098393066823912224 0.0046140671142272782 0.0025858972239836122 0.025433258586828152 -0.056873406749874102 0.0011737375898576731 -0.011973087446390383 -0.0040434488037926338 -0.22506250218293561 0.018702767467794101 0.0014603881328360978 -0.0094956022902776514 -0.011663994882474637 0.018112341075626041
decision_type=2 2 2 2 2 2 2 2 2 2 2 2 2 2 2 2 2 2 2 2 2 2 2 2 2 2 2 2 2 2
left_child=-1 2 3 4 -2 -6 8 -8 9 10 -5 12 13 -11 -14 17 19 21 -19 -17 -18 22 -10 -23 -13 26 -26 28 -28 -29
right_child=1 -3 -4 6 5 -7 7 -9 15 11 -12 24 14 -15 -16 16 20 18 -20 -21 -22 23 -24 -25 25 -27 27 29 -30 -31
leaf_value=0.00081162720203532704 -0.00096936749405044948 0.00080529437982477256 -0.0010246007845853456 -0.0024537698766216639 0.00046199192303382529 0.0022049519439557726 -0.0019586142548536317 0.0007868857919068736 -0.0013649198351033745 -0.0035660758683834937 -0.00016176183487224427 0.0013968940574808845 0.0011025525577836026 -0.0006138836527021514 -0.00074900534945418658 0.0020286675555528039 -0.0010170147893199277 -0.0017213167016728759 0.00012911846162751319 0.00028274060476784753 0.00037372428060431656 -9.7766936675685906e-05 0.00029170321395874702 0.0016859817246520172 0.00010988683748915459 0.00042792539932887564 -0.0025359266362102065 0.00011127066438814672 -0.00047892780186625068 -0.0012817190740591017
leaf_weight=28 29 32 25 25 70 24 33 24 23 21 29 21 29 21 23 45 31 39 30 30 150 23 55 33 350 183 32 195 70 37
leaf_count=28 29 32 25 25 70 24 33 24 23 21 29 21 29 21 23 45 31 39 30 30 150 23 55 33 350 183 32 195 70 37
internal_value=-1.642e-13 -1.3121e-05 -2.85265e-05 -1.36597e-05 0.000464607 0.000907003 -5.15635e-05 -0.000802614 -2.29281e-05 -0.000128728 -0.00122288 -6.85613e-05 -0.000776939 -0.00208998 0.000283594 0.000215871 0.00048556 -0.000124229 -0.00091678 0.0013303 0.000135531 0.000283875 -0.000196788 0.000953371 6.42465e-06 -2.72545e-05 -0.000149035 -0.000420361 -0.00112426 -0.000110887
internal_weight=1760 1732 1700 1675 123 94 1552 57 1495 1036 54 982 94 42 52 459 256 203 69 75 181 134 78 56 888 867 684 334 102 232
internal_count=1760 1732 1700 1675 123 94 1552 57 1495 1036 54 982 94 42 52 459 256 203 69 75 181 134 78 56 888 867 684 334 102 232
is_linear=0
shrinkage=0.05


Tree=195
num_leaves=31
num_cat=0
split_feature=185 207 184 184 191 293 112 129 124 277 83 281 150 173 325 222 141 141 288 217 239 323 250 166 98 242 227 117 325 241
split_gain=0.00745798 0.0100839 0.00996273 0.0146375 0.0234362 0.0087833 0.0244149 0.0392807 0.0368067 0.0364524 0.0254436 0.0200976 0.0230696 0.0230127 0.0188139 0.0172529 0.0151101 0.0263109 0.026017 0.0329775 0.0287262 0.0239764 0.032147 0.037024 0.033111 0.033964 0.027464 0.0382089 0.0279181 0.0365782
threshold=0.075952475439999834 -0.064042546219028093 0.078158298959914996 0.044190905197075199 -0.017881582876144993 -0.013253067522158667 0.011280992754268067 0.017686966767126007 -0.011124560276400408 -0.0044019101985775825 -0.23308653307187946 0.0012293794703158412 -0.006022546958330802 -0.0033904400619355801 0.036779724042975005 -0.01803904678898335 -0.00067167217730410651 -0.0073026869100073664 0.0029451696500374545 -0.00071307192208907222 -0.00083531669695542958 0.0082122835660160456 0.038278497626955545 0.010379075799700569 -0.011352090639217624 0.013384554179048295 0.035635115964532761 0.026021755582042078 0.00096317994476986996 -0.00039778552604622161
decision_type=2 2 2 2 2 2 2 2 2 2 2 2 2 2 2 2 2 2 2 2 2 2 2 2 2 2 2 2 2 2
left_child=1 -1 3 5 -5 6 14 10 -9 -10 -8 12 -12 -13 15 -3 17 -7 20 -20 -19 22 23 26 -25 -26 28 -28 29 -18
right_child=-2 2 -4 4 -6 16 7 8 9 -11 11 13 -14 -15 -16 -17 21 18 19 -21 -22 -23 -24 24 25 -27 27 -29 -30 -31
leaf_value=0.0009366464530667772 -0.00087537367022984345 -0.00033033764856453573 -0.0011129966965381757 -0.00028539283899590371 0.0018208195787987541 -9.5773371659705296e-05 -0.0014129458807292394 0.00016182529789423854 -0.003448295973003437 -0.0007156692181104938 0.00022768137524298464 0.00078317297884495935 0.002354929351306055 -0.0010005546469156717 -0.00054277780919536863 0.00073653233248251139 0.00024174794750983784 0.0011752533801906819 0.0032176310184877364 0.0004123452558732507 -0.00079500487214268975 0.0001456280944314212 0.00049583842922059328 -0.003184540728107095 -7.8299460357003335e-05 -0.0026481456006877124 -0.00012905799097928178 -0.003117245001049014 0.00057480351041214401 -0.0019589587286048169
leaf_weight=29 24 45 20 25 28 423 20 33 23 26 26 40 25 33 44 240 41 37 20 22 37 201 61 25 36 20 23 20 78 35
leaf_count=29 24 45 20 25 28 423 20 33 23 26 26 40 25 33 44 240 41 37 20 22 37 201 61 25 36 20 23 20 78 35
internal_value=-2.74182e-12 1.21019e-05 -3.60503e-06 9.54721e-06 0.000827323 -1.6978e-05 0.000144658 -0.000255466 -0.001129 -0.00199833 0.000241963 0.000508884 0.00127045 -2.31696e-05 0.000419515 0.000568079 -0.000100118 8.71638e-05 0.000754254 0.0017482 0.000190124 -0.000287052 -0.000543597 -0.000771675 -0.00167155 -0.000996102 -0.000401677 -0.00151891 -8.97222e-05 -0.000771735
internal_weight=1760 1736 1707 1687 53 1634 555 226 82 49 144 124 51 73 329 285 1079 539 116 42 74 540 339 278 81 56 197 43 154 76
internal_count=1760 1736 1707 1687 53 1634 555 226 82 49 144 124 51 73 329 285 1079 539 116 42 74 540 339 278 81 56 197 43 154 76
is_linear=0
shrinkage=0.05


Tree=196
num_leaves=31
num_cat=0
split_feature=68 68 106 276 163 213 257 332 269 269 163 325 81 202 164 257 164 253 262 326 312 124 84 138 164 330 116 309 310 327
split_gain=0.00748815 0.0144279 0.00904158 0.0258605 0.0216589 0.0251259 0.0208007 0.0193409 0.0191649 0.0478538 0.0258111 0.0223192 0.0169138 0.0150559 0.0132009 0.0193289 0.0239739 0.0239583 0.0434781 0.0310815 0.0228875 0.0199402 0.0190924 0.0315944 0.0192595 0.0222771 0.0199259 0.0184911 0.0193302 0.0452199
threshold=1.2424533248940004 0.89587973461402759 0.032448953973298743 -0.03775538447154865 -0.015251854018592076 -0.0079296816233392371 0.0095647818816830162 -0.0026861584772400293 0.020848499493442089 0.0070610684457491479 0.0065366002488400103 -0.0040928050811596733 -0.43760539270193693 -0.0051367791640291715 -0.018453708358810796 0.020200419618131012 -0.01060817021447818 0.0043007532416674404 -0.04029601145081893 0.014780306906139731 -0.070545154237877605 0.067906977492846118 0.17639775392887974 -0.0094591850771685703 -0.026239625189789065 -0.014768283667911922 0.0065090397962559582 -0.049681803053340447 -0.022411660541025093 0.028650254758692397
decision_type=2 2 2 2 2 2 2 2 2 2 2 2 2 2 2 2 2 2 2 2 2 2 2 2 2 2 2 2 2 2
left_child=1 2 14 -4 5 -5 8 -8 9 10 11 -6 -12 -7 22 20 -17 18 -18 -19 -16 27 24 -24 -1 -26 -27 -22 29 -29
right_child=-2 -3 3 4 6 13 7 -9 -10 -11 12 -13 -14 -15 15 16 17 19 -20 -21 21 -23 23 -25 25 26 -28 28 -30 -31
leaf_value=0.00014780217575922655 -0.000842245986747842 0.0013152445696981714 0.0013691063077922716 -0.0020100559515412899 -0.00018713095982093365 -0.0010604217590298505 0.00030094983239905562 -0.0014341116567360085 -0.0004439102510946828 0.002571350207454675 -0.001557750046486035 0.0019178658405401034 0.00023863044934842038 0.00064986454916276767 -0.0019334255106514321 -0.0011705578801748172 -0.0021910426919203021 0.00036505567176621967 0.00035064733166572694 0.0022397325233076558 0.00069463745556796704 -0.0017794317667721772 -0.0021780667593702674 0.00027710644496293846 1.3574352935672953e-05 0.00080880546121902402 0.0030139970756135883 -0.00040343205013463425 -0.00012570993177576708 -0.0029862519283778968
leaf_weight=159 26 21 43 24 20 22 36 29 37 31 20 34 38 31 20 27 20 67 106 33 56 20 20 38 26 21 20 111 584 20
leaf_count=159 26 21 43 24 20 22 36 29 37 31 20 34 38 31 20 27 20 67 106 33 56 20 20 38 26 21 20 111 584 20
internal_value=2.36737e-12 1.26288e-05 -3.34018e-06 0.000217416 6.36183e-05 -0.000667855 0.00029351 -0.000473155 0.000570361 0.000832795 0.000351587 0.00113824 -0.000380811 -6.00656e-05 -6.31145e-05 -0.000143952 0.000237599 0.00040583 -5.27955e-05 0.000983699 -0.000262982 -0.000220745 0.000239743 -0.000569505 0.000447426 0.00115847 0.00188451 -0.000180312 -0.00024884 -0.000797756
internal_weight=1760 1734 1713 365 322 77 245 65 180 143 112 54 58 53 1348 1064 253 226 126 100 811 791 284 58 226 67 41 771 715 131
internal_count=1760 1734 1713 365 322 77 245 65 180 143 112 54 58 53 1348 1064 253 226 126 100 811 791 284 58 226 67 41 771 715 131
is_linear=0
shrinkage=0.05


Tree=197
num_leaves=31
num_cat=0
split_feature=240 197 241 172 319 277 272 218 97 229 220 132 304 185 300 164 325 166 96 194 323 323 186 334 334 273 123 326 269 321
split_gain=0.00722803 0.0264638 0.028856 0.0189243 0.0347471 0.0189638 0.0307643 0.0212162 0.0270337 0.0181975 0.0181029 0.0180127 0.0147858 0.0153391 0.0146229 0.0143063 0.0173345 0.0226225 0.0222107 0.0185706 0.0172954 0.0363417 0.0345163 0.0477921 0.0410623 0.0351203 0.0396921 0.0300333 0.0219168 0.0282568
threshold=0.02025903731717173 -0.0066436603408973017 -0.068369249566180804 0.018702439802780007 1.0000000180025095e-35 0.033206914326726157 0.01870904732157452 0.024933854367849305 0.007637822115986616 0.030944648729957135 -0.17902751807061199 0.020766969360762964 -0.0040039423740023811 0.0061833341541814822 0.0020009408107015251 -0.020020718898762408 0.037980052514687813 0.017841054131540118 0.0054000788205335387 0.063328897718364377 -0.0059704673481577554 0.011026754860218943 -0.006663147360929325 -0.0028188861130810827 -0.0016300177972338409 0.0057313868358798113 -0.0085091091794933533 0.00055124958441061785 0.010988620996035434 0.0096439222996239585
decision_type=2 2 2 2 2 2 2 2 2 2 2 2 2 2 2 2 2 2 2 2 2 2 2 2 2 2 2 2 2 2
left_child=10 2 -2 5 -5 7 -7 9 -9 -3 -1 12 -4 -14 -11 -12 19 18 -18 20 -17 22 23 -22 27 26 -26 -24 29 -23
right_child=1 3 11 4 -6 6 -8 8 -10 14 15 -13 13 -15 -16 16 17 -19 -20 -21 21 28 24 -25 25 -27 -28 -29 -30 -31
leaf_value=-0.0015166334697001038 0.002316963517461607 0.00017722503337103666 0.00015839808901685088 -0.0026369261927902698 0.0002426420206161724 -0.0020182722158586749 0.00052220808892426164 -0.0018164819864371869 0.00067253871762659409 0.0023284633998462761 0.00029517967865124925 -0.00038415975868701937 0.0019355398874419433 0.00035899004605771217 0.00048387565523929271 0.00023384358584659914 -0.001085278222878539 -0.0019260535687047602 0.00072908379808077665 -0.0014892494380050764 -0.0029621742716037926 0.00030328555010030334 0.0015545693538124047 -0.00027122088140458801 -0.00054770283229453002 0.00027678226730418637 -0.0029806018457747998 -0.00035111919847126546 0.0010290705225000443 -0.0010751293513458222
leaf_weight=21 22 90 59 20 22 26 22 24 20 22 259 52 36 27 21 386 37 29 31 22 33 145 39 33 38 38 30 44 62 50
leaf_count=21 22 90 59 20 22 26 22 24 20 22 259 52 36 27 21 386 37 29 31 22 33 145 39 33 38 38 30 44 62 50
internal_value=9.83514e-13 0.000169591 0.000610788 -0.000154284 -0.00112858 2.75846e-05 -0.000853885 0.000266627 -0.000685109 0.000581487 -6.05402e-05 0.000395065 0.000727194 0.00125988 0.00142762 -3.65763e-05 -0.000121065 -0.000756796 -0.000258143 -5.40366e-05 -1.88755e-05 -0.000209402 -0.000632298 -0.0016167 -0.00028854 -0.000940689 -0.00162104 0.000544325 0.000210204 -5.01542e-05
internal_weight=1760 463 196 267 42 225 48 177 44 133 1297 174 122 63 43 1276 1017 97 68 920 898 512 255 66 189 106 68 83 257 195
internal_count=1760 463 196 267 42 225 48 177 44 133 1297 174 122 63 43 1276 1017 97 68 920 898 512 255 66 189 106 68 83 257 195
is_linear=0
shrinkage=0.05


Tree=198
num_leaves=31
num_cat=0
split_feature=203 251 131 135 131 47 214 231 309 309 259 0 276 141 189 109 176 162 7 156 188 330 90 310 186 227 244 164 176 144
split_gain=0.00682622 0.0166259 0.0156823 0.0205749 0.0196789 0.0224436 0.0154309 0.0164978 0.0259083 0.0432632 0.0302462 0.0261912 0.0229508 0.0334676 0.0407218 0.024029 0.0221686 0.0204491 0.0184321 0.0283941 0.0170982 0.0214612 0.0306802 0.0234555 0.0210851 0.0168591 0.0149202 0.0147785 0.0153129 0.0184322
threshold=7.4349562267278976e-05 -0.088273698259516073 -0.045015640582231488 0.070217847894157928 -0.036780404123901225 0.89587973461402759 -0.088274729930447202 0.00046622296736634265 -0.036171614722600727 -0.049681803053340447 0.022822151387860735 6.8227382004647188 -0.012373207479672455 -0.0044421187295943633 0.0014603881328360978 -0.028580134400704567 0.0067542448005177592 0.0041068119564746748 0.032608936443587873 0.049429142142101139 -0.0025844553747542283 -0.00016836163410628515 0.001815250083968207 0.023263727554576275 -0.0030862375813112378 -0.00035971700477349953 0.0024552698457425072 -0.011790187108738271 0.00026268310496587008 -0.0013925406884757396
decision_type=2 2 2 2 2 2 2 2 2 2 2 2 2 2 2 2 2 2 2 2 2 2 2 2 2 2 2 2 2 2
left_child=1 -1 26 4 -4 -6 -3 8 9 -8 11 12 15 -14 17 -10 -12 -15 -9 20 21 22 24 25 -20 -23 -2 -22 29 -29
right_child=2 6 3 -5 5 -7 7 18 10 -11 16 -13 13 14 -16 -17 -18 -19 19 -21 27 23 -24 -25 -26 -27 -28 28 -30 -31
leaf_value=0.0012908487763654973 0.00016077807563503842 0.0011443275705222851 -0.0012090408193346646 -0.00136259159212932 8.1502326245399287e-05 0.0013594300054238476 -9.0273074089997898e-05 0.001443733873946423 -0.0011180003968310421 -0.0030078813501556098 0.001289559918408718 -0.0021348682343554888 0.00018589155224617572 -0.0015194767850714372 -0.0028102184811359624 0.0007662730066840596 -0.0004011849763408078 0.00061277470905968755 -0.0029866124781983677 -0.0016419663528302827 0.0010603931713756704 0.0013806950389775204 0.00011426628320250753 -0.0012058024546025661 -0.00080850823083892468 -0.00016408818249174421 0.0020280733809340747 -0.0010239118955644739 0.00064182617735483131 0.0003440034889312953
leaf_weight=21 23 23 28 25 753 36 27 22 23 24 47 23 53 23 32 64 33 22 20 26 55 38 41 22 25 33 20 46 79 53
leaf_count=21 23 23 28 25 753 36 27 22 23 24 47 23 53 23 32 64 33 22 20 26 55 38 41 22 25 33 20 46 79 53
internal_value=-1.6681e-13 -9.9031e-05 9.7912e-05 5.03477e-05 9.35833e-05 0.000139811 -0.000133208 -0.000168567 -0.000416637 -0.00146327 -0.000249831 -0.000530484 -0.000360434 -0.00078109 -0.00144667 0.000268132 0.000592128 -0.000477043 3.15064e-05 -3.94274e-05 6.17037e-05 -0.000305789 -0.000875117 0.000220687 -0.00177655 0.000662697 0.00102929 0.000344026 0.000122677 -0.000291594
internal_weight=1760 875 885 842 817 789 854 831 371 51 320 240 217 130 77 87 80 45 460 438 412 179 86 93 45 71 43 233 178 99
internal_count=1760 875 885 842 817 789 854 831 371 51 320 240 217 130 77 87 80 45 460 438 412 179 86 93 45 71 43 233 178 99
is_linear=0
shrinkage=0.05


Tree=199
num_leaves=31
num_cat=0
split_feature=120 129 295 295 229 140 164 130 263 89 278 320 246 208 166 277 320 203 101 11 253 95 157 327 165 207 238 150 137 275
split_gain=0.00685023 0.0152737 0.0172376 0.029677 0.0196149 0.0143466 0.0194249 0.0218724 0.013251 0.0130324 0.0120247 0.0118847 0.0209572 0.0345731 0.0222823 0.0319372 0.0197829 0.0223758 0.0196747 0.0279839 0.0243526 0.0273195 0.0187355 0.0171086 0.0146925 0.018603 0.0239361 0.0420502 0.0369224 0.0377132
threshold=-0.023840488902964946 0.060443498240054926 0.02233560599950998 0.029074856302273622 0.051726854586670208 0.0067534037775852382 0.0023313361477649208 -0.00747242985852321 0.00902657414154227 -0.018221368251289151 -0.0064405028369054727 0.023471106853290492 -0.027992768747211894 0.0021016007331791354 0.0028077324944823906 -0.003152993726518494 0.018790647122590605 0.0086899792898140222 -0.0080563679107403408 2.6154120767033868 -0.0063311794831955349 1.0000000180025095e-35 -0.00033820292592313391 0.060941810534195 0.027473600207517851 -0.0014058955585525528 0.0030547774769690774 0.0084656590371895175 0.0014354630927443095 -0.0021343397560843673
decision_type=2 2 2 2 2 2 2 2 2 2 2 2 2 2 2 2 2 2 2 2 2 2 2 2 2 2 2 2 2 2
left_child=1 2 4 -4 5 6 -1 -8 9 -5 -7 16 13 -13 18 -16 23 -18 19 -14 -20 -22 -17 24 25 -2 -27 28 29 -28
right_child=11 -3 3 8 -6 10 7 -9 -10 -11 -12 12 14 -15 15 22 17 -19 20 -21 21 -23 -24 -25 -26 26 27 -29 -30 -31
leaf_value=0.00027844301712534885 -0.00041645224921806339 0.0011607939804283282 -0.0019608429992804305 -0.00013160259022697575 0.0016599282746028621 0.0013018355672676607 5.9485595272690261e-05 -0.0020118308253586291 -0.00079899876977833633 0.0014954227099951822 0.00021716773719676077 -0.0028845570929115641 0.0023892677695998414 -4.2095678129597854e-05 -0.0021522639882147945 0.00044052556945446317 0.0018215990318323399 -0.00032350549998227512 0.0012063874265136705 -3.3693791976055277e-05 -0.001905886574806775 0.0002864195147897893 -0.0012599988046567889 0.0009982814638463493 0.00042989199882583764 0.00032364635479033315 -0.0036759304147562944 0.0005481805726446164 -0.00012937186453328061 -0.0009243478003719991
leaf_weight=85 362 36 25 32 24 38 26 25 32 20 78 20 22 23 28 46 31 20 22 26 27 30 25 39 128 309 20 71 57 33
leaf_count=85 362 36 25 32 24 38 26 25 32 20 78 20 22 23 28 46 31 20 22 26 27 30 25 39 128 309 20 71 57 33
internal_value=3.13814e-13 0.00017592 8.38279e-05 -0.000448549 0.000294078 0.000163997 -0.000184423 -0.000955866 1.53822e-06 0.000494176 0.00057249 -5.53117e-05 -0.000352403 -0.00136417 -0.000159899 -0.000722214 1.93777e-05 0.000980382 0.000278441 0.00107683 -0.000206656 -0.000752041 -0.000158251 -2.87196e-05 -6.95901e-05 -0.00014463 5.61862e-05 -0.000400417 -0.00101269 -0.00196268
internal_weight=1760 421 385 109 276 252 136 51 84 52 116 1339 269 43 226 99 1070 51 127 48 79 57 71 1019 980 852 490 181 110 53
internal_count=1760 421 385 109 276 252 136 51 84 52 116 1339 269 43 226 99 1070 51 127 48 79 57 71 1019 980 852 490 181 110 53
is_linear=0
shrinkage=0.05


Tree=200
num_leaves=31
num_cat=0
split_feature=306 201 251 133 272 286 183 199 255 147 183 167 165 183 269 323 271 252 155 89 331 323 166 208 306 236 190 299 274 115
split_gain=0.00689109 0.0164711 0.0234237 0.018401 0.0146812 0.0131487 0.0121845 0.0172819 0.0178891 0.0204175 0.0167011 0.035583 0.0256772 0.0181381 0.0159038 0.0155425 0.0139225 0.0131054 0.0147089 0.0228346 0.0451796 0.0362994 0.0210766 0.021099 0.0315973 0.0474915 0.041654 0.038126 0.0340365 0.0306101
threshold=0.049113879344542553 -0.0033981277667938826 0.0083661740080399651 0.026897811264835352 -0.00035000434368665065 0.018555732478798766 -0.03194562977349498 0.021218526110209131 -0.014377118644158632 -0.024562671424376768 -0.025020697403297966 -0.013750656232823901 -0.0041322144876400364 -0.018740100747354629 0.0015667017816409319 -0.030669697572498295 0.09001071590898814 -0.097017381340717176 0.018031497667122847 0.0059394152000713622 -0.0020169231434794079 -0.0025746200070682333 -0.019517799051883885 -0.0076048664842550432 -0.013759309039723703 0.036385243090436836 0.0029977713958477792 -0.0049051388147601785 -0.015036236540873027 -0.034734158846991783
decision_type=2 2 2 2 2 2 2 2 2 2 2 2 2 2 2 2 2 2 2 2 2 2 2 2 2 2 2 2 2 2
left_child=6 3 5 4 -2 -3 7 8 -1 -10 11 -8 -13 15 -11 -12 17 -15 22 -20 -21 -22 -19 24 26 29 28 -28 -24 -26
right_child=1 2 -4 -5 -6 -7 10 -9 9 14 13 12 -14 16 -16 -17 -18 18 19 20 21 -23 23 -25 25 -27 27 -29 -30 -31
leaf_value=0.00095262478837578729 0.0025350149709265682 -2.805544129593975e-05 -0.0011724408761823945 -0.00028439907182473693 0.00064215847572389375 0.001492605695862689 0.0007492483582940291 0.0013483176533352688 -0.0016709643134769675 0.00090195658285665561 -0.00050181478523882107 -0.0030255576490890237 -0.00052226756820129513 -0.001263667771127075 -0.00072975187587352209 0.0011145852237201199 0.0011622975866140968 0.00049922449937452984 -6.1655044044798955e-05 8.4495161602872709e-05 -0.00088064823066815736 -0.0037932100507896398 -0.0001222881971233829 4.2971272071852629e-05 -0.0017528031890538546 -0.0031607841581386639 -0.002578516128633055 0.00022156164125208897 0.002461581926327199 4.3783150392824392e-05
leaf_weight=41 20 44 33 20 21 21 22 36 21 32 20 20 21 24 28 58 22 173 141 41 23 20 26 631 37 22 20 31 25 66
leaf_count=41 20 44 33 20 21 21 22 36 21 32 20 20 21 24 28 58 22 173 141 41 23 20 26 631 37 22 20 31 25 66
internal_value=-4.35214e-13 0.000313946 -8.75538e-05 0.000958978 0.0015655 0.000463235 -3.11789e-05 0.000385673 0.000101614 -0.000329144 -7.68217e-05 -0.000872941 -0.00174338 -4.04771e-05 0.000140493 0.000700124 -8.48449e-05 -0.00010628 -8.41645e-05 -0.000450436 -0.00110303 -0.00223533 -4.23126e-06 -0.000105744 -0.000519133 -0.00105201 0.000133903 -0.000876508 0.00114431 -0.000601593
internal_weight=1760 159 98 61 41 65 1601 158 122 81 1443 63 41 1380 60 78 1302 1280 1256 225 84 43 1031 858 227 125 102 51 51 103
internal_count=1760 159 98 61 41 65 1601 158 122 81 1443 63 41 1380 60 78 1302 1280 1256 225 84 43 1031 858 227 125 102 51 51 103
is_linear=0
shrinkage=0.05


Tree=201
num_leaves=31
num_cat=0
split_feature=322 288 192 329 311 19 304 226 187 336 202 244 200 202 216 241 103 224 253 318 183 174 207 202 313 177 177 98 120 277
split_gain=0.00681194 0.0092163 0.00928961 0.0175029 0.0163585 0.0162521 0.0106196 0.0188438 0.0130246 0.0137503 0.0128519 0.0305238 0.0191923 0.0135138 0.0205828 0.0184923 0.016863 0.0249212 0.0167398 0.0226473 0.0255043 0.0173173 0.0165734 0.0201948 0.034183 0.0200776 0.052647 0.0304141 0.0207544 0.0250975
threshold=-0.07772066254617073 0.10306606575297055 0.026397625216739766 0.0061652328646659002 0.036356278852764996 10.451388888888891 -0.061883786569465457 0.00030390909449552956 -0.060168837150250863 0.072143948997580906 -0.029033998110055869 0.0076981538579281228 -0.0048881590977613723 -0.0049246544675377096 -0.060536449336423034 -0.069271178003891723 -0.050704943164320178 0.016229216419312856 0.01672441656422154 0.022100748858465028 -0.0015974383679017829 -0.034944897898808162 0.0066749072515070338 -0.0027788322305803215 0.0058905872700542187 0.014923474937507626 0.022381972235422282 -0.017936190979151095 -0.005597203603461688 0.033206914326726157
decision_type=2 2 2 2 2 2 2 2 2 2 2 2 2 2 2 2 2 2 2 2 2 2 2 2 2 2 2 2 2 2
left_child=-1 2 6 4 -4 -5 7 -2 -8 10 11 12 -10 14 -12 -16 17 -17 21 20 -20 -18 23 24 -15 28 -27 -28 -25 -30
right_child=1 -3 3 5 -6 -7 8 -9 9 -11 13 -13 -14 22 15 16 18 -19 19 -21 -22 -23 -24 25 -26 26 27 -29 29 -31
leaf_value=0.00077364926650521487 0.0016613671000814065 -0.0010293669612358579 0.00021651922775756409 0.0017915942248017077 -0.0013300795590371959 0.00032288325746776536 -0.0011370014771403345 -8.0295828051819674e-05 -0.0011165542583469125 -0.0011071812254764761 0.0014288502200061511 -0.0020476740874703233 0.00084114133538429499 -0.0020777890819267163 -0.0010054615411263512 0.00035216228877743561 -0.0011700986270708118 -0.0018055670927582389 0.0024660927487275331 -0.00036133308085086553 0.00046983616598481607 0.00031733674574038279 0.00024545452457687135 0.00039348982175992954 0.00035830466610301909 -0.0023857252831529716 -0.001594638273474464 0.00060504679605153137 -0.0001382150660082388 -0.0018962120298634878
leaf_weight=28 25 22 92 31 21 48 28 41 21 30 34 26 31 36 32 32 22 23 32 23 32 177 256 197 24 34 22 55 263 22
leaf_count=28 25 22 92 31 21 48 28 41 21 30 34 26 31 36 32 32 22 23 32 23 32 177 256 197 24 34 22 55 263 22
internal_value=-1.02153e-12 -1.2507e-05 5.75375e-07 0.00032826 -7.09018e-05 0.000899213 -4.08709e-05 0.000579425 -6.90662e-05 -4.80674e-05 -2.52745e-05 -0.000648869 5.05335e-05 1.16863e-05 0.000251137 0.000143785 0.000251632 -0.000550161 0.000405823 0.000984357 0.00146796 0.000152897 -9.55265e-05 -0.000229204 -0.00110335 -0.000140757 -0.000747019 -2.34347e-05 -1.14052e-06 -0.00027392
internal_weight=1760 1732 1710 192 113 79 1518 66 1452 1424 1394 78 52 1316 407 373 341 55 286 87 64 199 909 653 60 593 111 77 482 285
internal_count=1760 1732 1710 192 113 79 1518 66 1452 1424 1394 78 52 1316 407 373 341 55 286 87 64 199 909 653 60 593 111 77 482 285
is_linear=0
shrinkage=0.05


Tree=202
num_leaves=31
num_cat=0
split_feature=194 186 179 290 290 236 125 166 245 275 325 185 325 128 296 196 240 176 88 280 280 295 300 173 145 197 242 244 173 330
split_gain=0.00663427 0.00929744 0.0186855 0.0109993 0.0122592 0.0298665 0.0125848 0.0105088 0.0112764 0.00980754 0.0123317 0.0158419 0.013041 0.0119954 0.0164285 0.0115257 0.0152461 0.0250849 0.023653 0.0236368 0.0211538 0.0237205 0.0194129 0.0170667 0.0211417 0.0161895 0.0268185 0.0292029 0.0308186 0.0187525
threshold=-0.083853607207984543 -0.038875104738649711 0.03027307066110884 0.086570159837189534 0.048722458642882729 -0.017580731486430929 0.014714679354272753 0.028122156690578017 0.0022519822159155337 -0.084487131472873747 -0.037564171142919094 0.061398012357374528 -0.041932502593702604 -0.010999222666135676 -0.00069971367718226179 0.035262730164643506 0.021540595867996427 -0.011973087446390383 -0.083060066169993521 -0.0024956435864347628 -0.015352620629421063 -0.021689324567011749 0.00086532907150165016 -0.000532254501054598 0.0027980827195511712 -0.00049335728727552708 0.041455187200203886 0.022201292896790698 0.0053104740060003703 0.0060721810763630845
decision_type=2 2 2 2 2 2 2 2 2 2 2 2 2 2 2 2 2 2 2 2 2 2 2 2 2 2 2 2 2 2
left_child=-1 2 7 4 9 -6 -7 8 -2 -3 12 15 13 14 -11 16 25 18 -18 -20 21 -19 -23 24 -22 -12 29 28 -28 -27
right_child=1 3 -4 -5 5 6 -8 -9 -10 10 11 -13 -14 -15 -16 -17 17 20 19 -21 23 22 -24 -25 -26 26 27 -29 -30 -31
leaf_value=-0.00088338573585220045 0.00040316708796631751 -0.00098378807185023711 0.001843343456275761 -0.0011040509315258216 0.0018844707851054287 0.00039325246650280733 -0.0010420192301916402 0.0011393813410541043 -0.00094857228816383411 0.00041069727639019812 -0.00040846339031569363 -0.0014684388326713816 0.0013541516318018067 0.00052414253572565298 -0.0015487096516881137 0.00053096003820428449 0.00074883487006822003 0.0025734594565371728 -0.0020727751389910867 -0.00018818079901748429 0.00016411945343518383 -0.00028379528500538853 0.0016331232017837466 0.00074253796239365612 -0.0017104807830903503 -6.1622122911801343e-05 -0.0013000528335396667 -0.0024215347399669036 0.00099369385457571805 0.00067481137980044325
leaf_weight=21 36 27 20 23 29 56 21 20 27 23 443 20 29 85 20 80 29 22 28 41 53 28 25 65 21 258 32 21 27 130
leaf_count=21 36 27 20 23 29 56 21 20 27 23 443 20 29 85 20 80 29 22 28 41 53 28 25 65 21 258 32 21 27 130
internal_value=3.43024e-13 1.06677e-05 0.000471428 -1.83411e-05 -2.85976e-06 0.000516881 1.81473e-06 0.000140846 -0.00017615 -3.94175e-05 -2.21891e-05 -7.1908e-05 0.000396779 0.000179875 -0.000500655 -5.04724e-05 -8.85055e-05 0.000213155 -0.000449356 -0.000952944 0.000516547 0.00119331 0.000620412 0.00015139 -0.000367862 -0.000191818 1.32538e-05 -0.000820302 -0.000250372 0.000185121
internal_weight=1760 1739 103 1636 1613 106 77 83 63 1507 1480 1323 157 128 43 1303 1223 312 98 69 214 75 53 139 74 911 468 80 59 388
internal_count=1760 1739 103 1636 1613 106 77 83 63 1507 1480 1323 157 128 43 1303 1223 312 98 69 214 75 53 139 74 911 468 80 59 388
is_linear=0
shrinkage=0.05


Tree=203
num_leaves=31
num_cat=0
split_feature=7 240 7 137 184 184 332 254 99 263 214 269 332 152 98 281 178 332 185 146 155 127 195 186 113 269 1 236 275 329
split_gain=0.00642663 0.0285997 0.0152668 0.0101703 0.00996669 0.0144574 0.0166282 0.0130593 0.0377796 0.00841401 0.0310448 0.00994235 0.0164891 0.0249116 0.0224257 0.0221943 0.0209906 0.0201916 0.0196347 0.0205863 0.0181479 0.0275733 0.033233 0.026208 0.019096 0.0166113 0.0191795 0.0159865 0.0157647 0.0174756
threshold=0.031209415584415586 1.0000000180025095e-35 0.032608936443587873 -0.00092437664852142024 0.04021811780015766 0.074054222300297665 0.018507334598109857 0.078290367435630268 0.0058051332026556532 -0.084242827779781634 -0.022321733388832494 0.0023281181085469415 -0.0082812190629586065 0.0035902135336107585 0.014167661582762643 -0.048343219487769359 0.00026790694246613865 0.022431496686327369 -0.010695177376849002 0.017343452669678062 0.0069704680331301476 -0.029768108267864551 -0.0038898482041701894 -0.0011794978613454438 -0.016785576682789783 0.0098060768609171175 3.9981586158983733 -0.00050164744250833426 0.086477750510079596 -0.0036888862034878665
decision_type=2 2 2 2 2 2 2 2 2 2 2 2 2 2 2 2 2 2 2 2 2 2 2 2 2 2 2 2 2 2
left_child=1 3 -2 -1 7 6 -6 9 -9 10 -4 28 13 14 16 17 -13 -14 19 -17 21 22 -20 -23 -22 -25 -27 -26 29 -11
right_child=2 -3 4 -5 5 -7 -8 8 -10 11 -12 12 15 -15 -16 18 -18 -19 20 -21 24 23 -24 25 27 26 -28 -29 -30 -31
leaf_value=-0.0003869913732549841 0.0011578571625407142 -0.0017595325598786411 -0.0021852208004565911 0.0010320005295595721 0.00027743422599486644 -0.000514707549213199 0.0019135093614459039 0.00039214064359086856 -0.0023214053554946315 0.00021357950011447228 0.00025981968375728343 -0.0014404868476798156 -0.002050679064025947 0.001148108426047617 0.00076838681574404374 -3.4858750515296812e-05 0.00040818386644657172 7.2302346649978836e-05 0.00032908828001208828 -0.001693123267398699 0.0020808837176446104 -0.0003341016220905052 -0.0024517004904654727 -7.1435965051373039e-05 0.0011138569281387773 0.00033037482829637488 0.0022481546666313079 -0.00032535853629399623 -0.0014818150191422321 -0.00026249391387539776
leaf_weight=28 29 27 20 23 41 25 25 29 23 335 37 34 24 92 57 61 28 21 21 27 24 75 22 26 43 22 32 35 20 454
leaf_count=28 29 27 20 23 41 25 25 29 23 335 37 34 24 92 57 61 28 21 21 27 24 75 22 26 43 22 32 35 20 454
internal_value=-3.93989e-12 -0.000443681 2.0575e-05 0.000252946 6.22662e-07 0.000509284 0.00089716 -2.90113e-05 -0.000808082 -2.18235e-06 -0.000598089 2.11946e-05 0.000167787 0.000530221 5.25264e-05 -8.82557e-06 -0.000605603 -0.00105995 0.000113084 -0.000543644 0.000305724 2.66045e-05 -0.00109364 0.000337382 0.000847544 0.000966898 0.00146684 0.000468055 -9.54999e-05 -6.03588e-05
internal_weight=1760 78 1682 51 1653 91 66 1562 52 1510 57 1453 644 211 119 433 62 45 388 88 300 198 43 155 102 80 54 78 809 789
internal_count=1760 78 1682 51 1653 91 66 1562 52 1510 57 1453 644 211 119 433 62 45 388 88 300 198 43 155 102 80 54 78 809 789
is_linear=0
shrinkage=0.05


Tree=204
num_leaves=31
num_cat=0
split_feature=250 120 250 111 265 311 335 270 310 278 237 215 268 299 189 216 298 260 235 271 242 96 272 325 126 250 165 260 275 294
split_gain=0.00630542 0.0188463 0.0182612 0.0223102 0.0250828 0.033535 0.044205 0.0264789 0.0444085 0.0299496 0.0201641 0.0219818 0.0280877 0.0214472 0.0213477 0.0193987 0.0374987 0.0231674 0.0198802 0.0190951 0.0230509 0.0235331 0.0199418 0.0186708 0.0182245 0.0181652 0.0281224 0.0252873 0.0292151 0.0436902
threshold=-0.011684321805089585 0.080118439372827713 0.004660777149066265 0.0049738314925539739 -0.0063269381731059131 0.0046293535331378101 -0.0010624409054255399 0.00049488337512690989 -0.007330888935603022 0.00052118819781247952 -0.0074210567785893715 -0.0061454353070997522 -0.013167109802992839 -0.0065158934270677102 0.0051770411362769882 -0.0061844907502736071 0.021330935265984834 0.062543176080158649 0.047258949388009827 -0.035204372338781646 0.038432653607206012 0.015668961357322177 -0.0031278973728497976 0.0095327716418904442 0.017214323106296312 -0.027893254459737508 0.037521621453065736 -0.0026108366975017773 -0.018858844547513683 -0.011736305347163955
decision_type=2 2 2 2 2 2 2 2 2 2 2 2 2 2 2 2 2 2 2 2 2 2 2 2 2 2 2 2 2 2
left_child=1 25 3 4 5 6 -2 9 -9 -6 11 12 -4 -14 -15 16 18 -17 24 22 23 -22 -13 -21 -12 -1 27 -27 -29 -30
right_child=2 -3 10 -5 7 -7 -8 8 -10 -11 15 19 13 14 -16 17 -18 -19 -20 20 21 -23 -24 -25 -26 26 -28 28 29 -31
leaf_value=3.9101351406241254e-05 0.00081460480772269279 0.0011763200413918607 -0.0016770426345950305 -8.7586661284149169e-05 -0.00068594394654680334 0.0012137584225759687 -0.0023583100632885877 0.0005630293843569234 0.00385510955155561 0.0015163604441209158 0.00011350140206666444 0.0024368467722999179 -0.00076408588776959944 -0.00026070756430272016 0.0020218019186618872 0.00015171873835026332 -0.0025848730928492332 -0.0016292161443561782 -0.001879013621073682 0.0010529738182841596 -0.0013590524668365511 0.00078008006406889759 0.00039680652553215624 -0.00015191312322356538 -0.0013928629471920433 0.00022986318156283773 -0.0021287403050033998 0.00034584096559372394 0.00055981468758545814 -0.0019757979137788287
leaf_weight=401 21 27 30 140 26 36 23 20 21 38 102 23 36 20 21 210 23 20 20 87 36 20 25 51 25 108 24 38 23 65
leaf_count=401 21 27 30 140 26 36 23 20 21 38 102 23 36 20 21 210 23 20 20 87 36 20 25 51 25 108 24 38 23 65
internal_value=1.32884e-12 -0.000118416 7.56363e-05 0.000388627 0.000749005 8.20109e-05 -0.000843964 0.00125719 0.00224922 0.000621674 -6.0174e-05 0.000217564 -0.000379203 0.000126449 0.000908383 -0.0003025 -0.00070751 -3.14516e-06 -0.000413773 0.000481424 0.000260499 -0.000595077 0.00137433 0.00060769 -0.000183027 -0.000171463 -0.000498735 -0.000331555 -0.000812771 -0.00131308
internal_weight=1760 686 1074 325 185 80 44 105 41 64 749 349 107 77 41 400 170 230 147 242 194 56 48 138 127 659 258 234 126 88
internal_count=1760 686 1074 325 185 80 44 105 41 64 749 349 107 77 41 400 170 230 147 242 194 56 48 138 127 659 258 234 126 88
is_linear=0
shrinkage=0.05


Tree=205
num_leaves=31
num_cat=0
split_feature=302 302 83 300 150 150 140 120 171 271 317 328 316 273 196 84 271 1 271 188 263 265 314 207 191 204 184 182 305 300
split_gain=0.00619831 0.0189108 0.0265199 0.0172719 0.0171542 0.0223099 0.0343111 0.0248505 0.0234028 0.0216233 0.0271745 0.0200008 0.0203304 0.0189819 0.0171499 0.0242772 0.0161931 0.028257 0.0156415 0.0153568 0.0156236 0.0137486 0.0228378 0.0276036 0.02816 0.0225296 0.0288694 0.0275844 0.0256282 0.0241091
threshold=0.014744003266595041 0.012073991577394175 0.059975776836249904 -0.043590917177921872 -0.012370604113316008 0.0041802939930211209 0.0076650837444167614 0.0080074261429285195 -0.0083256016073439808 -0.0055194973938310484 0.0041906242382031061 0.0017241196732004365 0.0036051727420011001 0.013844542569721632 -0.029056313878881999 0.1454547556789991 0.013238168637380155 4.4601277074540464 0.032424764973974007 -0.0039230230660390322 0.0020521988187928277 0.008353881808661057 0.018866060750659653 -0.0014058955585525528 -0.023160800611066588 0.012904921232616917 0.010803091989082214 0.016751309450002735 -0.00060122811641584917 -0.0021498009887073893
decision_type=2 2 2 2 2 2 2 2 2 2 2 2 2 2 2 2 2 2 2 2 2 2 2 2 2 2 2 2 2 2
left_child=1 14 -3 19 16 6 8 11 -6 10 -9 12 -7 -10 15 -1 17 -5 -18 -2 -21 22 23 24 -16 27 28 -23 -27 -29
right_child=3 2 -4 4 5 7 -8 9 13 -11 -12 -13 -14 -15 21 -17 18 -19 -20 20 -22 25 -24 -25 -26 26 -28 29 -30 -31
leaf_value=-0.00014263822595839286 -0.00023743151560622557 -0.0022610369320634916 6.9754308340354615e-05 0.00042314862323965989 0.00097585841748306333 0.0023998483845692441 -0.0022598480404768554 -0.0026431270689499797 -0.00014924786538562777 0.00033714893888336028 -3.6670375557150692e-05 3.7036778849142141e-06 0.00049915811909800954 -0.0018423671941272914 -0.0020616279922567472 -0.0016921665495361336 -0.001300768146684277 0.0025611365138320254 0.00051681187208581334 0.00060433005607962893 0.0024481265572831035 -0.00020989109960422724 0.00078452756504248104 0.00033045532906461145 -0.00020483372710449469 -0.00059382783692853993 0.00013034223939521817 0.0020886842087040553 -0.0029294800076572953 1.2464084861205956e-05
leaf_weight=91 21 23 26 68 28 24 27 20 49 37 20 64 34 25 23 35 20 20 29 27 20 260 128 319 182 24 37 27 23 29
leaf_count=91 21 23 26 68 28 24 27 20 49 37 20 64 34 25 23 35 20 20 29 27 20 260 128 319 182 24 37 27 23 29
internal_value=-8.99315e-13 -6.18432e-05 -0.00102429 0.000142367 3.35229e-05 -0.000162747 -0.000674916 0.000169263 -0.000255375 -0.000534045 -0.0013399 0.000613154 0.00128565 -0.000721248 -2.18093e-05 -0.000573063 0.000503423 0.000909055 -0.000225058 0.000886667 0.00138892 4.42154e-05 0.000185794 3.95383e-05 -0.000413157 -0.000186557 -0.000914372 6.91217e-06 -0.00173681 0.0010135
internal_weight=1760 1227 49 533 465 328 129 199 102 77 40 122 58 74 1178 126 137 88 49 68 47 1052 652 524 205 400 84 316 47 56
internal_count=1760 1227 49 533 465 328 129 199 102 77 40 122 58 74 1178 126 137 88 49 68 47 1052 652 524 205 400 84 316 47 56
is_linear=0
shrinkage=0.05


Tree=206
num_leaves=31
num_cat=0
split_feature=0 4 153 160 102 153 104 71 230 185 234 292 312 258 81 219 309 281 277 321 266 85 97 227 223 186 177 169 11 134
split_gain=0.00603575 0.0125645 0.00803899 0.0183055 0.0194133 0.0210678 0.0176703 0.0170556 0.015162 0.0218653 0.0184402 0.0145977 0.013921 0.0138963 0.0172887 0.0172605 0.0116276 0.013496 0.0123447 0.0115705 0.0265856 0.0307083 0.0201355 0.0228144 0.0216902 0.0175627 0.0256715 0.0371365 0.0203152 0.0150199
threshold=11.083556880738579 6.7833245593222182 -0.0084353538249717554 0.053592659760005996 -0.0020076198622364931 -0.011141695210365425 -0.020339615661901365 1.0000000180025095e-35 0.025226683075571344 0.0089722095447564744 -0.016317912135713684 -0.013841280530248396 -0.072824451399648424 0.02228075810259628 -0.44434593656424809 -0.059962858476938073 -0.015080105466953925 0.018627089222680807 0.022391166334561004 0.0052450311390748591 0.012536195689311304 0.20714701671607169 -0.058875614910385128 -0.03866782305852539 -0.0088914162218587754 0.016225099342035004 -0.032306967803885485 0.018837341130414745 3.659045896839749 0.0068436133346128645
decision_type=2 2 2 2 2 2 2 2 2 2 2 2 2 2 2 2 2 2 2 2 2 2 2 2 2 2 2 2 2 2
left_child=1 2 3 4 6 8 11 12 16 10 -10 -1 -4 15 -15 -8 18 -18 -6 29 21 22 -21 24 -24 26 -25 28 -28 -14
right_child=-2 -3 7 -5 5 -7 13 -9 9 -11 -12 -13 19 14 -16 -17 17 -19 -20 20 -22 -23 23 25 -26 -27 27 -29 -30 -31
leaf_value=-0.0013349856067049718 -0.00086365216411650187 0.0012559261977003189 -0.0011301933976355942 -0.001509741927535894 4.4504553539139268e-05 -0.0014843637561793195 -0.00041932420863304292 0.0011275482845391977 -0.00013059526588351999 0.00049098202004339939 -0.0019949510182616197 8.1059176227427099e-05 0.00035583092676722098 -0.0012273323383520951 0.00043550256178369399 0.0011464891977745785 0.00075712608180159198 -0.00052039500758461327 -0.00146604307367289 0.0010384382639097532 0.00043903294934251693 -0.0021232942350858748 -0.00032734727690694856 0.0012562678200629309 -0.0026559830538462849 0.00075346364763390745 0.00010394606100352005 -0.0024048276375979189 -0.0014466701256294204 -0.00015490556714587296
leaf_weight=28 20 20 25 24 38 38 22 37 21 24 36 52 453 22 54 88 72 29 21 27 135 24 20 20 20 40 86 25 28 211
leaf_count=28 20 20 25 24 38 38 22 37 21 24 36 52 453 22 54 88 72 29 21 27 135 24 20 20 20 40 86 25 28 211
internal_value=3.87837e-12 9.92704e-06 -4.56132e-06 -0.000158302 -9.87888e-05 -0.000390169 0.000206832 7.14407e-05 -0.00021764 -0.000775027 -0.00130808 -0.000414556 3.63635e-05 0.000474095 -4.58444e-05 0.000833327 6.45368e-05 0.000390313 -0.000493148 6.31439e-05 -0.000140571 -0.000410386 -0.000255838 -0.000402054 -0.00149167 -0.000183036 -0.000418634 -0.000659627 -0.000276907 0.000193534
internal_weight=1760 1740 1720 569 545 279 266 1151 241 81 57 80 1114 186 76 110 160 101 59 1089 425 290 266 239 40 199 159 139 114 664
internal_count=1760 1740 1720 569 545 279 266 1151 241 81 57 80 1114 186 76 110 160 101 59 1089 425 290 266 239 40 199 159 139 114 664
is_linear=0
shrinkage=0.05


Tree=207
num_leaves=31
num_cat=0
split_feature=9 99 264 191 19 264 291 83 236 161 97 97 162 197 240 174 152 173 189 331 147 93 286 11 317 255 332 307 286 305
split_gain=0.00599245 0.0142531 0.0153383 0.0183077 0.0180444 0.0209806 0.021904 0.017083 0.0338953 0.0157782 0.0151669 0.0292398 0.0358837 0.043298 0.0288252 0.0186915 0.0162875 0.0162293 0.0144253 0.0196791 0.0296699 0.029631 0.0270751 0.0387375 0.0322892 0.028469 0.0204396 0.0162229 0.0196614 0.0155284
threshold=0.02055297407116851 -0.15025556807084664 0.045920205273742777 -0.016708272068628415 21.342069892473123 -0.00094854290254091356 0.0050377944724562364 0.16774497466241431 -0.012774537686253159 0.0046345124321547073 0.013868597472430555 0.0055217785334048062 1.0000000180025095e-35 -0.0033099720325436861 -0.046043155370170154 -0.0062992765279125396 0.018318056300612683 -0.0033904400619355801 0.0045815600713705025 0.0037160779625599271 0.0059106712864703112 0.0025013565083298966 -0.00029443807106761989 2.4742158426368959 -0.0037313882578021477 -0.0059175713041585074 -0.0017953601663401233 -0.0069400457593001797 -0.0032850358034016108 -0.004817023428581175
decision_type=2 2 2 2 2 2 2 2 2 2 2 2 2 2 2 2 2 2 2 2 2 2 2 2 2 2 2 2 2 2
left_child=-1 -2 4 -4 7 -6 -7 10 -9 -5 11 18 13 -13 -12 16 -16 -14 19 22 26 -22 24 -24 29 -25 -21 28 -20 -3
right_child=1 2 3 9 5 6 -8 8 -10 -11 14 12 17 -15 15 -17 -18 -19 27 20 21 -23 23 25 -26 -27 -28 -29 -30 -31
leaf_value=-0.00010095061686300592 0.0014051081368234011 0.00031785159138962631 0.0019417641274187538 -0.0004000771654924999 0.001714282317252289 -0.0011711201803769828 0.00094923029657742334 -0.0023501774584512233 -0.00014681613160973941 0.00094741675810079576 0.001880527559357385 -0.00012840549112297595 0.0011216963872539055 -0.0031744106171702571 -0.0012116566310540198 0.00053415270292764315 0.00041242905710812641 -0.0007892189638678247 0.0021921198946707274 -0.0015440944108970301 0.0026810439741460699 -8.0793304368853567e-06 -0.0030434186681218092 0.00098579275072552264 0.0016299379999206093 -0.0013789733419668796 0.00042315117288155545 -6.9061466538561007e-05 0.00037348708491273492 -0.0016288565244481322
leaf_weight=801 20 20 21 42 31 21 29 24 64 45 27 20 20 28 38 104 26 25 23 23 21 20 21 20 24 35 31 73 42 21
leaf_count=801 20 20 21 42 31 21 29 24 64 45 27 20 20 28 38 104 26 25 23 23 21 20 21 20 24 35 31 73 42 21
internal_value=9.19739e-13 8.43185e-05 5.61867e-05 0.000616737 -1.66646e-05 0.000692307 5.86831e-05 -9.32336e-05 -0.000747733 0.000296902 -6.23065e-06 -0.00016088 -0.000954281 -0.00190524 0.000364135 0.000120429 -0.000551872 6.00767e-05 3.64094e-05 -0.000201045 0.000355198 0.00136928 -0.000575819 -0.00121658 0.000173378 -0.000519058 -0.00041475 0.000442491 0.001017 -0.000679243
internal_weight=1760 959 939 108 831 81 50 750 88 87 662 467 93 48 195 168 64 45 374 236 95 41 141 76 65 55 54 138 65 41
internal_count=1760 959 939 108 831 81 50 750 88 87 662 467 93 48 195 168 64 45 374 236 95 41 141 76 65 55 54 138 65 41
is_linear=0
shrinkage=0.05


Tree=208
num_leaves=31
num_cat=0
split_feature=166 151 305 320 194 238 152 198 151 116 163 134 231 175 224 301 166 101 296 144 213 186 110 115 133 156 189 148 168 142
split_gain=0.0058005 0.0116294 0.0124673 0.0117831 0.00959209 0.00856312 0.0203766 0.0213862 0.0167429 0.0164515 0.0128999 0.0121783 0.0119883 0.0159471 0.0320176 0.0275783 0.0224585 0.0342395 0.0209814 0.0281489 0.0277051 0.0232428 0.0198094 0.0189447 0.0185112 0.0202358 0.0287497 0.0209636 0.0159644 0.0220469
threshold=0.047832927702365198 0.0062292275738354335 -0.0021561039619451415 -0.021688804702011035 0.071319030281279769 0.055540999497930087 -0.013816319160864418 0.01231582794709485 0.011813943584270655 0.0039572522647182895 0.016649293935931297 -0.11242639933358288 0.0095723844839794431 -0.010836738560641204 0.036565120802900579 0.042689795535170161 0.0016764648981434851 -0.010344004374777447 0.01069474937581816 -0.017205984914388975 -0.024624885112826438 0.03027950367862588 -0.0095978195546211707 -0.018807800239238653 -0.01133294622566124 0.0092217999771213362 0.00039319819250837885 0.0058224141860909366 -0.015043937755057394 0.0057779045238117426
decision_type=2 2 2 2 2 2 2 2 2 2 2 2 2 2 2 2 2 2 2 2 2 2 2 2 2 2 2 2 2 2
left_child=4 2 -2 -3 5 11 9 8 10 -7 -8 -1 13 14 15 16 -13 -18 21 23 -21 22 -15 -20 -24 27 -27 28 -26 -30
right_child=1 3 -4 -5 -6 6 7 -9 -10 -11 -12 12 -14 18 -16 -17 17 -19 19 20 -22 -23 24 -25 25 26 -28 -29 29 -31
leaf_value=0.0010890426178103436 -0.0009975666435465152 0.00010303619477781468 0.0005097010710468406 0.0017624483962604049 -0.0010593731464640852 0.00037778427463490519 0.0003010084617115748 0.0011296193623482915 -0.0013976756935545173 0.0023017380613600835 -0.0010861665767151862 0.00039509408659904523 0.00012350466752863862 0.00022795607117331472 -0.0019618515188673936 -0.0019126205740537007 -0.0023425898707026371 0.00010164619498506287 -0.0017745512001135428 0.0018978449427402878 0.00031897984646081425 -0.00189018541104382 0.00029946786942950976 0.00010673981387299136 -0.0020075491826338251 -0.00034486968735499045 -0.0029312951215119524 0.00065301444307859881 -1.0357126743518607e-05 -0.0018079964060629923
leaf_weight=23 23 20 34 23 22 25 83 35 26 20 21 101 507 171 34 23 23 38 23 34 152 21 59 32 21 21 22 34 66 23
leaf_count=23 23 20 34 23 22 25 83 35 26 20 21 101 507 171 34 23 23 38 23 34 152 21 59 32 21 21 22 34 66 23
internal_value=3.95268e-13 0.000369828 -9.84947e-05 0.000990629 -2.22788e-05 -8.34959e-06 0.000289765 3.25534e-05 -0.00026281 0.00123287 2.09058e-05 -5.219e-05 -7.08721e-05 -0.000180615 -0.000551624 -0.000292447 -6.24229e-05 -0.000819951 -6.0952e-05 0.000313745 0.00060759 -0.000267121 -0.000185384 -0.000679982 -0.000472706 -0.000716333 -0.00166816 -0.000432108 -0.000767509 -0.000474916
internal_weight=1760 100 57 43 1660 1638 210 165 130 45 104 1428 1405 898 219 185 162 61 679 241 186 438 417 55 246 187 43 144 110 89
internal_count=1760 100 57 43 1660 1638 210 165 130 45 104 1428 1405 898 219 185 162 61 679 241 186 438 417 55 246 187 43 144 110 89
is_linear=0
shrinkage=0.05


Tree=209
num_leaves=31
num_cat=0
split_feature=113 113 172 299 87 206 137 273 277 113 187 302 226 218 273 183 276 183 277 248 266 315 158 187 142 264 157 170 179 164
split_gain=0.00578769 0.0249826 0.0260864 0.0197571 0.0361165 0.0222397 0.0233647 0.0266208 0.0203254 0.0179781 0.0177978 0.0172401 0.0203627 0.0162544 0.0175471 0.0153172 0.0197923 0.0194329 0.016646 0.022576 0.0367874 0.0200966 0.018446 0.0166115 0.0222837 0.0165948 0.0246251 0.0241305 0.03131 0.0289547
threshold=0.005691479415334078 0.0066718723900431346 0.00057660538555550408 0.014965315710425411 -0.14711742936458841 -0.00059269328033610127 0.0035106593600165788 -0.0052751525328991562 -0.0034689972135143235 0.0052854683811888112 0.010473737108779359 -0.020852742605157643 0.00090745541735207319 0.030268205739513946 -0.014841247070912833 -0.03194562977349498 0.028768382500383834 -0.025020697403297966 -0.00037523859593244902 -0.027567731752279303 -0.004815438532510272 0.051131822490186156 -0.014277128822406946 0.0052225821236989234 -0.0069850984186808386 0.0060004951770259171 -0.00050157915945947431 0.0059425134867401828 0.015732228335638729 0.0074969070343729252
decision_type=2 2 2 2 2 2 2 2 2 2 2 2 2 2 2 2 2 2 2 2 2 2 2 2 2 2 2 2 2 2
left_child=9 2 -2 4 -3 11 8 -8 -7 15 -10 12 -6 14 -13 16 23 -17 21 20 -20 -19 -22 24 -1 27 -27 28 29 -21
right_child=1 3 -4 -5 5 6 7 -9 10 -11 -12 13 -14 -15 -16 17 -18 18 19 25 22 -23 -24 -25 -26 26 -28 -29 -30 -31
leaf_value=0.00038656938334249644 7.6287122094072398e-05 -0.0019999260422482621 0.002384095427017504 0.00048885983635856586 -0.0016187934018186451 0.00097306593586672999 -0.0020486752105392265 -0.00019883263051203204 8.1211525553715275e-06 -0.0015160762153321966 -0.001710640173405409 -0.00049718271052875528 0.00053468276025302219 0.0019621391186956318 0.0008346712410514821 -0.0012121952679559687 -0.00058958690116865447 -0.00018740869540823235 0.0025088478736579422 -0.00078735962673343474 -0.00088254876293080017 -0.0015677155540158442 0.0010135434479613243 0.00016064460200834133 0.0025896274335536875 0.00090251416172198648 -0.00035780120103691632 0.00037592054876406248 -0.002226146759326534 0.00090231548712056675
leaf_weight=22 25 25 24 166 21 39 37 41 61 21 20 36 23 20 79 38 31 453 25 92 23 28 29 42 24 96 65 93 26 35
leaf_count=22 25 25 24 166 21 39 37 41 61 21 20 36 23 20 79 38 31 453 25 92 23 28 29 42 24 96 65 93 26 35
internal_value=2.08512e-14 0.000123409 0.00120664 2.99611e-05 -0.000159534 -3.74925e-05 -0.000402631 -0.00107632 3.5268e-05 -6.66171e-05 -0.000416264 0.000366404 -0.000493113 0.000646542 0.000417743 -3.94882e-05 0.000496853 -0.000103122 -5.94485e-05 0.000147571 0.000932667 -0.000267759 0.000174887 0.000879576 0.00153599 -9.60607e-07 0.000393691 -0.000259249 -0.000645332 -0.000321701
internal_weight=1760 617 49 568 402 377 198 78 120 1143 81 179 44 135 115 1122 119 1003 965 484 77 481 52 88 46 407 161 246 153 127
internal_count=1760 617 49 568 402 377 198 78 120 1143 81 179 44 135 115 1122 119 1003 965 484 77 481 52 88 46 407 161 246 153 127
is_linear=0
shrinkage=0.05


Tree=210
num_leaves=31
num_cat=0
split_feature=185 320 334 180 102 334 197 288 249 277 258 209 209 321 84 185 95 148 102 219 91 286 239 242 175 140 317 148 187 99
split_gain=0.00568643 0.0081366 0.00867206 0.0126113 0.0201114 0.00848235 0.0132312 0.0166861 0.0104555 0.0103114 0.0110369 0.0228795 0.0316688 0.0447835 0.043896 0.0193727 0.0288411 0.0201082 0.0212916 0.0183617 0.0176121 0.0172112 0.0227196 0.0183962 0.0246495 0.0259264 0.0169625 0.015596 0.0146575 0.0149015
threshold=0.075952475439999834 0.088112010864182064 0.064344819393349864 0.051181190074135248 -0.016134530708256645 0.029667298167800719 0.033387157146936026 -0.034822109356291868 -0.031818049542636249 -0.091665612691824161 -0.0021087143210875956 0.028657921213773575 0.018872769832393641 0.0024435063214943635 0.17639775392887974 0.015292490963637908 -0.026870265875288585 0.026472709055182463 0.015767298211648195 0.073845010806529512 0.1228431703110141 0.023017013126540042 -0.054548272710867922 0.029821594221793736 -0.0059146720396628591 -0.0074397531517162363 -0.0019044468429973997 0.0021950666771647213 -0.057217834902944055 -0.11960451050526864
decision_type=2 2 2 2 2 2 2 2 2 2 2 2 2 2 2 2 2 2 2 2 2 2 2 2 2 2 2 2 2 2
left_child=1 2 3 5 -5 9 7 -7 -9 -1 11 12 13 14 -11 17 -17 19 -19 21 28 22 -13 24 25 -24 -21 -23 -12 -30
right_child=-2 -3 -4 4 -6 6 -8 8 -10 10 20 15 -14 -15 -16 16 -18 18 -20 26 -22 27 23 -25 -26 -27 -28 -29 29 -31
leaf_value=0.00083478219457902016 -0.00076436821176078715 0.00096602339114972642 -0.00075886276254833157 -0.00010902419863096268 0.0019275293770161543 -0.00095882778294818023 0.001367887630360201 -0.00068941505174041683 0.0005104869038432163 3.0527851660735906e-05 -0.001334754066192545 0.0021206773980256086 -0.0022060091263483629 0.00096945645248827845 -0.0030703308186881867 -0.0020860694231357359 -0.00012070766149138632 -0.0017239458000161299 9.1301705896122654e-05 0.00021439387914835522 0.0011808718085486556 0.00018164220772003039 0.00058593867358687371 -0.00038716395148167426 0.00018859901817738388 0.0028338555185853142 -0.001820223640825134 -0.0012878636154346169 0.0012127631426735138 -6.0601569802313919e-06
leaf_weight=32 24 22 37 27 22 29 25 21 134 25 20 22 32 36 21 28 56 30 35 21 33 65 29 51 82 23 20 25 26 707
leaf_count=32 24 22 37 27 22 29 25 21 134 25 20 22 32 36 21 28 56 30 35 21 33 65 29 51 82 23 20 25 26 707
internal_value=2.69086e-12 1.05673e-05 -1.69643e-06 1.50091e-05 0.000805347 -8.77871e-06 0.000288606 0.000141965 0.00034792 -5.25796e-05 -7.30523e-05 -0.00023435 -0.000871979 -0.000351382 -0.00138508 -8.50901e-05 -0.000775828 5.88851e-05 -0.000746505 0.000213768 5.02812e-05 0.000350693 0.000601669 0.000421031 0.000728627 0.00158021 -0.000778102 -0.000226554 7.33372e-07 3.71723e-05
internal_weight=1760 1736 1714 1677 49 1628 209 184 155 1419 1387 601 114 82 46 487 84 403 65 338 786 297 207 185 134 52 41 90 753 733
internal_count=1760 1736 1714 1677 49 1628 209 184 155 1419 1387 601 114 82 46 487 84 403 65 338 786 297 207 185 134 52 41 90 753 733
is_linear=0
shrinkage=0.05


Tree=211
num_leaves=31
num_cat=0
split_feature=129 82 124 129 189 112 323 162 174 310 95 295 286 266 240 288 199 260 246 260 118 257 294 270 99 49 287 334 111 202
split_gain=0.00551334 0.0140278 0.0128191 0.0115299 0.017155 0.0245011 0.0374842 0.0270583 0.015833 0.017857 0.0236228 0.0169192 0.0132401 0.0110789 0.0109744 0.0105555 0.0137675 0.0109248 0.0262416 0.0161887 0.0154011 0.019189 0.0170485 0.016171 0.031027 0.0237071 0.0194182 0.019062 0.0183711 0.0180507
threshold=0.074320506646333051 -0.27026604377989383 0.018236634016074917 0.025782049166782936 -0.0023805857652541905 -0.0041326218216024392 -0.020100036601260526 -0.00049593030509120968 -0.0079694142666233061 0.016714132687126033 -0.0054721961234335103 -0.01476088392294741 0.0018226784835310031 -0.0058693675860866153 0.004008132040735809 -0.064644606554257064 0.0061315920444151781 -0.0019665264202940341 0.089497679825560769 -0.0035389357639054016 -0.013022175305150071 0.0038190882769986319 0.0097169760905464943 0.036814145961893759 1.0000000180025095e-35 1.0000000180025095e-35 0.0017749703611463217 -0.0044632485715067659 0.00011802171806493224 0.0027351878860182948
decision_type=2 2 2 2 2 2 2 2 2 2 2 2 2 2 2 2 2 2 2 2 2 2 2 2 2 2 2 2 2 2
left_child=3 -2 -3 15 5 13 -7 -8 9 10 -6 12 -10 -5 -13 16 -1 19 -19 20 21 -17 -23 25 -25 27 -27 -22 29 -29
right_child=1 2 -4 4 8 6 7 -9 11 -11 -12 14 -14 -15 -16 17 -18 18 -20 -21 23 22 -24 24 -26 26 -28 28 -30 -31
leaf_value=1.0497716990627212e-05 0.0014795688287201549 -0.00096318625894907344 0.00072838503183447756 -0.00069285219669836808 -0.0019608521747707937 0.00034274632844608278 -0.0032548348847437104 -0.0010339089873014019 -0.0012613161114859396 0.00068068688428452745 0.00021190024986439808 0.00051315160374140886 0.00055802935508836532 0.00055533353777718734 0.0019308440896566026 7.4721496842590404e-05 0.0016955083966339855 -5.8682838743292544e-05 -0.0018950427118397785 0.0012746172296289162 -0.00057688432559422514 0.0020564381399327111 0.00038443734985776245 -0.0019156807954723556 0.00015942773749228828 2.4698812073135441e-05 0.001947381755222711 0.00026408856727505977 -0.00022797056889608397 0.0018741544924624678
leaf_weight=27 22 21 24 32 29 25 24 32 20 22 22 43 20 40 20 86 22 713 20 32 113 31 30 31 43 24 29 49 87 27
leaf_count=27 22 21 24 32 29 25 24 32 20 22 22 43 20 40 20 86 22 713 20 32 113 31 30 31 43 24 29 49 87 27
internal_value=-7.6586e-13 0.000444848 -6.10149e-05 -1.76048e-05 -0.000283287 -0.000670525 -0.00126707 -0.00198573 5.33458e-05 -0.00050997 -0.00102359 0.000452589 -0.000351643 5.84322e-07 0.000963213 4.64785e-05 0.000767033 1.96289e-05 -0.000108788 0.000181364 0.000117756 0.000555842 0.00123414 -4.20415e-05 -0.000709874 0.00010817 0.00107673 -7.78219e-05 0.000268154 0.000836086
internal_weight=1760 67 45 1693 329 153 81 56 176 73 51 103 40 72 63 1364 49 1315 733 582 550 147 61 403 74 329 53 276 163 76
internal_count=1760 67 45 1693 329 153 81 56 176 73 51 103 40 72 63 1364 49 1315 733 582 550 147 61 403 74 329 53 276 163 76
is_linear=0
shrinkage=0.05


Tree=212
num_leaves=31
num_cat=0
split_feature=154 289 278 278 221 261 288 165 250 107 165 317 187 238 273 205 189 336 336 141 157 264 318 221 56 52 235 235 91 303
split_gain=0.00544186 0.00722754 0.00671206 0.00799549 0.0306829 0.00806541 0.00784531 0.0107811 0.0232483 0.037879 0.0159741 0.02483 0.0201477 0.0173352 0.0150164 0.0237523 0.027115 0.0154281 0.0233745 0.0230793 0.0178957 0.0164627 0.0173115 0.0156276 0.0143294 0.0379869 0.0122824 0.0412012 0.0120607 0.012023
threshold=0.070751356292381287 -0.015233978644561578 -0.10217048451794801 -0.067004141634154107 -0.012566400834034583 0.097512772351217455 0.10306606575297055 -0.0084304491820769972 -0.056310379449769084 0.003760652955907909 -0.0046607445309426714 0.0099634393341583218 -0.060168837150250863 0.0057057262449035544 -0.030945791819695759 -0.0017520728590898296 -0.0030423592242074041 0.0040387770709914414 -0.0050021514509194648 0.00054064144567226278 0.030546072745211327 0.028173884592693179 -0.030438549816349771 -0.04701961022411566 1.0000000180025095e-35 1.2424533248940004 0.077973713877151157 0.089200517609311483 0.054240837848426308 -0.071147961168459325
decision_type=2 2 2 2 2 2 2 2 2 2 2 2 2 2 2 2 2 2 2 2 2 2 2 2 2 2 2 2 2 2
left_child=2 -2 -1 4 -4 6 7 8 9 -5 11 13 -12 -9 15 16 -10 18 21 -20 23 22 -16 -19 26 -26 29 -28 -17 -14
right_child=1 -3 3 5 -6 -7 -8 10 14 -11 12 -13 24 -15 17 28 -18 20 19 -21 -22 -23 -24 -25 25 -27 27 -29 -30 -31
leaf_value=-0.00092437306833744511 -0.00012561032635858283 0.0011876887815147215 0.001837225468233765 -0.0026779241125990194 -0.0005282250899371916 -0.00091408961499109872 -0.00096922858363194847 0.0009567501962818724 -0.00042535401683250844 0.00029733475326793269 -0.0015360130192129872 0.0019633620865144104 -0.00075748324092915834 -0.00062978908308926329 -0.0012050196734039234 0.00081308601261948106 -0.0028358208434656265 0.0013819517535618312 -0.0019743104598092033 0.00012942764759910378 0.0017561855448134753 0.0010967768321847871 0.00012040102547568191 -2.0760659428323498e-05 -0.0021805179149851027 0.0006326547639522081 -0.0023040917260170155 0.00038979440556431656 -0.00079453383048530665 0.00020254897119707522
leaf_weight=20 20 22 26 23 29 25 21 36 28 20 20 28 34 33 31 28 20 24 32 22 22 32 120 115 24 24 22 40 20 799
leaf_count=20 20 22 26 23 29 25 21 36 28 20 20 28 34 33 31 28 20 24 32 22 22 32 120 115 24 24 22 40 20 799
internal_value=8.39409e-13 0.000562308 -1.37468e-05 -3.0209e-06 0.000589988 -2.28721e-05 -9.10172e-06 3.52362e-06 -0.000178998 -0.00129408 9.59897e-05 0.000707568 3.43873e-05 0.000197971 -8.19358e-05 -0.000643235 -0.00142972 5.3453e-05 -0.000203127 -0.00111723 0.000431152 6.66086e-05 -0.000151705 0.000221434 6.76938e-05 -0.000773932 0.000112831 -0.000566101 0.000143244 0.000163364
internal_weight=1760 42 1718 1698 55 1643 1618 1597 537 43 1060 97 963 69 494 96 48 398 237 54 161 183 151 139 943 48 895 62 48 833
internal_count=1760 42 1718 1698 55 1643 1618 1597 537 43 1060 97 963 69 494 96 48 398 237 54 161 183 151 139 943 48 895 62 48 833
is_linear=0
shrinkage=0.05


Tree=213
num_leaves=31
num_cat=0
split_feature=185 207 303 303 279 303 312 264 168 223 190 167 326 193 310 224 9 331 299 225 171 116 329 300 243 324 154 138 116 233
split_gain=0.00524843 0.0075592 0.00639156 0.00669325 0.0110267 0.00950486 0.00870516 0.00899963 0.0141529 0.00973289 0.00966286 0.00957779 0.00937292 0.0101732 0.00927683 0.0191375 0.0204525 0.0277126 0.0357361 0.041387 0.019715 0.013171 0.0162671 0.0162777 0.016619 0.0160514 0.0157318 0.0273323 0.0173036 0.0215138
threshold=0.075952475439999834 -0.064042546219028093 0.08382192871755885 0.057648993382579901 0.012908892358203078 0.046812536306523642 -0.072824451399648424 0.045920205273742777 -0.018156576732963 0.016354908508614881 -0.032742695836906983 -0.019275168554800017 0.071359532834250936 -0.055723301849001323 -0.023361263458438791 0.039516094257401914 0.019376956757818368 0.0053396003967767771 0.016592243214502957 0.0087768081278417013 0.0045029220873908137 0.024817195635004178 -0.014237249690901902 0.0024544339296875494 -0.042285042222858955 -0.060877467973812299 0.030325798451014966 -0.0094591850771685703 0.019098411551172742 -0.0119217132443855
decision_type=2 2 2 2 2 2 2 2 2 2 2 2 2 2 2 2 2 2 2 2 2 2 2 2 2 2 2 2 2 2
left_child=1 -1 3 5 -5 6 -3 10 -9 -10 11 -8 13 -12 15 16 -15 18 19 -18 -19 25 -23 24 -24 -16 28 -28 -27 -30
right_child=-2 2 -4 4 -6 -7 7 8 9 -11 12 -13 -14 14 21 -17 17 20 -20 -21 -22 22 23 -25 -26 26 27 -29 29 -31
leaf_value=0.00081063290186836551 -0.00073434065971014208 -0.0008235584544543658 -0.00085017795870292252 -1.2450549892443969e-05 0.0013565096828339544 -0.00082690126112928356 0.0012852866489153642 0.0014292010985728768 0.00042795162751624527 -0.00060078843342771223 0.0010314655648967759 0.00016568707049171078 -0.0010753238482390192 0.00013921117610951158 0.0012057197872427819 0.00090287465739363282 -0.00091031385398107699 0.00062896626355052982 0.00012084744091186187 -0.0037639572544321711 -0.0011789444840978832 -0.00032098850465813854 -0.0010501720689480071 0.0010599714153895861 0.00045931050577895479 9.6063478668523748e-06 -0.0022646467644296098 -9.1406298526682146e-05 0.00029521841220446818 -0.0017774977618002245
leaf_weight=29 24 31 22 38 24 35 26 27 89 31 22 72 22 82 23 28 27 38 23 24 25 74 23 87 88 612 23 39 21 31
leaf_count=29 24 31 22 38 24 35 26 27 89 31 22 72 22 82 23 28 27 38 23 24 25 74 23 87 88 612 23 39 21 31
internal_value=1.45095e-12 1.01522e-05 -3.44709e-06 7.60815e-06 0.00051747 -1.1869e-05 6.09457e-06 2.2613e-05 0.000394909 0.000162194 -1.62009e-05 0.000462724 -5.19742e-05 -3.45217e-05 -5.30167e-05 -0.00032798 -0.000485349 -0.000859174 -0.00151532 -0.0022532 -8.84586e-05 1.35023e-05 0.000311506 0.000547893 0.000146535 -9.47182e-05 -0.000135917 -0.000897608 -6.47948e-05 -0.000940439
internal_weight=1760 1736 1707 1685 62 1623 1588 1557 147 120 1410 98 1312 1290 1268 247 219 137 74 51 63 1021 272 198 111 749 726 62 664 52
internal_count=1760 1736 1707 1685 62 1623 1588 1557 147 120 1410 98 1312 1290 1268 247 219 137 74 51 63 1021 272 198 111 749 726 62 664 52
is_linear=0
shrinkage=0.05


Tree=214
num_leaves=31
num_cat=0
split_feature=194 169 156 280 186 227 290 301 310 280 298 314 304 287 179 137 334 323 226 190 193 119 309 302 110 336 325 171 220 92
split_gain=0.00521586 0.00776268 0.0150652 0.0107663 0.00796549 0.0121273 0.0120404 0.0104504 0.0100779 0.0112326 0.0280276 0.0219109 0.016004 0.0113473 0.0159989 0.0109092 0.0114496 0.0112532 0.0191365 0.0166883 0.019136 0.0354021 0.0176151 0.0153586 0.0134049 0.0222287 0.0328758 0.0191677 0.0177178 0.0235861
threshold=-0.083853607207984543 0.045147939626039656 0.0096726184163053591 -0.0046221961103158167 -0.038875104738649711 -0.02671259952534329 0.081539157790777431 -0.015403595042038918 0.050527430630289048 0.05569761054137045 0.074819620606316722 -0.012909274453270876 0.0070078519802539612 -0.080707930499865202 0.0033959035109059751 0.069268915903175757 0.064344819393349864 0.021937278619538782 -0.00049509295997825762 -0.026373449555419547 0.020758211769768987 0.022303963506206424 0.0048625702652233755 -0.00051341965122210932 -0.023827857439149752 0.00012745862417358182 0.0076567820463112292 0.0034403963821269608 -0.097131209663421689 0.0017269603092814145
decision_type=2 2 2 2 2 2 2 2 2 2 2 2 2 2 2 2 2 2 2 2 2 2 2 2 2 2 2 2 2 2
left_child=-1 4 3 -3 5 -2 8 -7 9 10 13 -11 -13 14 -6 16 17 19 23 -15 24 22 -22 -19 25 -21 27 -27 29 -26
right_child=1 2 -4 -5 6 7 -8 -9 -10 11 -12 12 -14 15 -16 -17 -18 18 -20 20 21 -23 -24 -25 28 26 -28 -29 -30 -31
leaf_value=-0.00078327985635648172 -0.00051058529037012099 0.00051111664700632291 0.0012914967298617258 -0.00093710217936729488 4.2944164559467819e-05 0.0016604102015464932 -0.0011522723291515528 0.00032881982787796187 0.00046170236046418729 0.0017408799808472397 -0.0015328948005899844 -0.00077583419446124353 0.00078135857228048592 0.00072006797631729569 -0.0018906721484381708 -0.00095702647423980046 -0.0009409282292608623 0.00030117105793258715 -0.00010946628542623382 0.00013985839909626962 -0.0011306888602960568 -0.0022444220938205978 0.00056753467950919595 0.0014519963020278256 0.0023133202638382501 -0.0010319010213654684 -0.002209367724153157 0.00065876044172910044 1.1258696771902825e-06 4.7894170718252475e-05
leaf_weight=21 24 33 34 21 23 23 24 41 100 25 33 33 33 64 20 31 32 71 127 99 26 29 37 49 20 38 33 30 559 27
leaf_count=21 24 33 34 21 23 23 24 41 100 25 33 33 33 64 20 31 32 71 127 99 26 29 37 49 20 38 33 30 559 27
internal_value=-6.75507e-13 9.45881e-06 0.000467029 -5.20796e-05 -1.49302e-05 0.00044792 -4.09896e-05 0.00080736 -2.36596e-05 -5.73888e-05 -9.36845e-05 0.000480267 2.76219e-06 -5.75674e-05 -0.000856412 -3.05625e-05 -7.41954e-06 1.72887e-05 0.000318335 -6.0007e-05 -0.000115602 -0.000798776 -0.000133319 0.000771091 -3.76224e-05 -0.000392563 -0.000914441 -0.000286021 7.95197e-05 0.00101191
internal_weight=1760 1739 88 54 1651 88 1563 64 1539 1439 1348 91 66 1315 43 1272 1241 1209 247 962 898 92 63 120 806 200 101 68 606 47
internal_count=1760 1739 88 54 1651 88 1563 64 1539 1439 1348 91 66 1315 43 1272 1241 1209 247 962 898 92 63 120 806 200 101 68 606 47
is_linear=0
shrinkage=0.05


Tree=215
num_leaves=31
num_cat=0
split_feature=0 4 336 122 251 173 176 317 314 246 336 277 292 332 303 156 144 156 234 260 230 206 176 220 237 125 292 151 204 239
split_gain=0.00515115 0.0102016 0.00685025 0.0137026 0.0173273 0.0119696 0.0136801 0.0143002 0.0125041 0.0229298 0.0110906 0.0114821 0.0124448 0.0113503 0.0117976 0.0117864 0.0156524 0.0210727 0.0216464 0.025551 0.0371389 0.0195871 0.0529446 0.0286611 0.018306 0.018907 0.0179501 0.0158906 0.0176067 0.015143
threshold=11.083556880738579 6.7833245593222182 0.0099019724634133392 -0.059435781087347282 0.067182472842861621 0.015179355025651983 0.028686551920162607 -0.03186567723975757 -0.010218637948289191 -0.0039000213047717344 0.0094274162501704947 0.088470103549434714 0.065724010333972363 0.055701130534857229 -0.071147961168459325 -0.0012826539136916429 0.0050352926385248227 0.0024906679673134158 0.0011407967397850695 -0.0003424724196964109 -0.0080005660271639453 0.0043441506148215866 0.027427823793063019 -0.015589695691340199 -0.015429722849542934 -0.0073103498449282548 0.0035836758900920432 0.00017437144676435686 -0.00039938465909228506 -0.0066955969865302636
decision_type=2 2 2 2 2 2 2 2 2 2 2 2 2 2 2 2 2 2 2 2 2 2 2 2 2 2 2 2 2 2
left_child=1 2 10 -4 5 6 7 -5 -7 -10 11 12 13 14 -1 29 21 -18 27 20 -20 24 23 -23 25 -17 -21 28 -19 -16
right_child=-2 -3 3 4 -6 8 -8 -9 9 -11 -12 -13 -14 -15 15 16 17 18 19 26 -22 22 -24 -25 -26 -27 -28 -29 -30 -31
leaf_value=-0.0012069051536465331 -0.00079785797512158755 0.0011319104160065763 -0.00093931606118400994 0.00094717016378423552 0.0012101428107062254 0.00032653388964031275 0.0011721310481064124 2.2005009929603872e-05 -0.0016211358135074586 8.926476429075783e-05 -0.001240778040373698 -0.0011350626567339837 0.00088478268407925502 -0.0010537766651915652 0.00054782498283562151 -0.0005521134909940884 -0.00097313995915150424 -0.0017318699907045811 0.00032038202381954759 -0.00092280399893008343 0.0033674659876851368 -0.0015753542280435796 -0.0030104624829618842 0.00028303381751372357 -0.00040792076311643342 0.001375025929955882 0.00093249700144326653 0.0004112456678971256 6.4763428357158178e-05 -4.0285075593175469e-05
leaf_weight=21 20 20 28 49 39 49 37 283 36 43 20 24 36 28 172 20 37 25 20 22 20 32 24 59 135 35 32 63 30 301
leaf_count=21 20 20 28 49 39 49 37 283 36 43 20 24 36 28 172 20 37 25 20 22 20 32 24 59 135 35 32 63 30 301
internal_value=-5.49624e-13 9.17078e-06 -3.88433e-06 0.000138972 0.0001953 0.000115665 0.000260183 0.00015855 -0.000300956 -0.000690158 -7.35822e-05 -5.3033e-05 -2.96798e-05 -6.02752e-05 -3.37313e-05 -9.74234e-06 -0.000166255 0.000127886 0.000320046 0.000886119 0.00184392 -0.000406391 -0.000921421 -0.000370465 -9.46614e-05 0.000674248 0.000176634 -0.000130893 -0.000751888 0.000173573
internal_weight=1760 1740 1720 564 536 497 369 332 128 79 1156 1136 1112 1076 1048 1027 554 249 212 94 40 305 115 91 190 55 54 118 55 473
internal_count=1760 1740 1720 564 536 497 369 332 128 79 1156 1136 1112 1076 1048 1027 554 249 212 94 40 305 115 91 190 55 54 118 55 473
is_linear=0
shrinkage=0.05


Tree=216
num_leaves=31
num_cat=0
split_feature=203 203 251 303 196 177 220 150 265 189 279 47 219 220 147 329 87 299 238 81 137 252 214 231 203 336 265 7 156 259
split_gain=0.00512485 0.0128732 0.0123183 0.0106679 0.0141368 0.0275912 0.01434 0.0281943 0.0251968 0.0268625 0.0226471 0.0208418 0.0146253 0.0278229 0.0141837 0.0135682 0.013148 0.0126305 0.011109 0.012577 0.0109548 0.0130228 0.0102348 0.0117736 0.0199927 0.0518513 0.0191865 0.015611 0.0217168 0.0149714
threshold=7.4349562267278976e-05 0.00054508696748742662 -0.088273698259516073 -0.032614635315340333 -0.027591050724360383 0.013186299751369462 -0.022648555285896089 -0.002045572296726353 -0.0049034911142119587 -0.00082108180796493723 -0.013349191491932188 1.0000000180025095e-35 0.082086569004411095 -0.01610583707538352 0.0038785528706966666 0.035643406613554467 -0.034618471024443119 0.0060648911951537562 -0.061564761452475678 -0.50118758548075115 -0.012905945425573271 -0.00085057396840865207 -0.088274729930447202 0.00046622296736634265 -0.003300429029319782 0.0024477571708462404 -0.052978261452672079 0.032608936443587873 0.049429142142101139 0.03072498561817567
decision_type=2 2 2 2 2 2 2 2 2 2 2 2 2 2 2 2 2 2 2 2 2 2 2 2 2 2 2 2 2 2
left_child=2 -2 -1 15 5 -5 7 8 -6 -10 -9 12 13 -8 17 16 -3 -12 -15 -20 21 -21 -4 24 26 -26 -24 -25 -29 -28
right_child=1 3 22 4 6 -7 11 10 9 -11 14 -13 -14 18 -16 -17 -18 -19 19 20 -22 -23 23 27 25 -27 29 28 -30 -31
leaf_value=0.0011105487793905749 0.0013080149506484824 0.0018475826655048877 0.00092521652176915476 0.00019284254862709946 0.00010602577069741008 -0.0016736355353107986 -0.001612216728370123 -0.0014639384831146649 0.003208097510061981 0.00080375608460879185 -0.00074737191266779392 -0.0016313227012731313 0.00078615319621167142 -0.00080007372982949263 0.001247436219217399 -0.00069928389497190017 0.00043309164630836287 0.00080369560136681517 0.00078971976165323411 5.9548027419734011e-05 0.00014224405329150614 -0.0013066467255791368 -0.0014732869495034081 0.0013246642439546784 0.00024393558013453633 -0.0028008935955801499 -0.00025054781053690837 4.8159151036583072e-05 -0.0014417854960951306 0.00067975917080953226
leaf_weight=21 21 20 23 44 35 36 29 24 21 26 35 21 50 39 26 21 92 21 54 37 200 33 27 22 29 27 235 412 26 53
leaf_count=21 21 20 23 44 35 36 29 24 21 26 35 21 50 39 26 21 92 21 54 37 200 33 27 22 29 27 235 412 26 53
internal_value=2.60595e-12 8.48373e-05 -8.58068e-05 5.51073e-05 -1.98337e-05 -0.000647073 5.72463e-05 0.000425516 0.00112169 0.00187804 -0.000113034 -9.22887e-05 -1.91672e-05 -0.000121887 0.000282353 0.000467001 0.000685679 -0.000165722 -2.82441e-06 9.31408e-05 -4.6175e-05 -0.000584515 -0.000115225 -0.000144022 -0.000353586 -0.00122411 -0.000198826 2.49951e-05 -4.02851e-05 -7.93455e-05
internal_weight=1760 885 875 864 731 80 651 188 82 47 106 463 442 392 82 133 112 56 363 324 270 70 854 831 371 56 315 460 438 288
internal_count=1760 885 875 864 731 80 651 188 82 47 106 463 442 392 82 133 112 56 363 324 270 70 854 831 371 56 315 460 438 288
is_linear=0
shrinkage=0.05


Tree=217
num_leaves=31
num_cat=0
split_feature=9 93 93 334 235 173 320 194 243 91 307 261 168 320 148 244 330 312 291 316 192 116 313 118 267 274 9 181 216 177
split_gain=0.00504157 0.0125524 0.0274957 0.0214153 0.0166047 0.0194464 0.0227879 0.0202661 0.0197482 0.0184399 0.0242363 0.0329351 0.0137385 0.0130743 0.016151 0.0182279 0.0256722 0.0265553 0.0173524 0.0148158 0.0171827 0.0167556 0.0196559 0.0142839 0.0198062 0.0126608 0.0124001 0.0292591 0.0148028 0.0136393
threshold=0.02055297407116851 -0.0119780876221277 -0.0092192670411591505 0.0010511429604732896 0.0035424570715568483 -0.0034821749070166699 -0.012424386365075377 -0.0055682909936719529 -0.0012798914367505541 -0.016324805086024755 -0.0021700304392056904 0.0018571670152281938 0.0081666996172498896 0.0084203853364553122 -0.016326180207341015 -0.0020356081172439263 0.0099636594183466608 0.0069789330323602131 -0.0099131972910762502 0.030647658335797925 0.020719835094014281 -0.0014809667784781973 -0.017660424929136779 0.011210147401149504 0.0008831185394267047 0.0053772368180128307 0.016694537346711263 0.030876546227336713 -0.034729474672604115 0.015459411290531392
decision_type=2 2 2 2 2 2 2 2 2 2 2 2 2 2 2 2 2 2 2 2 2 2 2 2 2 2 2 2 2 2
left_child=26 4 3 -3 9 7 -7 -6 -8 -2 11 -11 -9 19 18 25 17 -17 -15 20 21 -4 -23 24 -24 -16 29 28 -28 -1
right_child=1 2 13 -5 5 6 8 12 -10 10 -12 -13 -14 14 15 16 -18 -19 -20 -21 -22 22 23 -25 -26 -27 27 -29 -30 -31
leaf_value=0.00016428390077569566 0.00014639896955019583 1.8897506829705977e-05 -0.00011621791848281444 -0.0020933345045445356 -0.00069145124843565837 -0.0018926626859783113 0.0007740999023452687 0.0018361958752696713 -0.00088204301104673915 0.0035375982674304401 0.0003204264369797612 0.00070251030005497993 0.00014439398888498544 0.0013852611273510516 -0.00058701124247531166 -0.00052574732916956933 0.00016114844765979797 -0.0025325418524175802 -0.00035979441303864189 -0.00049852887339575473 0.0014393007560904473 -0.00036326208592072365 0.0027679624911841182 0.00017089037968876907 0.00082564023897118343 0.00065247621956384847 -0.001136652919034104 -0.0019237492732697451 1.538680734219886e-05 -0.00039898738072173426
leaf_weight=442 74 21 144 28 21 22 36 30 36 20 37 21 20 28 38 34 36 32 29 57 34 32 21 28 35 45 34 28 155 142
leaf_count=442 74 21 144 28 21 22 36 30 36 20 37 21 20 28 38 34 36 32 29 57 34 32 21 28 35 45 34 28 155 142
internal_value=1.32829e-12 7.73399e-05 -4.97722e-05 -0.00118809 0.000334772 -1.2553e-05 -0.000484304 0.000612018 -5.39716e-05 0.000711803 0.00124821 0.00208548 0.00115948 4.42879e-05 -0.000238459 -0.000465191 -0.000912896 -0.00149874 0.000497426 0.00023923 0.000382265 0.000244038 0.000691251 0.00109297 0.00155401 8.5e-05 -9.25954e-05 -0.000415328 -0.000191858 2.73241e-05
internal_weight=1760 959 642 49 317 165 94 71 72 152 78 41 50 593 242 185 102 66 57 351 294 260 116 84 56 83 801 217 189 584
internal_count=1760 959 642 49 317 165 94 71 72 152 78 41 50 593 242 185 102 66 57 351 294 260 116 84 56 83 801 217 189 584
is_linear=0
shrinkage=0.05


Tree=218
num_leaves=31
num_cat=0
split_feature=278 244 191 178 113 289 321 289 299 196 319 259 241 4 299 220 309 184 332 299 156 254 104 267 96 326 171 153 82 324
split_gain=0.00493657 0.00729018 0.00626031 0.0171948 0.0267375 0.0115148 0.0112249 0.0100239 0.00936728 0.0140802 0.015862 0.0171299 0.0155906 0.0121678 0.0112987 0.0240577 0.0251636 0.0343049 0.0244295 0.0202661 0.0362924 0.0168702 0.0159395 0.0138373 0.0136575 0.0263459 0.0210368 0.0138032 0.0123824 0.0128864
threshold=-0.10217048451794801 0.10064326911149801 -0.032272493124503386 0.00026790694246613865 0.0052854683811888112 0.090615686794628933 0.083419694340032505 0.067003592510880103 -0.020830489107894427 -0.029829488392376997 -0.008442201699441737 -0.017812329063114047 0.0015603868194490058 1.2424533248940004 -0.0062715299094495231 0.0030420537589410167 -0.012734399363555427 0.0042050979707971801 -0.011827972094259486 -0.0028626889770953135 0.0035380412176607705 -0.00088538269801323574 0.019360101144917524 0.0074833682139241273 0.064516756529473571 -0.0066682066894011276 -0.0011047656862734703 0.010840457810588901 0.48614600781336287 0.0030638524320527705
decision_type=2 2 2 2 2 2 2 2 2 2 2 2 2 2 2 2 2 2 2 2 2 2 2 2 2 2 2 2 2 2
left_child=-1 2 3 -2 -5 6 7 8 9 -4 11 -11 -12 -14 15 16 17 -10 -18 20 23 -20 -17 -16 28 -26 -27 -28 29 -21
right_child=1 -3 5 4 -6 -7 -8 -9 14 10 12 -13 13 -15 19 22 18 -19 21 24 -22 -23 -24 -25 25 26 27 -29 -30 -31
leaf_value=-0.00076202055428265826 0.00024963892656020248 0.00070353568125692374 -0.00073324007115682915 -0.00025483144557683217 -0.0024242426754790361 0.001027003454302238 0.0010767351153238756 -0.00086194894256015489 -0.0032064702765307049 0.0016831329731881067 0.00048544976940536455 0.00039191483559815907 6.8060293469224476e-05 -0.0010997762815110801 -0.00085644188498421991 0.00048452580431734935 -0.0014263937206123957 -0.00038118990532460715 0.0012653913218528033 0.0002772855372790755 0.002518870107385076 -0.00053712869304473759 -0.00078621453788347184 0.00084735773181399479 -0.0020511304751077357 0.0011005326800564627 -0.0017260212617111394 0.00013161005306756125 -0.0007633329369437366 -0.00015969158248132421
leaf_weight=21 65 37 34 49 20 28 24 34 22 37 101 84 54 38 22 90 32 21 25 366 22 27 34 26 24 23 20 20 47 313
leaf_count=21 65 37 34 49 20 28 24 34 22 37 101 84 54 38 22 90 32 21 25 366 22 27 34 26 24 23 20 20 47 313
internal_value=1.18555e-12 9.20209e-06 -5.89212e-06 -0.000333918 -0.000883646 2.21407e-05 3.87051e-06 -1.31142e-05 6.35979e-06 0.000233278 0.000337933 0.00078675 5.65502e-05 -0.000414307 -6.32765e-05 -0.000359297 -0.000842989 -0.00182668 -0.000339432 2.08698e-05 0.00083721 0.000329467 0.000136097 6.64496e-05 -4.94178e-05 -0.000641415 -0.000104381 -0.000797206 2.1524e-05 7.58513e-05
internal_weight=1760 1739 1702 134 69 1568 1540 1516 1482 348 314 121 193 92 1134 251 127 43 84 883 70 52 124 48 813 87 63 40 726 679
internal_count=1760 1739 1702 134 69 1568 1540 1516 1482 348 314 121 193 92 1134 251 127 43 84 883 70 52 124 48 813 87 63 40 726 679
is_linear=0
shrinkage=0.05


Tree=219
num_leaves=31
num_cat=0
split_feature=185 320 334 180 102 193 193 143 277 271 250 257 336 321 284 302 193 293 334 216 105 114 116 112 334 272 103 198 267 259
split_gain=0.00485378 0.00696997 0.00598104 0.00968195 0.0169501 0.00685273 0.0199826 0.0245736 0.0126309 0.0101607 0.0149596 0.011365 0.00886226 0.00905779 0.0102438 0.0100032 0.0141028 0.00975137 0.0141536 0.0212227 0.0268754 0.0220097 0.0249609 0.0184642 0.0167827 0.035416 0.0164905 0.016296 0.0163077 0.0174185
threshold=0.075952475439999834 0.088112010864182064 0.064344819393349864 0.051181190074135248 -0.016134530708256645 0.022340338717594676 0.027466993714453214 1.0000000180025095e-35 -0.091665612691824161 0.04368900811142757 -0.030728991129776041 -0.042708165560376009 0.072143948997580906 0.039733659648329825 0.00430049308123017 -0.066622561134420832 -0.055723301849001323 -0.013253067522158667 -0.001448054905470149 -0.015123607251647591 0.0074652913380951627 -0.020193277268123245 0.015084611943782395 -0.029810287557861782 -0.0059055203246329542 -0.00062773616583913555 -0.034634977619297132 0.0093009376020874949 -0.049520919080343569 0.0026118506214701516
decision_type=2 2 2 2 2 2 2 2 2 2 2 2 2 2 2 2 2 2 2 2 2 2 2 2 2 2 2 2 2 2
left_child=1 2 3 5 -5 8 7 -7 -1 10 -8 -12 13 15 -15 -10 -17 -18 24 20 21 -20 23 -23 27 -26 -22 28 -19 -30
right_child=-2 -3 -4 4 -6 6 9 -9 12 -11 11 -13 -14 14 -16 16 17 18 19 -21 26 22 -24 -25 25 -27 -28 -29 29 -31
leaf_value=0.0010482256034932411 -0.00070619239728936624 0.00089407353079877798 -0.00063039638240494449 -0.00013465959085873761 0.0017349942857187918 -1.4043017775596432e-05 -0.0012456484160524 -0.0022539341025985776 -0.00089559902037088322 0.00087535010706805798 -0.0010486556240357459 0.00024707688453418086 -0.00083881376621623835 0.00010004162422514389 0.0011030827769900498 0.0011892087389715018 0.00019630397029796241 -0.0016594010454718958 -0.0028179198902216745 -3.2350825997071285e-05 -0.0012756248368532399 -0.00056003836274612698 0.00036178160977821488 -0.0026591402695471931 -0.00042860163393925181 0.0018157546939432789 0.00041379301236212584 0.00048653954346112487 -0.00072317754906506694 0.00026125007275025057
leaf_weight=30 24 22 37 27 22 24 27 25 31 27 20 110 30 70 40 25 382 20 20 258 20 20 24 22 32 39 52 96 78 106
leaf_count=30 24 22 37 27 22 24 27 25 31 27 20 110 30 70 40 25 382 20 20 258 20 20 24 22 32 39 52 96 78 106
internal_value=-2.44737e-13 9.76303e-06 -1.58751e-06 1.2286e-05 0.000704777 -8.55676e-06 -0.000259563 -0.00115684 3.33675e-05 -2.06126e-05 -0.000174695 4.77334e-05 1.10629e-05 3.01613e-05 0.000464784 -8.86603e-06 1.41564e-05 -1.09731e-05 -0.000111583 -0.000311825 -0.000768182 -0.00136485 -0.000924532 -0.00165957 0.000112948 0.000804214 -5.54897e-05 -5.06519e-05 -0.000303448 -0.000156062
internal_weight=1760 1736 1714 1677 49 1628 233 49 1395 184 157 130 1365 1335 110 1225 1194 1169 787 416 158 86 66 42 371 71 72 300 204 184
internal_count=1760 1736 1714 1677 49 1628 233 49 1395 184 157 130 1365 1335 110 1225 1194 1169 787 416 158 86 66 42 371 71 72 300 204 184
is_linear=0
shrinkage=0.05


Tree=220
num_leaves=31
num_cat=0
split_feature=2 52 67 96 298 321 67 87 321 237 294 127 127 240 125 237 325 1 325 285 319 245 325 308 319 188 254 114 290 238
split_gain=0.00475903 0.00820048 0.00754063 0.006357 0.0150474 0.00905384 0.00888614 0.00820143 0.00814722 0.00793069 0.0188098 0.0190171 0.0231622 0.0175713 0.0141545 0.0127641 0.0104845 0.0283565 0.0211506 0.0347788 0.0159583 0.0194955 0.0241486 0.0209507 0.0193142 0.0157399 0.0209095 0.0156029 0.0142566 0.0138981
threshold=6.0390628155997765 1.4978661367769956 2.602003343538398 -0.037993724511143835 0.017409127072248693 0.083419694340032505 1.4978661367769956 0.033003032125260734 0.069896098959023142 -0.041981281496676646 0.043729495202567067 0.055823471235429599 0.043437088396651245 0.018542964641167906 -0.01089976838167458 -0.039166847316092122 -0.0012311161028990228 5.1386965958682636 0.0020824909448522015 1.0000000180025095e-35 -0.010639320925623379 -0.044161551235561917 0.018507233796506335 -0.0062349197152480095 -0.0077869579317997092 -0.014129255260046597 -0.040123169703253046 -0.015990472557259449 0.020128459466189356 0.013791644622252731
decision_type=2 2 2 2 2 2 2 2 2 2 2 2 2 2 2 2 2 2 2 2 2 2 2 2 2 2 2 2 2 2
left_child=1 2 3 4 7 6 8 -1 9 10 11 12 13 14 -5 -11 17 25 19 -18 21 -20 23 -23 -22 26 -17 -28 29 -27
right_child=-2 -3 -4 5 -6 -7 -8 -9 -10 15 -12 -13 -14 -15 -16 16 18 -19 20 -21 24 22 -24 -25 -26 28 27 -29 -30 -31
leaf_value=-0.00053027908294461671 -0.00067144550266675653 0.00077893292045165953 -0.00094690639165318803 -0.0010358000153510441 -0.0014611258355823036 0.00099789810410584319 0.00099453280550812419 0.00036243096615609557 -0.00097368642898453851 -0.0011756271873309744 0.0013873316218836629 0.0011911084763329095 -0.0013183437295992918 0.0012025883541355144 0.00020848119531218873 -0.0017764454642828142 -0.00020377927617768626 -0.0014813637974695763 -0.00067269877078669034 0.0019807754885589118 -0.0015700564872848034 0.002776463375776075 0.00016384845477796753 0.00074783939454521587 -7.1789939722227903e-05 -0.0003352648763202432 -0.0012359455291579221 0.00010324722183861599 0.00062290351189164394 0.0003348591670877022
leaf_weight=50 26 34 21 31 24 24 23 53 21 24 33 34 32 32 87 27 35 38 34 38 23 20 93 35 332 198 29 87 95 127
leaf_count=50 26 34 21 31 24 24 23 53 21 24 33 34 32 32 87 27 35 38 34 38 23 20 93 35 332 198 29 87 95 127
internal_value=7.47233e-13 1.00678e-05 -5.30949e-06 6.46748e-06 -0.000333639 3.42983e-05 1.91633e-05 -7.09234e-05 4.25729e-06 1.80961e-05 0.000275516 0.000105655 -9.71215e-05 0.000163406 -0.000118406 -3.38048e-05 -1.11757e-05 -0.000159393 0.000134855 0.000933386 2.63021e-05 0.000406977 0.00065501 0.00148552 -0.000168861 -7.0166e-05 -0.000523244 -0.000231551 8.40964e-05 -7.3401e-05
internal_weight=1760 1734 1700 1679 127 1552 1528 103 1505 1484 249 216 182 150 118 1235 1211 601 610 73 537 182 148 55 355 563 143 116 420 325
internal_count=1760 1734 1700 1679 127 1552 1528 103 1505 1484 249 216 182 150 118 1235 1211 601 610 73 537 182 148 55 355 563 143 116 420 325
is_linear=0
shrinkage=0.05


Tree=221
num_leaves=31
num_cat=0
split_feature=272 143 155 283 277 315 272 61 120 334 237 207 306 213 160 283 202 255 306 321 94 145 222 96 255 208 274 274 177 86
split_gain=0.00463822 0.01494 0.0153016 0.014366 0.0234636 0.0132556 0.0119183 0.00940008 0.00880045 0.00805026 0.00819542 0.00861623 0.0171146 0.0163315 0.0254479 0.0237154 0.0166827 0.0165781 0.0150418 0.0211728 0.0405266 0.0184608 0.0147586 0.01438 0.0244339 0.0161043 0.0143499 0.0307058 0.0191767 0.0346959
threshold=-0.041379279456407257 0.021557500826933865 -0.01175021783257218 -0.017322745634626529 -0.023804090514790901 0.0046616279057711783 -0.036841718604219371 1.8688348091416842 -0.010057498796052529 0.064344819393349864 0.14666913033679238 1.0000000180025095e-35 0.026981209208124874 0.10932867224532984 0.0074971053200302311 0.00053295351644501909 -0.032024465974640981 -0.0047479761155871944 0.02642087340322127 -0.0018523260639586282 -0.022237925190779492 0.003255305290398912 0.01511232013528588 0.0038993918052215217 0.0038110504665488003 -0.0047551505242454948 0.00029400939320428827 -0.0017049814577855215 0.0074671098948664626 -0.11334611470318821
decision_type=2 2 2 2 2 2 2 2 2 2 2 2 2 2 2 2 2 2 2 2 2 2 2 2 2 2 2 2 2 2
left_child=1 2 5 7 -5 -1 -2 -4 -6 10 11 12 13 16 15 -15 -8 22 26 -20 -21 -22 -18 24 -19 -26 27 -13 29 -28
right_child=6 -3 3 4 8 -7 9 -9 -10 -11 -12 18 -14 14 -16 -17 17 23 19 20 21 -23 -24 -25 25 -27 28 -29 -30 -31
leaf_value=-0.0012152638959536412 -0.00094308649489123909 -0.00076983463950455191 0.00071412601812173516 0.0026032449863851071 0.0013873558248054575 0.00029818761253502606 -0.0012780759206587643 -0.00061787663188834607 0.00010394546494781559 -0.00088188434467436044 0.00090322536887833859 0.00031859985237453237 0.00035008632013076835 -0.00046674304903717714 0.00011209248065521631 -0.0022816264827270061 0.00018259046174935067 -0.0022215785532136495 0.0003335047925339904 -0.0023694619430553476 0.00062576398672212642 -0.0011428716209484263 0.0016151222660937493 8.2953621379353791e-05 -0.0014813166912063026 -2.0472273788002964e-07 -0.0023473383134114557 0.0022554243970344858 0.00042937455115839664 -0.00012000382062560283
leaf_weight=23 35 33 27 20 22 39 29 26 34 26 25 293 143 36 48 36 125 21 69 29 36 25 21 132 24 78 20 22 124 139
leaf_count=23 35 33 27 20 22 39 29 26 34 26 25 293 143 36 48 36 125 21 69 29 36 25 21 132 24 78 20 22 124 139
internal_value=1.38584e-12 0.00021255 0.000382281 0.000692539 0.00113317 -0.000263254 -3.09969e-05 6.06908e-05 0.000608142 -9.72895e-06 5.64463e-06 -9.8309e-06 -0.000137218 -0.000263917 -0.000779674 -0.00137418 -0.000119985 -3.62331e-05 0.000106787 -0.000325452 -0.000830652 -9.90867e-05 0.00038864 -0.000279493 -0.000668461 -0.000348702 0.000221713 0.00045387 -3.66956e-05 -0.000400172
internal_weight=1760 224 191 129 76 62 1536 53 56 1501 1475 1450 693 550 120 72 430 401 757 159 90 61 146 255 123 102 598 315 283 159
internal_count=1760 224 191 129 76 62 1536 53 56 1501 1475 1450 693 550 120 72 430 401 757 159 90 61 146 255 123 102 598 315 283 159
is_linear=0
shrinkage=0.05


Tree=222
num_leaves=31
num_cat=0
split_feature=183 278 276 183 9 183 324 167 238 162 175 173 246 255 315 183 119 264 61 319 150 187 209 314 247 104 184 230 234 117
split_gain=0.00458379 0.0137115 0.0210582 0.0113009 0.0204559 0.0114062 0.0112211 0.0109879 0.0104011 0.00920392 0.0108001 0.00813391 0.0179307 0.0134953 0.0134087 0.0203477 0.0134052 0.0129067 0.0153209 0.0126004 0.0236924 0.0128675 0.0155826 0.0168043 0.0139402 0.0115855 0.0115095 0.0112595 0.0111369 0.0169589
threshold=-0.03194562977349498 -0.041097509663825367 0.023683022620181311 -0.025020697403297966 0.013575067750677508 -0.018740100747354629 -0.016159767754564767 -0.0071471198184327525 -0.02634000939089768 -0.0012594761134648027 0.0028108392323162872 -0.0034821749070166699 -0.10018337993090018 -0.0033237530088617902 0.04971749227683625 0.0080592329559596287 -0.075771736876992721 -0.0067144694062946835 2.524928003624769 -0.028888337327549821 0.0034046445762494757 -0.010161804448340446 0.74611816635391182 0.025603757682853365 -0.023473855301330743 -0.11171136377623017 0.017980533886810007 0.030318620219987158 0.0011407967397850695 -0.018311933556507318
decision_type=2 2 2 2 2 2 2 2 2 2 2 2 2 2 2 2 2 2 2 2 2 2 2 2 2 2 2 2 2 2
left_child=1 -1 6 4 -2 8 -3 -6 -5 10 -8 12 -7 17 16 -16 -13 26 -19 20 -15 24 23 27 -21 -18 -14 -23 -27 -30
right_child=3 2 -4 5 7 11 9 -9 -10 -11 -12 14 13 19 15 -17 25 18 -20 21 -22 22 -24 -25 -26 28 -28 -29 29 -31
leaf_value=0.0011952310147124434 -0.001999975590442773 -0.00061959033862323215 -0.0010150009866467574 0.0015594021219294519 0.00076308186121639755 0.001547052931328792 0.002005553953204071 -0.00073869112489648679 0.00025782131300674697 0.0001721537336869425 0.00038205814032283214 -0.0010950377090804039 0.00025137007239087026 -0.002169856536576325 -0.0018692969603257047 -1.8477998056561885e-05 -0.0012216206081211568 0.00038014326256680147 0.001675066507596057 -0.0001012800559472067 5.1835658892481917e-05 0.00042113421231507485 -0.0015124237611113737 -0.0011882328029189791 0.001401324576401184 -0.0001779749906958903 -0.000913807894046899 -0.00058455874386709183 0.00077297535796484837 -1.5241618970999991e-05
leaf_weight=31 20 23 36 20 21 21 20 29 66 52 21 31 67 21 27 33 20 124 28 33 28 104 21 28 29 405 31 38 96 236
leaf_count=31 20 23 36 20 21 21 20 29 66 52 21 31 67 21 27 33 20 124 28 33 28 104 21 28 29 405 31 38 96 236
internal_value=1.6889e-12 0.000236873 4.1419e-05 -2.74875e-05 -0.000648526 1.35965e-06 0.000369273 -0.000107946 0.000560515 0.000613831 0.00117401 -3.24808e-05 0.000113046 5.84914e-05 -0.000130814 -0.000851347 -7.59516e-05 0.000330214 0.000618682 -0.000166444 -0.000900318 -2.43104e-05 -0.00022747 -6.874e-05 0.000601551 -3.42189e-05 -0.000117207 0.000152005 -1.99628e-06 0.000212677
internal_weight=1760 183 152 1577 70 1507 116 50 86 93 41 1421 573 552 848 60 788 250 152 302 49 253 191 170 62 757 98 142 737 332
internal_count=1760 183 152 1577 70 1507 116 50 86 93 41 1421 573 552 848 60 788 250 152 302 49 253 191 170 62 757 98 142 737 332
is_linear=0
shrinkage=0.05


Tree=223
num_leaves=31
num_cat=0
split_feature=203 203 251 220 143 312 85 145 118 175 235 257 324 275 281 335 118 257 275 261 113 295 329 277 300 323 7 323 130 96
split_gain=0.00456916 0.0114404 0.0113903 0.00924954 0.0113185 0.0197077 0.0357568 0.0309265 0.0305581 0.021481 0.0207468 0.0162385 0.0236693 0.015795 0.0277724 0.0271409 0.015334 0.0141528 0.0105716 0.0100761 0.0166315 0.0148982 0.0166779 0.0112861 0.00966859 0.00905818 0.0158354 0.015329 0.0304329 0.0135838
threshold=7.4349562267278976e-05 0.00054508696748742662 -0.088273698259516073 0.090583374593830424 -0.002463758296483039 0.0018228830112282386 0.19376598081662777 0.01084479681410448 -0.0069620564459495181 -0.011578588620778069 0.0035424570715568483 -0.0058271620783434492 0.0050883226571958005 -0.018258838540366185 -0.028253564576248332 0.0098688331224304083 0.01565351910206159 -0.0012821120176890648 -0.037470233615137342 -0.02347675605079887 -0.00011032965398837744 0.0067134742389128024 -0.0024942658755893999 0.0021584505381684002 -0.0046884429836059468 -0.0017470422208330813 0.031209415584415586 -0.010130418948004405 0.015009689476356376 0.064516756529473571
decision_type=2 2 2 2 2 2 2 2 2 2 2 2 2 2 2 2 2 2 2 2 2 2 2 2 2 2 2 2 2 2
left_child=2 -2 -1 4 19 10 7 8 -7 -10 11 12 -6 18 -15 -16 -11 -9 -12 20 -4 -21 -23 -22 -13 26 -3 29 -29 -28
right_child=1 25 3 -5 5 6 -8 17 9 16 13 24 -14 14 15 -17 -18 -19 -20 21 23 22 -24 -25 -26 -27 27 28 -30 -31
leaf_value=0.0010693903480257308 0.0012332056633784392 -0.0011225053488964304 0.00030864255575579596 0.00039558686735179479 0.002274116410505182 -0.0024202609062194827 -0.0022545878376413679 -3.8728823253352729e-05 -0.0018491485937764602 0.00045862087985258366 -0.0004580214979276727 0.00077850927305205366 7.5826262589544064e-05 0.00042100372537970545 -0.00064973465375479814 -0.0030439660721458496 -0.0011562560998018376 0.0016286111871158936 0.00097204793613248823 -0.00010704005265795096 -0.00025630658536101696 0.0015113739397891455 0.0001889868846888021 -0.0018974279688501903 -0.00049155387630805296 -0.0001075828174416778 0.00021350634058912686 0.00027523939773299133 0.0021491374777785192 -0.00090862405282678095
leaf_weight=21 21 21 40 82 24 25 31 35 21 49 28 23 25 25 29 20 21 20 24 145 20 38 64 22 43 438 267 78 30 30
leaf_count=21 21 21 40 82 24 25 31 35 21 49 28 23 25 25 29 20 21 20 24 145 20 38 64 22 43 438 267 78 30 30
internal_value=-2.42189e-12 8.01059e-05 -8.10214e-05 -0.00010931 -0.000162939 -0.000327927 -0.000692194 -0.000408953 -0.000871962 -0.000446605 -2.26085e-05 0.000462986 0.00115254 -0.000465809 -0.000935088 -0.00162697 -2.58422e-05 0.000567577 0.000202011 5.9218e-05 -0.000421022 0.00021865 0.000681641 -0.00111594 -4.89561e-05 5.20791e-05 0.000216239 0.000285655 0.000795767 0.00010016
internal_weight=1760 885 875 854 772 443 202 171 116 91 241 115 49 126 74 49 70 55 52 329 82 247 102 42 66 864 426 405 108 297
internal_count=1760 885 875 854 772 443 202 171 116 91 241 115 49 126 74 49 70 55 52 329 82 247 102 42 66 864 426 405 108 297
is_linear=0
shrinkage=0.05


Tree=224
num_leaves=31
num_cat=0
split_feature=227 257 181 202 201 160 187 213 5 115 115 115 194 169 104 280 313 186 165 136 139 325 169 194 270 166 107 238 300 312
split_gain=0.00439609 0.0108953 0.0156928 0.0145703 0.0166527 0.0154979 0.0114013 0.0101775 0.0193599 0.00920407 0.0218651 0.0197874 0.0194214 0.0172506 0.0125585 0.0229395 0.015268 0.0255435 0.0151194 0.0250705 0.0124068 0.0147971 0.0133377 0.0256618 0.0114701 0.0172713 0.03005 0.0189313 0.0106633 0.0103907
threshold=0.029145529615572225 -0.016505986755472157 0.030073647438762421 0.0021315955935150279 -0.013665361554085721 -0.014991359729612843 0.014178319179027843 0.2477378194337897 3.4175922930736511 -0.022795869761319549 -0.020935051043771476 -0.026343983952561229 -0.0040021895143226719 0.035097217679329523 0.032288514062554223 -0.014334783629051965 0.019339302891172996 -0.0035701137843233898 -0.0094670700939299725 -0.006109957273920664 -0.018766875052350897 -0.049769335419710188 -0.037178839485886503 0.016908274968248763 0.034657862974438236 -0.012092166750307113 -0.01702455705280391 -0.010963613777258947 0.0054160531386951245 0.0034271452739925196
decision_type=2 2 2 2 2 2 2 2 2 2 2 2 2 2 2 2 2 2 2 2 2 2 2 2 2 2 2 2 2 2
left_child=7 6 3 4 -3 -6 -2 8 9 11 -11 13 -13 14 16 -16 18 -18 19 -1 -12 -22 23 -23 29 -26 -27 -28 -20 -24
right_child=1 2 -4 -5 5 -7 -8 -9 -10 10 20 12 -14 -15 15 -17 17 -19 28 -21 21 22 24 -25 25 26 27 -29 -30 -31
leaf_value=-0.0016730611009988933 1.0589919414390655e-05 -0.0017944554981857601 -0.0012735087125393977 0.00020015050886821188 -0.0013198206770337292 6.5568880352984135e-05 0.0012893216202349363 0.00088419190400080498 -0.0014856845319237827 -0.0014947040058323183 0.00034200641548003271 0.00013766145642401408 0.0021322703571058812 -0.0012696842161295492 -0.0017348559471429327 0.00019827770799900847 0.0023584538464395642 0.00022796475151314074 0.00095640859799459585 0.00050535096836808538 0.0009398572001814362 -0.0001066072946598165 0.00022543981770985655 -0.002319299162409152 0.00039520656891374315 0.00017435891539648626 -0.00070647456508595493 -0.002809845442559732 -0.00017298022614726727 -0.00022180308338732858
leaf_weight=25 72 22 36 136 27 80 23 35 21 25 210 23 26 21 21 57 24 34 57 28 33 38 283 20 34 33 20 23 33 240
leaf_count=25 72 22 36 136 27 80 23 35 21 25 210 23 26 21 21 57 24 34 57 28 33 38 283 20 34 33 20 23 33 240
internal_value=-1.02337e-12 -0.000146658 -0.000293998 -0.000160933 -0.00054161 -0.000284015 0.000320178 4.25782e-05 2.04138e-05 4.45943e-05 -3.54185e-05 0.000264457 0.00119603 0.000112301 0.000216322 -0.000322181 0.000425293 0.00110955 0.000147764 -0.000522202 3.64158e-06 -9.45029e-05 -0.000143901 -0.000869604 -7.74065e-05 -0.000541501 -0.000960554 -0.00183153 0.000542299 2.02041e-05
internal_weight=1760 396 301 265 129 107 95 1364 1329 1308 959 349 49 300 279 78 201 58 143 53 934 724 691 58 633 110 76 43 90 523
internal_count=1760 396 301 265 129 107 95 1364 1329 1308 959 349 49 300 279 78 201 58 143 53 934 724 691 58 633 110 76 43 90 523
is_linear=0
shrinkage=0.05


Tree=225
num_leaves=31
num_cat=0
split_feature=183 199 187 113 297 241 183 167 185 183 238 306 190 157 209 271 252 231 210 147 0 169 321 147 270 320 151 258 180 124
split_gain=0.0044235 0.01238 0.0127524 0.0119145 0.0261485 0.0121679 0.00989161 0.0186795 0.0198844 0.00985814 0.00940693 0.0078826 0.0110932 0.015187 0.01112 0.00826116 0.00888755 0.00891686 0.0142259 0.0169309 0.0204741 0.0425215 0.0215124 0.0269577 0.0181464 0.0176009 0.0200894 0.0142594 0.0212334 0.0126624
threshold=-0.03194562977349498 0.021218526110209131 0.0039876767751188171 0.0024920557726828322 -0.0012124241382708571 0.0040198328742082675 -0.025020697403297966 -0.013750656232823901 -0.003507073421882593 -0.018740100747354629 -0.02634000939089768 0.049113879344542553 0.0051767245326875041 -0.009555912199052519 0.054084398687976966 0.09001071590898814 -0.097017381340717176 0.0017539216264806569 0.019892797530790155 0.011955040575286083 6.6437888854364511 -0.0013707224927364192 0.013074020394497302 0.0017670784306382671 -0.036074741624890889 -0.027884984565566474 0.0079329906492127521 0.017762183108095981 0.0088937268101884886 -0.003289946526766264
decision_type=2 2 2 2 2 2 2 2 2 2 2 2 2 2 2 2 2 2 2 2 2 2 2 2 2 2 2 2 2 2
left_child=1 3 -3 -1 5 -5 7 -2 -9 10 -8 15 13 -13 -14 16 -11 18 19 20 22 -22 -18 27 -21 -26 -27 28 -24 -28
right_child=6 2 -4 4 -6 -7 9 8 -10 11 -12 12 14 -15 -16 -17 17 -19 -20 24 21 -23 23 -25 25 26 29 -29 -30 -31
leaf_value=0.00044459810942256204 0.00055955798446160297 0.0018585946222412445 9.4456022779922945e-05 0.0012107454317447264 -0.0016751316259615125 -0.00053338117635576049 0.0014697648730361834 -0.0002146414222661406 -0.0022757165635828806 -0.0010367028321828307 0.0002319482866644676 -0.00097284804692857768 0.0017001115757486096 0.00063361891628911475 0.00030009440914098481 0.00089360324835235428 -5.8485305100411847e-05 6.7635826680983988e-05 0.00092390345913978913 -0.001210071842360776 4.0475501170406534e-05 -0.0028780748213951789 -0.0018822721413259084 -0.0025441569450777024 -0.00066809940966777509 0.00015157581736975072 0.0023823624378895725 0.00044611774571455537 -1.6306928028502772e-05 0.00064405266588437367
leaf_weight=75 23 21 20 20 27 20 20 25 22 24 66 28 23 31 37 22 285 629 27 20 26 24 30 20 30 65 22 27 31 20
leaf_count=75 23 21 20 20 27 20 20 25 22 24 66 28 23 31 37 22 285 629 27 20 26 24 30 20 30 65 22 27 31 20
internal_value=-7.03308e-14 0.000232695 0.000998039 1.17154e-05 -0.000472855 0.000338682 -2.70027e-05 -0.000608028 -0.0011794 -1.40881e-08 0.000519813 -3.14744e-05 0.000358055 -0.000128772 0.000836768 -6.70765e-05 -8.35882e-05 -6.53758e-05 -0.000198812 -0.000249334 -0.000407452 -0.00136043 -0.000286209 -0.000887145 0.000196822 0.000402208 0.000702294 -0.000510551 -0.000933995 0.0015546
internal_weight=1760 183 41 142 67 40 1577 70 47 1507 86 1421 119 59 60 1302 1280 1256 627 600 443 50 393 108 157 137 107 88 61 42
internal_count=1760 183 41 142 67 40 1577 70 47 1507 86 1421 119 59 60 1302 1280 1256 627 600 443 50 393 108 157 137 107 88 61 42
is_linear=0
shrinkage=0.05


Tree=226
num_leaves=31
num_cat=0
split_feature=185 320 224 290 309 193 7 208 208 226 172 194 112 307 131 303 252 96 188 259 289 135 267 314 181 215 170 316 301 234
split_gain=0.00424924 0.00550773 0.00525824 0.0125171 0.0218808 0.023062 0.0181805 0.0174671 0.037251 0.0243649 0.0236715 0.0167026 0.0207241 0.0202771 0.0192135 0.0295017 0.0166352 0.0178976 0.0152949 0.0349864 0.0172621 0.0160849 0.0185014 0.01307 0.0123687 0.0114067 0.0206233 0.0101293 0.0160614 0.0179264
threshold=0.075952475439999834 0.088112010864182064 -0.0024253842386997202 -0.00086608544197667536 -0.0017398247729125029 0.022680873751257633 0.033361157484696723 0.0088049285223886064 0.0056406580850468279 0.049039968745080306 -0.019721459362641535 -0.0027256661286133538 0.0087062163827864806 -0.00078499865029646486 -0.0048061529310340556 0.00045596220678533551 -0.025084727035062222 -0.02153861682683143 0.00060982586558524609 0.0044482690414178131 -0.0086046236481437093 -0.019034301711084011 0.0044825536723498505 -0.0041513030122202338 -0.009509068709371413 0.0042155155053731292 0.0077219715540060262 -0.033422725373056586 0.0013611671505832346 0.038532115601495096
decision_type=2 2 2 2 2 2 2 2 2 2 2 2 2 2 2 2 2 2 2 2 2 2 2 2 2 2 2 2 2 2
left_child=1 2 27 6 5 18 -4 8 9 10 -8 14 -13 -14 15 -6 -12 -18 19 -5 -21 -20 24 -16 -23 -19 -27 -1 -29 -30
right_child=-2 -3 3 4 11 -7 7 -9 -10 -11 16 12 13 -15 23 -17 17 25 21 20 -22 22 -24 -25 -26 26 -28 28 29 -31
leaf_value=0.00057096373943471806 -0.00066075212889700203 0.00079523076578466741 -0.0016153055733108585 -0.0017503805593342373 0.00025916893779219166 -0.0017787002171288529 0.0010275869428629191 0.00029316785197588616 -0.0021476225894064426 -0.0015173168985711527 0.00064125117358727088 0.00046417541773172122 0.0002066016434049555 -0.0016797930759951539 -0.0005704684413676323 0.0026960411159692474 -0.0016694384676156915 0.00011954311389485631 -0.00079446249227556928 -0.00077738120662220562 0.0010568569113996187 0.00054125147104390307 -9.2115992447361361e-05 0.00082103772056547723 0.0022592825167521368 -0.001976840726671402 0.0002137545493453564 0.00026814193440954757 -8.8638319001066638e-05 -0.0012429019154392576
leaf_weight=98 24 22 24 38 23 23 42 125 28 32 38 105 29 28 27 27 28 73 27 23 29 22 46 45 20 22 21 340 293 38
leaf_count=98 24 22 24 38 23 23 42 125 28 32 38 105 29 28 27 27 28 73 27 23 29 22 46 45 20 22 21 340 293 38
internal_value=1.07716e-12 9.13482e-06 -9.5509e-07 -7.9956e-05 8.73898e-05 -0.000277413 -0.000277834 -0.000199351 -0.000416129 -0.000226747 -4.23798e-05 0.00038026 4.75041e-05 -0.000720048 0.000822115 0.00157508 -0.000289295 -0.000534856 -0.000108976 -0.000597171 0.000245559 0.00027309 0.000600635 0.000299223 0.00135936 -0.000260991 -0.000907015 9.61267e-05 2.67764e-05 -0.000221152
internal_weight=1760 1736 1714 945 512 228 433 409 284 256 224 284 162 57 122 50 182 144 205 90 52 115 88 72 42 116 43 769 671 331
internal_count=1760 1736 1714 945 512 228 433 409 284 256 224 284 162 57 122 50 182 144 205 90 52 115 88 72 42 116 43 769 671 331
is_linear=0
shrinkage=0.05


Tree=227
num_leaves=31
num_cat=0
split_feature=166 189 335 227 314 279 199 155 191 0 273 149 206 231 178 307 184 292 88 149 279 254 181 11 273 334 135 294 236 273
split_gain=0.00433313 0.0153303 0.0157525 0.0115082 0.0096021 0.00993151 0.00926967 0.0202685 0.0265523 0.0111 0.0116507 0.00985015 0.0114791 0.0109615 0.00921222 0.00828365 0.00791516 0.00780987 0.012914 0.00933044 0.00896435 0.0158289 0.011503 0.0262203 0.0104918 0.0113312 0.0215018 0.0124746 0.0121763 0.0169473
threshold=0.031689979420421011 -0.0003661353505104641 -0.035170303339455429 -0.0017902713168376347 -0.015521200406630018 -0.0054829616814769068 0.025484597574035175 0.014325876346830009 0.0075897597131170799 4.863673427408628 -0.011555774255640174 -0.057018266450666592 -0.030178973236118109 -0.0022180866493434698 0.048097960860932078 0.017014075108544063 0.0060127206597789251 -0.046312785016191522 0.060850092498511525 -0.0035030156536243538 -0.066019106324723881 -0.096501104886080505 -0.029018723293095093 2.3991150442477882 -0.074021852415194711 -0.029487587295575438 0.015567539767916761 0.062441608468574515 0.074718127641517043 -0.050081678832150062
decision_type=2 2 2 2 2 2 2 2 2 2 2 2 2 2 2 2 2 2 2 2 2 2 2 2 2 2 2 2 2 2
left_child=6 2 -2 15 -4 -6 11 9 -9 -8 -11 -1 13 -13 17 -3 -5 18 19 -14 -19 -22 23 -23 -24 26 -26 28 29 -27
right_child=1 3 4 16 5 -7 7 8 -10 10 -12 12 14 -15 -16 -17 -18 20 -20 -21 21 22 24 -25 25 27 -28 -29 -30 -31
leaf_value=-0.00078001468293797721 -0.0014061316207516939 0.0017090399295181758 0.00083214302640924646 0.00070575701907481898 -0.0010774909217497739 0.00018196232974462744 -0.00088128864081227221 -0.0022871416838218766 -4.8468506317406612e-05 0.0011276124730809696 -0.00011379605277888625 0.0012362269697503607 0.00010306818942938533 0.00014541047738199925 0.00081918489560132111 0.00040386110107647254 -0.00064105029101483527 0.00060958537053901391 -0.00064418214555505833 0.0012084386474314323 -0.001423268181811595 -0.0018763625345725036 0.00089064531728640323 -6.5965781468548817e-05 -0.00011808372977033467 -0.0011462842921148343 -0.001747358945215604 0.0011679032828475972 -0.00077652458614688754 8.7418918944293905e-05
leaf_weight=38 21 31 31 24 23 49 28 27 26 27 63 37 35 61 33 20 20 47 23 42 22 28 31 70 81 29 27 23 49 694
leaf_count=38 21 31 31 24 23 49 28 27 26 27 63 37 35 61 33 20 20 47 23 42 22 28 31 70 81 29 27 23 49 694
internal_value=-1.6026e-12 0.00020811 -0.000158052 0.000686049 9.64106e-05 -0.000220363 -2.95757e-05 -0.000376682 -0.00118892 -1.18618e-05 0.000258627 1.37493e-05 3.63942e-05 0.000557249 -4.97029e-06 0.00119721 9.35719e-05 -2.76157e-05 0.000395456 0.000705998 -6.60418e-05 -9.61694e-05 -6.78786e-05 -0.000583222 -1.38061e-05 -4.48559e-05 -0.000525403 2.04259e-05 -1.37606e-05 3.79343e-05
internal_weight=1760 219 124 95 103 72 1541 171 53 118 90 1370 1332 98 1234 51 44 1201 100 77 1101 1054 1032 98 934 903 108 795 772 723
internal_count=1760 219 124 95 103 72 1541 171 53 118 90 1370 1332 98 1234 51 44 1201 100 77 1101 1054 1032 98 934 903 108 795 772 723
is_linear=0
shrinkage=0.05


Tree=228
num_leaves=31
num_cat=0
split_feature=184 184 332 185 195 6 313 175 193 309 313 302 293 274 277 286 175 288 336 156 106 179 297 304 312 264 103 287 122 97
split_gain=0.00409958 0.00998453 0.0146631 0.00974856 0.00808294 0.00577862 0.00811936 0.00685824 0.00665618 0.0167015 0.0381132 0.0195751 0.018862 0.0172158 0.0122118 0.00935509 0.00914646 0.00729492 0.0098603 0.0084317 0.00892302 0.00860766 0.00959511 0.015668 0.0202553 0.0198267 0.0215561 0.0184216 0.0185599 0.0180596
threshold=0.078158298959914996 0.044190905197075199 0.018507334598109857 0.070206817368073618 0.012015777683345814 0.66420499963665447 0.019986452207031186 -0.0076629296722965888 0.022340338717594676 -0.0011546181743963852 0.025870840180004448 0.017886978512507163 0.008491906405270774 0.0049989172698940657 -0.091665612691824161 -0.0067824355223806134 0.0069815396360298791 -0.064644606554257064 0.072143948997580906 0.0447082010646924 -0.015503115481665728 0.052014295359559086 -0.011628514829942262 0.0067103326615728471 -0.024290637709002316 0.0060004951770259171 0.059241999622187617 0.0096005627096118571 0.0084504874316131788 0.016359126834335502
decision_type=2 2 2 2 2 2 2 2 2 2 2 2 2 2 2 2 2 2 2 2 2 2 2 2 2 2 2 2 2 2
left_child=1 3 4 5 -3 8 7 -7 14 10 13 12 16 -10 -1 -13 -11 -16 19 21 -21 22 23 25 -25 26 27 28 -19 -27
right_child=-2 2 -4 -5 -6 6 -8 -9 9 11 -12 15 -14 -15 17 -17 -18 18 -20 20 -22 -23 -24 24 -26 29 -28 -29 -30 -31
leaf_value=0.00099974672099755672 -0.00064901197232150782 -0.0006680438056355343 0.0016311660524756324 -0.0011121241049841047 0.00070634603591473858 0.0014846880652476103 -0.00039045681782722984 0.00032401862088590863 0.00028756352871377931 0.00054599807073827831 -0.0027058602770557629 6.0276439346905269e-05 -0.00032164477558884147 -0.0012382240820443258 0.00057059082851683689 -0.0013993671989579605 0.0020233872388912876 -0.0021937619187415943 -0.0010112877660430968 -0.00013185946372686885 0.0010705795478214795 0.00099012591475911905 4.3228471650269838e-05 -0.0014264635306608399 0.00026125720439495125 -0.00055194384673894897 -0.0024194482248276472 2.4931033010943794e-05 -0.00029891142433674154 0.0010481085230853282
leaf_weight=31 24 20 23 20 23 20 22 35 51 20 20 21 30 29 53 23 22 28 25 27 36 20 788 20 160 45 21 50 24 29
leaf_count=31 24 20 23 20 23 20 22 35 51 20 20 21 30 29 53 23 22 28 25 27 36 20 788 20 160 45 21 50 24 29
internal_value=-2.23302e-12 8.97251e-06 0.00061215 -1.48656e-05 6.70949e-05 -1.56554e-06 0.000421355 0.00074608 -2.2268e-05 -0.000280067 -0.0007536 0.000128151 0.000635905 -0.000265534 1.87671e-05 -0.000702719 0.00131987 -4.1668e-06 -2.80962e-05 -8.40088e-06 0.000555249 -3.83671e-05 -5.60236e-05 -0.000263479 7.37327e-05 -0.000571591 -0.000960659 -0.00066032 -0.00131922 7.51037e-05
internal_weight=1760 1736 66 1670 43 1650 77 55 1573 216 100 116 72 80 1357 44 42 1326 1273 1248 63 1185 1165 377 180 197 123 102 52 74
internal_count=1760 1736 66 1670 43 1650 77 55 1573 216 100 116 72 80 1357 44 42 1326 1273 1248 63 1185 1165 377 180 197 123 102 52 74
is_linear=0
shrinkage=0.05


Tree=229
num_leaves=31
num_cat=0
split_feature=129 19 189 246 96 330 1 313 162 294 158 246 296 185 160 177 202 103 223 120 111 272 160 148 148 8 287 287 334 109
split_gain=0.00402313 0.0127617 0.0140705 0.0198203 0.021018 0.0114768 0.0130719 0.0118621 0.0111284 0.0154322 0.0135794 0.00786184 0.00799972 0.0140676 0.0126764 0.00982154 0.00902224 0.0150329 0.015112 0.0125767 0.0105982 0.0104372 0.0100154 0.00946485 0.0202622 0.0134144 0.0126139 0.0155461 0.0197029 0.0170279
threshold=0.025782049166782936 6.8660714285714297 -0.0017814900280454366 -0.059003306067580592 -0.025800558440044155 -0.0033726469319819413 4.166635176627655 -0.0040513835851317343 -0.0082888846452349191 -0.019994051009886066 1.0000000180025095e-35 -0.10766884816408483 -0.057129554091001032 0.070206817368073618 0.026843144829281417 0.060917332222825214 -0.0054894475752511902 -0.050704943164320178 -0.032412292809055887 0.045184168473165309 -0.080346814624747923 -0.045607807722664581 0.042378503973279497 -0.016326180207341015 -0.014163537837097786 0.030188727010366696 0.054479853775939356 0.026753999414251137 -0.0049449281944015664 0.002358790672204352
decision_type=2 2 2 2 2 2 2 2 2 2 2 2 2 2 2 2 2 2 2 2 2 2 2 2 2 2 2 2 2 2
left_child=11 -2 3 -3 -5 6 -6 -7 10 -10 -4 -1 14 15 -13 16 17 18 -14 21 -18 -19 23 25 -25 -22 27 29 -29 -26
right_child=1 2 8 4 5 7 -8 -9 9 -11 -12 12 13 -15 -16 -17 20 19 -20 -21 22 -23 -24 24 26 -27 -28 28 -30 -31
leaf_value=0.00081519750435745666 0.00058975286927027189 -0.002078256860399961 -0.00035818035175907428 -0.0015258449624525384 -0.00028321300039048462 0.00019389131339266898 0.0013848771793519795 -0.0013024166294948933 -0.0013485566102899612 3.3708676686122395e-05 0.0011534419116893937 6.3718303253183201e-05 0.00018300427506411717 -0.0012943547379802027 0.0013157232501544058 0.0010342878388220689 -0.00090965641075178068 0.0010856066524396622 -0.0013604288894667066 0.0012315250447393149 0.00063858641242061503 0.00011673581415190548 -0.00087846558954980637 -0.0016816815349739046 0.00019294234672701189 -0.00036180789501653339 -0.0010582306277744163 -0.00047468347395558587 0.0013801381075697974 -0.00041898829165163353
leaf_weight=32 52 20 24 31 24 27 23 26 25 105 39 62 35 21 30 23 39 31 29 34 106 269 36 20 233 49 30 22 41 222
leaf_count=32 52 20 24 31 24 27 23 26 25 105 39 62 35 21 30 23 39 31 29 34 106 269 36 20 233 49 30 22 41 222
internal_value=-1.5833e-12 -0.000140299 -0.000250656 -0.000612179 -0.00038835 -3.5727e-05 0.000533086 -0.000540147 3.21938e-05 -0.000232112 0.000577586 4.0732e-05 2.21262e-05 -1.12501e-05 0.000471981 1.08543e-05 -8.82713e-06 0.000185629 -0.000516364 0.000320142 -0.000105811 0.000216852 -6.45072e-05 -2.39781e-05 -0.000118482 0.000322333 -6.14309e-05 -3.70117e-06 0.000732423 -0.000105626
internal_weight=1760 396 344 151 131 100 47 53 193 130 63 1364 1332 1240 92 1219 1196 398 64 334 798 300 759 723 568 155 548 518 63 455
internal_count=1760 396 344 151 131 100 47 53 193 130 63 1364 1332 1240 92 1219 1196 398 64 334 798 300 759 723 568 155 548 518 63 455
is_linear=0
shrinkage=0.05


Tree=230
num_leaves=31
num_cat=0
split_feature=0 4 153 71 160 102 165 153 152 104 230 114 311 117 264 314 302 185 0 10 314 323 323 323 122 160 9 154 96 176
split_gain=0.00396405 0.00865487 0.00542012 0.0130013 0.0129222 0.0133657 0.0152086 0.0216384 0.013529 0.0120524 0.010878 0.0148029 0.0119112 0.0105557 0.0140401 0.0103989 0.00997844 0.0152942 0.0103549 0.00962429 0.00883666 0.0095088 0.0242997 0.0294846 0.0145298 0.014161 0.0134702 0.0154685 0.0185405 0.024062
threshold=11.083556880738579 6.7833245593222182 -0.0084353538249717554 1.0000000180025095e-35 0.053592659760005996 -0.0020076198622364931 0.0072567441603417588 -0.011141695210365425 0.010195959804205812 -0.020339615661901365 0.010497242913024864 -0.029095231593689864 -0.016546407071277847 0.027031556907806981 -0.0051289826300273938 0.068875720403175883 0.015256385557441075 0.027992076929776805 5.629416447756002 0.039344685242518065 0.032835613212325733 -0.0075937434521841773 -0.0099640312429396406 -0.011390926170218316 0.06504832406058729 0.010082228098103241 0.027333077185792354 -0.022001649137248957 0.008410371508199883 0.01379131970247731
decision_type=2 2 2 2 2 2 2 2 2 2 2 2 2 2 2 2 2 2 2 2 2 2 2 2 2 2 2 2 2 2
left_child=1 2 4 15 5 9 7 10 19 13 11 -7 -12 14 -1 20 17 -11 -18 -8 21 22 23 -4 25 26 27 -23 29 -29
right_child=-2 -3 3 -5 -6 6 8 -9 -10 16 12 -13 -14 -15 -16 -17 18 -19 -20 -21 -22 24 -24 -25 -26 -27 -28 28 -30 -31
leaf_value=-0.0015514262219837223 -0.00069991076597943904 0.0010421744643826969 0.00019536207740068184 0.00098050376880171432 -0.0012656869255200341 -0.001195292811607942 0.0011224667705722492 -0.0020886498106516562 -0.00074979683486162694 0.00039741958388364302 -0.0019037534244125708 0.00037542265158360048 -0.00042679141699282323 0.00062286719836438789 2.1648780216999127e-06 -0.00094149018561303678 0.00041767607054357691 -0.0010709586445175644 0.0018769351555965839 1.7863487321345913e-05 0.00044736385592259473 0.0007150808102312844 0.0014974196463960901 -0.0017863684482290411 0.00086825499252881863 0.00011601547554590149 -0.00082876997126732029 -0.0011705812736523941 0.00034455862266038258 0.00043800510215987745
leaf_weight=26 20 20 305 37 24 20 33 22 32 114 20 60 43 21 33 27 31 21 20 49 125 41 33 20 35 235 115 85 61 32
leaf_count=26 20 20 305 37 24 20 33 22 32 114 20 60 43 21 33 27 31 21 20 49 125 41 33 20 35 235 115 85 61 32
internal_value=1.16891e-12 8.04495e-06 -3.97981e-06 5.84265e-05 -0.000130218 -8.0216e-05 -0.000321988 -0.000628836 0.000122133 0.000173372 -0.000404249 -1.72562e-05 -0.000895668 -0.000339818 -0.000682468 2.7801e-05 0.000394099 0.000169005 0.000989935 0.000462399 5.18772e-05 4.8864e-07 0.000204673 7.34094e-05 -0.000120535 -0.000181356 -0.000390585 -0.000160488 -0.000362164 -0.000730626
internal_weight=1760 1740 1720 1151 569 545 279 165 114 266 143 80 63 80 59 1114 186 135 51 82 1087 962 358 325 604 569 334 219 178 117
internal_count=1760 1740 1720 1151 569 545 279 165 114 266 143 80 63 80 59 1114 186 135 51 82 1087 962 358 325 604 569 334 219 178 117
is_linear=0
shrinkage=0.05


Tree=231
num_leaves=31
num_cat=0
split_feature=9 9 187 312 248 19 324 170 199 199 97 97 181 91 179 213 210 284 307 307 213 257 315 319 149 115 315 202 262 172
split_gain=0.003936 0.0145544 0.0167033 0.0103692 0.0131243 0.0100303 0.0136343 0.0161163 0.0111163 0.0150843 0.0132689 0.0216819 0.0423112 0.0160951 0.0157091 0.0134099 0.016731 0.010898 0.0311597 0.0418273 0.0278749 0.0118091 0.0166446 0.0220862 0.0229401 0.0153723 0.010597 0.0160203 0.0105216 0.00997689
threshold=0.019976525821596248 0.019065794256633958 -0.0037342340097715429 -0.054887729096882741 -0.0020504984672296981 21.342069892473123 -0.0019335625521693925 -0.0038514491866835465 -0.014443810460261159 -0.011589373733938783 0.013868597472430555 0.007637822115986616 0.002626573885138928 -0.019208132077672035 0.0085660106612189205 -0.36340567886946357 0.017373911326222551 -0.0079709541828991998 -0.0021700304392056904 -0.0092809044389480493 0.0068948573537118609 -0.048455904960153361 0.009551763253676326 0.0053665195762929961 -0.0030881963233588181 -0.0041685323262733243 0.0063306944880748848 0.0043295148189503108 -0.020790534903924199 0.0025251889996888983
decision_type=2 2 2 2 2 2 2 2 2 2 2 2 2 2 2 2 2 2 2 2 2 2 2 2 2 2 2 2 2 2
left_child=1 3 -3 4 -1 8 29 -8 28 -10 11 15 -13 26 -15 -11 17 18 19 -17 -20 -19 23 24 -23 -26 -12 -28 -2 -7
right_child=5 2 -4 -5 -6 6 7 -9 9 10 13 12 -14 14 -16 16 -18 21 20 -21 -22 22 -24 -25 25 -27 27 -29 -30 -31
leaf_value=0.000179292376851663 0.0010174726815539937 -0.0017562963355346626 -4.2077153824114556e-05 2.603654793925126e-05 -0.0015549658489665795 0.00198663197945626 0.00099068180696287368 -0.00083240348612889647 -0.0011014921418630848 0.00093334010823375795 0.00033917970840430147 4.3906231446318351e-05 -0.0025309632507506414 0.00039082393180611897 0.0019113186569884419 0.00019932907889597118 -0.0013676436675013975 0.00081602673186959387 -0.0016801977342066285 0.0029671218722970003 0.0004333623198386378 -0.0003003216760892732 0.00022582197542961497 4.3825489306722637e-05 -0.0030614179611438887 -0.0011010447274748005 0.00010202918322950912 -0.0016913464316166936 0.00014269201722339966 0.00047925986152182778
leaf_weight=20 46 27 30 661 24 21 22 27 34 33 79 39 27 53 25 39 25 24 26 21 39 33 77 56 20 20 33 20 136 23
leaf_count=20 46 27 30 661 24 21 22 27 34 33 79 39 27 53 25 39 25 24 26 21 39 33 77 56 20 20 33 20 136 23
internal_value=-1.89967e-12 -8.55715e-05 -0.000854076 -2.34371e-05 -0.000766667 6.53362e-05 0.00055981 -1.38754e-05 1.45228e-05 -7.3398e-05 -2.26647e-05 -0.00016795 -0.00100945 0.000308723 0.000878162 -3.34726e-05 -0.000117433 -2.93896e-05 0.000346395 0.00116806 -0.000412062 -0.00023362 -0.000355909 -0.000703145 -0.00127616 -0.00208123 -2.77634e-05 -0.000574716 0.00036379 0.00119869
internal_weight=1760 762 57 705 44 998 93 49 905 723 689 479 66 210 78 413 380 355 125 60 65 230 206 129 73 40 132 53 182 44
internal_count=1760 762 57 705 44 998 93 49 905 723 689 479 66 210 78 413 380 355 125 60 65 230 206 129 73 40 132 53 182 44
is_linear=0
shrinkage=0.05


Tree=232
num_leaves=31
num_cat=0
split_feature=68 68 2 47 226 47 318 280 318 196 230 215 331 229 161 128 226 209 198 294 147 19 97 330 330 180 336 226 285 252
split_gain=0.00398157 0.0089821 0.00500947 0.00742015 0.00498865 0.0119766 0.0108595 0.0144273 0.0115465 0.015112 0.0114347 0.0103362 0.00957309 0.0184724 0.0149034 0.0145448 0.0127205 0.0177857 0.0139723 0.0129652 0.0143681 0.0109993 0.0106871 0.0092696 0.028162 0.0115361 0.00968701 0.0137791 0.0225037 0.0322757
threshold=1.2424533248940004 0.89587973461402759 5.996439712534567 1.2424533248940004 -0.0053933665978084539 1.0000000180025095e-35 0.016136768731378055 0.031185134923369221 0.010458642064502234 1.0000000180025095e-35 -0.04507443418239241 0.0020568915244505524 0.0053396003967767771 0.025970253927329146 -0.0032415767058172349 -0.0011261331451015615 -0.017390929679703255 0.70106085325887424 0.0016200358524425848 -0.0024347365755287682 1.0000000180025095e-35 9.9444444444444464 0.020091832387778712 0.050103374800316715 0.043337863215426223 -0.016475502535429783 -0.0014905120579006435 0.001194827086592825 0.0065454398087043762 -0.002442172966716193
decision_type=2 2 2 2 2 2 2 2 2 2 2 2 2 2 2 2 2 2 2 2 2 2 2 2 2 2 2 2 2 2
left_child=1 2 3 4 6 23 8 10 12 -10 -8 -12 16 14 -14 -15 17 18 19 20 -1 -20 -16 24 26 -25 27 28 29 -6
right_child=-2 -3 -4 -5 5 -7 7 -9 9 -11 11 -13 13 15 22 -17 -18 -19 21 -21 -22 -23 -24 25 -26 -27 -28 -29 -30 -31
leaf_value=-0.00025291365155782035 -0.00061415611864784018 0.001036996726803149 -0.00077088983407953664 0.00096350351290311667 -0.002940631279766205 -0.0012295977141051977 -0.00083018493799803166 -0.0013492855345830321 0.0020084516447968783 0.00010943424389221366 -0.00027089623534081158 0.0006774769639118209 0.00076627844470089721 0.00049299588052755482 4.9640484668962739e-05 0.002210976877937686 0.00052557463995243946 -0.0015826082148123533 0.0013491881697162804 8.2163950598139002e-05 -0.001953539189581415 4.3508383074637371e-05 -0.0012688134473468051 0.001443117098956877 -0.0015760825024288703 9.1847098909576225e-05 0.00012723436193822483 -5.7883471421482256e-05 0.00012740359619952912 -0.00044752832156304712
leaf_weight=27 26 21 21 20 21 22 36 25 20 22 59 56 51 28 51 22 74 22 23 54 23 54 22 22 31 56 428 346 43 34
leaf_count=27 26 21 21 20 21 22 36 25 20 22 59 56 51 28 51 22 74 22 23 54 23 54 22 22 31 56 428 346 43 34
internal_value=-1.51961e-12 9.2088e-06 -3.39105e-06 6.13464e-06 -5.31714e-06 -7.58524e-05 0.000100433 -0.000236721 0.000220796 0.00101373 -5.2522e-05 0.00019092 0.000146954 0.000437605 0.000110467 0.00124891 -3.5622e-05 -0.000240196 -7.703e-05 -0.000455031 -0.0010352 0.000433517 -0.000347702 -4.99784e-05 -9.51504e-05 0.000472975 -4.25026e-05 -0.000206123 -0.000729499 -0.00139944
internal_weight=1760 1734 1713 1692 1672 1003 669 176 493 42 151 115 451 174 124 50 277 203 181 104 50 77 73 981 903 78 872 444 98 55
internal_count=1760 1734 1713 1692 1672 1003 669 176 493 42 151 115 451 174 124 50 277 203 181 104 50 77 73 981 903 78 872 444 98 55
is_linear=0
shrinkage=0.05


Tree=233
num_leaves=31
num_cat=0
split_feature=184 184 199 251 185 185 292 185 185 193 313 277 334 247 96 118 118 328 158 273 242 253 294 135 249 116 283 171 247 197
split_gain=0.00397236 0.00860908 0.0124667 0.00832019 0.00778072 0.00536504 0.0156976 0.00540882 0.00788619 0.00636752 0.0152219 0.0104923 0.0101895 0.0111769 0.0140163 0.00810736 0.0174 0.0241548 0.0115151 0.0109969 0.0136291 0.0138506 0.029691 0.0104085 0.010732 0.0103229 0.0157441 0.0165708 0.016155 0.0139811
threshold=0.078158298959914996 0.044190905197075199 -0.017913502241337722 -0.0059220562815445318 0.070206817368073618 0.041108291529521439 0.011167529609194432 0.038654853012269071 0.034365849014241563 0.022340338717594676 0.038498305851042337 -0.091665612691824161 -0.0003903679826217005 0.0252474525256191 0.0058080072014278011 0.016805947608242489 0.020528331023529481 -0.011292732732898084 -0.042762740048546181 -0.050081678832150062 0.077254712729424316 0.013448116884038526 0.0066933590786559206 0.058684626031876477 0.0025664658720246998 0.024817195635004178 0.0044956256328986697 0.0072603394478812323 0.0095883255422911252 0.0052972828700337
decision_type=2 2 2 2 2 2 2 2 2 2 2 2 2 2 2 2 2 2 2 2 2 2 2 2 2 2 2 2 2 2
left_child=1 4 -3 -4 5 7 -7 8 9 11 12 -1 13 14 -11 18 17 -17 -13 -18 21 23 -23 24 -21 -20 27 -27 -28 -29
right_child=-2 2 3 -5 -6 6 -8 -9 -10 10 -12 15 -14 -15 -16 16 19 -19 25 20 -22 22 -24 -25 -26 26 28 29 -30 -31
leaf_value=0.00097216977883363143 -0.00063886207935865975 0.0016110945307627846 0.00070558197823209835 -0.00065089972857094839 -0.00099357959872577346 -0.00014368030403066092 0.0015266718739770692 -0.00083615002094120431 0.00074452307051294214 -0.0019766887073360737 -0.0013683205644026333 0.00077641275387981706 0.00019230379941427176 0.00037513088623416569 -0.00025435955634478617 5.6748836896776292e-05 -0.00096399138172273522 -0.0020596782229923912 -5.8113127138016278e-05 0.00079382359130654055 0.0013010473681060832 0.00024136438049365182 -0.0017700590347885738 -0.00076783205719118059 -0.00012008091705175848 0.0012701942451900641 0.00041744337758309276 -0.0007743371910182759 -0.0010943408512199919 0.00099928771902341412
leaf_weight=28 24 20 26 20 20 39 22 20 34 21 28 54 107 21 27 26 30 28 736 72 20 43 32 23 58 63 43 25 30 20
leaf_count=28 24 20 26 20 20 39 22 20 34 21 28 54 107 21 27 26 30 28 736 72 20 43 32 23 58 63 43 25 30 20
internal_value=1.62252e-12 8.8322e-06 0.000568925 0.000115807 -1.33032e-05 -1.42106e-06 0.000458742 -1.90862e-05 -8.67112e-06 -2.53543e-05 -0.000285475 1.4514e-05 -0.000113204 -0.000586963 -0.00100788 -6.06496e-06 -0.000219359 -0.00104066 6.68635e-05 -5.98257e-05 4.95492e-05 -6.02314e-05 -0.000616843 0.000212617 0.000386082 2.50798e-05 0.000363367 0.000746755 -0.000203838 1.39405e-05
internal_weight=1760 1736 66 46 1670 1650 61 1589 1569 1535 204 1331 176 69 48 1303 332 54 971 278 248 228 75 153 130 917 181 108 73 45
internal_count=1760 1736 66 46 1670 1650 61 1589 1569 1535 204 1331 176 69 48 1303 332 54 971 278 248 228 75 153 130 917 181 108 73 45
is_linear=0
shrinkage=0.05


Tree=234
num_leaves=31
num_cat=0
split_feature=227 148 112 99 250 284 115 254 161 317 2 213 5 65 100 115 115 115 194 282 257 285 93 195 125 243 200 312 61 145
split_gain=0.00392331 0.00916517 0.0125821 0.0190317 0.0117239 0.0115237 0.0160034 0.0109011 0.0101898 0.012316 0.00833583 0.00824303 0.0156086 0.0081117 0.00723693 0.0074101 0.018136 0.0170975 0.016208 0.0128638 0.0153824 0.0195404 0.0188799 0.0124991 0.00987301 0.0114511 0.0213832 0.0101079 0.00979586 0.00882318
threshold=0.029145529615572225 -0.0023649412480115412 0.0090531818889141892 0.04928950616933666 -0.05286969881947607 -0.014352918112352604 -0.03625072093927445 -0.0060143770966376514 0.0081350845692415175 0.002910141304001058 2.4414009612931857 0.2477378194337897 3.4175922930736511 1.0000000180025095e-35 0.10818216223808493 -0.022795869761319549 -0.026343983952561229 -0.020935051043771476 -0.0040021895143226719 -0.049369959625200056 -0.052555732530514605 -0.024153010986991862 0.010014688557079777 0.015214379995083693 0.053211898493236411 0.069103160958079321 -0.0019503229654605396 0.0013972512481597932 3.4960482137079443 -0.0041995439934035738
decision_type=2 2 2 2 2 2 2 2 2 2 2 2 2 2 2 2 2 2 2 2 2 2 2 2 2 2 2 2 2 2
left_child=11 4 5 -4 -2 7 -7 -3 10 -10 -6 12 13 14 15 16 19 -17 -18 -1 -21 22 -22 29 25 28 -27 -26 -19 -23
right_child=1 2 3 -5 8 6 -8 -9 9 -11 -12 -13 -14 -15 -16 17 18 24 -20 20 21 23 -24 -25 27 26 -28 -29 -30 -31
leaf_value=-0.00096851978700474971 -0.0009401889496075456 -0.00023343890410615134 -0.0019710930629150462 -0.00015532571255349586 0.00029971915057305727 -0.0016381366173542728 -7.653096368691575e-05 0.001417400928621646 0.00042576320493026287 -0.00096145635434368164 0.0013484645639740243 0.00079763980424364233 -0.0013320559771576278 0.00082825941608462024 0.00061813247721518715 -0.0013647405951051042 0.00014234622712651997 5.0058949841605875e-06 0.0019815148321795277 0.0013382236163597555 -5.707784768028726e-05 0.00050423474188010596 -0.0020274981649708933 0.0010985851668551363 0.0012737717236762235 -0.002080014297243906 -7.7678441921307244e-05 -0.00015840096629372884 -0.0010012920666486024 -0.00030191629901916414
leaf_weight=28 24 20 27 31 90 21 75 20 32 32 24 35 21 32 49 25 23 741 25 25 31 62 20 37 28 20 40 22 25 75
leaf_count=28 24 20 27 31 90 21 75 20 32 32 24 35 21 32 49 25 23 741 25 25 31 62 20 37 28 20 40 22 25 75
internal_value=-6.29102e-13 -0.000138548 -0.000384 -0.0010006 9.71839e-05 -0.00012104 -0.000418132 0.000591981 0.000237054 -0.000267847 0.000520508 4.02235e-05 2.02765e-05 4.19883e-05 2.22699e-05 -1.52576e-06 0.000202748 -7.54363e-05 0.00110025 4.77847e-05 0.000161611 3.0876e-05 -0.000829792 0.000283141 -3.86411e-05 -7.99399e-05 -0.000745124 0.000643616 -2.78367e-05 6.29112e-05
internal_weight=1760 396 194 58 202 136 96 40 178 64 114 1364 1329 1308 1276 1227 326 901 48 278 250 225 51 174 876 826 60 50 766 137
internal_count=1760 396 194 58 202 136 96 40 178 64 114 1364 1329 1308 1276 1227 326 901 48 278 250 225 51 174 876 826 60 50 766 137
is_linear=0
shrinkage=0.05


Tree=235
num_leaves=31
num_cat=0
split_feature=129 83 189 246 104 96 234 328 255 103 295 207 103 288 199 274 274 222 247 314 89 134 324 291 115 237 327 237 247 335
split_gain=0.00370014 0.0102538 0.0116959 0.0159186 0.0170157 0.0139899 0.0111494 0.0192729 0.0120184 0.0129102 0.0145287 0.0127265 0.0108735 0.00768317 0.00969768 0.00776506 0.0226955 0.0139491 0.012547 0.0189185 0.0184625 0.0176186 0.0309215 0.0214828 0.023463 0.0302926 0.0318502 0.0141147 0.0170783 0.0123618
threshold=0.025782049166782936 -0.40812371028126931 -0.0017814900280454366 -0.020603530429801151 0.0043172800809300029 -0.025800558440044155 -0.0069374403930142969 -0.015081848661543707 0.040111270850408297 0.011065245006303371 0.00097874092848767376 -0.0015945925372737233 0.033580342318611921 -0.064644606554257064 0.0061315920444151781 0.00029400939320428827 -0.00085870607262336076 0.052012938870386514 0.0075122865097968705 -0.015521200406630018 0.0082901082652988723 0.0014030369061324185 0.021849713941916621 0.015321539096847995 0.042785973300296244 0.022231112880789067 -0.0070414900982705654 0.0080114355962036463 0.016396645496110442 -0.00045014341288130284
decision_type=2 2 2 2 2 2 2 2 2 2 2 2 2 2 2 2 2 2 2 2 2 2 2 2 2 2 2 2 2 2
left_child=13 -2 3 4 -3 -5 7 -4 9 10 -8 -11 -7 14 -1 16 17 -15 21 20 -20 -17 23 24 25 26 -23 28 -21 -30
right_child=1 2 6 5 -6 12 8 -9 -10 11 -12 -13 -14 15 -16 18 -18 -19 19 27 -22 22 -24 -25 -26 -27 -28 -29 29 -31
leaf_value=1.8867805839464484e-05 0.00086713529023351539 -0.00020666056535328212 -0.001697074503913014 -0.0011824588637234859 -0.0020142830183613116 -0.00017841824024329863 -0.00010099304995759775 9.603894058214947e-05 0.0011519290559590446 -0.0014345154994357887 0.0015057712349516807 0.00014875089924316855 0.0011623405797581653 0.00012312371677660849 0.001433060934835918 3.1449639309671354e-05 0.0016129430239088833 -0.0011052176112571032 0.00021036149828432827 0.0021263969638808211 -0.0012648436665920982 -0.0010831489319181335 0.00037072610059524626 1.4775946756879634e-05 7.1862125187180931e-05 -0.00043447230372112245 -0.0036399833660307824 1.8295045844942527e-05 0.0012580039164308331 -0.00015697758874122167
leaf_weight=27 24 23 22 26 30 62 34 47 32 22 24 30 20 625 22 203 25 24 48 22 38 21 53 34 20 25 29 86 29 33
leaf_count=27 24 23 22 26 30 62 34 47 32 22 24 30 20 625 22 203 25 24 48 22 38 21 53 34 20 25 29 86 29 33
internal_value=-7.7059e-13 -0.00013455 -0.000199174 -0.000520129 -0.00122984 -0.000171843 4.57244e-05 -0.000475678 0.000299082 5.09812e-05 0.000563875 -0.000521093 0.000148596 3.90628e-05 0.000653812 1.61558e-05 0.000134645 7.76997e-05 -0.000108433 0.000162849 -0.000441473 -0.000288818 -0.00064604 -0.00106378 -0.00144979 -0.00185557 -0.00256611 0.000468564 0.000929555 0.000504869
internal_weight=1760 396 372 161 53 108 211 69 142 110 58 52 82 1364 49 1315 674 649 641 256 86 385 182 129 95 75 50 170 84 62
internal_count=1760 396 372 161 53 108 211 69 142 110 58 52 82 1364 49 1315 674 649 641 256 86 385 182 129 95 75 50 170 84 62
is_linear=0
shrinkage=0.05


Tree=236
num_leaves=31
num_cat=0
split_feature=184 184 332 195 185 237 237 136 237 237 288 134 241 68 53 324 157 218 324 238 254 274 95 190 221 163 156 151 61 336
split_gain=0.00387009 0.00761509 0.012039 0.0069796 0.00690965 0.0049613 0.00869669 0.0107756 0.00922236 0.012417 0.011422 0.00851687 0.00793226 0.00640563 0.00835153 0.00704891 0.0112548 0.0129517 0.0221605 0.0162558 0.0207427 0.0175902 0.0293988 0.0175705 0.0198974 0.0171881 0.0138061 0.0124871 0.0118429 0.0111913
threshold=0.078158298959914996 0.044190905197075199 0.018507334598109857 0.012015777683345814 0.070206817368073618 -0.10228237110321796 -0.069145778848546058 -0.0019558708000655335 -0.041981281496676646 -0.045814337785956602 -0.023249118878241156 0.0068436133346128645 -0.0053747870379116649 1.2424533248940004 0.89587973461402759 0.0061990052487900576 0.010062345707888023 -0.018364774502004282 0.0028266215685299871 0.0045041735053459051 0.028179929994637212 0.0012507917517337876 0.04986468763746154 0.0042305348669888819 -0.0074933267777075084 -0.0121813619709834 0.0078281540425236325 -0.0071731224154747116 2.8029010331479989 0.00534324860811461
decision_type=2 2 2 2 2 2 2 2 2 2 2 2 2 2 2 2 2 2 2 2 2 2 2 2 2 2 2 2 2 2
left_child=1 4 3 -3 5 11 7 -7 9 10 -8 -1 -12 14 15 16 17 18 26 21 28 22 25 24 -23 -19 29 -27 -21 -10
right_child=-2 2 -4 -5 -6 6 8 -9 13 -11 12 -13 -14 -15 -16 -17 -18 19 -20 20 -22 23 -24 -25 -26 27 -28 -29 -30 -31
leaf_value=0.0012787466093141121 -0.00063058473751880233 -0.00064152179518714555 0.001458829977333232 0.00063562461772285724 -0.00093587649142136799 -0.0013444701420936597 -0.00072720546315849796 -4.5054199850150886e-05 0.00035802856736364243 0.0014194514019472992 0.0010502677731411122 -0.0001804368497687392 -9.763220364938638e-07 -0.00083642335891151258 0.00097700699476436495 0.00010508990505344148 0.00015956103054624185 -0.0011812924453988673 -0.0022106163224088963 -8.2472906902415557e-05 -0.0017731190148669368 -0.0020989578167375711 0.0018911960803257724 0.00050893849126087173 -0.00022130781915959317 0.0014417202346047144 -0.0014467995933955535 6.8257131166874543e-05 -0.0013849598179513124 -0.00077082812440015629
leaf_weight=20 24 20 23 23 20 27 26 39 52 25 34 20 38 24 21 579 243 20 20 137 26 21 31 39 43 23 25 59 20 38
leaf_count=20 24 20 23 23 20 27 26 39 52 25 34 20 38 24 21 579 243 20 20 137 26 21 31 39 43 23 25 59 20 38
internal_value=3.39123e-13 8.71776e-06 0.000535485 4.1603e-05 -1.21006e-05 -9.03306e-07 -1.45693e-05 -0.000576633 9.45671e-06 0.000424804 0.000171068 0.000549155 0.000495445 -2.64953e-05 -1.2581e-05 -2.76837e-05 -0.00012414 -0.00024858 -0.000674491 -0.000111353 -0.000465022 0.000162891 0.000542767 -0.000327629 -0.000837412 0.00013295 -0.000407339 0.000453497 -0.000248395 -0.0001186
internal_weight=1760 1736 66 43 1670 1650 1610 66 1544 123 98 40 72 1421 1397 1376 797 554 135 419 183 236 133 103 64 102 115 82 157 90
internal_count=1760 1736 66 43 1670 1650 1610 66 1544 123 98 40 72 1421 1397 1376 797 554 135 419 183 236 133 103 64 102 115 82 157 90
is_linear=0
shrinkage=0.05


Tree=237
num_leaves=31
num_cat=0
split_feature=166 199 233 152 147 9 199 155 287 300 164 149 206 231 84 315 293 287 277 1 333 334 173 11 292 320 324 236 286 119
split_gain=0.00375996 0.012038 0.0136273 0.0101999 0.00856789 0.00964743 0.00749168 0.0168367 0.0229231 0.00968478 0.00920839 0.00786359 0.00864554 0.00865207 0.00760878 0.00734942 0.00721598 0.013095 0.0161797 0.0163781 0.0128148 0.0143147 0.00933785 0.0163634 0.0119757 0.0147686 0.0284674 0.0159074 0.0198772 0.0191562
threshold=0.031689979420421011 0.011536941718016076 -0.050014596250455866 -0.0034590378639784004 -0.00067389965411681675 0.0350263771316403 0.025484597574035175 0.014325876346830009 -0.00065503771034738738 0.0080122115935921598 0.0036221857742379129 -0.057018266450666592 -0.030178973236118109 -0.0022180866493434698 0.11209422987224513 -0.0083288230930587577 0.022559616392372986 0.054479853775939356 -0.017357903604169032 4.3372693810700085 0.0075554464760723529 0.0108990455112019 0.022981421854401149 2.515049226441632 -0.020500140511610806 0.023471106853290492 -0.0029716444136551443 -0.02256320440429626 -0.016837786714363766 0.0070330058494907869
decision_type=2 2 2 2 2 2 2 2 2 2 2 2 2 2 2 2 2 2 2 2 2 2 2 2 2 2 2 2 2 2
left_child=6 2 -2 -3 5 -4 11 9 -9 14 -11 -1 13 -13 -8 -5 22 18 19 -18 -20 -22 24 -24 -14 27 -27 28 -26 -30
right_child=1 3 4 15 -6 -7 7 8 -10 10 -12 12 16 -15 -16 -17 17 -19 20 -21 21 -23 23 -25 25 26 -28 -29 29 -31
leaf_value=-0.00069782040304026429 -0.0012130991042464635 -2.2473718101017377e-05 0.00018316193849184656 0.0019061637314734981 0.00058852032877774422 -0.001075647609199539 9.5924183719594466e-07 0.00010769659091475542 -0.0019903723501677939 0.00014358316936219733 -0.0013201943283175669 0.0010868797175430085 0.00034089741626909623 0.00011776046512303035 0.0010931353256835238 0.00060838031070791962 0.0004831160933203397 -0.00097113654843442856 0.00038156582429628634 0.0021204742769311584 -0.0013569411202167562 0.00019110047044819113 -0.0013736559729093441 -9.0026443878059588e-05 0.00042744938473333606 -0.0018204529316530431 3.6522696874189107e-06 0.00013830847515898948 -0.0014565010891824945 -9.3002400133124701e-05
leaf_weight=38 22 28 45 20 57 23 52 23 30 21 22 37 189 61 23 24 56 21 107 21 28 32 36 80 44 35 55 426 57 47
leaf_count=38 22 28 45 20 57 23 52 23 30 21 22 37 189 61 23 24 56 21 107 21 28 32 36 80 44 35 55 426 57 47
internal_value=-5.83782e-13 0.000193858 -6.55791e-05 0.000723544 0.000136384 -0.000242612 -2.75503e-05 -0.000339598 -0.00107989 -7.09352e-06 -0.000605326 1.13987e-05 3.16316e-05 0.000483652 0.000335893 0.00119828 -4.26628e-06 0.00022694 0.000330053 0.000929668 5.35833e-05 -0.000531319 -6.7496e-05 -0.000488394 -1.02577e-05 -0.00011021 -0.000705722 -1.68371e-05 -0.000463405 -0.000840305
internal_weight=1760 219 147 72 125 68 1541 171 53 118 43 1370 1332 98 75 44 1234 265 244 77 167 60 969 116 853 664 90 574 148 104
internal_count=1760 219 147 72 125 68 1541 171 53 118 43 1370 1332 98 75 44 1234 265 244 77 167 60 969 116 853 664 90 574 148 104
is_linear=0
shrinkage=0.05


Tree=238
num_leaves=31
num_cat=0
split_feature=0 4 153 71 160 102 165 298 120 110 104 312 161 220 302 185 0 139 300 209 304 304 321 284 2 85 310 264 150 293
split_gain=0.00355297 0.00719093 0.00462345 0.01106 0.0103155 0.0108751 0.012799 0.0199535 0.0112333 0.0107472 0.00974058 0.00955972 0.00885091 0.0173495 0.00806283 0.0123021 0.00904926 0.00826016 0.00781386 0.0101241 0.00739707 0.012273 0.0117121 0.0188269 0.0271264 0.0167499 0.0134827 0.012371 0.016046 0.0122541
threshold=11.083556880738579 6.7833245593222182 -0.0084353538249717554 1.0000000180025095e-35 0.053592659760005996 -0.0020076198622364931 -0.0087130481966254895 0.0095022840746368936 0.049670690524667459 -0.052040602536605342 -0.020339615661901365 -0.072824451399648424 -0.010795749266813745 0.0026116633484259883 0.015256385557441075 0.027992076929776805 5.629416447756002 -0.024530452846771581 -0.0045048410685782957 0.36810761818350884 0.0020670681427748124 0.0010886172722327544 0.00095807294427412777 -0.0019497506326104938 2.4414009612931857 0.20714701671607169 -0.013268547425546676 0.00025370115474609468 -0.0075748741302002825 -0.014499992215299481
decision_type=2 2 2 2 2 2 2 2 2 2 2 2 2 2 2 2 2 2 2 2 2 2 2 2 2 2 2 2 2 2
left_child=1 2 4 11 5 10 7 -7 9 -8 12 -4 -1 -14 15 17 -16 -12 -11 -20 21 -13 23 24 -22 26 -24 29 -29 -28
right_child=-2 -3 3 -5 -6 6 8 -9 -10 18 14 20 13 -15 16 -17 -18 -19 19 -21 22 -23 25 -25 -26 -27 27 28 -30 -31
leaf_value=0.00037108839273666187 -0.00066262665903195741 0.00095023768430110064 -0.0009406582842930221 0.00090475038225515565 -0.0011344340152694107 -0.00036441115551583825 -0.0012901812725613128 -0.0021440804248587008 0.0010514831778709777 0.00035362708741476208 -0.00051591744221778676 -3.2658769713186727e-05 -0.0018097506159739124 7.7327448086399623e-05 0.00035254680401375219 -0.00096250315698506771 0.0017167081878869794 0.00056256106245595929 2.553471898989238e-05 -0.0010937689256670343 0.00052370142174593018 -0.0012648604233704863 -0.00042858901544518419 5.3993166040573925e-05 0.002476071822986176 -0.0012366592752557524 -0.00023447985236998647 -0.00093737459528711045 0.00053411884744656907 0.0012143438444278823
leaf_weight=30 20 20 25 37 24 63 20 21 20 66 22 536 21 29 31 21 20 92 58 31 93 21 84 156 22 27 20 32 44 54
leaf_count=30 20 20 25 37 24 63 20 21 20 66 22 536 21 29 31 21 20 92 58 31 93 21 84 156 22 27 20 32 44 54
internal_value=8.03869e-13 7.6164e-06 -3.34431e-06 5.42935e-05 -0.000119937 -7.52617e-05 -0.000293348 -0.000809328 -7.1079e-05 -0.000199372 0.000153483 2.60467e-05 -0.00030787 -0.000715245 0.000351914 0.000149577 0.000887512 0.000354434 -5.86222e-05 -0.000364335 4.82392e-05 -7.91152e-05 0.000181578 0.000411811 0.000897198 -5.74753e-05 7.85843e-05 0.000362601 -8.54573e-05 0.00082277
internal_weight=1760 1740 1720 1151 569 545 279 84 195 175 266 1114 80 50 186 135 51 114 155 89 1089 557 532 271 115 261 234 150 76 74
internal_count=1760 1740 1720 1151 569 545 279 84 195 175 266 1114 80 50 186 135 51 114 155 89 1089 557 532 271 115 261 234 150 76 74
is_linear=0
shrinkage=0.05


Tree=239
num_leaves=31
num_cat=0
split_feature=203 203 246 276 298 276 178 175 202 279 86 94 143 245 91 147 183 148 283 140 103 247 215 274 323 326 159 130 201 108
split_gain=0.00356634 0.00883015 0.00863615 0.00926147 0.019285 0.012155 0.0101865 0.00927283 0.0117303 0.00977198 0.0166135 0.0132852 0.00962995 0.00890751 0.012721 0.00854369 0.00868486 0.0112977 0.0117106 0.00771157 0.0124311 0.0113865 0.011281 0.00810745 0.00803508 0.00802169 0.00979362 0.00726377 0.0079668 0.0126717
threshold=7.4349562267278976e-05 0.00054508696748742662 -0.10766884816408483 0.045172359497210844 0.07816541005455542 0.051517125393767065 0.0035056469897939385 -0.052548134500621652 0.031988527147431146 -0.00069412943826785585 -0.19522663759342124 -0.070234042555580453 0.033402434633860716 0.031999947853539525 -0.0035000542932881215 -0.0029204996022008131 0.0087136210915359068 -0.012632429827452973 0.0011131587333288865 0.015805147527474823 -0.0036959562742373245 -0.0051910476586018743 -0.00097340537661357192 0.02643294959906459 0.0082122835660160456 -0.0061474451136008549 0.0048346896411388491 -0.067861784467624947 -0.0025481360081562976 -0.0055890675276622937
decision_type=2 2 2 2 2 2 2 2 2 2 2 2 2 2 2 2 2 2 2 2 2 2 2 2 2 2 2 2 2 2
left_child=2 -2 -1 4 7 -5 -7 -4 9 13 -11 -12 15 19 -15 16 17 -13 -19 20 23 -22 -23 25 -21 -9 -27 -3 29 -29
right_child=1 27 3 5 -6 6 -8 8 -10 10 11 12 -14 14 -16 -17 -18 18 -20 24 21 22 -24 -25 -26 26 -28 28 -30 -31
leaf_value=0.00073466087287670239 0.0010838186105025843 -0.00077690775640523778 0.00088908586688128059 0.0013508983151278582 -0.0016588040561016119 -0.00061409839324957883 0.00050765697854512838 -0.00045675516319953699 -0.0010197749374767867 -0.001438247397991604 -0.0010473252895537419 0.00021218991921692767 -0.0009187544047720088 0.00022101707365964693 -0.0012634887169244596 0.0003375503348908125 0.00036509205616508752 -0.00034899698878655694 -0.0019233045104469751 -0.00075713966766165371 0.00032140987703314753 0.00055263306596316393 0.0022118790163880306 -0.00080941015586722645 0.00032300362169432144 0.0014681454061064869 -2.9977267210294186e-05 -5.5504379950276498e-05 -6.8066651138613916e-05 0.0005236882775876701
leaf_weight=32 21 26 22 23 21 34 50 26 37 29 39 29 29 31 27 122 37 27 21 36 60 20 21 25 33 20 24 184 460 194
leaf_count=32 21 26 22 23 21 34 50 26 37 29 39 29 29 31 27 122 37 27 21 36 60 20 21 25 33 20 24 184 460 194
internal_value=2.15172e-13 7.07714e-05 -7.15802e-05 -0.000102185 -0.000165375 0.000332469 5.36131e-05 -0.000121512 -0.000153594 -0.00010474 -0.000294799 -0.00018572 -5.89175e-05 9.12034e-05 -0.000470046 4.67404e-05 -0.000264477 -0.000566997 -0.00103776 0.000214043 0.000374078 0.000760264 0.00140249 -3.64993e-05 -0.000240549 0.00023954 0.000650988 4.61487e-05 7.1685e-05 0.000241753
internal_weight=1760 885 875 843 736 107 84 715 693 656 333 304 265 323 58 236 114 77 48 265 196 101 41 95 69 70 44 864 838 378
internal_count=1760 885 875 843 736 107 84 715 693 656 333 304 265 323 58 236 114 77 48 265 196 101 41 95 69 70 44 864 838 378
is_linear=0
shrinkage=0.05


Tree=240
num_leaves=31
num_cat=0
split_feature=92 71 199 50 335 284 333 138 259 225 8 334 319 218 9 265 322 92 243 228 156 0 333 242 114 67 242 149 123 208
split_gain=0.00341714 0.00933238 0.00969892 0.0135998 0.0132506 0.0135518 0.0113095 0.00959443 0.00931322 0.0090233 0.00861895 0.00791889 0.00736305 0.00729591 0.00707776 0.0100055 0.00777307 0.0229908 0.0110595 0.0110171 0.0106526 0.0135146 0.0106896 0.0118778 0.0305632 0.0184262 0.015215 0.0121957 0.0178807 0.0138861
threshold=0.032265871462138454 1.0000000180025095e-35 -0.0027643051353387236 2.7706317725792133 -0.026258704993798346 0.017521705873499344 0.022154639591353265 0.023209250263964542 -0.036148014692179577 -0.05155963925584587 0.19350615344330979 0.064344819393349864 -0.02821378617555861 0.012039791880949552 0.061706192358366281 -0.001846700717138595 0.037288612622534779 0.013287419320208353 0.0071166757203474243 -0.0048640419723019416 -0.015891551273220051 6.1758651089762688 0.02097328767504587 0.019354243765291452 -0.018875658225468831 0.89587973461402759 0.0025809873636200675 -0.020018960794467144 -0.0029944966846839629 -0.0066268010246681571
decision_type=2 2 2 2 2 2 2 2 2 2 2 2 2 2 2 2 2 2 2 2 2 2 2 2 2 2 2 2 2 2
left_child=11 2 7 4 5 -4 8 9 -6 -2 13 14 -10 -11 16 -16 20 18 -18 -20 21 -1 23 26 -25 -26 27 28 -22 -29
right_child=1 -3 3 -5 6 -7 -8 -9 12 10 -12 -13 -14 -15 15 -17 17 -19 19 -21 22 -23 -24 24 25 -27 -28 29 -30 -31
leaf_value=0.00016565797976282842 0.0013865613207268658 0.0010267375854779788 -0.00014536951294368401 -0.0013973837386947708 0.0013335770317575053 -0.0017769221210619435 -0.00045863149375151605 -0.0003917117111065404 -0.0004608009724506701 0.00034710522648896648 -0.00031370715544063561 -0.00087874680404118923 0.0004075037494419907 0.0013388989482667635 -6.9966135594801962e-05 0.0013852220680010284 0.00048837221654205842 -0.0019877198366157248 8.4947332895050445e-05 -0.0014832287749630354 -0.00023026733717415482 0.0015219330100808292 0.0003092963783357485 -0.0018762555930366303 7.041729310785289e-05 -0.0012322183538760459 0.00040236532096107685 0.00054078821355897861 -0.0021043766866205259 -0.00030253859431097081
leaf_weight=225 22 26 35 20 21 20 59 43 32 118 42 28 103 22 27 21 41 20 24 21 35 20 131 34 121 35 133 65 20 196
leaf_count=225 22 26 35 20 21 20 59 43 32 118 42 28 103 22 27 21 41 20 24 21 35 20 131 34 121 35 133 65 20 196
internal_value=5.76399e-13 0.000101587 5.67939e-05 -0.000139314 -4.61232e-05 -0.000738661 0.000131038 0.000287041 0.000354054 0.000430112 0.000314497 -4.77807e-05 0.000201683 0.000502959 -2.78773e-05 0.000566679 -5.33355e-05 -0.000460757 -0.000105649 -0.000646868 -1.07871e-05 0.000276374 -0.000102157 -0.000186508 -0.000517894 -0.000221841 -4.62776e-05 -0.000235105 -0.000911762 -9.25147e-05
internal_weight=1760 563 537 290 270 55 215 247 156 204 182 1197 135 140 1169 48 1121 106 86 45 1015 245 770 639 190 156 449 316 55 261
internal_count=1760 563 537 290 270 55 215 247 156 204 182 1197 135 140 1169 48 1121 106 86 45 1015 245 770 639 190 156 449 316 55 261
is_linear=0
shrinkage=0.05


Tree=241
num_leaves=31
num_cat=0
split_feature=166 189 292 309 227 276 203 199 155 191 305 313 145 149 206 128 280 285 322 210 92 202 189 237 95 227 112 94 270 222
split_gain=0.00348508 0.0113074 0.0119511 0.0122229 0.00785385 0.006972 0.00828587 0.00626287 0.0148769 0.0210581 0.00896227 0.00929698 0.00716435 0.00634165 0.00714014 0.00820496 0.00631928 0.0118299 0.0104043 0.012703 0.0118633 0.0112909 0.0133288 0.0125628 0.0228099 0.0135549 0.0133414 0.0129342 0.0122167 0.028507
threshold=0.031689979420421011 -0.0003661353505104641 -0.014211187892176722 -0.006580477277934961 -0.0017902713168376347 0.018826513189139842 0.00097647707061163135 0.025484597574035175 0.014325876346830009 0.0075897597131170799 -0.0042005105681420518 0.0052711670018496916 0.0095940042968110546 -0.057018266450666592 -0.030178973236118109 0.015641337086176817 -0.011613066108288857 0.075584424323991359 -0.038464326657301019 -0.64545231501659772 0.0098191524034911774 0.00095496364352127812 -0.033704177687239191 -0.015930783772637819 0.037427117137671655 0.013967711078075455 0.014211819278686874 0.024427440391325585 0.00049488337512690989 0.018852817814853793
decision_type=2 2 2 2 2 2 2 2 2 2 2 2 2 2 2 2 2 2 2 2 2 2 2 2 2 2 2 2 2 2
left_child=7 2 3 -2 -3 6 -4 13 10 -10 11 -9 -12 -1 15 -15 17 -16 20 -20 -18 28 -23 24 25 -24 -25 -28 -21 -30
right_child=1 4 5 -5 -6 -7 -8 8 9 -11 12 -13 -14 14 16 -17 18 -19 19 21 -22 22 23 26 -26 -27 27 -29 29 -31
leaf_value=-0.00062781250811607802 0.00019367790255706669 0.0010193748780247737 2.9247807507435308e-05 -0.0013902434830940585 0.00010765444936127593 -0.00047048844680830371 0.0013000493922331574 -8.708659443072975e-05 -0.0019857248038062133 7.9238373123539176e-06 5.2563058674497035e-06 0.0013592260614677799 -0.0010491701900415744 0.00015591460962215782 0.00020816119623100183 0.0011799388892136955 0.0014107234989448141 -0.00098176296927373523 -0.0013487888109271549 -0.00018229775532584638 -0.00010419423685691852 -0.0014434041735209274 0.00023508529173506596 0.00031924933080937573 -0.0018044694987756592 -0.0011503716841196785 -0.0011881280799767608 6.7609598108506552e-05 0.00015764302596018084 0.0021184456418268383
leaf_weight=38 21 51 29 29 44 22 23 25 27 26 49 20 24 71 413 27 24 22 21 198 28 24 55 130 31 26 37 46 158 21
leaf_count=38 21 51 29 29 44 22 23 25 27 26 49 20 24 71 413 27 24 22 21 198 28 24 55 130 31 26 37 46 158 21
internal_value=-1.59125e-12 0.000186638 -0.000127833 -0.000724997 0.000597104 0.000275656 0.000591333 -2.65241e-05 -0.000311835 -0.00100771 7.18905e-07 0.000555719 -0.000341404 9.08763e-06 2.72575e-05 0.000438044 -5.36577e-06 0.000147981 -8.88525e-05 -0.000136457 0.000594999 -0.000101389 -0.000306328 -0.000222359 -0.000651058 -0.000209629 3.0597e-06 -0.000492177 8.83289e-05 0.000387681
internal_weight=1760 219 124 50 95 74 52 1541 171 53 118 45 73 1370 1332 98 1234 435 799 747 52 726 349 325 112 81 213 83 377 179
internal_count=1760 219 124 50 95 74 52 1541 171 53 118 45 73 1370 1332 98 1234 435 799 747 52 726 349 325 112 81 213 83 377 179
is_linear=0
shrinkage=0.05


Tree=242
num_leaves=31
num_cat=0
split_feature=227 86 148 238 320 4 320 269 269 227 256 88 110 220 300 267 120 214 214 7 240 7 159 84 244 199 159 225 276 294
split_gain=0.00338577 0.00785502 0.00936352 0.0123445 0.0102757 0.0140346 0.0114552 0.00887027 0.00888711 0.00673294 0.014887 0.0155274 0.0107513 0.0186279 0.00923517 0.0101113 0.00711669 0.0062102 0.0074439 0.00690316 0.0136825 0.00949827 0.00673782 0.0130325 0.01335 0.0126525 0.0105194 0.0145908 0.0119882 0.0124689
threshold=0.029145529615572225 -0.16356929384801358 -0.0023649412480115412 -0.036079545462969785 -0.015161912133676146 0.89587973461402759 0.021510946132191785 0.0077802449604360219 -0.025699195029124319 0.010374637406708107 -0.029704383528152405 -0.036877491772128221 0.078740626019339274 0.0077544008225555903 0.032078894362599218 -0.018114620639942115 -0.013410245446017601 0.34026970975244086 0.25163300913571179 0.031209415584415586 1.0000000180025095e-35 0.032608936443587873 -0.0025030972172726609 -0.27427989244906842 0.0041254834307104587 -0.032848002602534461 0.0018683840802733709 0.016660943476849443 -0.040153633101359588 0.0042158051371778285
decision_type=2 2 2 2 2 2 2 2 2 2 2 2 2 2 2 2 2 2 2 2 2 2 2 2 2 2 2 2 2 2
left_child=9 -2 3 -3 5 -4 7 8 -6 12 11 -11 17 -14 15 -12 -17 18 19 20 -1 -21 23 24 -23 -25 27 -24 -28 -30
right_child=1 2 4 -5 6 -7 -8 -9 -10 10 14 -13 13 -15 -16 16 -18 -19 -20 21 -22 22 26 25 -26 -27 28 -29 29 -31
leaf_value=0.00012032466855349152 -0.00089282697787688634 0.0011997260170084282 -0.00016172163223382086 2.2410210532407585e-05 0.00034048063468314165 -0.001915076990900118 -0.00089598156215181339 0.00076977213416524288 -0.00082474602114719652 0.00025743543894215555 -0.00054538543695040664 0.0020469071539330553 -0.0018972622731234881 0.00023489608442365091 -0.00068027798446233974 0.0011156032201202315 0.00020699850021187695 0.00089238240245322238 -0.00068424146551191562 0.00095053328510277487 -0.001449565082325337 -1.9399179810924188e-05 0.00018081523879545229 -0.0010875992425448762 -0.0017630624222953846 5.4634188187330823e-05 0.00073940564253829064 0.0016283758217468859 0.00021234542544221863 -0.00034542594252141297
leaf_weight=35 31 26 25 155 36 21 34 38 30 27 30 22 20 21 33 32 66 20 38 29 23 21 49 26 23 359 57 27 226 180
leaf_count=35 31 26 25 155 36 21 34 38 30 27 30 22 20 21 33 32 66 20 38 29 23 21 49 26 23 359 57 27 226 180
internal_value=1.48986e-13 -0.000128707 -6.38091e-05 0.000191527 -0.000314982 -0.000962166 -9.92544e-05 0.000161214 -0.000189168 3.73665e-05 0.000297777 0.00106087 -1.00219e-05 -0.000805181 6.55309e-05 0.00025781 0.000503686 1.92697e-05 3.29327e-06 2.80576e-05 -0.000502218 5.89061e-05 3.21941e-05 -0.000115668 -0.00093086 -2.25037e-05 0.000149881 0.00069508 6.03877e-05 -3.49424e-05
internal_weight=1760 396 365 181 184 46 138 104 66 1364 210 49 1154 41 161 128 98 1113 1093 1055 58 997 968 429 44 385 539 76 463 406
internal_count=1760 396 365 181 184 46 138 104 66 1364 210 49 1154 41 161 128 98 1113 1093 1055 58 997 968 429 44 385 539 76 463 406
is_linear=0
shrinkage=0.05


Tree=243
num_leaves=31
num_cat=0
split_feature=129 19 189 112 162 300 165 330 328 239 315 111 288 199 325 325 285 112 253 209 251 214 229 143 153 159 232 312 151 196
split_gain=0.00340819 0.00915245 0.00916553 0.0153858 0.0236195 0.0147693 0.00884017 0.00836139 0.0120386 0.0111658 0.0110244 0.00803888 0.00651194 0.00836232 0.00717419 0.020706 0.0313956 0.0346593 0.0174742 0.0164242 0.0137863 0.0130633 0.0203221 0.0202943 0.0184995 0.010943 0.0185791 0.0117328 0.0108922 0.0138385
threshold=0.025782049166782936 6.8660714285714297 -0.0017814900280454366 -0.0016000753574219569 -0.0036251770301683377 -0.0058128718397483037 0.018665725838938819 -0.0094260152677681491 -0.017140675032622097 0.011880305247905161 0.0023653129956771818 -0.017640652107205602 -0.064644606554257064 0.0061315920444151781 -0.0012311161028990228 0.0020824909448522015 1.0000000180025095e-35 0.010710521240400088 0.0022759291702138104 0.012303920169252885 0.036775586339087493 -0.02390099792687499 0.027947165242140321 0.0026117754141067352 0.0094239146713747685 -0.00010383672500799277 0.010601051518357106 0.0026882220738157145 0.0051169061577706369 0.0043246567590235936
decision_type=2 2 2 2 2 2 2 2 2 2 2 2 2 2 2 2 2 2 2 2 2 2 2 2 2 2 2 2 2 2
left_child=12 -2 3 6 -5 -6 -3 10 -9 11 -4 -10 13 -1 20 16 18 -18 -16 -17 21 22 23 -14 -25 26 -22 -27 29 -21
right_child=1 2 7 4 5 -7 -8 8 9 -11 -12 -13 14 -15 15 19 17 -19 -20 28 25 -23 -24 24 -26 27 -28 -29 -30 -31
leaf_value=1.3836376267675037e-05 0.00048912409036767294 -0.00035080279623547669 0.0011438617829034844 -0.0024082978287796406 0.00052712881641293115 -0.0012040592989900948 0.00084646172624724438 -0.0010145138601097238 0.0012432108109351248 -0.00089335916114082056 -0.00010565385959258804 2.9853083122911498e-05 0.0004670641361178454 0.0013270582302528635 -0.001205326050403528 -0.0013158419368251503 0.00052380224128137343 0.0033163520606467505 0.00088478201301768434 -0.00038888252385827643 -0.00079666631171652956 -6.9357851559296433e-05 -0.0017233358685519885 -0.0019162964736236833 -7.9565669423980835e-05 0.0014483194832470925 0.00097146491946962978 0.00013476868368931773 0.00033342551091228263 0.00025845461172986243
leaf_weight=27 52 58 31 22 22 28 21 36 20 22 41 43 47 22 20 22 25 20 20 190 39 366 33 26 29 34 24 34 240 146
leaf_count=27 52 58 31 22 22 28 21 36 20 22 41 43 47 22 20 22 25 20 20 190 39 366 33 26 29 34 24 34 240 146
internal_value=4.93814e-13 -0.000129132 -0.00022259 -0.000514372 -0.00104305 -0.000442337 -3.25426e-05 5.6964e-06 -0.000248169 7.64e-05 0.000432332 0.000415046 3.749e-05 0.000603446 1.64012e-05 0.000128743 0.000858955 0.00176494 -0.000160272 2.49503e-05 -0.000105006 -0.000224419 -0.000644809 -0.000295874 -0.000947838 0.000351681 -0.000123093 0.000791544 7.61611e-05 -0.000107599
internal_weight=1760 396 344 151 72 50 79 193 121 85 72 63 1364 49 1315 683 85 45 40 598 632 501 135 102 55 131 63 68 576 336
internal_count=1760 396 344 151 72 50 79 193 121 85 72 63 1364 49 1315 683 85 45 40 598 632 501 135 102 55 131 63 68 576 336
is_linear=0
shrinkage=0.05


Tree=244
num_leaves=31
num_cat=0
split_feature=184 184 199 326 185 257 144 164 9 252 156 227 211 257 243 210 184 205 226 175 216 235 235 82 235 82 310 224 294 264
split_gain=0.00325282 0.0058555 0.00955746 0.00660945 0.00652703 0.00433024 0.0103494 0.0117812 0.00877775 0.0171423 0.00840448 0.00794901 0.00690665 0.00657835 0.0200027 0.0133267 0.00890741 0.0110628 0.00653178 0.0116557 0.0190534 0.0105728 0.0153411 0.0124581 0.0108546 0.010503 0.0160449 0.00989327 0.00872024 0.0106758
threshold=0.078158298959914996 0.044190905197075199 -0.017913502241337722 -0.011104300457755215 0.070206817368073618 0.020988390611869502 0.045136903300911933 0.037531257597262738 0.012993506493506496 0.010234637796812782 0.028762289608585515 -0.06997015177859689 0.018299796721657716 0.013791805155310368 -0.042285042222858955 0.012598781488241747 -0.002318523056100343 0.0030491730916318177 -0.0039790447073182076 -0.011578588620778069 -0.022593341211502079 -0.0063667583711305006 -0.0010406986370930283 -0.33602111931573492 -0.0090885885714240815 -0.35200419299979846 0.0053791014084235466 0.045752291098675374 -0.015840227104760515 0.0062069940027416363
decision_type=2 2 2 2 2 2 2 2 2 2 2 2 2 2 2 2 2 2 2 2 2 2 2 2 2 2 2 2 2 2
left_child=1 4 -3 -4 5 13 7 8 9 -7 11 -10 -13 18 -15 16 17 -16 19 20 -1 24 -23 -24 28 26 -21 -27 29 -20
right_child=-2 2 3 -5 -6 6 -8 -9 10 -11 -12 12 -14 14 15 -17 -18 -19 21 25 -22 22 23 -25 -26 27 -28 -29 -30 -31
leaf_value=-0.0012482322982072624 -0.00057811356624976431 0.0013824096487951465 0.00072710386593826119 -0.00047613526973873383 -0.0009080978513520678 0.0020191689847879821 -0.00091271285671696428 -0.00076420282367271962 -0.00078177109171519989 0.00018069565453515679 0.00092219307253424844 3.9374251701048431e-05 0.00085250253050617175 -0.0017161804539880352 -0.0017467294738162311 0.0010059628009912557 0.00012141314871896188 -8.3689401108131279e-05 0.00016085847510978403 -2.500348544510251e-05 8.6370955369392715e-05 -0.0012815390880859924 -0.0010310812583396146 -7.6364088672669823e-05 0.0012598461612651592 0.00024916081289797317 0.0018096793882320457 -0.0008733096878997805 0.0002516706660071308 -0.0010039611015943935
leaf_weight=36 24 20 21 25 20 21 21 27 24 32 34 142 32 23 20 22 43 20 42 22 104 34 38 339 20 301 26 21 169 37
leaf_count=36 24 20 21 25 20 21 21 27 24 32 34 142 32 23 20 22 43 20 42 22 104 34 38 339 20 301 26 21 169 37
internal_value=-7.76895e-13 7.99235e-06 0.000469909 7.31696e-05 -1.0263e-05 6.19811e-07 0.000161705 0.000234021 0.00032859 0.000909147 0.000195962 7.12562e-05 0.000188915 -4.01101e-05 -0.000380692 -8.81565e-05 -0.000378164 -0.000915209 -3.44523e-06 0.000131776 -0.000256813 -0.00010501 -0.000264333 -0.000172596 0.000139324 0.000278809 0.000968783 0.000175956 4.8959e-05 -0.00038469
internal_weight=1760 1736 66 46 1670 1650 333 312 285 53 232 198 174 1317 128 105 83 40 1189 510 140 679 411 377 268 370 48 322 248 79
internal_count=1760 1736 66 46 1670 1650 333 312 285 53 232 198 174 1317 128 105 83 40 1189 510 140 679 411 377 268 370 48 322 248 79
is_linear=0
shrinkage=0.05


Tree=245
num_leaves=31
num_cat=0
split_feature=203 203 251 241 131 219 94 146 222 225 118 301 146 295 184 122 224 253 109 232 105 224 300 276 302 274 168 143 284 323
split_gain=0.0031849 0.00793171 0.00791849 0.0065763 0.00882126 0.00930549 0.0193144 0.00828935 0.0130995 0.00957164 0.00952625 0.00907807 0.0156321 0.0130893 0.0275128 0.0148753 0.0132005 0.0111949 0.0128585 0.00980511 0.00837009 0.0099691 0.0135523 0.010063 0.0118891 0.0118371 0.00716688 0.00708984 0.0077483 0.00627512
threshold=7.4349562267278976e-05 0.00054508696748742662 -0.088273698259516073 0.11117757440868388 -0.084070623987716517 -0.079283767133136451 -0.029988682346439647 -0.007710790827371335 0.010154146099971928 -0.0081678569483947232 0.027479352312125466 -0.016135870190528995 -0.0023885566727980686 -0.017508165275890469 0.020518704747623313 -0.046975782400364173 0.027852775023122354 0.0090404920023617365 0.0058120414473837641 -0.00090093468603188738 0.051977954797105645 0.013346552754839701 0.025558433119911853 0.0034295172593450142 -0.0035371944594325033 -0.011010657409268336 0.038531816782865096 0.0093850986729779127 0.0059118283747396109 -0.0017470422208330813
decision_type=2 2 2 2 2 2 2 2 2 2 2 2 2 2 2 2 2 2 2 2 2 2 2 2 2 2 2 2 2 2
left_child=2 -2 -1 4 -4 6 -6 8 26 -10 11 12 -9 17 15 -15 20 19 -19 -13 21 22 23 25 -25 -17 27 -7 -29 -3
right_child=1 29 3 -5 5 7 -8 10 9 -11 -12 13 -14 14 -16 16 -18 18 -20 -21 -22 -23 -24 24 -26 -27 -28 28 -30 -31
leaf_value=0.00089155019363499298 0.001027007439240281 0.00018017649681880844 -0.0010584490754505774 0.00076203115009279424 0.00010385057516773319 -7.6136026093236571e-05 -0.0019461929006502031 -0.0011503723653731868 0.0017363804242839769 0.0003011695131695328 0.00050141714472912863 -0.001068356820313191 0.00037481560966365839 -0.0015142464517759018 -0.0022204441281602435 -0.00035302432195749139 -0.001381408438001844 0.0013480876407681666 -0.00031185043742880229 0.00026705978537912804 0.00085541991741463022 0.00060518248436233866 0.0006661091966882602 -0.0010351174089009874 0.00066826057515018394 -0.0020000436513025006 -0.00077573223761282862 0.0013569804626838182 0.00013544645200240399 -8.9346652650363272e-05
leaf_weight=21 21 426 24 22 27 129 20 20 21 26 49 27 105 26 23 20 22 28 20 28 21 29 22 20 21 24 25 21 34 438
leaf_count=21 21 426 24 22 27 129 20 20 21 26 49 27 105 26 23 20 22 28 20 28 21 29 22 20 21 24 25 21 34 438
internal_value=1.1851e-12 6.68797e-05 -6.7644e-05 -9.12308e-05 -0.000113793 -8.57339e-05 -0.000768508 -4.35651e-05 0.000188208 0.000942434 -0.000161058 -0.000232245 0.000130786 -0.000369341 -0.000580673 -0.000396699 -0.000234374 9.8461e-05 0.000656447 -0.000388508 -7.36427e-05 -0.000217101 -0.000439963 -0.00072624 -0.000162656 -0.0012514 1.85977e-05 0.000126523 0.00060185 4.35432e-05
internal_weight=1760 885 875 854 832 808 47 761 256 47 505 456 125 331 228 205 179 103 48 55 157 136 107 85 41 44 209 184 55 864
internal_count=1760 885 875 854 832 808 47 761 256 47 505 456 125 331 228 205 179 103 48 55 157 136 107 85 41 44 209 184 55 864
is_linear=0
shrinkage=0.05


Tree=246
num_leaves=31
num_cat=0
split_feature=276 83 166 285 334 290 301 321 168 217 251 276 268 128 124 219 265 102 240 190 274 186 327 138 138 300 174 274 172 292
split_gain=0.00316643 0.0134072 0.00949224 0.0135388 0.0103763 0.0100461 0.0126753 0.0102853 0.0150561 0.0183993 0.0169508 0.00906561 0.0106128 0.00964547 0.0132511 0.0155057 0.0232516 0.0258924 0.0212444 0.0300757 0.0156418 0.011541 0.0127937 0.0107536 0.0182984 0.0164808 0.0167116 0.0176022 0.0157556 0.0149433
threshold=-0.012723284678479786 0.33704599276776287 0.028122156690578017 0.071720913756754726 1.0000000180025095e-35 0.011949036770530908 0.033512365359991782 0.0042914187487327398 -0.020148103315305994 0.00010438628345173788 0.0018597348958235989 -0.007663805048411707 -0.0090049942505537033 -0.0064095635688855681 0.017196380702571495 -0.01863716435796552 -0.026726920475894731 0.019545706962334802 0.0035385189931791037 0.0051767245326875041 0.00045451959706922519 -0.0055549654928597593 0.0082461749170104435 0.010783496214940893 0.0062914862377784842 -0.009930992617977091 -0.012908103626139174 -0.0047958388738032825 -0.030767519748980104 0.015888135137480486
decision_type=2 2 2 2 2 2 2 2 2 2 2 2 2 2 2 2 2 2 2 2 2 2 2 2 2 2 2 2 2 2
left_child=1 2 3 5 -4 7 -7 -1 -9 -10 -11 12 -2 14 15 21 17 -17 20 -20 -18 22 -13 24 25 29 27 -27 -25 -15
right_child=11 -3 4 -5 -6 6 -8 8 9 10 -12 13 -14 23 -16 16 18 -19 19 -21 -22 -23 -24 28 -26 26 -28 -29 -30 -31
leaf_value=9.8172015254426189e-05 -0.0011918901105471176 0.00127583363690697 0.0010285019577651762 -0.0012598948243645613 3.2708050448336968e-05 0.00012982735501200089 0.0013180612396724799 0.00049994404985530619 -9.3546447511899352e-05 -0.00072776930914683776 -0.0025724933831952515 -0.0011069921587477439 -0.00011256866531649365 0.00021959524707965196 0.0003142002035601763 -0.0029895928339101377 0.00092292889500018458 -0.00052972644634792238 -0.00013098471531658575 -0.0025176470710324464 -0.00050246233929497879 0.00038241813817376674 0.00038335294705878675 -0.0014930219300800848 0.0012868412053928925 0.0001408505646395497 0.0001207542969157158 -0.0016758543994122499 -3.5836076597850072e-05 0.0013019736634608612
leaf_weight=171 36 23 47 22 59 133 27 30 51 33 20 36 62 95 100 20 38 23 33 22 39 91 24 21 39 24 204 30 159 48
leaf_count=171 36 23 47 22 59 133 27 30 51 33 20 36 62 95 100 20 38 23 33 22 39 91 24 21 39 24 204 30 159 48
internal_value=2.69632e-12 9.13947e-05 4.54553e-05 -4.78735e-05 0.000474239 9.46947e-06 0.000330342 -0.000158857 -0.000486857 -0.000771511 -0.00142389 -4.92125e-05 -0.000509054 -6.12988e-06 -0.000189301 -0.000343749 -0.000664063 -0.00167385 -0.000335117 -0.00108565 0.000200977 2.74755e-05 -0.000510854 0.000119726 0.000252913 0.000152356 -8.62843e-05 -0.00086843 -0.000205841 0.000582911
internal_weight=1760 616 593 487 106 465 160 305 134 104 53 1144 98 1046 426 326 175 43 132 55 77 151 60 620 440 401 258 54 180 143
internal_count=1760 616 593 487 106 465 160 305 134 104 53 1144 98 1046 426 326 175 43 132 55 77 151 60 620 440 401 258 54 180 143
is_linear=0
shrinkage=0.05


Tree=247
num_leaves=31
num_cat=0
split_feature=288 288 156 101 303 263 297 297 130 156 190 333 81 130 278 228 203 200 229 189 0 307 126 98 236 7 283 87 163 288
split_gain=0.00300707 0.0047529 0.00845244 0.00711343 0.00582121 0.0048767 0.00438468 0.0171373 0.0113602 0.0108436 0.0108565 0.0146576 0.0106982 0.00988852 0.0152535 0.0122181 0.0112898 0.0177472 0.0156265 0.0126587 0.0151465 0.00932262 0.0120549 0.00911034 0.0088545 0.00834738 0.00794671 0.0108187 0.0152241 0.00873046
threshold=0.10306606575297055 0.047854753437538651 0.002186764762461288 -0.0008277468415086364 -0.0039330469922216416 0.12199685620953804 -0.01001729767512591 -0.0072574039095982179 -0.064319960187474157 0.01239354364995343 -0.022577226983762154 0.028759357886312533 -0.46748681277899073 0.035926981279570391 0.013872718083003884 0.0051777399675679578 -0.00034061051679816018 0.016755044685636749 0.031759659450007048 -0.0027860203967018603 5.8847132099692177 -0.0076727666294383835 -0.0028631677917487415 -0.021184847358724657 -0.0017073064127817916 0.76563062645011615 0.034588930963867164 0.02989179101623014 -0.0039057261813421769 0.0064388881383884078
decision_type=2 2 2 2 2 2 2 2 2 2 2 2 2 2 2 2 2 2 2 2 2 2 2 2 2 2 2 2 2 2
left_child=1 5 3 -3 -4 6 8 12 -1 13 -11 25 -8 16 15 -15 17 18 23 20 -18 24 -23 -10 -21 -12 -9 28 -28 -29
right_child=-2 2 4 -5 -6 -7 7 26 9 10 11 -13 -14 14 -16 -17 19 -19 -20 21 -22 22 -24 -25 -26 -27 27 29 -30 -31
leaf_value=-0.0013071858571493068 -0.00055584624933544544 0.001247044994435724 0.00039670107032482827 0.00020696508132719569 -0.00055887795426636281 0.0007600301719503477 0.0018084110514748665 5.0248909603994269e-05 0.00074413949623703963 0.0010404103439317885 0.00057460470798624953 -0.0011594465116061094 0.0002910909170168452 -0.00052059955894947054 0.00022149934349885295 -0.0022683228700770999 0.00020596987188921547 -0.0018310682493029161 -0.0015184842361850315 0.0011628106226271484 0.001829480883479846 -0.0014529551538241018 -7.5660581972036376e-05 -0.00027584998793310755 -0.00024866444419603797 -0.00052332297162375541 -0.0019015102499079974 0.00041039344576067663 -0.00027786902584401625 -0.00074249718024172286
leaf_weight=20 24 31 30 35 34 20 21 829 30 35 70 21 26 20 23 20 51 20 20 20 20 24 47 81 25 23 22 52 42 24
leaf_count=20 24 31 30 35 34 20 21 829 30 35 70 21 26 20 23 20 51 20 20 20 20 24 47 81 25 23 22 52 42 24
internal_value=-2.65598e-12 7.68451e-06 0.000298472 0.000695487 -0.00011095 -1.58537e-05 -2.56379e-05 3.6632e-05 -0.000136631 -9.40656e-05 0.000270147 3.36625e-05 0.000969042 -0.000229396 -0.000804507 -0.00139446 -0.000122201 -0.00044378 -0.00023198 0.000137469 0.000663297 -0.000184374 -0.000541225 -1.77154e-07 0.000378658 0.000303074 -8.59324e-06 -0.000357023 -0.000835996 4.63227e-05
internal_weight=1760 1736 130 66 64 1606 1586 1016 570 550 149 114 47 401 63 40 338 151 131 187 71 116 71 111 45 93 969 140 64 76
internal_count=1760 1736 130 66 64 1606 1586 1016 570 550 149 114 47 401 63 40 338 151 131 187 71 116 71 111 45 93 969 140 64 76
is_linear=0
shrinkage=0.05


Tree=248
num_leaves=31
num_cat=0
split_feature=322 322 111 241 292 190 110 195 328 143 143 220 213 210 101 331 101 101 8 282 99 261 82 303 19 221 279 334 174 253
split_gain=0.00300906 0.0161661 0.0188529 0.00848329 0.0113278 0.00874108 0.00830234 0.00951041 0.00820888 0.0182005 0.0169663 0.026314 0.0169528 0.0125913 0.0121587 0.0171223 0.0105696 0.0120853 0.0103732 0.00996253 0.0103077 0.0107326 0.0131948 0.0103193 0.00940692 0.00886265 0.0107939 0.00764064 0.0126601 0.0089122
threshold=-0.0085364366785426193 -0.010474047682142922 0.0040927345637638427 -0.059047848074282906 0.0060510846835562264 0.0048270821174384903 -0.044670404864431031 0.0021474343402553041 -0.00049766901276956054 0.0006303997222965183 -0.007029582900113047 -0.021906180823055139 0.14490583439591867 -0.63527713282658549 -0.031391122098522822 -0.0020169231434794079 -0.0097464323229071084 -0.0056484775504879016 0.040172910662824211 -0.044111862708962134 0.036518274629758832 -0.02347675605079887 -0.087014858326426497 -0.0089130950738113991 12.519230769230772 -0.00014515267471328419 0.0074326295961702421 -0.0052666129632454083 0.013407655149728236 -0.017159531485278514
decision_type=2 2 2 2 2 2 2 2 2 2 2 2 2 2 2 2 2 2 2 2 2 2 2 2 2 2 2 2 2 2
left_child=1 6 -3 4 5 -2 7 -1 13 10 -10 -12 16 -5 15 -15 -11 -18 19 -16 21 22 -21 -22 -13 -20 -27 28 -23 -29
right_child=3 2 -4 8 -6 -7 -8 -9 9 12 11 24 -14 14 18 -17 17 -19 25 20 23 27 -24 -25 -26 26 -28 29 -30 -31
leaf_value=-4.5729384704221355e-05 0.00050592049236001916 -0.0015342055391906447 0.00011773523926216689 -0.0011262974785252785 0.0012010773630512026 -0.00077429560717746427 8.2076704512473958e-05 -0.0010828320321992838 0.00014746572470881582 0.00047991296208541219 0.0024188772231961294 -9.277294430991306e-05 -0.0013416614514965288 0.00012126276952862416 -0.00092015608752262781 -0.0018080474656966073 -0.0014044072397518903 -7.3573508290854958e-05 4.0601346749315133e-05 -0.0012380621579359287 -0.001085809931548563 0.00060413128751363578 0.00038949638945434185 0.0001654052115352695 0.0011115141057328607 -0.0014663402703703353 -9.8893622796620336e-05 0.0018165059562306853 -0.00087224237742702839 0.00063645066809840504
leaf_weight=60 40 39 31 30 36 20 500 35 165 72 24 34 27 23 20 23 20 116 59 20 26 53 33 45 31 31 27 20 20 80
leaf_count=60 40 39 31 30 36 20 500 35 165 72 24 34 27 23 20 23 20 116 59 20 26 53 33 45 31 31 27 20 20 80
internal_value=5.0092e-13 -8.38929e-05 -0.000802632 5.09486e-05 0.000499893 7.91818e-05 6.64652e-07 -0.00042782 7.80687e-06 0.000154179 0.000447589 0.001004 -0.000162952 -0.000132539 -7.04287e-05 -0.000843392 -9.94682e-06 -0.000269284 1.14983e-05 0.000160005 0.000232743 0.000397843 -0.000224677 -0.000292786 0.000481579 -0.000390865 -0.00082977 0.000588557 0.000199645 0.000872462
internal_weight=1760 665 70 1095 96 60 595 95 999 489 254 89 235 510 480 46 208 136 434 317 297 226 53 71 65 117 58 173 73 100
internal_count=1760 665 70 1095 96 60 595 95 999 489 254 89 235 510 480 46 208 136 434 317 297 226 53 71 65 117 58 173 73 100
is_linear=0
shrinkage=0.05


Tree=249
num_leaves=31
num_cat=0
split_feature=237 294 237 127 127 106 280 128 194 113 113 146 113 164 152 243 324 189 98 246 227 297 130 52 56 138 236 244 283 282
split_gain=0.00302039 0.0134449 0.012493 0.01056 0.0142113 0.0106465 0.00787123 0.0130034 0.00621207 0.00536933 0.0163434 0.0165664 0.0141294 0.00910497 0.0101101 0.0087779 0.0114312 0.0170799 0.0138541 0.0178316 0.0212483 0.017394 0.0100246 0.00956113 0.0125462 0.00947263 0.0087268 0.0148459 0.00832349 0.0122402
threshold=-0.041981281496676646 0.043729495202567067 -0.039301799224348358 0.055823471235429599 0.043437088396651245 0.055283336712994666 0.0070875972963079107 0.012985322074831333 0.00022959472074220034 0.005691479415334078 0.006759358143126057 -0.010608441359614645 0.0048168270393781311 -0.0062814931481169111 0.012434453814484372 0.0052768938357925432 0.018865285686283959 -0.031641781250166 0.020099684039467689 0.01058651254827429 0.010374637406708107 -0.0013229013716622919 0.014128040357329506 1.4978661367769956 1.0000000180025095e-35 -0.0067656529884177526 -0.081603090312061408 0.071420957323290166 0.0015492900652561991 -0.0085712568722329813
decision_type=2 2 2 2 2 2 2 2 2 2 2 2 2 2 2 2 2 2 2 2 2 2 2 2 2 2 2 2 2 2
left_child=1 3 -2 4 5 6 7 8 -1 12 11 -11 15 -12 -15 23 17 -17 19 20 21 -19 -18 24 26 -21 -4 28 -28 -30
right_child=2 -3 9 -5 -6 -7 -8 -9 -10 10 13 -13 -14 14 -16 16 22 18 -20 25 -22 -23 -24 -25 -26 -27 27 -29 29 -31
leaf_value=0.00049649566148959651 -0.0012389591917218198 0.0010123620708980478 0.0010380357762029312 0.00079734556230606464 -0.0010477442378968201 0.0010120863858610392 0.00029674083843929112 -0.0014794817067344081 -0.00059730447304900741 -7.8698680888258181e-05 0.00029542345180137394 0.0017277003349348283 -0.0010790319803431082 -0.00037193916691189208 0.00033733704081636727 -0.0016702229588797008 -5.6055962998732566e-05 -0.0028883960386294695 0.00021850468694318117 -0.00068299938284326349 -0.00017885008564366163 -0.00082806505030021084 0.0011218812998777139 0.0010169619283260545 -0.0011073874863897167 0.00038069861532130742 -9.4261411273525243e-05 -0.0011215107790261615 0.00072739020097905822 -4.8394626446679469e-06
leaf_weight=27 21 39 23 36 35 25 64 22 25 22 180 30 34 178 70 24 73 21 91 36 33 20 24 26 23 50 251 26 103 128
leaf_count=27 21 39 23 36 35 25 64 22 25 22 180 30 34 178 70 24 73 21 91 36 33 20 24 26 23 50 251 26 103 128
internal_value=1.09759e-13 0.000152869 -2.80654e-05 9.62025e-06 -0.000133603 6.26856e-05 -0.000109307 -0.000460484 -2.93698e-05 -1.07197e-05 0.000126426 0.000963455 -7.74842e-05 2.47305e-05 -0.00017174 -4.17146e-05 -0.000231293 -0.000395906 -0.000274059 -0.000554204 -0.00112324 -0.00188336 0.000235392 7.98772e-05 3.58985e-05 -6.45703e-05 8.54193e-05 4.22891e-05 0.000105067 0.000321653
internal_weight=1760 273 1487 234 198 163 138 74 52 1466 480 52 986 428 248 952 372 275 251 160 74 41 97 580 554 86 531 508 482 231
internal_count=1760 273 1487 234 198 163 138 74 52 1466 480 52 986 428 248 952 372 275 251 160 74 41 97 580 554 86 531 508 482 231
is_linear=0
shrinkage=0.05


Tree=250
num_leaves=31
num_cat=0
split_feature=197 267 197 191 221 140 289 321 289 110 171 185 196 296 205 191 270 330 143 193 268 311 243 243 311 9 259 116 302 82
split_gain=0.00294731 0.0106359 0.00841673 0.0040327 0.0135282 0.0160964 0.00733323 0.00664988 0.00639466 0.00530111 0.00502869 0.0082622 0.00937969 0.0143855 0.00884905 0.0119022 0.0125711 0.0214195 0.0284838 0.0140241 0.0198592 0.0326817 0.0127158 0.0122354 0.0119019 0.012395 0.0130091 0.0120206 0.0107422 0.0104206
threshold=0.056250267250493653 0.01793905658280286 0.049042611414022462 -0.032272493124503386 0.0072889494968952978 0.0017508460374100422 0.090615686794628933 0.083419694340032505 0.067003592510880103 0.011142804365411872 0.012326261467632016 -0.051461020066793907 -0.023553898716584195 0.040497264066901899 0.0011163573652528812 0.0059517621950621984 0.00049488337512690989 -0.00033853229381452106 0.00010525850255218551 0.00012647617083165548 0.0036596602733544805 -0.0024553587161397928 -0.02074089850247773 0.0057070817386213179 -0.0044287260256283935 0.027554571338184123 0.013590407873986885 0.022363847217583627 -0.0018472481347563219 -0.1710806123022148
decision_type=2 2 2 2 2 2 2 2 2 2 2 2 2 2 2 2 2 2 2 2 2 2 2 2 2 2 2 2 2 2
left_child=2 -2 3 4 5 -1 7 8 10 -6 11 -5 13 -13 15 16 19 28 -19 22 23 -22 -14 -21 25 26 -17 29 -18 -26
right_child=1 -3 -4 6 9 -7 -8 -9 -10 -11 -12 12 14 -15 -16 24 17 18 -20 20 21 -23 -24 -25 27 -27 -28 -29 -30 -31
leaf_value=-4.1504581652892132e-05 0.00024261284608136132 -0.0012670629864442165 0.00094059324558960127 0.00092834660066555021 0.00062993307127678574 -0.0015958197889924652 0.00085225944522580215 0.00088911469685973266 -0.00068474936595200287 -0.00035993673459632278 0.00014583221313013326 -0.0002407353718156272 0.0013130800715225634 -0.0017202962865121665 0.00014457064511082195 -0.00233416802695264 -0.00095169800092819432 0.0022800004437427829 0.00010473350994288921 0.00056519283789384649 -9.3829295801697304e-05 -0.0029522261884994804 -0.00014896434646477152 -0.0010112926602596417 -0.0014272820600308479 -0.00020341295481381578 -0.00063348293558440432 0.00080954911932349218 0.00031899187716846479 -2.9477503330781475e-05
leaf_weight=36 28 20 24 21 38 31 26 21 34 21 461 92 20 20 427 23 29 27 34 32 20 20 58 20 20 31 22 25 39 40
leaf_count=36 28 20 24 21 38 31 26 21 34 21 461 92 20 20 427 23 29 27 34 32 20 20 58 20 20 31 22 25 39 40
internal_value=2.86775e-13 -0.000386419 1.08342e-05 -2.38515e-06 -0.00027449 -0.000760665 1.95644e-05 5.46934e-06 -6.77921e-06 0.000277607 8.78527e-06 -5.31546e-05 -7.37867e-05 -0.000504943 -1.93454e-05 -0.000171502 1.5128e-05 0.000387305 0.00106756 -0.000267289 -0.000685443 -0.00152303 0.000225919 -4.11477e-05 -0.000518101 -0.000972741 -0.00150272 -0.0001116 -0.00022292 -0.000495412
internal_weight=1760 48 1712 1688 126 67 1562 1536 1515 59 1481 1020 999 112 887 460 299 129 61 170 92 40 78 52 161 76 45 85 68 60
internal_count=1760 48 1712 1688 126 67 1562 1536 1515 59 1481 1020 999 112 887 460 299 129 61 170 92 40 78 52 161 76 45 85 68 60
is_linear=0
shrinkage=0.05


Tree=251
num_leaves=31
num_cat=0
split_feature=184 180 102 193 313 277 310 175 101 133 309 309 185 303 161 326 277 334 179 212 247 179 297 196 297 189 129 306 108 208
split_gain=0.00286105 0.00522669 0.00939428 0.00383251 0.0118612 0.00770629 0.00665159 0.0107266 0.00799969 0.00698665 0.00552142 0.0146269 0.00880017 0.00748727 0.00717945 0.00571921 0.00524957 0.0057581 0.00941486 0.0147748 0.00902947 0.00858356 0.00957457 0.0120823 0.0116234 0.0166653 0.0127429 0.0135652 0.0189115 0.0107278
threshold=0.078158298959914996 0.051181190074135248 -0.016134530708256645 0.022340338717594676 0.038498305851042337 -0.091665612691824161 0.014724534211556933 -0.013926548977581657 -0.010603736285801923 0.0080577074291289085 -0.043669984697048171 -0.040727867778312957 0.046408716972411238 -0.06665421928653982 0.0032748226463978816 0.016050949532119038 -0.071572081441804838 0.00086006584333669868 0.020076433369770906 0.016282403092128393 -0.023473855301330743 0.016526263621270038 -0.01238594615654089 0.028630066935096676 -0.00094676393824475499 -0.0025754732123240013 0.0009086467026978509 -0.0011702622186183316 0.0018607987663905986 -0.0076048664842550432
decision_type=2 2 2 2 2 2 2 2 2 2 2 2 2 2 2 2 2 2 2 2 2 2 2 2 2 2 2 2 2 2
left_child=1 3 -3 5 6 -1 7 -5 -8 -10 14 -12 13 -13 -7 -16 -15 18 21 -20 -21 22 29 24 25 -24 27 28 -26 -18
right_child=-2 2 -4 4 -6 10 8 -9 9 -11 11 12 -14 16 15 -17 17 -19 19 20 -22 -23 23 -25 26 -27 -28 -29 -30 -31
leaf_value=0.00080269278846718676 -0.00054218281390300651 -7.4294669587591974e-05 0.0012859949967771007 -0.0009504105483708708 -0.0010163783477076544 -8.2656051303173535e-06 0.001211479566700291 3.5087279007207642e-05 -0.00064836426990084539 0.00064139866860516911 -0.0013668791549571325 -0.000768296765939643 0.00081454906973732477 -0.00080819595605134968 0.00036501090030859425 0.0014249246005783789 -0.00080034655263222271 -0.00010668606931136084 -0.0013527820191274469 -0.00067083641060262694 0.00044661037724533047 0.0012169515782443343 7.597694185096772e-05 -0.00076606524873265407 -0.0019833351574061455 0.0017989130000842124 0.00054707387993671824 0.00028486836029426949 0.00019102972742985003 0.00010090875815581252
leaf_weight=31 24 30 22 38 37 72 20 101 21 21 20 33 32 20 35 20 46 565 26 29 48 20 25 24 20 32 149 62 20 117
leaf_count=31 24 30 22 38 37 72 20 101 21 21 20 33 32 20 35 20 46 565 26 29 48 20 25 24 20 32 149 62 20 117
internal_value=-3.17781e-13 7.49561e-06 0.000501212 -7.7498e-06 -0.000193674 2.28519e-05 -4.22312e-05 -0.000234329 0.000388441 -3.4828e-06 5.76702e-06 -2.52472e-05 -4.08583e-06 -2.52803e-05 0.000320305 0.000750434 -4.89826e-06 8.68242e-06 0.000114157 -0.000322226 2.57538e-05 0.000201433 0.000160402 0.000314484 0.000398683 0.00104324 0.00025231 -0.000178277 -0.000896153 -0.000153433
internal_weight=1760 1736 52 1684 238 1446 201 139 62 42 1415 1288 1268 1236 127 55 1203 1183 618 103 77 515 495 332 308 57 251 102 40 163
internal_count=1760 1736 52 1684 238 1446 201 139 62 42 1415 1288 1268 1236 127 55 1203 1183 618 103 77 515 495 332 308 57 251 102 40 163
is_linear=0
shrinkage=0.05


Tree=252
num_leaves=31
num_cat=0
split_feature=220 186 150 140 333 274 274 114 82 126 94 301 203 247 296 179 232 167 202 206 114 157 158 237 1 274 144 288 266 266
split_gain=0.00280747 0.013377 0.0126405 0.0126918 0.00741759 0.00507508 0.0185242 0.0111511 0.0122642 0.0255238 0.0085411 0.0183809 0.0131411 0.00829356 0.0103318 0.0106955 0.00797005 0.0109574 0.0114773 0.0159472 0.0191715 0.0135671 0.0167862 0.0107016 0.0168199 0.0114281 0.00892478 0.0073422 0.00865951 0.0137716
threshold=-0.097131209663421689 0.016417161334262079 -0.002045572296726353 0.011160099960148244 0.010903396965089024 0.00045451959706922519 -0.00085870607262336076 -0.052230956016183196 -0.36371251204050997 -0.044765114680503849 -0.059536698904533149 0.013671559238219217 -0.043975200452869609 -0.025345519116648244 0.021151720634334913 0.0085660106612189205 0.00010393167906835389 -0.014831341285601419 -0.012065587039606893 -0.0018145291232279888 -9.4462422952560038e-05 -0.013933786506528404 -0.0063485348042111069 0.00031911314880225399 4.8559213341406453 -0.0097255968926734417 0.007340600615327232 -0.047752322995151107 0.0053880310576468514 0.0022924634624427614
decision_type=2 2 2 2 2 2 2 2 2 2 2 2 2 2 2 2 2 2 2 2 2 2 2 2 2 2 2 2 2 2
left_child=1 2 4 -4 -1 6 10 -7 9 -9 11 -2 -12 14 -14 -16 17 26 -19 20 -20 -21 -23 25 -25 -18 -15 -10 29 -29
right_child=5 -3 3 -5 -6 7 -8 8 27 -11 12 -13 13 16 15 -17 23 18 19 21 -22 22 -24 24 -26 -27 -28 28 -30 -31
leaf_value=0.00094460244333330443 -3.185507079858022e-05 0.0012381241629974774 -0.0015908225020393732 5.8318502332050623e-05 -0.00018993277320987546 0.00048137743765942612 0.0011922773087696572 0.00011597242048958801 0.00038583120045641958 -0.0021506652904107518 0.0011359054137599367 -0.0013643068092995126 0.00011082242945588243 0.0010513272134024495 0.00030337335192598403 0.0017961015204145088 0.00020423037788794361 0.00028623348586512986 -0.0023145842210700114 0.00077220464246982546 -0.00027214281006308742 0.00048644100210367466 -0.0013031476094941977 8.887068656964831e-05 -0.0014622766677348409 0.0014097820846363902 -0.00034289107041496954 -0.00022865927813407467 5.8970908394710865e-05 -0.0013032386008104148
leaf_weight=34 120 26 20 28 25 72 35 27 66 23 29 33 156 24 28 21 92 37 27 22 20 20 38 85 22 25 22 309 241 33
leaf_count=34 120 26 20 28 25 72 35 27 66 23 29 33 156 24 28 21 92 37 27 22 20 20 38 85 22 25 22 309 241 33
internal_value=5.11216e-13 0.000220871 -2.63119e-05 -0.000628824 0.000463867 -1.80552e-05 6.57532e-05 -0.000111103 -0.000172131 -0.000926681 1.77284e-05 -0.000319247 9.49099e-05 4.76659e-05 0.00030976 0.000943114 -7.61345e-05 -0.000297429 -0.000488709 -0.00071448 -0.00144546 -0.000285029 -0.000686048 0.000131329 -0.000230057 0.000461827 0.000384527 -0.000114 -0.000170584 -0.000332347
internal_weight=1760 133 107 48 59 1627 856 771 699 50 821 153 668 639 205 49 434 210 164 127 47 80 58 224 107 117 46 649 583 342
internal_count=1760 133 107 48 59 1627 856 771 699 50 821 153 668 639 205 49 434 210 164 127 47 80 58 224 107 117 46 649 583 342
is_linear=0
shrinkage=0.05


Tree=253
num_leaves=31
num_cat=0
split_feature=264 152 200 212 189 129 83 213 225 129 322 238 191 219 115 115 168 275 210 142 282 154 133 198 111 115 315 211 86 233
split_gain=0.00282031 0.0128153 0.0126576 0.0126678 0.00558836 0.00428521 0.0102351 0.00939896 0.0124878 0.0135068 0.0123627 0.010588 0.0102408 0.00976141 0.00779285 0.0147933 0.0117905 0.00998891 0.0124238 0.00981174 0.00898394 0.00882455 0.0184341 0.0120709 0.00910847 0.00851128 0.0158571 0.00834661 0.00719881 0.010502
threshold=-0.054669161457209875 -0.017026401428810529 -0.0057601919275067238 -0.0059639189808521247 0.066083867919862802 0.017345695884468614 -0.40812371028126931 0.19127029729798206 -0.050014099732779586 0.019307319768574683 -0.0033043706053572605 0.066139454927842664 -0.022151388834812536 -0.043211710414695757 -0.022795869761319549 -0.026904138094832903 0.037500825792902141 -0.0080777884723934722 0.014988185349046005 -0.0066430647252038628 -0.0089028287845473626 -0.0064479163244034457 0.0073503030468864954 -0.0049204219250782088 -0.006813454448059207 -0.016814912714109981 0.003980533331438667 -0.012797619605117726 0.26810945930388103 -0.010577856300584576
decision_type=2 2 2 2 2 2 2 2 2 2 2 2 2 2 2 2 2 2 2 2 2 2 2 2 2 2 2 2 2 2
left_child=1 -1 -3 -4 5 14 -7 8 10 -10 -8 12 -11 -14 15 16 17 18 20 -17 -2 24 23 -23 -19 26 -16 -22 -27 -30
right_child=4 2 3 -5 -6 6 7 -9 9 11 -12 -13 13 -15 25 19 -18 21 -20 -21 27 22 -24 -25 -26 28 -28 -29 29 -31
leaf_value=-0.00061612642457475886 -0.00038704638678940351 -0.00036936879824397381 0.0019364083345863037 0.00044749627270721247 -0.00084873351556325372 0.00075701877615453369 -5.4639545739449274e-05 0.00078556382413017163 -0.0012538908252026886 -0.00087723007376413217 -0.0014695808821718521 0.0010667250258848072 0.0007558839828359649 -0.0001306010606302442 -3.9072062245395505e-05 0.00036450218055051665 -0.00079936801588290475 0.00057394273098907431 -0.0011936322939370505 0.0019306871911976488 -4.4211468775756661e-06 0.00081127206774129134 6.4531324791129344e-05 0.0024195703407167458 -0.00061674829841398739 4.9350394411813627e-05 -0.0017633717384887859 0.0013188467257846655 -0.0014242704037488218 -2.1428065819611004e-06
leaf_weight=34 44 29 20 50 20 30 26 23 25 39 38 20 36 226 40 20 31 36 22 20 26 28 44 20 29 687 20 22 21 34
leaf_count=34 44 29 20 50 20 30 26 23 25 39 38 20 36 226 40 20 31 36 22 20 26 28 44 20 29 687 20 22 21 34
internal_value=1.54407e-12 0.000221376 0.000509003 0.0008729 -1.80965e-05 -7.75875e-06 -0.000136101 -0.00019798 -0.000253155 -0.000134476 -0.000894761 -4.72944e-05 -0.000121316 -8.79396e-06 4.41841e-05 0.000244023 0.000124344 0.000230009 -0.00012623 0.00114759 0.000129018 0.000488679 0.000803765 0.0014814 4.27113e-05 -4.10338e-05 -0.000613839 0.000602077 5.28462e-06 -0.000545137
internal_weight=1760 133 99 70 1627 1607 463 433 410 346 64 321 301 262 1144 342 302 271 114 40 92 157 92 48 65 802 60 48 742 55
internal_count=1760 133 99 70 1627 1607 463 433 410 346 64 321 301 262 1144 342 302 271 114 40 92 157 92 48 65 802 60 48 742 55
is_linear=0
shrinkage=0.05


Tree=254
num_leaves=31
num_cat=0
split_feature=238 278 189 327 138 185 90 134 166 336 172 204 250 162 162 178 142 113 113 174 159 169 163 203 303 124 113 324 202 126
split_gain=0.00266808 0.00925879 0.00866484 0.00826855 0.00908867 0.0076979 0.00551695 0.00451309 0.00510682 0.00762079 0.00623097 0.00582455 0.0108006 0.00605423 0.0113886 0.00944972 0.00664878 0.00592962 0.0163608 0.0121317 0.00873792 0.00987451 0.0144025 0.0104368 0.013784 0.0100601 0.00822025 0.0135662 0.00777182 0.0129735
threshold=0.055540999497930087 -0.035227338918454122 0.035064877117604844 -0.01933381275500198 -0.013122471535446333 0.061398012357374528 -0.0093368063030875494 -0.11242639933358288 0.047832927702365198 -0.0031062546414717209 0.0098042033792692836 0.04527592939376416 0.0091951880947702524 -0.044298184431543701 -0.037646482694713788 -0.017733644757074601 -0.018044501909680016 0.005691479415334078 0.0070484547721265242 0.0010405715849893858 -0.010754632525753274 -0.0082926037838718658 0.012992089592870735 0.0083262769786324551 -0.0028632391374884152 0.019058061489284548 0.0034036412004810278 -0.007580964441383539 -0.006979403372516655 -0.0030736633125094406
decision_type=2 2 2 2 2 2 2 2 2 2 2 2 2 2 2 2 2 2 2 2 2 2 2 2 2 2 2 2 2 2
left_child=5 -2 3 -3 -5 7 -6 -1 11 -10 -11 13 -13 15 -15 -9 -17 26 19 -19 28 23 -23 24 -22 -24 -16 -28 -20 -30
right_child=1 2 -4 4 6 -7 -8 8 9 10 -12 12 -14 14 17 16 -18 18 20 -21 21 22 25 -25 -26 -27 27 -29 29 -31
leaf_value=0.00067026176475337707 0.00093411193449741625 -0.0005681702949170193 -0.00093089210179944843 0.0010096415819134564 0.00059413126773766377 -0.00093158533285452949 -0.00017289332840269889 -0.00043721291334474117 -0.00034477974751588104 0.0013986726067378187 0.00029795586605764083 -0.0014596158459971777 0.00018359507987042889 -0.001153231550984935 -6.0261190535663566e-05 0.00013763773004895832 0.0013145666727463583 0.00025678188721940388 0.00024537230367838804 0.0018521253876811403 -0.0015466108203399927 0.00069128421870059324 -0.00072062654871842826 0.00054609083232935523 6.8662421836052093e-05 0.00055795422609662638 -0.0016531478611961411 -0.00017614954907363634 -0.001223315788055992 -3.1298808869905772e-05
leaf_weight=24 33 33 21 35 35 23 71 22 26 20 36 20 20 23 746 21 28 26 42 22 25 123 40 25 28 25 22 53 42 50
leaf_count=24 33 33 21 35 35 23 71 22 26 20 36 20 20 23 746 21 28 26 42 22 25 123 40 25 28 25 22 53 42 50
internal_value=7.85266e-13 0.000159579 2.85039e-05 0.000144293 0.00031104 -2.37493e-05 8.03695e-05 -9.91219e-06 -2.09049e-05 0.000362629 0.000691069 -4.3321e-05 -0.00063801 -2.58686e-05 -5.05716e-05 0.000423656 0.000810169 -3.05865e-05 0.000115727 0.000987981 1.10568e-05 0.000176922 0.000373148 -0.000296031 -0.000693259 -0.000228865 -0.000110426 -0.000609402 -0.000318198 -0.00057548
internal_weight=1760 228 195 174 141 1532 106 1509 1485 82 56 1403 40 1363 1292 71 49 1269 448 48 400 266 188 78 53 65 821 75 134 92
internal_count=1760 228 195 174 141 1532 106 1509 1485 82 56 1403 40 1363 1292 71 49 1269 448 48 400 266 188 78 53 65 821 75 134 92
is_linear=0
shrinkage=0.05


Tree=255
num_leaves=31
num_cat=0
split_feature=129 19 189 112 211 206 271 276 161 220 268 155 183 110 110 305 113 183 138 325 325 298 285 325 195 196 19 184 213 208
split_gain=0.00265919 0.00696275 0.00749525 0.0125192 0.0118785 0.0117826 0.0106423 0.00713405 0.0093232 0.0122545 0.00676444 0.00534834 0.00578252 0.0135865 0.0149122 0.0106791 0.0102506 0.00706464 0.0103679 0.00712408 0.014927 0.032606 0.012908 0.0114213 0.0113684 0.0100253 0.0122458 0.0252535 0.0095402 0.00948231
threshold=0.025782049166782936 6.8660714285714297 -0.0017814900280454366 0.013174428737256735 -0.007258405474286681 -0.0055119673470436408 0.0073216583707107841 -0.03775538447154865 -0.0032415767058172349 0.0060926476957605573 -0.0012674359608684826 0.085350276584547261 -0.03194562977349498 0.01058154341632 0.00019909273524360593 0.0012227053798361555 0.0032339827412240494 -0.025020697403297966 -0.020452002654323426 -0.0012311161028990228 0.0020824909448522015 0.0067809183968460312 0.00027522317117153393 -0.002728071372495517 0.0085973473341511963 0.0023879942637060887 11.133928571428573 0.0025288620253507859 -0.17061311909497928 0.0083726003499463939
decision_type=2 2 2 2 2 2 2 2 2 2 2 2 2 2 2 2 2 2 2 2 2 2 2 2 2 2 2 2 2 2
left_child=11 -2 3 4 6 -5 -3 -4 10 -10 -9 12 13 14 15 -1 -15 18 -14 23 21 22 -21 -19 25 26 27 -22 -27 -26
right_child=1 2 7 5 -6 -7 -8 8 9 -11 -12 -13 17 16 -16 -17 -18 19 -20 20 24 -23 -24 -25 29 28 -28 -29 -30 -31
leaf_value=-0.00029184701245477693 0.00042518633254076124 -0.0015093894624758674 0.00073376864041573096 -0.0020231079436295357 0.00034688071305440235 -0.00040136626907951725 -5.7844996185199961e-05 -0.00028643148988896216 -0.001240305629361308 1.1346236957858008e-05 0.00063145201359531011 -0.00074016526275293235 -0.0013509195301841593 0.00032986763300868916 0.0017700017020615634 0.0009432989352665443 -0.0011685856570866667 -3.6945014799906946e-05 0.00010642957921355935 -0.0006499872553696925 0.00014416371313614193 0.0023380015627481043 0.00089609463080975085 -0.0010716282275617622 0.00011350612374547174 0.0011392562538579418 -6.7915104793976518e-05 -0.0019085411295045854 4.6464137334578105e-05 0.00096959635392402505
leaf_weight=35 52 23 29 21 55 24 28 34 33 48 49 22 23 25 24 35 21 562 26 27 29 24 27 28 83 24 146 31 119 53
leaf_count=35 52 23 29 21 55 24 28 34 33 48 49 22 23 25 24 35 21 562 26 27 29 24 27 28 83 24 146 31 119 53
internal_value=1.66826e-12 -0.000114064 -0.000195578 -0.000459439 -0.000162804 -0.00115818 -0.000712463 1.08617e-05 -0.000116969 -0.000498586 0.000255452 3.31153e-05 4.5792e-05 0.000349909 0.000694477 0.000325726 -0.000354209 1.03707e-05 -0.000577632 3.53596e-05 0.00016259 0.000804576 0.000123054 -8.60486e-05 5.9343e-05 -9.17715e-05 -0.000315047 -0.0009164 0.00022987 0.00044713
internal_weight=1760 396 344 151 106 45 51 193 164 81 83 1364 1342 140 94 70 46 1202 49 1153 563 78 54 590 485 349 206 60 143 136
internal_count=1760 396 344 151 106 45 51 193 164 81 83 1364 1342 140 94 70 46 1202 49 1153 563 78 54 590 485 349 206 60 143 136
is_linear=0
shrinkage=0.05


Tree=256
num_leaves=31
num_cat=0
split_feature=184 184 332 185 195 237 134 237 136 237 237 288 169 290 290 232 253 95 163 295 124 111 263 303 89 262 325 302 297 297
split_gain=0.0026774 0.00495651 0.00870631 0.00475617 0.00474412 0.00399116 0.00679872 0.00648248 0.00731625 0.00675149 0.00919783 0.00855859 0.00580712 0.00518335 0.00617653 0.00625819 0.00571813 0.016024 0.0110464 0.0108821 0.00687477 0.00720946 0.00826901 0.00780777 0.00708474 0.00689018 0.00673332 0.00562547 0.00727046 0.0113081
threshold=0.078158298959914996 0.044190905197075199 0.018507334598109857 0.070206817368073618 0.012015777683345814 -0.10228237110321796 0.0068436133346128645 -0.069145778848546058 -0.0019558708000655335 -0.041981281496676646 -0.045814337785956602 -0.023249118878241156 0.0037154467005155235 0.081539157790777431 0.053233392057008749 0.0043988285104494809 -0.062636148643754025 -0.029695039821420785 -0.008589070854162122 0.0022424325914843562 -0.10175754303890754 0.039567088419340687 -0.061665806925509943 -0.0077915947550776373 0.024501003762101996 0.080458698753615901 -0.0084308011155197985 0.032868774569481375 -0.01041537749454014 -0.0072574039095982179
decision_type=2 2 2 2 2 2 2 2 2 2 2 2 2 2 2 2 2 2 2 2 2 2 2 2 2 2 2 2 2 2
left_child=1 3 4 5 -3 6 -1 8 -7 10 11 -9 -13 14 16 -16 17 -11 -19 -20 -18 22 23 -22 -23 27 -26 28 -24 -30
right_child=-2 2 -4 -5 -6 7 -8 9 -10 13 -12 12 -14 -15 15 -17 20 18 19 -21 21 24 25 -25 26 -27 -28 -29 29 -31
leaf_value=0.0011449600553532946 -0.00052449287589600622 -0.00055096366326324643 0.0012174413339538582 -0.00077596585208084435 0.00050197551966487915 -0.0011304701344569267 -0.00015875756456807722 -0.0006323391447809767 -5.9759404766970343e-05 -0.0015544552214281715 0.0012196673678699882 -0.00010529512908154478 0.00080552272016315592 -0.00068413487460929903 9.4797138739817751e-05 0.0011596954139597737 0.00089395481128511686 0.00078134772708066385 -0.0013310692717953187 0.00029857974150218072 -0.00010025166854535676 9.5935842749648884e-05 -0.00027177781680183739 -0.0014337310678369944 0.00024849737121919387 -0.00095547334814909861 0.0015160997747443617 0.00030292779760050814 0.00099971060639102789 -1.2517003630152982e-05
leaf_weight=20 24 20 23 20 23 27 20 26 39 23 25 30 42 29 37 22 21 26 21 20 23 118 281 21 22 20 20 120 29 568
leaf_count=20 24 20 23 20 23 27 20 26 39 23 25 30 42 29 37 22 21 26 21 20 23 118 281 21 22 20 20 120 29 568
internal_value=-2.03706e-12 7.25105e-06 0.000432232 -9.5446e-06 1.22364e-05 -2.5465e-07 0.000493101 -1.25119e-05 -0.000497777 8.23128e-06 0.000363609 0.000145227 0.000426015 -2.25298e-05 -8.74638e-06 0.000491878 -3.09045e-05 -0.000415759 -2.4863e-05 -0.000536119 -3.039e-06 -1.84538e-05 -6.55931e-05 -0.000736685 0.000294434 -3.65872e-05 0.000852118 -1.81726e-05 -6.20588e-05 3.66532e-05
internal_weight=1760 1736 66 1670 43 1650 40 1610 66 1544 123 98 72 1421 1392 59 1333 90 67 41 1243 1222 1062 44 160 1018 42 998 878 597
internal_count=1760 1736 66 1670 43 1650 40 1610 66 1544 123 98 72 1421 1392 59 1333 90 67 41 1243 1222 1062 44 160 1018 42 998 878 597
is_linear=0
shrinkage=0.05


Tree=257
num_leaves=31
num_cat=0
split_feature=316 314 331 156 144 252 201 316 89 160 334 180 305 181 81 160 266 312 321 296 174 296 293 293 148 192 168 236 293 143
split_gain=0.00264604 0.00958761 0.00815432 0.0074266 0.0064331 0.00730669 0.00526731 0.00494313 0.020166 0.00682884 0.00616099 0.005556 0.00567102 0.00542431 0.00958432 0.00815718 0.0119625 0.00771351 0.0057293 0.00527619 0.00963206 0.00776273 0.00604961 0.00563849 0.00776 0.00761004 0.00755975 0.0067695 0.0058187 0.00991698
threshold=-0.037015975240070921 0.037903492054268018 -0.0099409071131145686 -0.0051659563723616972 0.0022508958101139977 -0.010128897922127506 -0.0048231427164134788 -0.029233530612666769 0.041642140651460963 -0.0034947426804907548 0.064344819393349864 -0.053841278311553539 0.069815968617197299 -0.042082063984801014 -0.39469843267201915 0.04107204038410741 -0.0063127589588567552 -0.072824451399648424 -0.0063736109868999949 0.033476315838810729 0.022661122755752851 0.038206070799910084 0.031233893691671146 -0.045514736562015705 0.046535061654941937 0.025641199436165704 -0.010608490795926561 -0.096347262848470991 -0.0093835042409647837 0.0013125472166401985
decision_type=2 2 2 2 2 2 2 2 2 2 2 2 2 2 2 2 2 2 2 2 2 2 2 2 2 2 2 2 2 2
left_child=1 2 6 -3 -4 -6 -1 8 9 -2 11 -9 13 14 -13 17 -17 -15 -18 23 21 -21 -23 26 25 27 -19 -25 -29 -30
right_child=7 3 4 -5 5 -7 -8 10 -10 -11 -12 12 -14 15 -16 16 18 19 -20 20 -22 22 -24 24 -26 -27 -28 28 29 -31
leaf_value=0.0011456621057923735 -0.00067817280505551032 0.00015574738638298143 0.00044618015293666275 -0.0011740034303719378 -0.0010992471492500045 0.00014301856200949387 0.00027500617686655461 0.00063535572495311511 -0.001779120805877028 0.00046856738131405236 -0.00068835109768770062 0.0011786928358358435 -0.00064029277384500304 -0.00090459773167491557 -6.75074744738898e-05 -0.0013793608977441462 -0.00073773704152699801 -0.001256163775578898 0.00033473645171122347 0.0013408125990637294 -0.00034083404798164138 0.00012966954738230391 0.0010144806004827843 -0.00085421300536836497 -0.00067144166080795821 0.0005026484180307725 -0.00011230296127345914 0.00022114312139266353 0.00013934737072921345 -0.00029222531039014725
leaf_weight=38 20 21 49 21 20 29 32 35 20 37 32 27 34 22 36 26 20 20 33 23 45 85 25 22 38 87 52 276 286 249
leaf_count=38 20 21 49 21 20 29 32 35 20 37 32 27 34 22 36 26 20 20 33 23 45 85 25 22 38 87 52 276 286 249
internal_value=-1.9541e-12 0.000166559 0.000335481 -0.000509128 4.10757e-05 -0.000364029 0.000747648 -2.25661e-05 -0.000413102 6.62024e-05 -2.15107e-06 1.30872e-05 -2.40309e-06 1.34047e-05 0.000466578 -8.40583e-06 -0.000500909 2.32265e-05 -6.99705e-05 4.0124e-05 0.000291489 0.000505433 0.000330763 -3.31586e-06 2.87554e-05 5.76766e-05 -0.000430042 1.1203e-05 3.46791e-05 -6.15154e-05
internal_weight=1760 210 168 42 98 49 70 1550 77 57 1473 1441 1406 1372 63 1309 79 1230 53 1208 178 133 110 1030 958 920 72 833 811 535
internal_count=1760 210 168 42 98 49 70 1550 77 57 1473 1441 1406 1372 63 1309 79 1230 53 1208 178 133 110 1030 958 920 72 833 811 535
is_linear=0
shrinkage=0.05


Tree=258
num_leaves=31
num_cat=0
split_feature=179 197 196 197 329 191 86 328 261 146 194 330 321 146 296 325 161 309 141 168 308 112 109 308 289 113 138 139 289 131
split_gain=0.00262332 0.00368276 0.00850367 0.00715199 0.0135598 0.00532645 0.0151982 0.00514684 0.010516 0.0109758 0.0134133 0.0183449 0.00958012 0.0107018 0.00892662 0.0123636 0.00834567 0.00771476 0.0073988 0.00715829 0.00614943 0.0205335 0.0117425 0.00835926 0.00795522 0.0103067 0.0100158 0.0131894 0.0155362 0.0112692
threshold=0.065790290258035747 0.056250267250493653 0.010666427363995186 0.034886454745180491 0.010331226527762714 -0.032272493124503386 -0.079954593387873474 -0.017594158903513003 0.016515151524327306 -0.009749114277434379 0.010734040267919217 -0.011669173383925204 -0.021228455776942701 -0.004238187692501361 0.00082698181285502587 0.0029666526287702544 0.016368440800737027 0.075031250959217352 0.00016158173248991434 -0.0031580920452714766 0.027049548328181315 0.010201261155826868 0.00094842223018708747 0.023675854146483752 -0.0021115433543537738 -0.036592602671238809 0.051828225380632871 -0.0017800345272728929 0.0027191851816849686 -0.0016921307771337647
decision_type=2 2 2 2 2 2 2 2 2 2 2 2 2 2 2 2 2 2 2 2 2 2 2 2 2 2 2 2 2 2
left_child=1 3 -3 5 -5 6 -1 8 9 -7 12 -12 -11 -14 15 -15 18 20 -10 -20 23 -22 -23 24 25 -9 27 28 -26 -30
right_child=-2 2 -4 4 -6 7 -8 17 16 10 11 -13 13 14 -16 -17 -18 -19 19 -21 21 22 -24 -25 26 -27 -28 -29 29 -31
leaf_value=-0.0015296880112146028 0.00042854841058475099 0.00015968748333398253 -0.0012235425272979228 -4.5402210707834457e-05 0.0012627559144675615 0.00017760610452312859 -6.9798085988100441e-05 0.00091717675410715553 0.0005652602175056624 0.00068885123348861406 -0.00019613223557826134 -0.0022666669095760092 -0.0015256323307403365 -0.00012573676776810318 0.00017849171536826443 -0.0017104658629978075 0.00096930435075288804 0.00096598705191433478 0.00024628149165602573 -0.00099035532516427338 0.00018171452531909194 -0.0016745142132878817 -0.00034598052040494691 0.00094500342467134554 0.0017909331264925879 -0.00014991499961598321 -0.0008792533630912658 1.2416483420561879e-05 8.6817669210271053e-06 0.0008230899708412681
leaf_weight=22 35 25 20 52 32 78 94 24 33 21 20 23 20 32 55 20 30 23 22 25 116 29 39 28 23 396 20 233 87 83
leaf_count=22 35 25 20 52 32 78 94 24 33 21 20 23 20 32 55 20 30 23 22 25 116 29 39 28 23 396 20 233 87 83
internal_value=-1.15002e-12 -8.69519e-06 -0.000455081 3.26159e-06 0.000452944 -2.04059e-05 -0.000346674 5.16645e-06 -0.000153755 -0.000322176 -0.000526275 -0.00130363 -0.000300423 -0.000464004 -0.000265569 -0.000735248 0.000258109 5.98725e-05 -8.58879e-06 -0.000411504 4.05398e-05 -0.000222692 -0.000912561 9.47172e-05 6.72253e-05 -8.89383e-05 0.000214285 0.000265625 0.000571312 0.000406305
internal_weight=1760 1725 45 1680 84 1596 116 1480 379 269 191 43 148 127 107 52 110 1101 80 47 1078 184 68 894 866 420 446 426 193 170
internal_count=1760 1725 45 1680 84 1596 116 1480 379 269 191 43 148 127 107 52 110 1101 80 47 1078 184 68 894 866 420 446 426 193 170
is_linear=0
shrinkage=0.05


Tree=259
num_leaves=31
num_cat=0
split_feature=264 152 200 298 189 321 308 112 116 275 118 144 204 160 185 289 289 254 0 197 110 296 129 262 134 288 228 110 207 221
split_gain=0.0025856 0.0110624 0.0110871 0.0106952 0.0047308 0.00360894 0.00418912 0.0099331 0.0120654 0.0095074 0.00930817 0.00790034 0.00777171 0.00640767 0.00594455 0.00539488 0.0101083 0.0237244 0.0264389 0.00937425 0.0144124 0.0201692 0.00849394 0.0114808 0.00800255 0.00734085 0.0141223 0.0161958 0.0139879 0.00878477
threshold=-0.054669161457209875 -0.017026401428810529 -0.0057601919275067238 0.011967903715583331 0.066083867919862802 0.083419694340032505 0.026436236465950651 0.0087062163827864806 0.030469278703087122 0.089980887833650672 -0.0042694586232029106 0.0055385302228172333 0.0045856873496870334 -0.0056103032548297533 -0.00045685515937514979 0.0021120306227045381 0.0062867976280802131 -0.0010552731657807303 5.8464345984891102 -0.0053373271829959814 -0.037574675739261355 -0.0026152735890852927 -0.011517594136848908 -0.009562579481233709 0.011781727833975908 -0.0028843267041491253 0.041120237876534134 0.0011738513382520087 -0.015094256797030759 -0.009161689088595262
decision_type=2 2 2 2 2 2 2 2 2 2 2 2 2 2 2 2 2 2 2 2 2 2 2 2 2 2 2 2 2 2
left_child=1 -1 -3 -4 5 6 9 10 12 15 11 -8 13 -9 -12 25 17 18 -17 22 21 -21 -18 -24 -25 26 28 -28 -2 -30
right_child=4 2 3 -5 -6 -7 7 8 -10 -11 14 -13 -14 -15 -16 16 19 -19 -20 20 -22 -23 23 24 -26 -27 27 -29 29 -31
leaf_value=-0.00056615607964511803 -0.0011962123101111502 -0.0003428768150303674 0.0004013557062535256 0.0017326758376095151 -0.00078157910989830283 0.00065964455890934917 -4.5438701202696623e-05 -0.00055611899516255412 -0.0015193032324314119 -0.0009243069583765017 7.5290292406212503e-05 -0.0012119494401434039 -0.00089172211115841164 0.00051094096131825664 0.00086593626877705301 0.00039055949090492078 0.000816724935577895 -0.00045958322880323976 0.0026150737404929138 4.0864796198244834e-05 5.6515792964822165e-05 -0.0018820741972886028 -0.00056158088395715736 0.00012743526877924383 0.0012475160140361962 8.664734501718126e-05 -0.00022837544768868436 -0.0019795268804401809 0.00043976056272342626 -0.00021563881604848693
leaf_weight=34 25 29 48 22 20 20 47 24 25 26 70 21 33 34 36 34 64 31 22 30 264 25 42 52 23 394 31 23 87 124
leaf_count=34 25 29 48 22 20 20 47 24 25 26 70 21 33 34 36 34 64 31 22 30 264 25 42 52 23 394 31 23 87 124
internal_value=2.10631e-13 0.000211964 0.000479197 0.000819771 -1.73271e-05 -7.81557e-06 -1.62272e-05 -0.000188023 -0.000546416 2.21853e-05 5.0905e-05 -0.000405685 -0.000279139 6.93989e-05 0.000343812 4.1547e-05 0.000152745 0.000650156 0.00126448 6.61955e-05 -9.68832e-05 -0.000833198 0.000353611 0.000100283 0.000470927 -5.38817e-05 -0.000244807 -0.000974236 -7.7904e-05 5.45969e-05
internal_weight=1760 133 99 70 1627 1607 1587 290 116 1297 174 68 91 58 106 1271 587 87 56 500 319 55 181 117 75 684 290 54 236 211
internal_count=1760 133 99 70 1627 1607 1587 290 116 1297 174 68 91 58 106 1271 587 87 56 500 319 55 181 117 75 684 290 54 236 211
is_linear=0
shrinkage=0.05


Tree=260
num_leaves=31
num_cat=0
split_feature=316 314 331 156 144 252 184 201 316 257 134 316 292 113 316 334 180 110 110 180 238 310 286 209 190 331 110 280 141 110
split_gain=0.00256585 0.00846556 0.00707529 0.00640253 0.00567224 0.00629798 0.00476346 0.00470859 0.00411693 0.0192105 0.00819795 0.00581183 0.0178246 0.00943825 0.00678057 0.00508067 0.00477036 0.00485759 0.00832321 0.00949098 0.00918496 0.0128962 0.0197049 0.0218074 0.0103578 0.0212481 0.00789542 0.0148623 0.021472 0.00886178
threshold=-0.037015975240070921 0.037903492054268018 -0.0099409071131145686 -0.0051659563723616972 0.0022508958101139977 -0.010128897922127506 0.0099123899923868383 -0.0048231427164134788 -0.029233530612666769 -0.013104942743521654 0.001790746227730902 -0.02304904384140137 -0.012513893160221024 0.00095750659363445204 -0.021957380059778393 0.064344819393349864 0.051181190074135248 -0.0090393147823963089 -0.040047435176490467 -0.028614602567630116 0.0030547774769690774 -0.021421725321038802 0.00012611191610830945 0.14465951723179624 0.0059615279594914181 0.00086781931300224677 -0.0029532584012181371 0.0085060975465213948 -0.0026806603821688773 -0.00032964200395163709
decision_type=2 2 2 2 2 2 2 2 2 2 2 2 2 2 2 2 2 2 2 2 2 2 2 2 2 2 2 2 2 2
left_child=1 2 7 -3 6 -6 -4 -1 9 -2 -11 12 -10 -14 -13 16 17 18 -16 -20 21 -21 23 -23 -22 -26 27 28 -19 -28
right_child=8 3 4 -5 5 -7 -8 -9 11 10 -12 14 13 -15 15 -17 -18 26 19 20 24 22 -24 -25 25 -27 29 -29 -30 -31
leaf_value=0.0010829881799413431 -0.0015522456938924735 0.00014643256186640689 0.00083830537493260386 -0.0010882385226155054 -0.001014469172223471 0.00013886364096582965 -0.00016472729477754911 0.00025980297599517146 0.0015456446366442834 -0.00039166756289584252 0.00086302096239270886 -0.00091747449006929639 0.00061278396394548267 -0.00082098031945558125 -0.0001315800530383653 -0.00063491005197136019 0.00054041354735090863 -0.00024242382716128586 -0.00072230011504540348 -0.00029522210261934709 0.00042128039916254542 0.0028652512759435923 0.00027109798810222367 0.00079556473127533024 0.00037885639637885298 -0.0016817963433409619 0.00071641888078719049 0.00023739376255044981 -0.0023719871090725065 -7.8246653238252088e-05
leaf_weight=38 24 21 29 21 20 29 20 32 24 30 23 21 22 24 214 32 40 29 22 31 72 20 67 35 29 22 37 35 20 677
leaf_count=38 24 21 29 21 20 29 20 32 24 30 23 21 22 24 214 32 40 29 22 31 72 20 67 35 29 22 37 35 20 677
internal_value=1.80147e-12 0.000164016 0.000322745 -0.000470903 4.85099e-05 -0.000331884 0.000428904 0.000706675 -2.22215e-05 -0.000378629 0.00015282 -3.59053e-06 0.000441046 -0.000135267 -2.57748e-05 -1.22251e-05 2.53485e-06 -1.38889e-05 0.000106313 0.000277149 0.000356815 0.000615434 0.000846831 0.00154818 3.51179e-05 -0.000510053 -9.10109e-05 -0.000549539 -0.00111163 -3.70665e-05
internal_weight=1760 210 168 42 98 49 49 70 1550 77 53 1473 70 46 1403 1382 1350 1310 512 298 276 153 122 55 123 51 798 84 49 714
internal_count=1760 210 168 42 98 49 49 70 1550 77 53 1473 70 46 1403 1382 1350 1310 512 298 276 153 122 55 123 51 798 84 49 714
is_linear=0
shrinkage=0.05


Tree=261
num_leaves=31
num_cat=0
split_feature=334 334 334 301 276 128 219 185 234 115 277 166 334 96 245 124 154 127 263 319 124 277 304 334 292 116 209 245 303 305
split_gain=0.00254133 0.00703134 0.00499386 0.00776814 0.00447286 0.0105156 0.0112353 0.0103632 0.00936562 0.0189372 0.00680452 0.00881647 0.00537063 0.009149 0.00847084 0.0119348 0.00994583 0.0237509 0.0136064 0.0105325 0.00833929 0.0089857 0.00684497 0.00868779 0.00684201 0.00694068 0.0103771 0.0082752 0.00676373 0.00629747
threshold=0.073623658280142265 0.058097126746608406 0.037881168804723094 0.030557913091847622 0.045172359497210844 -0.02986826716581718 -0.023290468180893722 0.061398012357374528 -0.0031025041874975325 -0.012510128328332546 -0.018582437924251124 0.01383995249928336 0.0070786773639822335 0.064516756529473571 0.031999947853539525 -0.048488312734080545 0.0096743852194499363 -0.025986993294386213 -0.034280318381463337 0.0023900892982765122 -0.039637766462229058 0.058093319894244128 0.0067103326615728471 -0.0047854308744867636 0.027418805815162151 0.010370024160984802 0.70608086062786157 0.0036244992744115302 -0.071147961168459325 0.011101609690919166
decision_type=2 2 2 2 2 2 2 2 2 2 2 2 2 2 2 2 2 2 2 2 2 2 2 2 2 2 2 2 2 2
left_child=1 2 4 -4 7 6 -6 12 9 -7 -10 -12 14 20 15 -1 18 -18 -16 -19 -14 24 23 -20 25 26 -22 -27 -17 -30
right_child=-2 -3 3 -5 5 8 -8 -9 10 -11 11 -13 13 -15 16 28 17 19 22 -21 21 -23 -24 -25 -26 27 -28 -29 29 -31
leaf_value=0.0012570439784543521 0.00045625363869476136 -0.00076671620171206694 9.4982622922480518e-05 0.001025483644455029 0.00042399189274874524 0.0020948866110605496 -0.0011523100939554683 -0.001081465903841187 0.00070662892126898856 0.00023253689272305334 0.00018030668828335669 -0.0010691930177563337 -0.00092553665468585687 -0.001129949792448315 0.0012092690302233679 -0.00078840640701607553 -0.0021416347200491665 -0.00098027486674254769 -0.00098546763653687862 0.00046006760074912263 -0.00011188259063824626 -0.0010883491439744829 0.00039625909101838872 0.00020855458965525031 0.00049694938218416268 -0.00013922545881036463 -0.0011237693754568075 0.00082385944375633509 -4.8220541748968893e-06 0.00031399858041032441
leaf_weight=22 30 30 99 29 20 21 26 24 31 39 48 20 30 24 20 22 21 22 39 30 163 20 30 25 58 54 30 38 462 233
leaf_count=22 30 30 99 29 20 21 26 24 31 39 48 20 30 24 20 22 21 22 39 30 163 20 30 25 58 54 30 38 462 233
internal_value=1.77179e-12 -7.91191e-06 5.47875e-06 0.000305799 -1.89748e-05 0.000198818 -0.000466961 -5.16358e-05 0.000391433 0.000884359 9.26905e-05 -0.000187193 -3.32323e-05 -0.000182231 3.38654e-05 0.000109938 -0.000266762 -0.000722443 2.50332e-05 -0.000149308 -0.000124355 -5.81415e-05 -0.000226932 -0.000519053 1.92888e-06 -9.88121e-05 -0.000269171 0.00025857 7.47405e-05 0.000102063
internal_weight=1760 1730 1700 128 1572 205 46 1367 159 60 99 68 1343 417 926 739 187 73 114 52 393 363 94 64 343 285 193 92 717 695
internal_count=1760 1730 1700 128 1572 205 46 1367 159 60 99 68 1343 417 926 739 187 73 114 52 393 363 94 64 343 285 193 92 717 695
is_linear=0
shrinkage=0.05


Tree=262
num_leaves=31
num_cat=0
split_feature=279 279 319 279 101 166 199 233 312 272 220 93 280 256 279 109 207 237 146 215 330 157 290 216 290 126 192 90 177 111
split_gain=0.00245089 0.0138609 0.00805239 0.00594402 0.00886498 0.00417274 0.0089398 0.00895009 0.00634508 0.00479765 0.0054326 0.00468932 0.00396856 0.00538657 0.00607221 0.00666916 0.00549015 0.00492577 0.00934193 0.00952396 0.0093427 0.00799337 0.0117738 0.0117088 0.0147025 0.0225829 0.0261885 0.0339267 0.0107388 0.00858928
threshold=-0.066019106324723881 -0.058061940759565195 -0.022610032567645474 -0.045662327644706714 -0.00066672915134495005 0.031689979420421011 0.011536941718016076 -0.047145981127509604 -0.072824451399648424 0.018298335017982528 -0.028580212834719343 0.014353144228707352 -0.075579797504205376 0.10333369486119114 0.061566096365897237 -0.011879464689658543 -0.049199358870176096 0.00031911314880225399 0.059046704208762686 0.018506485460422484 0.0025039041472528253 0.0120221847025504 0.010032561180559363 0.087177524256547081 -0.015882265954540339 -0.00010730074064085993 0.0063996886456881537 -0.0017263365316237754 -0.0095312437498099884 0.0095562159532941796
decision_type=2 2 2 2 2 2 2 2 2 2 2 2 2 2 2 2 2 2 2 2 2 2 2 2 2 2 2 2 2 2
left_child=2 -2 -1 4 -3 8 7 -7 -5 10 -9 -8 -10 14 16 -16 -14 18 19 -18 -21 22 23 24 29 26 27 -26 -27 -19
right_child=1 3 -4 5 -6 6 11 9 12 -11 -12 -13 13 -15 15 -17 17 21 -20 20 -22 -23 -24 -25 25 28 -28 -29 -30 -31
leaf_value=0.001139281154901255 -0.0012897010984098806 0.0013166255099349657 -1.0108087803928357e-05 -0.00092697788786608734 -0.00013620240927030822 -0.00084458667077813999 0.0010886654015099767 -0.00072611108794676108 0.0005293690779287699 0.0006168860542134216 0.0002196765220718107 0.00023838701599743217 -0.00085447077792542543 -0.00081878850548739801 0.001131775694762916 3.5747784589018139e-05 4.1066028942375192e-05 -0.00032451837121698194 -0.00086754302056551058 0.00019517639031681907 0.001599897985579446 0.00015346638256285715 0.00012000619845033932 0.00047080919365257481 -0.0033950131515246961 -0.0012974453326576581 -0.00024240231885212576 -0.00065584719064645477 -4.6643606956655651e-05 0.00070684906132993533
leaf_weight=20 21 21 64 20 21 27 34 22 31 39 49 31 21 22 23 35 550 80 26 29 20 172 149 33 26 22 27 20 78 27
leaf_count=20 21 21 64 20 21 27 34 22 31 39 49 31 21 22 23 35 550 80 26 29 20 172 149 33 26 22 27 20 78 27
internal_value=-5.25356e-13 -1.32093e-05 0.000263556 2.98793e-06 0.000590212 -1.23025e-05 0.000200243 -2.88728e-05 -4.27306e-05 0.000171348 -7.33844e-05 0.000683148 -3.00168e-05 -4.27675e-05 -3.00078e-05 0.00047038 -5.26816e-05 -3.93078e-05 6.03012e-05 0.000100575 0.000768532 -0.000137503 -0.000245829 -0.000419981 -0.000524967 -0.000809908 -0.00147852 -0.00220407 -0.00032182 -6.42668e-05
internal_weight=1760 1676 84 1655 42 1613 202 137 1411 110 71 65 1391 1360 1338 58 1280 1259 625 599 49 634 462 313 280 173 73 46 100 107
internal_count=1760 1676 84 1655 42 1613 202 137 1411 110 71 65 1391 1360 1338 58 1280 1259 625 599 49 634 462 313 280 173 73 46 100 107
is_linear=0
shrinkage=0.05


Tree=263
num_leaves=31
num_cat=0
split_feature=296 296 95 182 293 319 176 197 151 197 189 172 172 309 102 247 156 189 96 191 123 231 184 109 271 106 325 2 1 109
split_gain=0.00240822 0.0166843 0.00823774 0.0134885 0.00722364 0.0101677 0.00977212 0.00926455 0.0115022 0.00754021 0.00725644 0.00699157 0.0144765 0.00692178 0.0066839 0.00869496 0.0158481 0.0101946 0.00949432 0.00930863 0.0109711 0.0125359 0.0105518 0.0088355 0.00752125 0.00707638 0.00655156 0.0148734 0.0128957 0.0117689
threshold=-0.0043469876988272765 -0.0033062805161793367 0.11178107908910166 0.0037335061791922424 0.03546838107389879 -0.025902667162451622 0.056764550914640506 -0.026631825121686634 0.010522563128812801 -0.014523889915403399 0.011290541831550037 -0.054789986275495008 -0.043225592936815452 -0.0095250027656805496 0.0075747058201725542 -0.0087841525880900193 0.023151865590727481 -0.026847983246454127 -0.0052083840731886938 0.013657305064182159 -0.0060691163092394173 -0.0058803851289960457 0.00067056921431791138 -0.0081533322983651461 -0.0041824374131238804 0.018246151176729435 -0.0012311161028990228 2.740319461670996 5.1386965958682636 0.002358790672204352
decision_type=2 2 2 2 2 2 2 2 2 2 2 2 2 2 2 2 2 2 2 2 2 2 2 2 2 2 2 2 2 2
left_child=2 -2 4 -4 6 -6 7 8 -1 10 -9 13 -13 -3 26 17 19 -16 25 20 22 -22 -17 -23 -24 -19 28 -28 -14 -29
right_child=1 11 3 -5 5 -7 -8 9 -10 -11 -12 12 14 -15 15 16 -18 18 -20 -21 21 23 24 -25 -26 -27 27 29 -30 -31
leaf_value=-9.93318253355991e-05 0.0014458904685896068 1.0883549111895264e-05 -0.0013911758634815765 0.00023022389973250583 0.00132319382848271 0.0001025828984893451 -0.0011726086001726801 0.00092550728661036576 -0.0015876391863760848 -5.7510968514836977e-05 -0.00011869676423624956 -0.0012452839797808101 9.3316962757684894e-05 0.0013263477799773684 -0.00078424242663593902 -0.00080065304949960637 -0.0016959376208251341 0.0012880755772893017 -3.4206633684178343e-05 0.00056100342669651582 -0.0018645626393845307 -0.0010598727941604532 0.0012412339536240326 0.00016545324775037325 -3.8050520190693163e-05 0.00020147103671755255 0.00015356736998789228 0.0019765705240636388 -0.00099565141624020003 0.00030071624671109022
leaf_weight=34 21 20 29 23 22 76 20 41 21 476 28 23 221 20 27 23 20 31 99 32 20 28 20 31 27 29 225 22 31 20
leaf_count=34 21 20 29 23 22 76 20 41 21 476 28 23 221 20 27 23 20 31 99 32 20 28 20 31 27 29 225 22 31 20
internal_value=1.4085e-12 5.1581e-05 -6.63184e-05 -0.000674018 -2.23067e-05 0.000376598 -8.53594e-05 -4.91177e-05 -0.000667595 1.32974e-05 0.000501772 2.13638e-05 -6.50498e-06 0.000668616 2.4943e-05 -0.000132328 -0.000360313 0.000114043 0.000266582 -0.000212731 -0.000378902 -0.000782768 7.68899e-05 -0.000416057 0.000506326 0.000762883 0.000142215 0.0003148 -4.06434e-05 0.00117854
internal_weight=1760 990 770 52 718 98 620 600 55 545 69 969 929 40 906 387 201 186 159 181 149 79 70 59 47 60 519 267 252 42
internal_count=1760 990 770 52 718 98 620 600 55 545 69 969 929 40 906 387 201 186 159 181 149 79 70 59 47 60 519 267 252 42
is_linear=0
shrinkage=0.05


Tree=264
num_leaves=31
num_cat=0
split_feature=288 288 137 106 237 309 130 308 138 259 254 1 298 1 285 285 276 268 213 316 316 293 277 106 158 168 165 207 165 165
split_gain=0.00237924 0.00338529 0.00592899 0.00531763 0.00390965 0.00380376 0.00354697 0.00850724 0.0080594 0.0108492 0.00827307 0.00801959 0.00986069 0.00691817 0.00572537 0.00783233 0.00579896 0.00597428 0.0102239 0.00584522 0.00773094 0.00605247 0.00813969 0.0101628 0.00828971 0.00778493 0.00746882 0.013614 0.00737947 0.009708
threshold=0.10306606575297055 0.047854753437538651 -0.020310243201884109 0.0041690306871630155 -0.010950442205548907 -0.011523874714918312 0.025902838611056658 0.027049548328181315 0.011737475861768418 -0.01274275751270992 0.0056803134655794823 7.6534920966593791 0.032441672372337478 4.863673427408628 0.071720913756754726 0.053848609315153992 0.080999170264676471 0.042878619127014329 -0.14736153381136372 -0.037955270732671333 -0.031353631566506356 0.012942882567870786 -0.017357903604169032 -0.010293760241234051 -0.036517583803876381 -0.012874596934394406 -0.020948448957651713 -0.006283899808300005 -0.013722885598154001 -0.0093465896074070246
decision_type=2 2 2 2 2 2 2 2 2 2 2 2 2 2 2 2 2 2 2 2 2 2 2 2 2 2 2 2 2 2
left_child=1 6 -3 4 -4 -5 14 8 11 -10 -11 12 13 -8 15 16 17 19 -19 -1 -21 26 23 -23 -24 -26 27 -22 -28 -30
right_child=-2 2 3 5 -6 -7 7 -9 9 10 -12 -13 -14 -15 -16 -17 -18 18 -20 20 21 22 24 -25 25 -27 28 -29 29 -31
leaf_value=0.00031633158312309711 -0.00049442720749842315 0.00089672708646893232 -0.00020182112639304252 -0.00083501523282999794 0.00065088030107024063 0.00012846710393205285 0.00032157768626825227 -0.00043197863111313302 0.00053582160699312603 -0.001209384182024783 -5.1900537111673891e-05 0.0013487975329293737 0.0012765903301719254 -0.00057673992101067251 -0.00064871779468376198 0.00066384879606537148 0.00076704723912934293 -0.0014415167040715462 -0.00019656766667817176 -0.00081392415732432918 -0.0017140800200286322 0.0014584610878955575 -0.00096944953023921695 0.00016867429346478145 -0.00062578881038158818 0.00026066640755385048 0.0004843276011524722 -0.00019074108317991805 -0.00090524221658769592 -6.4385131015449968e-05
leaf_weight=107 24 28 20 21 41 20 122 57 39 26 38 21 23 26 39 39 21 20 94 34 20 24 20 42 30 142 55 55 37 475
leaf_count=107 24 28 20 21 41 20 122 57 39 26 38 21 23 26 39 39 21 20 94 34 20 24 20 42 30 142 55 55 37 475
internal_value=-4.70715e-13 6.8354e-06 0.000252247 7.53303e-05 0.000371306 -0.000365024 -1.30298e-05 0.000127221 0.000235269 -0.000121545 -0.000522128 0.000426685 0.000313443 0.000163765 -5.23983e-05 -3.32571e-05 -5.63754e-05 -7.13468e-05 -0.00041498 -3.37155e-05 -7.38172e-05 -4.58576e-05 0.00015868 0.000637688 -5.9793e-06 0.000106052 -0.000128055 -0.000596965 -6.60298e-05 -0.00012515
internal_weight=1760 1736 130 102 61 41 1606 352 295 103 64 192 171 148 1254 1215 1176 1155 114 1041 934 900 258 66 192 172 642 75 567 512
internal_count=1760 1736 130 102 61 41 1606 352 295 103 64 192 171 148 1254 1215 1176 1155 114 1041 934 900 258 66 192 172 642 75 567 512
is_linear=0
shrinkage=0.05


Tree=265
num_leaves=31
num_cat=0
split_feature=118 210 150 205 235 237 294 115 204 156 328 98 228 180 89 264 212 309 141 141 110 141 259 293 336 85 260 257 96 230
split_gain=0.0023224 0.00883877 0.00606341 0.0107003 0.00696215 0.0042644 0.00997992 0.00794986 0.00694119 0.00901889 0.00661087 0.00713567 0.00600242 0.00532215 0.0240131 0.0058829 0.00788246 0.00663397 0.00662051 0.00765118 0.0074207 0.0108537 0.0136917 0.00993133 0.0114691 0.012098 0.00720177 0.00920834 0.0100352 0.00735531
threshold=0.040714875284981404 0.017042721877330132 0.0043740605437840229 -0.0043384659146938577 -0.021609288967998047 -0.041981281496676646 0.043729495202567067 -0.029229372898028797 0.01072546244773788 0.0016729350779221205 0.025274306022804602 -0.013052781741958076 0.0021606174903088149 -0.032200064551708214 0.030837224016168664 -0.039188501536345254 -0.0070825656327086128 -0.031314113752647116 -0.0013050426493214447 0.00016158173248991434 0.006244367281044892 -0.0036879996880500197 -0.036148014692179577 -0.043912580932050742 -0.0095559066767045026 -0.068629779705041 -0.0043354270683250186 0.0026162690473022911 -0.009011851326806597 -0.0031256690397379553
decision_type=2 2 2 2 2 2 2 2 2 2 2 2 2 2 2 2 2 2 2 2 2 2 2 2 2 2 2 2 2 2
left_child=5 2 3 -2 -4 6 7 -1 10 -10 11 -9 -13 14 -7 16 -15 -18 20 -20 21 22 -17 -22 25 -25 29 -28 -29 -24
right_child=1 -3 4 -5 -6 13 -8 8 9 -11 -12 12 -14 15 -16 18 17 -19 19 -21 23 -23 26 24 -26 -27 27 28 -30 -31
leaf_value=0.00095307127263842399 -0.0011532885886621305 -0.001167983702653146 0.0010894617002850282 0.00016308611509310524 -5.7952902996196206e-05 3.7301216978223975e-07 0.0010070548362872452 0.0010306420582950253 -0.0012045469817239792 0.00012552419609094685 -0.0006405498894136621 0.00060123037542325619 -0.00030315740559883633 0.0010584848437153189 -0.0019169576908461751 0.0010210377143130246 -0.00069226739493387878 0.00032584720784598178 -0.00087810979422294736 -9.4968201315617039e-05 -0.0010707603156333791 0.0011523548246083421 0.00096610881367215529 -0.0011051158639786179 0.00031519598176219595 5.9363534314292742e-05 0.00012928529577413766 -0.0015086189338365909 -0.00017308845745924958 -1.3047342442653397e-05
leaf_weight=23 26 20 20 38 39 89 34 27 25 26 21 32 43 29 20 40 20 80 33 568 24 31 34 38 124 54 97 22 39 44
leaf_count=23 26 20 20 38 39 89 34 27 25 26 21 32 43 29 20 40 20 80 33 568 24 31 34 38 124 54 97 22 39 44
internal_value=9.44221e-13 -0.000193139 -3.46273e-05 -0.000371691 0.000331001 1.70803e-05 0.000215973 7.94415e-05 -3.60382e-05 -0.000526471 0.000167312 0.000333637 8.27147e-05 -1.60686e-05 -0.000351431 1.25567e-05 0.000332701 0.000122224 -2.34177e-05 -0.000137969 0.000102442 0.000265273 0.000165637 -0.000105845 1.36819e-06 -0.000421617 2.06535e-05 -0.000173414 -0.000654755 0.000413764
internal_weight=1760 143 123 64 59 1617 231 197 174 51 123 102 75 1386 109 1277 129 100 1148 601 547 307 276 240 216 92 236 158 61 78
internal_count=1760 143 123 64 59 1617 231 197 174 51 123 102 75 1386 109 1277 129 100 1148 601 547 307 276 240 216 92 236 158 61 78
is_linear=0
shrinkage=0.05


Tree=266
num_leaves=31
num_cat=0
split_feature=322 322 313 241 134 110 286 328 143 143 220 213 210 101 331 101 207 19 249 189 149 287 257 227 104 234 150 0 213 99
split_gain=0.0023186 0.0121958 0.0134581 0.00624005 0.00870853 0.006051 0.0090218 0.00583124 0.0128759 0.0132541 0.0204083 0.0113591 0.0100953 0.00810775 0.0117519 0.00753241 0.00907293 0.00739727 0.00716753 0.00716422 0.00800927 0.00777717 0.00963506 0.0176135 0.00849488 0.00937255 0.00721 0.0069989 0.00674644 0.00718861
threshold=-0.0085364366785426193 -0.010474047682142922 -0.010187275721892134 -0.059047848074282906 0.011279235438820773 -0.062808466544302707 -0.014223269484077974 -0.00049766901276956054 0.0006303997222965183 -0.007029582900113047 -0.021906180823055139 0.14490583439591867 -0.63527713282658549 -0.031391122098522822 -0.0020169231434794079 -0.0097464323229071084 -0.015344819014986364 12.519230769230772 -0.031818049542636249 -0.0038168490662066983 -0.0066779782508354099 -0.018805363366982058 -0.0142748274469997 0.0019391793279775272 0.00040588959454340517 -0.0012283284731312372 -0.0042748523581226817 5.7186697390068177 0.0082307941326368057 -0.029445371352122957
decision_type=2 2 2 2 2 2 2 2 2 2 2 2 2 2 2 2 2 2 2 2 2 2 2 2 2 2 2 2 2 2
left_child=1 5 -3 4 -2 6 -1 12 9 -9 -11 15 -5 14 -14 -10 -17 -12 28 20 -20 -21 23 -23 26 -26 -24 -22 -15 -30
right_child=3 2 -4 7 -6 -7 -8 8 11 10 17 -13 13 18 -16 16 -18 -19 19 21 27 22 24 -25 25 -27 -28 -29 29 -31
leaf_value=0.00029918459968030224 6.0883601787888144e-05 5.7579286371378663e-05 -0.0013341179057820946 -0.0010003885097891424 0.0010445573310587659 5.46728466959298e-05 -0.00093292375408614487 0.00011260912673385589 0.00040312591006820894 0.0021156920546976229 -9.9732568014587744e-05 -0.0011004958812716522 0.00011303391302530857 9.6724186811558401e-05 -0.0014853313372915856 -0.0011345443751412424 -4.5087522535664197e-05 0.00096819583582879619 3.6085222007276377e-05 0.00056580859208025223 0.00044782739371443414 -0.0017304439521540192 -0.00012481139591170265 4.082633422513027e-05 -0.0011780551323128116 0.00010076093090710377 0.00091545125340215046 0.0015982663189060987 -0.00018514301172336159 -0.0014352393566893981
leaf_weight=24 60 32 38 30 36 532 39 165 72 24 34 27 23 37 23 23 113 31 66 41 39 25 31 32 23 38 36 20 23 23
leaf_count=24 60 32 38 30 36 532 39 165 72 24 34 27 23 37 23 23 113 31 66 41 39 25 31 32 23 38 36 20 23 23
internal_value=-4.5914e-13 -7.36415e-05 -0.000697913 4.47229e-05 0.000429761 -1.97717e-07 -0.000463549 7.72223e-06 0.000131089 0.000377875 0.00086966 -0.00013565 -0.000110565 -5.49508e-05 -0.000686149 -1.04055e-05 -0.000229334 0.000409587 1.19504e-05 0.000110759 0.000414498 -5.72379e-05 -0.000195318 -0.000736047 4.54745e-05 -0.000381416 0.000434136 0.000837807 -0.000405904 -0.000810191
internal_weight=1760 665 70 1095 96 595 63 999 489 254 89 235 510 480 46 208 136 65 434 351 125 226 185 57 128 61 67 59 83 46
internal_count=1760 665 70 1095 96 595 63 999 489 254 89 235 510 480 46 208 136 65 434 351 125 226 185 57 128 61 67 59 83 46
is_linear=0
shrinkage=0.05


Tree=267
num_leaves=31
num_cat=0
split_feature=178 138 138 281 122 99 328 197 332 310 154 309 139 95 323 86 220 295 239 308 102 195 195 227 212 201 160 119 297 297
split_gain=0.00229407 0.00639198 0.0160901 0.0106293 0.00766546 0.0107596 0.00837294 0.0112484 0.0066675 0.0106507 0.0141534 0.0185315 0.0321055 0.0103292 0.00943004 0.00945735 0.0196766 0.00822111 0.00787613 0.00653121 0.0065264 0.00585408 0.008766 0.0113687 0.00892283 0.00958384 0.00611044 0.0124029 0.00648365 0.00932934
threshold=-0.0044965752900371055 0.010491010286453032 0.0081415209977908284 0.044141531101634206 0.0052373102410055369 -0.006148715372018324 0.0028350667215438718 0.0071284029344178225 0.00032338784041633886 0.01708326324641642 0.0018587011067583428 0.0086293094863169623 -0.00040031294873891279 -0.0054721961234335103 0.018138555738118286 -0.08752571341518918 0.00048389937650623649 0.00053460752719538 -0.010546928593177298 -0.0047931818636664297 0.0032954645733625234 -0.0092354054253055914 -0.01315510381287557 -0.0058451578346704865 -0.0064335578763924242 0.021342222592872745 0.04107204038410741 0.017128638163189689 -0.046719963026156643 -0.040517906576360584
decision_type=2 2 2 2 2 2 2 2 2 2 2 2 2 2 2 2 2 2 2 2 2 2 2 2 2 2 2 2 2 2
left_child=1 2 8 4 5 19 7 -6 14 10 17 12 -12 -11 15 16 -1 -10 -17 -3 -19 22 24 -24 -2 -26 28 -28 -23 -30
right_child=21 3 -4 -5 6 -7 -8 -9 9 13 11 -13 -14 -15 -16 18 -18 20 -20 -21 -22 26 23 -25 25 -27 27 -29 29 -31
leaf_value=-0.0020541735419828911 -0.00092947643108503989 -0.00088393807978718545 0.0013122237078215253 -0.0010263565648347139 -0.0015386021677404643 0.00089212935884059458 7.0693562059508008e-05 5.2275089183240203e-05 0.00049674628847882292 0.00040053824905771763 0.003108120177057572 -0.00011087732913438232 0.00052187784879303457 -0.0010098956118950069 0.00044356376945668468 0.00045282164591865369 -0.00016930965580589448 0.00017197715774686499 -0.00037729995131397328 0.00024298591092196555 -0.0010603330431400711 0.00037571258191532896 -0.00015216956532600783 0.0012959301298851092 -7.4451674400718426e-05 0.00069966500232112596 -0.0014029876723025856 0.00025319455977296457 -0.0011745564182222422 -0.000102129188069065
leaf_weight=20 23 20 29 30 25 43 60 20 54 25 20 25 30 27 63 53 45 22 62 36 21 68 23 33 173 52 26 20 21 591
leaf_count=20 23 20 29 30 25 43 60 20 54 25 20 25 30 27 63 53 45 22 62 36 21 68 23 33 173 52 26 20 21 591
internal_value=3.9594e-13 6.7807e-05 0.00016943 -0.0001476 -1.83708e-05 0.000297276 -0.00031598 -0.000831546 9.84646e-05 0.000295241 0.000484812 0.00100062 0.00155637 -0.000331802 -8.29257e-05 -0.000267197 -0.000749268 8.59877e-05 5.27783e-06 -0.000159487 -0.000429849 -4.80574e-05 0.000136152 0.000701175 8.56646e-06 0.000104455 -0.000125192 -0.000682908 -8.74641e-05 -0.000138928
internal_weight=1760 730 496 234 204 99 105 45 467 224 172 75 50 52 243 180 65 97 115 56 43 1030 304 56 248 225 726 46 680 612
internal_count=1760 730 496 234 204 99 105 45 467 224 172 75 50 52 243 180 65 97 115 56 43 1030 304 56 248 225 726 46 680 612
is_linear=0
shrinkage=0.05


Tree=268
num_leaves=31
num_cat=0
split_feature=279 279 284 279 101 166 199 233 199 155 300 186 220 84 146 98 192 336 309 137 182 269 143 232 296 296 205 261 198 226
split_gain=0.0022763 0.0121766 0.00694105 0.00458505 0.00776429 0.00354438 0.00745372 0.00790091 0.00540218 0.0164557 0.0057612 0.0048275 0.0114747 0.00955019 0.00641691 0.00677339 0.00789238 0.00556604 0.00923851 0.00821564 0.00915641 0.00905688 0.0072362 0.0101021 0.0111287 0.0150402 0.0131987 0.00915699 0.0130656 0.0125884
threshold=-0.066019106324723881 -0.058061940759565195 -0.034259643162329649 -0.045662327644706714 -0.00066672915134495005 0.031689979420421011 0.011536941718016076 -0.050014596250455866 0.027669013877998257 0.014325876346830009 0.0080122115935921598 0.015512433053547754 -0.097131209663421689 -0.34130886121256726 0.024675606295831435 -0.0023807105440041229 -0.013456037086264064 0.0097884394019182811 0.054139189869624994 -0.0055438266619872523 -0.0029107883092125259 -0.012528797967263907 0.0033783273997387438 0.010360279125685294 0.016503625466937361 -0.0073076306391058584 -0.0023669747707044 -0.0054152291811018676 -0.0068120528402895843 0.0071414336410035523
decision_type=2 2 2 2 2 2 2 2 2 2 2 2 2 2 2 2 2 2 2 2 2 2 2 2 2 2 2 2 2 2
left_child=2 -2 -1 4 -3 8 7 -7 11 10 -10 17 -13 -14 15 16 -15 18 22 20 -19 -22 -5 27 25 -25 -27 28 -24 -30
right_child=1 3 -4 5 -6 6 -8 -9 9 -11 -12 12 13 14 -16 -17 -18 19 -20 -21 21 -23 23 24 -26 26 -28 -29 29 -31
leaf_value=0.00086378394170120987 -0.0012091568116808222 0.0011980202754438367 -8.4775901100160649e-05 3.7169857201202377e-05 -0.00016162674430580368 -0.00089242837143088281 0.00062585614950736411 0.00014178123156180728 0.00037383847357348862 -0.0012544338484152227 -0.00045924119420103832 0.0012563399171757856 0.0011208233283832669 0.0013227583296247759 -0.00068606121630798429 -0.00016214580017155959 0.00012485269296369305 6.2352354769459729e-05 -0.00098520790527497118 -9.5387153342893599e-05 9.9433087743818757e-05 0.0014478535812072965 -0.00014124478787250287 0.00056848431607553116 0.00086519175632874439 -0.0016674831903124552 8.8783250539563603e-05 -0.00023887196328297279 -0.0024364987876469967 -0.00066249056435481186
leaf_weight=30 21 21 54 444 21 22 65 115 49 36 36 23 20 20 31 98 44 68 30 166 20 33 28 33 33 23 20 116 20 20
leaf_count=30 21 21 54 444 21 22 65 115 49 36 36 23 20 20 31 98 44 68 30 166 20 33 28 33 33 23 20 116 20 20
internal_value=2.24635e-13 -1.27301e-05 0.000253995 2.45116e-06 0.000518197 -1.0978e-05 0.000184911 -2.42962e-05 -3.90217e-05 -0.000358465 2.10047e-05 -9.05848e-06 0.000195351 8.07839e-05 -2.69922e-05 9.91259e-05 0.000499198 -5.48275e-05 -0.000125113 0.000133009 0.000446345 0.000939016 -9.01025e-05 -0.000282966 9.8485e-05 -0.000234427 -0.000850615 -0.000508934 -0.000969627 -0.00154949
internal_weight=1760 1676 84 1655 42 1613 202 137 1411 121 85 1290 236 213 193 162 64 1054 767 287 121 53 737 293 109 76 43 184 68 40
internal_count=1760 1676 84 1655 42 1613 202 137 1411 121 85 1290 236 213 193 162 64 1054 767 287 121 53 737 293 109 76 43 184 68 40
is_linear=0
shrinkage=0.05


Tree=269
num_leaves=31
num_cat=0
split_feature=164 135 164 195 320 180 149 231 142 186 259 243 227 335 315 220 224 220 164 47 0 323 169 237 110 220 234 253 166 0
split_gain=0.00223191 0.00561301 0.00912218 0.00875471 0.00866213 0.00855556 0.00532882 0.0049853 0.00831003 0.0101099 0.0104414 0.00831379 0.00928738 0.00684841 0.00623596 0.0047203 0.0132249 0.0132796 0.00798956 0.0123464 0.011159 0.00755965 0.0156126 0.00823524 0.00798413 0.0108495 0.00974027 0.0200919 0.0328803 0.0157425
threshold=-0.018453708358810796 0.019329111577581739 -0.026239625189789065 0.0069732569531820842 0.0031521541759616557 -0.0099438951934989316 -0.0035030156536243538 -0.038969544895522325 0.019892466060894693 -0.0020230637118090031 0.017636814608855831 0.024070096210438322 0.02999932479649416 0.0011644699641043534 -0.0098618911281226854 0.0038514069891177048 0.056065671175094263 0.0023293415245378454 -0.00027083182710171234 1.0000000180025095e-35 6.8453465442958032 0.015063719264652307 -0.019051039943787564 0.06319582645558533 -0.023827857439149752 -0.097131209663421689 0.0011407967397850695 0.0046563208345845363 -0.004948098080588951 5.9255909116924723
decision_type=2 2 2 2 2 2 2 2 2 2 2 2 2 2 2 2 2 2 2 2 2 2 2 2 2 2 2 2 2 2
left_child=1 2 -1 4 -3 -4 -5 8 9 14 13 12 -10 -11 -2 16 17 21 19 -17 -20 22 -9 -23 -24 -26 27 28 -27 -28
right_child=7 3 5 6 -6 -7 -8 15 11 10 -12 -13 -14 -15 -16 18 -18 -19 20 -21 -22 23 24 -25 25 26 29 -29 -30 -31
leaf_value=5.4348145070864327e-05 0.000653755612729583 -8.8176188364741398e-05 0.0015340685958190907 -0.00030937523260945456 -0.0013447725820393923 0.00034716908275910028 0.00077620723515372863 -0.0011067032450974251 -4.0654802536924503e-05 0.0019132679849660592 -6.3041910907486452e-05 0.00058350443966143464 -0.0013913236462394707 0.00067932245768712496 -0.00046513470037043035 -6.7930251422502184e-05 -0.0010922433392907907 -0.001079955667955801 8.2599235462954025e-05 -0.0012563960877462078 0.0010852552590464863 0.00044480509712167111 -0.00050386432428320958 -0.00057270200237932538 0.0011860535887535661 -0.0026741699560079726 -2.5058662921779973e-05 0.00023195822406491706 -0.0001578857289230753 0.0011778769720279213
leaf_weight=198 20 32 22 20 24 49 26 39 35 23 20 24 20 22 33 137 36 33 370 26 30 116 79 24 20 20 122 68 37 35
leaf_count=198 20 32 22 20 24 49 26 39 35 23 20 24 20 22 33 137 36 33 370 26 30 116 79 24 20 20 122 68 37 35
internal_value=-2.58405e-13 0.000108947 0.000228705 -0.000206885 -0.000626717 0.000714941 0.000304215 -2.90997e-05 0.000203908 0.000469619 0.00088753 -0.000192978 -0.000531807 0.00131001 -4.29119e-05 -6.76084e-05 -0.000161742 -0.000105253 3.75606e-05 -0.000257501 0.000157798 -4.78153e-05 -0.000153879 0.000270375 -5.63456e-05 6.07205e-05 -1.90903e-05 -0.000348416 -0.00104079 0.000243112
internal_weight=1760 371 269 102 56 71 46 1389 197 118 65 79 55 45 53 1192 629 593 563 163 400 560 420 140 381 302 282 125 57 157
internal_count=1760 371 269 102 56 71 46 1389 197 118 65 79 55 45 53 1192 629 593 563 163 400 560 420 140 381 302 282 125 57 157
is_linear=0
shrinkage=0.05


Tree=270
num_leaves=31
num_cat=0
split_feature=179 290 279 279 283 257 196 196 324 1 311 292 140 107 298 110 82 176 259 259 87 204 245 140 311 159 251 92 262 204
split_gain=0.00217483 0.00292956 0.00375514 0.0115021 0.00526045 0.0043111 0.00764618 0.0105353 0.0201037 0.00817929 0.00764928 0.00727473 0.0078807 0.0071359 0.00640146 0.0140044 0.00600807 0.00482694 0.00448204 0.00895217 0.0131358 0.0142565 0.00651211 0.00897975 0.00827935 0.00853131 0.00743545 0.00726204 0.00698104 0.00679296
threshold=0.065790290258035747 0.081539157790777431 -0.066019106324723881 -0.058061940759565195 0.0072915267092701604 -0.015763085567471306 0.0022046518038432018 -0.0074040500340634635 -0.011582970077501668 4.5485858369352732 -0.0055034635694352083 -0.014474730780911122 0.00066107945765996403 -0.011060231584931824 0.048117406104238758 0.0025705160021870532 -0.21524485127861279 0.0001570337050160134 -0.016796917680992042 -0.010597425913310615 0.030737606458354896 0.00016347910793176171 -0.045198004719791934 -0.013595231584437239 0.0043914864113672883 -0.0086677791054701522 0.017193159182874774 0.006370383042696116 -0.00035575120694180648 0.023157551836219283
decision_type=2 2 2 2 2 2 2 2 2 2 2 2 2 2 2 2 2 2 2 2 2 2 2 2 2 2 2 2 2 2
left_child=1 2 4 -4 -1 6 7 9 -9 10 -5 -11 -13 -12 18 -16 -8 -10 22 20 21 -20 23 -7 25 26 27 -24 -27 -26
right_child=-2 -3 3 5 -6 14 16 8 17 11 13 12 -14 -15 15 -17 -18 -19 19 -21 -22 -23 24 -25 29 28 -28 -29 -30 -31
leaf_value=9.7480735524685207e-05 0.00039019974010963258 -0.00047449068740454761 -0.0012073253053677038 0.00038668827883157067 0.001013100023434769 -0.0010045638061585902 0.00093830793323975651 -0.0015898044541245327 0.00043795557064709795 -8.6112258673378891e-05 8.0189103060878232e-05 0.00030179074562511235 0.0016731479430084372 -0.0011793896535654432 3.230613372766246e-05 -0.0015233071229886264 0.00023251335860799348 -0.00044623476965955039 -0.0021638811816228555 -3.480396467978153e-05 0.00011703868899141007 -0.00033858982218510432 0.00052210949694805702 8.8876507334932468e-05 0.00064155848242796213 -0.0001033967366614282 -0.0012236541507826631 -0.00069553882547188561 0.00079098068655184765 -0.00035258432035334408
leaf_weight=62 35 33 20 40 21 28 38 28 33 23 22 20 22 23 39 23 146 29 20 640 35 23 24 57 122 48 21 25 40 20
leaf_count=62 35 33 20 40 21 28 38 28 33 23 22 20 22 23 39 23 146 29 20 640 35 23 24 57 122 48 21 25 40 20
internal_value=-1.41795e-12 -7.9171e-06 1.18274e-06 -1.57351e-05 0.000329143 -7.37068e-07 0.000135778 -5.01358e-05 -0.000477809 0.000206468 -0.000116403 0.000628684 0.00102012 -0.000563596 -5.04217e-05 -0.000544776 0.000378275 2.43827e-05 -2.26339e-05 -9.64392e-05 -0.000602165 -0.00118756 0.000115008 -0.000271316 0.000224467 -2.45468e-05 -0.000436494 -9.91396e-05 0.000303138 0.000501538
internal_weight=1760 1725 1692 1609 83 1589 424 240 90 150 85 65 42 45 1165 62 184 62 1103 718 78 43 385 85 300 158 70 49 88 142
internal_count=1760 1725 1692 1609 83 1589 424 240 90 150 85 65 42 45 1165 62 184 62 1103 718 78 43 385 85 300 158 70 49 88 142
is_linear=0
shrinkage=0.05


Tree=271
num_leaves=31
num_cat=0
split_feature=288 313 303 174 288 272 307 125 276 273 91 218 266 318 304 274 250 216 325 84 116 333 171 183 182 174 174 264 85 262
split_gain=0.00220118 0.00304711 0.00729333 0.00710695 0.00526583 0.00889006 0.00797255 0.00941159 0.0104591 0.00918585 0.00793944 0.00785832 0.00729 0.0088298 0.0102287 0.0152987 0.00999104 0.0126939 0.0103171 0.00962572 0.00779419 0.0106465 0.0072191 0.00686421 0.00640814 0.00620343 0.00518106 0.00575759 0.0128802 0.0232793
threshold=0.10306606575297055 0.0070220501254137768 -0.087542339608969649 -0.03801012993323178 -0.0081220244297615408 -0.039935207934068996 -0.019671404891155989 -0.0028404155612598262 -0.012373207479672455 0.045628821517154798 0.0091091415187950723 0.0050191877584566443 0.051757696828497381 0.021518239649095761 0.015155995088083246 -0.005648186306727543 0.019279068580344099 -0.0074271539401560777 0.0088562591795334159 -0.20208795856127701 0.013426443620978152 0.015248872041697475 -0.0027104321265614948 -0.015263730981086984 0.0033370659740664713 0.010552096215316923 -0.03159482094818538 -0.0035138178142871258 0.22095624444550568 0.0017428173424564209
decision_type=2 2 2 2 2 2 2 2 2 2 2 2 2 2 2 2 2 2 2 2 2 2 2 2 2 2 2 2 2 2
left_child=1 2 -1 -4 6 11 25 8 -8 23 -10 -6 13 16 15 -15 18 -18 20 -20 21 22 -7 -9 -22 -3 -5 28 -28 -30
right_child=-2 4 3 26 5 12 7 9 10 -11 -12 -13 -14 14 -16 -17 17 -19 19 -21 24 -23 -24 -25 -26 -27 27 -29 29 -31
leaf_value=-0.00099242088224855258 -0.00047556562810010904 0.00077607538530173777 0.00041529465123014498 -0.00067323052923765156 0.00028354164649499583 -0.0015003996334322122 4.0795910172164442e-05 0.00088881558988726257 -0.0018942164295973878 -0.00094449140105141516 -0.00051931861769931168 0.0015276679032302292 -0.00063542081254733306 -0.0017957160476362332 0.000476962298476051 1.4889243435131254e-05 0.0018147947464471641 0.00037787729994377906 0.0015071145275474662 0.00022365846108793146 -0.00024234921686002052 0.00040393363930119313 -0.00034645618967867146 -3.1745620296454563e-05 0.00099426540393985556 -0.00030241618660511451 -3.4956305014727863e-06 -0.00015610153509397763 0.0020565169453303413 -0.00021850560037621665
leaf_weight=20 24 40 83 34 30 23 28 27 21 21 21 22 30 20 27 28 22 51 21 48 20 26 33 81 22 20 360 512 22 23
leaf_count=20 24 40 83 34 30 23 28 27 21 21 21 22 30 20 27 28 22 51 21 48 20 26 33 81 22 20 360 512 22 23
internal_value=2.21335e-12 6.57464e-06 -4.67111e-05 -2.84188e-05 8.89253e-05 0.000197641 -8.86292e-05 -0.000240953 -0.000707742 1.23435e-05 -0.00120677 0.000809903 0.000111825 0.000177565 -0.000301593 -0.00073953 0.000312666 0.000810921 0.000124207 0.000614276 -0.000148493 -0.000432195 -0.000820397 0.000198395 0.000405401 0.000416578 -6.71446e-05 -4.46725e-05 9.61958e-05 0.000893728
internal_weight=1760 1736 1054 1034 682 423 259 199 70 129 42 52 371 341 75 48 266 73 193 69 124 82 56 108 42 60 951 917 405 45
internal_count=1760 1736 1054 1034 682 423 259 199 70 129 42 52 371 341 75 48 266 73 193 69 124 82 56 108 42 60 951 917 405 45
is_linear=0
shrinkage=0.05


Tree=272
num_leaves=31
num_cat=0
split_feature=288 199 107 288 100 250 166 310 250 274 274 318 176 194 100 222 309 247 220 304 274 169 87 261 260 94 220 266 191 199
split_gain=0.00211715 0.00457325 0.00423269 0.0033086 0.00328643 0.00732277 0.0152262 0.00810854 0.00633392 0.00497339 0.0152196 0.00882384 0.0201403 0.0106536 0.010474 0.0110477 0.00761719 0.00801916 0.0148256 0.0109758 0.011475 0.0155511 0.00964608 0.0100141 0.00790146 0.0144346 0.0115671 0.010202 0.00703388 0.0070787
threshold=-0.064644606554257064 0.0058075391037591528 -0.012093276800272895 -0.057254123988449819 0.059374497203909533 -0.039054981050608867 -0.0026976018625803253 0.010924817812929937 -0.018254396107765501 0.00029400939320428827 -0.00085870607262336076 0.017845969062845846 0.032029901590651666 0.042938648111603479 0.041158730737571085 0.052012938870386514 0.054139189869624994 0.018054858518147646 -0.097131209663421689 0.055611807801383757 0.0058435740930736684 -0.001907031877875987 0.04266462987506954 0.050918319807969098 -0.016189086358174083 0.042865695806905704 0.022350193954109438 0.0036345441600769746 -0.023160800611066588 0.013491856409468006
decision_type=2 2 2 2 2 2 2 2 2 2 2 2 2 2 2 2 2 2 2 2 2 2 2 2 2 2 2 2 2 2
left_child=1 2 -1 -2 9 6 -6 -7 -9 10 11 13 28 14 15 -5 17 18 -11 20 21 -20 23 -22 26 -26 27 -19 -13 -30
right_child=3 -3 -4 4 5 7 -8 8 -10 16 -12 12 -14 -15 -16 -17 -18 24 19 -21 22 -23 -24 -25 25 -27 -28 -29 29 -31
leaf_value=0.00042534464342419855 -0.00063484871518864694 0.00074998982055494079 -0.00059101096208905805 0.00018641563167674617 0.00051417984305536025 7.5518335007410936e-05 -0.0011099383084294987 0.0014689843945961912 0.00042470981902882182 0.00074960882528911409 0.0012201883338598743 -0.00097023715585237375 -0.0017528662543641292 0.0012152600893473608 -0.0007438383882431113 -0.00093775335977704316 -0.00084174175163853864 -0.0014416020256855216 -0.0020213550326297993 -0.0013035550616712918 -0.00022907940659945542 -0.00022140871694621938 0.00020646423116090775 -0.001417030357188196 0.00060292878910191714 -0.00072066320816520607 0.00071164264651997662 4.904377684314651e-05 -0.00014969156609902928 0.00077450613003188316
leaf_weight=21 21 29 20 439 27 161 31 20 53 36 27 20 21 21 37 23 36 24 20 26 157 30 128 20 117 25 20 22 102 26
leaf_count=21 21 29 20 439 27 161 31 20 53 36 27 20 21 21 37 23 36 24 20 26 157 30 128 20 117 25 20 22 102 26
internal_value=-4.30201e-13 0.000269453 -7.04386e-05 -1.11608e-05 -3.3133e-06 0.00014905 -0.000353883 0.000273708 0.000710812 -3.56227e-05 5.56779e-05 1.00439e-05 -0.000303824 0.000112051 6.56235e-05 0.000130451 -0.00013452 -9.37841e-05 -0.000220275 -0.000311917 -0.00023929 -0.000941387 -0.000124192 -0.000363311 0.000159805 0.000369902 -0.000292222 -0.000728684 -9.82171e-05 3.80361e-05
internal_weight=1760 70 41 1690 1669 292 58 234 73 1377 716 689 169 520 499 462 661 625 417 381 355 50 305 177 208 142 66 46 148 128
internal_count=1760 70 41 1690 1669 292 58 234 73 1377 716 689 169 520 499 462 661 625 417 381 355 50 305 177 208 142 66 46 148 128
is_linear=0
shrinkage=0.05


Tree=273
num_leaves=31
num_cat=0
split_feature=0 4 81 47 194 6 282 245 6 193 332 273 177 300 327 177 313 228 134 270 325 325 290 325 148 85 288 135 186 215
split_gain=0.00213649 0.00386591 0.00246013 0.00314709 0.00485569 0.00272143 0.010688 0.00818533 0.0041639 0.00378426 0.00375135 0.00313717 0.00286505 0.00687083 0.011952 0.00514459 0.0140993 0.0101823 0.00958801 0.00797055 0.00641978 0.0140165 0.0247238 0.0133739 0.0101655 0.00760164 0.00963369 0.00855767 0.00796203 0.00732298
threshold=11.083556880738579 6.7833245593222182 -0.73722136049892806 0.89587973461402759 0.071319030281279769 0.65658950147223083 -0.022155675161540229 0.0087213699830206281 0.65018028003924122 -0.055723301849001323 0.01750185411874949 -0.0055621039652435479 0.024717263059306858 -0.0079506940358347756 0.0013721875731098237 0.01286434352110523 0.037071228373556399 -0.02239379111144572 -0.0044573097735433687 0.033879034040749295 -0.0012311161028990228 0.0020824909448522015 0.0045961047916188149 -0.002728071372495517 -0.0016483772821946911 0.11585623027221928 0.01127244010534169 -0.0046161808350588043 -0.0048475068661351954 0.025958914472241225
decision_type=2 2 2 2 2 2 2 2 2 2 2 2 2 2 2 2 2 2 2 2 2 2 2 2 2 2 2 2 2 2
left_child=1 2 -1 4 5 8 -7 10 9 -4 11 -8 15 14 -14 20 17 18 -17 -19 23 22 24 25 -22 -11 27 -27 -29 -23
right_child=-2 -3 3 -5 -6 6 7 -9 -10 12 -12 -13 13 -15 -16 16 -18 19 -20 -21 21 29 -24 -25 -26 26 -28 28 -30 -31
leaf_value=-0.00044351689648465254 -0.00051383543875999755 0.00069705334608443086 0.00059540228976402438 0.00048214863088694127 -0.00072523888109413831 0.0010027690898024241 -0.00051192453480325645 -0.00091306589075386348 -0.00071153259507679781 3.3018593259711723e-05 0.00077111639090747183 0.00028634678365619949 -0.00092599201977436405 0.00039653378505926279 0.00033279272423566335 -8.6534670699620627e-06 -0.0012177864091372061 0.00034638197986821228 -0.0014077792123619779 -0.00074796470958972362 0.00098970438838560677 6.8285709789291145e-05 0.0022176828645613222 -0.001250029573799111 -0.00043560199696442175 0.00049549409507432891 -0.0014361319820909556 0.00019388804814298057 -0.0010778378972645442 -0.00086641791633817122
leaf_weight=31 20 20 26 34 23 33 20 21 21 398 21 32 33 122 44 25 33 99 24 20 22 441 21 25 29 28 20 20 32 22
leaf_count=31 20 20 26 34 23 33 20 21 21 398 21 32 33 122 44 25 33 99 24 20 22 441 21 25 29 28 20 20 32 22
internal_value=-2.01381e-13 5.90615e-06 -2.13044e-06 5.97079e-06 -3.81171e-06 6.35546e-06 0.000228622 -4.31525e-05 -1.24006e-05 -2.50725e-06 0.000207097 -2.06806e-05 -1.31696e-05 0.000163127 -0.000206686 -4.10353e-05 -0.000272923 -8.73245e-05 -0.00069394 0.000162458 3.01889e-06 0.000124795 0.000773783 -0.000121551 0.000179236 -6.49005e-05 -0.000454619 -0.00020924 -0.000588713 2.38721e-05
internal_weight=1760 1740 1720 1689 1655 1632 127 94 1505 1484 73 52 1458 199 77 1259 201 168 49 119 1058 535 72 523 51 498 100 80 52 463
internal_count=1760 1740 1720 1689 1655 1632 127 94 1505 1484 73 52 1458 199 77 1259 201 168 49 119 1058 535 72 523 51 498 100 80 52 463
is_linear=0
shrinkage=0.05


Tree=274
num_leaves=31
num_cat=0
split_feature=68 53 203 47 131 149 241 244 254 175 161 211 280 85 81 81 118 246 327 203 298 282 134 291 131 244 220 222 332 215
split_gain=0.00210108 0.00484565 0.00232698 0.0061433 0.00602879 0.0066821 0.00994425 0.00667034 0.00582348 0.0067152 0.00669046 0.0169481 0.00601784 0.00807287 0.00654172 0.00953095 0.00553385 0.00598607 0.00544358 0.00540319 0.0132031 0.0069796 0.00539892 0.00802658 0.00742183 0.0083316 0.00610451 0.0134485 0.00992319 0.006705
threshold=1.2424533248940004 0.89587973461402759 7.4349562267278976e-05 1.0000000180025095e-35 -0.043218842241817032 0.042315110192389351 0.0033285047160046557 -0.0017404079642643698 -0.096501104886080505 -0.052548134500621652 0.035074692313981602 -0.0099844677394170019 0.0080803401385561024 0.17515093775095697 -0.33017614796656164 -0.29694860889839719 0.042839035527070531 -0.10285499929481982 0.060941810534195 0.0015639721292723221 0.0057082579220954673 0.077678688225109385 0.015920589815371079 -0.024057852714952067 0.017824001441407684 0.005865961427474929 -0.022648555285896089 0.012096713860684142 0.0049922459626661119 0.38733954410526811
decision_type=2 2 2 2 2 2 2 2 2 2 2 2 2 2 2 2 2 2 2 2 2 2 2 2 2 2 2 2 2 2
left_child=1 2 3 8 7 18 -7 -4 -1 -10 12 -12 16 14 -14 -16 17 -11 19 20 -6 22 26 -24 25 -25 27 28 -21 -28
right_child=-2 -3 4 -5 5 6 -8 -9 9 10 11 -13 13 -15 15 -17 -18 -19 -20 21 -22 -23 23 24 -26 -27 29 -29 -30 -31
leaf_value=-0.00087482441085739993 -0.00044614120717876806 0.00076159119184705478 -7.4279605178162464e-05 -0.00068265087289833719 -0.00017231837562827298 -4.2951814136288776e-05 -0.0012915451374441468 0.0011402870975451571 0.00073586540485284162 0.00096646781735630193 0.00054628096861831317 -0.0012603208261941076 3.3215847148479566e-05 -0.00096738026392092157 -0.0013776919442038476 6.3095797183147326e-05 -0.00061698404466975878 0.00011816523038473144 0.00086291269995161291 -0.00015509836509105905 0.0014318393809409592 -0.0009118819196373807 -0.00092225545917189633 0.00013098407296495806 0.00076535561542107684 -0.00093045514608845769 6.0604727659866509e-05 0.0015994127048179507 0.00084359889151528486 -0.0008583725330286794
leaf_weight=20 26 21 20 38 29 52 23 26 29 22 21 34 207 29 22 24 24 380 21 72 23 20 33 51 23 29 362 20 38 21
leaf_count=20 26 21 20 38 29 52 23 26 29 22 21 34 207 29 22 24 24 380 21 72 23 20 33 51 23 29 362 20 38 21
internal_value=-4.13549e-13 6.68954e-06 -2.56494e-06 -6.12846e-05 5.52702e-05 2.39123e-05 -0.000425854 0.000612215 -3.22059e-05 -1.09277e-05 -3.93117e-05 -0.000570527 1.95507e-06 -0.00017721 -8.66373e-05 -0.000625977 0.000120557 0.00016459 6.93738e-05 4.6261e-05 0.000537213 8.10032e-06 3.64511e-05 -0.000243634 -2.6212e-05 -0.000253788 0.000110704 0.000406753 0.000189906 1.02169e-05
internal_weight=1760 1734 1713 850 863 817 75 46 812 792 763 55 708 282 253 46 426 402 742 721 52 669 649 136 103 80 513 130 110 383
internal_count=1760 1734 1713 850 863 817 75 46 812 792 763 55 708 282 253 46 426 402 742 721 52 669 649 136 103 80 513 130 110 383
is_linear=0
shrinkage=0.05


Tree=275
num_leaves=31
num_cat=0
split_feature=164 144 276 262 2 235 239 98 195 195 183 305 300 231 216 317 273 266 322 283 133 197 108 231 124 187 137 190 130 298
split_gain=0.00207035 0.00456739 0.00507309 0.00700383 0.00866313 0.00537819 0.00432125 0.00655553 0.00431716 0.00572863 0.00841728 0.00577272 0.00452119 0.00493391 0.00957063 0.00759783 0.0063521 0.00745379 0.0056151 0.0100055 0.00983008 0.00944072 0.00864546 0.00755595 0.0127408 0.00663469 0.00851745 0.00643622 0.00604091 0.0056174
threshold=-0.018453708358810796 0.060542470447810234 0.023245952754436503 0.013848334646923829 2.249904835165133 -0.011780230605814868 0.0034047974908421349 -0.013761065107376326 -0.06424325745017663 -0.038504557048496472 -0.01208317009927117 0.07145383403221757 -0.043590917177921872 -0.038969544895522325 0.0058372091124542997 -0.0060476326361242807 -0.029028556309481129 0.029146187572259088 0.013278592476940744 0.033134458237265178 0.006407920113786358 0.00033429358824775876 0.035806093759064593 -0.015698380669309741 0.014707390233332908 -0.0051880722035712529 -0.0066089383710096579 -0.00022873308668209933 -0.064319960187474157 0.014166690989662646
decision_type=2 2 2 2 2 2 2 2 2 2 2 2 2 2 2 2 2 2 2 2 2 2 2 2 2 2 2 2 2 2
left_child=1 2 3 6 -5 -4 7 -1 -2 10 -10 12 -11 14 15 -14 -16 -18 23 20 22 -21 27 24 25 -15 -27 -20 -25 -22
right_child=8 -3 5 4 -6 -7 -8 -9 9 11 -12 -13 13 18 16 -17 17 -19 19 21 29 -23 -24 28 -26 26 -28 -29 -30 -31
leaf_value=-0.00073374134878958434 -0.00063168080634003958 -0.00061128171482345182 -0.00064894191155742329 0.00027457998275286113 0.0014164277352392675 0.00011015924142806658 0.00034565304543072924 0.00017849126719132378 0.0013047766746603884 0.00027192350014253766 -3.8243548728392592e-05 -0.00087774820860431657 1.7506726180727128e-05 0.00045732778803953401 0.00052240806676092603 0.00097420502353663923 -0.0010006310428692696 0.00021939672019687437 0.00031148769018424596 0.00010378910206222477 5.2751940427242519e-05 -0.0012868680363285619 -0.00013155825272406218 -0.00088371425408695359 -0.001641030439085708 -0.0013017785439098425 8.9546007538129666e-05 0.0011038105874534019 -7.5366827374018618e-05 -0.00087340729263484136
leaf_weight=31 29 21 35 46 26 70 88 54 20 119 28 20 36 22 21 49 31 21 48 26 64 23 40 24 22 22 22 55 625 22
leaf_count=31 29 21 35 46 26 70 88 54 20 119 28 20 36 22 21 49 31 21 48 26 64 23 40 24 22 22 22 55 625 22
internal_value=1.17658e-12 0.00010493 0.000147903 0.000272522 0.000686914 -0.000142874 0.000100058 -0.000154205 -2.80267e-05 -1.51547e-05 0.000521348 -3.47828e-05 -2.17338e-05 -5.15251e-05 0.000208384 0.000569015 -0.00021153 -0.000507928 -9.19838e-05 9.94978e-05 0.000238253 -0.000548968 0.000492298 -0.000164212 -0.000598984 -0.000251635 -0.000606116 0.000734573 -0.000105259 -0.000184173
internal_weight=1760 371 350 245 72 105 173 85 1389 1360 48 1312 1292 1173 158 85 73 52 1015 278 229 49 143 737 88 66 44 103 649 86
internal_count=1760 371 350 245 72 105 173 85 1389 1360 48 1312 1292 1173 158 85 73 52 1015 278 229 49 143 737 88 66 44 103 649 86
is_linear=0
shrinkage=0.05


Tree=276
num_leaves=31
num_cat=0
split_feature=318 290 290 232 279 279 250 331 304 226 328 141 328 256 168 123 157 315 287 197 299 324 83 122 173 294 205 143 328 306
split_gain=0.00201478 0.00280348 0.00349025 0.00418184 0.00332016 0.0092578 0.00472065 0.00358014 0.00346998 0.00871804 0.00368203 0.00781742 0.010666 0.0118149 0.0102582 0.0061387 0.00472895 0.00852536 0.00774411 0.00627908 0.00740805 0.00667282 0.00636123 0.00959199 0.00605984 0.00560664 0.00588795 0.00882421 0.0185189 0.00930707
threshold=0.074625373629898142 0.081539157790777431 0.05512017304415167 0.0043988285104494809 -0.066019106324723881 -0.058061940759565195 0.02257927611811248 -0.079157685704346212 -0.063500394163224297 0.00030390909449552956 0.029011800511647718 -0.0090519175460411962 0.040819142879339097 -0.0017321731901447732 0.00031791331506902731 0.0067813782067045825 0.0120221847025504 0.051131822490186156 -0.064011658540774494 0.025950322677126495 0.0051751616248980337 -0.0092353793012234734 0.05482330133689458 -0.0027304660797814926 0.00020468431909666661 0.059767671200226219 -0.0044848543612819583 0.022396461080290597 -0.00073512401783869849 -0.0034713736034242952
decision_type=2 2 2 2 2 2 2 2 2 2 2 2 2 2 2 2 2 2 2 2 2 2 2 2 2 2 2 2 2 2
left_child=1 2 4 -4 6 -6 -1 -7 9 -9 16 -12 13 -13 15 -14 17 18 -10 20 21 24 -22 -24 -18 26 27 29 -29 -20
right_child=-2 -3 3 -5 5 7 -8 8 10 -11 11 12 14 -15 -16 -17 19 -19 25 -21 22 -23 23 -25 -26 -27 -28 28 -30 -31
leaf_value=6.204123546551125e-05 0.00040624716823610169 -0.0004499860902849053 9.1751601048243033e-05 0.00091649469761085299 -0.0010969930558349006 -0.00063337283384538282 0.000973595308169024 0.0011874844195387726 -0.00072433022216648315 -9.4420877232753107e-05 0.00018853860027621678 -0.0019540537358989241 0.0010237605924802748 -0.00041394605192201866 -0.00069641307733970311 -0.00015740840277761562 0.00018233313178195833 -0.00085962318436002313 -0.00043732925880635089 0.00084303118883326538 0.00010438336156967834 8.5159237909572443e-05 0.00010090350454750781 -0.0012852685119679127 0.0012029978225296927 0.00066384604542690795 8.1045310884054578e-05 0.00015283939593990165 -0.0019229879040115823 0.00021636932574175031
leaf_weight=49 30 35 51 22 20 23 20 21 37 36 77 20 22 33 37 22 26 31 99 32 77 102 24 26 33 32 559 22 21 121
leaf_count=49 30 35 51 22 20 23 20 21 37 36 77 20 22 33 37 22 26 31 99 32 77 102 24 26 33 32 559 22 21 121
internal_value=-1.94753e-14 -7.04475e-06 2.10153e-06 0.000340304 -1.31197e-05 -2.81984e-05 0.00032626 -1.42545e-05 -4.82424e-06 0.00037786 -1.98366e-05 -0.000212945 -0.000443648 -0.000995119 -8.28091e-05 0.000433176 1.297e-05 -4.45079e-05 -1.61482e-05 0.000178578 0.00010475 0.000329974 -0.00018077 -0.000619906 0.000753213 1.45342e-05 -1.07431e-05 -0.000205837 -0.000860937 -7.7795e-05
internal_weight=1760 1730 1695 73 1622 1553 69 1533 1510 57 1453 211 134 53 81 44 1242 922 891 320 288 161 127 50 59 854 822 263 43 220
internal_count=1760 1730 1695 73 1622 1553 69 1533 1510 57 1453 211 134 53 81 44 1242 922 891 320 288 161 127 50 59 854 822 263 43 220
is_linear=0
shrinkage=0.05


Tree=277
num_leaves=31
num_cat=0
split_feature=184 184 332 185 6 313 175 195 162 85 288 192 302 273 119 154 277 189 311 193 53 83 219 204 332 161 312 306 197 188
split_gain=0.00196827 0.00396758 0.00622181 0.00388228 0.00344261 0.00384981 0.00453715 0.00331833 0.00330664 0.0104039 0.00685867 0.00611747 0.00660184 0.00648445 0.013062 0.00622028 0.00621191 0.00382162 0.00613884 0.00451746 0.00470856 0.0048768 0.00702215 0.0122989 0.0066846 0.00609524 0.00666395 0.00637769 0.0127448 0.0115445
threshold=0.078158298959914996 0.044190905197075199 0.018507334598109857 0.070206817368073618 0.66420499963665447 0.019986452207031186 -0.0076629296722965888 0.012015777683345814 -0.015307550608202531 0.17314716373893921 0.071115430531418222 -0.031709649001012655 -0.0013405917184862194 0.020314869649040754 0.011367119946149336 -0.015697572009806857 0.0097995115500615591 -0.045025711114894687 -0.0080940872707731919 -0.050932591130371747 0.89587973461402759 0.050298029976205604 0.045463188294961661 0.00043536776277284199 0.0086276369658489973 -0.0041704400544971178 -0.025655051093819041 -0.0020930260058385345 0.0052972828700337 0.0097724272489213108
decision_type=2 2 2 2 2 2 2 2 2 2 2 2 2 2 2 2 2 2 2 2 2 2 2 2 2 2 2 2 2 2
left_child=1 3 7 4 8 6 -6 -3 9 10 11 -1 13 -13 -15 -14 -17 18 -10 -19 21 25 -23 24 -24 26 -21 28 29 -27
right_child=-2 2 -4 -5 5 -7 -8 -9 17 -11 -12 12 15 14 -16 16 -18 19 -20 20 -22 22 23 -25 -26 27 -28 -29 -30 -31
leaf_value=0.00070098074533494331 -0.00044970299295528094 -0.00043962786003248766 0.0010502290658263044 -0.00070124994734214856 0.0011503724995418454 -0.0002329893977730535 0.00020632532491747822 0.00044098517948599613 0.00015189527855129979 -0.0010244998532852475 -0.00088126638899363268 -9.5570377642339432e-05 -0.00033645872164542152 -0.0017032388680880623 6.0278335114985357e-05 0.00016204971142278445 0.001095682756509632 0.00070802424510475249 -0.00088604521363871253 -0.00024222071614613843 0.00075278293277898981 -2.2784507320092908e-05 -0.00064146219159010801 -0.001505115405375759 0.00056859824121818835 -0.00085596608726898674 0.00055935901554010419 0.00021275638290983744 0.0003566099769729468 0.00018655986747035058
leaf_weight=28 24 20 23 20 20 22 35 23 28 31 24 115 38 21 21 62 25 25 29 33 22 497 25 23 21 79 121 198 67 40
leaf_count=28 24 20 23 20 20 22 35 23 28 31 24 115 38 21 21 62 25 25 29 33 22 497 25 23 21 79 121 198 67 40
internal_value=4.12908e-13 6.21709e-06 0.000386445 -8.80988e-06 -4.16666e-07 0.000326014 0.000549615 3.13977e-05 -1.63958e-05 -0.000148278 -6.6952e-05 -3.90834e-06 -7.38973e-05 -0.000289763 -0.00082148 0.00019723 0.000430335 2.34527e-05 -0.00037618 4.32434e-05 2.84836e-05 1.40501e-05 -8.84056e-05 -0.000561067 -8.90433e-05 0.000121838 0.000387592 1.52597e-05 -0.000194979 -0.000505537
internal_weight=1760 1736 66 1670 1650 77 55 43 1573 365 334 310 282 157 42 125 87 1208 57 1151 1126 1104 566 69 46 538 154 384 186 119
internal_count=1760 1736 66 1670 1650 77 55 43 1573 365 334 310 282 157 42 125 87 1208 57 1151 1126 1104 566 69 46 538 154 384 186 119
is_linear=0
shrinkage=0.05


Tree=278
num_leaves=31
num_cat=0
split_feature=68 53 262 309 178 211 298 329 99 136 124 249 266 316 134 314 171 123 286 222 1 0 1 283 275 277 163 183 139 175
split_gain=0.00195601 0.00385301 0.00220379 0.00615445 0.00585495 0.00798521 0.00487805 0.00520014 0.00533856 0.00578462 0.00533115 0.00517602 0.00360144 0.00433008 0.00405909 0.00386698 0.00353712 0.00566576 0.00649924 0.00523159 0.0143468 0.00922807 0.0134884 0.00571494 0.00688946 0.00824258 0.00492813 0.00614414 0.00467976 0.00756394
threshold=1.2424533248940004 0.89587973461402759 -0.031379513497008842 -0.040727867778312957 0.025647791152768801 -0.01464261774932094 -0.0095493972616038109 0.0059929485551344129 0.054301281735915995 -0.017063957830021188 0.010321790356727183 0.01961603607597014 -0.095514213380056209 -0.049249936586643818 0.015920589815371079 0.02020860829560377 -0.02432741692029685 -0.013047538573664428 -0.018029238245390558 -0.018731786847423933 4.791641144189394 5.8304140474468626 4.3107766033702406 0.039897013712743047 0.0054493110674688249 0.0090866143403783763 0.035322854480807221 -0.0014050851501544667 0.007537991681350901 -0.0025158993114767401
decision_type=2 2 2 2 2 2 2 2 2 2 2 2 2 2 2 2 2 2 2 2 2 2 2 2 2 2 2 2 2 2
left_child=1 2 3 -1 6 -6 11 8 9 -8 -9 -5 -4 14 15 -14 17 -15 -19 20 21 22 -18 26 25 -25 28 -28 29 -21
right_child=-2 -3 12 4 5 -7 7 10 -10 -11 -12 -13 13 16 -16 -17 19 18 -20 23 -22 -23 -24 24 -26 -27 27 -29 -30 -31
leaf_value=-0.00057248308394577941 -0.00043046463777920096 0.00067960906474451939 -0.00062291249918052926 1.1746698443640128e-05 4.6103031636448583e-05 0.0014590087655233222 -0.00021184342351324604 0.0004110338771891387 0.0012462476719520056 0.00074307101238186343 -0.00053210627651893564 -0.00089888878734200272 0.00025706460392029842 -0.00017553843667656111 -0.00033048479734653876 0.0010535731440177189 -6.3403603575848551e-05 0.0011233557623041713 0.00018850517770954765 0.0003266769446894351 -0.0012646041205505642 0.00076320747763384145 -0.0014462679397270438 -0.00025992724054726464 8.9822158083229119e-05 -0.0013694276731537405 -4.0070283681746917e-05 0.0011556069435235778 -0.00017369591771016429 -8.5880376485035351e-05
leaf_weight=29 26 21 25 71 20 20 29 29 20 35 31 20 64 80 21 20 110 23 97 194 33 25 21 47 54 26 22 21 266 260
leaf_count=29 26 21 25 71 20 20 29 29 20 35 31 20 64 80 21 20 110 23 97 194 33 25 21 47 54 26 22 21 266 260
internal_value=-1.62531e-12 6.45449e-06 -1.79785e-06 0.000120296 0.000193353 0.000752556 9.81698e-05 0.000279262 0.000533202 0.000310375 -7.62552e-05 -0.000188393 -2.81404e-05 -1.73967e-05 0.000291271 0.000446709 -4.27369e-05 0.000150396 0.000367685 -7.85353e-05 -0.000317449 -0.000117089 -0.000285084 -2.77998e-05 -0.000338357 -0.000655092 2.38919e-05 0.000543865 -7.16206e-06 9.04106e-05
internal_weight=1760 1734 1713 304 275 40 235 144 84 64 60 91 1409 1384 105 84 1279 200 120 1079 189 156 131 890 127 73 763 43 720 454
internal_count=1760 1734 1713 304 275 40 235 144 84 64 60 91 1409 1384 105 84 1279 200 120 1079 189 156 131 890 127 73 763 43 720 454
is_linear=0
shrinkage=0.05


Tree=279
num_leaves=31
num_cat=0
split_feature=264 132 164 312 283 296 237 205 205 264 145 176 230 297 153 169 138 225 240 290 167 139 85 126 246 190 255 292 197 300
split_gain=0.00200097 0.00613044 0.00802074 0.00989841 0.00718333 0.00490442 0.00485107 0.00304467 0.00702035 0.0064034 0.00721473 0.00673928 0.00535811 0.00452586 0.00406332 0.00391072 0.00492886 0.00895383 0.0154058 0.00757897 0.00842963 0.00695647 0.00554014 0.00482615 0.00391575 0.00422674 0.00466027 0.00634273 0.00655315 0.00701973
threshold=0.045920205273742777 0.0099064087490983478 0.010410955395920414 0.0038437093658196387 -0.017544110936050548 0.022162775402337621 0.00051666684896454389 0.016508068342920078 0.014547327998921928 0.015542977048082536 -0.002098488670872247 0.032029901590651666 0.0017035309166200695 -0.046719963026156643 -0.026121584308974721 0.04918627178377865 0.024567540657309875 0.045721604991168181 0.02025903731717173 -0.0054224352976035266 0.0064929913592586862 0.005900942147615826 -0.12621087165669773 -0.0036338372344479806 0.089497679825560769 -0.017706654779609959 -0.071657952668373534 0.025741825595497318 -0.0086203575135917112 -0.005083712039449231
decision_type=2 2 2 2 2 2 2 2 2 2 2 2 2 2 2 2 2 2 2 2 2 2 2 2 2 2 2 2 2 2
left_child=7 2 4 -4 -2 -3 -6 8 15 11 -11 13 -10 -9 -15 16 24 19 -19 21 22 -18 -21 -17 25 -1 -27 -28 -29 -30
right_child=1 5 3 -5 6 -7 -8 9 12 10 -12 -13 -14 14 -16 23 17 18 -20 20 -22 -23 -24 -25 -26 26 27 28 29 -31
leaf_value=0.00029801884631944214 -0.00039572650644201885 0.00020710770634117391 -0.0013205537070462015 1.4340780354559239e-05 0.0011845711829664653 0.0012104292635783732 0.00019878770931427427 0.00068905958218965684 0.0012425873187567049 -0.0012749300191644579 -0.00016926469482617297 -0.00084413906553653891 9.9069106813874988e-05 -0.00061968839983455844 7.6352652910058026e-05 0.0009357032588923176 -0.0010228526509559618 -0.001785147746356771 -8.6725323434131078e-06 0.0011615201258861746 -0.00051862226140325554 3.128223399792606e-05 0.00010804793576729329 -7.7857970735868042e-05 -0.00062796213251599311 -0.00059968101343201854 -4.6709202032319981e-05 0.0007338790169390115 0.00063645749287388753 -0.00029187265632312382
leaf_weight=130 23 29 21 41 24 21 26 25 20 25 36 23 21 25 130 24 29 23 26 26 22 34 24 23 23 32 709 57 32 56
leaf_count=130 23 29 21 41 24 21 26 25 20 25 36 23 21 25 130 24 29 23 26 26 22 34 24 23 23 32 709 57 32 56
internal_value=-7.78135e-13 0.000155557 -1.96087e-05 -0.000437801 0.000335568 0.000628503 0.000671964 -1.82717e-05 1.29244e-05 -0.000173189 -0.000622406 -3.82023e-05 0.000656883 6.47785e-05 -3.5912e-05 -7.86481e-06 -2.5065e-05 -0.000263587 -0.000842528 -5.34529e-05 0.000296986 -0.000453954 0.000655853 0.000439705 1.71757e-05 3.17802e-05 -7.28413e-06 1.49134e-05 0.000316227 4.57019e-05
internal_weight=1760 185 135 62 73 50 50 1575 1311 264 61 203 41 180 155 1270 1223 184 49 135 72 63 50 47 1039 1016 886 854 145 88
internal_count=1760 185 135 62 73 50 50 1575 1311 264 61 203 41 180 155 1270 1223 184 49 135 72 63 50 47 1039 1016 886 854 145 88
is_linear=0
shrinkage=0.05


Tree=280
num_leaves=31
num_cat=0
split_feature=237 237 237 273 260 104 268 261 268 217 249 68 83 182 294 161 161 300 304 249 274 253 167 252 304 289 126 297 325 95
split_gain=0.00192495 0.00807177 0.00776086 0.00702538 0.00667918 0.00819323 0.00590066 0.0099327 0.00429898 0.00386951 0.00384538 0.00328997 0.0040201 0.0114962 0.00313782 0.00770079 0.00831523 0.0107058 0.00724518 0.00688959 0.0048772 0.00444976 0.00441872 0.00466828 0.00441339 0.00391229 0.019456 0.00399572 0.00704385 0.0145866
threshold=-0.041981281496676646 -0.045814337785956602 -0.039301799224348358 0.029525638883136748 0.015025741005439327 -0.007410542390218872 -0.0045489629181287667 0.0032625273977240367 -0.013803815134935393 0.00041636831457839298 0.0099522237911249655 1.2424533248940004 0.33962356830492424 0.0033370659740664713 -0.018825913783768636 0.017817157645143002 0.0087165736457649329 -0.014052981189754909 -0.054942978843129424 -0.022253545612681745 -0.01830031469801471 -0.091768477388480527 0.0175784582449879 -0.034044349571053185 -0.078095322238713363 0.067003592510880103 -0.00026215784662953818 -0.01001729767512591 0.00096317994476986996 0.083493062934346843
decision_type=2 2 2 2 2 2 2 2 2 2 2 2 2 2 2 2 2 2 2 2 2 2 2 2 2 2 2 2 2 2
left_child=1 3 -2 4 6 -6 8 10 9 -1 -8 12 14 -14 15 16 18 -18 -4 -17 -20 -16 23 -22 -23 27 -27 -26 -29 -30
right_child=2 -3 11 -5 5 -7 7 -9 -10 -11 -12 -13 13 -15 21 19 17 -19 20 -21 22 24 -24 -25 25 26 -28 28 29 -31
leaf_value=-0.00049742732684535443 -0.00097679698635710389 0.00092626285222650049 -0.0010435720175155439 -0.00060469551811095435 0.0010812302440587832 -0.00011822434904994833 0.00037290538139131971 -0.0012631640594918281 0.00087780458657520783 0.00041316571873072208 -0.00044573300021091616 -0.00058933287121665972 -0.00015518193467869425 0.0013729447638615967 0.00076749179628677667 -0.00026509966558548444 -5.9309163707834877e-05 -0.0015402152180635873 0.0002786934176462334 0.00079696123764340485 -0.00099287759248082598 0.00071481375224803666 0.00042256295830315062 -0.00019185613990148776 -0.00011920696343889849 0.00062093838480775177 -0.0015067575162075546 -6.2974401185750416e-05 0.00015017786463859546 0.0012826916567064473
leaf_weight=20 21 28 20 37 35 24 32 21 22 28 26 24 32 20 20 26 23 26 75 37 22 22 23 105 334 21 22 327 255 32
leaf_count=20 21 28 20 37 35 24 32 21 22 28 26 24 32 20 20 26 23 26 75 37 22 22 23 105 334 21 22 327 255 32
internal_value=2.33357e-12 0.000122039 -2.24052e-05 3.01274e-05 0.000143053 0.000593317 -3.52398e-05 -0.000331424 0.000299026 3.37519e-05 5.92956e-06 -8.73385e-06 9.2938e-07 0.000432559 -1.52179e-05 -0.000143007 -0.000250505 -0.000845096 -0.000131586 0.00035865 -5.05211e-05 2.89453e-05 -0.000215128 -0.000330616 1.43639e-05 -1.1859e-06 -0.00046765 1.99723e-05 9.56822e-05 0.000276451
internal_weight=1760 273 1487 245 208 59 149 79 70 48 58 1466 1442 52 1390 357 294 49 245 63 225 1033 150 127 1013 991 43 948 614 287
internal_count=1760 273 1487 245 208 59 149 79 70 48 58 1466 1442 52 1390 357 294 49 245 63 225 1033 150 127 1013 991 43 948 614 287
is_linear=0
shrinkage=0.05


Tree=281
num_leaves=31
num_cat=0
split_feature=184 155 309 309 270 85 282 299 250 192 192 188 292 188 155 105 96 295 2 290 284 96 163 186 180 117 331 123 248 297
split_gain=0.00190194 0.00357962 0.00301962 0.00379511 0.0116492 0.0129875 0.00440627 0.00368906 0.00532208 0.00945246 0.0141555 0.011114 0.0148797 0.0154397 0.0105952 0.0102671 0.0086545 0.00723041 0.00765449 0.0114898 0.00674779 0.00982791 0.00767857 0.00855135 0.00846214 0.00817679 0.00771319 0.00608227 0.00607293 0.00599766
threshold=0.078158298959914996 -0.067515667991966941 -0.050981241890270527 -0.033034595663979788 0.027327420261091525 0.15192810750781857 -0.023222743969243984 0.014609020523475061 -0.010737547070485723 -0.029880323050312716 -0.013762860136381538 -0.00066266179209917536 0.0062122730663664687 -0.0044805205199048067 -0.0045271855364016874 0.0052216190922083341 0.09802510594755337 -0.017933964806737139 2.6735537653587347 -0.0076591480006903334 -0.003838222427434521 0.059110153719174864 0.013986371375019702 0.0016101137174346556 -0.011148544649206114 0.011071227225448949 -0.024028375184271821 0.012740492074134352 -0.022667896795425933 -0.01001729767512591
decision_type=2 2 2 2 2 2 2 2 2 2 2 2 2 2 2 2 2 2 2 2 2 2 2 2 2 2 2 2 2 2
left_child=1 -1 -3 4 5 6 -4 8 9 -5 14 12 13 15 -11 -12 20 -13 -19 -20 21 22 23 24 -10 -25 -24 -22 -28 -26
right_child=-2 2 3 7 -6 -7 -8 -9 16 10 11 17 -14 -15 -16 -17 -18 18 19 -21 27 -23 26 25 29 -27 28 -29 -30 -31
leaf_value=0.0004797226094536036 -0.00044205973402616414 0.00023381858829519089 -0.00088059609489781517 -0.0010191584819040146 0.00049540566055968939 -0.0017036946484586223 -2.4792791332144573e-05 0.0001189594815441199 -0.00037420182731390619 -0.0001481228610611565 -0.0012779490383763915 -0.00062442071411559098 9.3719399523078686e-07 -0.002154405918554403 0.0013618760436656886 6.4363927206080734e-05 0.0010633177064300981 -5.7102658528867114e-05 -0.00012244126024597789 0.0015334235980514099 -9.8476233383757643e-06 -0.0012234562303915265 0.00025798370859221272 0.0001421701516119356 9.6650695316687546e-05 -0.00097188552587925054 -0.0001509738320601173 0.0004391722692692686 -0.0012551415011826479 0.0010918729227297464
leaf_weight=39 24 123 21 32 35 20 53 448 24 21 28 35 63 22 26 29 20 102 20 22 203 21 23 40 24 28 20 120 33 41
leaf_count=39 24 123 21 32 35 20 53 448 24 21 28 35 63 22 26 29 20 102 20 22 203 21 23 40 24 28 20 120 33 41
internal_value=-5.93239e-14 6.11142e-06 -4.77298e-06 -2.34177e-05 -0.000283265 -0.000573196 -0.000267656 -2.2021e-07 -5.37734e-05 -0.000194904 -0.000123229 -0.00024189 -0.000572211 -0.00102928 0.000687196 -0.000595018 4.07863e-05 2.01525e-05 0.00017682 0.000744917 5.34329e-06 -0.000187475 -9.41028e-05 0.000105602 0.000428152 -0.000316559 -0.000506652 0.000156971 -0.000838474 0.000724406
internal_weight=1760 1736 1697 1574 129 94 74 1445 997 400 368 321 142 79 47 57 597 179 144 42 577 254 233 157 89 68 76 323 53 65
internal_count=1760 1736 1697 1574 129 94 74 1445 997 400 368 321 142 79 47 57 597 179 144 42 577 254 233 157 89 68 76 323 53 65
is_linear=0
shrinkage=0.05


Tree=282
num_leaves=31
num_cat=0
split_feature=0 4 81 304 81 278 311 61 280 105 105 124 131 115 275 159 332 273 172 182 304 277 161 244 116 237 286 207 321 117
split_gain=0.00193735 0.00313727 0.0021343 0.00251884 0.00643265 0.0065706 0.00757598 0.00551725 0.00488156 0.00602376 0.00974584 0.00686579 0.00667816 0.00557425 0.00492205 0.00485959 0.00483677 0.00453119 0.00595743 0.0111798 0.00719447 0.00832023 0.00641823 0.00610374 0.00461732 0.00441657 0.00828375 0.00718815 0.00552622 0.00575109
threshold=11.083556880738579 6.7833245593222182 -0.73722136049892806 0.0067103326615728471 -0.49625666377382488 -0.025427738917030731 -0.01033759469048184 1.7005986908310777 0.051747982817881392 -0.048217100508871076 -0.036014209620135178 -0.038562848408045254 -0.043218842241817032 -0.0070627835745399273 -0.016871058531754867 0.013256378748749477 0.055701130534857229 0.015707601778755898 0.018702439802780007 0.016382024851112922 0.0024753035045193086 0.026903982159287163 0.010800254427764755 -0.020757736140166527 -0.018964224671617558 -0.041442551216390622 0.021358243421065144 0.027203628416734901 0.01514451859827195 0.027338244436868532
decision_type=2 2 2 2 2 2 2 2 2 2 2 2 2 2 2 2 2 2 2 2 2 2 2 2 2 2 2 2 2 2
left_child=1 2 -1 16 5 -5 -7 -8 9 13 -11 -12 -13 -6 -15 -10 17 25 20 -20 21 22 23 -19 -25 26 -4 28 29 -27
right_child=-2 -3 3 4 8 6 7 -9 15 10 11 12 -14 14 -16 -17 -18 18 19 -21 -22 -23 -24 24 -26 27 -28 -29 -30 -31
leaf_value=-0.00041273455406612376 -0.00048930224031209948 0.00062824104796163746 0.00011961331801414514 0.0012107194289869355 -0.00011328210263309303 -0.00044669199247706552 0.00018515927336975989 0.0012375989003339783 0.00011882183765313432 -0.0011033946119520502 -0.00092316117172065954 0.0008519718347954387 -6.6326054208356799e-05 9.746803540189791e-07 0.0009109110446713334 0.0010027451223045911 -0.00059122248038523861 -0.00054317430853295862 -0.00018465131791214976 -0.0015874627439188772 -0.00084581109963787295 -0.00053194679004468066 0.00073490094733262047 -0.00030687698504334548 0.00051264134571697055 5.029737903175662e-05 0.0012415104874803331 -0.00068643597931238932 0.00035864225790481382 -0.00042986730684362978
leaf_weight=31 20 20 76 22 50 27 33 20 48 24 22 21 346 23 42 23 39 34 49 20 26 49 43 25 55 328 21 36 110 77
leaf_count=31 20 20 76 22 50 27 33 20 48 24 22 21 346 23 42 23 39 34 49 20 26 49 43 25 55 328 21 36 110 77
internal_value=9.7964e-13 5.62416e-06 -1.61557e-06 5.93013e-06 7.84196e-05 0.000445464 0.000235019 0.000582306 1.59178e-05 -3.6424e-05 -0.000125541 -6.52107e-05 -1.37804e-05 0.000283622 0.000588934 0.000405163 -4.55021e-05 -2.30753e-05 -0.00018338 -0.000591263 -6.20703e-05 3.68484e-05 0.00021437 1.803e-05 0.000256542 5.13874e-05 0.000362498 -3.38165e-06 4.43658e-05 -4.09932e-05
internal_weight=1760 1740 1720 1689 701 102 80 53 599 528 413 389 367 115 65 71 988 949 301 69 232 206 157 114 80 648 97 551 515 405
internal_count=1760 1740 1720 1689 701 102 80 53 599 528 413 389 367 115 65 71 988 949 301 69 232 206 157 114 80 648 97 551 515 405
is_linear=0
shrinkage=0.05


Tree=283
num_leaves=31
num_cat=0
split_feature=286 282 193 266 294 251 181 148 269 285 179 87 104 287 323 280 167 175 111 110 333 234 186 300 105 185 195 323 154 122
split_gain=0.00189562 0.00499497 0.00681028 0.00706482 0.00616005 0.0106986 0.00541971 0.0146516 0.00437259 0.00428339 0.00427152 0.00492255 0.00368535 0.00354078 0.003773 0.00538361 0.00993397 0.0080947 0.0154837 0.00991488 0.0113011 0.0195603 0.00843599 0.00923546 0.0122676 0.015643 0.0119868 0.0114702 0.0265514 0.00927565
threshold=-0.018029238245390558 -0.011160667456190211 -0.021235458916594504 -0.00074497612948266065 -0.019023569473949963 0.0064218444095882838 0.0062967404429721437 0.00024355220049235616 -0.00019877727578554593 0.091230965689572424 0.010207319202456855 -0.0016069159324959279 -0.010984067254834674 -0.080707930499865202 0.014474544963295857 -0.015352620629421063 0.033562104290494325 -0.011578588620778069 -0.049733614613754633 -0.0098264259445525384 0.00021521933763124376 0.003418027268811677 -0.006663147360929325 0.0010191870693964937 0.017782150660304665 0.0070895711656174627 -0.0031025519283817728 -0.011390926170218316 0.00087258114661769193 0.0067380212424865875
decision_type=2 2 2 2 2 2 2 2 2 2 2 2 2 2 2 2 2 2 2 2 2 2 2 2 2 2 2 2 2 2
left_child=1 6 3 -3 5 -4 8 -8 -1 13 -6 -12 -10 -2 15 -15 17 18 -17 -20 21 -21 -19 26 29 -26 -24 -28 -29 -25
right_child=9 2 4 -5 10 -7 7 -9 12 -11 11 -13 -14 14 -16 16 -18 22 19 20 -22 -23 23 24 25 -27 27 28 -30 -31
leaf_value=-0.00028405805259906487 -0.00052322730317588568 0.00020561617100611331 0.00016050204195870233 0.0014496142371735049 0.00010095019117089093 -0.0012393042129198355 -0.0016130531342059839 5.1477075799201167e-05 -0.0002182224929790457 -0.00075731285753136038 0.0011242176458696261 0.00015126120325965951 0.00055834492891153787 0.00012726590412193451 0.00013467817445289682 -0.0017666471772827209 0.00059275745165799634 -0.00048432245288859119 0.00028841967967151584 -0.0022898577644290138 -8.8194138392127391e-05 -0.00010499080904992297 0.00045484063126384586 -0.00036006569419193762 0.0017445032315403558 -3.7154580356648444e-05 0.00013014260750977605 -0.00029214850885251031 -0.0024302181145139917 0.00057088224278737071
leaf_weight=51 34 25 39 21 129 21 20 39 22 20 26 26 50 268 344 21 43 100 46 21 47 20 47 66 28 22 46 53 20 45
leaf_count=51 34 25 39 21 129 21 20 39 22 20 26 26 50 268 344 21 43 100 46 21 47 20 47 66 28 22 46 53 20 45
internal_value=-3.85192e-13 8.60927e-05 0.000216033 0.000773528 0.000109623 -0.00032943 -0.000118814 -0.00051277 7.01576e-05 -3.12761e-05 0.000255166 0.000637739 0.00032106 -1.98515e-05 -6.01574e-06 -6.02136e-05 -0.000140605 -0.000194788 -0.000504285 -0.000306453 -0.000617409 -0.00122407 -8.24411e-05 4.04584e-05 0.000310274 0.000960574 -0.00022123 -0.000488249 -0.000877921 1.73456e-05
internal_weight=1760 469 287 46 241 60 182 59 123 1291 181 52 72 1271 1237 893 625 582 155 134 88 41 427 327 161 50 166 119 73 111
internal_count=1760 469 287 46 241 60 182 59 123 1291 181 52 72 1271 1237 893 625 582 155 134 88 41 427 327 161 50 166 119 73 111
is_linear=0
shrinkage=0.05


Tree=284
num_leaves=31
num_cat=0
split_feature=299 229 115 266 299 169 186 299 84 162 150 135 284 113 88 173 200 269 336 157 199 184 238 180 130 210 222 323 110 202
split_gain=0.00185576 0.00663861 0.0125329 0.0056469 0.00510041 0.00646975 0.00472657 0.00393487 0.00676495 0.00488655 0.00621939 0.00529929 0.00611696 0.00475405 0.00682742 0.00408988 0.00396612 0.00347909 0.00347498 0.00384759 0.00668279 0.00666713 0.0083419 0.00936078 0.00733549 0.00692587 0.00579834 0.00553406 0.00602857 0.00681435
threshold=0.042207240742662404 -0.00078338325773486428 -0.020935051043771476 -0.00042079975195852525 0.063239370940170972 0.00050382638313754152 -0.0010811452853498151 0.014609020523475061 -0.3613525901860441 -0.0023452945555148632 0.022476508924874457 -0.0046161808350588043 0.001887003503012061 0.0055359823476392907 -0.006574411668116331 0.012836356107764861 -0.010615198548457451 1.0000000180025095e-35 0.072143948997580906 0.0120221847025504 -0.047206530672770926 -0.0029692959308552057 0.055540999497930087 -0.033072604245590984 0.028711966496631634 -0.0041222465455806843 -0.002473549404721572 0.020179540921966801 -0.003699940706832877 0.00015129479249572365
decision_type=2 2 2 2 2 2 2 2 2 2 2 2 2 2 2 2 2 2 2 2 2 2 2 2 2 2 2 2 2 2
left_child=7 2 -2 6 5 -4 -3 18 -9 10 11 12 -10 16 -15 17 -11 -13 19 20 -1 24 23 -23 -21 -25 -27 -22 -29 -30
right_child=1 3 4 -5 -6 -7 -8 8 9 13 -12 15 -14 14 -16 -17 -18 -19 -20 21 27 22 -24 25 -26 26 -28 28 29 -31
leaf_value=-0.00094687704750824543 -0.0015075838942721022 -0.00071719045698132727 0.00020590402746165637 0.00070382423218688932 0.00035408935555096836 -0.00095507181727693281 0.00027513146161319517 0.00090957671886176942 0.0010829040652342056 0.00064327826385124354 -0.00068304471987565719 -0.00097096094337757689 1.8932887219956944e-05 0.00017524019781073246 0.0013066735191387124 0.00035961858137108558 -6.4407337943641802e-05 -0.0001303120977127037 -0.00054784302089002832 0.00022461793798191304 -0.0001066892830412483 -0.0011994107615984312 0.00074932842262919277 0.00044553473051730017 0.0011654199473559858 7.0364703788072802e-06 -0.00087023479648069629 -0.00010116167073716452 0.00015624737262206275 0.0010682328453350983
leaf_weight=21 21 21 21 32 32 28 28 28 22 26 35 20 35 30 24 22 83 32 31 121 686 21 26 44 25 48 31 79 54 33
leaf_count=21 21 21 21 32 32 28 28 28 22 26 35 20 35 30 24 22 83 32 31 121 686 21 26 44 25 48 31 79 54 33
internal_value=1.64341e-12 -0.000150718 -0.000419083 0.000187223 -0.000136879 -0.000457511 -0.000150149 1.74898e-05 0.000163494 9.99975e-05 -9.09495e-05 6.72438e-05 0.000429588 0.000294459 0.000678099 -0.000211859 0.000104398 -0.000453639 -2.52344e-05 -1.16088e-05 -6.57228e-05 0.00013789 -7.49476e-05 -0.000223775 0.000385714 -5.72033e-05 -0.000337209 -4.40042e-05 0.000215044 0.000502173
internal_weight=1760 183 102 81 81 49 49 1577 357 329 166 131 57 163 54 74 109 52 1220 1189 873 316 170 144 146 123 79 852 166 87
internal_count=1760 183 102 81 81 49 49 1577 357 329 166 131 57 163 54 74 109 52 1220 1189 873 316 170 144 146 123 79 852 166 87
is_linear=0
shrinkage=0.05


Tree=285
num_leaves=31
num_cat=0
split_feature=288 97 93 288 168 174 312 213 153 203 316 215 333 127 177 313 329 210 177 313 197 116 303 220 325 325 323 325 310 320
split_gain=0.00183512 0.0039724 0.00452336 0.00276649 0.00250029 0.00411962 0.00589463 0.00684504 0.00504171 0.00475282 0.00419113 0.00371324 0.00370326 0.00346807 0.00334747 0.0107912 0.00596458 0.00961144 0.00408903 0.0197176 0.00929008 0.0103959 0.00709827 0.00615399 0.00488737 0.0112625 0.018366 0.00937499 0.00726513 0.0109122
threshold=-0.064644606554257064 0.013868597472430555 0.0037566494272415381 -0.057254123988449819 -0.021660108899857543 0.0030466307394177092 -0.0005098918184661133 0.05730869166454209 0.0037055582170334128 -0.013183040514859251 -0.020472066075519626 0.0087666882531618664 -0.068204109679328884 -0.0057743580716550181 0.027731835192794988 0.031768042878496987 -0.0050419410785295885 -0.0091129441556144757 0.014923474937507626 0.029943096472766186 0.012630399616021144 0.01680167569374982 -0.071147961168459325 -0.0078701542571747041 -0.0012311161028990228 0.0020824909448522015 -0.0087560313540315203 -0.002728071372495517 -0.0017103045481778763 -0.023162085321334156
decision_type=2 2 2 2 2 2 2 2 2 2 2 2 2 2 2 2 2 2 2 2 2 2 2 2 2 2 2 2 2 2
left_child=1 2 -1 -2 5 6 8 -8 13 -7 -11 -9 -6 -5 18 16 17 -16 22 20 21 23 -14 -20 27 26 -26 -24 -27 -30
right_child=3 -3 -4 4 12 9 7 11 -10 10 -12 -13 14 -15 15 -17 -18 -19 19 -21 -22 -23 24 -25 25 28 -28 -29 29 -31
leaf_value=-0.00052580930743083038 -0.00058069910668391035 0.00072620009045244347 0.00050233908128575425 0.00072158558534945105 -0.00065997826554255732 -0.00058606410756885244 0.0011670647795654077 -0.00016711848498003005 -0.0006747002135463325 0.00067374029235149169 -9.6299867556211475e-05 0.00069742304698118703 -0.00073011186631805633 -9.3915114484843803e-05 -0.0012399488704977557 0.0012545279241056137 0.00031866065615464029 0.0001573072496285022 -0.00074628298287279912 -0.0014372082739525166 0.00056841221832049386 -0.0010781388164711339 -4.8600592336578816e-05 0.00026646811711998457 0.0016969738141467264 0.00024408607369248508 0.00013321166671199824 -0.0010622635919086557 0.00045503687281409468 -0.00035484861495286532
leaf_weight=23 21 27 20 22 23 34 32 27 21 24 67 23 33 32 20 21 74 32 20 30 45 30 460 60 28 195 57 24 54 181
leaf_count=23 21 27 20 22 23 34 32 27 21 24 67 23 33 32 20 21 74 32 20 30 45 30 460 60 28 195 57 24 54 181
internal_value=-2.67598e-12 0.000250865 -4.76008e-05 -1.03909e-05 -3.21504e-06 0.000132507 0.000303029 0.000596032 -1.73214e-05 -8.1668e-05 0.000106788 0.000230571 -3.08096e-05 0.000238326 -2.02004e-05 0.000205176 3.02837e-05 -0.000380099 -4.74234e-05 -0.000263889 -3.67948e-05 -0.000284379 -8.61898e-06 1.32803e-05 1.52141e-05 0.000122426 0.000648333 -9.88649e-05 1.84679e-05 -0.000168747
internal_weight=1760 70 43 1690 1669 282 157 82 75 125 91 50 1387 54 1364 147 126 52 1217 185 155 110 1032 80 999 515 85 484 430 235
internal_count=1760 70 43 1690 1669 282 157 82 75 125 91 50 1387 54 1364 147 126 52 1217 185 155 110 1032 80 999 515 85 484 430 235
is_linear=0
shrinkage=0.05


Tree=286
num_leaves=31
num_cat=0
split_feature=293 295 157 185 239 272 179 117 292 196 292 250 278 200 273 158 196 154 242 200 206 210 192 248 85 178 258 178 164 1
split_gain=0.00180885 0.00771388 0.00852201 0.00656636 0.0052035 0.00470196 0.00354238 0.00693328 0.0041079 0.0120943 0.00804693 0.00493045 0.00554326 0.00396569 0.00549961 0.00618254 0.00529422 0.00499376 0.00451681 0.0041417 0.00408059 0.00441191 0.0039306 0.00822176 0.00554054 0.00496469 0.00634376 0.0106627 0.0139761 0.00935808
threshold=0.03546838107389879 0.022589218270226974 0.027137099921686648 0.075952475439999834 -0.022265045996847845 -0.027522346650111572 0.041193115835382411 0.0042838986318196942 0.048128464622096225 -0.0064249995922738608 0.043487560512289844 -0.027509219592682987 0.032967683591028536 -0.014118604797314884 -0.0071102555341001654 -0.033303243722098023 -0.024415303368903411 -0.017010935865264615 -0.015408365331933285 -0.019946535081721169 -0.030518446661793475 -0.65450769546608367 -0.029880323050312716 0.002753605454766292 -0.44154602393764986 -0.005999407840632384 -0.0021087143210875956 -0.0093636657315827702 0.0027980531484402445 4.9089648320872419
decision_type=2 2 2 2 2 2 2 2 2 2 2 2 2 2 2 2 2 2 2 2 2 2 2 2 2 2 2 2 2 2
left_child=3 2 5 6 -3 -2 8 -8 10 -10 13 -11 -13 14 17 -16 -17 -1 -19 -18 -15 -22 23 -23 -24 26 29 -28 -29 -26
right_child=1 4 -4 -5 -6 -7 7 -9 9 11 -12 12 -14 20 15 16 19 18 -20 -21 21 22 24 -25 25 -27 27 28 -30 -31
leaf_value=-0.00059307611912064369 0.00063770689034993813 -0.0008139834594233738 0.0010800195378171088 -0.00092162575485417626 1.5895242234132729e-05 3.1736804048127928e-06 -0.00011249695511477988 0.00084035661776267392 -0.0010884614277581152 0.00070943859085673469 0.00099248361628269778 -0.0007002214716132065 0.00030386912495251406 0.0003990927249896745 0.0012009125808253886 -0.00044773365423845298 0.00013416359243838459 -0.00044068866942931591 0.00038138852715994951 0.00085878544425323732 -0.00081777731276815773 0.00012662753976077181 0.00073817631395782382 -0.0012740903499070557 -8.7783419157940529e-07 -0.0001569452791774303 6.6470078663712323e-05 0.0019245497640804389 0.00016646020488294129 -0.0011518881813182295
leaf_weight=34 38 30 29 20 51 126 42 35 35 20 20 28 27 46 20 22 49 24 55 33 20 22 22 20 111 555 159 20 26 21
leaf_count=34 38 30 29 20 51 126 42 35 35 20 20 28 27 46 20 22 49 24 55 33 20 22 22 20 111 555 159 20 26 21
internal_value=-1.18192e-12 0.000118045 0.000289914 -2.17661e-05 -0.000291467 0.0001502 -9.48974e-06 0.000320618 -2.77895e-05 -0.000320992 -2.57267e-06 3.71605e-05 -0.000207304 -1.83798e-05 0.000165896 0.000395823 0.000240998 -8.64137e-05 0.000131644 0.00042578 -6.11129e-05 -8.2803e-05 -6.74269e-05 -0.000540381 -4.56938e-05 -6.50269e-05 8.6352e-05 0.000260428 0.000930847 -0.000183993
internal_weight=1760 274 193 1486 81 164 1466 77 1389 110 1279 75 55 1259 237 124 104 113 79 82 1022 976 956 42 914 892 337 205 46 132
internal_count=1760 274 193 1486 81 164 1466 77 1389 110 1279 75 55 1259 237 124 104 113 79 82 1022 976 956 42 914 892 337 205 46 132
is_linear=0
shrinkage=0.05


Tree=287
num_leaves=31
num_cat=0
split_feature=0 4 153 71 160 102 153 312 330 265 187 102 237 138 125 239 323 304 321 86 85 310 175 172 304 264 247 286 293 215
split_gain=0.00176561 0.00255941 0.00193066 0.00562066 0.00550521 0.00494446 0.00704675 0.0046374 0.00427145 0.00580575 0.00558942 0.00456944 0.00695265 0.00436345 0.00402275 0.00478226 0.00522716 0.0039983 0.00575413 0.0107891 0.00915126 0.00605426 0.00576852 0.00866328 0.00569633 0.00543422 0.0079948 0.0063317 0.0051862 0.00519079
threshold=11.083556880738579 6.7833245593222182 -0.0084353538249717554 1.0000000180025095e-35 0.053592659760005996 -0.0020076198622364931 -0.011141695210365425 -0.072824451399648424 0.045290561716242538 -0.0077918454809563576 0.0054053370263667652 -0.039639373183642364 0.0067259078348082526 -0.0045288550780733542 0.020910330758257833 0.01293584155430246 -0.015634447599913209 0.0020670681427748124 0.00095807294427412777 -0.24419001008376071 0.20306578289346125 -0.013268547425546676 -0.001953545082455598 0.0079489463330854274 0.0010886172722327544 0.00025370115474609468 0.016396645496110442 -0.0086515870914025076 -0.014499992215299481 0.00082555189488041066
decision_type=2 2 2 2 2 2 2 2 2 2 2 2 2 2 2 2 2 2 2 2 2 2 2 2 2 2 2 2 2 2
left_child=1 2 4 7 5 8 14 -4 9 10 13 12 -11 -1 -7 16 -16 24 19 -19 21 22 23 -20 -9 28 27 -27 -23 -30
right_child=-2 -3 3 -5 -6 6 -8 17 -10 11 -12 -13 -14 -15 15 -17 -18 18 20 -21 -22 25 -24 -25 -26 26 -28 -29 29 -31
leaf_value=0.0014448028754850384 -0.00046711138915270565 0.00056772871175780892 -0.00065736081486102204 0.00064234814659308494 -0.00081764071025342369 3.6925139052677646e-05 -0.00082374559677095705 -3.058585028092334e-05 -0.00054089982270101166 -0.00090747405408584552 0.00010308065191731491 0.00021519388918260003 0.00013941865734523162 0.00043499159712708847 -0.00017244748222375555 0.00013293847264139914 -0.0012752966182729738 0.0013793271132661695 -0.0014023584236080447 0.00019936803720484023 -0.00087553592869379178 -0.0001266280739218928 0.00016706873191138491 2.2784682780342258e-06 -0.00087005151340452446 0.0001922617220703547 0.00081331186200259251 -0.00088086420306093978 0.00040944141410363959 0.0014071356843818319
leaf_weight=20 20 20 25 37 24 173 38 536 23 29 44 92 35 23 21 25 22 21 21 250 29 20 39 23 21 27 20 28 32 22
leaf_count=20 20 20 25 37 24 173 38 536 23 29 44 92 35 23 21 25 22 21 21 250 29 20 39 23 21 27 20 28 32 22
internal_value=-7.45372e-13 5.3691e-06 -1.16997e-06 3.60759e-05 -7.65126e-05 -4.38758e-05 -0.000190927 1.59393e-05 0.000110363 0.000172005 0.000499269 -1.05081e-05 -0.000334955 0.000904671 -9.11469e-05 -0.000416977 -0.000736696 3.13962e-05 0.000129428 0.000290804 -3.81315e-05 6.6544e-05 -0.00027568 -0.000668116 -6.22354e-05 0.000257179 -4.27586e-05 -0.000354057 0.00056117 0.000815909
internal_weight=1760 1740 1720 1151 569 545 279 1114 266 243 87 156 64 43 241 68 43 1089 532 271 261 232 83 44 557 149 75 55 74 54
internal_count=1760 1740 1720 1151 569 545 279 1114 266 243 87 156 64 43 241 68 43 1089 532 271 261 232 83 44 557 149 75 55 74 54
is_linear=0
shrinkage=0.05


Tree=288
num_leaves=31
num_cat=0
split_feature=201 201 302 168 52 56 93 222 1 116 316 138 201 166 202 235 140 314 185 297 262 334 111 218 109 142 104 1 189 61
split_gain=0.00173746 0.00696131 0.0106546 0.00801787 0.00492256 0.00470338 0.00488252 0.00650407 0.00434758 0.00536838 0.0042472 0.00455029 0.00400422 0.00472174 0.00786329 0.00734488 0.00528496 0.00600747 0.00766781 0.00765392 0.00530223 0.00498206 0.00585962 0.00476518 0.00477634 0.00466929 0.00449866 0.00912076 0.00655962 0.00547152
threshold=-0.00046416254276424176 0.00096906510722529848 -0.0089848135221891473 0.0017375804640290696 1.2424533248940004 1.0000000180025095e-35 0.077936103640372414 -0.01803904678898335 7.6534920966593791 0.098534599532728334 -0.044660647793221132 -0.012474894447734152 -0.0015226057188895907 -0.011291770803279633 0.02769803109930891 0.070859519659127942 0.026955739296961601 -0.0056407131266465009 -0.0034113998683288882 -0.020178708429545323 0.01945210164105941 0.0066255951391577831 -0.012567173643619577 0.022753944069689332 0.036051602606968873 0.0085701842989953318 -0.010048128504097413 4.816232960488728 0.0013393358426683135 0.89587973461402759
decision_type=2 2 2 2 2 2 2 2 2 2 2 2 2 2 2 2 2 2 2 2 2 2 2 2 2 2 2 2 2 2
left_child=10 2 -2 -4 5 6 8 -8 9 -3 11 -1 13 26 15 16 17 21 20 -20 -19 22 -15 24 25 -21 28 -28 -12 -30
right_child=1 4 3 -5 -6 -7 7 -9 -10 -11 12 -13 -14 14 -16 -17 -18 18 19 23 -22 -23 -24 -25 -26 -27 27 -29 29 -31
leaf_value=-0.00010109423892572522 -0.0014012220538659123 3.5812799314182526e-05 -0.00064114623581355617 0.00054595152195543051 0.00077003640559269125 -0.00067283119230220718 -0.0011493179858440446 -2.0172675431240351e-06 0.00075864378886763011 -0.00075770087238528178 0.00024503051699280006 0.00066950746629615583 0.00050824428654801192 0.0010420391279624779 -0.00081693911654130919 -0.00077685337473667462 0.00045171936839449644 -0.00016066729158410454 -0.0013775815807457548 0.0004856800359180745 0.00077938834074302581 -0.00016530558052741423 0.00014987875714838979 -0.0010047531365125907 -0.00069630375364795329 -0.00042520656024862551 0.00017839458240713512 0.0012985316928409573 -6.4736339621818988e-05 -0.0011647577513940633
leaf_weight=30 23 684 33 25 20 27 21 30 20 22 62 53 39 26 36 32 58 40 20 34 24 65 63 20 27 24 135 21 26 20
leaf_count=30 23 684 33 25 20 27 21 30 20 22 62 53 39 26 36 32 58 40 20 34 24 65 63 20 27 24 135 21 26 20
internal_value=-7.41497e-13 -4.82869e-05 -0.000490582 -0.000129466 -4.80886e-06 -2.40836e-05 -1.54026e-06 -0.000474435 3.16796e-05 1.10857e-05 5.11107e-05 0.000390977 1.45707e-05 -1.16957e-05 -0.000106906 -4.78734e-05 1.02996e-05 -6.43428e-05 -0.000253228 -0.00048111 0.000191854 0.000167471 0.00041051 -0.000310353 -0.000146965 0.000108761 0.000157447 0.000329182 -9.06149e-05 -0.000543007
internal_weight=1760 905 81 58 824 804 777 51 726 706 855 83 772 733 469 433 401 343 189 125 64 154 89 105 85 58 264 156 108 46
internal_count=1760 905 81 58 824 804 777 51 726 706 855 83 772 733 469 433 401 343 189 125 64 154 89 105 85 58 264 156 108 46
is_linear=0
shrinkage=0.05


Tree=289
num_leaves=31
num_cat=0
split_feature=288 318 11 329 213 318 11 125 125 134 116 255 241 255 316 202 317 271 90 266 267 187 128 162 160 95 265 278 275 252
split_gain=0.00172087 0.00236261 0.00370917 0.00376472 0.00514939 0.00275429 0.0081289 0.00296562 0.00871175 0.0222164 0.0141263 0.00467796 0.00643292 0.0158981 0.00707414 0.00845681 0.00834311 0.00778195 0.00628949 0.00564617 0.00559726 0.00499436 0.00485962 0.00453531 0.00451789 0.00470232 0.00438863 0.0068949 0.00662798 0.0068439
threshold=0.10306606575297055 -0.048103135983161814 2.0507330246913589 -0.011489226669687552 0.020665129620273726 -0.03834040563415763 2.671510458567981 -0.0034167347256339026 -0.0065565923922853387 0.0027671129039121053 -0.00049115502941807568 0.00044212573148191483 0.00093373842125109654 -0.0029480027892138825 0.018514361490385427 0.011511831775092787 0.0041906242382031061 0.00026711242700465544 -0.048275201545372896 0.018923279443937343 -0.021400994420932132 -0.014197964205017755 0.025813085660802097 -0.00013858820409497406 -0.044602749679165811 0.10364374921075774 0.0020766009855790212 -0.020732497693326111 -0.036897081172208822 -0.037418090176975775
decision_type=2 2 2 2 2 2 2 2 2 2 2 2 2 2 2 2 2 2 2 2 2 2 2 2 2 2 2 2 2 2
left_child=1 2 -1 -4 -5 6 -3 8 26 10 -10 12 14 20 15 16 17 -9 19 -13 -14 -22 23 -23 -20 -26 27 -7 -29 -30
right_child=-2 5 3 4 -6 7 -8 11 9 -11 -12 18 13 -15 -16 -17 -18 -19 24 -21 21 22 -24 -25 25 -27 -28 28 29 -31
leaf_value=-0.00041157232160912829 -0.00042049088976151938 -0.0011378513818878369 7.584490565338401e-06 0.0012055192548194266 0.00023456390614834768 0.00049988707451548717 6.6967976454179731e-05 0.00036368405100149228 0.0010091249140466308 -0.0016645164477361912 -0.00082691881194477904 -0.0011284700826460418 -0.00034601929435280692 0.001728499882738106 0.00048508544059586714 0.00041092610779395772 -0.0010203720936739333 -0.00072886371324005139 -0.00066474314105463518 -1.9527518386232924e-05 0.00088607343536245434 0.00071806687510220604 -0.00043874593836295867 -9.903292684612098e-06 9.9030512429107019e-05 -0.00060878719203174116 -0.00015438690863886912 -0.00076348410188479144 0.00094857812513510003 -2.6651208073371639e-05
leaf_weight=20 24 21 49 22 36 85 42 39 22 29 20 24 33 20 53 42 38 28 23 22 36 46 23 40 382 25 290 27 20 179
leaf_count=20 24 21 49 22 36 85 42 39 22 29 20 24 33 20 53 42 38 28 23 22 36 46 23 40 382 25 290 27 20 179
internal_value=-6.121e-13 5.81324e-06 0.000213432 0.000330256 0.000602857 -1.05744e-05 -0.000334638 2.63136e-06 -7.63445e-05 -0.000600121 0.000134818 6.33542e-05 0.000189858 0.000391888 -1.01511e-05 -0.000188706 -0.000428559 -9.29031e-05 -4.24202e-05 -0.000598106 0.000241707 0.000375465 0.000206824 0.000379476 1.70253e-05 5.55528e-05 -1.44673e-05 0.000116004 -2.83764e-05 7.13618e-05
internal_weight=1760 1736 127 107 58 1609 63 1546 672 71 42 874 398 198 200 147 105 67 476 46 178 145 109 86 430 407 601 311 226 199
internal_count=1760 1736 127 107 58 1609 63 1546 672 71 42 874 398 198 200 147 105 67 476 46 178 145 109 86 430 407 601 311 226 199
is_linear=0
shrinkage=0.05


Tree=290
num_leaves=31
num_cat=0
split_feature=2 52 202 0 83 239 190 282 61 177 299 238 11 279 239 213 299 291 109 220 253 103 169 169 212 120 120 289 319 204
split_gain=0.00163793 0.00232199 0.00658039 0.00330635 0.00260543 0.00496613 0.00489745 0.00480754 0.00475589 0.00418676 0.00246487 0.00721349 0.00529087 0.00784447 0.00519361 0.0040384 0.00390833 0.0061337 0.0037342 0.00586499 0.00351178 0.00335163 0.00314127 0.00724589 0.00535278 0.00421236 0.00913593 0.00733647 0.0115625 0.0129528
threshold=6.0390628155997765 1.2424533248940004 0.0013714242114363005 11.049372965548891 0.25404108749354853 -0.0090828735722864266 0.0072822055089587666 -0.003134382444532284 3.3842466058243152 0.0030834435502529061 0.040154328370159802 -0.033116747939257653 2.4377289377289384 0.0087857204151459267 0.030158196056959383 0.0035491410509699496 0.019418603124314621 -0.047373344643081107 -0.032157940317820023 0.0083699536674656395 0.027978989886747154 -0.047317752994285568 -0.0011359390219254359 -0.0023054184700292968 -0.22132201800771836 -0.023840488902964946 -0.015614493438697731 0.0027191851816849686 -0.0059969442731266321 -0.0023864142367600745
decision_type=2 2 2 2 2 2 2 2 2 2 2 2 2 2 2 2 2 2 2 2 2 2 2 2 2 2 2 2 2 2
left_child=1 3 -3 4 8 7 9 -6 10 -7 16 -12 13 -13 15 -14 22 -18 19 -19 21 -20 23 25 -24 -1 -27 -28 29 -29
right_child=-2 2 -4 -5 5 6 -8 -9 -10 -11 11 12 14 -15 -16 -17 17 18 20 -21 -22 -23 24 -25 -26 26 27 28 -30 -31
leaf_value=0.00018022955789829412 -0.00039391168158125274 0.0009075444717891514 -0.00027812423835381529 -0.00058642741641961042 0.0010790602620825386 -8.6694492776400584e-05 -0.0006452162658957684 0.00011753744530813913 -0.00074370938527863479 0.00080309592161938777 -0.0010704650799743833 1.5202880458673464e-05 0.00091458164776364961 -0.0012631803729163948 -0.00046196375112450718 0.0001199447405554959 0.0010494596904027276 -2.6063074271761531e-06 -0.00033216762072815103 0.0011681292887078599 -0.00052747960225678987 0.00026505502467715788 0.00081189914591326979 -0.00081041645744870251 3.3196222481627947e-05 -0.0010674223648384214 0.00015381287485495557 -7.0713414526027123e-05 6.7644271115094179e-05 -0.001370448269952293
leaf_weight=137 26 25 22 24 26 39 23 26 22 20 20 30 21 20 29 67 20 23 31 20 25 97 23 34 545 25 171 36 92 41
leaf_count=137 26 25 22 24 26 39 23 26 22 20 20 30 21 20 29 67 20 23 31 20 25 97 23 34 545 25 171 36 92 41
internal_value=6.63699e-13 5.9064e-06 0.000352551 -3.75114e-06 4.6579e-06 0.000216063 -2.6331e-05 0.000598299 -1.38694e-05 0.000214929 -3.2148e-06 -0.000173108 -6.56405e-05 -0.00049615 0.000118338 0.000309574 2.08534e-05 0.000215361 0.000130249 0.000541922 1.455e-05 0.000120415 -1.72024e-05 -0.000104024 6.47282e-05 -5.61811e-05 -0.000144916 -7.70847e-05 -0.000310715 -0.00076278
internal_weight=1760 1734 47 1687 1663 134 82 52 1529 59 1507 187 167 50 117 88 1320 216 196 43 153 128 1104 536 568 502 365 340 169 77
internal_count=1760 1734 47 1687 1663 134 82 52 1529 59 1507 187 167 50 117 88 1320 216 196 43 153 128 1104 536 568 502 365 340 169 77
is_linear=0
shrinkage=0.05


Tree=291
num_leaves=31
num_cat=0
split_feature=92 92 87 283 278 267 324 167 270 270 232 61 138 281 317 281 92 334 156 202 91 229 111 216 96 326 299 334 11 102
split_gain=0.00162801 0.0048801 0.00824872 0.00779477 0.00426961 0.00487755 0.00637169 0.00965947 0.00880135 0.00542706 0.00590171 0.00507529 0.00385737 0.00369003 0.00594603 0.00454693 0.00357653 0.00361426 0.00418473 0.00541079 0.0055274 0.00525224 0.00591176 0.0051308 0.00576433 0.014162 0.00694667 0.00619464 0.0119881 0.00566992
threshold=0.032265871462138454 0.048302921429693911 -0.07140027927722313 -0.0043121802283667392 -0.067004141634154107 -0.020852299492243383 0.028964553023628492 0.0037414328028013374 0.00049488337512690989 0.00071509605256782132 -0.028214896034279197 3.1984648276080736 0.0027316656463430167 -0.05627047451167997 -0.018787482161800605 -0.048343219487769359 0.028645617286458761 0.064344819393349864 -0.010363142278111135 0.0029856056944874052 -0.021468893837128331 0.030204047574352959 -0.032508768907566266 0.087177524256547081 0.059110153719174864 -0.0061474451136008549 0.0089961998468230508 -0.023913546261063384 2.5907301360057269 0.0028142472642785879
decision_type=2 2 2 2 2 2 2 2 2 2 2 2 2 2 2 2 2 2 2 2 2 2 2 2 2 2 2 2 2 2
left_child=13 2 -2 -4 -3 6 7 8 -6 11 -11 -7 -5 14 -1 -15 17 18 19 21 -21 22 -17 24 26 -26 27 28 -20 -29
right_child=1 4 3 12 5 9 -8 -9 -10 10 -12 -13 -14 15 -16 16 -18 -19 23 20 -22 -23 -24 -25 25 -27 -28 29 -30 -31
leaf_value=0.0010157999608574235 0.001263900910548511 0.00054749404818005244 -0.00034917857759865002 0.0010425810999246702 -0.00041810965236800261 -2.3527577435960132e-05 0.00031728688386622176 2.4327188039023896e-05 -0.0018253424399881626 0.0010653041154173911 0.00015498034933101673 -0.0008364023968831382 0.00010237835754196568 -0.00063509486918161264 4.2342448326845411e-05 0.00089667894368176352 -0.00052239379133302343 -0.00058257092542979608 -0.0016472915865597315 -6.4064883680453494e-05 0.00058858565739683399 -0.00055491720260574656 -2.6715471036508319e-05 0.00054034985057569427 -0.0016585847247188213 1.8189724890843909e-05 0.00017504982682625594 8.7656679708659354e-05 2.6494577025954169e-05 -0.00031429962112402855
leaf_weight=21 21 33 40 24 25 151 29 40 20 21 117 22 20 33 62 20 37 28 20 49 96 39 130 32 20 34 202 173 23 178
leaf_count=21 21 33 40 24 25 151 29 40 20 21 117 22 20 33 62 20 37 28 20 49 96 39 130 32 20 34 202 173 23 178
internal_value=-1.03489e-12 7.0119e-05 0.000377565 0.000155981 -3.65303e-07 -4.2905e-05 -0.000322677 -0.000541018 -0.00104355 5.96481e-05 0.000293508 -0.000126899 0.000615216 -3.29799e-05 0.000288639 -5.69426e-05 -3.92931e-05 -2.21718e-05 -6.72768e-06 0.000138275 0.000368035 -3.79958e-05 9.64038e-05 -7.77407e-05 -0.00010817 -0.000602838 -6.33509e-05 -0.000185577 -0.000752011 -0.000116184
internal_weight=1760 563 105 84 458 425 114 85 45 311 138 173 44 1197 83 1114 1081 1044 1016 334 145 189 150 682 650 54 596 394 43 351
internal_count=1760 563 105 84 458 425 114 85 45 311 138 173 44 1197 83 1114 1081 1044 1016 334 145 189 150 682 650 54 596 394 43 351
is_linear=0
shrinkage=0.05


Tree=292
num_leaves=31
num_cat=0
split_feature=322 322 111 252 205 290 139 237 207 110 92 273 108 298 303 241 134 238 109 300 300 220 320 335 267 96 110 178 309 296
split_gain=0.00161268 0.00832629 0.0100402 0.0044628 0.00719802 0.00600977 0.0074038 0.00447738 0.00428886 0.00427058 0.005119 0.00510828 0.00424577 0.00563141 0.00427429 0.00375808 0.00616249 0.00398024 0.00446356 0.00946622 0.00902183 0.0064846 0.00916687 0.00991382 0.0061023 0.0077451 0.00705478 0.00903474 0.0127581 0.00628596
threshold=-0.0085364366785426193 -0.010474047682142922 0.0040927345637638427 -0.019184600945167454 0.043119475581648817 -0.017782392424302167 -0.0014193554781213628 -0.10228237110321796 -0.0018219525109359417 -0.054273136500885513 -0.0093040014793299777 -0.050081678832150062 -0.05740405106409037 0.011546259262569336 0.051337860274029735 -0.059047848074282906 0.011279235438820773 0.11985380098801525 -0.021578736520159816 0.018613161288392428 0.010033854143473952 0.0083699536674656395 -0.005306656303229457 0.0046309568683012862 0.001598473282967414 0.059110153719174864 -0.0090393147823963089 -0.0038182432499741371 0.0071085145021403699 0.032031410328111971
decision_type=2 2 2 2 2 2 2 2 2 2 2 2 2 2 2 2 2 2 2 2 2 2 2 2 2 2 2 2 2 2
left_child=1 3 -3 5 7 6 -1 -5 -7 10 -9 -11 13 -13 -14 16 -2 18 19 20 21 22 -17 -24 26 -26 27 28 -20 -28
right_child=15 2 -4 4 -6 8 -8 9 -10 11 -12 12 14 -15 -16 17 -18 -19 24 -21 -22 -23 23 -25 25 -27 29 -29 -30 -31
leaf_value=9.4233439917193863e-05 2.5802502738467109e-05 -0.0011111077623074661 9.4418638693769615e-05 0.0006949653133051471 -0.00096291243627836761 -0.00031485964417091362 0.0014384360483381898 -5.5424069952485824e-05 0.0003103693656385076 -0.00064538897748771609 -0.0010746184519534424 7.4870340904453775e-05 2.4111768508862305e-05 0.0010859934307518415 -0.00067625732614639373 9.5699022795299753e-05 0.00085328103014035159 -0.00064155017943172106 0.0020476245073950852 0.00035815944937684648 -0.0012941328956830231 0.00020223505715089775 -0.00023613967331281556 -0.0015443116438128917 -5.5154044542553661e-06 -0.0010184860299341382 -2.1806877518688516e-05 0.00017650607679527077 0.00036789258531196261 0.00062652035981753014
leaf_weight=21 60 39 31 20 22 48 20 28 64 29 22 40 236 21 24 43 36 23 20 65 22 59 30 28 334 20 221 63 26 45
leaf_count=21 60 39 31 20 22 48 20 28 64 29 22 40 236 21 24 43 36 23 20 65 22 59 30 28 334 20 221 63 26 45
internal_value=-6.09284e-13 -6.14164e-05 -0.000577232 -7.32186e-07 -8.12979e-05 0.000232013 0.000749942 -3.5118e-05 4.24141e-05 -7.16222e-05 -0.00050387 -9.87258e-06 4.75417e-05 0.000422962 -4.05377e-05 3.72985e-05 0.000336107 8.58419e-06 2.3905e-05 -0.000159792 -0.000344774 -0.000214237 -0.000457523 -0.000867671 8.61451e-05 -6.27454e-05 0.000226698 0.000565482 0.00109821 8.78725e-05
internal_weight=1760 665 70 595 442 153 41 420 112 400 50 350 321 61 260 1095 96 999 976 247 182 160 101 58 729 354 375 109 46 266
internal_count=1760 665 70 595 442 153 41 420 112 400 50 350 321 61 260 1095 96 999 976 247 182 160 101 58 729 354 375 109 46 266
is_linear=0
shrinkage=0.05


Tree=293
num_leaves=31
num_cat=0
split_feature=264 132 164 312 283 276 296 90 82 334 111 142 160 327 296 177 198 215 286 181 188 168 334 89 235 264 239 211 332 159
split_gain=0.00161025 0.00451165 0.00642673 0.00707137 0.00515174 0.00395998 0.00383633 0.00254116 0.00557398 0.00553709 0.00561297 0.00762115 0.00494794 0.00533933 0.0117435 0.0175325 0.00816559 0.00591745 0.0152071 0.00502026 0.00626244 0.0055747 0.00485373 0.00564585 0.00713429 0.00514327 0.00901564 0.0118889 0.0044732 0.00593841
threshold=0.045920205273742777 0.010358553706734192 0.010410955395920414 0.0038437093658196387 -0.017544110936050548 0.020019039254727259 0.022162775402337621 -0.016634837042630649 -0.42868524353684639 0.064344819393349864 -0.080346814624747923 0.0013191840751786441 0.00016802169617871778 0.0016619548876336424 -0.0043469876988272765 -0.0060265840922345418 0.0017020062009206591 0.0076163118515351416 -0.00029443807106761989 0.01577048166251455 -0.012191299645052469 0.0041997490183585283 0.037881168804723094 -0.038531162318733971 -0.0055088755661786126 0.025000483692906837 0.0033006764824611711 -0.012087463660558755 -0.010951091134565922 -0.0030727311683946758
decision_type=2 2 2 2 2 2 2 2 2 2 2 2 2 2 2 2 2 2 2 2 2 2 2 2 2 2 2 2 2 2
left_child=7 2 4 -4 -2 -6 -3 8 -1 10 11 -9 19 17 16 -16 -15 -14 -19 20 -10 -21 25 -24 -25 28 -27 -28 29 -12
right_child=1 6 3 -5 5 -7 -8 9 12 -11 22 -13 13 14 15 -17 -18 18 -20 21 -22 -23 23 24 -26 26 27 -29 -30 -31
leaf_value=0.00065632546109937768 -0.00029621117901115215 0.00018350102182012053 -0.0011302896484570132 -2.0122021782099626e-06 0.00023166536460242547 0.0011399578127020504 0.0010836446979374159 4.6967810374640282e-05 -0.00086348634821560057 -0.00086526234434651484 -0.00012999237537898362 -0.0013168221000523775 0.00020852194360011946 -0.00081701676055039886 0.0020775689931941173 0.00029347709867579399 0.00037662205541341551 0.00036399068190230872 -0.0013473737023305147 0.00069669855856773215 -0.00012128494825446978 -0.00033723156864818356 -8.59936966749263e-05 9.3135980853770419e-05 0.0013385008152513563 9.2189677690674392e-05 -8.3375851648849106e-05 -0.0017091934926018284 -9.6464945613289864e-05 0.00035891478811390698
leaf_weight=38 24 29 21 41 30 20 20 21 36 21 106 20 92 23 21 40 38 27 25 32 135 22 42 23 23 44 22 23 551 150
leaf_count=38 24 29 21 41 30 20 20 21 36 21 106 20 92 23 21 40 38 27 25 32 135 22 42 23 23 44 22 23 551 150
internal_value=1.12465e-12 0.000139545 -8.66569e-06 -0.000384171 0.000305947 0.000594982 0.000550907 -1.6391e-05 7.29156e-05 -6.15566e-05 -4.50905e-05 -0.000618296 2.77637e-05 0.000173743 0.000417117 0.000907673 -7.34385e-05 -3.24484e-05 -0.000458781 -0.000144817 -0.000277538 0.000275468 -2.12069e-05 0.000333135 0.000715818 -5.60084e-05 -0.000416735 -0.000914349 -1.62257e-05 0.000156477
internal_weight=1760 185 136 62 74 50 49 1575 529 1046 1025 41 491 266 122 61 61 144 52 225 171 54 984 88 46 896 89 45 807 256
internal_count=1760 185 136 62 74 50 49 1575 529 1046 1025 41 491 266 122 61 61 144 52 225 171 54 984 88 46 896 89 45 807 256
is_linear=0
shrinkage=0.05


Tree=294
num_leaves=31
num_cat=0
split_feature=81 252 262 242 335 304 258 318 283 87 108 170 159 296 296 266 222 321 162 119 130 128 240 258 280 186 320 284 135 256
split_gain=0.00166682 0.00278224 0.00265766 0.00258166 0.00314902 0.00248115 0.00348707 0.00241014 0.00323431 0.00521095 0.00723553 0.00889593 0.0135391 0.00412121 0.00860663 0.00670898 0.0134751 0.00710414 0.0122245 0.00956388 0.00701502 0.0056202 0.00696741 0.00652143 0.00857306 0.0187874 0.00763974 0.00762133 0.00661142 0.00576076
threshold=-0.28423783439989442 0.11205154342222676 -0.018200520787193423 -0.089584838475445253 -0.00083033780647432862 0.014183403931181006 0.035189054692466269 -0.048103135983161814 0.034588930963867164 0.028245723158343412 0.04637982593261436 -0.0007300795963715278 0.00674682645902871 -0.0043469876988272765 -0.0028937995929182647 -0.00365627874688425 0.015883686238005273 -0.0018523260639586282 -0.016548615608742146 0.0047601665226294299 -0.020965818309795319 -0.0064095635688855681 -0.031833857856123325 0.0022349462185017755 0.0080803401385561024 0.0013603105342275322 -0.0092101166155307331 0.00144107070025392 -0.0046161808350588043 -0.030781960433312442
decision_type=2 2 2 2 2 2 2 2 2 2 2 2 2 2 2 2 2 2 2 2 2 2 2 2 2 2 2 2 2 2
left_child=1 3 -2 4 -1 6 -4 -5 13 10 11 12 -10 15 -15 16 17 20 -19 -20 -9 22 -16 24 28 -26 27 -25 -24 -23
right_child=2 -3 5 7 -6 -7 -8 8 9 -11 -12 -13 -14 14 21 -17 -18 18 19 -21 -22 29 23 26 25 -27 -28 -29 -30 -31
leaf_value=0.00062412716905652955 0.00050996840925505147 -0.00048529130534359047 5.9682000142597003e-05 0.00020472068940183489 -6.7886919714510449e-05 0.000337523792273095 -0.00067493782096010244 0.00096240522439724639 -0.0021405201283050701 2.1424550030370364e-05 0.00030343168676457333 -0.00019036627588568742 -0.00030074229245656168 0.00096596745111478071 0.00066405103955185043 7.0574049221520786e-05 -0.0013580049158513753 -0.0015535691244440387 0.0001628816936090516 -0.00087481563746490902 -7.9543937047544343e-05 0.00060038355091126595 0.00038205210699798596 -0.0011100176003916811 -0.0019440352329984309 5.9381857069886544e-05 0.00030578852901449322 0.00015005242788295923 -0.0005853293040050439 7.6626264002813501e-05
leaf_weight=35 39 31 70 110 31 47 21 21 20 115 24 44 20 26 25 235 27 20 64 34 70 63 33 24 25 22 87 24 38 315
leaf_count=35 39 31 70 110 31 47 21 21 20 115 24 44 20 26 25 235 27 20 64 34 70 63 33 24 25 22 87 24 38 315
internal_value=3.34911e-13 -1.62706e-05 0.000145517 -6.90232e-06 0.00029909 4.25193e-05 -0.000109846 -2.04928e-05 -3.84968e-05 -0.000212804 -0.000462213 -0.000680969 -0.00122063 -4.78443e-06 7.37728e-05 -0.000118534 -0.000306841 -0.000171044 -0.00042704 -0.000197136 0.000160906 3.84114e-05 -0.000132243 -0.000210928 -0.000482451 -0.00100627 2.64032e-05 -0.000479983 -0.000135701 0.000163919
internal_weight=1760 1583 177 1552 66 138 91 1486 1376 223 108 84 40 1153 682 471 236 209 118 98 91 656 278 253 118 47 135 48 71 378
internal_count=1760 1583 177 1552 66 138 91 1486 1376 223 108 84 40 1153 682 471 236 209 118 98 91 656 278 253 118 47 135 48 71 378
is_linear=0
shrinkage=0.05


Tree=295
num_leaves=31
num_cat=0
split_feature=164 210 197 197 266 305 262 286 222 129 291 191 99 335 164 169 132 223 241 159 154 179 99 116 292 245 330 139 246 152
split_gain=0.00159949 0.00332738 0.00315034 0.00453995 0.00785193 0.00409489 0.00428753 0.00662996 0.00805725 0.00712878 0.00698033 0.00735054 0.0109425 0.00617537 0.0104387 0.0128882 0.0127872 0.00982102 0.00523857 0.00684971 0.00538651 0.00522937 0.0062889 0.00516708 0.00474775 0.00637124 0.00472865 0.00601658 0.0050697 0.00453172
threshold=-0.018453708358810796 0.012598781488241747 0.056250267250493653 0.034886454745180491 -0.013341892127279041 0.07145383403221757 0.0014970763044547791 0.00045659183382180886 0.033002716399289915 -0.039116277895261946 0.011192132638671587 -0.002367497231255043 -0.020549891125118909 -0.001295823734603869 -0.0013357154353114485 0.011577158901335339 -0.020176391077480659 -0.0013087686228290976 0.0027299375417391535 -0.012116448120725648 -0.014788213430584809 0.0080315110304823422 -0.011356500387802044 0.051365442605080032 0.0062122730663664687 0.0045587958467607857 0.022947488648499242 -0.0021034167655446562 0.0084004892094364427 -0.017026401428810529
decision_type=2 2 2 2 2 2 2 2 2 2 2 2 2 2 2 2 2 2 2 2 2 2 2 2 2 2 2 2 2 2
left_child=1 -1 3 5 -5 6 7 8 23 -9 21 12 -12 18 15 16 -15 -18 20 -20 -8 26 -23 -2 -22 -26 27 -11 -29 -16
right_child=2 -3 -4 4 -6 -7 13 9 -10 10 11 -13 -14 14 29 -17 17 -19 19 -21 24 22 -24 -25 25 -27 -28 28 -30 -31
leaf_value=3.7302242125425811e-05 9.5787130502273358e-05 0.00050043785218308176 -0.00054029995018058325 0.0011899414513858834 1.0424022912047804e-05 -0.00071027472996237602 -0.00025294348895494337 -0.00078064120228672816 0.001194282179058064 -0.00033688210706237615 -5.8563769907777893e-05 1.9840539807417231e-05 -0.0017125328094698489 -0.0020323261063562577 -0.00050868578451458192 0.00024392574705416338 -2.6279201077105592e-05 -0.0012567877296298263 -0.00077600455859080995 3.507339292326001e-05 0.00015235490423652371 0.0011639111490997797 0.00013520925119966986 0.00079588433316154096 0.001472443351885886 0.00030399725422155046 -0.00059026253250616225 5.8715378078264425e-05 0.00095479012988680223 6.9868982012300174e-05
leaf_weight=327 289 44 29 21 43 22 42 34 20 42 20 51 20 21 43 30 34 31 36 94 74 24 39 29 20 28 29 38 27 159
leaf_count=327 289 44 29 21 43 22 42 34 20 42 20 51 20 21 43 30 34 31 36 94 74 24 39 29 20 28 29 38 27 159
internal_value=7.62115e-13 9.22294e-05 -2.46343e-05 -1.36385e-05 0.000397453 -3.39394e-05 -2.22601e-05 6.59332e-05 0.000220854 -9.5682e-05 -1.53765e-05 -0.000378133 -0.000885548 -0.000117659 -0.000270375 -0.000648405 -0.000959683 -0.000613137 4.75244e-05 -0.000189533 0.000235436 0.000150507 0.000527096 0.000159632 0.000403566 0.00079085 -2.39422e-05 0.000129546 0.000430931 -5.32887e-05
internal_weight=1760 371 1389 1360 64 1296 1274 662 338 324 290 91 40 612 318 116 86 65 294 130 164 199 63 318 122 48 136 107 65 202
internal_count=1760 371 1389 1360 64 1296 1274 662 338 324 290 91 40 612 318 116 86 65 294 130 164 199 63 318 122 48 136 107 65 202
is_linear=0
shrinkage=0.05


Tree=296
num_leaves=31
num_cat=0
split_feature=2 52 202 210 280 228 204 228 99 1 251 61 201 312 201 306 1 299 198 314 79 195 87 237 193 324 116 208 241 234
split_gain=0.00153338 0.00205013 0.00539598 0.00261988 0.0086944 0.0127729 0.00617348 0.00917487 0.00499019 0.00428776 0.00272212 0.00409586 0.00260106 0.0054016 0.0039451 0.00364291 0.00530044 0.0120531 0.010679 0.00919678 0.00849757 0.00655773 0.00656819 0.00591179 0.00414775 0.00746825 0.00356698 0.00490138 0.0044655 0.00355951
threshold=6.0390628155997765 1.2424533248940004 0.0013714242114363005 0.016463211512967219 -0.015352620629421063 0.020188386416864601 0.0026147034382421491 -0.0076989793971317649 -0.16214088259799933 7.6534920966593791 -0.10484175010389062 3.0677824455408698 -0.00046416254276424176 -0.072824451399648424 -0.0019059774988452486 -0.012588035438054613 4.7317931335534196 -0.0028626889770953135 -0.0028250919000839324 -0.00087916589705763109 1.0000000180025095e-35 -0.036488301029571943 -0.11389174959035511 0.0031461944684889952 -0.018140550391695501 -0.00047844058884474169 -0.027818360114241329 -0.0052576524920899788 -0.030106345496574319 0.070919385174179519
decision_type=2 2 2 2 2 2 2 2 2 2 2 2 2 2 2 2 2 2 2 2 2 2 2 2 2 2 2 2 2 2
left_child=1 3 -3 8 -5 6 7 -6 -1 10 -10 12 14 -14 29 -15 20 -18 -19 -20 21 -17 23 -23 25 -24 27 -26 -28 -12
right_child=-2 2 -4 4 5 -7 -8 -9 9 -11 11 -13 13 15 -16 16 17 18 19 -21 -22 22 24 -25 26 -27 28 -29 -30 -31
leaf_value=0.00079956370296713436 -0.00038113285571363614 0.00083400630485266447 -0.00023966821979477324 0.00069171261645599533 -0.001116007351083681 -0.0012776438358317441 0.00049923029631221047 0.00022758522536605599 0.00052280975918013917 0.00069764445890376176 6.3059058809217906e-05 -0.00070730561967052169 -0.00085921989229973414 0.00012168104114243762 0.00058229769713112297 0.00067043003225041075 0.00090820767325471702 -0.0011412365833253022 -0.00043785700103259073 0.00093471562874543931 -0.0011586021269481123 -0.0011948709944182814 -0.0012148916959466244 -0.00010793434263508641 -0.0009824693284463139 -9.8687104315452407e-05 -0.00032576363944422665 -3.845661631203257e-05 0.00025270315744671469 -0.00048546209056381018
leaf_weight=20 26 25 22 22 24 30 30 27 24 22 644 21 21 225 35 23 38 21 26 23 22 29 22 22 20 47 45 44 129 31
leaf_count=20 26 25 22 22 24 30 30 27 24 22 644 21 21 225 35 23 38 21 26 23 22 29 22 22 20 47 45 44 129 31
internal_value=-1.76401e-12 5.71479e-06 0.000331435 -3.35981e-06 -0.000216347 -0.000396322 -6.9907e-05 -0.000404694 1.48688e-05 4.63809e-06 -5.44534e-06 -1.39656e-05 -4.04047e-06 -6.85185e-05 6.47058e-05 -4.59577e-05 -0.000119771 0.000191297 -0.000197883 0.000206412 -0.000203135 -0.000147963 -0.000200542 -0.000725996 -0.000113251 -0.000454578 -1.42947e-05 -0.000333461 0.0001031 3.78677e-05
internal_weight=1760 1734 47 1687 133 111 81 51 1554 1534 1512 1488 1467 757 710 736 511 108 70 49 403 381 358 51 307 69 238 64 174 675
internal_count=1760 1734 47 1687 133 111 81 51 1554 1534 1512 1488 1467 757 710 736 511 108 70 49 403 381 358 51 307 69 238 64 174 675
is_linear=0
shrinkage=0.05


Tree=297
num_leaves=31
num_cat=0
split_feature=179 147 162 284 85 211 295 162 256 314 173 315 295 139 183 302 106 193 186 4 299 301 301 180 294 104 180 1 296 319
split_gain=0.00153116 0.00211698 0.00209315 0.00562391 0.00693171 0.0182313 0.00424879 0.00565814 0.00457428 0.00488978 0.00321088 0.00592366 0.00639053 0.0031206 0.00290267 0.00293549 0.00671979 0.0032923 0.00306379 0.00618341 0.00564132 0.00992206 0.00789078 0.00666726 0.00664059 0.00697284 0.00886057 0.00550329 0.0154593 0.0100953
threshold=0.065790290258035747 0.090259153281461141 -0.014886930119441699 0.072484560489230729 0.17314716373893921 -0.0099844677394170019 0.0042254158505879271 -0.019754597652793238 0.030641946227731694 -0.021934794487747412 1.0000000180025095e-35 0.0085649216745553956 0.022085860352682025 -0.0080077492339592545 0.062895919745886902 -0.066622561134420832 0.015644915393735713 -0.055723301849001323 -0.0043134620561494676 6.7833245593222182 0.042776757596757552 -0.0042632117569421212 -0.010348535892776959 0.0036976335783906172 0.013573169596143004 0.0028549934661686884 0.00038858527304073352 5.1386965958682636 0.013110685805336917 0.0079201598109784541
decision_type=2 2 2 2 2 2 2 2 2 2 2 2 2 2 2 2 2 2 2 2 2 2 2 2 2 2 2 2 2 2
left_child=1 2 3 4 6 -6 7 8 9 -1 11 12 -8 -11 15 16 -4 -17 20 27 21 22 23 -19 25 -23 -27 -20 29 -29
right_child=-2 -3 14 -5 5 -7 10 -9 -10 13 -12 -13 -14 -15 -16 17 -18 18 19 -21 -22 24 -24 -25 -26 26 -28 28 -30 -31
leaf_value=-0.00085290634815464732 0.00032740470731368993 0.00038398733792265006 -0.0010620287626807114 0.00070696964561648204 0.00025188722470193171 -0.0016576331693213436 0.00013179236039680595 -0.0008225351619544467 0.00032009568240027876 -0.00047670214126507442 0.00032381335975300961 0.00040654611613276896 -0.00099964641110720826 0.00017877310842184511 0.00058681281397267337 0.00065757858625147502 0.00023409868546877988 -0.00015880963505134624 0.00010321242795095468 0.0009375698753865436 -0.00067904061050189503 -0.00013580208843520198 0.00095113066132398679 0.00050000732879783814 0.00016421013563060872 -0.00043039321033397647 -0.0016565185270535398 -0.00028108331496978154 -0.0015368654084159062 0.00099067723262123773
leaf_weight=28 35 34 20 20 25 25 24 34 44 30 85 33 26 46 22 20 20 110 639 20 38 65 30 59 53 41 23 71 20 20
leaf_count=28 35 34 20 20 25 25 24 34 44 30 85 33 26 46 22 20 20 110 639 20 38 65 30 59 53 41 23 71 20 20
internal_value=-1.99391e-12 -6.643e-06 -1.44972e-05 -0.000111268 -0.00015218 -0.000702873 -7.351e-05 -0.000240884 -0.000107261 -0.000288066 0.000107812 -0.000113395 -0.000456556 -7.99671e-05 1.74807e-05 7.45247e-06 -0.000413965 2.13951e-05 1.0694e-05 6.99006e-05 -9.81105e-05 -4.017e-05 0.000203846 7.11916e-05 -0.000306978 -0.000500567 -0.000871032 4.67628e-05 -0.000278204 -1.5755e-06
internal_weight=1760 1725 1691 420 400 50 350 182 148 104 168 83 50 76 1271 1249 40 1209 1189 770 419 381 199 169 182 129 64 750 111 91
internal_count=1760 1725 1691 420 400 50 350 182 148 104 168 83 50 76 1271 1249 40 1209 1189 770 419 381 199 169 182 129 64 750 111 91
is_linear=0
shrinkage=0.05


Tree=298
num_leaves=31
num_cat=0
split_feature=92 92 87 283 138 278 267 324 167 270 270 232 61 281 115 281 126 186 253 89 309 92 256 124 278 288 275 335 222 215
split_gain=0.00149358 0.00419864 0.00732054 0.00663013 0.00342969 0.00332109 0.00439089 0.00546692 0.00805599 0.00762326 0.00429249 0.00492556 0.00392717 0.00315757 0.00507383 0.00393536 0.00304408 0.00446586 0.00441689 0.0050437 0.00534497 0.00509405 0.00594316 0.00303491 0.00617334 0.00932839 0.00532206 0.0057506 0.0141259 0.00702894
threshold=0.032265871462138454 0.048302921429693911 -0.07140027927722313 -0.0043121802283667392 0.0027316656463430167 -0.067004141634154107 -0.020852299492243383 0.028964553023628492 0.0037414328028013374 0.00049488337512690989 0.00071509605256782132 -0.028214896034279197 3.1984648276080736 -0.05627047451167997 -0.019153238347335528 -0.048343219487769359 -0.050822208568290748 0.011114656036975933 0.079784645450420022 0.11869068490902131 -0.0085609461982932653 0.028645617286458761 0.084104900360102666 -0.0019156345079732815 -0.037646469003172728 0.0038298144473944665 0.067593041654654226 0.0040381375067985925 0.01511232013528588 0.023047853469662916
decision_type=2 2 2 2 2 2 2 2 2 2 2 2 2 2 2 2 2 2 2 2 2 2 2 2 2 2 2 2 2 2
left_child=13 2 -2 -4 -5 -3 7 8 9 -7 12 -12 -8 14 -1 -15 17 -17 19 21 -21 22 23 24 25 -18 27 29 -29 -26
right_child=1 5 3 4 -6 6 10 -9 -10 -11 11 -13 -14 15 -16 16 18 -19 -20 20 -22 -23 -24 -25 26 -27 -28 28 -30 -31
leaf_value=0.00095975413692940504 0.0011873162994604737 0.00048497003180355853 -0.00032230564124802186 0.00097010665825412925 8.3557180769275877e-05 -0.00038028003612998874 -1.3407178575173792e-05 0.00029160510830165704 1.2865112512372435e-05 -0.0016899488941999154 0.00097463645187893973 0.00014299728169585912 -0.00072845182201655755 -0.00059162308883087744 4.5658012511142135e-05 1.0072140470252966e-05 -0.0011821885805819994 0.00076366310105575918 -0.00070627929168180217 0.00099121873613710167 4.6904724064894932e-05 -0.00075328173169745486 -0.00078608725196789716 -0.00011664161534167135 0.00016696720196730011 0.00017679906881572346 -0.00059400994389513723 0.00023689709405246476 0.0016913340748578776 -0.00069692839913061894
leaf_weight=20 21 33 40 24 20 25 151 29 40 20 21 117 22 33 63 66 23 28 26 23 43 27 27 471 148 28 22 101 20 28
leaf_count=20 21 33 40 24 20 25 151 29 40 20 21 117 22 33 63 66 23 28 26 23 43 27 27 471 148 28 22 101 20 28
internal_value=-1.32533e-12 6.71615e-05 0.000352334 0.000143589 0.00056713 1.78342e-06 -3.57346e-05 -0.000301183 -0.000503428 -0.000962355 6.15679e-05 0.000269551 -0.000104338 -3.15889e-05 0.000265922 -5.37554e-05 -3.73357e-05 0.000234546 -6.32292e-05 -4.58314e-05 0.000375984 -7.69373e-05 -5.5899e-05 -3.24565e-05 7.47088e-05 -0.000436078 0.000156371 0.000211954 0.0004773 2.95293e-05
internal_weight=1760 563 105 84 44 458 425 114 85 45 311 138 173 1197 83 1114 1081 94 987 961 66 895 868 841 370 51 319 297 121 176
internal_count=1760 563 105 84 44 458 425 114 85 45 311 138 173 1197 83 1114 1081 94 987 961 66 895 868 841 370 51 319 297 121 176
is_linear=0
shrinkage=0.05


Tree=299
num_leaves=31
num_cat=0
split_feature=81 261 218 252 127 127 127 299 329 303 248 317 276 246 228 317 166 257 257 275 309 172 127 251 239 221 207 327 149 115
split_gain=0.00154027 0.00258728 0.00388571 0.00242125 0.00209002 0.00751692 0.00564806 0.00939046 0.0204388 0.00941933 0.00798357 0.00547637 0.00710687 0.00617962 0.00557639 0.00673913 0.00671702 0.00774006 0.0122121 0.00730892 0.00915105 0.00379093 0.00619396 0.00389806 0.00491016 0.00488071 0.00499417 0.00471577 0.00661244 0.00436475
threshold=-0.28423783439989442 0.049388921327413828 0.011600547002838727 0.11205154342222676 0.0083582810682398222 0.009447035417770944 0.0038571047535844584 0.00064731191467565024 -0.0014472048795640864 0.0017233204118109026 -0.0015619960607207227 -0.037575635379875953 0.02237253180487905 0.0040942406190067138 0.022574137808537034 -0.02986808885725455 0.0015404105164915933 -0.015484698902925866 -0.0037208417885564969 0.015284904837912465 0.0044446857431145277 -0.029267661761786874 -0.017445675208145345 -0.00075291824918693464 0.0082057063596773262 0.03504254839585761 -0.0027121658948607457 -0.018717227031704295 -0.014037422120419463 -0.022795869761319549
decision_type=2 2 2 2 2 2 2 2 2 2 2 2 2 2 2 2 2 2 2 2 2 2 2 2 2 2 2 2 2 2
left_child=3 2 -2 4 6 -6 11 9 -9 10 -8 12 13 -1 15 -13 19 -18 -19 20 -16 22 -17 24 -23 26 -26 28 -25 -29
right_child=1 -3 -4 -5 5 -7 7 8 -10 -11 -12 14 -14 -15 16 21 17 18 -20 -21 -22 23 -24 27 25 -27 -28 29 -30 -31
leaf_value=0.0004390661942447731 0.00011672997812882983 -0.00035477060389340573 0.00086386295908596382 -0.00045317759567913002 0.00095088672102935131 2.9869469852071361e-05 -0.0011618561890645652 -0.0021372333430917934 -2.8363132150843741e-05 0.00081438564577737183 0.00025090413568250373 0.0010152596175612416 -0.00097440442077640916 -0.00057635643541539925 -6.3701306517498617e-05 -0.00068884689290395109 0.00033224844512005805 -0.0018205812002997847 -0.0003356667068955075 -0.000604904524432361 0.0012116409764117138 0.00013956092070469006 0.00030161400969114363 -0.0008786420736578293 -0.00010349466174375266 0.00020764909519736344 -0.0011494201063178479 0.00076537244735221728 0.00034111183276399975 0.00023296222072623926
leaf_weight=31 134 23 20 31 23 602 20 20 27 23 20 20 32 29 39 38 20 20 45 26 22 145 27 20 21 24 25 51 25 157
leaf_count=31 134 23 20 31 23 602 20 20 27 23 20 20 32 29 39 38 20 20 45 26 22 145 27 20 21 24 25 51 25 157
internal_value=-1.52126e-12 0.000139883 0.00021376 -1.56408e-05 -6.90132e-06 6.37629e-05 -5.45444e-05 -0.000390897 -0.000925755 8.12427e-06 -0.000455476 -9.25829e-06 -0.000372655 -5.17214e-05 3.68555e-05 0.000114191 -0.000211787 -0.000527902 -0.000792563 9.70601e-05 0.000396258 8.03798e-05 -0.000277425 0.000130075 -2.64604e-05 -0.000370362 -0.000671932 0.000263099 -0.000201001 0.000363505
internal_weight=1760 177 154 1583 1552 625 927 110 47 63 40 817 92 60 725 553 172 85 65 87 61 533 65 468 215 70 46 253 45 208
internal_count=1760 177 154 1583 1552 625 927 110 47 63 40 817 92 60 725 553 172 85 65 87 61 533 65 468 215 70 46 253 45 208
is_linear=0
shrinkage=0.05


end of trees

feature_importances:
Column_288=79
Column_246=70
Column_185=63
Column_237=63
Column_309=57
Column_297=56
Column_325=56
Column_215=55
Column_277=55
Column_116=54
Column_129=54
Column_113=53
Column_115=52
Column_273=52
Column_278=52
Column_292=52
Column_0=51
Column_186=51
Column_197=50
Column_334=50
Column_138=49
Column_202=49
Column_120=48
Column_140=48
Column_153=48
Column_227=48
Column_253=48
Column_324=48
Column_189=47
Column_203=47
Column_231=47
Column_285=47
Column_160=46
Column_220=46
Column_221=46
Column_276=46
Column_283=46
Column_300=46
Column_304=46
Column_323=46
Column_82=45
Column_85=45
Column_156=45
Column_168=45
Column_194=45
Column_303=45
Column_312=45
Column_96=44
Column_175=44
Column_251=44
Column_257=44
Column_298=44
Column_184=43
Column_250=43
Column_321=43
Column_102=42
Column_131=42
Column_166=42
Column_241=42
Column_274=42
Column_290=42
Column_330=42
Column_331=42
Column_332=42
Column_93=41
Column_169=41
Column_244=41
Column_266=41
Column_289=41
Column_2=40
Column_174=40
Column_299=40
Column_1=39
Column_199=39
Column_238=39
Column_275=39
Column_286=39
Column_328=39
Column_86=38
Column_94=38
Column_110=38
Column_119=38
Column_127=38
Column_137=38
Column_262=38
Column_279=38
Column_287=38
Column_295=38
Column_316=38
Column_320=38
Column_9=37
Column_87=37
Column_88=37
Column_165=37
Column_187=37
Column_190=37
Column_205=37
Column_313=37
Column_84=36
Column_196=36
Column_259=36
Column_280=36
Column_296=36
Column_301=36
Column_326=36
Column_144=35
Column_149=35
Column_154=35
Column_232=35
Column_234=35
Column_270=35
Column_317=35
Column_333=35
Column_81=34
Column_118=34
Column_134=34
Column_150=34
Column_172=34
Column_236=34
Column_247=34
Column_293=34
Column_315=34
Column_318=34
Column_122=33
Column_143=33
Column_152=33
Column_161=33
Column_198=33
Column_214=33
Column_233=33
Column_239=33
Column_240=33
Column_264=33
Column_265=33
Column_101=32
Column_104=32
Column_146=32
Column_164=32
Column_177=32
Column_179=32
Column_261=32
Column_294=32
Column_302=32
Column_329=32
Column_90=31
Column_103=31
Column_183=31
Column_191=31
Column_224=31
Column_243=31
Column_252=31
Column_269=31
Column_111=30
Column_112=30
Column_123=30
Column_128=30
Column_139=30
Column_145=30
Column_162=30
Column_171=30
Column_207=30
Column_218=30
Column_245=30
Column_256=30
Column_271=30
Column_180=29
Column_188=29
Column_306=29
Column_335=29
Column_95=28
Column_117=28
Column_142=28
Column_192=28
Column_210=28
Column_254=28
Column_310=28
Column_336=28
Column_124=27
Column_125=27
Column_151=27
Column_228=27
Column_263=27
Column_327=27
Column_157=26
Column_159=26
Column_178=26
Column_193=26
Column_222=26
Column_226=26
Column_242=26
Column_258=26
Column_268=26
Column_282=26
Column_307=26
Column_314=26
Column_61=25
Column_109=25
Column_135=25
Column_176=25
Column_201=25
Column_217=25
Column_267=25
Column_272=25
Column_319=25
Column_322=25
Column_19=24
Column_97=24
Column_108=24
Column_155=24
Column_158=24
Column_167=24
Column_173=24
Column_208=24
Column_211=24
Column_213=24
Column_235=24
Column_89=23
Column_126=23
Column_141=23
Column_206=23
Column_255=23
Column_260=23
Column_284=23
Column_311=23
Column_92=22
Column_130=22
Column_133=22
Column_204=22
Column_291=22
Column_305=22
Column_7=21
Column_83=21
Column_98=21
Column_99=21
Column_132=21
Column_136=21
Column_148=21
Column_181=21
Column_229=21
Column_106=20
Column_147=20
Column_195=20
Column_216=20
Column_249=20
Column_4=19
Column_223=19
Column_105=18
Column_114=18
Column_219=18
Column_230=18
Column_11=17
Column_163=17
Column_182=17
Column_200=17
Column_209=17
Column_281=17
Column_47=16
Column_308=16
Column_52=15
Column_100=15
Column_107=15
Column_225=15
Column_248=15
Column_91=13
Column_8=12
Column_10=11
Column_121=11
Column_53=10
Column_56=10
Column_67=10
Column_68=10
Column_71=10
Column_170=10
Column_212=10
Column_5=7
Column_6=4
Column_50=3
Column_49=1
Column_54=1
Column_65=1
Column_79=1

parameters:
[boosting: gbdt]
[objective: regression]
[metric: l2]
[tree_learner: serial]
[device_type: cpu]
[data_sample_strategy: bagging]
[data: ]
[valid: ]
[num_iterations: 300]
[learning_rate: 0.05]
[num_leaves: 31]
[num_threads: 4]
[seed: 42]
[deterministic: 1]
[force_col_wise: 1]
[force_row_wise: 0]
[histogram_pool_size: -1]
[max_depth: -1]
[min_data_in_leaf: 20]
[min_sum_hessian_in_leaf: 0.001]
[bagging_fraction: 1]
[pos_bagging_fraction: 1]
[neg_bagging_fraction: 1]
[bagging_freq: 0]
[bagging_seed: 400]
[bagging_by_query: 0]
[feature_fraction: 1]
[feature_fraction_bynode: 1]
[feature_fraction_seed: 30056]
[extra_trees: 0]
[extra_seed: 12879]
[early_stopping_round: 0]
[early_stopping_min_delta: 0]
[first_metric_only: 0]
[max_delta_step: 0]
[lambda_l1: 0]
[lambda_l2: 0]
[linear_lambda: 0]
[min_gain_to_split: 0]
[drop_rate: 0.1]
[max_drop: 50]
[skip_drop: 0.5]
[xgboost_dart_mode: 0]
[uniform_drop: 0]
[drop_seed: 17869]
[top_rate: 0.2]
[other_rate: 0.1]
[min_data_per_group: 100]
[max_cat_threshold: 32]
[cat_l2: 10]
[cat_smooth: 10]
[max_cat_to_onehot: 4]
[top_k: 20]
[monotone_constraints: ]
[monotone_constraints_method: basic]
[monotone_penalty: 0]
[feature_contri: ]
[forcedsplits_filename: ]
[refit_decay_rate: 0.9]
[cegb_tradeoff: 1]
[cegb_penalty_split: 0]
[cegb_penalty_feature_lazy: ]
[cegb_penalty_feature_coupled: ]
[path_smooth: 0]
[interaction_constraints: ]
[verbosity: -1]
[saved_feature_importance_type: 0]
[use_quantized_grad: 0]
[num_grad_quant_bins: 4]
[quant_train_renew_leaf: 0]
[stochastic_rounding: 1]
[linear_tree: 0]
[max_bin: 255]
[max_bin_by_feature: ]
[min_data_in_bin: 3]
[bin_construct_sample_cnt: 200000]
[data_random_seed: 175]
[is_enable_sparse: 1]
[enable_bundle: 1]
[use_missing: 1]
[zero_as_missing: 0]
[feature_pre_filter: 1]
[pre_partition: 0]
[two_round: 0]
[header: 0]
[label_column: ]
[weight_column: ]
[group_column: ]
[ignore_column: ]
[categorical_feature: ]
[forcedbins_filename: ]
[precise_float_parser: 0]
[parser_config_file: ]
[objective_seed: 16083]
[num_class: 1]
[is_unbalance: 0]
[scale_pos_weight: 1]
[sigmoid: 1]
[boost_from_average: 1]
[reg_sqrt: 0]
[alpha: 0.9]
[fair_c: 1]
[poisson_max_delta_step: 0.7]
[tweedie_variance_power: 1.5]
[lambdarank_truncation_level: 30]
[lambdarank_norm: 1]
[label_gain: ]
[lambdarank_position_bias_regularization: 0]
[eval_at: ]
[multi_error_top_k: 1]
[auc_mu_weights: ]
[num_machines: 1]
[local_listen_port: 12400]
[time_out: 120]
[machine_list_filename: ]
[machines: ]
[gpu_platform_id: -1]
[gpu_device_id: -1]
[gpu_device_id_list: ]
[gpu_use_dp: 0]
[num_gpu: 1]

end of parameters

pandas_categorical:null
