tree
version=v4
num_class=1
num_tree_per_iteration=1
label_index=0
max_feature_idx=336
objective=regression
feature_names=Column_0 Column_1 Column_2 Column_3 Column_4 Column_5 Column_6 Column_7 Column_8 Column_9 Column_10 Column_11 Column_12 Column_13 Column_14 Column_15 Column_16 Column_17 Column_18 Column_19 Column_20 Column_21 Column_22 Column_23 Column_24 Column_25 Column_26 Column_27 Column_28 Column_29 Column_30 Column_31 Column_32 Column_33 Column_34 Column_35 Column_36 Column_37 Column_38 Column_39 Column_40 Column_41 Column_42 Column_43 Column_44 Column_45 Column_46 Column_47 Column_48 Column_49 Column_50 Column_51 Column_52 Column_53 Column_54 Column_55 Column_56 Column_57 Column_58 Column_59 Column_60 Column_61 Column_62 Column_63 Column_64 Column_65 Column_66 Column_67 Column_68 Column_69 Column_70 Column_71 Column_72 Column_73 Column_74 Column_75 Column_76 Column_77 Column_78 Column_79 Column_80 Column_81 Column_82 Column_83 Column_84 Column_85 Column_86 Column_87 Column_88 Column_89 Column_90 Column_91 Column_92 Column_93 Column_94 Column_95 Column_96 Column_97 Column_98 Column_99 Column_100 Column_101 Column_102 Column_103 Column_104 Column_105 Column_106 Column_107 Column_108 Column_109 Column_110 Column_111 Column_112 Column_113 Column_114 Column_115 Column_116 Column_117 Column_118 Column_119 Column_120 Column_121 Column_122 Column_123 Column_124 Column_125 Column_126 Column_127 Column_128 Column_129 Column_130 Column_131 Column_132 Column_133 Column_134 Column_135 Column_136 Column_137 Column_138 Column_139 Column_140 Column_141 Column_142 Column_143 Column_144 Column_145 Column_146 Column_147 Column_148 Column_149 Column_150 Column_151 Column_152 Column_153 Column_154 Column_155 Column_156 Column_157 Column_158 Column_159 Column_160 Column_161 Column_162 Column_163 Column_164 Column_165 Column_166 Column_167 Column_168 Column_169 Column_170 Column_171 Column_172 Column_173 Column_174 Column_175 Column_176 Column_177 Column_178 Column_179 Column_180 Column_181 Column_182 Column_183 Column_184 Column_185 Column_186 Column_187 Column_188 Column_189 Column_190 Column_191 Column_192 Column_193 Column_194 Column_195 Column_196 Column_197 Column_198 Column_199 Column_200 Column_201 Column_202 Column_203 Column_204 Column_205 Column_206 Column_207 Column_208 Column_209 Column_210 Column_211 Column_212 Column_213 Column_214 Column_215 Column_216 Column_217 Column_218 Column_219 Column_220 Column_221 Column_222 Column_223 Column_224 Column_225 Column_226 Column_227 Column_228 Column_229 Column_230 Column_231 Column_232 Column_233 Column_234 Column_235 Column_236 Column_237 Column_238 Column_239 Column_240 Column_241 Column_242 Column_243 Column_244 Column_245 Column_246 Column_247 Column_248 Column_249 Column_250 Column_251 Column_252 Column_253 Column_254 Column_255 Column_256 Column_257 Column_258 Column_259 Column_260 Column_261 Column_262 Column_263 Column_264 Column_265 Column_266 Column_267 Column_268 Column_269 Column_270 Column_271 Column_272 Column_273 Column_274 Column_275 Column_276 Column_277 Column_278 Column_279 Column_280 Column_281 Column_282 Column_283 Column_284 Column_285 Column_286 Column_287 Column_288 Column_289 Column_290 Column_291 Column_292 Column_293 Column_294 Column_295 Column_296 Column_297 Column_298 Column_299 Column_300 Column_301 Column_302 Column_303 Column_304 Column_305 Column_306 Column_307 Column_308 Column_309 Column_310 Column_311 Column_312 Column_313 Column_314 Column_315 Column_316 Column_317 Column_318 Column_319 Column_320 Column_321 Column_322 Column_323 Column_324 Column_325 Column_326 Column_327 Column_328 Column_329 Column_330 Column_331 Column_332 Column_333 Column_334 Column_335 Column_336
feature_infos=[2.6390573296152584:11.151467672855061] [1.6094379124341003:9.2677598628436684] [0.69314718055994529:6.692083742506628] none [0.69314718055994529:7.2093402566029097] [0:6.7912214627261855] [0:0.70930232558139539] [0:0.87128712871287128] [0:0.89473684210526316] [0:0.36781609195402298] [0:0.59999999999999998] [1.076086956521739:6.3571428571428568] [0:1] [0:1] [0:1] [0.00018571428571428572:0.99521428571428572] [0.06964623588996019:1.2435523125873147] none none [3:94] [0:1] [0:1] none none none none none none none none none none none none none none none none none none none none none none none none none [0:2.7080502011022101] none [0:2.3978952727983707] [0:4.219507705176107] [0:3.2580965380214821] [0:3.912023005428146] [0:1.9459101490553132] [0:1.9459101490553132] [0:2.4849066497880004] [0:3.0910424533583161] none none none none [0:7.6463537224459994] [0:1.6094379124341003] [0:2.8332133440562162] none [0:2.1972245773362196] none [0:4.5643481914678361] [0:3.0910424533583161] [0:1.0986122886681098] none [0:2.4849066497880004] [0:2.7725887222397811] [0:1.6094379124341003] none none none [0:3.4011973816621555] none [0:0.69314718055994529] [0:1.6094379124341003] [-0.83718011123231773:-0.096126464043361434] [-0.48768947341389235:0.65292774413704657] [-0.47465585475165384:0.44308320932525574] [-0.5633914865669124:0.48659167805718295] [-0.46425387854847094:0.40480475189761039] [-0.50947907324942732:0.37720831011682493] [-0.64064944999282747:0.22381868527659973] [-0.36665502801998384:0.38434868017919682] [-0.2868233118747423:0.5660099507391505] [-0.53840450666518858:0.46777429984411401] [-0.39552677813117976:0.25710451740523815] [-0.38106001024828035:0.41888882966754265] [-0.68702685043348566:0.14644660200273663] [-0.41854130986994925:0.2712536966192825] [-0.38953509441468015:0.28052180390621495] [-0.71381912188145769:0.20389781296247814] [-0.26961497078111873:0.56828893082118437] [-0.57287956940492324:0.23088470673663225] [-0.21161347590589974:0.27159748376358933] [-0.24743244048901814:0.24978295209923609] [-0.26737125090496883:0.51503209900233349] [-0.27694347255475138:0.25335980387158741] [-0.27888111746340244:0.24598388548329761] [-0.24362891767062017:0.20936602224500767] [-0.17296369727773417:0.23382208252318945] [-0.25252572776984528:0.2507244858093946] [-0.26393804542164928:0.24024573894563947] [-0.18226181652875584:0.28203433453792076] [-0.26889675527464557:0.19252414270207688] [-0.24186993356330827:0.20585442307067126] [-0.2304815901224975:0.23195786540122046] [-0.20736991814750119:0.16522226111450369] [-0.35990674637440784:0.33025588550692564] [-0.11406060543001521:0.44862105959583909] [-0.15411617040777795:0.18477967799909653] [-0.16282139910569315:0.15986384057212674] [-0.21906647444211874:0.18251823701834738] [-0.25333871893487214:0.33827069278414357] [-0.28479668941699032:0.2502599760735475] [-0.24110872859270058:0.16795878455553614] [-0.16856034725961952:0.18072679352592472] [-0.16171896580087461:0.16843523415122155] [-0.19842551719403065:0.17800629399241766] [-0.3678877701850391:0.19798066235064399] [-0.22146471431919618:0.19638134497825016] [-0.23313289982233723:0.21059044956059603] [-0.19483256481867586:0.17927482717788448] [-0.20294134058433452:0.20768142757041047] [-0.1845309584276901:0.15029511642329771] [-0.13362430601749017:0.26231557500423586] [-0.24778944206793618:0.33322839646146879] [-0.14235461977476971:0.15005904666569886] [-0.21947296631454252:0.15020216914881768] [-0.22911431583211123:0.30066212628613181] [-0.2460366072028366:0.20895996091666391] [-0.19063629510096503:0.21162293557957981] [-0.20599408812757442:0.17633876662606263] [-0.23340582900372867:0.20088096246649556] [-0.28505342007403367:0.19137919299526054] [-0.18270320492440245:0.18932849492282128] [-0.19813797637881866:0.2063778455519005] [-0.17242671776818796:0.18764558110023999] [-0.15941406935317973:0.23748543014593884] [-0.29572835535836722:0.14310190147903151] [-0.19042316444043417:0.17843939977593171] [-0.23325105703864815:0.1819678721089443] [-0.16734325182526105:0.20562950144659906] [-0.18380853936758101:0.30168843457069255] [-0.1388325216566052:0.18755532088413088] [-0.1846647666411233:0.23504146677792026] [-0.17135313392730492:0.18083241820422782] [-0.14648585027260244:0.16224420367064665] [-0.22663775416636389:0.16275794739923438] [-0.15609958479664915:0.17724748656111936] [-0.16841227193605174:0.15758666390654094] [-0.13843599827652048:0.19762142041552605] [-0.17682979783167219:0.24703355548507105] [-0.13384972206396428:0.21413643077076544] [-0.13571910804974166:0.20436035480835615] [-0.17225228479171409:0.10482638720454188] [-0.25614624434432132:0.13742514969070183] [-0.15468421960406714:0.15336275013970133] [-0.14352966315557653:0.15349079028729967] [-0.14779021897368719:0.15289836828485134] [-0.17633287701762834:0.13015895065404595] [-0.13187331959104343:0.1387169462874889] [-0.13371685420710885:0.12417156557745984] [-0.12930332650344412:0.14985726061633417] [-0.20496075444712233:0.13364859415812316] [-0.27247174692434206:0.15168523566312239] [-0.1391290126691955:0.10833741970440472] [-0.18924864245028852:0.14530298956576343] [-0.14063993148864032:0.13331194807536156] [-0.18899693698528017:0.11220064445469906] [-0.15052233571678594:0.11352685174425238] [-0.155961046175568:0.10960664825555663] [-0.17003784584306547:0.19539754027129261] [-0.17360219559593937:0.14139704133577069] [-0.13338674171643275:0.16599792994218707] [-0.18894116914263329:0.28078958325401171] [-0.13502322115321092:0.11653621180497643] [-0.1101842551162406:0.19431945395372568] [-0.11957196781663734:0.13144134497620491] [-0.16161328534474914:0.14715815789871103] [-0.132709274418392:0.16959700475933931] [-0.26627542946400395:0.17617585900598567] [-0.12034222991595213:0.21148615559081702] [-0.22296158028680657:0.18911189037235948] [-0.1269989028780148:0.1721374326279734] [-0.15358952725024044:0.1946115839461168] [-0.14390945718834669:0.12935150779968146] [-0.14499538976441878:0.23492051972655126] [-0.16093554680653235:0.13338215203772338] [-0.12829888425840444:0.13090896100773092] [-0.12700676774331854:0.14113313565559271] [-0.12401818534264235:0.16990371568066073] [-0.13436897122834179:0.15945102644318554] [-0.21299078077598491:0.16282522867969712] [-0.17918598117542267:0.17395095100701918] [-0.14596247772993184:0.14495911333875039] [-0.19315253066119253:0.10275897540829478] [-0.16265433849942834:0.20942567168730389] [-0.12730478377072191:0.14594409823810506] [-0.189010911509679:0.14993132914545468] [-0.15164302346234335:0.14488773810952435] [-0.14261574877139616:0.15223572980981076] [-0.18858389607841622:0.16968776814090789] [-0.12736251894781231:0.14364145765130942] [-0.016591501578839939:0.89352733093374903] [-0.73764436538032474:0.025504154146733411] [-0.26080794133088187:0.74458704616705196] [-0.24695489922389896:0.65511200728171481] [-0.4312982103783411:0.39504610365154164] [-0.14877649010973418:0.44951258096508157] [-0.16216456683975169:0.6967115555494664] [-0.61747928246984074:0.24482180563233999] [-0.33945036493120667:0.40972419291029982] [-0.35493429560288381:0.47285551191571101] [-0.13609676841870688:0.36983873977796028] [-0.31089308293396134:0.3374490523721107] [-0.16974723959573484:0.38321333064413016] [-0.70407974924786587:0.27008321191640705] [-0.18511560505461702:0.45969130065952363] [-0.27300774021692736:0.51375964820720788] [-0.25282963091957877:0.2920512300771349] [-0.33815651665825225:0.36679480755197341] [-0.24745747812034671:0.38768984357788483] [-0.35114005682997068:0.25709768435093511] [-0.38529733634886831:0.16112857809962625] [-0.30458481258427117:0.33857957959557849] [-0.31587303388611188:0.24497880602649727] [-0.21815828614530924:0.53972658007878094] [-0.1846893341334794:0.2784441724000154] [-0.32441828446256205:0.27479583535629531] [-0.33316919452077565:0.19843001905089777] [-0.19171312500438425:0.29515253121067436] [-0.1840208293823368:0.23052258030116624] [-0.19881297035746576:0.29509533687199241] [-0.30087802510302647:0.30873907563854786] [-0.37775450104114616:0.24985339812341431] [-0.228393129611626:0.30364171552494695] [-0.36259936920885388:0.16201611672426772] [-0.22538528542026406:0.31544097284873873] [-0.34134536756050571:0.19413214832899295] [-0.2101405099833937:0.21786317297567043] [-0.27167621660915958:0.16635083887157628] [-0.19863112137296116:0.2524129589831321] [-0.24487900021726222:0.25036574218396607] [-0.29179544674325519:0.28582430504305634] [-0.1910586059560522:0.19731847749444084] [-0.15336505935819919:0.25343435710083462] [-0.26768677447831624:0.22107907703986421] [-0.26745193050204719:0.20902123127108313] [-0.20786687162555006:0.21189369435341934] [-0.19435436382794838:0.19758108259870499] [-0.23006775926384393:0.20361242831908885] [-0.27338631875387487:0.22245808929328537] [-0.2182272519734012:0.20159869688016901] [-0.22122289509430521:0.20020563725571355] [-0.18121765262294828:0.16442142911026797] [-0.24854497273237783:0.17936704284353991] [-0.20721197224122934:0.2264353087596683] [-0.1530393356973456:0.16589787562041025] [-0.17730942912055137:0.28523414046661794] [-0.21299637240901251:0.20178101703142332] [-0.18502759439204472:0.1387218863345068] [-0.25216821407071133:0.20640411457753513] [-0.21786579118427352:0.19324722634790978] [-0.17802072505294458:0.18324506779129149] [-0.24461582278445609:0.1869403866397204] [-0.18627190960544454:0.23297303867731223] [-0.16221631924744742:0.26538806055265207] [-0.18132214554291068:0.19950094362197712] [-0.20912553317539662:0.18354015739756699] [-0.17107109994479286:0.14922905413970011] [-0.16404055058029349:0.14447947763238272] [-0.17874270773981329:0.18766154035764226] [-0.17519843566460624:0.17070650543376992] [-0.20197439652984486:0.17531071535693302] [-0.20241381550538856:0.14064084567756302] [-0.2561301079141633:0.15807903235117648] [-0.14840357822061973:0.17297430959080906] [-0.13835525213092181:0.19618136517746992] [-0.19512561736738021:0.20540135401378035] [-0.17107367382501129:0.2273498684204007] [-0.13182548397759647:0.1752061169390533] [-0.15574483407469811:0.15208191831281925] [-0.1663561994865779:0.25607779897261085] [-0.14719215426367602:0.17265139705651017] [-0.1625022941068581:0.15934761549299467] [-0.13004280951383621:0.16438062717549487] [-0.1593020884014133:0.15050714058530276] [-0.13650624332802344:0.18717363207036528] [-0.13941415532467613:0.16826507315380418] [-0.16956432882570385:0.18631803943307768] [-0.14321477796401941:0.16938483205060428] [-0.16404630786663413:0.20131530470662748] [-0.18440926213337422:0.19672748010946531] [-0.24331609771608786:0.18915320190153556] [-0.20241566073327266:0.16023224287981369] [-0.16600279269802293:0.16106334562921412] [-0.18676346265338006:0.19981830321958802] [-0.17618186918144246:0.1769484055803752] [-0.16718337229836486:0.15126135319165335] [-0.20807145053181469:0.16550183106459401] [-0.14717851914383279:0.15128045656377573] [-0.25215045997629387:0.1248082220239673] [-0.14823780312436752:0.1926312589870077] [-0.17207387336020735:0.15450345045308397] [-0.15638800699923019:0.19040279931735274] [-0.12544984088798714:0.18602801288599374] [-0.21480851843480336:0.1937449010648554] [-0.13116201892714799:0.17430017729887956] [-0.13866733650282459:0.1905033109028296] [-0.13176251472463127:0.15093889223749832] [-0.12268203586196218:0.14035086449181336] [-0.16476769628671578:0.1610839554016181] [-0.13124328010193378:0.1713688191520138] [-0.11564627247004036:0.15102156308156542] [-0.13347845440916389:0.13353204918616593] [-0.20573416741608494:0.14313624692473129] [-0.26752995325199186:0.12231797972318484] [-0.11400244959141995:0.16213494402172032] [-0.14643287692090126:0.14583300267128471] [-0.15587851621681523:0.14893766517477466] [-0.17388264841231463:0.12198916151675203] [-0.20385907142143556:0.17409956014041039] [-0.1331005057011386:0.1768934106600322] [-0.17077358220527158:0.12197748455433617] [-0.13430499128785603:0.13942766698836478] [-0.1781347365260334:0.17819186947007867] [-0.12634533068640993:0.15150015471178335] [-0.12730529547159963:0.12929718226744077] [-0.12514459118577889:0.19883086368104927] [-0.11181800634676768:0.12666304765376121] [-0.14293758496770664:0.13185611849321024]
tree_sizes=2762 2898 2899 2905 2895 2892 2917 2898 2929 2911 2904 2909 2908 2913 2920 2923 2905 2913 2918 2903 2922 2922 2916 2924 2929 2934 2941 2933 2926 2943 2946 2948 2947 2955 2959 2923 2952 2962 2965 2953 2976 2964 2964 2976 2983 2968 2971 2972 2969 2980 2969 2980 2972 2965 2969 2967 2991 2991 2985 2982 2971 2982 2991 2967 2964 2991 2985 2978 2987 2961 2991 2968 2975 2997 2964 2979 2975 2980 2978 2976 2978 2977 2989 2986 2964 2983 2970 2987 2978 2993 2982 2993 2995 2985 2984 2977 2987 2985 2995 2975 2979 2995 2979 2983 2981 2991 2980 2989 2978 2982 2993 3013 2978 2988 2986 2989 2993 2990 2991 2982 2991 2964 2988 2984 2962 2991 3005 2983 2989 2978 3007 2981 3016 2992 2995 2985 3006 2999 3001 3004 2989 3008 3001 3010 3025 2994 3002 3000 3013 3002 2999 3025 2980 3026 3025 2997 3024 3015 3009 3009 3005 3012 3018 3015 3016 3023 3014 3026 3023 3002 3021 3040 3014 3012 3029 3024 2994 3014 3029 3027 3018 3009 3021 3019 3008 3039 3027 3016 3021 3018 2991 3018 3033 2999 3029 3015 3022 3031 3032 3033 3019 3034 3006 3037 3029 3030 3025 3031 3031 3026 3002 3025 3017 3037 3027 3014 3020 3018 3035 3010 3052 3026 3034 3018 3014 3018 3032 3025 3014 3014 3029 3010 3031 3023 3034 3032 3031 3015 3013 3036 3035 3040 3026 3041 3042 3019 3040 3044 3033 3025 3032 3033 3036 3027 3028 3045 3044 3037 3035 3036 3037 3046 3043 3027 3033 3047 3016 3044 3031 3029 3056 3050 3053 3062 3043 3032 3068 3040 3030 3038 3034 3024 3020 3042 3036 3041 3039 3037 3043 3046 3036 3041 3041 3048 3039 3022 3028 3063 3058 3049

Tree=0
num_leaves=31
num_cat=0
split_feature=82 95 2 80 214 262 100 226 163 276 237 238 125 280 261 212 82 205 171 87 311 255 197 251 283 228 0 306 259 145
split_gain=31.9664 23.9382 11.2248 7.75299 7.26395 6.68568 5.99912 5.32629 5.02686 4.1381 3.73687 4.16219 3.4737 2.83601 2.63443 2.38827 2.43673 2.51694 2.84076 2.18422 2.2856 1.95022 1.93416 1.88806 1.80625 1.72803 1.70641 1.69808 1.69398 2.25152
threshold=0.14365140270891638 0.058801506961820335 5.7914775660660407 1.0000000180025095e-35 -0.0078647662035593226 -0.0050086780279204497 -0.07052781418447078 -0.098546321497999703 -0.0089377167654485067 -0.0010664701820105786 -0.020363437102453804 0.013206212528229047 0.0093594024856717105 0.016401940589556709 0.0074717592909850387 0.10325058724281126 -0.21524485127861279 -0.0029699653987304954 -0.0037284816349365045 0.026053852405405351 -0.019584896291440609 0.0284434933517238 0.008221498049778786 0.025028433601187658 0.022314809850539824 -0.0039382030086403718 11.022253272935755 0.0015794610666215031 0.018210164119021075 -0.013537205030829421
decision_type=2 2 2 2 2 2 2 2 2 2 2 2 2 2 2 2 2 2 2 2 2 2 2 2 2 2 2 2 2 2
left_child=1 2 6 5 -3 9 14 -7 10 13 -9 -12 19 -2 -1 16 17 18 22 20 -10 -14 -8 -20 -21 -22 -4 -27 29 -18
right_child=3 4 26 -5 -6 7 15 8 12 -11 11 -13 21 -15 -16 -17 28 -19 23 24 25 -23 -24 -25 -26 27 -28 -29 -30 -31
leaf_value=0.59938052444897516 0.57931108007800169 0.59898369903736681 0.59243608001958237 0.60859461664542258 0.57375630478967321 0.61188052453175934 0.57695988957564548 0.61386465148927716 0.57243608004261148 0.57409075631950712 0.58162526926643576 0.60993608008731492 0.57194427680251936 0.59851716114825937 0.57849377233769506 0.59386465146266798 0.60010653456927021 0.60773911033615924 0.60757692510526862 0.60993608005006206 0.60243607997555626 0.58993608005006204 0.59868607991967693 0.59243608002308579 0.58868608003143563 0.59493608001280918 0.57410274670431105 0.57457893719469311 0.61284424331650855 0.60915582527702572
leaf_weight=36 40 42 22 41 89 27 21 28 25 139 37 20 61 37 26 35 88 165 71 20 20 20 20 29 20 20 30 21 196 314
leaf_count=36 40 42 22 41 89 27 21 28 25 139 37 20 61 37 26 35 88 165 71 20 20 20 20 29 20 20 30 21 196 314
internal_value=0.597301 0.602001 0.604509 0.58764 0.581844 0.586034 0.605685 0.590634 0.588669 0.579242 0.598907 0.591559 0.584465 0.58854 0.590622 0.60668 0.607176 0.603547 0.598642 0.589658 0.585169 0.576387 0.587558 0.603186 0.599311 0.590387 0.581859 0.584509 0.609033 0.607175
internal_weight=1760 1184 1053 576 131 535 1001 319 292 216 85 57 207 77 62 939 904 306 141 126 86 81 41 100 40 61 52 41 598 402
internal_count=1760 1184 1053 576 131 535 1001 319 292 216 85 57 207 77 62 939 904 306 141 126 86 81 41 100 40 61 52 41 598 402
is_linear=0
shrinkage=1


Tree=1
num_leaves=31
num_cat=0
split_feature=82 95 2 80 214 262 100 226 163 276 272 192 125 261 305 212 82 205 171 282 87 298 255 197 251 283 96 0 259 145
split_gain=28.8497 21.6042 10.1304 6.99707 6.55571 6.03383 5.4142 4.80698 4.53675 3.74665 3.38029 3.14617 3.13501 2.37757 2.24549 2.16581 2.07003 2.39582 2.56378 2.01302 1.97126 2.10644 1.76008 1.74558 1.70398 1.63014 1.61953 1.54004 1.52334 2.0181
threshold=0.14365140270891638 0.058801506961820335 5.7914775660660407 1.0000000180025095e-35 -0.0078647662035593226 -0.0050086780279204497 -0.07052781418447078 -0.098546321497999703 -0.0089377167654485067 -0.0047240695130352185 -0.0067840380485204854 -0.01075975831785388 0.0093594024856717105 0.0074717592909850387 -0.0039986596472796994 0.10057756661667845 -0.21524485127861279 -0.0029699653987304954 -0.0037284816349365045 0.046868055787535327 0.026053852405405351 0.0083557208003673129 0.0284434933517238 0.008221498049778786 0.025028433601187658 0.022314809850539824 -0.018647334956660728 11.022253272935755 0.018210164119021075 -0.013537205030829421
decision_type=2 2 2 2 2 2 2 2 2 2 2 2 2 2 2 2 2 2 2 2 2 2 2 2 2 2 2 2 2 2
left_child=1 2 6 5 26 9 13 -7 10 11 -9 -2 20 -1 -13 16 17 18 23 -11 21 -10 -14 -8 -20 -22 -3 -4 29 -18
right_child=3 4 27 -5 -6 7 15 8 12 19 -12 14 22 -15 -16 -17 28 -19 24 -21 25 -23 -24 -25 -26 -27 -28 -29 -30 -31
leaf_value=0.0019754179235961702 -0.021023455565726316 -0.0086991851218044761 -0.0046218038282611158 0.010728805484931644 -0.022367589393358554 0.013850418726603191 -0.019324185592787608 -0.010107540297839376 -0.017549714211512496 -0.024122661805152892 0.010071797364828539 -0.0099013647145551192 -0.024089017956227553 -0.017866996389168961 0.013006279245018959 -0.0027828977688362723 0.0026651276783509689 0.010161824678865875 0.00976199854007909 -0.0073922830323378255 0.012003195770084858 -0.0013606431428343059 -0.006996803879737854 0.0013156961463391783 -0.0046218038247577073 -0.0081843046844005587 0.010959905724633824 -0.022038471202055612 0.014742403886257076 0.011235499082091517
leaf_weight=36 27 20 22 41 89 27 21 36 54 125 49 23 61 26 20 38 88 164 71 21 20 32 20 20 29 20 22 30 195 313
leaf_count=36 27 20 22 41 89 27 21 36 54 125 49 23 61 26 20 38 88 164 71 21 20 32 20 20 29 20 22 30 195 313
internal_value=-1.62558e-10 0.00446498 0.00684721 -0.00917801 -0.0146838 -0.0107036 0.00796498 -0.00633419 -0.00820057 -0.0171565 0.00152525 -0.00764627 -0.0121943 -0.00634559 0.000753353 0.00890988 0.00940303 0.00605284 0.00127359 -0.0217162 -0.00726069 -0.0115259 -0.0198687 -0.00925595 0.0055907 0.00190945 0.00159843 -0.0146699 0.0111175 0.00935472
internal_weight=1760 1184 1053 576 131 535 1001 319 292 216 85 70 207 62 43 939 901 305 141 146 126 86 81 41 100 40 42 52 596 401
internal_count=1760 1184 1053 576 131 535 1001 319 292 216 85 70 207 62 43 939 901 305 141 146 126 86 81 41 100 40 42 52 596 401
is_linear=0
shrinkage=0.05


Tree=2
num_leaves=31
num_cat=0
split_feature=82 95 0 80 262 100 226 246 124 331 110 271 155 283 180 211 289 249 212 218 210 218 217 142 305 148 241 121 308 243
split_gain=26.0368 19.6354 10.0249 6.31485 5.44553 4.88567 4.3383 4.18159 3.96873 3.66905 3.57576 3.07176 2.80035 2.79527 2.74773 2.62182 2.60929 2.32086 2.12568 2.04335 1.99866 2.23684 1.83038 2.53677 1.63986 1.74123 1.53379 1.70179 2.18518 1.94892
threshold=0.14365140270891638 0.083493062934346843 10.942224625098026 1.0000000180025095e-35 -0.0050086780279204497 -0.07052781418447078 -0.098546321497999703 0.017667258863034201 -0.0014927495998155388 -0.0092433124122863006 -0.012969963912976669 -0.0020179864879067929 -0.009061868271302195 -0.0032309424014711255 0.024078551814893771 -0.11795184814549797 0.010402322178746126 0.012116114582084352 0.10615966427370778 -0.14029632623094099 0.016315735964177121 -0.021603777501083846 -0.039907096995740125 0.0019143767451106229 0.016264922858736548 -0.0049919812420688853 -0.04371345381643283 -0.011087339354383803 -0.0045284448237171374 -0.0027124702912490269
decision_type=2 2 2 2 2 2 2 2 2 2 2 2 2 2 2 2 2 2 2 2 2 2 2 2 2 2 2 2 2 2
left_child=1 2 5 4 10 17 -6 8 -8 -10 16 -4 -9 -11 -14 -3 -2 -1 20 -12 22 -22 23 -7 25 -23 27 -24 -29 -30
right_child=3 15 11 -5 6 18 7 12 9 13 19 -13 14 -15 -16 -17 -18 -19 -20 -21 21 24 26 -25 -26 -27 -28 28 29 -31
leaf_value=-0.014166478752284438 0.0049814207080219478 -0.0051286471039056784 7.9860442107723611e-05 0.01019236499034777 0.013157897856500414 0.013465176913000289 -0.019062471480080577 0.010994180253682992 -0.019883881642350131 0.013703751550721273 -0.0056877385824918754 -0.020670198799953576 -0.014067617579339407 -0.0071163762164743322 0.008365537492292267 -0.024354511994074603 -0.015134156485529324 0.0049132293888500761 -0.0044531675637699665 -0.022854972361372069 -0.012816297337412836 -0.00056365790466467549 0.012265153668820859 -0.0093532913203897144 -0.0069175279699265962 0.015711179712698572 0.011096309437024818 0.010406997287645936 0.0026225102245807652 -0.01831803245469928
leaf_weight=37 28 25 31 41 27 21 99 39 28 28 20 42 39 38 21 61 38 28 32 130 20 27 50 29 20 42 642 32 25 20
leaf_count=37 28 25 31 41 27 21 99 39 28 28 20 42 39 38 21 61 38 28 32 130 20 27 50 29 20 42 642 32 25 20
internal_value=-2.00764e-10 0.00424173 0.00604376 -0.00871911 -0.0101684 0.00731875 -0.00601748 -0.00779054 -0.0120759 -0.00471772 -0.0162987 -0.0118585 0.00056376 0.00171641 -0.00621601 -0.0187656 -0.00660028 -0.00594753 0.00821699 -0.020566 0.00865389 0.00229334 0.00950041 0.000230465 0.00568877 0.00934276 0.0101031 0.00508255 0.00041852 -0.0066844
internal_weight=1760 1184 1098 576 535 1025 319 292 193 94 216 73 99 66 60 86 66 65 960 150 928 109 819 50 89 69 769 127 77 45
internal_count=1760 1184 1098 576 535 1025 319 292 193 94 216 73 99 66 60 86 66 65 960 150 928 109 819 50 89 69 769 127 77 45
is_linear=0
shrinkage=0.05


Tree=3
num_leaves=31
num_cat=0
split_feature=82 95 0 80 262 100 86 255 328 280 90 172 271 211 141 228 178 297 293 182 225 164 114 238 278 331 116 157 168 290
split_gain=23.4982 17.721 9.04744 5.69916 4.91459 4.40932 3.99236 3.89262 3.86628 3.33205 4.17383 3.10795 2.77226 2.36619 2.16041 2.90623 2.15376 2.12522 2.02277 2.01708 2.29482 2.77066 3.33788 2.14657 1.86694 1.74764 1.64586 2.36831 1.64955 1.61403
threshold=0.14365140270891638 0.083493062934346843 10.942224625098026 1.0000000180025095e-35 -0.0050086780279204497 -0.07052781418447078 -0.065522959521201601 -0.011806486590863573 0.0023977359604800286 0.015979483299846071 0.0056376410225182768 0.010393620416843085 -0.0020179864879067929 -0.11795184814549797 0.01129332041154988 -0.0053187703570408843 0.0068012225860008884 0.0012218133743550918 -0.0074278794451501659 -0.014447453374076574 0.039032447210210833 -0.0006939212561880312 -0.0023636829252967509 -0.016193603270782134 0.012212677628899398 0.0086895414457054711 0.011924966638239687 0.0082014523696975188 -0.0084196457292623431 0.016473882298653472
decision_type=2 2 2 2 2 2 2 2 2 2 2 2 2 2 2 2 2 2 2 2 2 2 2 2 2 2 2 2 2 2
left_child=1 2 5 4 9 14 18 8 -8 -2 -11 17 -4 -3 15 -1 -13 -9 -6 -7 25 22 -22 -23 -24 26 -21 28 -28 -30
right_child=3 13 12 -5 6 19 7 11 -10 10 -12 16 -14 -15 -16 -17 -18 -19 -20 20 21 23 24 -25 -26 -27 27 -29 29 -31
leaf_value=-0.023613082935723166 -0.019202006865972246 -0.0048722139596939088 7.5868054503394717e-05 0.0096827469766139988 -0.0047510748612694447 0.011596728786681181 -0.019910998688060413 0.013404426092822705 0.0016702621864775819 -0.01505933007275736 0.013291049972176554 -0.017478034201149757 -0.019636687960120896 -0.023136786130241685 0.0080231264419853687 0.0018567468350132307 0.0037784516218711036 -0.0018690583917001886 -0.020509605748312815 0.008083621666436773 -0.021000604599714281 -0.0047025158587429257 0.012177548692985015 0.012273834006239971 -0.0084211274473504592 0.011417909333943774 0.014867375135935588 -0.010359854382627152 -0.0095965461724478278 0.0098248636350035667
leaf_weight=24 159 25 31 41 32 257 49 62 36 37 20 26 42 61 20 21 22 36 56 223 25 27 22 60 22 218 29 34 23 20
leaf_count=24 159 25 31 41 32 257 49 62 36 37 20 26 42 61 20 21 22 36 56 223 25 27 22 60 22 218 29 34 23 20
internal_value=-1.29009e-10 0.00402964 0.00574157 -0.00828315 -0.00965998 0.00695281 -0.0057166 -0.00226417 -0.0107707 -0.0154838 -0.00511183 0.00268826 -0.0112656 -0.0178273 -0.00565015 -0.0117272 -0.00773548 0.00779376 -0.0147792 0.00780614 0.00642039 0.00107108 -0.00641122 0.00700531 0.00187821 0.00794597 0.00564542 0.000515996 0.00565181 -0.000563332
internal_weight=1760 1184 1098 576 535 1025 319 231 85 216 57 146 73 86 65 45 48 98 88 960 703 156 69 87 44 547 329 106 72 43
internal_count=1760 1184 1098 576 535 1025 319 231 85 216 57 146 73 86 65 45 48 98 88 960 703 156 69 87 44 547 329 106 72 43
is_linear=0
shrinkage=0.05


Tree=4
num_leaves=31
num_cat=0
split_feature=82 95 2 214 80 163 233 151 100 276 218 164 101 287 229 193 237 141 198 228 332 0 227 221 148 234 176 187 269 296
split_gain=21.2071 16.1475 7.58024 5.17134 5.14349 4.69324 4.77989 4.67579 3.99148 3.4637 3.77558 3.05698 2.11233 2.2051 2.44601 2.07595 2.04314 2.01264 2.00908 1.97016 1.96081 1.75521 2.14177 2.43499 1.93393 1.89353 1.80465 2.46391 2.48325 2.09362
threshold=0.14365140270891638 0.058801506961820335 5.7914775660660407 -0.0078647662035593226 1.0000000180025095e-35 -0.029154009020761089 -0.060140227560768547 0.016059443570513535 -0.07052781418447078 -0.034112231811572143 -0.14029632623094099 0.0089879793642782153 -0.0027907140104543953 -0.02878087586147347 0.020818812835291241 0.02370768968094536 -0.0037124779218473754 0.01129332041154988 -0.0077679739386083317 -0.012487023147207409 0.0011598939052444134 6.0509113120781883 -0.04606683552359029 0.033747153477916188 0.0021950666771647213 0.046603508601857656 -0.001895757762899411 -0.010459700397429975 0.00058389393006094844 0.0016115074968305124
decision_type=2 2 2 2 2 2 2 2 2 2 2 2 2 2 2 2 2 2 2 2 2 2 2 2 2 2 2 2 2 2
left_child=1 2 8 -3 5 15 7 18 17 11 16 -8 13 -12 20 -2 -11 19 -7 -1 -15 22 23 24 -10 -24 -23 -28 29 -29
right_child=4 3 -4 -5 -6 6 9 -9 21 10 12 -13 -14 14 -16 -17 -18 -19 -20 -21 -22 26 25 -25 -26 -27 27 28 -30 -31
leaf_value=-0.021974485744298861 0.012649320675568147 0.0017345873195500601 -0.012725153726597244 -0.019551085639912424 0.0091986095578205293 -0.005402928661732447 0.0061007336433976898 -0.019223124695860822 -0.013874342931168421 0.0043968091746244362 -0.026001376410325367 -0.015922005818440364 -0.021328105191717957 -0.010500272596254946 -0.017804537453623707 -0.0077654443867504605 -0.015158410048620266 0.0076219704188406475 0.013614988379271293 -0.00029149455949664118 0.0092025939233439137 0.0089573511323793164 0.011049686303055379 0.011665640274683635 0.0048803873084209588 -0.0005107305649864047 -0.010214617338619735 -0.013678671640378457 0.010252036774301365 0.0066176119260489942
leaf_weight=22 33 42 52 89 41 21 40 23 28 34 24 26 157 28 43 20 22 20 41 20 23 123 522 39 27 38 38 27 73 24
leaf_count=22 33 42 52 89 41 21 40 23 28 34 24 26 157 28 43 20 22 20 41 20 23 123 522 39 27 38 38 27 73 24
internal_value=3.27021e-11 0.00382816 0.00588769 -0.0127267 -0.007869 -0.00917698 -0.0107299 3.08371e-05 0.00685459 -0.0130338 -0.0151193 -0.00257489 -0.017529 -0.0124744 -0.00902067 0.00494564 -0.0032856 -0.00543273 0.00717344 -0.0116493 -0.00161467 0.00766589 0.00909293 0.00210903 -0.00466748 0.0102652 0.00439121 0.000924332 0.00433788 -0.00412748
internal_weight=1760 1184 1053 131 576 535 482 85 1001 397 331 66 275 118 94 53 56 62 62 42 51 939 654 94 55 560 285 162 124 51
internal_count=1760 1184 1053 131 576 535 482 85 1001 397 331 66 275 118 94 53 56 62 62 42 51 939 654 94 55 560 285 162 124 51
is_linear=0
shrinkage=0.05


Tree=5
num_leaves=31
num_cat=0
split_feature=82 95 2 103 192 115 94 290 100 123 333 163 267 87 249 261 90 212 10 0 221 180 128 97 332 98 93 99 108 286
split_gain=19.1394 14.5731 6.84117 4.78181 4.69923 5.90391 4.82732 4.18699 3.60231 3.50286 3.25736 2.8233 2.69228 2.41921 1.90411 1.85264 1.84021 1.64263 2.66922 1.64661 1.87369 1.72813 3.77337 2.28599 1.69496 1.64475 2.39693 1.52264 1.84308 1.50044
threshold=0.14365140270891638 0.058801506961820335 5.7914775660660407 0.024938837027424308 -0.011960214949291536 -0.0022898551841568516 -0.0023529598280323223 0.028213679613066315 -0.07052781418447078 -0.034274659461222941 -0.0088228964003170592 -0.022517372869408664 0.028166580598511449 0.022900824667732359 -0.015338445895826907 0.0074717592909850387 0.059466249343311038 0.090624640629900152 0.0025225316572663583 6.0509113120781883 -0.064748511532276384 0.017196493315755353 0.012348987728896617 0.007637822115986616 -0.054672161790814862 0.00097776781823185818 -0.018170916849030858 0.011852312685480275 -0.011554890275455454 -0.029129509017187926
decision_type=2 2 2 2 2 2 2 2 2 2 2 2 2 2 2 2 2 2 2 2 2 2 2 2 2 2 2 2 2 2
left_child=1 2 8 -3 11 6 10 12 15 -8 -6 -2 16 -12 -5 -1 -7 19 -19 20 -10 23 -23 -21 -22 26 -25 -11 -29 -13
right_child=4 3 -4 14 5 7 9 -9 17 27 13 29 -14 -15 -16 -17 -18 18 -20 21 24 22 -24 25 -26 -27 -28 28 -30 -31
leaf_value=0.0021841359117792713 0.002613584399223328 -0.019235954916595285 -0.01208889622200961 -0.011012661531567575 -0.017989575041410251 -0.019697668116407281 -0.010428719371557236 0.0059915426158995344 -0.0017801064170069167 0.018925396083517277 -0.0083047868311405173 -0.0061796598854319505 -0.0012622677381276279 0.013248822757083438 0.0093421934724405974 -0.015331407373350188 -0.0071589228557422755 -0.010997015526217799 0.0092890934032552382 0.010721611558244779 -0.00084782548467902572 0.006573135256767274 -0.020651805717498067 0.0087394272349774847 0.01066266484282123 0.010311261134651993 -0.013074791628648254 0.016019142351367258 -0.0046896596527880152 -0.019966960248593998
leaf_weight=36 20 84 52 20 39 109 20 33 36 47 30 24 37 23 27 26 40 31 34 130 34 35 20 20 539 26 34 22 21 111
leaf_count=36 20 84 52 20 39 109 20 33 36 47 30 24 37 23 27 26 40 31 34 130 34 35 20 20 539 26 34 22 21 111
internal_value=5.08755e-11 0.00363675 0.0055933 -0.0120903 -0.00747555 -0.00473525 0.00142992 -0.0104219 0.00651186 0.0084987 -0.00702189 -0.0149185 -0.0133339 0.00104867 0.000680553 -0.00516109 -0.0163316 0.0072826 -0.00038582 0.0078529 0.00928451 0.00456291 -0.00332684 0.00662928 0.00997967 -2.07698e-05 -0.00499545 0.0127048 0.00590554 -0.0175159
internal_weight=1760 1184 1053 131 576 421 202 219 1001 110 92 155 186 53 47 62 149 939 65 874 609 265 55 210 573 80 54 90 43 135
internal_count=1760 1184 1053 131 576 421 202 219 1001 110 92 155 186 53 47 62 149 939 65 874 609 265 55 210 573 80 54 90 43 135
is_linear=0
shrinkage=0.05


Tree=6
num_leaves=31
num_cat=0
split_feature=82 95 0 80 163 229 233 253 100 297 271 142 214 97 222 141 276 252 318 149 171 210 318 170 67 241 108 106 268 331
split_gain=17.2734 13.2573 6.84246 4.35366 3.95033 4.11656 4.02566 3.53769 3.25411 2.51424 2.34043 2.07554 2.07107 2.5007 2.97153 1.98501 1.97912 1.89986 2.67807 1.92354 2.02848 1.96814 1.85975 1.81379 1.73157 2.26458 2.85015 1.40883 1.87324 1.92211
threshold=0.14365140270891638 0.083493062934346843 10.942224625098026 1.0000000180025095e-35 -0.029154009020761089 -0.015636081730661458 -0.060140227560768547 -0.054030563242355202 -0.075051198280484094 0.035687898087807486 -0.0020179864879067929 -0.0098614645986948978 0.34026970975244086 -0.034303005596400094 -0.0013785144383588776 -0.012575950512113595 -0.036222261778791447 0.050102421934002529 0.0037600252142181265 -0.055270279014275607 -0.0033799044022263963 0.01607020215412968 0.00028484388040282558 -0.0036466894428056761 2.0126758453675748 0.0089116367382207455 0.021995223265873099 -0.043042648195270337 -0.060607417439832716 -0.024488367785491943
decision_type=2 2 2 2 2 2 2 2 2 2 2 2 2 2 2 2 2 2 2 2 2 2 2 2 2 2 2 2 2 2
left_child=1 2 8 4 22 6 -6 -8 15 -9 -4 -3 13 14 -7 -1 -15 19 -19 20 -10 27 -2 -20 25 26 -23 -21 -29 -30
right_child=3 11 10 -5 5 12 7 9 17 -11 -12 -13 -14 16 -16 -17 -18 18 23 21 -22 24 -24 -25 -26 -27 -28 28 29 -31
leaf_value=-0.015936509319222893 -0.0064664629034020694 -0.006719923048819367 0.00056616488483644302 0.0086008011204440418 0.0091030433427455818 0.0044541866428429088 0.0098055867167810614 -0.013465081658796408 -0.013074315922415775 0.0055976285273209216 -0.017546159799565517 -0.022361191874369982 0.0011956370302609034 -0.0037154519486994973 -0.017104017775802113 0.0034197065979242325 -0.02003543005170659 0.0079777171447252236 -0.020220505110919478 0.013999284816938535 0.007132326576996733 0.0012581417220644655 0.012541809620996637 0.00016722112583617371 0.015149041367694736 0.0077187824176578991 -0.022802972774952652 -0.0034622822614277116 0.0027816852991493931 0.010066091705097311
leaf_weight=26 22 38 31 41 43 31 24 128 23 20 42 48 21 21 33 27 161 48 20 114 27 32 31 24 20 41 20 34 113 456
leaf_count=26 22 38 31 41 43 31 24 128 23 20 42 48 21 21 33 27 161 48 20 114 27 32 31 24 20 41 20 34 113 456
internal_value=-4.83948e-11 0.00345491 0.00493562 -0.00710177 -0.00830514 -0.00972985 -0.00458053 -0.00800142 0.00598898 -0.010889 -0.00985462 -0.0154499 -0.0138763 -0.0151629 -0.00666176 -0.0060758 -0.0181524 0.00664683 -0.000189852 0.00736157 -0.00216273 0.00793533 0.00465158 -0.00909993 0.00180223 -0.00106805 -0.00799613 0.00890191 0.00793823 0.00861945
internal_weight=1760 1184 1098 576 535 482 215 172 1025 148 73 86 267 246 64 53 182 972 92 880 50 830 53 44 113 93 52 717 603 569
internal_count=1760 1184 1098 576 535 482 215 172 1025 148 73 86 267 246 64 53 182 972 92 880 50 830 53 44 113 93 52 717 603 569
is_linear=0
shrinkage=0.05


Tree=7
num_leaves=31
num_cat=0
split_feature=8 5 233 237 275 97 212 130 2 298 111 150 332 221 101 118 84 127 204 306 83 98 216 194 192 239 88 285 119 1
split_gain=15.692 16.3281 5.79118 5.30529 4.08719 4.04588 4.16693 3.11406 3.023 2.79505 2.68543 2.54268 2.52677 2.14981 2.09331 2.69965 2.15496 2.0181 1.85986 1.78256 1.618 1.55604 1.76269 1.53174 1.51665 1.46076 1.43523 1.52712 1.45728 2.00855
threshold=0.082951070336391444 1.0000000180025095e-35 -0.079798756362849069 -0.0041014180850932466 -0.02885836460020311 0.18404322688957683 0.10325058724281126 0.015178361572288126 3.1132683346437333 0.016931931176446171 -0.026213628486761623 -0.00016021524749914814 -0.0074376685107072132 -0.062165213649350577 0.014875075789266048 0.010371145697150148 -0.33663476409735232 0.0060422178500888464 -0.0098936259995277449 0.012318794983418035 -0.29926453941984282 0.0034242446688660488 -0.01179641219179582 -0.0014854404769406922 1.0000000180025095e-35 -0.0040481946553415577 -0.093364575419374443 0.086689547422938606 -0.0024806772092918409 4.8713658868283671
decision_type=2 2 2 2 2 2 2 2 2 2 2 2 2 2 2 2 2 2 2 2 2 2 2 2 2 2 2 2 2 2
left_child=1 5 -2 9 12 6 8 24 13 14 19 25 -4 18 15 16 -3 21 -1 -5 -12 22 -6 -17 -8 -10 -15 28 29 -28
right_child=2 3 4 10 17 -7 7 -9 11 -11 20 -13 -14 26 -16 23 -18 -19 -20 -21 -22 -23 -24 -25 -26 -27 27 -29 -30 -31
leaf_value=-0.013020586311493233 0.011616005045029201 -0.02142765292720426 -0.010090628380341263 -0.011389950908646411 -0.013567837942391634 -0.01464379481971264 -0.022068102076649665 0.0098541000485420221 0.014169335673036782 -0.013958261038867699 -0.0026331259403377773 -0.012366754440842448 0.011375253676221921 0.011967422270080012 0.013004927259559432 -0.0028569941921159627 -0.00023919272436095137 -0.019422177861630918 0.0052825686548437396 0.0092348987795412545 -0.017909428595672721 -0.0149720936612441 0.006728293491608423 0.015548145541777978 -0.0035952355107292536 -0.0032907566130161285 0.00657660088069471 -0.0054641852310548227 0.0097177981777173111 -0.0048040590435266504
leaf_weight=23 28 21 29 22 20 25 25 20 23 31 20 37 26 178 36 20 28 125 35 20 130 65 23 26 20 25 280 24 330 45
leaf_count=23 28 21 29 22 20 25 25 20 23 31 20 37 26 178 36 20 28 125 35 20 130 65 23 26 20 25 280 24 330 45
internal_value=-1.74259e-11 0.00220858 -0.0100924 -0.00712109 -0.0122029 0.00523858 0.0057053 -0.00656193 0.00650267 -0.000457376 -0.0127436 -0.00251699 5.68795e-05 0.00734056 0.00273749 -0.00115333 -0.00931996 -0.0150968 -0.00197558 -0.00156859 -0.0158726 -0.0100907 -0.00271177 0.00754591 -0.0138579 0.00507554 0.00797106 0.00692341 0.00737731 0.00500082
internal_weight=1760 1444 316 354 288 1090 1065 65 1000 162 192 85 55 915 131 95 49 233 58 42 150 108 43 46 45 48 857 679 655 325
internal_count=1760 1444 316 354 288 1090 1065 65 1000 162 192 85 55 915 131 95 49 233 58 42 150 108 43 46 45 48 857 679 655 325
is_linear=0
shrinkage=0.05


Tree=8
num_leaves=31
num_cat=0
split_feature=8 5 233 237 275 102 295 215 96 219 175 111 98 185 332 243 195 231 124 127 113 163 251 240 312 282 298 102 104 227
split_gain=14.162 14.7361 5.22654 4.78802 3.68869 3.67801 3.43625 3.02035 2.67771 2.5299 2.47526 2.4236 2.3329 2.30708 2.28041 2.15284 2.14796 2.10344 1.89261 1.82133 1.73807 1.71912 1.65516 1.5817 1.56438 1.70443 1.55385 1.52187 1.5033 1.49094
threshold=0.082951070336391444 1.0000000180025095e-35 -0.079798756362849069 -0.0041014180850932466 -0.02885836460020311 -0.010961072259240387 -0.037953472571783615 0.019163585957292197 0.082424221303622175 0.00046496868113518928 -0.0088191938864960288 -0.026213628486761623 0.0041732521102229641 0.0076441674510580974 -0.0074376685107072132 -0.033413451207121893 0.010789426783839975 0.010272428922703475 0.0024030210296553541 0.0060422178500888464 -0.00042288326161330582 0.016649293935931297 0.01841818811530534 0.0087675277107032695 -0.0079720886570400582 -0.0096004673684118944 -0.00041927626586686076 -0.07359971977147052 0.019868854334881132 -0.029027029172828487
decision_type=2 2 2 2 2 2 2 2 2 2 2 2 2 2 2 2 2 2 2 2 2 2 2 2 2 2 2 2 2 2
left_child=1 5 -2 9 14 12 -7 8 10 15 24 21 27 -9 -4 -3 17 22 -18 -6 -19 -5 -12 -17 25 -8 -11 -1 -13 -29
right_child=2 3 4 11 19 6 7 13 -10 26 16 28 -14 -15 -16 23 18 20 -20 -21 -22 -23 -24 -25 -26 -27 -28 29 -30 -31
leaf_value=0.016328498523216696 0.011035205014923123 -0.0061459814424090313 -0.0095860969628496426 0.0081548451361331074 -0.0095861342173655575 0.011397702318870209 -0.0090249303161450047 -0.021737071603536606 -0.015918858535587787 -0.00079885982277412581 0.0051669870298810122 -0.018148869414036289 0.013413330012945091 -3.3863323430220287e-05 0.01080649091790502 0.015267801161335651 -0.00091299379710108042 -3.4380784450933852e-06 0.015300030219886039 -0.018451069031842054 -0.015700366488761372 -0.012099674211349339 -0.0074565809318109565 -0.0003541629045055463 0.012111136974411066 0.0073215532761353721 -0.016900528989860726 -0.0040122803209758388 -0.0069174897104569873 0.0061897587183535486
leaf_weight=32 28 33 29 22 108 88 23 25 20 31 82 109 147 24 26 43 36 29 36 125 45 20 38 26 89 52 29 41 41 283
leaf_count=32 28 33 29 22 108 88 23 25 20 31 82 109 147 24 26 43 36 29 36 125 45 20 38 26 89 52 29 41 41 283
internal_value=9.14993e-12 0.00209815 -0.00958775 -0.00676503 -0.0115928 0.00497665 0.00228804 0.000681527 0.00196516 -0.000434507 0.00279697 -0.0121064 0.00811425 -0.0111069 5.40355e-05 0.00435774 -0.000181729 -0.00291893 0.00719352 -0.014342 -0.00954887 -0.00149016 0.00116952 0.00938126 0.00762828 0.00230863 -0.00858133 0.00592615 -0.015079 0.00489876
internal_weight=1760 1444 316 354 288 1090 587 499 450 162 430 192 503 49 55 102 266 194 72 233 74 42 120 69 164 75 60 356 150 324
internal_count=1760 1444 316 354 288 1090 587 499 450 162 430 192 503 49 55 102 266 194 72 233 74 42 120 69 164 75 60 356 150 324
is_linear=0
shrinkage=0.05


Tree=9
num_leaves=31
num_cat=0
split_feature=8 5 233 237 97 212 275 130 61 298 113 328 174 132 238 80 285 127 1 162 218 221 280 149 171 115 117 210 152 255
split_gain=12.7812 13.2993 4.71695 4.32119 3.36291 3.44471 3.32904 2.68455 2.59874 2.35618 2.26561 2.10383 2.03798 1.92042 2.72225 1.74553 1.73571 1.64375 1.55575 3.3063 2.18499 1.8721 1.95288 1.64364 1.47906 1.70662 1.42355 1.40862 1.3549 1.28473
threshold=0.082951070336391444 1.0000000180025095e-35 -0.079798756362849069 -0.0041014180850932466 0.18404322688957683 0.10325058724281126 -0.02885836460020311 0.015178361572288126 4.3943729409690677 0.016931931176446171 0.0046132637195933799 -0.0049096557733855151 -0.0087468327716555792 0.014424671028951059 -0.029000226554358497 1.0000000180025095e-35 0.086689547422938606 0.0060422178500888464 4.8713658868283671 -0.021102408867864884 -0.021603777501083846 -0.062165213649350577 -0.015352620629421063 -0.05875813512605868 -0.0018793842300027976 0.0158805716365111 0.032277390500641205 0.001320366242538021 -0.0085753755479992724 -0.012903691929836649
decision_type=2 2 2 2 2 2 2 2 2 2 2 2 2 2 2 2 2 2 2 2 2 2 2 2 2 2 2 2 2 2
left_child=1 4 -2 9 5 8 11 27 15 13 26 -4 -12 14 -3 16 18 24 21 -20 -21 22 -1 -23 25 -8 -5 -7 -22 -16
right_child=2 3 6 10 -6 7 17 -9 -10 -11 12 -13 -14 -15 29 -17 -18 -19 19 20 28 23 -24 -25 -26 -27 -28 -29 -30 -31
leaf_value=0.0090583924331109639 0.010483444709929506 0.013722702204673129 -0.012885059462860227 -0.017675402225865593 -0.013398890018463137 -0.022231555126962208 0.0081482179369777447 0.0092416734620928767 -0.010039506509900093 -0.01280848930830196 0.005653760076190035 0.0074435584087456973 -0.012105795536190272 0.011489912404156314 -0.014726014428638988 0.010517640437644263 -0.0083028162951054776 -0.017528515709936618 -0.015856373341133198 -0.0087403181940317164 -0.0033887248162342157 -0.0054097523183926294 -0.01055432703346014 0.0082472450739613252 -0.015408853630069644 -0.0098962906625513977 -0.0031425562826916578 -0.0044995240828332806 0.010273565183025461 -0.00076162335230037573
leaf_weight=22 28 22 20 107 25 21 20 20 25 31 30 35 35 41 28 195 23 125 24 26 23 23 30 523 50 38 20 24 86 40
leaf_count=22 28 22 20 107 25 21 20 20 25 31 30 35 35 41 28 195 23 125 24 26 23 23 30 523 50 38 20 24 86 40
internal_value=-3.0731e-11 0.00199324 -0.00910836 -0.00642678 0.00472782 0.00515333 -0.0110131 -0.00600027 0.00587831 -0.000412782 -0.0115011 5.13337e-05 -0.00390908 0.00252055 -0.00156549 0.00628646 0.00522867 -0.0136249 0.00563979 0.00124393 0.00428398 0.00680859 -0.00225664 0.00767195 -0.00910683 -0.00367405 -0.0153868 -0.0127745 0.0073907 -0.00651167
internal_weight=1760 1444 316 354 1090 1065 288 65 1000 162 192 55 65 131 90 975 780 233 757 159 135 598 52 546 108 58 127 45 109 68
internal_count=1760 1444 316 354 1090 1065 288 65 1000 162 192 55 65 131 90 975 780 233 757 159 135 598 52 546 108 58 127 45 109 68
is_linear=0
shrinkage=0.05


Tree=10
num_leaves=31
num_cat=0
split_feature=1 61 215 253 153 323 217 150 258 213 108 241 316 263 103 178 324 315 0 89 95 191 221 176 149 325 306 162 257 118
split_gain=11.7564 14.3975 5.46219 3.90655 5.233 3.51071 2.38848 2.42929 2.15036 2.06887 1.98389 1.97738 2.40447 2.03791 1.89744 1.52624 1.82145 1.93694 1.51796 1.83468 1.63393 1.59811 1.55168 2.99547 1.5502 1.44501 1.36189 1.8909 1.26204 1.25707
threshold=3.1984648276080736 1.4978661367769956 0.39786796152860687 0.025204010384943739 -0.0049231367563950662 0.0085281015025061076 -0.025188604294548226 -0.025495400746645192 0.034115527833308214 0.039771030260543454 -0.031540257114239072 -0.014012684695506603 -0.0031634153515942794 -0.010954172297352013 0.057763363102072404 0.015798063363937284 0.0044794782017231445 0.0035447228959798768 6.0509113120781883 0.0032191120105764938 -0.0014060410420036935 0.0056766334743588399 -0.036557508176101629 -0.0073822316363674045 -0.05875813512605868 -0.010880357467280072 -0.0049732592808772918 0.0036226501338021268 -0.1275603826398817 0.012095480427984856
decision_type=2 2 2 2 2 2 2 2 2 2 2 2 2 2 2 2 2 2 2 2 2 2 2 2 2 2 2 2 2 2
left_child=14 2 6 4 10 11 7 29 15 -5 -3 13 -13 -6 -1 16 17 -9 22 -20 21 25 23 -8 -24 -21 -12 -28 -26 -2
right_child=1 3 -4 9 5 -7 18 8 -10 -11 26 12 -14 -15 -16 -17 -18 -19 19 20 -22 -23 24 -25 28 -27 27 -29 -30 -31
leaf_value=-0.014071426557815948 0.00036378125660121443 0.0010830119567652864 -0.018599810108542444 -0.016834637473779498 0.002694528966676444 0.011688392878876942 -0.011176131322281437 0.00017528246556009568 0.010532590970396997 -0.0023786157821163987 -0.019070958225759414 -0.0075729907555796673 0.01061965748667717 -0.017532308614163689 0.001023725854853789 -0.017833920335397126 0.0059428614957643486 -0.021566496901214122 -0.0087794869657485727 0.015825614395240942 0.012456087926600842 -0.0063865320540444793 -0.0052968349130380725 0.008834771066904069 -0.0032209061424840583 0.0020335953682661056 -0.0011250293801391596 -0.018624142609321728 0.0089851632258482941 0.017503533609535382
leaf_weight=157 20 31 25 99 20 66 32 21 20 33 53 32 42 33 24 26 29 20 31 24 47 43 21 45 22 91 38 26 566 23
leaf_count=157 20 31 25 99 20 66 32 21 20 33 53 32 42 33 24 26 29 20 31 24 47 43 21 45 22 91 38 26 566 23
internal_value=1.40492e-11 0.00138356 0.00450586 -0.00591721 -0.00309008 0.00233393 0.00504022 -0.000619366 -0.00438221 -0.0132206 -0.0101633 -0.00252745 0.00275257 -0.00989954 -0.0120699 -0.00748946 -0.00364723 -0.0104305 0.00601623 0.0025573 0.00427164 0.00183703 0.00720618 0.000518552 0.00805174 0.00491193 -0.0131431 -0.00823404 0.00852847 0.00953156
internal_weight=1760 1579 1106 473 341 193 1081 159 116 132 148 127 74 53 181 96 70 41 922 236 205 158 686 77 609 115 117 64 588 43
internal_count=1760 1579 1106 473 341 193 1081 159 116 132 148 127 74 53 181 96 70 41 922 236 205 158 686 77 609 115 117 64 588 43
is_linear=0
shrinkage=0.05


Tree=11
num_leaves=31
num_cat=0
split_feature=1 61 215 253 153 323 217 150 253 244 213 254 229 108 241 316 263 263 116 0 89 95 191 221 176 149 325 288 327 307
split_gain=10.6101 12.9937 4.92963 3.52566 4.72279 3.16842 2.1556 2.19243 1.96261 2.11984 1.86715 1.79971 2.35318 1.79046 1.78458 2.17003 1.83921 1.6616 1.59578 1.36996 1.6558 1.47462 1.4423 1.40039 2.70341 1.39906 1.30412 1.28918 1.41681 1.23587
threshold=3.1984648276080736 1.4978661367769956 0.39786796152860687 0.025204010384943739 -0.0049231367563950662 0.0085281015025061076 -0.025188604294548226 -0.025495400746645192 -0.0050611656987154191 -0.0074040585970235363 0.039771030260543454 0.011807315702337827 -0.052472038533258769 -0.031540257114239072 -0.014012684695506603 -0.0031634153515942794 -0.010954172297352013 -0.015536846221137752 0.023746689830804173 6.0509113120781883 0.0032191120105764938 -0.0014060410420036935 0.0056766334743588399 -0.036557508176101629 -0.0073822316363674045 -0.05875813512605868 -0.010880357467280072 0.0029451696500374545 -0.0032068780433814853 0.0018111711287125336
decision_type=2 2 2 2 2 2 2 2 2 2 2 2 2 2 2 2 2 2 2 2 2 2 2 2 2 2 2 2 2 2
left_child=11 2 6 4 13 14 7 -2 9 -9 -5 12 -1 -3 16 -16 -6 -10 -14 23 -21 22 26 24 -8 -25 -22 -15 -29 -24
right_child=1 3 -4 10 5 -7 19 8 17 -11 -12 -13 18 27 15 -17 -18 -19 -20 20 21 -23 29 25 -26 -27 -28 28 -30 -31
leaf_value=0.0075338534123840784 0.0090549779622707254 0.0010288612766852301 -0.017669819682836534 -0.015992905558416187 0.002559802351752296 0.011103973359885541 -0.010617324625491165 -0.022411548408369224 0.010364919746744222 -0.0013964707516909889 -0.0022596850313923579 -0.017818451810466207 -0.015109677002835793 -0.017180304818858322 -0.0071943414393899731 0.01008867466644872 -0.016655693474141035 -0.0054387061020884763 -0.0002764555513858795 -0.0083405123963471387 0.015034333678583305 0.011833283495395742 0.0018372870981693268 -0.0050319932401180273 0.0083930326087607292 0.0081020498043242982 0.0019319156737445473 0.0019590781666338447 -0.014559621181063079 -0.015157371684908867
leaf_weight=21 43 31 25 99 20 66 32 24 29 24 33 69 66 65 32 42 33 39 25 31 24 47 23 21 45 588 91 25 27 20
leaf_count=21 43 31 25 99 20 66 32 24 29 24 33 69 66 65 32 42 33 39 25 31 24 47 23 21 45 588 91 25 27 20
internal_value=-6.9783e-12 0.00131438 0.00428057 -0.00562135 -0.00293558 0.00221723 0.00478821 -0.000588398 -0.0041631 -0.011904 -0.0125596 -0.0114664 -0.00755303 -0.00965512 -0.00240107 0.00261494 -0.00940456 0.00130108 -0.0110346 0.00571541 0.00242944 0.00405806 0.00174518 0.00684587 0.000492624 0.00764915 0.00466633 -0.0124859 -0.00661794 -0.00606721
internal_weight=1760 1579 1106 473 341 193 1081 159 116 48 132 181 112 148 127 74 53 68 91 922 236 205 158 686 77 609 115 117 52 43
internal_count=1760 1579 1106 473 341 193 1081 159 116 48 132 181 112 148 127 74 53 68 91 922 236 205 158 686 77 609 115 117 52 43
is_linear=0
shrinkage=0.05


Tree=12
num_leaves=31
num_cat=0
split_feature=1 61 215 253 153 323 213 1 217 220 121 185 241 323 263 179 165 108 221 173 226 124 0 306 162 194 228 98 84 98
split_gain=9.59289 11.2459 7.1024 2.97065 4.48834 2.92288 1.95063 1.91533 2.85265 1.96392 2.09494 1.8309 1.61059 2.03588 1.65989 1.51116 1.48725 1.48149 1.46592 1.66935 1.64201 1.57861 1.36649 1.20607 1.68624 1.19635 1.68728 1.73544 1.99408 1.52183
threshold=3.0677824455408698 1.4978661367769956 0.046425646292876176 0.025204010384943739 -0.0049231367563950662 0.0085281015025061076 0.039771030260543454 3.4498615536424366 -0.025188604294548226 -0.0016195513922511293 -0.0054346346040097049 0.0035993480812343943 -0.014012684695506603 -0.012468763913324571 -0.010954172297352013 -0.0061759947892272389 -0.0023473289629682716 -0.031540257114239072 -0.043083578259536619 -0.050517480165241872 0.012363010915242485 -0.0012130505948990413 6.7656153457204473 -0.0049732592808772918 0.0036226501338021268 0.0070942297685364772 0.0054825606170218694 0.00097776781823185818 0.029086583713874504 -0.017936190979151095
decision_type=2 2 2 2 2 2 2 2 2 2 2 2 2 2 2 2 2 2 2 2 2 2 2 2 2 2 2 2 2 2
left_child=-1 2 7 4 17 12 -5 -2 9 10 -9 -11 14 -14 -6 -12 -15 -3 20 21 -10 -20 25 -19 -25 -21 27 28 -27 -30
right_child=1 3 -4 6 5 -7 -8 8 18 11 15 -13 13 16 -16 -17 -18 23 19 22 -22 -23 -24 24 -26 26 -28 -29 29 -31
leaf_value=-0.011963288811205893 0.012290669705620722 0.00020151452044956387 -0.016318877848486107 -0.015193260256953615 0.0024318123888224363 0.010626328336213952 -0.0013120845261522952 0.012731096208576235 0.0038738151639699939 -0.0016943618335894179 0.0057315499708056458 -0.01902372138919654 -0.0098653558803641281 3.5024765464994642e-06 -0.015822908722541548 -0.013060767981021302 0.017109948206537714 -0.017431268296032042 0.0045813289861525259 0.0081843552296536996 -0.012108149558305741 -0.012707272981819902 -0.0049437809878816975 -0.00057162948589968056 -0.017096605639045054 -0.014776111752898606 0.010050477426160467 0.0069731970611092171 0.012877371758222581 -0.0033961573067833395
leaf_weight=153 76 32 42 99 20 67 34 31 45 35 20 27 23 27 33 23 24 54 31 478 25 23 26 38 26 27 77 73 20 51
leaf_count=153 76 32 42 99 20 67 34 31 45 35 20 27 23 27 33 23 24 54 31 478 25 23 26 38 26 27 77 73 20 51
internal_value=-9.22062e-12 0.00113901 0.00385657 -0.00529883 -0.00284535 0.00217667 -0.0116447 0.0046354 0.0040605 -0.00267681 0.00282294 -0.00924102 -0.00228102 0.00248419 -0.00893433 -0.00432015 0.00805359 -0.00934049 0.00510648 0.00570925 -0.00183403 -0.00278233 0.00631902 -0.0119282 -0.0072849 0.00672237 0.00390451 0.00113703 -0.00321032 0.00118794
internal_weight=1760 1607 1130 477 344 194 133 1088 1012 136 74 62 127 74 53 43 51 150 876 806 70 54 752 118 64 726 248 171 98 71
internal_count=1760 1607 1130 477 344 194 133 1088 1012 136 74 62 127 74 53 43 51 150 876 806 70 54 752 118 64 726 248 171 98 71
is_linear=0
shrinkage=0.05


Tree=13
num_leaves=31
num_cat=0
split_feature=1 61 215 253 153 323 217 243 198 97 226 108 4 246 210 331 132 155 291 299 175 92 269 256 332 200 322 138 268 95
split_gain=8.70618 9.34792 6.83843 2.7898 3.747 2.43936 2.31091 1.91558 2.10131 1.82011 1.72277 1.69401 1.62824 1.83183 1.8782 1.46942 1.43859 2.08678 1.56149 1.61801 1.76296 1.99962 1.57141 1.42532 1.41207 1.37172 1.31845 1.31308 1.26595 1.23817
threshold=2.9700856263602158 1.4978661367769956 0.032060767558630188 0.039262969603271379 -0.0049231367563950662 0.0085281015025061076 -0.099336796865452173 -0.012822981501631343 0.0045947560742447928 0.19769325664880663 -0.0056696160480308446 -0.031540257114239072 0.89587973461402759 -0.052155648921357593 -0.016664177115519704 0.018032738510186757 -0.040299657087393206 0.0040110097507940279 0.0069465086316746151 0.0072634409130559047 0.00086821091708113272 -0.0087635750842111493 0.015887601476295157 -0.0085289961384356038 0.0070271374478384835 0.02475752364115209 0.018284056689480081 -0.002214719489058437 0.0021667235273170569 -0.026870265875288585
decision_type=2 2 2 2 2 2 2 2 2 2 2 2 2 2 2 2 2 2 2 2 2 2 2 2 2 2 2 2 2 2
left_child=-1 2 6 4 11 7 -2 -6 10 12 -9 -3 -8 14 -14 28 17 29 19 20 26 -22 -23 24 -16 -21 27 -18 -7 -15
right_child=1 3 -4 -5 5 15 9 8 -10 -11 -12 -13 13 16 23 -17 18 -19 -20 25 21 22 -24 -25 -26 -27 -28 -29 -30 -31
leaf_value=-0.012249980958129989 -0.010994972847402097 0.0010262005323810237 -0.013723194226622583 -0.013097578352538958 -0.0092276226213345164 -0.0036485629156231881 0.0088018128499177031 -0.011382704732879516 0.012814154207396011 -0.010246670544147492 0.0066780330719547754 -0.011336769430576019 -0.015063851958383685 0.015125948224555364 -0.011329997760745196 0.018991040302948518 -0.00061701629310846335 -0.0084056203808397702 0.008733975620669944 0.0099266507572704759 -0.014439323370655378 0.0043466223031282426 -0.011680375845171512 0.011597634333631267 0.0063415774598252032 -0.0029118541777133945 -0.0046520374991275652 0.011609179180647647 0.010774881945690141 -0.0018476066490014393
leaf_weight=134 24 35 55 84 65 29 220 31 30 20 23 133 23 22 26 22 32 47 248 124 30 65 20 23 20 25 27 70 32 21
leaf_count=134 24 35 55 84 65 29 220 31 30 20 23 133 23 22 26 22 32 47 248 124 30 65 20 23 20 25 27 70 32 21
internal_value=-3.90917e-12 0.00100953 0.0034776 -0.00481388 -0.00307431 0.00104375 0.00434792 -0.00278282 0.00220423 0.00469433 -0.00369017 -0.00876115 0.00498083 0.00395942 -0.00268991 0.00791314 0.00479628 -0.00112326 0.00562741 0.00366703 0.00115998 -0.00334136 0.000575564 0.00143474 -0.0036467 0.00777254 0.00517281 0.00777351 0.00391783 0.00683654
internal_weight=1760 1626 1142 484 400 232 1087 149 84 1063 54 168 1043 823 92 83 731 90 641 393 244 115 85 69 46 149 129 102 61 43
internal_count=1760 1626 1142 484 400 232 1087 149 84 1063 54 168 1043 823 92 83 731 90 641 393 244 115 85 69 46 149 129 102 61 43
is_linear=0
shrinkage=0.05


Tree=14
num_leaves=31
num_cat=0
split_feature=1 61 215 253 153 323 217 109 241 316 171 97 169 4 246 210 134 331 308 81 100 316 303 192 98 92 228 269 135 196
split_gain=7.85733 8.4365 6.17168 2.51779 3.38167 2.20152 2.08559 1.8109 1.73733 1.95755 1.65228 1.64265 1.5397 1.46948 1.65323 1.69508 1.3996 1.32615 1.30734 1.92797 1.68575 1.79355 1.54186 2.57249 1.36776 1.75564 1.51503 1.30911 1.87806 1.24729
threshold=2.9700856263602158 1.4978661367769956 0.032060767558630188 0.039262969603271379 -0.0049231367563950662 0.0085281015025061076 -0.099336796865452173 0.065425532504712738 -0.014012684695506603 -0.0051624589922126271 0.0024162359805990578 0.19769325664880663 -0.0055125121616944823 0.89587973461402759 -0.052155648921357593 -0.016664177115519704 -0.0064135345980122762 0.018032738510186757 -0.0037910607955667273 -0.32903327870293625 -0.037695197698815637 -0.013992169580012993 -0.032614635315340333 -0.022669296757709245 -0.0091452686447219527 -0.026476724281519377 -0.012487023147207409 0.00022249894875318469 0.02860035613517433 -0.00070282555566300109
decision_type=2 2 2 2 2 2 2 2 2 2 2 2 2 2 2 2 2 2 2 2 2 2 2 2 2 2 2 2 2 2
left_child=-1 2 6 4 10 7 -2 8 -6 -10 12 13 -3 -8 15 -15 -17 -7 24 20 21 -20 23 -22 25 -16 -27 28 -24 -14
right_child=1 3 -4 -5 5 17 11 -9 9 -11 -12 -13 29 14 18 16 -18 -19 19 -21 22 -23 27 -25 -26 26 -28 -29 -30 -31
leaf_value=-0.011637481814825911 -0.010445224121212959 0.0038440157090210252 -0.013037034496665002 -0.012442699409854999 -0.01281300981905549 0.0037219427495462001 0.0083617221457164062 0.0088151017470019209 -0.0098371984408004223 0.0065778816917112896 -0.014890361778804515 -0.0097343371994793419 0.001040310647592626 -0.014310659484370894 -0.010861196648329498 -0.0077948844579693215 0.0069003335005322179 0.018041487918658693 0.0036784945225173775 0.0090819293733245595 0.0087827990807238087 -0.014988440244680183 0.0037158935774295105 -0.013474845075431993 0.0094670008761409807 -0.0044327976871971729 0.0096903018595185138 0.0081268645262559964 -0.013001564287004018 -0.013290591608276781
leaf_weight=134 24 36 55 84 47 61 220 28 32 42 61 20 22 23 20 26 43 22 22 93 21 31 84 34 201 27 64 113 21 49
leaf_count=134 24 36 55 84 47 61 220 28 32 42 61 20 22 23 20 26 43 22 22 93 21 31 84 34 201 27 64 113 21 49
internal_value=3.2717e-12 0.000959054 0.00330372 -0.00457319 -0.00292059 0.000991566 0.00413053 -0.00264368 -0.0052953 -0.000520531 -0.00832309 0.00445961 -0.00457914 0.00473179 0.00376145 -0.00255541 0.001363 0.00751748 0.00455646 0.00273183 0.000920298 -0.0072399 0.00250451 -0.00497647 0.00700685 0.00255198 0.00549993 0.00439192 0.000372402 -0.00885003
internal_weight=1760 1626 1142 484 400 232 1087 149 121 74 168 1063 107 1043 823 92 69 83 731 419 326 53 273 55 312 111 91 218 105 71
internal_count=1760 1626 1142 484 400 232 1087 149 121 74 168 1063 107 1043 823 92 69 83 731 419 326 53 273 55 312 111 91 218 105 71
is_linear=0
shrinkage=0.05


Tree=15
num_leaves=31
num_cat=0
split_feature=1 61 215 253 153 323 1 217 9 243 251 211 93 255 165 170 241 221 173 308 221 319 239 212 218 308 81 9 52 266
split_gain=7.10132 8.29322 5.33055 2.29368 3.36017 2.18309 1.65537 2.20116 1.65303 1.58952 2.1159 1.64038 1.31855 1.28472 1.73107 1.73323 1.26368 1.17873 1.17785 2.96595 1.42201 1.57179 1.33069 1.27413 1.11344 1.04388 1.04258 1.32069 1.37234 1.31752
threshold=3.0677824455408698 1.4978661367769956 0.046425646292876176 0.025204010384943739 -0.0049231367563950662 0.0085281015025061076 3.4498615536424366 -0.025188604294548226 0.029080338266384783 -0.022869516041973435 -0.0006435284515310661 -0.028554373254736944 -0.032892194302659911 -0.017733155575376219 0.0029641050769203996 -0.0080636796597448827 -0.031822295292332776 -0.074080111862713141 -0.031484734615430186 -0.0030743514194180505 -0.043083578259536619 0.0049043576353695528 -0.0025480383118062573 -0.23191010202489762 0.01816082010488632 -0.0049349007837008012 -0.32789216764385098 0.049816774891774898 1.0000000180025095e-35 -0.0041052270031754065
decision_type=2 2 2 2 2 2 2 2 2 2 2 2 2 2 2 2 2 2 2 2 2 2 2 2 2 2 2 2 2 2
left_child=-1 2 6 4 16 13 -2 9 12 -8 11 -11 -5 -6 15 -15 -3 -18 19 -9 21 -20 -21 -22 -17 -19 27 28 -25 -29
right_child=1 3 -4 8 5 -7 7 18 -10 10 -12 -13 -14 14 -16 24 17 25 20 22 23 -23 -24 26 -26 -27 -28 29 -30 -31
leaf_value=-0.010293080040186741 0.01110523701400349 7.6733705763881275e-06 -0.014164922448496023 -0.0026617660323846274 -0.010053095286712051 0.0092551462018667773 0.0065448702675186933 0.0072139119609456633 -1.3342725052948921e-05 -0.0093002539995888419 -0.013430889878184239 0.0085517986647544366 -0.016264976714325103 -0.014814785619576774 0.012746665036926667 0.0096825789026916027 -0.0023330599129680668 -0.0074014132195669748 -0.0084164783162506002 0.00097361331184705113 -0.0063608309874931979 0.0083769661797718567 -0.01422579534765747 0.0067282717106100804 -0.0057405167428607289 -0.018769073093552954 0.010620866702237261 -0.011261921635140545 -0.0038155997792879738 0.0048887537393186783
leaf_weight=153 76 37 42 23 35 67 36 66 31 22 47 31 79 21 24 25 31 36 38 24 21 22 36 476 22 46 109 23 33 28
leaf_count=153 76 37 42 23 35 67 36 66 31 22 47 31 79 21 24 25 31 36 38 24 21 22 36 476 22 46 109 23 33 28
internal_value=-1.82097e-11 0.000979988 0.00331368 -0.00454846 -0.00239259 0.00195268 0.00398841 0.00345394 -0.0101246 -0.00246424 -0.00570752 0.00114151 -0.0131976 -0.00189981 0.00120198 -0.00287261 -0.00801246 -0.0106385 0.00437274 -0.000100347 0.00512422 -0.00225888 -0.00814603 0.00576623 0.00246326 -0.0137784 0.0061469 0.00527608 0.00604468 -0.00239488
internal_weight=1760 1607 1130 477 344 194 1088 1012 133 136 100 53 102 127 92 68 150 113 876 126 750 60 60 690 47 82 669 560 509 51
internal_count=1760 1607 1130 477 344 194 1088 1012 133 136 100 53 102 127 92 68 150 113 876 126 750 60 60 690 47 82 669 560 509 51
is_linear=0
shrinkage=0.05


Tree=16
num_leaves=31
num_cat=0
split_feature=1 61 215 91 102 163 303 217 320 203 237 97 271 10 317 172 296 96 141 327 319 314 142 100 7 300 124 318 210 120
split_gain=6.44639 6.84076 5.06186 2.24562 2.2874 2.13661 2.22285 1.56829 1.46727 1.63845 1.59916 1.44871 1.41663 1.29158 1.24373 1.23637 1.21516 1.33144 1.32343 1.27448 1.19782 1.49343 2.0612 1.59357 1.73135 2.0306 1.33811 1.20179 1.18046 1.16973
threshold=2.9700856263602158 1.4978661367769956 0.028262720081313236 -0.10315197680699943 0.043233224748531994 -0.034327838255225888 -0.020287030745506623 -0.099336796865452173 0.023471106853290492 -0.0096850814074537026 0.0025141871796618572 0.19769325664880663 -0.012857015803588489 0.087595907928388769 -0.0030173191106560027 -0.0060590832857604646 0.0091569635688822804 -0.0039581428945058431 0.0038829789094425465 -0.007723397528407676 0.024743984438811758 -0.044551124864195234 0.011409140410327432 -0.037695197698815637 0.79300142827994302 0.0020009408107015251 -0.0014927495998155388 0.003600911330902813 0.016315735964177121 -0.026744628666697676
decision_type=2 2 2 2 2 2 2 2 2 2 2 2 2 2 2 2 2 2 2 2 2 2 2 2 2 2 2 2 2 2
left_child=-1 2 7 -3 5 -5 -7 -2 9 14 16 13 -12 20 -8 -14 18 -18 19 -11 21 22 26 24 25 27 -9 -23 29 -25
right_child=1 3 -4 4 -6 6 8 11 -10 10 12 -13 15 -15 -16 -17 17 -19 -20 -21 -22 23 -24 28 -26 -27 -28 -29 -30 -31
leaf_value=-0.010540953731692549 -0.0091670335796864132 0.0089062328765829729 -0.011411064760438329 0.0097778808807821166 -0.013531905511713852 -0.01292887657880783 -0.0027875679545104506 0.011067820994538211 -0.011125411575829441 0.0015738637372851372 -0.019216377226014936 -0.0092994567938148986 -0.013440187955275179 0.0097187650267674466 0.013309307346741359 0.003238645436242223 0.013989889644569934 -0.0027230488395699384 0.0049001746778858119 -0.014421793090348895 0.0069547232827299257 -0.0051276982495827338 -0.016880098560994324 0.010512893326166603 0.0090341873191021101 0.0020705459292891418 -0.0057606513439505194 -0.02225356072187424 -0.0024921368456111768 0.0042024599579641398
leaf_weight=134 23 31 58 28 67 65 20 21 44 20 24 20 20 99 30 25 26 22 29 33 219 21 22 90 27 43 27 20 53 399
leaf_count=134 23 31 58 28 67 65 20 21 44 20 24 20 20 99 30 25 26 22 29 33 219 21 22 90 27 43 27 20 53 399
internal_value=1.14299e-11 0.000868689 0.00298 -0.00411295 -0.00500389 -0.00352364 -0.00456398 0.00375 -0.00270829 -0.00122092 -0.00325396 0.00403001 -0.00940624 0.0042861 0.00687056 -0.00417417 1.14863e-05 0.00632979 -0.00368703 -0.0083857 0.00371515 0.00273387 -0.00420679 0.00347789 -0.00198015 -0.00552047 0.00160181 -0.0134818 0.00459568 0.00536389
internal_weight=1760 1626 1142 484 453 386 358 1084 293 249 199 1061 69 1041 50 45 130 48 82 53 942 723 70 653 111 84 48 41 542 489
internal_count=1760 1626 1142 484 453 386 358 1084 293 249 199 1061 69 1041 50 45 130 48 82 53 942 723 70 653 111 84 48 41 542 489
is_linear=0
shrinkage=0.05


Tree=17
num_leaves=31
num_cat=0
split_feature=1 61 215 91 102 111 237 92 171 205 208 217 96 227 270 251 302 287 239 0 89 191 257 221 176 181 318 98 185 253
split_gain=5.81787 6.17379 4.56833 2.02667 2.07023 2.03302 1.94052 1.81328 1.74518 1.84345 1.63307 1.46415 1.5124 1.8002 1.36172 1.35932 1.28081 1.20966 1.61085 1.17256 1.40069 1.14096 1.12847 1.14124 1.72485 1.05957 1.19144 1.013 1.39511 1.79744
threshold=2.9700856263602158 1.4978661367769956 0.028262720081313236 -0.10315197680699943 0.021000944536793856 0.056673496320106431 -0.03013307510673818 0.05283856420452928 0.0024162359805990578 -0.0048376848692070077 -0.0035027313584436669 -0.021503461360732088 0.024414550362402674 -0.034992728755929028 0.014075082091753363 0.0014026818981303921 0.0091215017370144119 -0.00048608628611883218 -0.029377617613883911 6.0509113120781883 1.0000000180025095e-35 0.00020082746178111963 -0.1275603826398817 -0.039411420825324346 -0.0073822316363674045 -0.011904974237541516 -0.0056622355149999514 -0.0078614958876466901 0.0030092194314312458 -0.0043383450592662841
decision_type=2 2 2 2 2 2 2 2 2 2 2 2 2 2 2 2 2 2 2 2 2 2 2 2 2 2 2 2 2 2
left_child=25 2 11 -3 5 6 7 -5 10 15 -8 12 13 21 -12 -10 -14 -6 -19 22 -21 -2 -13 24 -24 -1 -27 28 29 -22
right_child=1 3 -4 4 17 -7 8 -9 9 -11 14 19 16 -15 -16 -17 -18 18 -20 20 27 -23 23 -25 -26 26 -28 -29 -30 -31
leaf_value=-0.01559715283354028 0.0021619763830676673 0.008460921235007024 -0.010840511254580885 0.016565681277559356 -0.014182446381698053 -0.017599378987437204 -0.0075390310241625867 -0.0016186943438289494 -0.0084347223778339954 -0.012257541577594403 0.0097557325910132102 -0.0055070249606733734 -0.017709252451147354 0.006196755365956398 -0.0037667143062270919 0.0089497694502706122 -2.9333941638469698e-05 -0.015726332366466523 0.0015289604017246013 -0.0099167449325323117 -0.018898219373077157 -0.014338755801277745 -0.0090847728052927592 0.0064756228949742721 0.0066284169536083935 -0.012213124347807365 -0.00014479774026534498 0.0052608931621977396 0.0058079477166756988 0.001812496002424847
leaf_weight=52 20 31 58 26 75 21 39 29 22 78 52 23 21 84 29 23 20 21 38 25 20 22 31 593 40 43 39 131 32 22
leaf_count=52 20 31 58 26 75 21 39 29 22 78 52 23 21 84 29 23 20 21 38 25 20 22 31 593 40 43 39 131 32 22
internal_value=7.63273e-12 0.000825254 0.002831 -0.0039073 -0.00475369 -0.00256297 -0.00150336 0.00697756 -0.00342291 -0.00760819 0.00086701 0.0035625 -0.000743513 0.00197075 0.00491436 0.000450685 -0.0090849 -0.00996893 -0.00461275 0.00434669 0.00125662 -0.00648126 0.00538121 0.00575836 -0.000232272 -0.0100139 -0.00647331 0.00261923 -0.00205723 -0.00804975
internal_weight=1760 1626 1142 484 453 319 298 55 243 123 120 1084 167 126 81 45 41 134 59 917 230 42 687 664 71 134 82 205 74 42
internal_count=1760 1626 1142 484 453 319 298 55 243 123 120 1084 167 126 81 45 41 134 59 917 230 42 687 664 71 134 82 205 74 42
is_linear=0
shrinkage=0.05


Tree=18
num_leaves=31
num_cat=0
split_feature=1 61 93 278 253 153 241 323 171 108 0 80 211 181 307 121 263 303 225 140 124 282 262 225 285 327 318 225 259 169
split_gain=5.25063 5.57184 4.13372 1.93593 1.84583 2.22807 1.72375 2.11583 1.76698 1.29957 1.29264 1.28897 1.80493 2.23775 1.4136 1.65739 1.83274 2.44533 1.59363 1.60493 1.25136 1.17499 1.14187 1.08402 1.27669 1.6263 1.039 1.05012 1.19517 0.985736
threshold=2.9700856263602158 1.4978661367769956 -0.061544012517168449 0.019115673353915934 0.0404783029797511 -0.0049231367563950662 -0.014012684695506603 -0.012468763913324571 -0.0083256016073439808 -0.031540257114239072 11.03313783648162 1.0000000180025095e-35 -0.094421379704506661 0.0076475892117307065 -0.0029352117435652385 0.013926436778857165 -0.018647957451352466 0.001262280012418946 -0.0061138558888358856 0.0076650837444167614 -0.0051645402161533413 0.0090958623503003423 -0.030961830593564572 -0.0058252662218666405 0.019852168442697913 0.00089516578664863302 0.010986017179499798 0.016660943476849443 0.0028524644761557558 -0.0058466223094511193
decision_type=2 2 2 2 2 2 2 2 2 2 2 2 2 2 2 2 2 2 2 2 2 2 2 2 2 2 2 2 2 2
left_child=-1 2 3 -2 5 9 8 -8 -7 -3 -9 12 13 -4 23 18 -17 20 19 -16 -18 -10 -20 -14 -25 -26 -13 28 -28 -11
right_child=1 4 11 -5 -6 6 7 10 21 29 -12 26 14 -15 15 16 17 -19 22 -21 -22 -23 -24 24 25 -27 27 -29 -30 -31
leaf_value=-0.0095132107259149664 -0.01399188842624426 0.0018626778759062289 -0.018480510789562355 0.0043129104375839236 -0.01065081652806839 0.0062928812291759718 -0.007681555151939393 0.009696986657616341 -0.0022620780453566584 -0.0036557809950537841 -0.0040107895043634233 0.010031614849964779 0.0082084077894477182 0.0046281276550143953 0.0025309386068127224 0.0064376163051316623 -0.0053492970507720422 0.0018540281400668856 -0.0040374471441559168 -0.011233906100193661 -0.019585698289853154 -0.015920503373490647 0.0079164864654701801 0.005296531402916642 -0.010000797319743369 0.0065994071215391172 -0.0079400518722832197 0.010982866098101323 0.0068624806068837644 -0.012426236899638619
leaf_weight=134 52 35 22 20 80 26 30 95 31 53 21 120 177 20 72 38 29 51 23 30 33 32 152 161 36 25 30 26 25 81
leaf_count=134 52 35 22 20 80 26 30 95 31 53 21 120 177 20 72 38 29 51 23 30 33 32 152 161 36 25 30 26 25 81
internal_value=8.10939e-12 0.000783992 0.00268945 -0.00890722 -0.00371194 -0.0023379 0.000810957 0.00415439 -0.00467377 -0.0067165 0.00721541 0.00346978 0.00263517 -0.0074764 0.00314869 0.00115276 -0.00306141 -0.00625577 0.00345002 -0.00151755 -0.0129267 -0.00919969 0.0063454 0.00528969 0.0029626 -0.00319743 0.00707815 0.00270265 -0.00121163 -0.00895733
internal_weight=1760 1626 1142 72 484 404 235 146 89 169 116 1070 869 42 827 428 151 113 277 102 62 63 175 399 222 61 201 81 55 134
internal_count=1760 1626 1142 72 484 404 235 146 89 169 116 1070 869 42 827 428 151 113 277 102 62 63 175 399 222 61 201 81 55 134
is_linear=0
shrinkage=0.05


Tree=19
num_leaves=31
num_cat=0
split_feature=1 61 93 102 109 331 275 134 226 303 283 2 116 130 288 107 100 126 132 149 171 331 139 289 130 304 297 320 219 308
split_gain=4.73869 5.06116 3.9755 2.10001 1.91023 1.831 1.59322 1.45913 1.42915 1.33011 1.25996 1.22669 1.20783 1.4833 1.19126 1.14794 1.13334 1.41632 2.17646 1.14935 1.85403 1.29003 1.31066 1.66404 2.07816 1.4104 1.14656 1.1288 1.25919 1.12848
threshold=2.9700856263602158 1.2424533248940004 -0.060573939741531989 0.031367212586183184 0.096041898799864453 0.02021549286961007 0.011514414637566714 -0.0064135345980122762 -0.028712431464645749 -0.012442708604721143 0.0089693113012992345 5.6903366269220443 -0.02655387715520682 -0.0068720882350604339 -0.0084031469867416313 -0.01482766194560887 0.1264123776376356 0.044117269733082769 0.019575220224702861 -0.055270279014275607 -0.011106578245221503 -0.025000493490124853 -0.020027027214795309 -0.053573956687855813 0.0079821814977595797 -0.0037008977134491698 -0.013188309038999009 0.0086767284106904971 0.025142089206882941 0.0031927677010294871
decision_type=2 2 2 2 2 2 2 2 2 2 2 2 2 2 2 2 2 2 2 2 2 2 2 2 2 2 2 2 2 2
left_child=-1 2 14 4 5 6 8 -7 -3 -10 11 -11 -8 -14 -2 -12 17 19 27 20 -4 22 -21 -24 25 -25 -26 28 -19 -23
right_child=1 3 16 -5 -6 7 12 -9 9 10 15 -13 13 -15 -16 -17 -18 18 -20 21 -22 29 23 24 26 -27 -28 -29 -30 -31
leaf_value=-0.0090375501867522717 0.0011098793521523477 0.0058788853753358131 -0.01537282455712557 -0.0089537437443551991 0.011590162234810684 -0.0066173636168241502 -0.016009802142014872 0.0093173945651334866 -0.010859345570404797 0.0081547726628681035 -0.016190563868731262 -0.0067276139470050112 -0.012020134073423429 0.0026556243273344908 -0.013459668451167167 0.00054715928577241449 0.011130357460807198 0.0052679002786485052 -0.012778517143691288 0.0078763456105492829 0.0048762841150164606 0.0071340452534733 0.010655268033345541 -0.0020085626840591433 0.010714234349628289 -0.01765293691526441 -0.00474106071778806 0.010896660527214408 -0.011193587471331869 0.0029798726039920367
leaf_weight=134 20 50 20 124 26 20 39 51 47 45 20 20 36 33 47 21 46 26 34 43 26 351 21 25 24 34 24 26 21 306
leaf_count=134 20 50 20 124 26 20 39 51 47 45 20 20 36 33 47 21 46 26 34 43 26 351 21 25 24 34 24 26 21 306
internal_value=1.76111e-12 0.000744792 0.00269007 -0.00325546 -0.00152363 -0.00241619 -0.00407018 0.00482873 -0.00145987 -0.00385815 -0.000753853 0.00357558 -0.00897659 -0.00500129 -0.00911055 -0.00761758 0.00345993 0.00310025 -0.0023295 0.00376499 -0.00392768 0.00419236 0.000323893 -0.00221326 -0.00473886 -0.011024 0.00298659 0.00253717 -0.00208723 0.00519923
internal_weight=1760 1626 1094 532 408 382 311 71 203 153 106 65 108 69 67 41 1027 981 107 874 46 828 171 128 107 59 48 73 47 657
internal_count=1760 1626 1094 532 408 382 311 71 203 153 106 65 108 69 67 41 1027 981 107 874 46 828 171 128 107 59 48 73 47 657
is_linear=0
shrinkage=0.05


Tree=20
num_leaves=31
num_cat=0
split_feature=1 61 93 102 109 331 269 241 91 151 219 92 95 237 324 288 100 126 132 288 149 171 331 139 289 130 304 121 205 107
split_gain=4.27667 4.56769 3.58789 1.89526 1.72399 1.65248 1.47338 1.50777 1.75782 1.60266 1.49909 1.34921 1.32725 1.46705 1.51556 1.07511 1.02284 1.27823 1.96426 1.06368 1.03729 1.67326 1.16425 1.18287 1.50179 1.87554 1.27289 1.12505 1.3071 1.45012
threshold=2.9700856263602158 1.2424533248940004 -0.060573939741531989 0.031367212586183184 0.096041898799864453 0.02021549286961007 -0.075879979612368753 0.00018837009225411609 -0.041630766326145867 -0.0053070381545653189 -0.040819122103130406 0.090162333477468451 0.076719986328748643 0.0025141871796618572 0.0042958960169322963 -0.0084031469867416313 0.1264123776376356 0.044117269733082769 0.019575220224702861 -0.0023675278249135376 -0.055270279014275607 -0.011106578245221503 -0.025000493490124853 -0.020027027214795309 -0.053573956687855813 0.0079821814977595797 -0.0037008977134491698 0.013926436778857165 -0.0030217312548292828 0.022295466053664587
decision_type=2 2 2 2 2 2 2 2 2 2 2 2 2 2 2 2 2 2 2 2 2 2 2 2 2 2 2 2 2 2
left_child=-1 2 15 4 5 6 -3 12 -9 -10 -11 -7 13 14 -8 -2 17 20 19 -19 21 -4 23 -22 -25 26 -26 -24 -29 -30
right_child=1 3 16 -5 -6 11 7 8 9 10 -12 -13 -14 -15 -16 -17 -18 18 -20 -21 22 -23 27 24 25 -27 -28 28 29 -31
leaf_value=-0.0085856726670893151 0.0010543853044509889 -0.013689757705501774 -0.014604183137416842 -0.0085060565240470867 0.011010654256320918 0.008903579958075402 0.0073347321036271763 0.013247709006071091 -0.0083119840281916432 -0.0031361197804411255 0.013629276584833861 -0.0064192359628214048 -0.014726495990779607 -0.010985459535870525 -0.0069122732430696486 -0.01278668504129065 0.010573839558207471 -0.0054675909104170625 -0.012139591355534163 0.0070342943345641966 0.0074825282880040108 0.004632469839774645 0.0063524744350745878 0.010122504652965637 -0.0019081345200538634 0.0028372575172397776 -0.016770290079362253 -0.0031623695894509932 0.0076328287474237951 -0.0055691994153536286
leaf_weight=134 20 34 20 124 26 51 40 25 47 30 24 20 34 42 35 47 46 27 34 46 43 26 448 21 25 48 34 79 104 26
leaf_count=134 20 34 20 124 26 51 40 25 47 30 24 20 34 42 35 47 46 27 34 46 43 26 448 21 25 48 34 79 104 26
internal_value=1.10297e-12 0.000707552 0.00255557 -0.00309269 -0.00144745 -0.00229538 -0.00386667 -0.00266095 0.00137737 -0.00156083 0.00431517 0.00458729 -0.00603067 -0.00350367 0.00068613 -0.00865502 0.00328693 0.00294524 -0.00221302 0.00241031 0.00357674 -0.00373129 0.00398274 0.000307699 -0.0021026 -0.00450191 -0.0104728 0.00493926 0.00190999 0.00499242
internal_weight=1760 1626 1094 532 408 382 311 277 126 101 54 71 151 117 75 67 1027 981 107 73 874 46 828 171 128 107 59 657 209 130
internal_count=1760 1626 1094 532 408 382 311 277 126 101 54 71 151 117 75 67 1027 981 107 73 874 46 828 171 128 107 59 657 209 130
is_linear=0
shrinkage=0.05


Tree=21
num_leaves=31
num_cat=0
split_feature=1 61 93 91 102 228 274 4 132 278 248 257 243 151 196 263 97 230 227 236 302 284 217 88 219 291 175 112 295 154
split_gain=3.85969 4.13481 3.02242 1.62935 1.63286 1.60784 1.9901 1.94367 1.53505 1.53156 1.50281 1.59181 1.23622 1.10745 1.3006 1.19555 1.04417 1.15499 1.23405 1.48181 1.23848 1.19942 1.10444 1.17392 1.24078 1.39796 1.95709 1.36329 1.28496 1.34877
threshold=2.9700856263602158 1.4978661367769956 -0.061544012517168449 -0.11772513854544932 0.043233224748531994 0.03643919751637445 0.0039841073932624467 6.6424859514441321 -0.018521410013630116 0.019115673353915934 0.001187010953575084 0.0026162690473022911 -0.033413451207121893 0.0033019680690478462 -0.0028164303145036822 0.0014268186380469766 0.19769325664880663 0.051920988835069078 -0.034992728755929028 -0.0020271013160188239 0.0091215017370144119 0.0166768485522957 -0.080627354030406148 -0.11388522988203868 -0.027265412530492899 0.005258727892747104 -0.0045370597508258082 -0.035866535999160142 0.039780453396217337 0.0051233074783303273
decision_type=2 2 2 2 2 2 2 2 2 2 2 2 2 2 2 2 2 2 2 2 2 2 2 2 2 2 2 2 2 2
left_child=-1 2 9 -3 5 6 7 8 12 -2 -7 -12 -5 14 -8 -15 17 18 19 20 -4 -21 -20 -24 -25 26 28 -28 29 -26
right_child=1 3 16 4 -6 10 13 -9 -10 -11 11 -13 -14 15 -16 -17 -18 -19 22 21 -22 -23 23 24 25 -27 27 -29 -30 -31
leaf_value=-0.0081563890842137055 -0.012125014327466488 0.0089750484097748991 -0.012873897051964052 -0.010518773719668389 -0.011104145078961529 -0.013339268358761508 0.00018084410213581895 -0.0062585277979572617 0.010411784701049328 0.0041561673209071157 0.0075964010010162999 -0.011503045298159124 0.0053275753802154218 0.0090836079347701298 -0.014231909924585904 -0.0072523874036657318 -0.0083364605158567431 0.008365011904673765 -0.0055609592885682083 0.0071725450885983619 0.0017550832551458608 -0.0067545102739875965 0.008261590454787986 0.0072163801355054598 0.010251729786396028 0.0048326903979094438 -0.016222832706712542 -0.0024928262772468419 -0.0075013095343654801 -5.8789538412258553e-05
leaf_weight=134 52 26 39 20 67 58 23 45 75 20 24 20 32 21 49 24 20 98 33 52 23 22 123 135 70 224 21 130 22 58
leaf_count=134 52 26 39 20 67 58 23 45 75 20 24 20 32 21 49 24 20 98 33 52 23 22 123 135 70 224 21 130 22 58
internal_value=7.35037e-12 0.000672175 0.00231362 -0.00320083 -0.00389203 -0.0026562 -0.000751379 0.00267068 0.00583457 -0.00760246 -0.00805318 -0.00108517 -0.000767174 -0.0057821 -0.00962784 0.000371077 0.00298087 0.00319644 0.00266438 -0.00174516 -0.00744702 0.00303207 0.00339931 0.00377694 0.00294117 0.00184183 -0.000383935 -0.0044023 0.00366122 0.00557978
internal_weight=1760 1626 1142 484 458 391 289 172 127 72 102 44 52 117 72 45 1070 1050 952 136 62 74 816 783 660 525 301 151 150 128
internal_count=1760 1626 1142 484 458 391 289 172 127 72 102 44 52 117 72 45 1070 1050 952 136 62 74 816 783 660 525 301 151 150 128
is_linear=0
shrinkage=0.05


Tree=22
num_leaves=31
num_cat=0
split_feature=1 61 93 102 111 237 163 83 171 250 257 208 143 122 259 176 200 92 181 318 136 279 97 235 325 2 221 176 95 251
split_gain=3.48337 3.74068 2.92455 1.58898 1.39425 1.52147 1.4764 1.39199 1.28693 1.71123 1.54714 1.08186 1.27756 1.1599 1.19259 1.05733 1.02233 1.01944 0.956258 1.07528 0.952529 0.923212 1.35439 1.69895 1.4953 1.4792 1.45675 1.29514 1.53124 1.1541
threshold=2.9700856263602158 1.2424533248940004 -0.060573939741531989 0.021000944536793856 0.056673496320106431 -0.026097090792581556 -0.0058240281259669601 0.31328894215923719 0.0024162359805990578 -0.032553502450391757 0.014640329643716752 -0.0035027313584436669 0.0005005015532920839 0.0035475807954797236 0.0052109717732872467 0.021952904642430823 -0.00090268883547783396 0.05283856420452928 -0.011904974237541516 -0.0056622355149999514 -0.0047003901138160716 0.021255513236260671 0.0059149053486725394 -0.040262395114728573 -0.031899171999051852 2.0126758453675748 -0.0041588319940071951 0.024253508135506131 -0.0050271327572931667 -0.006732520048437802
decision_type=2 2 2 2 2 2 2 2 2 2 2 2 2 2 2 2 2 2 2 2 2 2 2 2 2 2 2 2 2 2
left_child=18 2 -2 4 5 6 -3 15 11 -10 -11 12 -7 -13 -15 16 20 -8 -1 -20 -5 22 -4 25 -25 -24 -26 29 -29 -28
right_child=1 3 21 7 -6 8 17 -9 9 10 -12 13 -14 14 -16 -17 -18 -19 19 -21 -22 -23 23 24 26 -27 27 28 -30 -31
leaf_value=-0.013052654162479136 -0.0078104225668444568 0.013844482518513413 0.0041005849725083464 0.0027197693029175633 -0.013135792861099949 -0.014065019339323043 0.0074467537481160391 0.0049245469610799449 0.0082524167699739338 -0.010906823496440086 0.0022416139766573908 0.010528279330835423 0.0038064417243003842 0.0076623529594923778 -0.0088180827989202473 0.0012852747155272443 -0.01387355063850872 -0.0083263750997139147 -0.0098378269868188133 0.0016270831561623477 -0.011670211265268534 0.0054813975300122475 -0.016620200513689606 0.0084190362212011368 -0.0074551384391573564 0.00043988858039180443 0.0094293159448494354 -0.016001805104315283 0.0017433957827668036 0.000327308467205833
leaf_weight=52 67 34 395 23 22 20 21 22 20 88 30 44 20 21 23 23 78 20 43 39 23 270 27 59 57 24 59 20 31 85
leaf_count=52 67 34 395 23 22 20 21 22 20 88 30 44 20 21 23 23 78 20 43 39 23 270 27 59 57 24 59 20 31 85
internal_value=-2.10341e-12 0.000638566 0.00231093 -0.00280048 -0.000935973 -0.000148888 0.00614089 -0.0068053 -0.00192232 -0.00527177 -0.007564 0.0016888 -0.00512929 0.00478793 -0.00095242 -0.00856079 -0.0103871 -0.000247455 -0.00774857 -0.004385 -0.00447522 0.00297124 0.00207594 -0.000133281 0.00125383 -0.00859192 -0.000423742 0.00163159 -0.00521551 0.0040566
internal_weight=1760 1626 1094 532 363 341 75 169 266 138 118 128 40 88 44 147 124 41 134 82 46 1027 757 362 311 51 252 195 51 144
internal_count=1760 1626 1094 532 363 341 75 169 266 138 118 128 40 88 44 147 124 41 134 82 46 1027 757 362 311 51 252 195 51 144
is_linear=0
shrinkage=0.05


Tree=23
num_leaves=31
num_cat=0
split_feature=1 61 215 102 1 272 99 102 249 331 307 256 260 148 195 154 182 263 206 303 174 8 299 323 166 161 207 328 147 286
split_gain=3.14879 3.74116 2.4747 1.46411 1.3706 1.26715 1.23962 2.04607 2.24201 1.23655 1.57744 1.53205 1.21831 1.64186 1.21824 1.22337 1.20581 1.47481 1.13937 1.25204 1.5541 1.27915 1.61855 1.45929 1.20207 1.25797 1.34622 1.12862 1.11043 1.10095
threshold=3.0677824455408698 1.2424533248940004 0.046425646292876176 0.021000944536793856 3.4498615536424366 -0.034769677392745502 0.096543365425054581 0.012461007751922859 -0.0029650789326837392 -0.016313222027552667 -0.015289830076947 -0.035187033199128047 0.0037690730933199216 0.00089144333692238941 0.00961507892870587 -0.036951842141249948 0.033075840552315681 -0.0042124543025383676 0.030815388554238838 0.012885103595483262 0.036653899832620053 0.019672342621259033 0.0033443417493425535 0.012949735937636589 0.0085932392578774962 -0.0077300006866685049 -0.004465335112135929 -0.057295553795736323 0.013835692313503798 -0.0041806052726739385
decision_type=2 2 2 2 2 2 2 2 2 2 2 2 2 2 2 2 2 2 2 2 2 2 2 2 2 2 2 2 2 2
left_child=-1 2 4 9 -2 -5 14 -8 -9 11 -11 -3 -7 -14 16 -16 18 -18 19 20 21 22 23 24 25 -6 -27 -17 -12 -19
right_child=1 3 -4 5 6 12 7 8 -10 10 28 -13 13 -15 15 27 17 29 -20 -21 -22 -23 -24 -25 -26 26 -28 -29 -30 -31
leaf_value=-0.0068540540630350894 0.0094690606618920981 0.0064132846045223159 -0.0095659512671686358 -0.015301332173540311 -0.013920203428715467 -0.0093536439208457105 0.0075774888259669149 -0.017571292456705124 0.001295728350598966 0.0076388709368900619 0.0010581980303574641 -0.0083220854045802286 0.0084403408094658513 -0.0072295828296669896 -0.0025912540523629441 -0.0039512008960757945 -0.014255589857697488 -0.0077117869816720492 0.0093516142280013464 0.0055100632590810526 -0.013513231724500658 0.0077134586808304973 0.0037779345594603445 0.0048953038695103979 -0.014298285251936396 0.0095561771217035144 -0.0064527230786866167 0.0082112119479391451 -0.0075286133933091933 0.008172180814047655
leaf_weight=153 72 22 42 34 20 65 30 32 31 65 130 89 32 35 38 21 25 20 54 149 20 56 116 34 37 24 29 208 53 24
leaf_count=153 72 22 42 34 20 65 30 32 31 65 130 89 32 35 38 21 25 20 54 149 20 56 116 34 37 24 29 208 53 24
internal_value=1.02525e-12 0.000652564 0.00233304 -0.00281081 0.00281357 -0.00669384 0.00231854 -0.00316978 -0.00828752 -0.00101531 0.000947886 -0.00540156 -0.00447675 0.00025456 0.00290186 0.00571719 0.00166553 -0.00455787 0.00246222 0.00169515 3.41801e-06 0.000858902 -0.000617464 -0.0041582 -0.00695656 -0.00323541 0.00079659 0.00709588 -0.00142869 0.000952195
internal_weight=1760 1607 1082 525 1040 166 968 93 63 359 248 111 132 67 875 267 608 69 539 485 336 316 260 144 110 73 53 229 183 44
internal_count=1760 1607 1082 525 1040 166 968 93 63 359 248 111 132 67 875 267 608 69 539 485 336 316 260 144 110 73 53 229 183 44
is_linear=0
shrinkage=0.05


Tree=24
num_leaves=31
num_cat=0
split_feature=1 61 93 91 102 111 237 163 138 271 243 117 247 149 278 279 86 309 97 273 100 200 332 92 120 202 127 246 200 101
split_gain=2.85784 3.03095 2.42488 1.41983 1.54555 1.31881 1.42329 1.17352 1.0997 1.29412 1.51525 1.23815 1.08931 0.951126 1.02867 0.915396 1.16423 1.65496 1.85992 1.40743 1.36236 1.56008 1.51299 1.1735 1.05274 1.83142 1.67239 1.32085 1.27226 1.19772
threshold=2.9700856263602158 1.2424533248940004 -0.060573939741531989 -0.11772513854544932 0.031367212586183184 0.056673496320106431 -0.031320930843893507 -0.003269987115894392 0.00058577462349720857 0.009475389928115965 0.011838982838976572 0.030968906732430371 -0.0037246039136363167 0.013029600165250349 0.026238586736989492 -0.084761141677399038 -0.036059734225816618 -0.030980893766168201 0.0059149053486725394 0.033912434196681322 -0.0032229629029293266 -0.003686353732263102 0.013233127838751331 1.0000000180025095e-35 0.012213424207439654 0.022123502467677438 -0.050168015283091311 -0.043107423667305265 0.00099081997953208672 0.012334945556749256
decision_type=2 2 2 2 2 2 2 2 2 2 2 2 2 2 2 2 2 2 2 2 2 2 2 2 2 2 2 2 2 2
left_child=-1 2 -2 -3 5 6 7 -5 11 10 12 13 -10 14 -8 -4 17 18 23 20 21 22 -19 -17 26 27 28 -26 -18 -28
right_child=1 3 15 4 -6 -7 8 -9 9 -11 -12 -13 -14 -15 -16 16 24 19 -20 -21 -22 -23 -24 -25 25 -27 29 -29 -30 -31
leaf_value=-0.007018438506690758 -0.0071324772131976799 0.0084416904021054513 0.0096583356459935508 0.01354626040140699 -0.0082765321389450582 -0.013826469327544883 -0.011475175117885464 -0.00027640922652447927 -0.0041555799803761548 0.0088006539074213883 -0.013305484062141699 0.0041178239804382129 0.0075463015787504825 0.0024279763287102635 -0.00017003333912445952 0.0099640436780949436 0.0050849315337836744 -0.016371749341487885 -0.013401682531779133 -0.0080284460447728641 0.0055254044674518631 0.0028385605295038513 0.0019203952327370645 -0.0057954015279257746 -0.0048655329819032277 -0.013250072002410891 0.0094630333398645003 0.0052436155037811176 -0.012749438537284732 0.002649012843918319
leaf_weight=134 67 28 45 28 113 21 89 34 43 38 23 30 37 22 26 21 20 26 41 32 205 93 20 27 43 20 185 130 20 99
leaf_count=134 67 28 45 28 113 21 89 34 43 38 23 30 37 22 26 21 20 26 41 32 205 93 20 27 43 20 185 130 20 99
internal_value=8.4798e-12 0.000578395 0.00208377 -0.00251725 -0.00312608 -0.00163759 -0.000945789 0.00596609 -0.00233714 0.00091434 -0.00199517 -0.0050824 0.00125654 -0.00709705 -0.00891923 0.00268503 0.00236548 0.000550164 -0.0055809 0.0020014 0.00293441 -0.000886845 -0.00841864 0.00109936 0.00399821 0.00107487 0.00573958 0.00273094 -0.00383225 0.00708772
internal_weight=1760 1626 1094 532 504 391 370 62 308 141 103 167 80 137 115 1027 982 465 89 376 344 139 46 48 517 193 324 173 40 284
internal_count=1760 1626 1094 532 504 391 370 62 308 141 103 167 80 137 115 1027 982 465 89 376 344 139 46 48 517 193 324 173 40 284
is_linear=0
shrinkage=0.05


Tree=25
num_leaves=31
num_cat=0
split_feature=1 61 215 91 102 228 274 331 4 132 248 208 195 97 188 259 144 314 158 200 242 184 178 130 301 282 172 224 185 318
split_gain=2.5792 2.76299 2.11955 1.21377 1.14539 1.30559 1.62731 1.65218 1.25199 1.59769 1.22233 1.38591 0.996697 1.40205 1.57378 1.40302 1.59204 1.33652 1.57052 1.27953 1.98152 1.83461 1.07032 0.978521 1.63856 1.42964 0.971203 1.0088 0.902871 0.89479
threshold=2.9700856263602158 1.4978661367769956 0.028262720081313236 -0.11772513854544932 0.043233224748531994 0.03643919751637445 0.0039841073932624467 0.018032738510186757 6.6424859514441321 -0.018521410013630116 0.001187010953575084 -0.0035027313584436669 0.00961507892870587 0.010698203694800757 -0.00047463717664857346 -0.053637342573992004 0.042131559556815475 -0.032367154647972483 -0.0033829095192231475 -0.0018664283835907265 -0.018161836781004113 0.0036162550803873184 0.026226588644171048 0.0026090297702491571 0.010450545643913151 0.0025125017762839311 -0.022236635203704409 0.0069284586141351041 0.0011190330440651508 0.020758080324846478
decision_type=2 2 2 2 2 2 2 2 2 2 2 2 2 2 2 2 2 2 2 2 2 2 2 2 2 2 2 2 2 2
left_child=-1 2 12 -3 5 6 7 8 9 -5 -7 -12 13 14 19 -15 23 18 -14 20 -2 28 -16 24 -17 -26 -21 -28 -22 -19
right_child=1 3 -4 4 -6 10 -8 -9 -10 -11 11 -13 17 15 22 16 -18 29 -20 26 21 -23 -24 -25 25 -27 27 -29 -30 -31
leaf_value=-0.0066675165104297515 0.0071492227553217507 0.0078924878428761787 -0.0074210679094339239 -0.0048340239968055337 -0.0092534915160095849 -0.011808706292930734 -0.0050106872262683918 0.012157609344770511 -0.0077356112604910461 0.0081654452695511283 -0.0096309874545444148 0.0081166768954558811 -0.0083810314928230486 -0.0099598460923880344 0.0074758938610708968 0.0027771398796936249 -0.013133107835338229 0.0078210025244369735 0.0073905458328900513 -0.0063031604735269437 0.004702813604048321 -0.019957500859163702 -0.0033339086848382764 0.0041161287070472577 -0.018292803689837458 -0.00066350732484589457 0.0086669721219637622 -0.0022240831516683103 -0.0099590181594803231 0.001341714347816176
leaf_weight=134 27 26 58 39 67 58 117 36 37 60 22 22 38 40 192 67 21 205 27 21 21 24 26 133 23 23 73 30 21 72
leaf_count=134 27 26 58 39 67 58 117 36 37 60 22 22 38 40 192 67 21 205 27 21 21 24 26 133 23 23 73 30 21 72
internal_value=6.96508e-12 0.000549476 0.00189128 -0.00261652 -0.0032131 -0.00217804 -0.000461572 0.00263288 0.000111634 0.00304444 -0.00704137 -0.000757155 0.00238954 0.00136023 0.00318611 -0.00122694 8.13598e-05 0.00462273 -0.00182976 0.000171746 -0.00426163 -0.0089297 0.00618665 0.00120942 -0.00221174 -0.00947816 0.00349678 0.00549482 -0.0026281 0.00613686
internal_weight=1760 1626 1142 484 458 391 289 172 136 99 102 44 1084 742 435 307 267 342 65 217 93 66 218 246 113 46 124 103 42 277
internal_count=1760 1626 1142 484 458 391 289 172 136 99 102 44 1084 742 435 307 267 342 65 217 93 66 218 246 113 46 124 103 42 277
is_linear=0
shrinkage=0.05


Tree=26
num_leaves=31
num_cat=0
split_feature=1 61 215 253 153 323 9 147 198 277 314 151 263 195 258 116 285 140 259 113 289 123 332 137 197 181 254 257 93 318
split_gain=2.32773 2.4936 1.91289 1.13411 1.97455 1.36266 1.09333 0.941845 1.04005 1.05102 0.933711 1.38803 1.20252 1.02768 1.24193 1.30372 1.24004 1.58491 1.3069 1.10738 1.08033 0.984352 1.01133 0.961571 0.883846 0.863023 1.00564 1.04749 0.824674 0.821706
threshold=2.9700856263602158 1.4978661367769956 0.028262720081313236 0.025204010384943739 -0.0049231367563950662 0.0085281015025061076 0.029080338266384783 0.013490875682922621 0.0045947560742447928 -0.0083613368467228884 -0.044551124864195234 0.0042999013517267927 0.0075202483341342908 0.00961507892870587 0.01385825785183427 -0.0058007349011891781 0.015655945898514715 0.0085142321876890952 0.034876799185959644 -0.030201595209369912 0.032632286878576354 0.0027448253272218661 -0.0096603888174645308 -0.014231511904378375 0.036354850339429097 -0.011904974237541516 0.015642905065341772 0.0022606614106078639 -0.032892194302659911 0.020758080324846478
decision_type=2 2 2 2 2 2 2 2 2 2 2 2 2 2 2 2 2 2 2 2 2 2 2 2 2 2 2 2 2 2
left_child=25 2 10 4 -3 7 28 8 9 -6 11 12 -2 14 15 19 18 -18 20 -12 23 -21 -23 -17 -16 -1 27 -27 -5 -15
right_child=1 3 -4 6 5 -7 -8 -9 -10 -11 13 -13 -14 29 24 16 17 -19 -20 21 -22 22 -24 -25 -26 26 -28 -29 -30 -31
leaf_value=-0.011373020923481539 -0.0010967256128787994 -0.0052993972427273382 -0.0070500146854540402 -0.00053105556770511296 0.005854433730268351 0.0079624536241391219 0.0018351762465411616 -0.0073530515851943125 0.0098397864992248608 -0.0071956243395106872 -0.0076104619850714999 0.0027546785062267671 -0.017124860953878274 0.0067806128395551989 0.0054788967062927548 -0.0031084450163148549 -0.0018166295159608124 -0.017494903270293165 -0.0094721448757956114 0.0080713468470743725 -0.0083795032040639358 -0.0067762309561173115 0.0050754664838314062 0.006514565473229721 -0.0055015550926327712 0.0071734847400027023 -0.010240868635235295 -0.0073864464248929703 -0.0112739408572088 0.00096742959604376839
leaf_weight=52 25 151 58 23 27 69 31 38 29 36 21 63 22 220 219 37 40 27 31 91 22 30 45 87 20 30 31 21 80 84
leaf_count=52 25 151 58 23 27 69 31 38 29 36 21 63 22 220 219 37 40 27 31 91 22 30 45 87 20 30 31 21 80 84
internal_value=-4.19112e-12 0.000522002 0.00179671 -0.00248569 -0.000988099 0.00228329 -0.00639731 -0.000731038 0.00200414 -0.00160274 0.00227006 -0.00209655 -0.00859926 0.00276321 0.00166921 6.61799e-05 -0.00234122 -0.00813474 -0.000148197 0.00320739 0.00183155 0.00457591 0.000334788 0.00364318 0.00456003 -0.00633414 -0.00313875 0.00117822 -0.00887504 0.00517434
internal_weight=1760 1626 1142 484 350 199 134 130 92 63 1084 110 47 974 670 431 244 67 177 187 146 166 75 124 239 134 82 51 103 304
internal_count=1760 1626 1142 484 350 199 134 130 92 63 1084 110 47 974 670 431 244 67 177 187 146 166 75 124 239 134 82 51 103 304
is_linear=0
shrinkage=0.05


Tree=27
num_leaves=31
num_cat=0
split_feature=1 61 93 102 109 331 212 137 241 172 134 301 142 305 220 297 336 210 200 221 227 217 116 92 230 308 335 152 110 96
split_gain=2.10078 2.25837 1.88049 1.11067 1.24584 1.11338 1.13936 1.37046 1.17331 1.12411 1.04274 0.971113 0.964783 0.885035 1.32422 0.824228 1.06112 0.784158 1.33906 1.02594 1.45481 1.18713 1.13851 1.36582 1.53467 1.40864 1.62274 1.30369 1.21584 0.957449
threshold=2.9700856263602158 1.2424533248940004 -0.060573939741531989 0.031367212586183184 0.096041898799864453 0.02021549286961007 0.14525646006488513 -0.01028184156760858 0.0091531947465376424 0.0048935564821664269 -0.0064135345980122762 0.020323351320898211 -0.0041339434331267135 0.014204473341502457 -0.0013948020141679428 -0.02230178895427597 -0.0084339515214559829 0.016315735964177121 -0.0021429358447364608 0.033159940049472154 -0.04154603131177724 -0.018644781272614524 -0.0058007349011891781 -0.029142018499303101 0.0013814649196144712 0.0088826521855677621 -0.022656681664080608 0.0061349411806229355 0.011142804365411872 -0.018442522241515893
decision_type=2 2 2 2 2 2 2 2 2 2 2 2 2 2 2 2 2 2 2 2 2 2 2 2 2 2 2 2 2 2
left_child=-1 2 -2 4 5 6 8 -8 11 12 -7 13 -10 14 -3 -5 -17 19 -19 20 21 -4 -22 24 -24 29 -27 28 -28 -25
right_child=1 3 17 15 -6 10 7 -9 9 -11 -12 -13 -14 -15 -16 16 -18 18 -20 -21 22 -23 23 25 -26 26 27 -29 -30 -31
leaf_value=-0.0060174336729904836 -0.006320724469512257 0.0045119319369110308 -0.011300052034979066 -0.012952601931550923 0.0096736971862041027 -0.005664151376113296 0.0026972878581056231 -0.010579377318454253 0.0073308231986381799 0.012651220049995644 0.0078064473090218569 0.0063213744256201956 -0.0070258032595738769 -0.011609623796845738 -0.0086926287968451966 0.0040592584823226112 -0.007558140708286254 -0.01206391042470932 0.0024271099404855213 0.0053907883825509767 0.0053906074712673823 0.00055880208371901052 0.0017302062185037704 -0.001119263411352509 -0.017622643802314996 -0.014522272856398065 0.0010880593811312029 0.0056021368033007573 -0.014281219040805643 0.0064400287760610258
leaf_weight=134 67 37 36 34 26 20 26 77 22 26 51 21 25 38 39 29 61 25 44 258 225 51 21 57 20 22 31 57 22 158
leaf_count=134 67 37 36 34 26 20 26 77 22 26 51 21 25 38 39 29 61 25 44 258 225 51 21 57 20 22 31 57 22 158
internal_value=1.62055e-12 0.000495902 0.00179533 -0.00217624 -0.000916774 -0.00163759 -0.00292735 -0.00722799 -0.000797707 0.00430911 0.00401191 -0.00355917 -0.00030568 -0.00537927 -0.00226409 -0.00632029 -0.00381476 0.00232481 -0.00282326 0.00269561 0.00170224 -0.00434831 0.00256096 0.000920059 -0.00771021 0.00193977 -0.00212595 0.000353317 -0.00529164 0.00443594
internal_weight=1760 1626 1094 532 408 382 311 103 208 73 71 135 47 114 76 124 90 1027 69 958 700 87 613 388 41 347 132 110 53 215
internal_count=1760 1626 1094 532 408 382 311 103 208 73 71 135 47 114 76 124 90 1027 69 958 700 87 613 388 41 347 132 110 53 215
is_linear=0
shrinkage=0.05


Tree=28
num_leaves=31
num_cat=0
split_feature=1 61 215 1 102 95 169 175 136 182 252 220 325 292 264 165 309 172 250 308 253 153 323 213 174 121 255 89 92 190
split_gain=1.9059 2.31177 1.56989 1.22053 1.06608 2.47528 1.62315 1.13225 1.10745 1.06024 1.20712 1.02424 1.12492 1.3606 1.46552 1.14558 1.50699 2.09882 1.14201 1.0282 1.00034 1.53154 1.1175 1.09594 0.996515 0.918082 0.85082 1.41237 0.869014 0.819992
threshold=3.0677824455408698 1.4978661367769956 0.046425646292876176 3.4498615536424366 0.022958031199439025 0.017002620345856204 0.026903283715409058 -0.014242502298028556 0.0056876029788094544 0.037216659208052935 0.0035880012782906656 0.0031413315153253981 -0.017393227688687264 -0.024253403959455359 0.043936881353172343 0.010828854785885652 0.0044446857431145277 -0.0054249175020253124 0.012274387049122645 -0.00016816678008012669 0.025204010384943739 -0.0049231367563950662 0.0085281015025061076 0.039771030260543454 0.039517150949158711 0.013926436778857165 -0.0065802817302889356 -0.038531162318733971 0.054479552967221768 -0.0059414990005728406
decision_type=2 2 2 2 2 2 2 2 2 2 2 2 2 2 2 2 2 2 2 2 2 2 2 2 2 2 2 2 2 2
left_child=26 2 3 -2 9 6 7 -6 29 11 25 12 -5 -14 15 16 17 -15 -18 -17 21 -3 -23 -22 -13 -11 -1 28 -28 -9
right_child=1 20 -4 4 5 -7 -8 8 -10 10 -12 24 13 14 -16 19 18 -19 -20 -21 23 22 -24 -25 -26 -27 27 -29 -30 -31
leaf_value=-0.010309521860697054 0.0082169900893380773 -0.0047815459179691971 -0.0077455628574604092 0.0060204242463958897 0.0081073230629165969 -0.013237592990736706 -0.01210278409222762 0.0018494316004216674 0.0046379237174987795 0.0066503520835848422 -0.01085901327431202 0.0059871229143764557 0.0061862911260317241 -0.0022216358142239708 0.0080902439798228448 0.0081982890204075846 -0.0068635448281254095 -0.019087460914101358 0.0079999578806261226 -0.0048996680512510505 -0.0087535043378746263 -0.00081014153643833907 0.0071708092771804151 0.0016512721530435718 -0.0034206163258321829 -0.006850247662514449 -0.011731649887485382 0.0050033227310785537 0.00088421833657083065 -0.011310657987306858
leaf_weight=55 76 150 42 95 60 37 21 20 50 34 30 306 63 35 30 31 28 39 24 29 99 127 67 34 31 20 39 38 21 29
leaf_count=55 76 150 42 95 60 37 21 20 50 34 30 306 63 35 30 31 28 39 24 29 99 127 67 34 31 20 39 38 21 29
internal_value=-9.45544e-12 0.000507693 0.00173982 0.00210598 0.00164705 -0.00145914 0.000961981 0.00268752 -0.000597215 0.0024949 -0.00281742 0.00312252 0.0013211 -0.000279026 -0.00216474 -0.00381877 -0.00652658 -0.0111104 -3.46665e-06 0.00186761 -0.00241117 -0.000987429 0.00194617 -0.00609364 0.00512172 0.00165013 -0.00533244 -0.00253918 -0.0073161 -0.00593919
internal_weight=1760 1607 1130 1088 1012 217 180 159 99 795 84 711 374 279 216 186 126 74 52 60 477 344 194 133 337 54 153 98 60 49
internal_count=1760 1607 1130 1088 1012 217 180 159 99 795 84 711 374 279 216 186 126 74 52 60 477 344 194 133 337 54 153 98 60 49
is_linear=0
shrinkage=0.05


Tree=29
num_leaves=31
num_cat=0
split_feature=1 61 215 1 102 95 169 175 136 182 175 330 220 81 121 187 100 335 114 253 153 241 323 213 174 171 282 147 169 186
split_gain=1.72007 2.08637 1.41682 1.10153 0.962138 2.23394 1.46489 1.02185 0.999477 0.956871 1.10912 1.19889 0.924375 1.02204 1.25737 1.50278 1.49776 1.06894 0.90875 0.902809 1.38222 1.01792 1.46339 0.989089 0.899355 0.841131 0.842076 0.802965 0.802659 0.795582
threshold=3.0677824455408698 1.4978661367769956 0.046425646292876176 3.4498615536424366 0.022958031199439025 0.017002620345856204 0.026903283715409058 -0.014242502298028556 0.0056876029788094544 0.037216659208052935 0.0030909478368544192 -0.010035254931543749 0.0031413315153253981 -0.36466084572040031 0.014515976343570661 0.0090051760004373118 -0.016084697405958876 -0.039043612033612778 -0.019523716062411416 0.025204010384943739 -0.0049231367563950662 -0.014012684695506603 -0.012468763913324571 0.039771030260543454 0.039517150949158711 -0.0083256016073439808 0.0090958623503003423 -0.023339364466421236 9.1890363188824178e-05 -0.0041896132958560957
decision_type=2 2 2 2 2 2 2 2 2 2 2 2 2 2 2 2 2 2 2 2 2 2 2 2 2 2 2 2 2 2
left_child=29 2 3 -2 9 6 7 -6 28 12 -11 -12 13 14 17 16 -16 -5 -19 20 -3 25 -23 -21 -14 -22 -27 -20 -9 -1
right_child=1 19 -4 4 5 -7 -8 8 -10 10 11 -13 24 -15 15 -17 -18 18 27 23 21 22 -24 -25 -26 26 -28 -29 -30 -31
leaf_value=-0.0098786256733265788 0.0078061405961450782 -0.0045424686223268507 -0.007358284715917849 -0.0081976795973985103 0.0077019569960733256 -0.012575713298409372 -0.011497644707560539 -0.01118425530647593 0.0044060275964438915 0.0037988736621431402 0.0015042797662317754 -0.014647190314200191 0.0056877668106964999 0.0055522703980602842 -0.00090074434324547098 0.0053977347100558487 -0.016779913166255662 -0.0034959601532471812 -0.0033980635354634034 -0.008315829048403587 0.005996014215052128 -0.0066461757392339092 0.0073816639971295275 0.0015687085660722327 -0.0032495855083388668 0.0004720642289542481 -0.012024103131677424 0.0070903549614910778 0.0017471294317926681 -0.0023647513314820259
leaf_weight=55 76 150 42 23 60 37 21 28 50 37 20 27 306 101 27 23 33 38 22 99 20 23 97 34 31 26 28 107 21 98
leaf_count=55 76 150 42 23 60 37 21 28 50 37 20 27 306 101 27 23 33 38 22 99 20 23 97 34 31 26 28 107 21 98
internal_value=-2.12667e-12 0.000482309 0.00165283 0.00200068 0.0015647 -0.00138619 0.000913882 0.00255314 -0.000567354 0.00237016 -0.00267655 -0.00777422 0.0029664 0.00125505 -0.000334769 -0.00546879 -0.00963429 0.00190799 0.00329979 -0.00229061 -0.000938058 0.00184886 0.00469299 -0.00578895 0.00486564 -0.00276326 -0.00600743 0.00530163 -0.00564223 -0.00506582
internal_weight=1760 1607 1130 1088 1012 217 180 159 99 795 84 47 711 374 273 83 60 190 167 477 344 194 120 133 337 74 54 129 49 153
internal_count=1760 1607 1130 1088 1012 217 180 159 99 795 84 47 711 374 273 83 60 190 167 477 344 194 120 133 337 74 54 129 49 153
is_linear=0
shrinkage=0.05


Tree=30
num_leaves=31
num_cat=0
split_feature=1 61 93 91 137 163 223 287 147 181 336 157 278 316 158 118 11 321 319 320 119 254 194 95 273 152 144 95 104 299
split_gain=1.56154 1.64994 1.38315 0.928276 0.921743 0.881899 1.02214 1.029 1.31754 1.19938 1.14674 0.911104 0.892394 0.875858 0.958385 0.853232 0.802757 0.746825 1.07101 1.1112 2.1142 1.04789 0.972773 1.29674 1.16974 1.13445 1.07177 0.931434 0.918238 0.946935
threshold=2.9700856263602158 1.4978661367769956 -0.061544012517168449 -0.11772513854544932 -0.0072152256603281459 -0.034327838255225888 0.07669845301107607 -0.0011336438599291404 0.013835692313503798 0.008664604920377383 0.0020735252885903835 0.0039073908599881382 0.0026530468314682376 -0.0048621835751888132 0.0074863957006287346 -0.001179135547482736 2.2405254091300608 -0.020295946464628924 0.023653296867280453 0.021510946132191785 0.00094541583089350972 0.075034368967262663 -0.017920323263430009 -0.058756459054712155 0.03551536663154798 -0.021880605117815807 0.010439406782854132 -0.052919842517374506 0.042272569627307723 0.0072634409130559047
decision_type=2 2 2 2 2 2 2 2 2 2 2 2 2 2 2 2 2 2 2 2 2 2 2 2 2 2 2 2 2 2
left_child=-1 2 4 -3 -2 -5 7 9 10 13 11 -9 -12 15 -15 -7 -10 -4 21 -20 -21 22 27 -24 25 26 -25 -19 29 -27
right_child=1 3 17 5 -6 6 -8 8 16 -11 12 -13 -14 14 -16 -17 -18 18 19 20 -22 -23 23 24 -26 28 -28 -29 -30 -31
leaf_value=-0.005187983570143463 0.0038784741237759589 0.0071713480131270803 0.0041400206956251342 0.0056021900066444957 -0.0087521426093119855 -0.013175987578447788 -0.0085638943477533754 0.0036954428804548164 -0.00055716890841722483 -0.012954384695206371 0.0042202476208331062 0.016303933897744056 -0.0082507353276014325 0.0037890955296692452 -0.0066272700588931067 -0.00012285343947864716 -0.013131701776927169 -0.0039522029290145096 0.0072845397594695285 0.0062800627521106172 -0.013787430915094557 -0.0076780913514085114 0.0074441257712184175 -0.012994109214313569 -0.0088648008182644848 -0.00041818628443883422 -0.00013953208485070396 0.0076805298511363283 -0.0082126602865755568 0.0054857172485854901
leaf_weight=134 20 26 279 31 52 31 72 38 30 35 32 23 26 63 34 21 22 22 120 35 21 40 49 31 44 183 34 79 25 108
leaf_count=134 20 26 279 31 52 31 72 38 30 35 32 23 26 63 34 21 22 22 120 35 21 40 49 31 44 183 34 79 25 108
internal_value=2.74998e-12 0.000427546 0.00146444 -0.002019 -0.00524364 -0.00254073 -0.0031319 -0.0020302 0.000762185 -0.00462529 0.00366341 0.00844946 -0.00137019 -0.00266879 0.000137998 -0.00790453 -0.00587716 0.00191582 0.00113131 0.00457052 -0.00124525 0.000147077 0.000691436 -0.000257885 -0.00114588 -0.000254458 -0.00627018 0.00514667 0.000982952 0.00177295
internal_weight=1760 1626 1142 484 72 458 427 355 171 184 119 61 58 149 97 52 52 1070 791 176 56 615 575 474 425 381 65 101 316 291
internal_count=1760 1626 1142 484 72 458 427 355 171 184 119 61 58 149 97 52 52 1070 791 176 56 615 575 474 425 381 65 101 316 291
is_linear=0
shrinkage=0.05


Tree=31
num_leaves=31
num_cat=0
split_feature=1 61 215 314 113 10 92 160 127 291 308 119 142 124 285 269 318 145 83 183 102 220 298 300 295 278 147 199 139 251
split_gain=1.41479 1.5448 1.36348 0.840922 1.06254 0.845938 0.877452 1.80541 1.03211 1.35644 0.973143 0.961631 1.06649 1.37607 1.17201 1.12121 0.838082 0.834797 0.817141 1.45485 0.909457 1.17152 0.91707 1.43058 1.10474 0.863622 0.859983 0.804351 1.23735 1.69703
threshold=2.740319461670996 1.4978661367769956 0.025958914472241225 -0.059368698048394168 0.0085011833614301851 0.066300366300366315 -0.022478809094464171 0.030983547157106928 0.0060422178500888464 0.0072331792173090425 -0.01962429746431266 0.03193040654922321 0.0045133639484767939 -0.00067497837575524789 0.039558685339003731 0.013737898407776479 0.044084468011188267 0.041882268580889982 0.31328894215923719 0.0032428904279886042 0.018815093472856783 -0.044753758331653022 -0.0086696077048122079 0.016110506063595469 -0.031792231322739867 0.039282220956849224 -0.0074292610039737453 0.0061315920444151781 0.0099042276909795338 -0.011738681096770944
decision_type=2 2 2 2 2 2 2 2 2 2 2 2 2 2 2 2 2 2 2 2 2 2 2 2 2 2 2 2 2 2
left_child=-1 2 3 4 -2 6 7 8 9 -5 -8 12 17 15 -15 -14 -7 27 20 -20 21 26 23 -23 -24 -26 -3 -12 29 -29
right_child=1 18 -4 5 -6 16 10 -9 -10 -11 11 -13 13 14 -16 -17 -18 -19 19 -21 -22 22 24 -25 25 -27 -28 28 -30 -31
leaf_value=-0.0054121102577289653 0.00069128638360558495 0.011782643610898119 -0.0056674352030341444 -0.014895694032311441 -0.013365998826920987 0.0068145858057824943 0.0055269652523422322 -0.015841369925155526 0.0050978124284973515 0.0029086052723552871 0.0051570870765135631 0.0054894037902928315 -0.012603655488540731 0.0031885240352555605 -0.0094729924979417221 0.0012481727238212313 -0.0022266550229922419 -0.0059853439058723118 -0.0040370321617676664 0.0097097200071929318 -0.0061575827882256661 0.0071814105422659362 0.0056846540793776511 -0.0079942959205557898 -0.0089701567652017474 0.0017652389309976415 -0.00015099260231686963 -0.015748376179147851 0.0077384644097858862 0.0010775498887325855
leaf_weight=113 41 26 65 20 20 148 162 21 52 23 160 104 48 89 23 21 31 29 39 38 139 44 20 24 101 23 36 22 31 47
leaf_count=113 41 26 65 20 20 148 162 21 52 23 160 104 48 89 23 21 31 29 39 38 139 44 20 24 101 23 36 22 31 47
internal_value=-5.82077e-13 0.000371323 0.00136785 0.00178662 -0.00391766 0.00212412 0.00146765 -0.00257412 0.000358635 -0.00537246 0.00210467 0.00113879 0.000176102 -0.0028335 0.000588391 -0.00838788 0.00524878 0.00206101 -0.00198171 0.00274708 -0.00286335 -0.00119219 -0.00296025 0.00182528 -0.00522009 -0.00697891 0.00485344 0.00295849 -0.00055927 -0.00428724
internal_weight=1760 1647 1157 1092 61 1031 852 116 95 43 736 574 470 181 112 69 179 289 490 77 413 274 212 68 144 124 62 260 100 69
internal_count=1760 1647 1157 1092 61 1031 852 116 95 43 736 574 470 181 112 69 179 289 490 77 413 274 212 68 144 124 62 260 100 69
is_linear=0
shrinkage=0.05


Tree=32
num_leaves=31
num_cat=0
split_feature=1 61 195 175 165 280 331 182 93 324 156 122 315 165 133 250 111 199 285 132 180 213 257 267 226 206 261 166 230 218
split_gain=1.30046 1.54407 1.10215 1.3157 1.5417 1.42934 1.11815 1.07727 1.02819 0.96492 0.965022 1.03446 1.37964 0.939639 1.40928 0.91025 0.868957 1.04546 0.982575 0.768341 0.737943 1.05733 1.00597 0.988842 1.00131 0.95475 0.958313 0.948122 1.07457 0.810716
threshold=3.0677824455408698 1.4978661367769956 0.00961507892870587 -0.027173715376942294 -0.0037501245376465411 -0.064003000704079785 0.0053396003967767771 0.031253187941519565 0.085725254795510367 -0.027824697069907329 -0.0029769910061216999 -0.012073711331734148 0.008285180718123621 -0.023672785240774766 -0.0051510307170281209 0.011908388979441594 -0.01667518472769779 0.0084832144413074118 0.015655945898514715 0.046429478063720435 0.025736137715772617 0.0063298609839484267 -0.00089593544764027678 0.028057338676027888 -0.017390929679703255 0.0052976905145152159 0.026085878397352793 0.013165817604490928 0.0010868310169037606 0.014164914277677278
decision_type=2 2 2 2 2 2 2 2 2 2 2 2 2 2 2 2 2 2 2 2 2 2 2 2 2 2 2 2 2 2
left_child=-1 2 3 -2 9 -6 8 19 16 15 -11 12 -12 14 -4 -5 -7 18 -18 -8 21 23 27 -3 -25 26 29 28 -23 -24
right_child=1 20 13 4 5 6 7 -9 -10 10 11 -13 -14 -15 -16 -17 17 -19 -20 -21 -22 22 25 24 -26 -27 -28 -29 -30 -31
leaf_value=-0.0044047881397144759 0.0053011423900214023 -0.0082524060359240592 0.0055539043371876087 -0.012132714549079538 -0.015059121973103003 0.00011705867625002203 0.0045636442966940933 -0.0081641333531588308 0.0068268777057528506 0.0076268149219686169 -0.014938813485205175 0.0041761579568542189 0.0032059751451015473 0.0050165045281339972 -0.010043190126972539 0.0027717938025792442 -0.0062148104459047318 0.00054690314128118408 -0.016264034414456952 -0.0060032504424452782 0.0040536906023550291 0.0054279127485178259 0.0040557263529903834 0.007830173230689505 -0.0052625478617846968 -0.0097806265156361316 0.0076629987508058557 0.010295508369322748 -0.0054446500641378492 -0.0080251587304945408
leaf_weight=153 117 117 30 20 21 58 123 25 20 96 20 84 22 280 28 21 75 34 36 20 46 47 21 23 40 42 25 31 44 41
leaf_count=153 117 117 30 20 21 58 123 25 20 96 20 84 22 280 28 21 75 34 36 20 46 47 21 23 40 42 25 31 44 41
internal_value=-8.05647e-12 0.000419373 0.00142634 0.000406234 -0.000442216 -0.0023514 -0.00166889 0.00141167 -0.00398966 0.00254859 0.00385012 0.000972639 -0.0054344 0.00381665 -0.00197573 -0.0044987 -0.00505533 -0.00712428 -0.00947402 0.00308576 -0.00196611 -0.00260859 -0.000511413 -0.005533 -0.000482666 -0.00358971 -0.000600992 0.00274351 0.000170849 -0.00393325
internal_weight=1760 1607 1130 792 675 412 391 168 223 263 222 126 42 338 58 41 203 145 111 143 477 431 251 180 63 129 87 122 91 62
internal_count=1760 1607 1130 792 675 412 391 168 223 263 222 126 42 338 58 41 203 145 111 143 477 431 251 180 63 129 87 122 91 62
is_linear=0
shrinkage=0.05


Tree=33
num_leaves=31
num_cat=0
split_feature=102 188 165 181 175 9 101 251 100 174 184 240 110 231 331 277 217 193 152 192 247 182 322 207 295 162 314 321 257 177
split_gain=1.20076 1.10363 1.17828 1.07644 1.13893 1.25203 1.15622 1.61703 0.975621 1.36161 1.46211 1.12406 1.36638 1.25281 1.14151 1.11995 1.00805 0.979725 0.9558 0.942578 0.941591 0.937524 0.937173 0.896503 1.02983 0.869614 0.843397 0.83153 0.820547 0.803774
threshold=-0.00063161114811049362 -0.043339474961400629 -0.019827516878854538 0.046585908300345098 -0.0078001233966154453 0.011714175936768151 -0.0036110983108242332 0.0073648344818545352 -0.0035741123484194577 0.028419851672747579 -0.022009194676216131 -0.0033339379890132284 0.006244367281044892 0.021155136327352168 -0.019354521602430574 0.022770885466185792 -0.068379664955155753 -0.012970370438468807 0.012434453814484372 0.00033061580396539489 0.056151942129555689 -0.0029107883092125259 0.016560279815255107 -0.0049238083806723305 0.02233560599950998 0.010200397189368698 -0.059368698048394168 1.0000000180025095e-35 0.00018330075073502057 0.0096681227446312658
decision_type=2 2 2 2 2 2 2 2 2 2 2 2 2 2 2 2 2 2 2 2 2 2 2 2 2 2 2 2 2 2
left_child=8 -2 21 4 5 -4 7 25 11 16 -11 20 14 -14 -13 -16 -10 -12 -8 -9 28 27 -20 -7 -25 -6 -18 -3 29 -1
right_child=1 2 3 -5 6 23 18 19 9 10 17 12 13 -15 15 -17 26 -19 22 -21 -22 -23 -24 24 -26 -27 -28 -29 -30 -31
leaf_value=-0.0046956115317615598 0.0088503373643526659 0.0032199660745950848 -0.0056984057727580278 0.010104070908643983 0.0073972166616570302 0.0082342091814747876 -0.0065663868196539051 -0.010140753699289191 -0.0063463131897151474 0.0074060115153374885 -0.014027033412250981 -0.0092409408784338409 -0.016268775763808554 -0.0014299293756484986 0.0057668802677653735 -0.0070970972595007526 -0.0056073347727457687 -0.0012415258634474969 -0.0036011143374514391 0.00088478879770264034 -0.0045024906334124115 -0.0096640488535568517 0.0091039165776843831 0.003433494920032882 -0.0066699199096271495 -0.002578201577548058 0.0046580098466980626 -0.0080737041642091108 0.0087354716363138175 0.0078175521322659085
leaf_weight=33 26 39 48 22 74 63 194 42 24 23 29 28 33 25 64 23 21 31 47 36 38 74 21 107 33 31 424 28 58 21
leaf_count=33 26 39 48 22 74 63 194 42 24 23 29 28 33 25 64 23 21 31 47 36 38 74 21 107 33 31 424 28 58 21
internal_value=1.38243e-12 -0.0012986 -0.00160578 -0.000785154 -0.00112935 0.00156378 -0.0026484 0.00040115 0.00131344 0.00259058 -0.00331245 -0.000869167 -0.00361571 -0.00987272 -0.000459993 0.00236606 0.00363525 -0.00742119 -0.00477843 -0.00505204 0.00229851 -0.00578457 0.000322498 0.00328094 0.00105198 0.00445209 0.00417358 -0.00149978 0.00460599 0.000170619
internal_weight=1760 885 859 718 696 251 445 183 875 552 83 323 173 58 115 87 469 60 262 78 150 141 68 203 140 105 445 67 112 54
internal_count=1760 885 859 718 696 251 445 183 875 552 83 323 173 58 115 87 469 60 262 78 150 141 68 203 140 105 445 67 112 54
is_linear=0
shrinkage=0.05


Tree=34
num_leaves=31
num_cat=0
split_feature=21 181 5 96 195 175 93 188 157 331 184 282 314 283 165 237 106 101 220 120 166 288 107 142 173 97 125 100 123 110
split_gain=1.1096 1.28128 1.20932 1.15605 1.04412 1.10581 1.08603 0.993837 1.0959 1.1058 1.46628 1.06556 0.960362 0.948786 1.36257 0.923514 1.10895 1.14366 1.13827 1.24632 0.879954 0.868687 0.850726 1.14348 0.821776 0.808157 0.798701 0.770567 0.737417 1.26332
threshold=1.0000000180025095e-35 0.030073647438762421 1.0000000180025095e-35 -0.0077911142160749956 0.0090447834280378472 -0.033274201985359263 -0.056409077999071681 0.00319798920450952 0.019007412189373865 0.0067340765228234957 0.0087810825454570935 0.023486508933752943 -0.0022894660266122102 0.010632476780851496 1.0000000180025095e-35 -0.0041014180850932466 -0.042179812955754341 0.01610957299743036 -0.0040193021077698189 0.0036993322023659001 -0.058114983252172792 0.031561681504326852 -0.0090938546263390815 -0.0041339434331267135 0.0041957782740465318 -0.032247030836008779 -0.055269887766906341 -0.030058625274417602 0.00064727925079154796 0.0048963002730008009
decision_type=2 2 2 2 2 2 2 2 2 2 2 2 2 2 2 2 2 2 2 2 2 2 2 2 2 2 2 2 2 2
left_child=2 3 4 -2 5 -1 -7 8 9 10 22 12 -10 25 -15 16 -4 18 19 -18 -6 -17 23 -8 -12 -9 -22 -27 -11 -30
right_child=1 -3 15 -5 20 6 7 13 11 28 24 -13 -14 14 -16 21 17 -19 -20 -21 26 -23 -24 -25 -26 27 -28 -29 29 -31
leaf_value=0.0057383283725883595 0.0041126084281131623 0.0076288186401749659 0.010887136796246404 -0.0062565437412732058 -0.0066863210499286648 -0.0095095962285995494 0.0031722671315073969 0.011587846053369119 -0.015752635601787798 0.0075765145942568784 -0.014894544271131358 0.0029075577445328237 -0.0042628777594390238 0.0034962326639665746 -0.0088170444927154444 -0.0058961966256452954 0.0089065466972964788 0.0070642572909812712 -0.009892662672237271 -0.0049964917777106169 -0.003046180515417031 0.0028946917613639554 0.0028862174436011735 -0.0112000796583391 -0.0021719275381077421 -0.0038001892072233286 0.0049299277777448119 0.0048674378576486011 0.006907303579922381 -0.008122009592544702
leaf_weight=83 32 24 23 168 20 31 25 33 31 62 30 25 44 53 39 162 27 34 42 40 35 34 102 31 22 33 304 115 29 27
leaf_count=83 32 24 23 168 20 31 25 33 31 62 30 25 44 53 39 162 27 34 42 40 35 34 102 31 22 33 304 115 29 27
internal_value=6.7468e-12 -0.00328752 0.00047943 -0.00459748 0.00125848 0.000268833 -0.000351342 5.36596e-05 -0.00144993 -5.29235e-05 -0.00222914 -0.00603209 -0.00901198 0.00241093 -0.00172353 -0.0020471 0.000697073 -0.000941888 -0.00343922 0.000606225 0.00350517 -0.00437125 0.000167711 -0.00478385 -0.0095119 0.00451242 0.00410644 0.00293479 0.00382001 -0.000338972
internal_weight=1760 224 1536 200 1174 815 732 701 428 328 210 100 75 273 92 362 166 143 109 67 359 196 158 56 52 181 339 148 118 56
internal_count=1760 224 1536 200 1174 815 732 701 428 328 210 100 75 273 92 362 166 143 109 67 359 196 158 56 52 181 339 148 118 56
is_linear=0
shrinkage=0.05


Tree=35
num_leaves=31
num_cat=0
split_feature=1 61 97 1 219 81 92 170 168 152 186 95 228 274 4 102 132 328 248 208 263 82 161 178 324 0 226 176 167 150
split_gain=1.01917 1.17925 0.885137 0.866943 0.957422 1.13336 1.29519 1.16273 0.714611 1.30093 0.707712 1.16758 0.688648 1.04866 1.00437 1.30412 0.953707 0.787991 0.763385 1.00163 0.725528 1.05919 0.690847 0.684773 0.629172 0.627681 0.858979 0.831993 1.24893 1.10778
threshold=3.0677824455408698 1.4978661367769956 0.18404322688957683 3.4498615536424366 0.051566480176001843 -0.33995706787727115 0.010502887943100876 0.0029884679785827047 -0.045542621170224833 -0.015199887343164423 -0.0041896132958560957 0.044353939198651583 0.03643919751637445 0.0039841073932624467 6.6424859514441321 0.043233224748531994 -0.018521410013630116 0.0083336865693933258 0.001187010953575084 -0.0035027313584436669 -0.012179333980513572 0.38667857098544706 -0.00078786092294742176 -0.0079196547809323569 0.0063635175893152589 5.6149496020273224 -0.030623085028616926 0.027427823793063019 0.010866587955363428 0.025677196461708518
decision_type=2 2 2 2 2 2 2 2 2 2 2 2 2 2 2 2 2 2 2 2 2 2 2 2 2 2 2 2 2 2
left_child=10 2 3 -2 8 6 7 24 9 -5 -1 -12 13 14 15 16 17 -3 -14 -20 21 -15 -16 -18 -6 -10 -27 29 -29 -28
right_child=1 12 -4 4 5 -7 -8 -9 25 -11 11 -13 18 20 22 -17 23 -19 19 -21 -22 -23 -24 -25 -26 26 27 28 -30 -31
leaf_value=-0.0084386582841927352 0.0066530064017953057 -0.0049605921938501562 -0.006575986601944481 -0.012316879723221064 -0.0094314245041459809 0.0019938093635977969 -0.013500103224986093 0.0065285043258752149 0.0041558914396557069 0.0027972369800720897 0.0058102922514081008 -0.0055105415803770874 -0.0082992273158210162 0.0092813040891831563 -0.011848261554259807 -0.0052327526733279232 0.0012846073694527151 0.0074322055053451788 -0.007540459963290589 0.0070612199449290834 -0.0060545357875525958 -0.0066171299293637277 0.00041237526047215972 0.012013666013833779 0.0014299638010561468 0.007553502219788572 0.0023662042255303273 -0.012407507092274469 0.0030120761356859779 -0.0064972561318427328
leaf_weight=55 76 29 35 24 40 108 33 28 294 35 36 62 71 22 20 34 20 23 23 24 106 20 27 58 20 47 297 29 24 40
leaf_count=55 76 29 35 24 40 108 33 28 294 35 36 62 71 22 20 34 20 23 23 24 106 20 27 58 20 47 297 29 24 40
internal_value=6.7005e-12 0.000371257 0.00125126 0.00150145 0.00111723 -0.0017294 -0.00505259 -0.00188477 0.00194239 -0.00335088 -0.00389941 -0.00135187 -0.00171345 -0.000624265 0.00163897 0.0034857 0.00576591 0.000520838 -0.00502717 -8.4283e-05 -0.00385091 0.00171062 -0.00480492 0.00926263 -0.00581096 0.00236962 0.00116787 0.000398319 -0.00542505 0.00131416
internal_weight=1760 1607 1130 1095 1019 229 121 88 790 59 153 98 477 359 211 164 130 52 118 47 148 42 47 78 60 731 437 390 53 337
internal_count=1760 1607 1130 1095 1019 229 121 88 790 59 153 98 477 359 211 164 130 52 118 47 148 42 47 78 60 731 437 390 53 337
is_linear=0
shrinkage=0.05


Tree=36
num_leaves=31
num_cat=0
split_feature=102 192 157 134 100 174 184 113 276 193 229 207 115 291 217 333 267 240 159 241 104 135 170 84 100 158 303 196 160 331
split_gain=0.95725 0.959184 1.2775 1.01512 0.826688 1.14739 1.23243 1.00915 0.982775 0.846643 0.808941 0.966886 0.929109 0.980923 0.798483 0.794595 1.19946 0.86244 1.36748 1.04842 0.975804 0.897302 0.877565 0.85711 0.785169 0.889767 0.765199 1.47946 1.94811 0.706849
threshold=-0.00063161114811049362 0.0047618339284695062 0.03443531755045845 0.061762792423334004 -0.0035741123484194577 0.028419851672747579 -0.022009194676216131 -0.018899385797334547 -0.040153633101359588 -0.012970370438468807 0.034818190246715702 0.0033200932406054844 -0.014144971023089493 -0.03999078161701438 -0.068379664955155753 0.018305089834565327 -0.014601264524520404 -0.0223485991035819 0.025513610187901378 0.0025232456376319524 0.013415803582596888 -0.013226946285982808 -0.0084975094336290167 0.0055584603891869434 -0.014463425244620149 0.01170107326712703 -0.032614635315340333 -0.013626229937568709 0.015118622306185533 -0.0055519164536377416
decision_type=2 2 2 2 2 2 2 2 2 2 2 2 2 2 2 2 2 2 2 2 2 2 2 2 2 2 2 2 2 2
left_child=4 3 10 15 7 14 -7 -1 -9 -8 12 -12 -3 -14 -6 17 -17 20 19 22 -2 23 -19 -21 -10 -26 27 -16 -29 -18
right_child=1 2 -4 -5 5 6 9 8 24 -11 11 -13 13 -15 26 16 29 18 -20 21 -22 -23 -24 -25 25 -27 -28 28 -30 -31
leaf_value=-0.0089844844851861977 -0.0030759431586991396 0.00749596081162884 -0.0065220376583359514 0.0068692359541143696 -0.0055763132870197303 0.0067701788052268652 -0.012983530194594943 -0.007371443333594423 0.0025460029030466174 -0.0010980736944944628 0.0055507386010140184 -0.0083040543557966456 -0.0092560857464559377 0.0027817301452159882 0.0087345944593350093 -0.0060962290552101644 -0.0014247520898397151 -0.013906184377265164 -0.014376332887581417 0.00030219120013972992 0.0080356729794935945 0.002637178200955798 -0.0047579505512940481 -0.013850652538239956 0.0016817986344297726 -0.012597733102738857 0.0048303996355102304 0.0019908055957210693 -0.016705231707204473 0.0091140730079354304
leaf_weight=34 62 92 48 28 24 23 29 38 207 31 20 34 20 110 30 38 26 32 35 23 29 82 145 20 24 20 355 38 22 41
leaf_count=34 62 92 48 28 24 23 29 38 207 31 20 34 20 110 30 38 26 32 35 23 29 82 145 20 24 20 355 38 22 41
internal_value=6.99153e-12 -0.00115947 0.00100653 -0.00241042 0.00117272 0.00234834 -0.00307046 -0.000836397 0.000122202 -0.00684271 0.00231585 -0.00317265 0.00365089 0.000929758 0.00330732 -0.00289791 0.000999778 -0.00385411 -0.00502043 -0.00393614 0.000465121 -0.000430512 -0.00641187 -0.00628053 0.0012567 -0.0048089 0.00378644 -0.000331407 -0.00486441 0.00502438
internal_weight=1760 885 324 561 875 552 83 323 289 60 276 54 222 130 469 533 105 428 337 302 91 125 177 43 251 44 445 90 60 67
internal_count=1760 885 324 561 875 552 83 323 289 60 276 54 222 130 469 533 105 428 337 302 91 125 177 43 251 44 445 90 60 67
is_linear=0
shrinkage=0.05


Tree=37
num_leaves=31
num_cat=0
split_feature=95 176 233 335 90 202 237 188 287 137 227 227 213 308 224 296 173 120 186 99 268 187 172 152 331 225 242 315 249 331
split_gain=0.879868 1.63099 1.01029 0.923108 0.917034 0.828209 0.86877 0.81898 0.839272 0.774377 1.07352 1.18911 0.813432 0.773113 1.01837 0.943538 0.91613 0.872626 1.13148 0.898625 0.8782 0.834342 0.874832 0.762243 0.731913 0.729434 0.696862 0.679361 0.748384 0.835889
threshold=0.035610558385261233 0.026979015101854773 -0.044162721610638563 -0.024495606609562137 -0.053674145089058399 0.0097542248381662904 -0.031936891684196118 0.0037110951963092013 0.050330247226264294 -0.014231511904378375 -0.024388900193910875 0.03807623158084892 0.17571332552049498 -0.0075967321647554343 0.0037713511742188421 -0.01659906292158567 -0.032383299379218501 0.010451070794906684 -0.0007955373931624269 0.017388337783535917 0.0052709253518683306 -0.0037342340097715429 0.00024413926081490403 0.0097729655854214611 0.0089639560378512433 0.0012747506643172293 -0.020412363620188601 0.024542045743598227 0.0079665825143372272 -0.0061922400464501318
decision_type=2 2 2 2 2 2 2 2 2 2 2 2 2 2 2 2 2 2 2 2 2 2 2 2 2 2 2 2 2 2
left_child=4 2 3 -2 26 6 -4 13 9 10 -9 -12 27 14 -6 -16 -15 19 20 23 -19 -20 -23 -18 -17 -21 -1 -11 29 -29
right_child=1 -3 5 -5 7 -7 -8 8 -10 12 11 -13 -14 16 15 24 17 18 21 25 -22 22 -24 -25 -26 -27 -28 28 -30 -31
leaf_value=0.0049198814854025845 -0.0064358621649444102 0.0064700459288433198 0.0045290025416761638 0.0064743001055386331 0.0045587030584337543 -0.010045203151849081 -0.0042934486748640458 -0.01048036926984787 0.010541384438833883 0.0054118915013176335 0.0034201524265960836 -0.0097659300480570123 -0.004516148536155621 -0.0093264810176509807 0.0055962225049734117 -0.0090762755920200857 0.001016353415730207 -0.0031804733921920788 0.0058023594338201777 0.0017405517217589589 -0.014422611857298762 -0.011905740937661557 0.00064376225558722888 0.008263792399809046 0.0013113327657005617 -0.0075807454086147079 -0.0053214460278728183 -0.011325800755903835 0.0066411060496018486 0.0022056279480457308
leaf_weight=20 20 50 32 45 162 53 218 25 31 235 92 21 30 33 30 43 115 38 38 41 32 21 41 53 28 43 98 21 26 25
leaf_count=20 20 50 32 45 162 53 218 25 31 235 92 21 30 33 30 43 115 38 38 41 32 21 41 53 28 43 98 21 26 25
internal_value=-3.1729e-14 -0.00200314 -0.00315438 0.00250194 0.000623928 -0.00436779 -0.00316417 0.00102975 0.0025704 0.00205019 -0.00110464 0.000969642 0.00334207 -5.5997e-05 0.00210203 -0.00183837 -0.00130338 -0.000675986 -0.00344422 0.00119148 -0.00831974 -3.13665e-05 -0.00360688 0.00330275 -0.00497975 -0.00303106 -0.00358563 0.00410997 -0.000139338 -0.00397176
internal_weight=1760 418 368 65 1342 303 250 1224 506 475 138 113 337 718 263 101 455 422 170 252 70 100 62 168 71 84 118 307 72 46
internal_count=1760 418 368 65 1342 303 250 1224 506 475 138 113 337 718 263 101 455 422 170 252 70 100 62 168 71 84 118 307 72 46
is_linear=0
shrinkage=0.05


Tree=38
num_leaves=31
num_cat=0
split_feature=94 220 252 176 8 215 84 94 143 331 303 226 108 316 144 243 105 234 283 239 301 213 141 214 138 2 294 331 276 205
split_gain=0.822629 1.09041 0.921392 0.989297 0.954557 0.881037 1.01154 1.02562 0.925665 1.17407 0.867931 0.865569 0.834895 1.00876 0.974403 0.824094 0.798223 0.797998 0.917123 0.860787 1.03425 1.00819 1.08472 0.844488 0.791339 0.885239 0.776698 0.683702 0.970529 0.680979
threshold=0.12046229974478541 0.021805313753827927 0.048712546828518256 -0.0054559512527728076 0.14082761250953471 0.025958914472241225 -0.023380674628748429 0.064209799849686916 0.02351913481305622 0.018032738510186757 0.01137135289115699 0.021605743795877135 0.018804219604222152 -0.00093627597210891439 -0.0013925406884757396 0.054833221211189741 0.0029667168558934506 0.00092089816458595073 -0.030855626455850587 -0.00027217914078466479 0.017599936514698624 -0.00043257071809480759 0.0039995011048818913 -0.002566771187239001 -0.0097997943670224356 5.7914775660660407 -0.020719075029079551 -0.020157970271604302 -0.0062862986885050291 0.004929631995842885
decision_type=2 2 2 2 2 2 2 2 2 2 2 2 2 2 2 2 2 2 2 2 2 2 2 2 2 2 2 2 2 2
left_child=2 -2 4 -4 5 6 7 8 9 11 16 12 24 -14 -15 27 -9 18 -8 26 21 -21 -23 -22 -1 -26 -20 -6 -29 -5
right_child=1 -3 3 29 15 -7 17 10 -10 -11 -12 -13 13 14 -16 -17 -18 -19 19 20 23 22 -24 -25 25 -27 -28 28 -30 -31
leaf_value=0.0099001899284000203 0.006190320900053654 -0.0049373270286845843 -0.007226356725267908 -0.0028908974323116365 -0.0069404229691809082 -0.0047499586447653638 0.0056615137791430417 -0.017127592926440033 0.007984968824038173 0.0048645011032931512 0.001832605730742216 -0.0070516058175331539 -0.013356232177466155 -0.0076782799830349795 0.0068897639316591354 -0.012615775354206563 -0.0034695790149271489 0.0037605341987050171 -0.0058893738719432258 0.0042250130747286778 -0.0039305082811363816 -0.01361466160287028 0.0014311716407537462 -0.017285723928362133 0.0020583462241726617 -0.0088629519364432155 0.0043833890241449297 0.0065342063060364669 -0.002690933330230556 0.0064157710892373118
leaf_weight=24 103 28 94 61 51 71 66 23 34 76 20 68 24 24 22 20 20 373 23 53 29 23 25 20 96 23 92 39 106 29
leaf_count=24 103 28 94 61 51 71 66 23 34 76 20 68 24 24 22 20 20 373 23 53 29 23 25 20 96 23 92 39 106 29
internal_value=-6.383e-13 0.00381189 -0.000306543 -0.00363894 0.00011779 0.000656541 0.000988028 -0.000852176 0.000101755 -0.000649027 -0.0067726 -0.00214023 -0.00057228 -0.00504648 -0.000710955 -0.0029476 -0.010775 0.00217475 0.000387748 -0.000925718 -0.00342088 -0.000529032 -0.00577829 -0.00938162 0.00161789 -5.24929e-05 0.00232884 -0.00196105 -0.000209689 0.000107918
internal_weight=1760 131 1629 184 1445 1229 1158 454 391 357 63 281 213 70 46 216 43 704 331 265 150 101 48 49 143 119 115 196 145 90
internal_count=1760 131 1629 184 1445 1229 1158 454 391 357 63 281 213 70 46 216 43 704 331 265 150 101 48 49 143 119 115 196 145 90
is_linear=0
shrinkage=0.05


Tree=39
num_leaves=31
num_cat=0
split_feature=224 215 175 1 158 175 282 111 334 309 106 318 300 254 167 308 129 156 220 323 186 0 240 241 269 204 148 288 256 101
split_gain=0.77692 1.00202 0.944404 1.12671 0.820939 1.10804 0.901693 1.05116 0.87902 0.816933 0.877154 0.791655 0.781079 1.02878 0.866521 0.771856 0.800975 0.920385 1.06149 1.05802 1.10199 0.948431 0.871548 0.818255 0.759266 0.736344 0.69859 0.689629 0.878995 1.08614
threshold=-0.035696913429994585 -0.058508539414162529 -0.0078001233966154453 3.0677824455408698 0.032309584382975716 -0.011578588620778069 -0.015806393516254198 -0.0069564985351300629 0.0074689074408993148 -0.032694058484259249 0.0023869684398875237 0.0083434562304399561 -0.009930992617977091 -0.0076356390723919783 -0.010529674038119064 0.041266264266682298 -0.045145482448733967 -0.009717131321767972 0.00048389937650623649 0.020532849486262477 0.011600649564557306 6.087904647576436 -0.031833857856123325 0.011641210942585441 0.01851397002027334 0.00073866050301847803 -0.01280857841753181 0.0080581027315753933 -0.030036623119753022 -0.0076903286589770055
decision_type=2 2 2 2 2 2 2 2 2 2 2 2 2 2 2 2 2 2 2 2 2 2 2 2 2 2 2 2 2 2
left_child=-1 9 3 -3 5 6 7 -5 -9 10 -2 -7 -8 -14 -15 16 23 18 24 27 -21 22 -20 -4 -18 -16 -17 28 -19 -30
right_child=1 2 15 4 -6 11 12 8 -10 -11 -12 -13 13 14 25 26 17 19 21 20 -22 -23 -24 -25 -26 -27 -28 -29 29 -31
leaf_value=0.0022499887982294674 -0.01108275634192285 -0.0067920241418272954 -0.012383682506554056 0.0033326850228366403 0.0079330828595668718 0.010926214563660323 0.0048379378197224519 -0.016715143652011953 -0.0025221132300794129 0.0038575256903826886 0.0026564182570347422 0.00097850894555449506 0.0054739287152187899 0.0019463316798210145 -0.016754386834800246 -6.712073675141886e-05 0.0085938421444910953 0.00050602326790491741 -0.0058955812396911476 0.0062174018708959465 -0.0061893995776772506 -0.0093742981220462495 0.0055132607780793248 -0.0013313138501389939 -0.0025267869699746371 -0.0034985011782158511 -0.010073345713756697 -8.4774163128300159e-05 -0.013541546499445327 -0.0045011327748403608
leaf_weight=315 21 43 33 21 47 40 76 24 20 196 26 40 32 25 20 26 66 60 26 63 25 28 47 34 20 22 53 110 42 159
leaf_count=315 21 43 33 21 47 40 76 24 20 196 26 40 32 25 20 26 66 60 26 63 25 28 47 34 20 22 53 110 42 159
internal_value=-1.33216e-11 -0.000490482 -0.00108249 0.000865415 0.00176261 0.000856319 -0.000842362 -0.00587107 -0.0102638 0.00243788 -0.00348236 0.00595236 0.00102544 -0.00190132 -0.00542383 -0.00209087 -0.0015713 -0.0010316 0.00192522 -0.00223623 0.00269274 -0.00155091 0.00144984 -0.00677502 0.00600765 -0.00981083 -0.00678016 -0.00340536 -0.00480484 -0.00639017
internal_weight=1760 1445 1202 410 367 320 240 65 44 243 47 80 175 99 67 792 713 646 187 459 88 101 73 67 86 42 79 371 261 201
internal_count=1760 1445 1202 410 367 320 240 65 44 243 47 80 175 99 67 792 713 646 187 459 88 101 73 67 86 42 79 371 261 201
is_linear=0
shrinkage=0.05


Tree=40
num_leaves=31
num_cat=0
split_feature=80 91 335 253 115 50 164 308 201 272 153 290 307 262 185 220 158 98 160 314 248 107 146 184 241 81 124 168 230 147
split_gain=0.736788 1.16245 1.27478 1.1628 1.14201 1.0384 1.10889 0.946602 0.850225 0.917298 0.764684 1.17736 0.757038 1.03868 0.921585 0.892776 1.35896 0.983625 0.896018 0.815653 0.800003 0.708906 0.695114 0.682675 0.678247 0.96166 0.676623 0.662928 0.662175 0.757331
threshold=1.0000000180025095e-35 0.055909631034948733 -0.031578178703006922 0.032734321808860038 -0.010211139021531432 2.9700856263602158 -0.049411868707194981 0.025163801802611643 -0.014979608596166401 -0.0024660089818298813 -0.03349362149275862 -0.016857494619162704 -0.0054342025272884975 -0.070251816746455045 -0.034430049392324712 0.013963740687796771 -0.020191732266548856 0.018365643396850675 0.025487145756380288 -0.04218946663606233 0.0050220134144554141 -0.021558175589465472 0.0064697627972862626 -0.00079638710854759893 -0.0076486842814074514 -0.4047018747570918 -0.0040755110926446667 -0.0034001650791287319 -0.0044265009190363348 -0.0043741034756490313
decision_type=2 2 2 2 2 2 2 2 2 2 2 2 2 2 2 2 2 2 2 2 2 2 2 2 2 2 2 2 2 2
left_child=1 2 3 7 26 6 -2 8 -1 27 11 -4 14 -14 -12 18 -17 23 19 -15 -20 -6 -19 -18 25 -16 -3 -10 -21 -30
right_child=5 4 10 -5 21 -7 -8 -9 9 -11 12 -13 13 15 24 16 17 22 20 28 -22 -23 -24 -25 -26 -27 -28 -29 29 -31
leaf_value=0.0083126039952039731 -0.0066769041276226451 -0.0059764714547149511 -0.0098594744939629626 -0.013300085919736714 -7.3394339738620655e-05 -0.0059357579472954529 0.0046493542453591727 -0.0091355155532558754 -0.014072989635169507 0.0025912225170403114 -0.0043461313041356893 0.0012917978622551476 -0.0094771975720370268 -0.0058995339274406436 -0.0038327205136923469 0.0088237789120863795 -0.014608808580253804 0.0055381650415559612 0.0021221276552927113 0.0065760052496833463 -0.0090636976176139087 -0.0080969305931885022 -0.0053177004599751073 -0.0046649931040075093 0.0054076637796242723 0.0049211988976197458 0.0042363434420390565 -0.0016261690012786701 0.0059445987274456356 -0.00040527086980916838
leaf_weight=25 24 23 41 27 36 33 217 36 20 49 39 56 27 25 59 22 28 30 31 112 33 117 29 45 224 67 55 23 72 135
leaf_count=25 24 23 41 27 36 33 217 36 20 49 39 56 27 25 59 22 28 30 31 112 33 117 29 45 224 67 55 23 72 135
internal_value=4.41849e-12 -0.000439289 0.000160684 -0.00373365 -0.00369889 0.00238242 0.00352143 -0.00204546 0.000136097 -0.00208578 0.000812759 -0.00342163 0.00123273 0.000102219 0.00294449 0.00056244 -0.00268128 -0.00459879 0.00178678 0.00279745 -0.00364556 -0.00620904 0.000202231 -0.00847906 0.00375688 0.000822141 0.00122487 -0.00741539 0.00347903 0.00180338
internal_weight=1760 1486 1255 180 231 274 241 153 117 92 1075 97 978 589 389 562 154 132 408 344 64 153 59 73 350 126 78 43 319 207
internal_count=1760 1486 1255 180 231 274 241 153 117 92 1075 97 978 589 389 562 154 132 408 344 64 153 59 73 350 126 78 43 319 207
is_linear=0
shrinkage=0.05


Tree=41
num_leaves=31
num_cat=0
split_feature=94 220 252 176 190 8 10 188 331 221 319 217 235 171 117 307 122 133 10 212 106 243 173 110 136 158 161 277 219 293
split_gain=0.684933 0.905563 0.787926 0.861078 0.924337 0.750564 0.755205 0.736507 0.960843 0.911992 0.925848 0.914015 0.873666 0.781577 0.852489 0.855466 1.46222 0.918546 0.934522 0.821832 0.793861 0.71476 0.712942 0.69605 0.682995 1.27609 0.677417 0.756582 0.673554 0.649995
threshold=0.12046229974478541 0.021805313753827927 0.048712546828518256 -0.012847324928693307 -0.010782821291850446 0.14082761250953471 0.16108108108108113 0.0037110951963092013 0.012665707621347631 0.020347945231537306 -0.0098180776823125065 -0.004570802994500669 0.062451393797548514 0.030114354357792774 0.030282755483495422 0.0038408106909810133 -0.004983025651069662 -0.020103811648692186 0.015497580587774855 0.10865430136789163 0.024145339659192681 0.054833221211189741 -0.0097013043108885172 0.053581865076994702 0.0033969057540521558 -0.0033829095192231475 -0.0036437334259996133 0.010710089734214953 0.0059541467986068469 0.0047048709435256594
decision_type=2 2 2 2 2 2 2 2 2 2 2 2 2 2 2 2 2 2 2 2 2 2 2 2 2 2 2 2 2 2
left_child=2 -2 5 26 -5 6 7 8 12 10 28 -12 13 14 15 17 29 -1 -19 -18 -16 -7 -6 -10 25 -13 -4 -28 -9 -17
right_child=1 -3 3 4 22 21 -8 9 23 -11 11 24 -14 -15 20 16 19 18 -20 -21 -22 -23 -24 -25 -26 -27 27 -29 -30 -31
leaf_value=-0.0095591086978939459 0.005645740578330837 -0.004494947841989675 -0.015447569061070683 -0.0090924212634563451 0.0093663551561210465 -0.0016867218434582561 0.0095654499757549041 0.0064018700849907163 0.0031207210959681357 0.00517510396862604 -0.0058921254791417408 -0.010980662091502122 0.0047150638116442642 0.0038824272883492849 0.0048789772240199012 -0.016981261483344594 0.00020826600614141249 0.003438292323157956 -0.0044900329494980016 -0.01125989542120979 -0.0068119990080595027 -0.011609516255557537 -0.00089731951302383104 -0.0066831971518695361 0.0042610965379689999 0.0024000502438569558 0.0011838373762589915 -0.010887285642325878 -0.0012476497784603474 -0.0067215197791273777
leaf_weight=33 103 28 20 25 23 196 23 87 191 148 76 28 46 43 53 38 61 78 71 21 20 20 64 20 74 49 27 25 43 26
leaf_count=33 103 28 20 25 23 196 23 87 191 148 76 28 46 43 53 38 61 78 71 21 20 20 64 20 74 49 27 25 43 26
internal_value=-7.09075e-12 0.00347827 -0.000279713 -0.00336132 -0.000618864 0.000112685 0.000590413 0.000419247 -0.000629501 0.00187504 0.000506939 -0.00141998 -0.00184423 -0.0025238 -0.00321075 -0.00429834 -0.00714932 -0.0020113 -0.000339634 -0.0027287 0.00167597 -0.0026055 0.00181607 0.00219144 0.000830894 -0.00246566 -0.00762736 -0.00461959 0.00387164 -0.0128132
internal_weight=1760 131 1629 184 112 1445 1229 1206 701 505 357 227 490 444 401 328 146 182 149 82 73 216 87 211 151 77 72 52 130 64
internal_count=1760 131 1629 184 112 1445 1229 1206 701 505 357 227 490 444 401 328 146 182 149 82 73 216 87 211 151 77 72 52 130 64
is_linear=0
shrinkage=0.05


Tree=42
num_leaves=31
num_cat=0
split_feature=224 215 175 1 155 289 256 204 84 188 247 95 301 185 124 135 286 175 244 333 280 110 141 335 335 120 148 225 100 264
split_gain=0.648186 0.792971 0.781931 0.924624 0.792723 0.734043 0.917079 0.755951 0.796567 0.786146 0.833261 0.899943 0.793079 0.802039 0.838603 0.871685 0.722621 0.776527 0.880686 0.758483 0.777562 0.712427 0.823507 0.691205 0.661894 0.660576 0.788173 0.893116 0.901657 0.726947
threshold=-0.035696913429994585 -0.058508539414162529 -0.0078001233966154453 3.5114340430413216 -0.0027277992290143656 0.05293839395685454 0.0069602982505855204 -0.021095888168146434 0.099919208002943655 -0.034841056395322215 0.044601683394969012 0.1391001447137287 -0.019224828721913643 0.019341375934293161 -0.0072764852955899137 -0.0038800823800155134 0.024170880126194866 -0.011578588620778069 0.0015185031925778047 -0.016424384707878114 -0.0038882582049297077 0.0025705160021870532 0.02747598219098257 -0.02892560370554443 -0.010279223938051711 0.00053639362115799703 -0.019307161640814002 0.0023040390735603188 -0.045710798011333952 -0.0033413538953793649
decision_type=2 2 2 2 2 2 2 2 2 2 2 2 2 2 2 2 2 2 2 2 2 2 2 2 2 2 2 2 2 2
left_child=-1 23 3 4 -3 7 -7 8 -4 -9 11 12 13 14 -11 -16 17 18 -5 -18 -21 -20 -23 -2 -12 26 -14 -28 -29 -30
right_child=1 2 5 16 -6 6 -8 9 -10 10 24 -13 25 -15 15 -17 19 -19 21 20 -22 22 -24 -25 -26 -27 27 28 29 -31
leaf_value=0.0020551432805165411 -0.0035940733326728955 0.0035306719690561296 -0.010579990890136986 0.0051543959967639986 -0.0084748013368384414 -0.0022636356380055932 -0.015364999815144324 0.0070788781961490374 0.0011174886402758684 -0.002050876674345798 0.0013244464807212353 0.0092184809713878428 -0.0062759054865202182 -0.0057815598845481877 0.015585527577522127 0.0036051771166373276 -0.0083145132588763396 0.0086001049164893505 0.0032458974725820804 -0.00349372195432315 0.0076657800969702223 -0.0097754011525669048 0.0028787014633417131 0.0033935165866278115 -0.0093787606447361983 -0.004425865391289795 0.0049441501475507169 -0.011567694258410484 -0.0053304500452109743 0.0040268709390040708
leaf_weight=315 43 20 43 98 44 34 22 29 22 36 20 22 46 25 22 49 31 53 44 37 27 36 20 200 52 182 82 20 35 51
leaf_count=315 43 20 43 98 44 34 22 29 22 36 20 22 46 25 22 49 31 53 44 37 27 36 20 200 52 182 82 20 35 51
internal_value=-6.21764e-12 -0.000448007 -0.000974649 0.000797795 -0.00472309 -0.0018922 -0.0074106 -0.00147232 -0.00662084 -0.000973586 -0.00133733 -0.000697117 -0.00109519 0.00228155 0.00416546 0.0073174 0.001819 0.00322476 0.00178591 -0.00189517 0.00121419 -0.00151521 -0.00525608 0.00215703 -0.00640565 -0.00216665 -0.00040949 0.00102591 -0.00200518 0.000218659
internal_weight=1760 1445 1202 410 64 792 56 736 65 671 642 570 548 132 107 71 346 251 198 95 64 100 56 243 72 416 234 188 106 86
internal_count=1760 1445 1202 410 64 792 56 736 65 671 642 570 548 132 107 71 346 251 198 95 64 100 56 243 72 416 234 188 106 86
is_linear=0
shrinkage=0.05


Tree=43
num_leaves=31
num_cat=0
split_feature=279 241 196 306 235 268 310 289 273 325 195 137 137 224 86 259 269 314 217 290 292 165 83 229 237 98 205 19 179 281
split_gain=0.622422 0.717194 0.815812 0.900156 0.927238 0.78926 0.738763 0.739528 0.880507 0.856368 0.830163 0.738294 0.735516 0.7165 0.679068 0.813113 0.678598 0.708182 0.677291 0.669801 0.657205 0.765632 0.653354 0.651941 0.647328 0.993819 0.642636 0.936936 0.890214 0.640676
threshold=-0.084761141677399038 0.0091531947465376424 -0.035217929313629576 0.042754582207737958 0.037461397604712579 -0.0049758932638039712 -0.032617567568057428 -0.036691638743243458 0.030310612911706152 -0.049769335419710188 -0.026986017430614549 0.0059740543282455569 -0.0068916301665036981 -0.035696913429994585 0.020331649466234284 -0.016402339016794911 -0.091374654234486041 -0.059368698048394168 -0.00054577349904837006 -0.01010862285941067 -0.007946594537079214 0.0070370729319800852 -0.23051674837948674 0.066722379341806901 0.049912248779804942 -0.053037909349630201 -0.0051784749607232212 23.008174386920984 -0.008826962996642455 0.0017864533461720807
decision_type=2 2 2 2 2 2 2 2 2 2 2 2 2 2 2 2 2 2 2 2 2 2 2 2 2 2 2 2 2 2
left_child=-1 2 5 4 6 -2 18 11 9 -9 12 -8 -11 -12 29 -16 -3 -18 -4 -17 21 -10 -5 24 25 -19 28 -28 -6 -15
right_child=1 16 3 22 26 -7 7 8 20 10 13 -13 -14 14 15 19 17 23 -20 -21 -22 -23 -24 -25 -26 -27 27 -29 -30 -31
leaf_value=0.0055562664963761154 -0.0030381642592449982 -0.0075556389810073942 -0.0036622862698453846 -0.0022157219931101188 -0.010750159293058373 0.0068409373923655481 -0.0022050869708158533 0.0068385367535732005 0.00098258275538682933 -0.0036211554608915164 0.0026895437788750447 0.0078604009516280281 -0.016563673778658822 -0.0042377104058520486 9.3286413405286648e-05 -0.014752411685573558 -0.0069921449150728149 -0.0078749528974294668 0.0055306724838766405 -0.0058600739782883066 -0.012433203992744286 -0.011465281664970376 0.0058395318791899884 -0.0037931527114576768 0.0072269582322665631 0.0023979108447513293 0.0066454576399130163 -0.0046349392466557525 0.0025828589685261251 0.00079768877171102121
leaf_weight=49 30 21 33 39 21 62 49 22 30 23 56 29 21 131 38 30 23 25 51 72 45 21 71 45 63 404 79 24 31 122
leaf_count=49 30 21 33 39 21 62 49 22 30 23 56 29 21 131 38 30 23 25 51 72 45 21 71 45 63 404 79 24 31 122
internal_value=-1.9526e-11 -0.000159122 -0.000893149 -0.00129311 -0.00180005 0.00361949 -0.00250778 -0.00304749 -0.00363277 -0.00281327 -0.00324398 0.00153721 -0.00979827 -0.00260169 -0.00335566 -0.00614966 0.0012685 0.00159941 0.00191915 -0.00847547 -0.00802904 -0.00414301 0.00298358 0.00196739 0.00249427 0.00179926 0.00172947 0.00401702 -0.00280163 -0.00180957
internal_weight=1760 1711 1130 1038 928 92 773 689 611 515 493 78 44 449 393 140 581 560 84 102 96 51 110 537 492 429 155 103 52 253
internal_count=1760 1711 1130 1038 928 92 773 689 611 515 493 78 44 449 393 140 581 560 84 102 96 51 110 537 492 429 155 103 52 253
is_linear=0
shrinkage=0.05


Tree=44
num_leaves=31
num_cat=0
split_feature=162 162 121 249 265 228 125 176 182 159 81 128 119 282 266 142 142 265 207 260 237 186 241 82 255 155 221 203 119 158
split_gain=0.600694 0.942784 0.822569 0.819565 1.21905 0.868909 0.861123 0.844471 0.693441 0.903858 0.870905 0.90089 0.949348 0.795052 1.03854 0.79733 0.772211 0.978266 0.749228 0.791677 0.726708 0.705309 0.837068 1.2758 0.83011 0.854631 0.824104 0.678265 0.667621 0.709235
threshold=-0.044298184431543701 -0.021102408867864884 -0.059792271543626409 -0.019046043577870559 -0.023114140528371092 0.0021606174903088149 0.0030362194129560489 0.0031434744127859073 -0.0029107883092125259 -0.0023505931954333004 -0.5056286966721969 0.042741629450256981 0.010590160855898706 0.011412880856136188 -0.014727784024971982 0.0025884437270033791 0.015735852891236263 0.01459970211924674 -0.0068194765518405547 0.010245664401666526 -0.010016901558399923 -0.012160799657435949 0.0011429861598505019 0.37826028364820635 0.041748912929676481 0.0097748162272528784 0.00010073393894194234 0.0023283511907125124 -0.0070289573596017769 -0.0040495655970332932
decision_type=2 2 2 2 2 2 2 2 2 2 2 2 2 2 2 2 2 2 2 2 2 2 2 2 2 2 2 2 2 2
left_child=-1 3 -3 6 5 -5 -2 -6 10 21 -4 12 18 15 -15 28 17 -16 -12 -20 -21 26 24 -24 25 27 -10 -23 -11 -30
right_child=1 2 8 4 7 -7 -8 -9 9 13 11 -13 -14 14 16 -17 -18 -19 19 20 -22 22 23 -25 -26 -27 -28 -29 29 -31
leaf_value=0.0034302137541670761 -0.0022501495022040148 0.0045627529640672824 0.0057984058964955683 -0.0026942756026983265 -0.0042087661329565981 -0.016061661262065173 -0.014999030833994901 0.0049017909455544026 -0.0084555431362241511 0.0019503523846940388 0.0071209058749179049 -0.0065896775928281611 -0.002201948551727193 0.006428208117289072 -0.008416651606054629 -0.0076691083184310367 0.0040875778872181074 0.0035564288613386453 0.0037292919481140482 -0.0087343592617300254 0.0016438574202962825 0.0030116777867078785 0.0068543082443268399 -0.0062876690517772327 0.0071586609818041326 -0.010062933693240796 0.0018976795310909685 -0.0056168275962894167 -0.0085958456796295241 -0.00020574393371740977
leaf_weight=119 26 101 89 31 41 20 27 67 40 63 75 42 140 47 59 105 33 24 114 31 37 62 115 22 28 28 37 36 53 48
leaf_count=119 26 101 89 31 41 20 27 67 40 63 75 42 140 47 59 105 33 24 114 31 37 62 115 22 28 28 37 36 53 48
internal_value=-3.11213e-12 -0.000248748 0.00021286 -0.00336025 -0.00156538 -0.00793639 -0.00874486 0.00144315 -0.000117967 -0.00104618 0.00128842 0.00037409 0.00111081 -0.00259734 0.000158207 -0.00426706 -0.00238222 -0.00495456 0.00291543 0.0011824 -0.00308739 0.000774749 0.00190074 0.00474392 -0.000628581 -0.00235908 -0.00348062 -0.000157977 -0.00208892 -0.00460847
internal_weight=1760 1641 1429 212 159 51 53 108 1328 800 528 439 397 432 163 269 116 83 257 182 68 368 291 137 154 126 77 98 164 101
internal_count=1760 1641 1429 212 159 51 53 108 1328 800 528 439 397 432 163 269 116 83 257 182 68 368 291 137 154 126 77 98 164 101
is_linear=0
shrinkage=0.05


Tree=45
num_leaves=31
num_cat=0
split_feature=80 61 164 91 335 253 115 308 201 272 188 144 116 140 301 255 145 262 130 85 182 112 173 140 142 188 319 173 207 232
split_gain=0.573803 0.851129 0.853153 0.830167 1.02198 0.977938 0.933598 0.783297 0.680205 0.735226 0.625021 1.33034 0.86046 0.940198 0.997944 0.860348 0.812175 0.798259 0.78774 0.761084 0.80344 0.74248 0.868513 0.957112 0.63942 0.859725 1.07984 0.84856 0.779352 0.598682
threshold=1.0000000180025095e-35 4.6297557079913174 -0.049411868707194981 0.055909631034948733 -0.031578178703006922 0.032734321808860038 -0.010211139021531432 0.025163801802611643 -0.014979608596166401 -0.0024660089818298813 -0.0012692348253904734 0.042131559556815475 0.011924966638239687 -0.023001563876005052 0.0062936345132779039 -0.010962522321883985 0.01027087022168763 0.059790315577259508 0.0012161287047152323 0.011081357796325466 -0.0010648964741008171 -0.015918463133372824 0.0076779835114132661 0.0092168884698383101 -0.022779124423806658 -0.012946945652911409 -0.022893118121050115 -0.028819959647015825 -0.00390564823433708 0.0031122915297254008
decision_type=2 2 2 2 2 2 2 2 2 2 2 2 2 2 2 2 2 2 2 2 2 2 2 2 2 2 2 2 2 2
left_child=3 2 -2 4 5 7 -5 8 -1 -10 11 12 17 -14 16 19 18 24 -15 -12 -21 22 23 -17 -6 27 -27 -26 -28 -23
right_child=1 -3 -4 6 10 -7 -8 -9 9 -11 15 -13 13 14 -16 21 -18 -19 -20 20 -22 29 -24 -25 25 26 28 -29 -30 -31
leaf_value=0.0074785735160112395 -0.0059757939151798695 -0.0066922549493610862 0.0039413398343862765 0.001309595504202522 0.0075295276386347018 -0.012140626536199342 -0.0054118526052513161 -0.0082688762288954526 -0.0065936442811128709 0.0023649941673692392 -0.0030522162638550259 -0.0096620950553762287 -0.011299753175289542 -0.0065415604040026665 0.0046796567815666403 0.00018364908494826023 -0.012878786648313205 -0.0077140207402408125 0.0048978847761948913 0.0070955595549415142 -0.001736838263101303 0.0029116394823233104 0.0055142129811903704 -0.012274149698870522 -0.0046122587152889801 -0.012282014247916993 0.0081362178144247631 0.0066522766517974983 -0.0034685519165717641 0.0079277443124892866
leaf_weight=25 24 25 225 78 53 27 153 36 43 49 137 38 27 34 48 58 21 20 27 51 52 162 46 21 21 21 23 82 39 94
leaf_count=25 24 25 225 78 53 27 153 36 43 49 137 38 27 34 48 58 21 20 27 51 52 162 46 21 21 21 23 82 39 94
internal_value=-7.9771e-12 0.00210247 0.00298547 -0.000387669 0.000119354 -0.00336752 -0.00314227 -0.00181933 0.000165148 -0.0018222 0.000703203 -0.000706835 0.000111193 -0.00280952 -0.00104616 0.00173405 -0.00439786 0.00188166 -0.0014782 -0.000610815 0.00263648 0.00321113 5.23864e-05 -0.00312792 0.00268465 0.00130412 -0.00248268 0.00435562 0.000836443 0.00475349
internal_weight=1760 274 249 1486 1255 180 231 153 117 92 1075 454 416 157 130 621 82 259 61 240 103 381 125 79 239 186 83 103 62 256
internal_count=1760 274 249 1486 1255 180 231 153 117 92 1075 454 416 157 130 621 82 259 61 240 103 381 125 79 239 186 83 103 62 256
is_linear=0
shrinkage=0.05


Tree=46
num_leaves=31
num_cat=0
split_feature=162 162 249 265 125 228 176 121 331 91 10 141 286 188 124 220 268 270 253 324 157 130 307 290 288 137 105 261 225 178
split_gain=0.539058 0.832055 0.72292 1.07955 0.789281 0.774358 0.723673 0.717087 0.605229 0.75863 0.717665 0.716213 1.03191 0.668815 1.08134 0.748218 0.722592 0.658119 0.640125 0.725837 0.633839 1.12767 0.641726 0.671612 0.627109 0.60796 0.617085 0.60045 0.56993 0.552418
threshold=-0.044298184431543701 -0.021102408867864884 -0.019046043577870559 -0.023114140528371092 0.0030362194129560489 0.0021606174903088149 0.0033491541049489597 -0.059792271543626409 0.00040000929649671504 0.074673332363213371 0.034847013113161733 -0.0060959272455311875 0.033480491259709706 0.010212778643843077 0.020027573994083791 0.013963740687796771 -0.0042940398939266908 0.015153928743951659 0.062426884966079642 -0.014197483441079456 0.0076887265339330929 -0.031329290646056898 -0.014517019937296842 -0.0037580217819463738 -0.023032469904514196 -0.011475324168514038 0.019745573173216412 -0.03482214196260898 0.00274649606780675 0.021307898531478589
decision_type=2 2 2 2 2 2 2 2 2 2 2 2 2 2 2 2 2 2 2 2 2 2 2 2 2 2 2 2 2 2
left_child=-1 2 4 5 -2 -4 28 -3 13 11 -11 12 18 15 16 20 17 -15 19 -10 24 -22 -23 -24 -9 -12 -27 -17 -5 -13
right_child=1 7 3 6 -6 -7 -8 8 9 10 25 29 -14 14 -16 27 -18 -19 -20 -21 21 22 23 -25 -26 26 -28 -29 -30 -31
leaf_value=0.003249466619571718 -0.0019979973825124597 0.0042594352829279291 -0.002519735573760925 0.0016167199860016507 -0.014203485956898444 -0.015138889048248531 0.0047518220002530148 -0.0053066370101311272 -0.0033823055483441313 -0.011384986988268793 -0.0086245659925043589 0.0039332749084474488 -0.0093188301114172766 0.0027377555919387802 -0.0065998471396810868 0.0015368307715859907 0.006408553170721705 -0.0082010782510042197 -0.0071670417419888765 0.0040491650933804722 -0.014889169819653034 0.0058769748679229194 0.0019147601164877415 -0.010613324298806813 0.0016078314771485807 0.0073771133015935247 -0.002298503180758821 -0.0064255537559068949 -0.0098117042984813465 -0.002073791187087243
leaf_weight=119 26 101 31 24 27 20 64 39 46 20 20 294 29 44 34 29 82 20 22 115 20 21 20 23 206 26 45 129 20 44
leaf_count=119 26 101 31 24 27 20 64 39 46 20 20 294 29 44 34 29 82 20 22 115 20 21 20 23 206 26 45 129 20 44
internal_value=3.24607e-12 -0.000235641 -0.00315872 -0.00147299 -0.00821589 -0.00746842 0.00135818 0.000198014 -0.000110875 0.000961368 -0.00280918 0.00172233 -0.000555911 -0.00117347 0.00143081 -0.00213604 0.00330097 -0.00068063 0.000832749 0.00192589 -0.000777884 -0.00452593 -0.00128742 -0.00478631 0.000507161 -0.000924385 0.00124468 -0.0049641 -0.00357802 0.00315129
internal_weight=1760 1641 212 159 53 51 108 1429 1328 661 111 550 212 667 180 487 146 64 183 161 329 84 64 43 245 91 71 158 44 338
internal_count=1760 1641 212 159 53 51 108 1429 1328 661 111 550 212 667 180 487 146 64 183 161 329 84 64 43 245 91 71 158 44 338
is_linear=0
shrinkage=0.05


Tree=47
num_leaves=31
num_cat=0
split_feature=241 19 283 214 290 162 146 325 287 218 173 96 330 120 310 157 247 263 162 188 249 324 271 136 83 113 253 283 89 253
split_gain=0.522452 0.723068 0.77761 0.733756 0.994069 0.958127 0.739087 0.738006 0.719113 0.623884 0.586302 1.09405 0.5812 0.582559 0.550799 0.58034 0.537057 0.810943 0.712338 0.955754 0.737319 0.683907 0.607508 0.516725 0.495986 0.790468 0.495049 0.493545 0.755611 0.563136
threshold=0.0091531947465376424 23.530726256983243 -0.0093942772613349428 0.0055773706740172161 0.016000501308485567 0.007219250133934171 -0.030214915255237822 -0.047626537158562132 0.079072661613572251 -0.029250139454588792 -0.041121513591709381 1.0000000180025095e-35 0.046479769956680565 -0.020251275221978716 -0.0068622249239744049 -0.0021861435969405623 -0.019538012757457094 0.00092495741395963438 -0.0031270800215295377 -0.0041526997501505842 0.0082156181954088827 -0.0083814587878951602 0.026283837562485035 0.012665920695579881 -0.27868825820335102 0.013476088093864072 0.0006766942494711134 0.035583523209631589 -0.022910437282387692 -0.011042210235085545
decision_type=2 2 2 2 2 2 2 2 2 2 2 2 2 2 2 2 2 2 2 2 2 2 2 2 2 2 2 2 2 2
left_child=1 3 -3 7 6 -6 -5 -1 10 -8 11 -9 27 -14 -4 -16 24 18 19 -18 21 -20 -19 -24 25 -12 -11 -2 29 -29
right_child=12 2 14 4 5 -7 9 8 -10 26 16 -13 13 -15 15 -17 17 22 20 -21 -22 -23 23 -25 -26 -27 -28 28 -30 -31
leaf_value=0.0062594559348442338 0.0024191734190162299 -0.0090713115180937609 0.0048962634415007558 0.0037872533385570235 0.0061492697202733589 -0.0048070928712766019 -0.00086458346299957817 0.0028683157154807339 -0.0091022395063191652 -0.010679180374635118 -0.0041852460464551341 -0.011117921397089959 0.00088812496978789572 -0.0092985519319772735 -0.0083086519925431781 0.0013864231873945943 -0.0057561987324764863 0.0036544610548651583 -0.014903563222932546 0.0039344914221241109 0.0016877080403989364 -0.0045741952134896137 -0.0088978963531553736 0.0023317704775503707 0.0053295768377882944 0.0076956199836872886 -0.0044110390176582666 0.00029379063812286959 0.003798989297167675 -0.010182686214303148
leaf_weight=55 441 49 26 26 56 31 57 27 20 56 42 29 32 25 33 29 38 165 22 77 31 59 20 21 111 21 72 23 37 29
leaf_count=55 441 49 26 26 56 31 57 27 20 56 42 29 32 25 33 29 38 165 22 77 31 59 20 21 111 21 72 23 37 29
internal_value=7.65298e-12 -0.000609406 -0.00402314 -0.000157976 -0.00225202 0.00224528 -0.00410636 0.000687587 0.000238901 -0.00521573 0.000520685 -0.00437456 0.00121777 -0.00357972 -0.00121223 -0.00377386 0.000972305 2.95119e-05 -0.00203179 0.00073235 -0.00486997 -0.0073797 0.00230095 -0.00314612 0.00331845 -0.000224957 -0.00715335 0.00173373 -0.00166268 -0.00554886
internal_weight=1760 1173 137 1036 298 87 211 738 683 185 663 56 587 57 88 62 607 433 227 115 112 81 206 41 174 63 128 530 89 52
internal_count=1760 1173 137 1036 298 87 211 738 683 185 663 56 587 57 88 62 607 433 227 115 112 81 206 41 174 63 128 530 89 52
is_linear=0
shrinkage=0.05


Tree=48
num_leaves=31
num_cat=0
split_feature=94 135 220 331 218 4 152 165 133 241 129 191 165 175 240 147 125 240 305 82 97 81 314 246 177 309 146 151 271 127
split_gain=0.505547 0.704676 0.691651 0.579961 0.764166 0.811293 0.760831 0.808853 0.853416 0.658997 0.748475 0.697254 0.745573 0.640664 0.954379 0.787701 0.641366 0.781721 0.637067 0.886956 0.67345 0.601515 0.917779 1.01277 0.607236 0.858866 0.642096 0.58656 0.624756 0.584511
threshold=0.12046229974478541 0.012467638452026079 0.0060926476957605573 -0.020157970271604302 -0.013282361776985463 6.6133761105709299 0.00039469989816002697 -0.017218838203896532 -0.012587674420173564 0.02605892516177773 0.008888139657787621 0.0036464308635512335 -0.0032743834236036357 0.001458524929266315 0.015042773860057269 0.010839345628820248 -0.0017503034486777249 -0.0011449749010522408 -0.0044549810036164884 0.19315315463549995 -0.031895312564131924 -0.32382521889837329 -0.021191170661245051 0.0084004892094364427 -0.0099280693785835181 -0.025536082447811661 0.004393615123256236 0.0060323862460295299 -0.0028211790458037042 -0.00042661699611589013
decision_type=2 2 2 2 2 2 2 2 2 2 2 2 2 2 2 2 2 2 2 2 2 2 2 2 2 2 2 2 2 2
left_child=3 -2 -3 21 9 6 7 8 -6 11 -11 12 -5 15 16 -9 17 -15 19 -8 -20 22 23 -1 26 -26 -24 28 -7 -18
right_child=1 2 -4 4 5 27 18 13 -10 10 -12 -13 -14 14 -16 -17 29 -19 20 -21 -22 -23 24 -25 25 -27 -28 -29 -30 -31
leaf_value=-0.0025163292320388737 0.0060592727862637148 0.0029492635115542835 -0.0087687988160178067 0.0032892162811297638 0.0033715868501790931 -0.00032805194757108035 0.0031315585569245742 0.005593682970696439 -0.0070227242088807167 0.0067594264464622194 -0.0026907971221953632 -0.0063638572763327671 -0.0032692776120697657 -0.0092835646122694012 -0.0080013051830433515 -0.0021633535954687332 0.0091765079385368164 0.0030993914753198624 0.010995574691929879 -0.0048997487000962524 0.0036898475224998867 0.0020813922869832549 -0.00088440472533440461 -0.015445039235055448 -0.0070430074608133697 0.0023089796352058142 -0.0095462482934817669 0.0039514749636873608 -0.010129659179900144 0.00029530367306010289
leaf_weight=33 77 34 20 65 28 29 128 120 67 44 40 92 130 26 37 45 32 25 39 47 165 73 46 28 31 118 40 20 37 44
leaf_count=33 77 34 20 65 28 29 128 120 67 44 40 92 130 26 37 45 32 25 39 47 165 73 46 28 31 118 40 20 37 44
internal_value=2.83101e-12 0.00298827 -0.00139076 -0.000240309 0.000270239 0.00106569 0.00156 0.000104902 -0.00395914 -0.00163585 0.00225932 -0.0027759 -0.00108311 0.00127841 -0.000934723 0.00347813 0.00112405 -0.00321349 0.00318787 0.000974579 0.00508653 -0.00198364 -0.00298617 -0.00845082 -0.00156769 0.000363264 -0.00491317 -0.00354978 -0.00582289 0.00403476
internal_weight=1760 131 54 1629 1260 889 803 424 95 371 84 287 195 329 164 165 127 51 379 175 204 369 296 61 235 149 86 86 66 76
internal_count=1760 131 54 1629 1260 889 803 424 95 371 84 287 195 329 164 165 127 51 379 175 204 369 296 61 235 149 86 86 66 76
is_linear=0
shrinkage=0.05


Tree=49
num_leaves=31
num_cat=0
split_feature=285 277 331 196 204 325 227 275 149 91 335 137 289 176 218 188 315 300 304 288 91 293 86 281 251 107 186 86 251 327
split_gain=0.486276 0.644876 0.493038 0.671422 0.678657 0.750441 0.803621 0.630406 0.679801 0.599595 0.886077 0.620007 0.772635 0.987116 0.601145 0.592885 0.626705 0.569707 0.599982 0.621152 0.760597 0.678287 0.597006 0.721803 0.731168 0.6924 0.849567 0.654225 0.719579 0.594751
threshold=0.086689547422938606 -0.0079052520234424526 0.00052880379850644792 -0.042757044163656575 -0.025067844839066069 -0.015088622103124644 0.0050358302840174249 -0.020546349557315029 -0.046362913112187494 0.054240837848426308 -0.033714397189892505 0.0027606749672133696 -0.02847754875436297 -0.013478502869470851 0.016188337003873173 0.026367598795035575 0.025602299821419896 -0.064014404788412901 -0.018214432621891753 -0.015786167359894455 -0.13655897221415944 0.012942882567870786 -0.033373345521218463 0.0089868783621184934 0.030287176245623642 0.00042784215358496186 0.0025580329098539348 0.020331649466234284 0.011752144022487131 -0.0041974352777314127
decision_type=2 2 2 2 2 2 2 2 2 2 2 2 2 2 2 2 2 2 2 2 2 2 2 2 2 2 2 2 2 2
left_child=2 -2 15 -4 5 -5 -7 -6 -9 10 -10 -12 -13 -14 -15 17 -17 -1 -19 20 -20 -22 25 24 -24 26 29 -25 -29 -21
right_child=1 -3 3 4 7 6 -8 8 9 -11 11 12 13 14 -16 16 -18 18 19 22 21 -23 23 27 -26 -27 -28 28 -30 -31
leaf_value=-0.0071915045984693483 0.00059532134979963305 -0.011005659863028837 0.0058476580624383968 0.0034807415760081751 0.003680273660809209 -0.014300147784144982 -0.0015816790707133437 -0.0072340843075051385 -0.0053702848264947541 -0.0023502057626843455 0.0046228569662253539 0.0087600840660540958 -0.010126752667129041 0.0028253085033475671 -0.0059717788398265838 0.005420984798776252 -0.0042536620558662848 0.0018054189068449295 0.0047946274466812615 0.0039673752236095349 -0.0082012965479928458 -0.00072356850394736166 0.005636206020911535 0.0042465967126190662 -0.0035151186532207898 -1.1138492586589096e-05 -0.012719947340026981 -0.0079708698932081466 0.0014572386465528432 -0.0070184409684900728
leaf_weight=37 25 23 66 23 174 23 27 29 40 125 169 23 25 87 25 70 22 167 20 22 89 46 99 32 28 101 31 50 34 28
leaf_count=37 25 23 66 23 174 23 27 29 40 125 169 23 25 87 25 70 22 167 20 22 89 46 99 32 28 101 31 50 34 28
internal_value=-7.78527e-12 -0.00496348 0.000139163 0.00100774 0.000592888 -0.00399386 -0.00743217 0.00107328 0.000205942 0.000642705 0.00165656 0.00251089 0.000280128 -0.00114351 0.000861673 -0.000689751 0.00310748 -0.00113534 -0.000835374 -0.00159574 -0.00430521 -0.00565333 -0.000607583 0.00101422 0.00361859 -0.00277295 -0.0062167 -0.00183712 -0.00415473 -0.00218468
internal_weight=1760 48 1712 836 770 73 50 697 523 494 369 329 160 137 112 876 92 784 747 580 155 135 425 243 127 182 81 116 84 50
internal_count=1760 48 1712 836 770 73 50 697 523 494 369 329 160 137 112 876 92 784 747 580 155 135 425 243 127 182 81 116 84 50
is_linear=0
shrinkage=0.05


Tree=50
num_leaves=31
num_cat=0
split_feature=162 162 1 195 121 225 205 10 182 248 304 81 128 119 177 159 176 282 239 186 131 314 294 144 148 175 335 176 325 306
split_gain=0.44854 0.73878 0.664114 1.03447 0.593568 0.581416 0.805159 0.67168 0.54068 0.715711 0.724942 0.68538 0.699105 0.742349 0.595665 0.591323 0.660513 0.634393 0.619701 0.754148 0.719107 0.716714 0.727564 0.603869 0.602438 0.791767 0.699148 0.874125 0.694193 0.775514
threshold=-0.044298184431543701 -0.021102408867864884 4.8713658868283671 -0.02552968969148944 -0.059792271543626409 -0.00091524523640890457 0.013978897270509126 0.07634032634032635 -0.0029107883092125259 -0.029127467183852052 -0.071142738237669464 -0.5056286966721969 0.042741629450256981 0.010590160855898706 0.01286434352110523 -0.0023505931954333004 0.019589468444991171 0.012674846975636155 -0.0040481946553415577 0.0047147808429098262 -0.022197031716201392 0.0024324797462448502 -0.0024347365755287682 0.011594134911917809 -0.027631370148365423 -0.014105640720276936 -0.001295823734603869 -0.0055807332928381062 0.0031467367078048428 -0.0011702622186183316
decision_type=2 2 2 2 2 2 2 2 2 2 2 2 2 2 2 2 2 2 2 2 2 2 2 2 2 2 2 2 2 2
left_child=-1 2 3 -2 -3 -5 7 -7 11 14 -11 -6 13 -13 -10 18 24 -18 20 23 -12 -22 -23 -20 -17 -26 27 -27 29 -28
right_child=1 4 -4 5 8 6 -8 -9 9 10 15 12 -14 -15 -16 16 17 -19 19 -21 21 22 -24 -25 25 26 28 -29 -30 -31
leaf_value=0.002964115351000253 -0.01138574379682541 0.0038887890811898917 -0.01045433641769565 0.002495569154256728 0.0051553824628713767 -0.013154286697506904 0.0031131455610538352 -0.0015639461819082501 0.0051721856257394908 -0.010899082329124213 -0.0054294638759033245 0.002588167470283734 -0.0057911198453179432 -0.0019370422312723738 -0.0025876977092896898 0.0035494124946685943 -0.0030075392382609293 0.0055812098150856276 -0.0070808738581280214 0.0025630235671997071 0.0076302066924316542 -0.0064422423796107369 0.0060024746086286464 0.0020251295566558838 -0.010547424395653336 -0.0043028277327429578 -0.007080895491899589 0.0052916282571332405 -0.010082067588630778 0.0036120243246356648
leaf_weight=119 25 101 26 82 89 25 29 25 79 20 22 257 42 140 36 26 43 43 67 61 70 24 23 25 44 53 39 43 52 30
leaf_count=119 25 101 26 82 89 25 29 25 79 20 22 257 42 140 36 26 43 43 67 61 70 24 23 25 44 53 39 43 52 30
internal_value=-1.05171e-12 -0.000214948 -0.00296931 -0.00192302 0.000193677 -0.000453652 -0.00351487 -0.00735912 -8.73518e-05 -0.000906973 -0.00151974 0.0011545 0.000343385 0.000992376 0.002743 -0.00123766 -0.00255685 0.00128684 0.000447478 -0.00174801 0.0028641 0.00442357 -0.000352274 -0.00460642 -0.00370862 -0.00443164 -0.00319157 -5.31099e-06 -0.00571952 -0.0024318
internal_weight=1760 1641 212 186 1429 161 79 50 1328 800 685 528 439 397 115 665 373 86 292 153 139 117 47 92 287 261 217 96 121 69
internal_count=1760 1641 212 186 1429 161 79 50 1328 800 685 528 439 397 115 665 373 86 292 153 139 117 47 92 287 261 217 96 121 69
is_linear=0
shrinkage=0.05


Tree=51
num_leaves=31
num_cat=0
split_feature=80 61 164 285 91 274 335 253 248 153 222 308 170 195 230 307 146 238 321 214 240 283 95 247 9 146 289 290 203 272
split_gain=0.436732 0.659236 0.658527 0.586236 0.563454 0.847113 0.729503 0.790114 0.668376 0.713679 0.651339 0.722902 0.647041 0.563537 0.787412 0.974071 0.709943 1.07367 0.708236 0.643314 0.577862 0.565095 0.597294 0.724741 0.624117 0.553409 0.548051 0.538683 0.535759 0.710767
threshold=1.0000000180025095e-35 4.6297557079913174 -0.049411868707194981 0.086689547422938606 0.054240837848426308 -0.017766479914650864 -0.031578178703006922 0.032734321808860038 -0.024854977651768327 -0.03349362149275862 -0.0037173307007688805 0.006965329416626022 0.013255873261019483 0.00070092074590222893 0.005560798592300382 -0.0049455193353008043 -0.023369781224293142 0.0023609493120275225 -0.0018523260639586282 0.21747693827578446 -0.010895830706203717 0.0047029158941934756 -0.033893333947155262 -0.0051910476586018743 0.029453073364177133 0.027610624684305071 -0.0081644671633242429 -0.016857494619162704 0.0039618793102773166 -0.0016156819993693606
decision_type=2 2 2 2 2 2 2 2 2 2 2 2 2 2 2 2 2 2 2 2 2 2 2 2 2 2 2 2 2 2
left_child=3 2 -2 4 6 -6 7 10 -8 27 26 12 -12 14 18 -16 -17 20 -11 21 -18 25 -23 -24 -25 -15 -1 -10 29 -20
right_child=1 -3 -4 -5 5 -7 8 -9 9 13 11 -13 -14 19 15 16 17 -19 28 -21 -22 22 23 24 -26 -27 -28 -29 -30 -31
leaf_value=-0.0032469641703825728 -0.0052616906313536077 -0.0059058335907757288 0.0034511433616280559 -0.0061613299396066443 0.002945707149126313 -0.0041829531719951435 0.0032416245029416196 -0.011162671074271203 -0.0091481965856955345 0.0044306667973561323 0.0051738248135034855 -0.0092806978485523127 -0.0067884312942624097 0.0064226793372654358 0.0018168976653695984 -0.012800495630061186 0.0073569226544350393 -0.0094069445844401009 -0.009817046386500201 -0.0031577328704297546 -0.0032387351527089075 0.008641536952927709 0.0030850674712755641 -0.0090596321641522298 0.001604782903324003 -0.0014545263377604661 0.0061247295962694364 -0.00084848326438552012 0.0031980838444901679 0.0003639926557661966
leaf_weight=26 24 25 225 42 55 172 215 24 34 102 26 39 20 128 68 27 22 44 30 50 31 20 61 34 23 27 39 46 41 40
leaf_count=26 24 25 225 42 55 172 215 24 34 102 26 39 20 128 68 27 22 44 30 50 31 20 61 34 23 27 39 46 41 40
internal_value=5.21223e-12 0.00183424 0.00261135 -0.000338211 -0.00016884 -0.00245574 0.000257723 -0.00273941 0.000757724 0.00011275 -0.00139169 -0.0042729 -2.71561e-05 0.000592815 -0.000670174 -0.00299228 -0.00562958 -0.00363355 0.00142299 0.0020841 0.00115946 0.00297861 0.000651466 -0.000702783 -0.00475645 0.00505052 0.00237605 -0.00437586 -0.00134081 -0.00399931
internal_weight=1760 274 249 1486 1444 227 1217 174 1043 828 150 85 46 748 405 192 124 97 213 343 53 293 138 118 57 155 65 80 111 70
internal_count=1760 274 249 1486 1444 227 1217 174 1043 828 150 85 46 748 405 192 124 97 213 343 53 293 138 118 57 155 65 80 111 70
is_linear=0
shrinkage=0.05


Tree=52
num_leaves=31
num_cat=0
split_feature=241 194 237 214 130 137 108 191 128 186 91 139 254 192 185 308 132 96 117 117 241 297 322 96 285 225 330 257 302 139
split_gain=0.417138 0.602855 0.561654 0.568713 0.655895 0.574493 0.639068 0.605185 0.632052 0.586912 0.580987 0.706266 0.669107 0.655961 0.761007 0.556006 0.684022 0.535109 0.815087 0.525938 0.673812 0.625666 0.738943 0.658126 0.507825 0.499668 0.483097 0.485852 0.45267 0.445479
threshold=0.0091531947465376424 -0.022285311052729434 -0.041981281496676646 0.0055773706740172161 -0.041597855326090005 0.027352770677578055 0.051215449334718562 0.042248934040867998 0.041087005650778892 0.0069346448920278867 -0.0045925527146744765 0.0030933322266144488 -0.011797026416257529 0.0037208651239941395 -0.0014455450820447669 -0.0058781675292972338 -0.01268772757739099 0.0018086470207708397 0.025221581387651789 0.011846098835277735 0.0011429861598505019 -0.030825540391157934 0.011000799781042606 -0.0011035510803742178 -0.0035441500319424398 0.00021533873980947443 0.046479769956680565 0.011454764004507682 -0.037824772992062168 0.005199586544086943
decision_type=2 2 2 2 2 2 2 2 2 2 2 2 2 2 2 2 2 2 2 2 2 2 2 2 2 2 2 2 2 2
left_child=1 17 15 5 -5 6 7 8 10 -8 28 12 -12 14 -13 -3 -17 -1 29 20 21 -6 23 -23 -18 -21 -2 -28 -4 -19
right_child=26 2 3 4 19 -7 9 -9 -10 -11 11 13 -14 -15 -16 16 24 18 -20 25 -22 22 -24 -25 -26 -27 27 -29 -30 -31
leaf_value=0.0047592254796175555 0.0015585378458600422 0.0052218314655350919 -0.0038465887955997299 -0.0089189990899629073 -0.0056418282194779477 0.0039157361693439949 -0.013288841694593429 -0.0087428628043694934 -0.0073814410973211814 -0.0014542085203257476 -0.010537866075281744 0.0037719049150260484 -0.0018519935029138242 0.007905800832668319 -0.0066095401833374664 -0.0080490440983946136 0.0067713145166635519 0.0084124673327261763 -0.0073392258584499357 -0.0019617619807831945 -0.0077155438036872791 -0.0053390948135139688 0.010896478220820427 0.0047082316148309754 -0.002014327426686099 -0.0095811045179382357 0.00037407646753958294 -0.0091082339090379806 0.003741960964269108 -0.0010228857654949715
leaf_weight=93 530 66 23 45 26 62 20 22 29 22 27 41 124 32 31 24 29 22 30 48 26 28 23 39 38 39 35 22 135 29
leaf_count=93 530 66 23 45 26 62 20 22 29 22 27 41 124 32 31 24 29 22 30 48 26 28 23 39 38 39 35 22 135 29
internal_value=4.39203e-12 -0.000544532 -0.0010176 -0.00152953 -0.00340047 -0.000627002 -0.00118362 -0.000649015 -0.000246154 -0.00708975 0.000254871 -0.0012213 -0.0034051 0.0019494 -0.000697884 0.00172795 -0.000806081 0.0021715 -0.000799582 -0.00231604 -0.000440467 0.00119015 0.00316384 0.000509349 0.00178841 -0.00537733 0.00108814 -0.00328576 0.0026373 0.00304727
internal_weight=1760 1173 999 842 274 568 506 464 442 42 413 255 151 104 72 157 91 174 81 229 142 116 90 67 67 87 587 57 158 51
internal_count=1760 1173 999 842 274 568 506 464 442 42 413 255 151 104 72 157 91 174 81 229 142 116 90 67 67 87 587 57 158 51
is_linear=0
shrinkage=0.05


Tree=53
num_leaves=31
num_cat=0
split_feature=94 135 251 331 218 4 50 152 102 288 127 141 307 103 292 272 303 244 121 182 295 262 233 260 265 263 252 168 226 179
split_gain=0.412392 0.5732 0.582438 0.489522 0.582146 0.645024 0.612553 0.598014 0.69498 0.57631 0.898496 0.637711 0.589274 0.564355 0.542208 0.634652 0.740426 0.538287 0.537266 0.620681 0.868166 0.661416 0.609734 0.576509 0.546846 0.709562 0.532095 0.521026 0.517227 0.515309
threshold=0.12046229974478541 0.012467638452026079 -0.027395771505926089 -0.020157970271604302 -0.013282361776985463 6.6133761105709299 1.7005986908310777 -0.004369761935696422 0.018815093472856783 0.00070687249245028128 0.0053631418034224745 -0.0054168026178457547 -0.0045530565871344042 0.040568742134302491 0.035986318387014202 0.015978055614523232 0.0073909485336091443 -0.060219830752453275 0.0065679972124442982 -0.0051020070892220087 0.025545019073858356 -0.00087773949789415092 -0.0091263762142065417 -0.0080583171016898134 0.0094321543792601284 -0.0020931411403823509 0.030066762376802291 0.010405978169174638 -0.030623085028616926 0.003968186042107435
decision_type=2 2 2 2 2 2 2 2 2 2 2 2 2 2 2 2 2 2 2 2 2 2 2 2 2 2 2 2 2 2
left_child=3 -2 -3 18 9 6 7 8 14 10 26 12 -11 28 15 -6 -17 -9 19 22 21 23 -1 -21 25 -20 -5 -23 -12 -14
right_child=1 2 -4 4 5 -7 -8 17 -10 11 13 -13 29 -15 -16 16 -18 -19 24 20 -22 27 -24 -25 -26 -27 -28 -29 -30 -31
leaf_value=-0.0050531505716635908 0.0054686819942510847 -0.006443254470273301 0.0039422550756070349 -0.0050233083335976848 0.0037827940575559348 -0.0031691384891611198 0.0074184260214678948 0.0085959406449429461 -0.0042037334382296248 0.0038936487196580224 -0.0094733790006665958 0.0032864643242210148 -0.0018518932389490533 0.0051264776731841273 -0.004408823428914333 -0.0096117322248491371 0.0033604898574677387 0.0017679104309191213 0.0018882642262706571 -0.0052744769491255283 -0.015084311543476015 -0.01133151186958832 0.0039539054523976078 0.006454801153052938 0.0034635395742952826 -0.0065816095797345047 -0.014502203911542895 -0.0015875916280176329 -0.00044742067845968104 -0.012023035064339639
leaf_weight=34 77 27 27 57 136 86 40 31 94 23 21 100 33 32 39 22 22 419 51 20 21 34 42 22 74 48 20 23 65 20
leaf_count=34 77 27 27 57 136 86 40 31 94 23 21 100 33 32 39 22 22 419 51 20 21 34 42 22 74 48 20 23 65 20
internal_value=-8.64516e-12 0.00269894 -0.0012505 -0.000217042 0.000252013 0.000946296 0.00138705 0.00107086 -0.000607548 -0.00141165 -0.00328384 0.000662654 -0.00278973 -0.00054217 0.000936021 0.00209407 -0.00312562 0.00223829 -0.00181869 -0.00361114 -0.00585034 -0.00389162 -7.5567e-05 0.000869431 0.000212059 -0.00221834 -0.00748536 -0.00739975 -0.00265143 -0.00569006
internal_weight=1760 131 54 1629 1260 889 803 763 313 371 195 176 76 118 219 180 44 450 369 196 120 99 76 42 173 99 77 57 86 53
internal_count=1760 131 54 1629 1260 889 803 763 313 371 195 176 76 118 219 180 44 450 369 196 120 99 76 42 173 99 77 57 86 53
is_linear=0
shrinkage=0.05


Tree=54
num_leaves=31
num_cat=0
split_feature=188 297 214 305 176 260 196 157 331 147 286 201 311 336 321 237 308 281 310 306 167 188 330 293 159 174 275 84 131 149
split_gain=0.384135 0.602354 0.56454 0.704272 0.738501 0.67527 0.594708 0.551473 0.527436 0.630292 0.609995 0.675186 0.642539 0.719384 0.59853 0.578352 0.799695 0.645072 0.556641 0.560944 0.588423 0.57885 0.726468 0.584938 0.555036 0.524855 0.510924 0.505308 0.499395 0.454367
threshold=0.0037110951963092013 0.068880889476867532 0.0094082668467222619 -0.026073111580821377 -0.010111200278913395 -0.047916566980128618 0.0011772988918976382 -0.040361115540246705 0.0081961207538883939 0.051577805641746126 -0.014669559556725833 0.0016317794860334785 -0.012678736912424245 -0.0013107793164396293 -0.0030285760127335359 0.025657183125707726 0.0017029934216645194 0.0017864533461720807 0.030095152395756664 -0.034025390023802608 -0.0096016185366119763 -0.013250360691740725 0.026259075694657904 0.013262856870809867 -0.010490677923651961 0.014412968075560187 0.013086272910061697 -0.40326395909579121 0.0081712466989840322 -0.0016872982277806191
decision_type=2 2 2 2 2 2 2 2 2 2 2 2 2 2 2 2 2 2 2 2 2 2 2 2 2 2 2 2 2 2
left_child=7 2 27 -4 29 -6 -7 -1 10 15 11 14 -13 -14 -9 16 -10 -18 19 -12 26 25 23 28 -16 -22 -21 -2 -23 -5
right_child=1 -3 3 4 5 6 -8 8 9 -11 18 12 13 -15 24 -17 17 -19 -20 20 21 22 -24 -25 -26 -27 -28 -29 -30 -31
leaf_value=0.003233065378906972 -0.0037413866445422175 -0.0072739508849653332 -0.0051787011001421064 -0.0081410730390676436 -0.0032131317143256851 0.0014988321158329421 0.010921264461734716 0.003640980425883423 0.0027305095938701682 -0.0066331862871135995 -0.0075813060679606028 -0.0009032702259719372 -0.018767409473657612 -0.0061541368826650662 -0.010666177437330287 0.0049052652089467538 -0.0065564112401888018 0.00087562731600233489 0.0040134067555852963 0.0059957729880603002 0.0042442789094315637 -0.002374609578206825 -0.012628792878240348 0.0030925151064164109 -0.0010922617551575348 -0.0046422948439915979 -0.0021272460697218777 0.0024898099606187442 -0.009765231280277174 0.0012343380755434434
leaf_weight=85 35 22 69 28 26 33 34 33 127 28 35 20 20 26 24 79 61 56 51 49 54 96 20 36 41 24 32 462 30 24
leaf_count=85 35 22 69 28 26 33 34 33 127 28 35 20 20 26 24 79 61 56 51 49 54 96 20 36 41 24 32 462 30 24
internal_value=-9.72994e-12 0.000874357 0.00112648 -0.00102062 0.000958049 0.00362627 0.00628036 -0.000624054 -0.000972096 0.000563121 -0.00188387 -0.00447585 -0.00838517 -0.0116382 -0.00184305 0.00118695 -1.69313e-05 -0.0029992 -0.00088836 -0.00155323 -0.00093451 -0.0020938 -0.00363827 -0.00252833 -0.00462725 0.00150995 0.00278668 0.00205099 -0.00413428 -0.00381396
internal_weight=1760 733 711 214 145 93 67 1027 942 351 591 164 66 46 98 323 244 117 427 376 341 260 182 162 65 78 81 497 126 52
internal_count=1760 733 711 214 145 93 67 1027 942 351 591 164 66 46 98 323 244 117 427 376 341 260 182 162 65 78 81 497 126 52
is_linear=0
shrinkage=0.05


Tree=55
num_leaves=31
num_cat=0
split_feature=121 253 95 92 220 295 263 195 173 308 259 293 192 299 333 160 223 221 200 83 103 330 94 280 304 103 321 272 131 252
split_gain=0.375809 0.490207 0.69073 0.638093 0.582043 0.56531 0.542648 0.654882 0.533938 0.818456 0.808975 0.532457 0.455153 0.444574 0.428302 0.523065 0.746456 1.06169 0.641421 0.57474 0.540927 0.512394 0.550833 0.423696 0.414117 0.448612 0.601436 0.448728 0.419154 0.407757
threshold=-0.018479239741417981 0.0404783029797511 0.039337857259543148 0.07141157124079725 -0.046711629654600927 0.033120786400119069 -0.013031111321117351 -0.0051028042325220258 -0.031484734615430186 -0.0084538489511305336 0.013338603989732951 -0.0051050577459006664 -0.0048179517001738443 -0.012028483580414275 0.018305089834565327 0.0027623346675432997 0.00077587853833668721 0.035516053356169912 -0.0068832749295431837 0.07312721383849613 0.018415655626463485 0.031355216735007733 -0.07824609163280867 0.0028780662053350553 0.013914684040879994 -0.0086447998680163462 0.0050825059210471164 0.0063600513422561707 -0.010345447188453082 -0.0075383010508177058
decision_type=2 2 2 2 2 2 2 2 2 2 2 2 2 2 2 2 2 2 2 2 2 2 2 2 2 2 2 2 2 2
left_child=-1 2 8 4 -4 6 11 -8 9 -2 -11 -3 -13 -6 15 21 17 18 -17 -18 29 22 -10 -5 25 26 27 -24 -27 -20
right_child=1 5 3 23 13 -7 7 -9 14 10 -12 12 -14 -15 -16 16 19 -19 20 -21 -22 -23 24 -25 -26 28 -28 -29 -30 -31
leaf_value=0.0012104402053506767 0.0018097272664308547 0.0056726364757527011 0.0034858325082394812 0.0081122998317534282 -0.0078402597735065128 0.004215449676848948 -0.002033972156305726 -0.010932783028957518 -0.0034091008245013656 -0.012923529158745492 -0.00041360924951732163 0.00067886903882026679 -0.009440885521471501 -0.0027011336755178132 0.0032397930321984751 -0.011228131911613877 0.0033056594368106535 0.0048708814072112245 -0.004584247146600059 -0.0052861270611174408 -0.0088939137956393615 -0.0032966967172375541 -0.0022732140418762962 -0.0017006800467656417 0.0071171463512983485 -0.0011648592849572501 -0.0062751417513936762 0.006969399233188095 0.0070426996223007651 0.0040274992636922333
leaf_weight=470 50 22 27 22 62 24 39 44 32 28 24 25 20 131 178 36 103 30 28 24 28 41 24 22 61 21 28 29 60 27
leaf_count=470 50 22 27 22 62 24 39 44 32 28 24 25 20 131 178 36 103 30 28 24 28 41 24 22 61 21 28 29 60 27
internal_value=-6.08535e-13 -0.000441013 -5.61491e-05 -0.0022908 -0.00339012 -0.00290945 -0.00404944 -0.00675141 0.000636278 -0.00275783 -0.00714972 -0.000702209 -0.0038188 -0.00435204 0.00109788 0.000431338 -0.00113448 -0.00353512 -0.00565428 0.00168201 -0.0032367 0.00189136 0.00272551 0.00320581 0.00360582 0.00228365 -0.000347513 0.00278406 0.00491481 -0.000356663
internal_weight=1760 1290 1116 264 220 174 150 83 852 102 52 67 45 193 750 572 276 149 119 127 83 296 255 44 223 162 81 53 81 55
internal_count=1760 1290 1116 264 220 174 150 83 852 102 52 67 45 193 750 572 276 149 119 127 83 296 255 44 223 162 81 53 81 55
is_linear=0
shrinkage=0.05


Tree=56
num_leaves=31
num_cat=0
split_feature=241 194 310 195 174 159 192 336 296 147 160 199 130 309 121 156 183 317 103 96 117 189 245 139 263 314 188 263 111 197
split_gain=0.362926 0.492684 0.479676 0.755174 0.743033 0.722302 0.494039 0.610438 0.518704 0.575079 0.617446 0.583402 0.622269 0.630736 0.536568 0.527279 0.485756 0.521155 0.472164 0.441697 0.678673 0.437007 0.434728 0.454971 0.425051 0.420239 0.436762 0.576611 0.609313 0.577065
threshold=0.0091531947465376424 -0.022285311052729434 -0.032617567568057428 0.034820407091051477 0.024413116629142018 -0.011330261693110907 0.026397625216739766 -0.015669364189386782 0.053080081437519813 -0.0083372622629778164 0.031910457132369764 0.011410395863574771 -0.041597855326090005 0.0059749879192385362 0.034032362265030182 -0.012010131461265649 0.016935307257770999 0.015794972383231586 0.020891975051831154 0.0018086470207708397 0.025221581387651789 -0.0045369940023941473 0.0060355346614405694 -0.010270347314508927 -0.00047189220044652999 -0.059368698048394168 0.0054759063961007997 -0.047685094367107876 -0.0069564985351300629 0.0043485008652473034
decision_type=2 2 2 2 2 2 2 2 2 2 2 2 2 2 2 2 2 2 2 2 2 2 2 2 2 2 2 2 2 2
left_child=1 19 -3 4 6 -6 8 -8 9 15 11 12 -11 14 -14 18 17 22 -4 -1 -21 -15 23 -17 -13 -2 27 -27 -29 -30
right_child=25 2 3 -5 5 -7 7 -9 -10 10 -12 24 13 21 -16 16 -18 -19 -20 20 -22 -23 -24 -25 -26 26 -28 28 29 -31
leaf_value=0.0042984653244255693 -0.0056098621500575031 0.0021633144191189392 0.0071442772124317433 0.0045234640415471334 -0.010931196183157273 -0.0026150026016786131 -0.0035560022030646601 0.0062808290326400937 0.0046932907309383161 -0.0092309246460596725 -0.010429158821128883 -0.010364971366814441 -0.0015718951361597914 0.0076782155416107601 -0.0099096200344237426 -0.0051944749768484729 -0.008134901329227116 0.0062359904721379289 -0.0013306208787037543 0.0027583098513822932 -0.0067192587815225122 0.00027199747931698097 -0.0059819651940741982 0.0036118768134408377 -0.0024450843047816306 0.0049343062412332411 0.0031123973157004894 0.0015264267635763072 -0.0059330844175215667 0.00038763611741802275
leaf_weight=93 23 111 42 52 39 79 24 46 32 24 26 36 157 28 22 22 23 25 27 51 30 69 39 44 32 55 207 157 77 68
leaf_count=93 23 111 42 52 39 79 24 46 32 24 26 36 157 28 22 22 23 25 27 51 30 69 39 44 32 55 207 157 77 68
internal_value=-8.80391e-12 -0.000507917 -0.000935576 -0.00132294 -0.00168659 -0.00536358 -0.00108229 0.0029082 -0.00151337 -0.00183579 -0.00298255 -0.00245643 -0.00150861 -0.000837106 -0.00259664 0.000199448 -0.00143696 -0.000251944 0.00382801 0.00194743 -0.000751901 0.00240987 -0.00179669 0.000676426 -0.00663797 0.00101497 0.00128513 0.000225624 -0.000631918 -0.00296888
internal_weight=1760 1173 999 888 836 118 718 70 648 616 394 368 300 276 179 222 153 130 69 174 81 97 105 66 68 587 564 357 302 145
internal_count=1760 1173 999 888 836 118 718 70 648 616 394 368 300 276 179 222 153 130 69 174 81 97 105 66 68 587 564 357 302 145
is_linear=0
shrinkage=0.05


Tree=57
num_leaves=31
num_cat=0
split_feature=94 220 106 119 218 207 223 244 261 323 168 133 290 154 111 309 91 303 275 271 283 275 247 258 273 316 271 224 127 86
split_gain=0.356848 0.498684 0.413378 0.384503 0.461374 0.644461 0.627084 0.586004 0.574378 0.623342 0.681929 0.557824 0.514837 0.512137 0.498594 0.469807 0.5977 0.779772 0.645485 0.591276 0.607878 0.635991 0.674419 0.501907 0.492289 0.488603 0.479815 0.776778 0.465757 0.461914
threshold=0.12046229974478541 0.0060926476957605573 0.084115779636165247 0.065339787020728624 -0.012274369736104405 0.019118265674618887 0.046729339192975013 -0.078824347062281266 -0.014671358586881934 -0.029699400873222408 -0.013054709604932041 0.01268904036189559 -0.011957804453806615 -0.0051470455784544582 -0.030556230509851994 -0.024061151154279065 0.014377034979595761 0.044032263566732212 0.0075303535626688794 -0.014123415826930762 0.022713716498309836 -0.00037536136154222091 -0.0055304289068106366 -0.0045977704006155235 -0.029028556309481129 0.014524103769375758 -0.0018121030982261989 -0.012953502515057521 0.022784973572857737 -0.016059766792648936
decision_type=2 2 2 2 2 2 2 2 2 2 2 2 2 2 2 2 2 2 2 2 2 2 2 2 2 2 2 2 2 2
left_child=2 -2 3 4 5 8 7 -6 9 -1 -11 12 -10 -13 -9 19 24 18 26 23 21 22 -21 -16 -17 -20 -18 -28 -14 -12
right_child=1 -3 -4 -5 6 -7 -8 14 11 10 29 13 28 -15 15 16 17 -19 25 20 -22 -23 -24 -25 -26 -27 27 -29 -30 -31
leaf_value=0.0076099596992135051 0.0045191776619859687 -0.0022275310415679063 -0.0036838766164433811 0.0035481862465126649 0.0079224960412830111 0.0042078256691721353 -0.0033131785265812018 0.0034412193857133386 -0.0064817736695448941 -0.0057024182236575065 -0.0030762486830353737 -0.013143633618950845 -0.0020829807747812833 -0.0040639040321565987 0.006241939391475171 -0.0039716124020773794 0.0048565506874890876 -0.010462851598858833 -0.0055203420870845593 -0.011991056877498825 -0.010145592353036328 0.0022095561979545487 -0.00013761812200148901 -0.0029245569902871336 0.0028597872518643075 0.0019211911770980806 0.0068230574357916011 -0.0045227503287605941 0.0049835820521773964 0.0056301406250359159
leaf_weight=25 92 39 81 72 28 44 103 130 52 47 25 25 119 41 32 29 72 20 71 24 31 45 24 28 291 32 22 48 29 39
leaf_count=25 92 39 81 72 28 44 103 130 52 47 25 25 119 41 32 29 72 20 71 24 31 45 24 28 291 32 22 48 29 39
internal_value=-1.20467e-11 0.00251062 -0.000201897 -1.97007e-05 -0.000193744 -0.00153714 0.00038796 0.000799198 -0.00216594 0.00047724 -0.00112923 -0.00351735 -0.00220202 -0.0075032 0.000577338 9.31963e-05 0.000786299 -0.000969948 -0.000195017 -0.00211042 -0.00408203 -0.00206084 -0.00606434 0.00196424 0.00224069 -0.00320841 0.00199075 -0.000956925 -0.000698316 0.00222921
internal_weight=1760 131 1629 1548 1476 446 1030 927 402 136 111 266 200 66 899 769 585 265 245 184 124 93 48 60 320 103 142 70 148 64
internal_count=1760 131 1629 1548 1476 446 1030 927 402 136 111 266 200 66 899 769 585 265 245 184 124 93 48 60 320 103 142 70 148 64
is_linear=0
shrinkage=0.05


Tree=58
num_leaves=31
num_cat=0
split_feature=94 135 251 331 207 167 271 246 265 82 165 285 155 149 276 241 108 141 109 84 220 235 325 125 88 319 129 228 108 105
split_gain=0.322055 0.459522 0.496928 0.394334 0.461566 0.652771 0.8287 0.649992 0.563958 0.562861 0.45673 0.649871 0.445693 0.438821 0.462757 0.561923 0.687011 0.530751 0.537915 0.691186 0.624168 0.51854 0.658421 0.610903 0.635082 0.503975 0.489593 0.608815 0.461719 0.520161
threshold=0.12046229974478541 0.012467638452026079 -0.027395771505926089 -0.020157970271604302 -0.0022793751868263432 0.015343828892256019 0.012257858192966752 -0.01846421417543263 -0.037440706439124595 0.019991203333778046 0.066904675733145513 0.086689547422938606 0.0030486526388156308 -0.055270279014275607 -0.03775538447154865 0.0089116367382207455 0.049726376386329034 -0.0067578327285892819 0.0061880128234363474 0.029086583713874504 0.027558350196608589 0.013658142094301929 -0.0028896172655405038 -0.025583264829015042 0.075927735568626975 -0.034990724848159002 -0.0096123268251785462 -0.0041401616528243161 0.017711587770711235 -0.025014561191331709
decision_type=2 2 2 2 2 2 2 2 2 2 2 2 2 2 2 2 2 2 2 2 2 2 2 2 2 2 2 2 2 2
left_child=3 -2 -3 4 8 6 7 -6 -1 -9 11 13 -8 -5 -15 16 21 18 19 20 -17 22 25 -24 26 -16 -25 -28 29 -23
right_child=1 2 -4 10 5 -7 12 9 -10 -11 -12 -13 -14 14 15 17 -18 -19 -20 -21 -22 28 23 24 -26 -27 27 -29 -30 -31
leaf_value=-0.006597711293337246 0.004865012401975722 -0.0059475581610092419 0.0036453413742559928 -0.0044056384086919335 -0.0010739716772849744 0.0011895289644598961 0.003355082113827978 -0.01533868107944727 0.0017394456347692333 -0.0062050539496782669 0.0075412599902067862 -0.0074255445972085006 -0.0056048383774316831 0.0030161754411434935 -0.0060586499981582168 -0.012455742478370668 -0.0049388430629144706 0.0036521477942270315 0.0031557389745308509 0.0018917554011568427 -0.00090822953815487297 0.0048125316666320292 -0.0088939778884319035 0.0045408563737414391 -0.007670870725367521 0.0020125663804356009 -0.0092699996479179547 -5.2291273001443464e-05 0.005892388537284677 -0.0015752301391477538
leaf_weight=24 77 27 27 48 26 62 35 31 131 37 21 28 23 155 22 25 85 176 62 40 22 47 37 38 37 160 23 81 54 99
leaf_count=24 77 27 27 48 26 62 35 31 131 37 21 28 23 155 22 25 85 176 62 40 22 47 37 38 37 160 23 81 54 99
internal_value=1.17085e-11 0.00238508 -0.00115111 -0.000191802 -0.00162932 -0.00313431 -0.00489798 -0.00779797 0.000448531 -0.0103689 0.000229185 0.000105252 -0.00019799 0.000279374 0.000472737 8.16328e-05 -0.000732714 0.00179301 -0.000403011 -0.00293913 -0.00705052 -0.000134853 -0.00117857 -0.00304534 -0.0018364 0.00103692 -0.000316148 -0.00209082 0.00194215 0.000481104
internal_weight=1760 131 54 1629 369 214 152 94 155 68 1260 1239 58 1211 1163 1008 683 325 149 87 47 598 398 216 179 182 142 104 200 146
internal_count=1760 131 54 1629 369 214 152 94 155 68 1260 1239 58 1211 1163 1008 683 325 149 87 47 598 398 216 179 182 142 104 200 146
is_linear=0
shrinkage=0.05


Tree=59
num_leaves=31
num_cat=0
split_feature=80 61 164 106 336 178 251 97 285 153 290 220 83 164 261 165 310 174 83 95 286 138 304 245 336 123 160 84 107 309
split_gain=0.312826 0.481141 0.505821 0.441768 0.475046 0.397027 0.60133 0.387668 0.382305 0.372812 0.525163 0.470011 0.424196 0.374931 0.428674 0.620348 0.571351 0.524791 0.48587 0.480668 0.448517 0.447715 0.422062 0.41972 0.395423 0.641504 0.640751 0.568262 0.723957 0.671576
threshold=1.0000000180025095e-35 4.6297557079913174 -0.049411868707194981 0.084115779636165247 0.0092984206463750923 -0.014657006070116028 0.017193159182874774 0.13131153975162366 0.086689547422938606 -0.03349362149275862 -0.025935181778022794 -0.047378756787503785 -0.070658585243741398 -0.047819004881452243 -0.01557919838464041 -0.020948448957651713 0.022004416929655893 0.010552096215316923 -0.29364601674223739 -0.016395819936956681 0.037129297519076294 -0.0042425815078724737 -0.013752730264096404 0.0022519822159155337 -0.0095559066767045026 -0.054802295162192198 0.026843144829281417 -0.3613525901860441 -0.033405911357350132 -0.030980893766168201
decision_type=2 2 2 2 2 2 2 2 2 2 2 2 2 2 2 2 2 2 2 2 2 2 2 2 2 2 2 2 2 2
left_child=3 2 -2 7 -5 6 -4 8 9 10 12 -12 -1 -11 15 19 -17 -18 22 -15 24 -21 -16 -24 25 -20 -27 -26 -29 -30
right_child=1 -3 5 4 -6 -7 -8 -9 -10 13 11 -13 -14 14 18 16 17 -19 20 21 -22 -23 23 -25 27 26 -28 28 29 -31
leaf_value=-0.012158566731959582 -0.0046838017102951808 -0.0050600344883278015 -0.004605459028648006 -0.0068328747215370342 0.00086614199434265939 0.0042044541217857992 0.0057444662584558784 -0.0051252229843993455 -0.0050965617863195289 0.0047003641240298752 0.0060528852207505195 -0.0025311001957071806 -0.0023890215549618008 0.0036307175457477568 0.0078055113674171507 0.0043195973889729412 0.0025714244944258381 -0.0065992396468153372 -0.0062153210863471033 -0.0098451164318248633 -0.0044690049681309109 -0.00068287815277775132 0.0042105463509624066 -0.0039032984325396165 -0.0080891644449106286 0.0039267553109037755 -0.0036946465699549988 0.0041634257882833484 -0.0075505900152382406 -0.0008184519852585735
leaf_weight=20 24 25 36 51 33 166 23 37 35 50 23 52 25 25 31 194 39 26 24 24 74 30 37 28 28 146 34 64 42 314
leaf_count=20 24 25 36 51 33 166 23 37 35 50 23 52 25 25 31 194 39 26 24 24 74 30 37 28 28 146 34 64 42 314
internal_value=7.78527e-12 0.00155238 0.00221628 -0.000286241 -0.00380826 0.00295229 -0.000570742 -7.52208e-05 6.16657e-05 0.000197409 -0.00246081 0.000101322 -0.00673104 0.000461034 0.000278304 0.00177724 0.00296026 -0.00109684 -0.000338045 -0.00210128 -0.000780085 -0.00475498 0.00300488 0.000715352 -0.000361404 0.00146334 0.00248716 -0.00119231 -0.000732523 -0.00161269
internal_weight=1760 274 249 1486 84 225 59 1402 1365 1330 120 75 45 1210 1160 338 259 65 822 79 726 54 96 65 652 204 180 448 420 356
internal_count=1760 274 249 1486 84 225 59 1402 1365 1330 120 75 45 1210 1160 338 259 65 822 79 726 54 96 65 652 204 180 448 420 356
is_linear=0
shrinkage=0.05


Tree=60
num_leaves=31
num_cat=0
split_feature=162 162 1 195 265 249 176 165 162 110 235 115 283 130 158 320 182 102 293 200 1 229 233 141 252 92 323 195 86 293
split_gain=0.306112 0.52415 0.545823 0.723298 0.470554 0.609555 0.493018 0.431542 0.450426 0.67675 0.59972 0.57993 0.611974 0.5496 0.547209 0.544806 0.84714 0.598847 0.658768 0.510962 0.499796 0.496566 0.49201 0.489838 0.505757 0.411502 0.404635 0.403573 0.396461 0.454712
threshold=-0.044298184431543701 -0.021102408867864884 4.8713658868283671 -0.02552968969148944 -0.023114140528371092 -0.019046043577870559 0.003277674469126567 0.066904675733145513 0.0066922267211150044 -0.026661145246231543 0.029276095833191764 -0.010211139021531432 0.01021630288799842 -0.037463208925930823 0.0030900691380919593 0.026617094024310187 -0.0073559153436195046 0.015149749828140628 -0.0060070126987753526 -0.018624054117871429 4.5271940351011493 -0.0016007652666964114 -0.006134846082378991 -0.0057106329316452646 -0.015916050196793596 -0.11142331974497589 -0.007815388937519251 0.0053046487961471329 -0.060195415146772117 -0.0032682236274149249
decision_type=2 2 2 2 2 2 2 2 2 2 2 2 2 2 2 2 2 2 2 2 2 2 2 2 2 2 2 2 2 2
left_child=28 2 3 -2 -5 -6 -7 8 10 -10 11 12 23 -12 20 17 -17 25 -19 -13 -14 -20 -18 -3 -25 -11 -15 -27 -1 -30
right_child=1 7 -4 4 5 6 -8 -9 9 15 13 19 14 26 -16 16 22 18 21 -21 -22 -23 -24 24 -26 27 -28 -29 29 -31
leaf_value=0.0075328509740788365 -0.0094615712463855754 0.0064110613754019136 -0.0092833390889259498 -0.0047282594637098642 -0.0049494793959732712 -0.0016657360619114292 0.0061690004101317177 0.0074596152734011413 0.0020562403989626893 -0.0057811814431960769 -0.0034683490023016935 0.0051304946121360573 -0.00025436038298434332 0.007773517441572779 0.0035488181420274684 0.00080031248607805798 -0.01397890340950754 0.0012417977210134269 -0.0025408356872503647 -0.0019320536735467613 -0.0089702742399069765 -0.011046476672227318 -0.0046752837082992002 -0.0032080160966143009 0.0039170966370765002 -0.00080721207438099309 0.0024907969205858228 0.0033239620243560295 -0.0042156458149353662 0.003323519237649938
leaf_weight=29 25 80 26 44 29 31 57 20 143 26 25 28 38 59 37 35 27 36 32 300 29 37 30 40 66 149 94 98 30 60
leaf_count=29 25 80 26 44 29 31 57 20 143 26 25 28 38 59 37 35 27 36 32 300 29 37 30 40 66 149 94 98 30 60
internal_value=-3.509e-12 -0.000177571 -0.00249759 -0.00154905 -0.000320392 0.00133727 0.00340904 0.000166616 6.30961e-05 -0.000955619 0.000847609 0.000111057 0.00173998 0.00340485 -0.00133171 -0.00187199 -0.00532259 -0.00103217 -0.00424116 -0.00132915 -0.00402692 -0.00710183 -0.00908226 0.00345749 0.00122837 0.000202062 0.00452792 0.000831877 0.00244869 0.000810464
internal_weight=1760 1641 212 186 161 117 88 1429 1409 613 796 618 290 178 104 470 92 378 105 328 67 69 57 186 106 273 153 247 119 90
internal_count=1760 1641 212 186 161 117 88 1429 1409 613 796 618 290 178 104 470 92 378 105 328 67 69 57 186 106 273 153 247 119 90
is_linear=0
shrinkage=0.05


Tree=61
num_leaves=31
num_cat=0
split_feature=306 328 285 307 297 320 226 314 282 286 189 301 254 284 234 249 247 308 134 117 138 106 154 220 147 305 0 175 101 91
split_gain=0.294705 0.475087 0.4591 0.450402 0.383163 0.652841 0.43234 0.535408 0.5213 0.520366 0.553644 0.503313 0.557275 0.699382 0.632649 0.62577 0.525699 0.535557 0.60785 0.73621 0.537566 0.520443 0.502705 0.612815 0.600022 0.549418 0.534257 0.500109 0.486186 0.470611
threshold=0.039670767016616836 -0.0095022725498824494 0.086689547422938606 0.025982912990201886 -0.04502549936826359 0.023471106853290492 0.044322687937829487 -0.024643649069912777 -0.00023024490552567997 0.041516521493515035 0.022168718409920022 -0.0054814021019209107 -0.013262341811922212 0.034799191962507123 0.0066314680320020093 -0.021345332633597097 0.0072375241123069896 -0.020896069580574248 0.014412050770547946 -0.0074236641167113497 0.0083348183608511605 -0.00070937613225295051 -0.013082051229856364 -0.021403686926086057 -0.0015053806254666259 -0.038762228243478573 3.9607678160667752 0.01936791500659588 0.017543437050829665 0.03839266959102422
decision_type=2 2 2 2 2 2 2 2 2 2 2 2 2 2 2 2 2 2 2 2 2 2 2 2 2 2 2 2 2 2
left_child=2 -2 4 -3 5 -1 9 -8 -9 11 28 22 13 21 16 -16 17 -14 19 -19 -21 -13 23 -6 -25 -24 -27 -10 29 -11
right_child=1 3 -4 -5 6 -7 7 8 27 10 -12 12 14 -15 15 -17 -18 18 -20 20 -22 -23 25 24 -26 26 -28 -29 -30 -31
leaf_value=0.0041271855863409916 -0.0014398030877017824 0.0051395304304046128 -0.0058257495932694942 -0.0011036305443849416 0.0039989236641574553 -0.0040716455768673651 -0.0087590419190625348 0.0012285956204300973 -0.0017680187823457851 -0.005691591176119718 0.0043182667717337605 -0.0075450956087672362 0.0047432510980537964 0.0048354599252343183 -0.002516964754267108 0.004523383944105599 0.0017398369665827277 -0.001349781109493668 0.0022636069803301131 -0.012761626020073892 -0.0033692935779690743 -0.0016995407450142214 -0.0042122054431173537 -0.00089020890613588006 -0.010589021136579307 0.010556845399348633 0.0026241102294827052 -0.011112573742866517 -0.010658407927705692 0.0030125023641933996
leaf_weight=112 78 104 36 40 37 31 30 82 45 44 20 66 21 25 42 127 103 59 33 39 25 90 27 52 23 23 275 21 26 24
leaf_count=112 78 104 36 40 37 31 30 82 45 44 20 66 21 25 42 127 103 59 33 39 25 90 27 52 23 23 275 21 26 24
internal_value=1.33067e-11 0.00170298 -0.000245814 0.00340532 -0.000112073 0.00234982 -0.000371124 -0.00266827 -0.00143365 -2.48999e-05 -0.00323582 0.00031816 -0.000586276 -0.00292844 0.000357895 0.00277371 -0.00110022 -0.00275291 -0.00376201 -0.00537864 -0.00909275 -0.00417266 0.00162204 -0.00126677 -0.00386451 0.00261756 0.00323637 -0.00474129 -0.00484307 -0.00261956
internal_weight=1760 222 1538 144 1502 143 1359 178 148 1181 114 1067 630 181 449 169 280 177 156 123 64 156 437 112 75 325 298 66 94 68
internal_count=1760 222 1538 144 1502 143 1359 178 148 1181 114 1067 630 181 449 169 280 177 156 123 64 156 437 112 75 325 298 66 94 68
is_linear=0
shrinkage=0.05


Tree=62
num_leaves=31
num_cat=0
split_feature=188 297 157 319 234 86 85 272 201 280 267 333 282 281 180 288 331 200 179 147 256 177 243 299 112 115 137 289 227 260
split_gain=0.282715 0.450234 0.422354 0.397586 0.62687 0.563653 0.467156 0.46543 0.463537 0.457467 0.447742 0.430664 0.391094 0.579647 0.651236 0.564303 0.541795 0.532142 0.518117 0.507245 0.476313 0.537943 0.529814 0.449471 0.507225 0.459627 0.383584 0.545153 0.498777 0.47715
threshold=0.0037110951963092013 0.068880889476867532 -0.040361115540246705 -0.019413234995459789 0.0051535124896337344 0.028179519711278283 -0.092010980745022716 -0.0064167322160792054 0.039142502410544393 0.0044769625329695532 -0.0011717048718391193 0.055615774055593363 -0.021678745931057463 0.0089868783621184934 -0.00073712721489735931 0.0052654736704648387 0.0045164867790629393 -0.0034670757863509431 -0.0037451723527978701 -0.016597438063826814 0.020964946953522887 0.0022967521159326654 0.010656882213813593 -0.0022863947139433048 -0.022780983196282648 -0.024529309911967265 -0.014231511904378375 0.050077797365200412 -0.019784883241442116 -0.015917564737510076
decision_type=2 2 2 2 2 2 2 2 2 2 2 2 2 2 2 2 2 2 2 2 2 2 2 2 2 2 2 2 2 2
left_child=2 26 -1 4 5 9 -6 -8 11 -4 -7 12 13 -5 -15 16 19 18 -17 -14 21 22 -21 24 -18 -26 28 -28 -2 -29
right_child=1 -3 3 8 6 10 7 -9 -10 -11 -12 -13 15 14 -16 17 23 -19 -20 20 -22 -23 -24 -25 25 -27 27 29 -30 -31
leaf_value=0.0028401359110413228 -0.0052188120447099213 -0.0062945633280006331 -0.004501302974919478 0.00042657359736040238 -0.0042081065034414297 -0.0068470382597297435 0.0071870725539823384 -0.0012454499076637957 0.0062743360033402076 -0.013109055713846766 0.0031038346772010511 -0.0071066542606179912 0.0028409779526111559 -0.0024831979762058001 -0.013507288002542087 0.0043925899626879863 0.0052844895422458652 0.0048459479530377075 -0.0042968006582841988 -0.0018694960121666234 -0.0077300071139293526 0.0032336060398895495 -0.010068503856658936 0.0044601228216033378 0.0012792744114995004 -0.0089838234707713127 0.0022311322727680077 -0.0089966481507179289 0.00055735657727849243 0.00083015318649510552
leaf_weight=85 50 22 33 64 41 20 30 36 26 29 26 24 41 37 21 29 20 106 42 93 46 38 25 71 20 24 462 21 148 30
leaf_count=85 50 22 33 64 41 20 30 36 26 29 26 24 41 37 21 29 20 106 42 93 46 38 25 71 20 24 462 21 148 30
internal_value=2.72187e-12 0.000750104 -0.000535371 -0.000839955 -0.00272885 -0.00541617 -1.64148e-05 0.00258751 -0.00028134 -0.00852751 -0.00122263 -0.000524489 -0.000291148 -0.00285435 -0.00647468 0.000272294 -0.000818695 0.0026022 -0.000747613 -0.00222963 -0.00325881 -0.00194038 -0.00360657 0.00172098 -0.00131776 -0.00431878 0.000968082 0.00168959 -0.000901272 -0.00321618
internal_weight=1760 733 1027 942 215 108 107 66 727 62 46 701 677 122 58 555 378 177 71 243 202 156 118 135 64 44 711 513 198 51
internal_count=1760 733 1027 942 215 108 107 66 727 62 46 701 677 122 58 555 378 177 71 243 202 156 118 135 64 44 711 513 198 51
is_linear=0
shrinkage=0.05


Tree=63
num_leaves=31
num_cat=0
split_feature=94 220 331 121 182 295 262 233 263 214 168 260 218 4 61 237 288 127 313 151 271 252 191 241 295 264 96 84 135 152
split_gain=0.271861 0.401783 0.325952 0.403085 0.4457 0.689524 0.502555 0.453683 0.410564 0.557188 0.401176 0.395854 0.380011 0.491689 0.509012 0.55093 0.447026 0.667095 0.470256 0.429974 0.412972 0.406807 0.396968 0.372418 0.38719 0.485154 0.372302 0.370535 0.43984 0.38776
threshold=0.12046229974478541 0.0060926476957605573 -0.020157970271604302 0.0065679972124442982 -0.0051020070892220087 0.025545019073858356 -0.00087773949789415092 -0.0091263762142065417 -0.0046926210658871344 0.0027725506331463486 0.010405978169174638 -0.0080583171016898134 -0.013282361776985463 6.6133761105709299 3.1984648276080736 0.0025141871796618572 0.00070687249245028128 0.0053631418034224745 0.038498305851042337 0.0060323862460295299 -0.0028211790458037042 0.030066762376802291 -0.00086080091307870292 0.0049650801199923643 -0.0083711729793201819 0.0049304930796840174 -0.014290673155074179 -0.10627050773132034 -0.0028470107927146596 0.00039469989816002697
decision_type=2 2 2 2 2 2 2 2 2 2 2 2 2 2 2 2 2 2 2 2 2 2 2 2 2 2 2 2 2 2
left_child=2 -2 3 4 7 6 11 -1 -5 26 -8 -6 16 14 27 -16 17 21 23 20 -15 -4 -19 24 -18 -26 -10 28 -14 -29
right_child=1 -3 12 8 5 -7 10 -9 9 -11 -12 -13 13 19 15 -17 18 22 -20 -21 -22 -23 -24 -25 25 -27 -28 29 -30 -31
leaf_value=-0.0043333308113848463 0.0039942377044454866 -0.0020616141410592279 -0.0042540151299091805 0.0030931433713113944 -0.0041286150086671117 -0.013162509245531901 -0.0096956211032674603 0.003436093657676663 -0.0050289136357605461 -0.0073856330596871918 -0.0011455173644682637 0.0055907095105133279 0.0010382941448026234 -0.00030439267224022026 0.010536799836775353 0.00087218346384664372 -0.0050544312722714882 0.0023792469038124214 -0.0056625761613249784 0.0035967663256451492 -0.0082733688926374584 -0.012542154937982559 -0.0034242017227306704 0.0051174328855748451 -0.0018086620821402624 0.0065713665117659876 0.0030907202589636048 8.9524479634645916e-05 -0.0062163861468434341 0.0025234730790058774
leaf_weight=34 92 39 57 74 20 21 34 42 20 31 23 22 45 29 29 30 28 61 25 20 37 20 57 53 39 31 48 360 39 300
leaf_count=34 92 39 57 74 20 21 34 42 20 31 23 22 45 29 29 30 28 61 25 20 37 20 57 53 39 31 48 360 39 300
internal_value=-3.5586e-12 0.00219135 -0.000176223 -0.00148317 -0.00303574 -0.00493323 -0.00318762 -3.97015e-05 0.000275805 -0.00183008 -0.00624558 0.00096246 0.000206527 0.00076747 0.00115229 0.00562259 -0.00113762 -0.0027865 0.000689261 -0.00282566 -0.00477185 -0.00640678 -0.000424114 0.00174089 -8.51993e-05 0.00190249 0.000702593 0.000797789 -0.00232995 0.00119586
internal_weight=1760 131 1629 369 196 120 99 76 173 99 57 42 1260 889 803 59 371 195 176 86 66 77 118 151 98 70 68 744 84 660
internal_count=1760 131 1629 369 196 120 99 76 173 99 57 42 1260 889 803 59 371 195 176 86 66 77 118 151 98 70 68 744 84 660
is_linear=0
shrinkage=0.05


Tree=64
num_leaves=31
num_cat=0
split_feature=121 53 218 0 8 169 298 139 143 253 159 295 95 97 247 283 180 134 296 226 113 88 130 186 148 260 288 305 165 89
split_gain=0.267966 0.361919 0.416871 0.541577 0.53587 0.447409 0.657638 0.426091 0.424017 0.392858 0.58485 0.411771 0.457876 0.403727 0.429076 0.496047 0.574778 0.572995 0.43874 0.443744 0.581903 0.412109 0.547599 0.397195 0.392497 0.390279 0.552858 0.375186 0.367584 0.367598
threshold=-0.018479239741417981 0.89587973461402759 0.016188337003873173 10.942224625098026 0.17988764044943822 -0.0025657187482077434 0.0011889275146763345 0.0063514899479350613 -0.0014618939886642086 0.0404783029797511 0.026972614233633781 0.0043400210270508072 -0.049510130198666173 0.043010415517855359 -0.0010584521015633234 0.018370212684917089 -0.015174266728232891 -0.0010541741320706883 -0.05115833485748094 0.029305412391394461 0.034153528090568618 0.10993805150718981 -0.036806925612010259 -0.0024898893881656848 -0.01237556252725241 0.0025943422615217122 0.00056592805205209456 0.0099178886497282674 -0.026669437275245348 0.0040206945791714521
decision_type=2 2 2 2 2 2 2 2 2 2 2 2 2 2 2 2 2 2 2 2 2 2 2 2 2 2 2 2 2 2
left_child=-1 2 9 4 5 8 27 -8 -4 13 11 12 -11 14 18 21 -17 -18 -2 20 24 22 -16 -13 -20 -26 -27 -7 -24 -30
right_child=1 -3 3 -5 -6 6 7 -9 -10 10 -12 23 -14 -15 15 16 17 -19 19 -21 -22 -23 28 -25 25 26 -28 -29 29 -31
leaf_value=0.0010221136932043321 -0.0035622211053006111 0.0058435213458521863 -0.0076443412312955572 -0.009174516174942254 -0.0059861324762679503 0.00095360804574959204 0.0084622815794621904 0.00087136883092554004 -0.00037057324878725351 0.0014305063223998462 -0.010293654565300261 -0.0020398416979746383 -0.0083363163617572612 -0.0025454199604260236 -0.0052193303992494177 0.0027569482403416792 -0.0015052659377614236 -0.0097621083553684398 0.0058422511179389352 0.0072068288461710128 -0.0059008776633576914 0.0077093133702874185 0.0063442626905937998 0.007695924309082329 0.003674564088812505 0.002241417902521789 -0.006022615374668556 -0.0071668515540659426 -0.0017603731843283271 0.0023821275865070915
leaf_weight=470 31 23 33 25 53 33 36 38 51 21 21 22 28 104 39 31 47 38 67 46 22 20 30 20 87 50 34 25 101 114
leaf_count=470 31 23 33 25 53 33 36 38 51 21 21 22 28 104 39 31 47 38 67 46 22 20 30 20 87 50 34 25 101 114
internal_value=-7.17013e-12 -0.000372398 -0.000485236 -0.00213516 -0.00148095 -0.000375512 0.00143979 0.00456425 -0.00322812 1.33032e-05 -0.00277233 -0.00103664 -0.00415054 0.000375662 0.000776973 -0.000289326 -0.00307105 -0.00519656 0.00210589 0.00268011 0.00187923 0.000772122 0.000283587 0.00259624 0.0025984 0.00132742 -0.00110355 -0.00254659 0.00115956 0.000436116
internal_weight=1760 1290 1267 294 269 216 132 74 84 973 112 91 49 861 757 420 116 85 337 306 260 304 284 42 238 171 84 58 245 215
internal_count=1760 1290 1267 294 269 216 132 74 84 973 112 91 49 861 757 420 116 85 337 306 260 304 284 42 238 171 84 58 245 215
is_linear=0
shrinkage=0.05


Tree=65
num_leaves=31
num_cat=0
split_feature=306 298 169 207 285 324 297 320 297 145 241 286 242 211 267 314 114 292 223 250 172 204 289 198 108 252 197 95 125 19
split_gain=0.252053 0.422648 0.408486 0.39504 0.389135 0.361087 0.330193 0.538368 0.412921 0.545514 0.489876 0.390196 0.421743 0.600056 0.45129 0.470177 0.580071 0.576075 0.598935 0.449984 0.592268 0.597342 0.564241 0.591665 0.527664 0.46628 0.456611 0.418474 0.406661 0.403793
threshold=0.039670767016616836 0.0053185127573174553 0.018837341130414745 -0.002924984174934398 0.086689547422938606 -0.016159767754564767 -0.04502549936826359 0.023471106853290492 -0.029280757442877281 -0.0039620713582921999 -0.020684133098928702 0.040931642902333372 -0.079745985210751782 -0.024862471221856672 0.059128336807763179 -0.013159180408991944 -0.023745044310707116 -0.041808385034038387 -0.029728587859655261 -0.031991143169610568 0.0025251889996888983 -0.0063724032386975491 -0.001536815907653131 0.0070875511903090741 -0.030516966655831885 0.0076685385734912804 -0.0056106243469738271 0.0087150313494400496 -0.002604263310592735 17.535714285714288
decision_type=2 2 2 2 2 2 2 2 2 2 2 2 2 2 2 2 2 2 2 2 2 2 2 2 2 2 2 2 2 2
left_child=4 2 5 -3 6 -2 7 -1 9 -8 -11 12 13 -10 15 16 -14 -18 -19 -17 21 27 25 -24 26 -23 -22 -21 -13 -30
right_child=1 3 -4 -5 -6 -7 8 -9 11 10 -12 28 14 -15 -16 19 17 18 -20 20 24 22 23 -25 -26 -27 -28 -29 29 -31
leaf_value=0.0037952260417763945 0.00036103978175027618 0.0025283968809748734 -0.0018232321233621668 -0.0038699585729493544 -0.0053645237659414617 0.0070246288415921083 -0.0077237593808344432 -0.0036501717182897755 0.0027982732154090296 -0.0073582868668295087 0.0014597654889618595 -0.0068596286769025032 -0.006325286326929927 -0.0075290319342643788 0.0049679508784188416 0.003632295733677893 -0.0073413913655612202 0.0052804194713885685 -0.00095840656385866297 0.0059464509750521465 0.0025661856159567833 0.002748171531635782 -0.0027432787842433721 -0.010828228969255399 0.0032515301437276165 -0.004634064413426865 -0.006730589796123761 -0.002188491538167 0.0014139065856955226 -0.0060095858258696708
leaf_weight=112 29 45 28 52 36 68 42 31 22 21 63 40 50 39 53 128 27 49 179 43 25 69 103 29 205 31 28 25 62 26
leaf_count=112 29 45 28 52 36 68 42 31 22 21 63 40 50 39 53 128 27 49 179 43 25 69 103 29 205 31 28 25 62 26
internal_value=5.25579e-12 0.00157493 0.00349676 -0.000901649 -0.000227331 0.00503242 -0.000104202 0.00218119 -0.000344681 -0.00307108 -0.000744748 -6.60705e-05 0.000236658 -0.00380443 0.000472775 0.000232367 -0.00140097 -0.000435419 0.000382394 0.00095856 0.00034523 -0.00116541 -0.00237331 -0.00451952 0.00210179 0.000459678 -0.00234532 0.00295566 -0.00267947 -0.000779398
internal_weight=1760 222 125 97 1538 97 1502 143 1359 126 84 1233 1105 61 1044 991 305 255 228 686 558 300 232 132 258 100 53 68 128 88
internal_count=1760 222 125 97 1538 97 1502 143 1359 126 84 1233 1105 61 1044 991 305 255 228 686 558 300 232 132 258 100 53 68 128 88
is_linear=0
shrinkage=0.05


Tree=66
num_leaves=31
num_cat=0
split_feature=94 284 257 139 321 303 90 322 325 100 122 268 324 92 164 284 156 237 286 102 216 216 202 312 121 142 138 307 199 316
split_gain=0.245853 0.368624 0.435542 0.539245 0.282894 0.507087 0.390083 0.605853 0.368044 0.635052 0.525746 0.489327 0.479814 0.4551 0.588166 0.536155 0.440322 0.429522 0.37117 0.444494 0.361047 0.473309 0.477069 0.45867 0.475243 0.414352 0.509908 0.450983 0.514429 0.402375
threshold=0.12046229974478541 -0.0044294107766046026 0.0043907320918849116 0.010282969499857728 -0.023526916830767276 -0.071147961168459325 -0.029209135471685646 -0.024490703878235754 0.0070994656975582786 0.11575907553736971 -0.0042438554161260125 -0.027008730742003526 -0.021264628436507806 -0.022478809094464171 1.0000000180025095e-35 -0.0019497506326104938 -0.013991955860711372 0.044658099125208857 0.01652982791667169 0.0061400556858151973 0.028199779888096081 -0.014736975778084171 -0.004771815847333021 -0.0079720886570400582 -0.042589157435802875 -0.018044501909680016 -0.0023758313907812413 0.0044554827398447776 0.0070627355828491089 0.011963444445198331
decision_type=2 2 2 2 2 2 2 2 2 2 2 2 2 2 2 2 2 2 2 2 2 2 2 2 2 2 2 2 2 2
left_child=4 -2 -3 -4 5 -1 7 -7 20 10 11 -10 -13 14 -12 -15 -14 18 19 -17 21 22 -6 -22 -25 -24 27 28 -27 -23
right_child=1 2 3 -5 8 6 -8 -9 9 -11 13 12 16 15 -16 17 -18 -19 -20 -21 23 29 25 24 -26 26 -28 -29 -30 -31
leaf_value=-0.0063588470043171022 0.0063925030951698623 0.0040197957586497069 0.0022282021263471015 -0.0081651526968926202 0.0023977655005286039 0.0058081250451505187 0.0026679966478319519 -0.0044597971015701105 0.00025326341442349882 0.004980786168016494 0.00040187443937024763 -0.00036771913780079732 -0.0010694092316996483 0.0030666745291326684 -0.0093380139419628732 0.0059055643576768138 -0.0092261300064050231 -0.0086503972113132471 -0.004890811054276363 -0.0031579746554295223 -0.0052593028473277249 0.0034107044703119158 -0.0059701802526065644 0.0061472807154059408 -0.0014095592109726804 -0.0040585829949888741 0.0020431005300699987 -0.0075546231020141297 0.0055488005195829006 -0.00071275732536093303
leaf_weight=21 36 45 26 24 97 20 232 51 45 34 31 31 21 99 31 31 78 20 31 24 62 206 47 25 124 38 88 37 22 83
leaf_count=21 36 45 26 24 97 20 232 51 45 34 31 31 21 99 31 31 78 20 31 24 62 206 47 25 124 38 88 37 22 83
internal_value=8.10939e-12 0.0020839 0.000451162 -0.00276061 -0.000167582 0.00115479 0.00167554 -0.00156742 -0.000495895 -0.00160402 -0.00211054 -0.00424056 -0.00579612 -0.000714463 -0.00446807 0.000420775 -0.00749592 -0.0020504 -0.000515512 0.00195057 0.000140374 0.000750081 -0.000546796 -0.0016454 -0.000141633 -0.00177793 -0.000712869 -0.00321313 -0.000535876 0.00222646
internal_weight=1760 131 95 50 1629 324 303 71 1305 476 442 175 130 267 62 205 99 106 86 55 829 618 329 211 149 232 185 97 60 289
internal_count=1760 131 95 50 1629 324 303 71 1305 476 442 175 130 267 62 205 99 106 86 55 829 618 329 211 149 232 185 97 60 289
is_linear=0
shrinkage=0.05


Tree=67
num_leaves=31
num_cat=0
split_feature=106 189 233 330 297 247 314 266 230 269 270 163 163 148 175 135 129 258 177 114 195 193 299 157 272 128 188 10 272 280
split_gain=0.235238 0.377247 0.361203 0.248038 0.521908 0.581189 0.439016 0.533584 0.478079 0.435365 0.418889 0.398897 0.402103 0.584481 0.659446 0.531171 0.572394 0.442783 0.46839 0.454435 0.573014 0.489103 0.479815 0.484863 0.512632 0.401905 0.368256 0.367044 0.398228 0.365762
threshold=0.097381275912149012 -0.0022603472427166395 -0.014247199778344384 0.021623932954895304 0.033922174814374643 0.0099897998263533006 -0.022433062444313003 -0.00025227490094314943 -0.017708225763721344 0.014279830036696946 0.02440186842822864 -0.0025424124502844187 0.003108455629998928 0.021863157517080699 -0.0070045403921091091 0.017266356691385602 0.013319572467667342 0.01231506581128348 0.024351146967598065 -0.02065335154197934 0.00961507892870587 0.0025935070289122997 0.0020390377006107865 -0.00025470598080388129 -0.0046438928485625927 0.057830367565553757 -0.025197482086856963 0.084626402482692778 0.0089132139583292733 0.0023211146014414847
decision_type=2 2 2 2 2 2 2 2 2 2 2 2 2 2 2 2 2 2 2 2 2 2 2 2 2 2 2 2 2 2
left_child=3 2 -2 11 6 -6 7 -5 -8 10 29 26 13 14 -13 16 -16 19 25 21 22 -14 23 24 -21 -19 -1 28 -24 -10
right_child=1 -3 -4 4 5 -7 8 -9 9 -11 -12 12 17 -15 15 -17 -18 18 -20 20 -22 -23 27 -25 -26 -27 -28 -29 -30 -31
leaf_value=0.0049018805846571924 -0.0040464502852410079 -0.0062518927712900269 0.0054562266916036613 -0.007713290611030283 -0.001113565570037616 -0.010707833231599243 0.0048652109304635691 0.00089868144207035322 0.0058783435421262652 -0.0046684119003740226 -0.0041538524857190045 0.0042719729043341976 -0.0086851823308012072 -0.010574125600978732 -0.0042983816356577898 -0.010832084012217821 0.0053580702504231817 0.004141266325643907 -0.0029181260015129261 -0.0051444141834508629 0.0036623071373735627 -0.00048053766099306254 0.0052002997967329897 -0.0077777115801392601 0.0041195004047559838 -0.0030954036173749377 0.00096299984314710419 -0.0036266604496631772 -0.0018860562298927579 -0.0005836979372472298
leaf_weight=67 20 38 20 37 38 27 58 35 47 44 28 37 34 20 57 20 21 150 38 32 82 39 55 43 28 22 519 32 31 41
leaf_count=67 20 38 20 37 38 27 58 35 47 44 28 37 34 20 57 20 21 150 38 32 82 39 55 43 28 22 519 32 31 41
internal_value=-1.23526e-12 -0.00268431 0.000704888 0.000124481 -0.00104944 -0.00509888 -0.000141804 -0.00352692 0.000976215 -0.000433547 0.00117278 0.000438528 -0.000332384 -0.00259709 -0.00141531 -0.00356255 -0.00169857 0.000266643 0.00210573 -0.000760503 9.26995e-05 -0.00430188 -0.00123177 -0.00372541 -0.000821254 0.00321565 0.00141335 0.000944878 0.00264592 0.00286762
internal_weight=1760 78 40 1682 355 65 290 72 218 160 116 1327 741 155 135 98 78 586 210 376 303 73 221 103 60 172 586 118 86 88
internal_count=1760 78 40 1682 355 65 290 72 218 160 116 1327 741 155 135 98 78 586 210 376 303 73 221 103 60 172 586 118 86 88
is_linear=0
shrinkage=0.05


Tree=68
num_leaves=31
num_cat=0
split_feature=121 53 0 97 127 171 223 171 198 278 296 160 335 273 87 119 222 257 336 106 302 312 261 322 185 191 269 258 107 310
split_gain=0.229032 0.31695 0.33583 0.315305 0.707888 0.473673 0.460437 0.465388 0.646125 0.427937 0.604479 0.341231 0.289094 0.505984 0.446328 0.430921 0.376644 0.371233 0.347449 0.335363 0.28257 0.444773 0.399127 0.311137 0.328544 0.371936 0.351326 0.410089 0.443064 0.368722
threshold=-0.018479239741417981 0.89587973461402759 11.03313783648162 -0.033434833665323779 0.037060367468255966 -0.027809235847348263 0.057933030675858387 -0.0035352911452741511 0.012560844522972703 -0.018837741899874447 -0.0026152735890852927 -0.00060370496925299529 -0.03114236462982475 0.028567111815970613 0.005935905707386677 0.0068092559711962529 -0.0057940822362251791 -0.018157705881547515 -0.0040383564614415212 0.097381275912149012 0.040362661051796069 -0.058756840584782435 0.0032625273977240367 -0.051077675608735738 -0.0043669413038773747 0.028295585107150276 -0.036967845102415235 -0.008281942817918617 1.0000000180025095e-35 -0.011281174868974675
decision_type=2 2 2 2 2 2 2 2 2 2 2 2 2 2 2 2 2 2 2 2 2 2 2 2 2 2 2 2 2 2
left_child=3 2 12 4 -1 -5 7 8 9 -7 -11 -6 13 14 17 -15 -16 -2 -18 20 21 22 -14 -23 -25 26 27 -26 -29 -28
right_child=1 -3 -4 5 11 6 -8 -9 -10 10 -12 -13 19 15 16 -17 18 -19 -20 -21 -22 23 -24 24 25 -27 29 28 -30 -31
leaf_value=0.0069332324284113057 0.00013508480042219163 0.0054726578517938444 -0.0052100107798145881 0.0050846332021885453 -0.0063010383723303672 -0.0066149269541104635 -0.0066409802581701011 0.0015542463082078826 -0.010422315554959434 -0.0044678100384771824 0.0060914542384897224 0.0029351762485748624 -0.00052443926300232611 -0.012019439059354011 0.003880698416781213 -0.0017644244898110629 -0.0065810714645878135 -0.0086147178930264922 0.0020188543790330489 -0.0043034804892877849 0.0026339339534099276 -0.004131262861192227 -0.009963238217113984 0.0016040823789364546 -0.0082920965666954342 -0.0054142000472971376 0.0029785365204191873 -0.0055324216595008264 0.0046210938069800086 -0.00047282255495545168
leaf_weight=59 22 23 36 45 20 21 27 201 21 23 33 20 24 21 56 20 23 27 24 43 107 40 21 328 26 35 110 21 22 261
leaf_count=59 22 23 36 45 20 21 27 201 21 23 33 20 24 21 56 20 23 27 24 43 107 40 21 328 26 35 110 21 22 261
internal_value=1.12285e-11 -0.000344283 -0.000449879 0.000944947 0.00345195 0.000275962 -0.000387812 0.000176855 -0.0026482 -0.000527988 0.00175461 -0.00168293 -0.000310671 -0.00208764 -0.000758017 -0.00701699 0.00111075 -0.00468624 -0.00218962 1.97295e-05 0.000206562 -8.59257e-05 -0.00492921 0.000172613 0.000387003 -0.000453423 -5.88158e-05 -0.00333495 -0.0003376 0.000550491
internal_weight=1760 1290 1267 470 99 371 326 299 98 77 56 40 1231 193 152 41 103 49 47 1038 995 888 45 843 803 475 440 69 43 371
internal_count=1760 1290 1267 470 99 371 326 299 98 77 56 40 1231 193 152 41 103 49 47 1038 995 888 45 843 803 475 440 69 43 371
is_linear=0
shrinkage=0.05


Tree=69
num_leaves=31
num_cat=0
split_feature=188 297 137 289 192 268 82 277 189 247 318 174 303 147 260 150 176 335 107 183 207 221 100 181 304 104 168 231 221 251
split_gain=0.221757 0.357769 0.318373 0.432645 0.419819 0.414422 0.454425 0.427266 0.406279 0.50334 0.473306 0.608182 0.397139 0.37096 0.355419 0.344543 0.328529 0.379806 0.355694 0.366566 0.411286 0.400607 0.353798 0.316951 0.526967 0.472271 0.427401 0.34252 0.327495 0.311174
threshold=0.0037110951963092013 0.068880889476867532 -0.014231511904378375 0.050077797365200412 0.02286892058066178 -0.017324902530536531 0.29558183937480503 0.0029163895053636413 0.017793787532551262 -0.036107012906666063 0.021518239649095761 -0.0013367644794770174 0.019307272704903056 0.0055546372128806509 -0.015917564737510076 -0.00052419373190649705 -0.012847324928693307 0.015329334506726697 -0.038910980849813162 0.0087136210915359068 -0.00058407920354152114 0.0059952209425053931 0.029743470081011435 0.01716508933989927 0.030448887559415237 0.0181418261723565 -0.0029785968079086467 0.0099424337012836515 -0.0048260086551024624 -0.029291541702772043
decision_type=2 2 2 2 2 2 2 2 2 2 2 2 2 2 2 2 2 2 2 2 2 2 2 2 2 2 2 2 2 2
left_child=23 2 4 5 8 6 7 12 9 -2 11 15 -4 -13 -5 -11 17 22 -18 20 21 -20 -7 29 25 27 -26 28 -25 -1
right_child=1 -3 3 14 -6 16 -8 -9 -10 10 -12 13 -14 -15 -16 -17 18 -19 19 -21 -22 -23 -24 24 26 -27 -28 -29 -30 -31
leaf_value=-0.0027141005167905146 -0.009531256075327595 -0.0056154237636788333 -0.0057105396456759551 -0.0078432703335281646 0.005354808360182991 -0.0056001352687035837 -0.0045498132860908903 0.0042316129375649329 0.0029495990835130218 -0.0033035037695385871 0.0042168690478084263 -0.0044335538893938067 0.0034479839215055112 0.00470242165774107 0.00063788365572690962 -0.012473291037604214 0.0082180496873106908 0.0053725207534929126 -0.0059043364668333979 0.0064438683879480029 0.0042272748335057666 0.002201711463608912 0.002929633017629385 0.0060741872992366554 -0.008293747075873872 0.0059785455613145756 0.00070205731016974304 -0.0044674002171422433 -0.00037866317867940548 -0.00039306598992446093
leaf_weight=189 24 22 29 21 24 31 42 64 37 21 27 20 20 25 30 20 41 24 27 57 72 35 20 32 23 63 31 26 51 612
leaf_count=189 24 22 29 21 24 31 42 64 37 21 27 20 20 25 30 20 41 24 27 57 72 35 20 32 23 63 31 26 51 612
internal_value=5.16924e-12 0.000664332 0.000858643 0.00151596 -0.000844414 0.0019984 -0.000109128 0.00154139 -0.00169948 -0.00295507 -0.00155836 -0.00337151 -0.00197237 0.000641988 -0.00285436 -0.00777657 0.00306246 0.00018572 0.00399244 0.00308538 0.00165677 -0.00132834 -0.00225513 -0.000474154 0.00117949 0.00253231 -0.00312949 0.000540457 0.00210918 -0.000940726
internal_weight=1760 733 711 513 198 462 155 113 174 137 113 86 49 45 51 41 307 75 232 191 134 62 51 1027 226 172 54 109 83 801
internal_count=1760 733 711 513 198 462 155 113 174 137 113 86 49 45 51 41 307 75 232 191 134 62 51 1027 226 172 54 109 83 801
is_linear=0
shrinkage=0.05


Tree=70
num_leaves=31
num_cat=0
split_feature=241 325 289 306 235 153 112 196 194 321 132 154 19 136 130 194 196 150 264 264 247 223 254 251 168 206 327 224 106 174
split_gain=0.214765 0.317859 0.319963 0.311117 0.335979 0.384304 0.471856 0.363354 0.332021 0.498099 0.507797 0.585049 0.561999 0.398961 0.645369 0.335806 0.600314 0.730774 0.56309 0.523443 0.359246 0.328306 0.325455 0.311794 0.307822 0.301823 0.331122 0.377534 0.340284 0.513346
threshold=0.0091531947465376424 -0.049769335419710188 -0.074428942217343377 0.042754582207737958 0.037461397604712579 0.0052256078017715339 0.0090531818889141892 -0.032879806436133592 0.0092956791227496241 -0.027275759168894857 0.0081295665101015629 0.0055036718218608024 14.472222222222223 -0.029461864929627175 0.025111360060227229 -0.0043404901538134531 0.030012840965689746 -0.016662046019603336 0.0060004951770259171 1.0000000180025095e-35 -0.023473855301330743 0.025757371271603085 0.021082654195030439 -0.028789555004331006 -0.0058949687677626204 -0.044251215021109035 -0.036043832142183894 -0.0024253842386997202 -0.019017957649493333 -0.0079694142666233061
decision_type=2 2 2 2 2 2 2 2 2 2 2 2 2 2 2 2 2 2 2 2 2 2 2 2 2 2 2 2 2 2
left_child=1 -1 -3 4 7 -6 -7 -4 13 -10 11 -11 -12 14 -9 16 17 24 19 -17 -19 -5 -20 -22 -15 -2 27 -27 29 -28
right_child=25 2 3 21 5 6 -8 8 9 10 12 -13 -14 15 -16 18 -18 20 22 -21 23 -23 -24 -25 -26 26 28 -29 -30 -31
leaf_value=0.0028278695891559538 -0.0051052967662967392 0.0039696401740248145 0.0019954885921333039 0.00028792454602403773 0.0030212179437512534 -0.0068017824087291956 0.0022232570188740887 -0.0078692629969879697 0.0010420647926282051 -0.0042926926569978024 0.0027283559666212761 -0.012854447774589063 -0.0078935865219682457 -0.012742423880845309 0.0011891663249116392 1.7890074298161417e-05 0.0060929444928963985 0.0031761303225434144 0.0058377361721208979 -0.008544316209320512 -0.0073708350872620943 0.0067648234888911252 -0.00050611753482371574 -0.001081083661385922 -0.0048812763906563774 0.0020044892886653546 -0.00070799711754481343 -0.0072120786644518375 0.00044190226115988222 0.0050368206480802119
leaf_weight=72 21 37 69 90 96 28 30 51 43 53 33 32 20 20 32 119 21 38 62 21 25 25 30 93 33 20 58 25 345 118
leaf_count=72 21 37 69 90 96 28 30 51 43 53 33 32 20 20 32 119 21 38 62 21 25 25 30 93 33 20 58 25 345 118
internal_value=3.3734e-13 -0.000390719 -0.000601199 -0.000760148 -0.00105778 0.00107977 -0.00213366 -0.00147184 -0.00180138 -0.00365681 -0.00512095 -0.00751594 -0.00127992 -0.00118518 -0.00437686 -0.000611782 -0.00196564 -0.00277536 0.000730407 -0.00126644 -0.00105204 0.00169595 0.00376909 -0.00241366 -0.00784775 0.000780773 0.000999161 -0.00311583 0.00135458 0.00314364
internal_weight=1760 1173 1101 1064 949 154 58 795 726 181 138 85 53 545 83 462 230 209 232 140 156 115 92 118 53 587 566 45 521 176
internal_count=1760 1173 1101 1064 949 154 58 795 726 181 138 85 53 545 83 462 230 209 232 140 156 115 92 118 53 587 566 45 521 176
is_linear=0
shrinkage=0.05


Tree=71
num_leaves=31
num_cat=0
split_feature=94 135 251 331 121 330 282 218 210 265 263 110 103 262 93 306 149 261 152 121 134 105 165 285 295 110 291 262 313 215
split_gain=0.20135 0.329335 0.343936 0.26377 0.3542 0.365713 0.566932 0.451203 0.390606 0.339331 0.399462 0.33686 0.333665 0.323797 0.343344 0.316343 0.286074 0.344123 0.34126 0.331317 0.45886 0.384597 0.343056 0.497159 0.362903 0.634202 0.385446 0.547272 0.375494 0.364953
threshold=0.12046229974478541 0.012467638452026079 -0.027395771505926089 -0.020157970271604302 0.0065679972124442982 0.016244516214157841 0.018668934211553537 0.022195008037008825 0.0049548161333123923 0.0094321543792601284 -0.0020931411403823509 0.011672169819580072 0.014202144462630142 0.0049466572421719814 0.015250460894445785 0.0091095982172653984 -0.055270279014275607 -0.032162118684394642 0.044717079864048888 0.034953865163589178 -0.0046832406687466474 0.0088400577740070981 0.06347125041223424 0.091230965689572424 -0.0032484761602718784 0.037492805633681937 0.0022044738141577852 0.07447301325028903 0.018641969273809875 0.0014605900741304684
decision_type=2 2 2 2 2 2 2 2 2 2 2 2 2 2 2 2 2 2 2 2 2 2 2 2 2 2 2 2 2 2
left_child=3 -2 -3 4 5 7 15 8 13 10 -6 -11 -12 14 -1 -7 17 -5 19 22 -21 -22 23 24 25 -18 -26 28 -28 -27
right_child=1 2 -4 16 9 6 -8 -9 -10 11 12 -13 -14 -15 -16 -17 18 -19 -20 20 21 -23 -24 -25 26 29 27 -29 -30 -31
leaf_value=-0.0028595608193427327 0.0039853270903423233 -0.0050981322096453775 0.0028825813473236784 -0.0078266830683181368 0.0014882530268354743 -0.014012160319834949 -0.00028921763046777676 -0.0068186409904488505 0.0060800045931144906 0.0055147755425423387 -0.0090355483038971826 -0.0014411167075325335 -0.00069806830045611912 -0.0047168194693890777 0.0064052135683596136 -0.0051191448606550697 0.0001423665300478512 0.00064044392978151641 0.0040188938340482618 -0.0052596270202821685 0.0028754326289961653 -0.002858151075357957 0.0068372140713368681 -0.0074234503507614145 0.0002228860861422228 -0.0009932353626936675 0.0049528887058472668 -0.0044725935990837492 -0.0003661493327291239 -0.0099771547776002154
leaf_weight=20 77 27 27 24 51 20 28 28 23 46 24 28 24 37 20 20 383 24 60 63 59 58 21 20 280 20 158 22 42 26
leaf_count=20 77 27 27 24 51 20 28 28 23 46 24 28 24 37 20 20 383 24 60 63 59 58 21 20 280 20 158 22 42 26
internal_value=-7.77205e-13 0.00188588 -0.00110778 -0.000151658 -0.00132735 -0.00278273 -0.00574594 -0.00120852 0.000362308 0.000321517 -0.00159299 0.00288282 -0.00486681 -0.00134557 0.00177283 -0.00956565 0.000192653 -0.00359312 0.000342584 0.00015111 -0.00181933 3.31433e-05 0.000516005 0.00037642 0.000543979 -0.00052388 0.00145655 0.00301253 0.00383589 -0.0060711
internal_weight=1760 131 54 1629 369 196 68 128 100 173 99 74 48 77 40 40 1260 48 1212 1152 180 117 972 951 931 429 502 222 200 46
internal_count=1760 131 54 1629 369 196 68 128 100 173 99 74 48 77 40 40 1260 48 1212 1152 180 117 972 951 931 429 502 222 200 46
is_linear=0
shrinkage=0.05


Tree=72
num_leaves=31
num_cat=0
split_feature=241 277 190 167 321 202 223 145 325 277 170 301 123 197 126 189 301 99 128 214 81 269 177 288 322 164 105 93 116 187
split_gain=0.195951 0.294389 0.37422 0.327806 0.578347 0.543881 0.507699 0.54485 0.494228 0.407325 0.38631 0.357284 0.330074 0.324644 0.320885 0.355948 0.317174 0.309642 0.374443 0.331689 0.303724 0.359667 0.365291 0.376327 0.353946 0.344081 0.31027 0.302588 0.334247 0.431303
threshold=0.0091531947465376424 -0.012891000954603075 -0.060323119252641694 -0.0096016185366119763 -0.013672301617688567 0.019595390748665741 0.0060123207290239417 1.0000000180025095e-35 0.0038663195156485642 0.0041439004581758235 -0.0075547467587594209 -0.029707831728544156 0.04782256946423899 0.00033429358824775876 0.03254683864703542 -0.0091581545591298674 -0.0020753907998184908 -0.0039950765258505222 0.011028462768801093 -0.0010971995615906883 -0.37828714669881774 0.032723204986789774 0.020468670677971822 -0.014926362466394933 0.010204831269776182 0.0031044826555625218 -0.0026943356532951831 0.067319495278565969 0.036430240069829117 0.024238852193442285
decision_type=2 2 2 2 2 2 2 2 2 2 2 2 2 2 2 2 2 2 2 2 2 2 2 2 2 2 2 2 2 2
left_child=1 14 -3 4 -4 6 7 -6 12 10 -10 -11 27 -8 20 -16 -17 19 -19 -13 21 22 23 26 25 -22 -1 28 29 -5
right_child=-2 2 3 8 5 -7 13 -9 9 11 -12 17 -14 -15 15 16 -18 18 -20 -21 24 -23 -24 -25 -26 -27 -28 -29 -30 -31
leaf_value=0.0021833625725573963 0.00074579196746478546 0.0053487751147021419 0.0046524815509462218 -0.0018904288321724067 -0.0075616645917762071 -0.0080190975762282814 -0.0002720988573386304 0.0016650779522024096 -0.010495163900229861 0.004227625858038664 -0.0035291451941399524 -0.0044232478808789027 0.004432969743696352 0.0069073041900992397 0.0027151591554284097 -0.0012689182876298825 -0.0092807823348613015 -0.0018787643746347041 -0.0094668956055980313 0.0041812674840912226 -0.0032049942623685909 -0.0059121505756463324 -0.0040388474116722743 0.0037843269202858208 0.0067767460229030511 0.0041377409194142392 -0.0056299919107307998 0.0025322657819761307 -0.0067153842436770599 0.0049591838668745294
leaf_weight=27 587 23 61 198 32 24 31 32 34 20 48 21 30 32 25 30 21 37 29 24 27 21 30 100 48 39 24 49 30 26
leaf_count=27 587 23 61 198 32 24 31 32 34 20 48 21 30 32 25 30 21 37 29 24 27 21 30 100 48 39 24 49 30 26
internal_value=-5.87368e-12 -0.000373214 -0.00093439 -0.00112504 0.000543636 -0.00111623 0.000188251 -0.00294829 -0.00177295 -0.00365387 -0.00641749 -0.00192397 -0.000569842 0.00337458 0.000744844 -0.00217217 -0.00456792 -0.00303236 -0.00521294 0.000165827 0.0014464 0.000281896 0.00100054 0.00200175 0.00350983 0.00113389 -0.00149351 -0.00106517 -0.00175916 -0.00109538
internal_weight=1760 1173 781 758 212 151 127 64 546 213 82 131 333 63 392 76 51 111 66 45 316 202 181 151 114 66 51 303 254 224
internal_count=1760 1173 781 758 212 151 127 64 546 213 82 131 333 63 392 76 51 111 66 45 316 202 181 151 114 66 51 303 254 224
is_linear=0
shrinkage=0.05


Tree=73
num_leaves=31
num_cat=0
split_feature=162 162 157 125 185 315 320 155 155 305 147 176 97 179 283 329 261 193 311 236 268 315 97 291 258 229 93 100 300 124
split_gain=0.198113 0.431159 0.743347 0.476634 0.576222 0.388174 0.34593 0.330349 0.502219 0.408844 0.408389 0.434724 0.403612 0.449987 0.384743 0.395894 0.390569 0.381089 0.374336 0.432298 0.529529 0.449154 0.448292 0.372475 0.532932 0.418067 0.327894 0.342892 0.417634 0.423726
threshold=0.007219250133934171 0.014689240479787096 -0.027338592332280198 0.0046015423904203342 -0.007179820245641377 -0.0034805750394100925 0.038118471444271489 -0.0092947362181948455 -0.0072251835912770799 -0.021544110127974702 -0.0098802821594937019 -0.0188372903238701 0.012495500432435068 -0.01314682241106071 -0.013196323175866291 0.022725754496841635 0.0079492071891667983 0.012571402124976896 -0.032412751097658142 -0.0080187768475734316 0.0021667235273170569 -0.0048190827082394781 -0.031135431585524006 0.012996368910151731 0.031233050009238122 0.020396881806454849 -0.032892194302659911 -0.011376851005669866 -0.0042013583284961605 0.016376954655676301
decision_type=2 2 2 2 2 2 2 2 2 2 2 2 2 2 2 2 2 2 2 2 2 2 2 2 2 2 2 2 2 2
left_child=7 2 -2 4 -4 -6 26 10 -9 12 11 -1 13 -10 16 18 -11 -15 -16 20 -20 -22 -21 24 25 -24 -3 -28 -29 -30
right_child=1 6 3 -5 5 -7 -8 8 9 14 -12 -13 -14 17 15 -17 -18 -19 19 22 21 -23 23 -25 -26 -27 27 28 29 -31
leaf_value=-0.00063937170231448751 0.0057396578292051954 0.0064680508761243392 -0.012635501901860592 -0.00032060684715496735 0.00060626760263133932 -0.0074776156946565172 -0.0039165275817622941 -0.0068545174853945224 -0.00461108611292533 0.0046585442735677931 0.00038439865799953684 0.0059816313293926861 -0.0048021779766228671 0.0042522413456546407 0.0045020115533561415 0.0040863349157221176 -0.00033931596267465801 -0.0036459046216415509 -0.0062749397363776049 0.0051551682899068849 -0.0043816084414720537 0.005004730397978655 -0.0025456030219000707 0.0028767282734266843 -0.0094208310890410638 0.0039242498412290043 -0.0017438969522766718 0.0036502740479557325 0.00094469253291919967 -0.0060066310722114782
leaf_weight=35 21 22 27 47 27 33 49 27 37 103 207 85 75 56 33 51 63 21 71 38 25 26 94 52 21 34 143 108 101 28
leaf_count=35 21 22 27 47 27 33 49 27 37 103 207 85 75 56 33 51 63 21 71 38 25 26 94 52 21 34 143 108 101 28
internal_value=5.6769e-12 -0.000732044 -0.00300701 -0.00437775 -0.00656955 -0.00383987 4.98179e-05 0.000384418 -0.000147537 7.88241e-05 0.00172976 0.00405051 -0.0019535 -7.93743e-05 0.000707482 -5.88356e-05 0.00276177 0.0020982 -0.000595393 -0.00106136 -0.0034831 0.000403584 0.000174839 -0.000766715 -0.00203825 -0.000827048 0.000533278 0.000189686 0.00135636 -0.000564122
internal_weight=1760 606 155 134 87 60 451 1154 827 800 327 120 189 114 611 445 166 77 394 361 122 51 239 201 149 128 402 380 237 129
internal_count=1760 606 155 134 87 60 451 1154 827 800 327 120 189 114 611 445 166 77 394 361 122 51 239 201 149 128 402 380 237 129
is_linear=0
shrinkage=0.05


Tree=74
num_leaves=31
num_cat=0
split_feature=121 53 0 325 325 246 233 179 120 116 188 327 239 296 275 216 219 161 271 132 113 148 333 320 205 224 217 213 240 98
split_gain=0.186814 0.26635 0.283112 0.263021 0.326534 0.473633 0.378843 0.450335 0.48912 0.428974 0.377866 0.408965 0.314463 0.297262 0.344783 0.27748 0.271861 0.249559 0.245422 0.23327 0.298177 0.272262 0.28234 0.374485 0.461635 0.462319 0.361653 0.354222 0.304771 0.405067
threshold=-0.018479239741417981 0.89587973461402759 11.03313783648162 -0.038595393808687345 -0.012331035022297378 0.093747349923220827 -0.0086697084369928481 -0.0032809662067347744 -0.026235288895329979 0.022615140786155927 -0.015015065003331806 -0.0045905057546243742 -0.00083531669695542958 -0.0026152735890852927 0.014618714322642124 -0.0057879495256930513 -0.02427051747753339 -0.0033979052650427648 -0.011537419170275497 0.052516097702624089 0.012942201369917763 0.066172815483938871 0.018305089834565327 0.023471106853290492 -0.015106181502653292 -0.002243140476837322 0.038209167166821885 -0.14395068725201035 -0.046972485204904879 0.024118403392942297
decision_type=2 2 2 2 2 2 2 2 2 2 2 2 2 2 2 2 2 2 2 2 2 2 2 2 2 2 2 2 2 2
left_child=3 2 19 -1 10 6 7 8 -6 13 -5 -12 16 14 -8 -15 -9 -10 -13 21 -21 22 28 26 -25 -26 27 -24 29 -2
right_child=1 -3 -4 4 5 -7 9 12 17 -11 11 18 -14 15 -16 -17 -18 -19 -20 20 -22 -23 23 24 25 -27 -28 -29 -30 -31
leaf_value=0.0047855053455210655 0.0065546259914031806 0.0050215029122267409 -0.0047783128529166191 0.0029137615735332174 0.0023711937246844172 -0.0056957438588142398 -0.0057648499123752125 -0.0045039587208758232 -0.002141542812543256 0.0088503497710917152 -0.0098785757486309338 0.0025345326955651956 0.0050242175865504481 0.0081587108541969905 0.0035193169163540007 0.0010546587665365744 0.0024184080904249006 -0.0096804721685855299 -0.004732877732469486 -0.00099441972379754129 -0.0071873147452536689 -0.0055796940599314197 0.0095809321765872573 0.004907515859231353 -0.0091574579166869337 0.00015301405141750972 -0.0015771427521164101 0.0027281008024036772 -0.00066829726875276135 -0.0022775068989999239
leaf_weight=39 34 23 36 27 28 23 20 23 21 32 21 21 54 27 20 28 37 23 26 77 26 22 22 20 24 30 41 132 782 21
leaf_count=39 34 23 36 27 28 23 20 23 21 32 21 21 54 27 20 28 37 23 26 77 26 22 22 20 24 30 41 132 782 21
internal_value=-6.0655e-12 -0.000310937 -0.000407737 0.000853422 0.000497619 0.00122941 0.00173829 0.000300903 -0.00279486 0.00384343 -0.00209061 -0.00407764 0.00225612 0.00215689 -0.00112277 0.0045421 -0.000235166 -0.00608235 -0.00148574 -0.000279922 -0.00255767 -7.19356e-05 3.7622e-05 0.0014468 -0.0015816 -0.00398497 0.00259604 0.00370708 -0.000415267 0.00318236
internal_weight=1760 1290 1267 470 431 336 313 186 72 127 95 68 114 95 40 55 60 44 47 1231 103 1128 1106 269 74 54 195 154 837 55
internal_count=1760 1290 1267 470 431 336 313 186 72 127 95 68 114 95 40 55 60 44 47 1231 103 1128 1106 269 74 54 195 154 837 55
is_linear=0
shrinkage=0.05


Tree=75
num_leaves=31
num_cat=0
split_feature=331 124 283 89 288 112 106 118 205 19 295 108 278 234 126 281 305 192 109 221 184 252 328 175 278 234 271 123 219 323
split_gain=0.181683 0.312926 0.308441 0.428521 0.377676 0.482627 0.376764 0.371694 0.501955 0.53762 0.398777 0.399338 0.349449 0.351532 0.34131 0.418027 0.372717 0.458061 0.442956 0.440423 0.439854 0.407725 0.308635 0.307698 0.303671 0.364676 0.473024 0.447471 0.42873 0.396699
threshold=0.00052880379850644792 -0.076637335683273064 0.017998742120554637 -0.12968968582031024 -0.011947935177311778 -0.06318204600894535 -0.024095798337021045 0.00066046975297072571 0.015116139605113708 12.366666666666669 0.025929534925458887 -0.0067247904619039981 0.026238586736989492 0.0041949591299091883 0.020044891701632258 -0.019407305315679073 0.019594597472825635 0.0082947148338649128 -0.018489203434525613 0.029863012743033532 0.0035121041670630108 -0.0072039060726872576 -0.0053894509373147124 0.00078066625255146787 -0.076206437174460531 0.0004497846024745196 0.0098790390007944331 0.0037429049889926851 -0.019442252097142874 -0.004733068115654617
decision_type=2 2 2 2 2 2 2 2 2 2 2 2 2 2 2 2 2 2 2 2 2 2 2 2 2 2 2 2 2 2
left_child=2 -2 3 -1 6 -6 -4 10 9 -9 11 -7 14 -14 16 -16 17 18 20 21 -5 -18 -17 -23 -3 26 27 -26 29 -29
right_child=1 24 4 12 5 7 -8 8 -10 -11 -12 -13 13 -15 15 22 19 -19 -20 -21 -22 23 -24 -25 25 -27 -28 28 -30 -31
leaf_value=0.0037349490199833075 0.0058134103745773984 -0.0054521342231468725 0.00033043739944696427 -0.0010663815899877936 -0.0078219100832939148 0.004332253229663228 -0.007051716117920089 -0.0094621378478818921 0.00437350156051772 0.00016558625703227931 0.0083076195706698035 -0.0035707571633881137 -0.00019489177006495293 0.0057080692611634733 -0.0097317271188578826 0.0022099613195418247 -0.0087317195255309354 0.0036841673018454119 0.00098231862271752428 0.0036974557908251884 -0.010126375628723986 0.0029342368599914372 -0.0047082432496704553 -0.0054369101746250753 -0.00012382709385184128 0.0015673284435552765 0.0018472160326580154 0.0047511396277695895 -0.0068610644171712924 -0.0047835426288656896
leaf_weight=72 27 22 25 37 21 33 56 29 21 29 22 31 61 43 22 28 34 86 119 20 21 21 38 23 168 405 138 20 64 24
leaf_count=72 27 22 25 37 21 33 56 29 21 29 22 31 61 43 22 28 34 86 119 20 21 21 38 23 168 405 138 20 64 24
internal_value=1.2766e-12 0.000514983 -0.000501127 0.000106572 -0.00192365 -0.000682678 -0.00477327 0.000225952 -0.00225008 -0.00464828 0.00250045 0.000504233 -0.000365839 0.00224576 -0.000970751 -0.00376287 -0.000290125 0.000690587 -0.000763921 -0.00292203 -0.00434672 -0.00461934 -0.00177325 -0.00144159 0.000344879 0.000500599 -0.000542941 -0.00173802 -0.00424898 -0.000449596
internal_weight=1760 868 892 625 267 186 81 165 79 58 86 64 553 104 449 88 361 263 177 98 58 78 66 44 841 819 414 276 108 44
internal_count=1760 868 892 625 267 186 81 165 79 58 86 64 553 104 449 88 361 263 177 98 58 78 66 44 841 819 414 276 108 44
is_linear=0
shrinkage=0.05


Tree=76
num_leaves=31
num_cat=0
split_feature=162 162 157 125 185 144 149 154 180 201 291 4 97 202 151 219 163 185 297 278 165 331 330 201 165 334 142 124 259 19
split_gain=0.179877 0.370367 0.650635 0.403542 0.495703 0.343971 0.336565 0.299216 0.362369 0.408471 0.362164 0.455543 0.372003 0.470941 0.380294 0.446672 0.362921 0.437275 0.400814 0.375527 0.351637 0.350775 0.347592 0.366277 0.385782 0.442821 0.379721 0.354876 0.386059 0.304644
threshold=0.007219250133934171 0.014689240479787096 -0.027338592332280198 0.0046015423904203342 -0.007179820245641377 0.0033468702922598097 -0.05875813512605868 -0.0236054814679111 0.024458508891491041 -0.019771813538669209 0.0083039072608516919 5.3729582179059152 -0.029016937714038616 0.0074048020958355923 -0.010020170877402966 0.017223769897292501 -0.0052923680860023801 0.0017089723499795783 0.014834287875176417 -0.021775596506421784 -0.035151358574258003 0.011310637912590476 -0.034913734907099807 -0.02633805375353333 0.0068864493405777971 -0.014367804285919468 0.0019143767451106229 0.010321790356727183 0.031845193131320622 21.026054590570723
decision_type=2 2 2 2 2 2 2 2 2 2 2 2 2 2 2 2 2 2 2 2 2 2 2 2 2 2 2 2 2 2
left_child=7 2 -2 4 -4 -6 -3 8 9 -1 12 16 13 14 -9 -16 29 19 -19 -18 -14 -11 -22 -24 27 -26 -27 28 -25 -12
right_child=1 6 3 -5 5 -7 -8 10 -10 21 11 -13 20 -15 15 -17 17 18 -20 -21 22 -23 23 24 25 26 -28 -29 -30 -31
leaf_value=-0.0066391652207011768 0.0053770272149926144 -0.0054952429571690472 -0.011731393131668922 -0.00035532675287190907 -0.0080528006926178942 -0.00037384303286671641 0.00036494790707879208 -0.00014000688679516315 -0.0063988245255689347 -0.0011252546182242773 0.0037432101468476372 -0.0030882442327167252 -0.0068635091693563903 -0.0023514109356752178 0.0087525790246824435 0.00097525225020945083 -0.0020423344522714614 -0.0044913458192478058 0.0033740726821124556 0.0049479294123677877 0.0033733605726242615 0.0044261546737355438 0.0039794973862756584 -0.00027074346022791426 -0.0077132671563462782 0.0028184512329678382 -0.0045953051449778752 0.0030431210994720462 -0.0061680661666768553 0.010539002269506456
leaf_weight=23 21 26 27 47 25 35 425 42 31 93 94 38 22 44 48 30 25 46 25 83 54 41 35 151 44 31 39 61 34 20
leaf_count=23 21 26 27 47 25 35 425 42 31 93 94 38 22 44 48 30 25 46 25 83 54 41 35 151 44 31 39 61 34 20
internal_value=2.67888e-12 -0.000697539 -0.00280603 -0.00408845 -0.0061052 -0.00357341 2.71099e-05 0.000366298 -0.00145873 -0.000483294 0.000721479 0.00206241 2.25053e-05 0.00207341 0.00369584 0.0057613 0.00273041 0.00132609 -0.00172183 0.00332981 -0.00069161 0.000573311 -0.0003892 -0.000903576 -0.00137832 -0.00378271 -0.00131207 -0.00026409 -0.00135458 0.00493545
internal_weight=1760 606 155 134 87 60 451 1154 188 157 966 331 635 164 120 78 293 179 71 108 471 134 449 395 360 114 70 246 185 114
internal_count=1760 606 155 134 87 60 451 1154 188 157 966 331 635 164 120 78 293 179 71 108 471 134 449 395 360 114 70 246 185 114
is_linear=0
shrinkage=0.05


Tree=77
num_leaves=31
num_cat=0
split_feature=106 189 233 180 304 0 185 283 104 320 293 127 82 280 333 106 297 242 251 83 329 280 183 198 220 240 185 275 207 145
split_gain=0.172163 0.28211 0.237156 0.185754 0.360113 0.395727 0.296789 0.455711 0.400708 0.33977 0.410094 0.459194 0.408845 0.408618 0.358306 0.390818 0.368202 0.393364 0.382529 0.472913 0.377558 0.421981 0.374177 0.436442 0.468076 0.414978 0.364928 0.415182 0.34663 0.449149
threshold=0.097381275912149012 0.0021105548537030485 -0.0091263762142065417 0.022898473934313882 -0.041184316761659928 6.0718911310514487 -0.037236767073632306 -0.0053856432073618029 0.056322149934225213 0.023471106853290492 -0.023766404331366325 0.0016662153958363548 0.35563761437497071 -0.021728305450824686 0.017638534486708098 0.025113990691450708 -0.046719963026156643 -0.015633880079434479 -0.0033818429854706594 -0.048150445325305394 -0.0137672689628386 -0.0068602613557229427 0.0038519976961220877 -0.0054260876002881512 -0.039855924391249908 0.02849021420643293 0.00077040440536223253 -0.0054227610102417266 0.0052043649754517649 -0.0034749588022953979
decision_type=2 2 2 2 2 2 2 2 2 2 2 2 2 2 2 2 2 2 2 2 2 2 2 2 2 2 2 2 2 2
left_child=3 2 -2 6 -5 -6 7 -1 9 14 11 -11 13 -12 16 -16 -8 18 19 -18 -20 -22 23 28 -25 -24 27 -26 29 -19
right_child=1 -3 -4 4 5 -7 8 -9 -10 10 12 -13 -14 -15 15 -17 17 22 20 -21 21 -23 25 24 26 -27 -28 -29 -30 -31
leaf_value=-0.0074630036922719552 -0.0037708342522382735 -0.0066746494770050062 0.0029291844386274794 -0.0031935878022498381 0.0030167807845788521 -0.0031762770377099514 0.0030494253173755071 0.00010291442983240511 0.0023644329397939146 -0.0097800493751081727 0.0053632687777280807 -0.00094652159937790459 -0.0050674187973505118 -0.0010609997160077752 0.00081343169095718371 0.0060106805134366482 -0.006344598174095154 -0.010381322431688508 0.0001186916466664385 0.0016373707204669092 -0.0024369030306115747 -0.010369560249934072 0.00310218735029987 0.0040536929085327874 -0.0021552885768980515 -0.0029124371371128492 -0.003275879703590924 0.0050994048483277623 0.001446462209735598 -0.0018655203602975234
leaf_weight=34 25 25 28 37 184 30 72 48 166 31 34 28 41 91 157 47 25 30 27 72 30 38 141 57 41 36 94 38 21 32
leaf_count=34 25 25 28 37 184 30 72 48 166 31 34 28 41 91 157 47 25 30 27 72 30 38 141 57 41 36 94 38 21 32
internal_value=2.97653e-13 -0.00229641 -0.000231202 0.000106492 0.0013611 0.0021486 -0.000113569 -0.00303417 6.39626e-05 -0.000258842 -0.00200733 -0.00558787 -0.000734723 0.000686401 0.000151814 0.00201084 -0.000351158 -0.000710164 -0.00262849 -0.000419838 -0.00488364 -0.00686986 4.1507e-05 -0.000997515 0.00012408 0.00187887 -0.00117065 0.00133431 -0.00410555 -0.00598607
internal_weight=1760 78 53 1682 251 214 1431 82 1349 1183 225 59 166 125 958 204 754 682 192 97 95 68 490 313 230 177 173 79 83 62
internal_count=1760 78 53 1682 251 214 1431 82 1349 1183 225 59 166 125 958 204 754 682 192 97 95 68 490 313 230 177 173 79 83 62
is_linear=0
shrinkage=0.05


Tree=78
num_leaves=31
num_cat=0
split_feature=223 115 178 313 277 101 85 248 104 141 192 238 285 301 265 106 121 324 316 220 310 288 255 185 315 128 304 121 127 287
split_gain=0.162784 0.503259 0.384766 0.260801 0.246641 0.297027 0.445231 0.40843 0.372875 0.347462 0.453301 0.357074 0.294706 0.301721 0.347638 0.339064 0.383692 0.331034 0.36924 0.356183 0.383716 0.331931 0.326896 0.320033 0.358169 0.286711 0.334182 0.348172 0.380289 0.34286
threshold=0.07669845301107607 0.00036355795718401426 0.0020169886447911011 0.017703191777672298 -0.018087785935184123 -0.0037379568457834812 -0.095937475729076224 0.0014796696021213581 0.022694035855672996 0.0029888190739943009 0.0025937233031517559 -0.0083959515816109942 0.086689547422938606 -0.0054814021019209107 -0.06635918642852924 0.097381275912149012 -0.022078855822517941 -0.024745475238579787 0.0062377662336730874 0.013963740687796771 0.020727787552163947 0.0064388881383884078 0.0028132377215619874 7.904595831941525e-05 0.012493107040252908 0.040014584323510259 -0.018214432621891753 0.033441871860845053 -0.0058908397439929473 0.051882023101464621
decision_type=2 2 2 2 2 2 2 2 2 2 2 2 2 2 2 2 2 2 2 2 2 2 2 2 2 2 2 2 2 2
left_child=4 2 -2 -3 5 8 7 -7 9 10 -1 -11 13 14 -6 16 23 21 -19 20 -20 -16 -21 24 -15 26 27 28 -18 -28
right_child=1 3 -4 -5 12 6 -8 -9 -10 11 -12 -13 -14 15 17 -17 25 18 19 22 -22 -23 -24 -25 -26 -27 29 -29 -30 -31
leaf_value=-0.0050859277920895507 -0.0019265202612150463 -0.0073474494819870083 0.0049087973697377104 -0.00038306602276861669 -0.0042704126587317839 -0.0061460740904769173 0.0016185463124808548 0.00071698123725449177 0.0058033249157740455 0.0073391412083497823 0.0028008387424051763 0.00048235480911856473 -0.0054988355268366061 -0.0036532932727009453 -0.004343233741625833 -0.0062873478426977436 -0.00077582878920321287 0.0032864402829770852 0.0032284879291962299 -0.0067315887687921837 -0.0041893397796560422 0.0019118194652133083 0.0015208819508552552 0.0043887948490009881 0.0042520995454295822 -0.0044173544195170202 -0.0018392411481517438 -0.0022963443603229656 0.0069916847976855935 0.0047450269616785504
leaf_weight=38 50 41 35 20 31 46 144 41 61 34 35 43 26 38 48 27 26 202 84 30 22 38 20 64 23 60 338 34 40 21
leaf_count=38 50 41 35 20 31 46 144 41 61 34 35 43 26 38 48 27 26 202 84 30 22 38 20 64 23 60 338 34 40 21
internal_value=-3.02448e-12 -0.0015988 0.000888022 -0.00506405 0.000144625 0.0011511 -8.76732e-05 -0.00291176 0.00250729 0.00116691 -0.0013046 0.00351003 -0.00023495 -0.000115525 0.000848736 -0.000798124 -0.000567986 0.00120615 0.0018753 4.80608e-05 0.00168894 -0.00157937 -0.0034306 0.00191885 -0.000672571 -0.00116693 -0.000742043 0.0018142 0.00393176 -0.00145409
internal_weight=1760 146 85 61 1614 442 231 87 211 150 73 77 1172 1146 475 671 644 444 358 156 106 86 50 125 61 519 459 100 66 359
internal_count=1760 146 85 61 1614 442 231 87 211 150 73 77 1172 1146 475 671 644 444 358 156 106 86 50 125 61 519 459 100 66 359
is_linear=0
shrinkage=0.05


Tree=79
num_leaves=31
num_cat=0
split_feature=123 148 316 117 253 321 158 239 271 325 175 277 164 9 258 235 275 115 208 128 332 256 293 198 147 168 327 291 253 243
split_gain=0.156922 0.407877 0.389639 0.519316 0.345849 0.436282 0.387226 0.300007 0.29621 0.355412 0.459662 0.504875 0.406659 0.394702 0.341024 0.330921 0.361499 0.445962 0.338394 0.328809 0.327297 0.393891 0.318592 0.30525 0.296862 0.294507 0.501649 0.373675 0.280444 0.438774
threshold=0.0037429049889926851 -0.010665154079298312 0.025363957551588674 -0.022756079816212225 0.026985332929402014 -0.0093221823943058415 0.00019431241752109962 0.005649860738413566 0.032424764973974007 0.010747950511939061 -0.0091194441351474913 0.013718055791770869 -0.01112648737963442 0.057747887950200097 0.013247980762219518 -0.079403546714111081 -0.019532434929396356 -0.042017371541254921 -0.015101671422751118 0.048894724321861267 -0.012095539299652644 0.00048161342323283911 -0.0041449978421886002 -0.0068120528402895843 -0.0082002905002374598 -0.015383913435642407 -0.016826591206777517 0.0079850994586707011 0.010794246694512033 -0.015668144274459898
decision_type=2 2 2 2 2 2 2 2 2 2 2 2 2 2 2 2 2 2 2 2 2 2 2 2 2 2 2 2 2 2
left_child=1 2 3 -1 25 -6 -7 -4 9 13 -11 12 -12 15 -14 -2 22 24 -19 23 21 -20 -17 -10 -18 26 -3 -28 29 -22
right_child=8 4 7 -5 5 6 -8 -9 19 10 11 -13 14 -15 -16 16 17 18 20 -21 28 -23 -24 -25 -26 -27 27 -29 -30 -31
leaf_value=0.0071770490928214394 0.0040904498850817192 0.0032807931796248468 0.0027041840907186272 0.0016071239093850766 0.0017049377075753188 -0.0081631770539211061 -0.0013323251645834674 -0.0043860459951935594 -0.003311352781020105 0.00058523365961653847 -0.002222268340798716 -0.00055997178245049256 -0.01313848295088472 0.0046220019937325751 -0.0049857851735356715 0.0062147920675299784 -0.0025374559847557029 -0.0044266534724337015 0.00071713698642521077 0.0074809288326650866 -0.0066665814324681251 -0.0077581331026382178 -0.00020488558802753687 0.0021363142410538989 -0.0106616161509671 0.0009399693590946026 -0.0063658835698681129 0.00013285375300895524 0.0044514125074546548 0.0016625654956442305
leaf_weight=55 34 35 25 175 39 41 42 37 36 70 30 52 29 39 23 27 23 58 29 20 21 26 68 90 22 412 55 37 46 64
leaf_count=55 34 35 25 175 39 41 42 37 36 70 30 52 29 39 23 27 23 58 29 20 21 26 68 90 22 412 55 37 46 64
internal_value=4.44412e-14 0.000434457 0.00199077 0.00293906 -0.000253053 -0.00265701 -0.0047066 -0.00152708 -0.000513057 -0.000963261 -0.00269857 -0.004414 -0.00685801 -0.000188634 -0.00953248 -0.000637474 -0.00105609 -0.00193566 -0.00109217 0.00152519 -5.23846e-05 -0.00328935 0.00161965 0.000579838 -0.00650927 0.000291071 -0.00181402 -0.00375226 0.00130665 -0.000395224
internal_weight=1760 953 292 230 661 122 83 62 807 661 204 134 82 457 52 418 384 289 244 146 186 55 95 126 45 539 127 92 131 85
internal_count=1760 953 292 230 661 122 83 62 807 661 204 134 82 457 52 418 384 289 244 146 186 55 95 126 45 539 127 92 131 85
is_linear=0
shrinkage=0.05


Tree=80
num_leaves=31
num_cat=0
split_feature=162 162 195 330 258 234 86 156 293 96 294 303 229 192 257 302 110 138 181 228 314 161 123 245 245 293 87 241 302 167
split_gain=0.152476 0.338183 0.393692 0.366477 0.448769 0.322738 0.265863 0.293505 0.258196 0.24912 0.239001 0.233481 0.432176 0.444648 0.36575 0.367193 0.314991 0.305077 0.303309 0.300276 0.381483 0.356122 0.32667 0.400181 0.369722 0.303918 0.303858 0.287907 0.382593 0.337165
threshold=-0.044298184431543701 -0.02622314777766907 -0.018464422648145035 -0.034913734907099807 -0.0002882417083998092 -0.0065549156193692093 -0.062543258077811886 0.019503666872314498 -0.0071217907163490671 0.003102771443592126 0.0683472099174149 -0.032614635315340333 -0.018761147684930004 -0.022669296757709245 0.036955379378590274 0.030840028289248238 -0.021767824029388715 0.0072149927781846425 0.035938380716584388 -0.02239379111144572 -0.032367154647972483 -0.014904409547184279 -0.009840648287532729 -0.012312106988147197 0.025724951015035091 -0.00090259671913419683 -0.079260790809847673 -0.01130140217589227 0.030840028289248238 -0.0021945015908780975
decision_type=2 2 2 2 2 2 2 2 2 2 2 2 2 2 2 2 2 2 2 2 2 2 2 2 2 2 2 2 2 2
left_child=6 2 -2 -4 5 -5 -1 8 -8 -6 11 12 16 -14 15 17 -3 -15 19 20 -13 -21 26 25 -25 -24 -22 28 29 -23
right_child=1 10 3 4 9 -7 7 -9 -10 -11 -12 18 13 14 -16 -17 -18 -19 -20 21 22 27 23 24 -26 -27 -28 -29 -30 -31
leaf_value=0.0060907287316189877 -0.0080183495301753283 0.006298509304178879 0.0041508397506549955 -0.0038177942518483506 -0.0023126143799163403 0.0044106532389727926 -0.0063127697538584472 0.0041364720310358444 0.00070584786957816079 -0.0099427015156201698 0.0040103349145379314 -0.0061418649582062959 0.0020864968711975965 -0.011503556152015475 0.0015316262096166612 -0.0018030763055910085 -0.00067007289547473198 -0.00418102178350091 0.0028990663178847173 0.0027451754283361342 -0.0033940548246557062 -0.00019242130742617408 0.0044026028364896773 -0.0073083036420668705 -0.0010027764911722879 -0.0017258554790169002 0.0033311656541781319 0.00071887357116030609 0.0048941927075031259 -0.0044311497981349623
leaf_weight=27 26 24 25 22 20 26 20 34 38 23 38 36 32 33 20 34 50 25 100 148 22 98 32 47 46 55 71 477 21 90
leaf_count=27 26 24 25 22 20 26 20 34 38 23 38 36 32 33 20 34 50 25 100 148 22 98 32 47 46 55 71 477 21 90
internal_value=6.99484e-12 -0.000125324 -0.00245743 -0.00121102 -0.00268405 0.000639281 0.00172821 0.000447901 -0.00171437 -0.00639382 9.5596e-05 -6.22468e-06 -0.00151553 -0.00311144 -0.00459656 -0.00592878 0.00159001 -0.00834729 0.000258481 2.7459e-05 -0.00130395 0.000520751 -0.000665982 -0.0019092 -0.00418944 0.00052829 0.00174025 4.08454e-05 -0.00150662 -0.0022216
internal_weight=1760 1641 142 116 91 48 119 92 58 43 1499 1461 218 144 112 92 74 58 1243 1143 309 834 273 180 93 87 93 686 209 188
internal_count=1760 1641 142 116 91 48 119 92 58 43 1499 1461 218 144 112 92 74 58 1243 1143 309 834 273 180 93 87 93 686 209 188
is_linear=0
shrinkage=0.05


Tree=81
num_leaves=31
num_cat=0
split_feature=162 226 280 149 234 325 310 235 224 116 162 133 154 202 185 166 192 261 114 277 183 165 309 163 263 108 166 11 199 280
split_gain=0.151422 0.311055 0.352557 0.35149 0.383181 0.345584 0.302616 0.281899 0.266233 0.258704 0.248865 0.442029 0.245922 0.322707 0.316321 0.337232 0.433763 0.311715 0.438025 0.365387 0.38833 0.363092 0.362066 0.344497 0.320239 0.343822 0.318077 0.36024 0.302322 0.63341
threshold=0.007219250133934171 0.0037747670363273175 -0.06082705154769117 -0.043163972811895372 0.0016312238515548436 0.032618908064540736 0.014955388702673223 -0.043100073703914527 -0.038580325244670442 -0.027818360114241329 0.014689240479787096 -0.002860698805068037 -0.0236054814679111 0.028535715688980709 -0.007574276094621581 0.02730234299935241 0.0012410826165183181 0.0015119246021947812 0.00016589180674504077 -0.015762119524545329 -0.017784063148828227 0.0058508234296373272 0.0052860883194055354 -0.0052923680860023801 0.042029115136162011 0.019153539781308269 0.0031404812368504308 3.5596210740220546 0.0026461460615256394 0.0087145223861646113
decision_type=2 2 2 2 2 2 2 2 2 2 2 2 2 2 2 2 2 2 2 2 2 2 2 2 2 2 2 2 2 2
left_child=12 2 -2 -3 6 9 8 -4 -5 -6 11 -9 13 14 -1 16 -16 18 24 22 -21 28 -19 -23 25 -14 27 -27 -22 -30
right_child=1 3 7 4 5 -7 -8 10 -10 -11 -12 -13 17 -15 15 -17 -18 19 -20 20 21 23 -24 -25 -26 26 -28 -29 29 -31
leaf_value=0.002162004784781857 -0.0046165549654688222 -0.0071042923385213168 0.0048125274246558552 0.0031595193129032848 -0.002926434351441761 -0.0054814525367692119 -0.0077252896906187148 -0.0068352837829540177 -0.0034880584319595433 0.0029445824264765306 0.001230427681572841 0.0011935749620897696 0.0051041862693333925 -0.0073223711317405103 -0.0047306301684251857 -0.007113863348408982 0.0028060959053358863 -0.00034099467172238389 0.00011265756084880643 0.0027838073542807255 0.00085945844957181674 -0.0011605914552799532 0.0049851304876872083 -0.0077227650867361169 -0.0017456539305708103 0.002204534045800015 0.0053293254799567742 -0.0066490320302546027 0.000896556625285974 -0.0086786532804610274
leaf_weight=64 32 29 40 20 24 20 30 30 61 86 194 40 144 20 35 27 42 76 276 50 110 36 55 45 31 27 26 20 39 31
leaf_count=64 32 29 40 20 24 20 30 30 61 86 194 40 144 20 35 27 42 76 276 50 110 36 55 45 31 27 26 20 39 31
internal_value=-7.48266e-13 -0.000639992 0.000375473 -0.00190368 -0.00127788 0.000564389 -0.00343549 0.000900949 -0.00184668 0.00166363 0.000308286 -0.00224736 0.000336079 -0.00131845 -0.000603703 -0.00230568 -0.000619689 0.000658079 0.00148299 -0.000319866 -0.00125289 -0.0020262 0.00189516 -0.00480624 0.00300803 0.00368713 0.000891839 -0.00156294 -0.000775178 -0.00334389
internal_weight=1760 606 336 270 241 130 111 304 81 110 264 70 1154 188 168 104 77 966 524 442 311 261 131 81 248 217 73 47 180 70
internal_count=1760 606 336 270 241 130 111 304 81 110 264 70 1154 188 168 104 77 966 524 442 311 261 131 81 248 217 73 47 180 70
is_linear=0
shrinkage=0.05


Tree=82
num_leaves=31
num_cat=0
split_feature=278 104 156 127 297 317 236 296 152 330 168 134 129 245 115 331 298 259 192 305 159 94 133 226 319 176 260 82 326 81
split_gain=0.148536 0.161456 0.292524 0.252237 0.264679 0.260033 0.231071 0.301272 0.274972 0.250385 0.520672 0.407537 0.434978 0.371359 0.320198 0.286416 0.267491 0.301274 0.324931 0.296284 0.437908 0.330619 0.375126 0.353287 0.346755 0.307188 0.287604 0.302414 0.283622 0.277495
threshold=-0.097628482071715664 0.056322149934225213 0.026634406166783166 -0.027573245352768647 0.0094330406590818049 0.018893019227025357 0.06483329422983071 0.026928756648883622 -0.0041463825641313802 0.021623932954895304 -0.013431779997747218 -0.0038468197660518487 0.0015742263531066552 -0.036666120301031183 -0.0078841695534800759 -0.004898283634622815 -0.0054601119293969822 0.048924188497530628 0.026397625216739766 0.02588774026904038 0.0087037637339992327 0.070877846982942791 0.018889285503893797 -0.057193275388729196 -0.001552169076143777 -0.0069849221335679971 0.021961734355438068 -0.26855918777783477 -0.0052593251399950568 -0.34804727437646416
decision_type=2 2 2 2 2 2 2 2 2 2 2 2 2 2 2 2 2 2 2 2 2 2 2 2 2 2 2 2 2 2
left_child=-1 6 3 4 -3 -5 9 8 -8 16 11 -11 -13 -12 -15 -16 29 18 19 21 25 22 23 -18 -24 -21 -25 -28 -23 -2
right_child=1 2 -4 5 -6 -7 7 -9 -10 10 13 12 -14 14 15 -17 17 -19 -20 20 -22 28 24 26 -26 -27 27 -29 -30 -31
leaf_value=-0.003612635214813054 0.002066388802907358 -0.0068754286549630624 0.0054272010838354217 0.0026879552143279735 0.00097228262086652907 -0.0019976127555128187 -0.0085645291682643187 0.0022565723396837712 -0.0019112367923794825 -0.0098661830935340665 0.0049015539952299812 0.0022406391178568202 -0.0067344119065199746 0.00085553575018738328 -0.0080018877090575809 -0.0010596285645778363 0.0042309594299534672 0.0029557078974462598 0.0029026716573086258 -0.0055623818957246845 -0.0074947839286164707 -0.00017212430874888714 0.0074704156195123999 -0.00039343027513488894 0.00014481677407664911 0.0022055388561316898 -0.0083013867171337977 -0.0011824547868621138 -0.007253370854643084 -0.00079142158091797133
leaf_weight=28 325 21 36 114 22 40 24 24 44 26 33 27 27 99 24 39 34 66 60 20 40 26 30 254 35 35 26 35 31 115
leaf_count=28 325 21 36 114 22 40 24 24 44 26 33 27 27 99 24 39 34 66 60 20 40 26 30 254 35 35 26 35 31 115
internal_value=-1.62515e-12 5.84029e-05 0.00128287 0.000525526 -0.00286032 0.00147092 -0.000131924 -0.00255962 -0.00425946 2.68169e-05 -0.00132645 -0.00472316 -0.00224689 6.70692e-05 -0.000917733 -0.0037043 0.00035557 -0.000257308 -0.000596061 -0.000966951 -0.00351416 -0.000453183 3.83585e-05 -0.000611177 0.00352586 -0.00061916 -0.00113382 -0.00421675 -0.00402333 0.00131946
internal_weight=1760 1732 233 197 43 154 1499 92 68 1407 275 80 54 195 162 63 1132 692 626 566 95 471 414 349 65 55 315 61 57 440
internal_count=1760 1732 233 197 43 154 1499 92 68 1407 275 80 54 195 162 63 1132 692 626 566 95 471 414 349 65 55 315 61 57 440
is_linear=0
shrinkage=0.05


Tree=83
num_leaves=31
num_cat=0
split_feature=53 2 334 210 219 210 178 121 246 246 327 170 243 196 314 335 222 227 87 239 124 106 143 314 292 94 284 119 129 168
split_gain=0.148727 0.233369 0.342373 0.206499 0.292341 0.182001 0.388588 0.185752 0.357215 0.233716 0.219357 0.298818 0.297968 0.241231 0.266217 0.217374 0.401477 0.37376 0.360298 0.265478 0.288304 0.228924 0.253487 0.405561 0.317552 0.33863 0.317307 0.276495 0.339984 0.278031
threshold=0.89587973461402759 5.7914775660660407 0.00086006584333669868 0.019892797530790155 -0.059962858476938073 0.017488593858879919 -0.0023734237814463399 -0.037077887253223321 -0.045371525771418508 0.089497679825560769 0.0038317711420438462 0.013255873261019483 -0.029627083381726382 0.0069944534752364269 -0.003055675186386584 -0.027716190164417277 -0.0060229305116399666 0.0075008655397829959 0.005935905707386677 -0.0023893324767536562 0.0014157302390326242 0.084115779636165247 -0.0034835409823008299 0.063963395184611402 0.0032333870319812704 0.017674403680973987 0.021428818994309408 0.028113266579521169 -0.029898925333140387 -0.020595383608483796
decision_type=2 2 2 2 2 2 2 2 2 2 2 2 2 2 2 2 2 2 2 2 2 2 2 2 2 2 2 2 2 2
left_child=1 3 -3 5 -5 7 -7 8 -1 10 11 13 -12 14 -10 16 18 19 -9 -18 -21 22 24 26 25 -17 -24 28 -26 -30
right_child=-2 2 -4 4 -6 6 -8 15 9 -11 12 -13 -14 -15 -16 21 17 -19 -20 20 -22 -23 23 -25 27 -27 -28 -29 29 -31
leaf_value=-0.0041865038823474341 0.0039091085597950347 8.5491464415099475e-05 -0.0079121548884912678 -0.00056458315590307822 0.0078820208087563518 -0.0076252786830688524 0.00097569929243161767 -0.0035069016584505642 -0.0032179646342992783 -0.0018321042796338187 -0.0046651240577921275 0.0083979106540309975 0.0022335772164903274 0.0063633955463215158 0.0037682006120060884 0.0045376485777004361 -0.0022454381932982721 0.00011736762050228816 0.002528203353197373 -0.011426902318803165 -0.0035501370339521342 -0.0027285032313419367 -0.00069690993605620315 -0.0069611525544050062 -0.006083678666202884 0.00027843497475259937 0.0019397681870224844 0.0038727232528960004 -0.0041619838472327286 0.0015077184331740308
leaf_weight=27 24 32 23 21 20 24 29 36 25 36 20 29 72 27 30 112 37 48 79 26 21 66 467 22 28 80 151 34 29 85
leaf_count=27 24 32 23 21 20 24 29 36 25 36 20 29 72 27 30 112 37 48 79 26 21 66 467 22 28 80 151 34 29 85
internal_value=-5.70832e-12 -5.4043e-05 -0.00325898 5.08181e-05 0.00355571 -3.68042e-05 -0.00291908 5.94533e-05 0.00126493 0.00188078 0.00253923 0.00403557 0.00073386 0.00249279 0.000592671 -0.000183285 -0.00152073 -0.00340227 0.000638953 -0.00541349 -0.0079075 0.000124303 0.000311094 -0.000290152 0.00135674 0.00276298 -5.2673e-05 -0.00017734 -0.00114707 6.54257e-05
internal_weight=1760 1736 55 1681 41 1640 53 1587 266 239 203 111 92 82 55 1321 247 132 115 84 47 1074 1008 640 368 192 618 176 142 114
internal_count=1760 1736 55 1681 41 1640 53 1587 266 239 203 111 92 82 55 1321 247 132 115 84 47 1074 1008 640 368 192 618 176 142 114
is_linear=0
shrinkage=0.05


Tree=84
num_leaves=31
num_cat=0
split_feature=297 118 188 157 282 104 11 0 157 167 220 254 275 319 125 106 127 189 246 325 126 137 11 170 289 214 97 87 123 290
split_gain=0.139236 0.374128 0.174945 0.248825 0.254318 0.468503 0.377663 0.280216 0.308802 0.279301 0.354613 0.322483 0.332658 0.479098 0.402742 0.311002 0.302845 0.286538 0.278369 0.277829 0.254557 0.253195 0.248251 0.24307 0.29085 0.232188 0.257774 0.230961 0.229293 0.226855
threshold=0.068880889476867532 0.0034002583943830039 0.0037110951963092013 -0.040361115540246705 -0.020061345836934471 0.065602598019113764 3.7237710931768162 5.0139575654555903 0.016029494906974112 -0.010529674038119064 0.020395331050038764 -0.044277741006902065 -0.01910761849707544 -0.018119790107632754 0.016830280504990285 0.02543298645835183 0.013908207037750307 0.016831679301938508 -0.047150464930487725 0.011725508768525862 -0.0065536669631784386 0.0078921397873999433 2.5965798678585315 0.010788517363391722 0.010758656982454129 0.0090878875410077588 -0.0080689904648537387 0.026053852405405351 0.043303591789439676 -0.0043509048395961331
decision_type=2 2 2 2 2 2 2 2 2 2 2 2 2 2 2 2 2 2 2 2 2 2 2 2 2 2 2 2 2 2
left_child=2 -2 3 25 5 6 7 -5 -9 18 11 -11 19 -14 15 16 21 20 -6 -13 27 22 -15 24 -20 26 -1 -12 -4 -16
right_child=1 -3 28 4 9 -7 -8 8 -10 10 17 12 13 14 29 -17 -18 -19 23 -21 -22 -23 -24 -25 -26 -27 -28 -29 -30 -31
leaf_value=0.0047092202352359896 -0.0058196521674593292 0.0027174482659791553 0.00034944467058587608 -0.0054538724525395703 -0.0037895510481162509 0.0040104196527627886 -0.0093548423654976343 0.00097937264138211826 -0.0046542791061155086 -0.0043415205842639148 -0.0023830306210109722 0.0047089113702025757 -0.0055387605410559398 -0.001286925475679986 -0.0076035819028038541 0.0068519914895296104 0.0042634757127352927 -0.0080762272700667381 0.0054102745379180951 -0.0018592865561090765 -0.0035804473192911248 -0.0049988990936141748 0.0051708053458820692 -0.00036617987478772805 -8.140385228519639e-05 0.0068402113570343887 -0.0020186262060555497 0.0047828565351665025 0.0031312488936930008 -0.00039333196958371748
leaf_weight=24 33 21 627 47 22 27 21 75 36 37 23 69 38 46 20 25 43 22 73 21 80 26 22 60 36 21 35 22 84 24
leaf_count=24 33 21 627 47 22 27 21 75 36 37 23 69 38 46 20 25 43 22 73 21 80 26 22 60 36 21 35 22 84 24
internal_value=1.74375e-12 -0.00249967 7.9122e-05 -0.000348889 -0.000582687 -0.00212914 -0.00305522 -0.00221793 -0.000847758 -0.000133364 -0.000735972 8.75097e-05 0.000578151 -0.000380195 0.000571385 0.00172356 0.000787717 -0.00281428 0.00150094 0.00317633 -0.00188818 -0.000802258 0.00080234 0.00218964 0.00359651 0.00232517 0.000718125 0.00112029 0.000678097 -0.00367072
internal_weight=1760 54 1706 995 915 206 179 158 111 709 518 371 334 244 206 162 137 147 191 90 125 94 68 169 109 80 59 45 711 44
internal_count=1760 54 1706 995 915 206 179 158 111 709 518 371 334 244 206 162 137 147 191 90 125 94 68 169 109 80 59 45 711 44
is_linear=0
shrinkage=0.05


Tree=85
num_leaves=31
num_cat=0
split_feature=120 194 187 146 278 223 286 140 250 168 316 162 223 280 271 214 315 333 280 116 330 321 313 291 97 100 239 81 128 244
split_gain=0.134182 0.249166 0.320924 0.233922 0.289812 0.228553 0.225011 0.276814 0.341967 0.327575 0.322547 0.225276 0.352368 0.481443 0.406223 0.379881 0.360161 0.330103 0.285235 0.354815 0.31202 0.305487 0.381413 0.297971 0.327913 0.297665 0.264999 0.275244 0.259326 0.278884
threshold=-0.027298253804372518 -0.01065340497843513 -0.010723387038721022 0.024675606295831435 0.022481687913249979 0.031409486174356981 0.032283141799325003 0.00087636689380025457 0.014252696482818971 -0.016363765715491918 -0.0048621835751888132 0.007219250133934171 -0.0026154736953760654 0.034439301284252204 0.025540604307579224 -0.023461312126835051 -0.024499045616417744 -0.0029608464537935158 0.0044769625329695532 0.025157436477574752 0.01581454525746203 -0.023526916830767276 0.031768042878496987 -0.016669913065499305 -0.026889726681769355 0.051522026200178365 0.043649033051758761 -0.32692100748840874 -0.010999222666135676 0.00058661866848686343
decision_type=2 2 2 2 2 2 2 2 2 2 2 2 2 2 2 2 2 2 2 2 2 2 2 2 2 2 2 2 2 2
left_child=1 2 -1 5 -5 -3 11 9 -9 -8 -11 18 13 14 15 -13 -14 -17 19 -2 23 -20 25 -21 -25 26 27 28 29 -23
right_child=6 3 -4 4 -6 -7 7 8 -10 10 -12 12 16 -15 -16 17 -18 -19 21 20 -22 22 -24 24 -26 -27 -28 -29 -30 -31
leaf_value=-0.0048469504842964502 0.00059696617968006899 0.0029922353114118479 0.00085803302132642697 0.0015301209180506705 -0.0061424293741583827 -0.0013012849209779825 -0.0080124453261184204 0.0023782041733015759 -0.0038218949518964763 0.0023891521617770196 -0.0045389087471578811 -0.010870276557074654 -0.0041499416796594033 0.0025069954785119212 0.00026151513386713833 -0.0088309168561615733 0.0013552956576185192 -0.0013297489924298134 0.0025598796494748621 0.0011924788313494488 -0.00013762828818852864 -0.00077496238797903066 -0.0065235681477896577 0.012836510404234842 0.0041947493815551636 -0.0051494300569174811 0.0042964299660055872 0.0043080708167205252 -0.00012707584659042568 -0.0083207441105817761
leaf_weight=39 364 191 67 32 20 37 30 61 35 28 42 27 36 35 38 22 170 44 63 22 31 25 31 21 23 32 31 24 115 24
leaf_count=39 364 191 67 32 20 37 30 61 35 28 42 27 36 35 38 22 170 44 63 22 31 25 31 21 23 32 31 24 115 24
internal_value=5.37098e-12 0.000823683 -0.00124097 0.0016053 -0.00142086 0.00229548 -0.000231399 -0.00180004 0.000117751 -0.00364111 -0.00176768 2.9597e-05 -0.000988177 -0.00270243 -0.00409427 -0.00587405 0.000393215 -0.00383014 0.000499339 0.00131304 0.00400014 -0.000587949 -0.00129119 0.00594364 0.00831923 -0.000644958 1.32301e-05 -0.000693042 -0.00142491 -0.00447086
internal_weight=1760 386 106 280 52 228 1374 196 96 100 70 1178 372 166 131 93 206 66 806 461 97 345 282 66 44 251 219 188 164 49
internal_count=1760 386 106 280 52 228 1374 196 96 100 70 1178 372 166 131 93 206 66 806 461 97 345 282 66 44 251 219 188 164 49
is_linear=0
shrinkage=0.05


Tree=86
num_leaves=31
num_cat=0
split_feature=53 0 67 252 243 153 290 83 153 110 126 151 305 258 210 181 262 268 197 109 87 229 247 155 155 336 136 213 187 304
split_gain=0.136012 0.212501 0.326059 0.323323 0.306341 0.154738 0.328278 0.474926 0.247297 0.40131 0.33453 0.310618 0.292021 0.250804 0.40918 0.26852 0.322974 0.288547 0.359225 0.306391 0.26629 0.274393 0.259764 0.249422 0.262047 0.240586 0.238714 0.288836 0.272299 0.251869
threshold=0.89587973461402759 10.942224625098026 1.8688348091416842 -0.0070229764738403214 -0.00070257020796873893 -0.03349362149275862 -0.0080322961028638003 -0.070658585243741398 -0.016084063464120214 0.055534863481915296 -0.013968035632479036 -0.028250105182505012 -0.012682212338774571 0.0027440469338198543 0.017618100140742058 0.029646071224772665 0.014352333663734753 -0.0018482684382377368 0.040323877576130422 -0.031300755022970743 0.038623664403720233 -0.010090715493336523 -0.0058921065315326151 0.073960072970647425 0.037484567660628458 -0.017113336177371766 -0.00402202367209908 0.037426944605690744 0.0057812085448191207 0.010952444682208013
decision_type=2 2 2 2 2 2 2 2 2 2 2 2 2 2 2 2 2 2 2 2 2 2 2 2 2 2 2 2 2 2
left_child=1 2 5 -3 -5 6 7 -1 9 10 -7 -12 -13 14 23 17 -17 26 19 -19 21 -21 -23 24 -10 -8 28 29 -15 -28
right_child=-2 3 -4 4 -6 8 25 -9 13 -11 11 12 -14 15 -16 16 -18 18 -20 20 -22 22 -24 -25 -26 -27 27 -29 -30 -31
leaf_value=-0.009018026720042583 0.0037382742603464672 -0.0065661511383950716 0.0052312176426251734 0.0039090732597590735 -0.0044696604274213313 0.0063498096133116633 -0.0023584055596074906 -0.0011961274635604755 -0.00057704160868342119 -0.0035213415141509457 -0.0042965184617787602 -0.00024182649794965983 0.0056559841761865265 -0.0011909333536630799 -0.0070336501449346544 0.0011828271449206675 0.0084136835339924578 0.0047161331592613593 -0.0050893220864236359 0.002146326971373388 0.0025401737568352153 -0.0078610461116546682 -0.00055914262052753885 -0.0057522250339388853 0.0039337748983491435 0.0032870407089712508 -0.003393028490500639 0.0036100861243903641 -0.0069775636364095691 0.0016755466717620227
leaf_weight=27 24 31 30 24 20 48 32 69 607 29 20 43 41 68 25 47 23 69 20 35 102 21 29 22 34 46 57 45 29 43
leaf_count=27 24 31 30 24 20 48 32 69 607 29 20 43 41 68 25 47 23 69 20 35 102 21 29 22 34 46 57 45 29 43
internal_value=-4.97866e-12 -5.16812e-05 6.58685e-05 -0.00265502 0.000100558 -2.9141e-05 -0.00143842 -0.00339604 0.00013916 0.00186872 0.00289709 0.00130352 0.00263687 -0.000106178 -0.000754224 0.000652081 0.00355868 0.000259297 0.00136431 0.0018685 0.000817765 -0.00124913 -0.00362594 -0.000517443 -0.000337778 0.00097096 -0.00100096 0.000283447 -0.00292096 -0.00121354
internal_weight=1760 1736 1661 75 44 1631 174 96 1457 181 152 104 84 1276 688 588 70 518 276 256 187 85 50 663 641 78 242 145 97 100
internal_count=1760 1736 1661 75 44 1631 174 96 1457 181 152 104 84 1276 688 588 70 518 276 256 187 85 50 663 641 78 242 145 97 100
is_linear=0
shrinkage=0.05


Tree=87
num_leaves=31
num_cat=0
split_feature=94 219 319 300 124 149 214 314 258 282 120 245 188 308 245 273 237 127 291 286 138 222 175 237 144 334 295 211 136 310
split_gain=0.131304 0.148536 0.208608 0.362324 0.321694 0.256659 0.404053 0.235737 0.368161 0.302394 0.263426 0.331704 0.343812 0.343963 0.352352 0.338714 0.326378 0.291172 0.286325 0.278679 0.278053 0.244258 0.243751 0.238227 0.220874 0.218755 0.249068 0.214556 0.213007 0.257669
threshold=-0.16916700508761501 -0.01863716435796552 0.024743984438811758 0.023284622269392177 0.0065369008055183959 0.0044418302925269002 0.0055773706740172161 -0.045996951752380909 -0.013683144637732505 0.0011784166516067552 -0.028087179105301247 0.025260526076868319 -0.0056837865078345285 -0.016002325487736301 -0.019315353274590979 -0.0064500995763812742 1.0000000180025095e-35 -0.006749057525818951 -0.022836400910946686 0.034333251575262839 -0.0042425815078724737 -0.0021222857273990189 0.023109093183270864 -0.027486051711620382 0.0071115122402875429 0.018673233448792636 0.019987404072136433 -0.012797619605117726 -0.014770045824996468 -0.00029935931096702428
decision_type=2 2 2 2 2 2 2 2 2 2 2 2 2 2 2 2 2 2 2 2 2 2 2 2 2 2 2 2 2 2
left_child=-1 -2 7 5 -5 6 -4 8 -3 -10 28 12 13 17 27 18 20 -12 -13 22 -17 -18 23 -14 -16 26 -25 -15 29 -9
right_child=1 2 3 4 -6 -7 -8 10 9 -11 11 15 19 14 24 16 21 -19 -20 -21 -22 -23 -24 25 -26 -27 -28 -29 -30 -31
leaf_value=-0.0029886178956884477 0.00066045533628682652 -0.0086257405741059275 0.0023023715639925182 0.00085353614834683211 -0.0071644687824035909 0.0043290412627983018 -0.0054931425563567744 -0.0046082296314685104 -0.00469847514304211 0.0037079632934182887 -0.0041847310636354534 -0.0013244070432847366 0.0041051782001980033 0.0022250233916565778 -0.0099260863470467375 -0.0083463978953659534 0.0058623830364509071 0.0034709522707594767 0.0051374585476393507 -0.0047835792534585515 -0.00087503589633287817 -0.0015069076912882537 -0.0039365086484966531 -0.00024544592255385211 -0.003978378429181046 -0.0035255928496973447 0.0050285498473655295 -0.0049304534892805601 0.0028681573561229502 0.0025011094762012365
leaf_weight=36 648 23 68 29 22 77 22 26 23 20 23 24 39 20 37 20 22 27 60 35 33 23 35 131 27 39 27 22 97 25
leaf_count=36 648 23 68 29 22 77 22 26 23 20 23 24 39 20 37 20 22 27 60 35 33 23 35 131 27 39 27 22 97 25
internal_value=-3.64625e-13 6.24073e-05 -0.000297755 0.00108341 -0.00260521 0.00220987 0.000396801 -0.00064868 -0.00351966 -0.000788504 -0.000409431 -0.000846576 -0.0015588 -0.00346913 -0.00508161 0.00096138 -0.00103562 -5.06621e-05 0.00329121 -0.000584908 -0.00369442 0.00209586 -4.26441e-05 0.000534836 -0.0074169 -0.000171983 0.000655807 -0.00152308 0.00149274 -0.00112326
internal_weight=1760 1724 1076 218 51 167 90 858 66 43 792 644 462 156 106 182 98 50 84 306 53 45 271 236 64 197 158 42 148 51
internal_count=1760 1724 1076 218 51 167 90 858 66 43 792 644 462 156 106 182 98 50 84 306 53 45 271 236 64 197 158 42 148 51
is_linear=0
shrinkage=0.05


Tree=88
num_leaves=31
num_cat=0
split_feature=269 295 241 219 96 98 10 228 239 120 115 274 168 188 133 193 255 329 130 205 309 297 325 116 156 321 297 108 136 254
split_gain=0.128656 0.204972 0.160193 0.244329 0.269296 0.272967 0.297533 0.241303 0.373357 0.300257 0.255029 0.248558 0.238417 0.210192 0.231187 0.231057 0.207838 0.205229 0.233196 0.402771 0.322328 0.315646 0.225644 0.21122 0.320001 0.20839 0.19648 0.274558 0.313026 0.280647
threshold=-0.080101316272595355 0.0098165896121127222 0.0091531947465376424 0.020245909439635612 0.039812337524817526 -0.050031342075571424 0.18107302533532046 -0.011450512570308305 -0.014776694683547377 -0.026235288895329979 0.038766108772482967 -0.0089697609086441445 -0.012306791766992285 0.0018489661034649405 -0.020435245697358089 0.012571402124976896 0.021241501530745954 -0.052654135345845045 -0.041597855326090005 -0.0029699653987304954 -0.0047126110528846986 0.065905773638186935 -0.051269230025322222 0.063290853316611065 -0.0078814277104850648 0.0080892242784350553 -0.02230178895427597 0.027696999639167524 -0.029461864929627175 -0.038463564740563637
decision_type=2 2 2 2 2 2 2 2 2 2 2 2 2 2 2 2 2 2 2 2 2 2 2 2 2 2 2 2 2 2
left_child=1 -1 17 4 5 -4 13 8 -5 -10 -9 -11 -6 14 -7 16 -16 -2 19 -19 -21 22 -20 26 -25 -22 27 28 -24 -30
right_child=2 -3 3 7 12 6 -8 10 9 11 -12 -13 -14 -15 15 -17 -18 18 21 20 25 -23 23 24 -26 -27 -28 -29 29 -31
leaf_value=-0.0041171615343126985 0.0024093577242798778 0.0015294831478968264 -0.0036194608267396695 0.0015300015339980255 -0.0059784297609613056 0.0040691457229995115 0.0064880352744904283 0.0027339434240763981 0.00014595646876841784 -0.0034158253949135541 -0.0033682270203312134 -0.011298691350966693 0.0012482299655675888 0.0033084315706981859 -0.00039778634198368173 0.0041715669305995113 -0.006119358450883911 0.0019069207761074521 0.003499877163531809 -0.0011950743547640742 -0.010676720997561581 -0.0051236567267727469 -0.0056783099076710645 0.00043999974429607394 -0.0078282385048541164 -0.0036981953703798353 0.00048398115495714062 -0.0047432221265302768 0.0047116708539937059 -0.00061597287354654001
leaf_weight=45 68 25 20 37 21 34 39 67 20 20 23 20 25 124 65 20 21 36 44 40 23 31 24 25 22 20 603 45 31 122
leaf_count=45 68 25 20 37 21 34 39 67 20 20 23 20 25 124 65 20 21 36 44 40 23 31 24 25 22 20 603 45 31 122
internal_value=6.15976e-13 -0.0021005 8.70031e-05 0.000782216 0.00152837 0.00203811 0.00241155 -0.00069014 -0.00242022 -0.00485619 0.0011745 -0.00735726 -0.0020509 0.00180934 0.000481569 -0.000669163 -0.00179491 -0.00025386 -0.000423746 -0.00250994 -0.00442568 -0.000161595 6.33477e-06 -0.000169945 -0.00343024 -0.0074309 1.57931e-05 -0.00125591 -0.000369301 0.000463484
internal_weight=1760 70 1690 556 369 323 303 187 97 60 90 40 46 264 140 106 86 1134 1066 119 83 947 916 872 47 43 825 222 177 153
internal_count=1760 70 1690 556 369 323 303 187 97 60 90 40 46 264 140 106 86 1134 1066 119 83 947 916 872 47 43 825 222 177 153
is_linear=0
shrinkage=0.05


Tree=89
num_leaves=31
num_cat=0
split_feature=215 307 190 202 294 276 297 202 158 333 251 176 103 158 319 112 221 236 121 258 292 261 318 175 311 156 244 198 249 243
split_gain=0.12416 0.307818 0.276859 0.177637 0.151265 0.175865 0.170155 0.177704 0.366493 0.183172 0.297015 0.320251 0.292726 0.250649 0.402265 0.321405 0.26149 0.253247 0.475818 0.451236 0.396672 0.284321 0.27789 0.269225 0.263213 0.314992 0.358643 0.338651 0.272849 0.262088
threshold=-0.097372736804606549 0.013810734565372499 0.01170429929596572 0.048332375660263764 0.0683472099174149 0.021173006162738546 0.073988698961723734 0.033328444486516458 0.0081029123510709643 0.019075149753528284 -0.033216816620381888 -0.02476637565510106 0.0031426322408033016 -0.014992997238595443 0.0075275971601968996 0.061575472027731781 -0.0062436556714803729 -0.0080187768475734316 0.016307147329698315 -0.0054460931223384466 0.035986318387014202 -0.017609340522486989 0.0031154040289039031 0.00078066625255146787 0.0046293535331378101 0.0026616272967103648 -0.0060690438473793252 1.0000000180025095e-35 1.0000000180025095e-35 0.0096244284923556415
decision_type=2 2 2 2 2 2 2 2 2 2 2 2 2 2 2 2 2 2 2 2 2 2 2 2 2 2 2 2 2 2
left_child=1 2 -1 4 6 -6 7 9 -9 13 11 -11 -13 14 -2 17 -17 18 20 -20 21 -15 29 -19 25 26 -25 -28 -27 -23
right_child=3 -3 -4 -5 5 -7 -8 8 -10 10 -12 12 -14 15 -16 16 -18 23 19 -21 -22 22 -24 24 -26 28 27 -29 -30 -31
leaf_value=0.0038558731041848666 -0.0005340646224625701 -0.0068031947573889869 -0.0038348421708426696 0.0035117997913747222 0.0054576864259110562 -0.00042475271378255761 -0.0038716890074409031 -0.0069059402750874009 0.0015858765279214522 -0.0067627684434964546 0.0019738404289000758 0.0027807927359721034 -0.0038325534202158455 0.0034040105774571813 0.0031761229784167408 -0.00099865369674925872 -0.0071205928829978365 0.0013918141684974221 -0.0091375394176472641 -0.0017012410703589956 -0.006017827950955297 -0.0003006204952822721 0.0022805519462765558 0.0082159289868459825 -0.0031603494239139506 0.0018578505203608545 0.0039293419414510337 -0.0042379100637679754 -0.0041126104767899964 -0.0062823822566618519
leaf_weight=25 172 23 22 37 27 24 29 27 24 21 256 44 27 60 127 37 33 273 34 51 26 47 46 21 84 31 30 22 50 30
leaf_count=25 172 23 22 37 27 24 29 27 24 21 256 44 27 60 127 37 33 273 34 51 26 47 46 21 84 31 30 22 50 30
internal_value=-7.48101e-12 -0.00206347 0.000255964 8.54693e-05 8.77591e-06 0.00268948 -7.65649e-05 -6.59753e-06 -0.00290979 9.06843e-05 0.00109816 -0.0013385 0.000265858 -0.000207955 0.00104183 -0.000635026 -0.00388471 -0.000352445 -0.00152163 -0.00467576 -0.000238843 0.000582215 -0.00079427 0.000320234 -0.000908932 0.000319114 0.00270111 0.000473966 -0.00182762 -0.00263118
internal_weight=1760 70 47 1690 1653 51 1602 1573 51 1522 348 92 71 1174 299 875 70 805 294 85 209 183 123 511 238 154 73 52 81 77
internal_count=1760 70 47 1690 1653 51 1602 1573 51 1522 348 92 71 1174 299 875 70 805 294 85 209 183 123 511 238 154 73 52 81 77
is_linear=0
shrinkage=0.05


Tree=90
num_leaves=31
num_cat=0
split_feature=310 222 303 205 173 308 306 259 101 259 306 328 306 168 330 223 146 321 83 218 184 92 291 172 284 247 185 223 202 92
split_gain=0.122262 0.268637 0.344156 0.198042 0.180698 0.34383 0.297922 0.254885 0.308411 0.230831 0.208863 0.315067 0.333579 0.242873 0.305871 0.285916 0.4216 0.322954 0.262302 0.259053 0.296801 0.247701 0.392299 0.296147 0.282689 0.244278 0.3396 0.231404 0.319477 0.255848
threshold=-0.032617567568057428 0.0078704546533877751 0.0057462279203389461 -0.0065221447116765863 -0.031484734615430186 -0.0030743514194180505 0.00060195369147955093 0.013338603989732951 0.0010956190843772696 0.0017583370490700662 0.039670767016616836 -0.0089955318008805834 0.059308830933962088 -0.022259072568941485 0.024027538013482733 -0.041179695965261158 -0.015803237565155049 -0.0079795567621928406 -0.11428313540620001 0.016188337003873173 0.012215918555320197 0.033569580644956236 -0.016320469578538676 -0.036034737808401156 0.03439423351236582 -0.0037246039136363167 -0.0014455450820447669 -0.049956432395874238 0.0065785743247317834 0.0094311275335797751
decision_type=2 2 2 2 2 2 2 2 2 2 2 2 2 2 2 2 2 2 2 2 2 2 2 2 2 2 2 2 2 2
left_child=1 3 -3 -1 5 6 -2 8 -7 -8 13 12 -12 14 27 16 -15 18 -18 21 25 24 -23 -24 -17 -21 -27 -6 29 -29
right_child=4 2 -4 -5 10 7 9 -9 -10 -11 11 -13 -14 15 -16 19 17 -19 -20 20 -22 22 23 -25 -26 26 -28 28 -30 -31
leaf_value=0.0042256266872901776 0.0039660845946534263 -0.0063509413208812484 0.0020314874442798709 0.00077830746537991104 -0.0043854252802151619 -0.01110895210433574 -0.0047948401060796553 -0.00050368065444322731 -0.0026376840108158915 0.0019945101989876659 0.0024163499543512312 0.0033295233765294635 -0.005598937234361074 0.0061118823764528237 -0.0058554608443489257 -0.00095378096581424975 -0.0070727881288621579 0.0023002288492231554 0.00010520112833806448 -0.0026323426137433241 -0.0055136866282758327 -0.0028930777273336919 -0.0027698769611084746 0.003603545544277607 0.0029142979297493762 0.0051245475129690025 -0.0013984965536093235 0.0060996574715578133 -0.0036563313295764309 -0.00035447759129216569
leaf_weight=62 34 25 24 127 33 21 31 26 22 21 27 104 25 44 39 377 20 96 35 95 43 38 21 138 54 32 53 28 31 34
leaf_count=62 34 25 24 127 33 21 31 26 22 21 27 104 25 44 39 377 20 96 35 95 43 38 21 138 54 32 53 28 31 34
internal_value=-1.1747e-12 0.00105385 -0.00224526 0.00190917 -0.000164794 -0.00178272 0.000326646 -0.00441178 -0.00677481 -0.00205299 1.86577e-05 0.00174063 -0.00143715 -0.000203165 -0.001986 7.80658e-05 0.00180498 0.000549988 -0.00250498 -0.000317643 -0.0017816 0.0002022 0.00167099 0.00276177 -0.000469149 -0.000890041 0.00105724 -0.000788311 0.000488085 0.00256029
internal_weight=1760 238 49 189 1522 155 86 69 43 52 1367 156 52 1211 165 1046 195 151 55 851 223 628 197 159 431 180 85 126 93 62
internal_count=1760 238 49 189 1522 155 86 69 43 52 1367 156 52 1211 165 1046 195 151 55 851 223 628 197 159 431 180 85 126 93 62
is_linear=0
shrinkage=0.05


Tree=91
num_leaves=31
num_cat=0
split_feature=53 0 238 128 67 210 190 316 178 121 159 334 164 108 243 335 222 151 297 87 286 143 314 93 236 284 154 113 234 329
split_gain=0.116014 0.192292 0.289667 0.320554 0.274715 0.131596 0.393959 0.312756 0.243884 0.159942 0.224187 0.291506 0.254065 0.207175 0.247064 0.188931 0.317416 0.339732 0.376468 0.275562 0.271551 0.202373 0.327423 0.292022 0.307315 0.248865 0.298094 0.29552 0.270966 0.367064
threshold=0.89587973461402759 10.942224625098026 -0.0035825523073623948 -0.0015435111786134624 1.8688348091416842 0.016315735964177121 -0.0026836943762950493 -0.00093627597210891439 -0.0015005543421208465 -0.037077887253223321 -0.015690336942980405 -0.017033797874054693 -0.0062814931481169111 0.066200005465225129 -0.042285042222858955 -0.027716190164417277 -0.0060229305116399666 0.010698155728122395 0.017193861761413239 0.005935905707386677 0.0057210979420904721 -0.0034835409823008299 0.063963395184611402 -0.032892194302659911 0.058439659183268468 0.024002899082359291 -0.024978280588384236 0.0085011833614301851 0.0029388583956530298 0.015974177498364776
decision_type=2 2 2 2 2 2 2 2 2 2 2 2 2 2 2 2 2 2 2 2 2 2 2 2 2 2 2 2 2 2
left_child=1 4 3 -3 5 9 8 -8 -7 10 11 -1 -13 14 -12 16 19 18 20 -11 -18 23 25 -17 -25 26 -23 -27 29 -28
right_child=-2 2 -4 -5 -6 6 7 -9 -10 15 13 12 -14 -15 -16 21 17 -19 -20 -21 -22 22 -24 24 -26 27 28 -29 -30 -31
leaf_value=0.0042952027427963909 0.0034525425153939674 0.0038859817462608866 -0.0075070150950480074 -0.0039046520795372706 0.0048053399225076038 -0.0095247321389615534 -0.0040898036522169908 0.0035134184688917903 -0.0017163424333557489 -0.0030915112131171757 -0.0022906758822500706 -0.0068084288084798543 -0.00015030813918105867 -0.0022985651263628492 0.0036697878760523759 0.005243590337800255 0.0026833758694637154 -0.0071240066248621494 -0.0070275085159506563 0.0021864202430197685 -0.0037350985973786848 -0.003540339818157788 -0.0063653002842329444 0.0011274976043536408 -0.0038873946828329392 0.00026149238656959214 -0.00010551652319364899 0.005407596682496847 0.0013471822323626839 -0.0045539148902002304
leaf_weight=20 24 23 21 31 30 20 21 38 20 36 20 23 38 22 133 38 45 37 23 79 26 77 22 301 34 98 184 39 175 62
leaf_count=20 24 23 21 31 30 20 21 38 20 36 20 23 38 22 133 38 45 37 23 79 26 77 22 301 34 98 184 39 175 62
internal_value=-1.3628e-12 -4.7731e-05 -0.00252419 -0.000586419 6.40897e-05 -2.31191e-05 -0.00178987 0.000807187 -0.00562054 9.1051e-05 0.00123163 -0.000943229 -0.00266075 0.00223828 0.00289064 -0.000137781 -0.00138272 -0.00306551 -0.00146801 0.000534198 0.000332949 0.000159554 -0.000368525 0.00108971 0.000618523 -0.000160763 -0.000679934 0.00172644 -0.000156772 -0.00122666
internal_weight=1760 1736 75 54 1661 1631 99 59 40 1532 256 81 61 175 153 1276 246 131 94 115 71 1030 657 373 335 635 498 137 421 246
internal_count=1760 1736 75 54 1661 1631 99 59 40 1532 256 81 61 175 153 1276 246 131 94 115 71 1030 657 373 335 635 498 137 421 246
is_linear=0
shrinkage=0.05


Tree=92
num_leaves=31
num_cat=0
split_feature=269 295 275 241 206 105 161 319 161 208 144 198 196 223 143 290 241 194 324 172 325 108 176 220 295 189 179 156 167 238
split_gain=0.111622 0.174777 0.145008 0.138607 0.217488 0.236211 0.212516 0.255497 0.239972 0.220238 0.26555 0.291237 0.235757 0.228711 0.202056 0.254772 0.193324 0.255552 0.29489 0.228488 0.206545 0.211994 0.28632 0.396965 0.251419 0.257769 0.311587 0.277699 0.266 0.34762
threshold=-0.080101316272595355 0.0098165896121127222 0.037388552866282211 0.0091531947465376424 -0.044251215021109035 -0.089640051359786185 0.00077494080566304908 -0.038755278909051442 -0.0013752989433210257 -0.0076048664842550432 0.015015951510958372 -0.0049204219250782088 0.0048784356895134719 0.0097568103013476824 -0.0085876223872953118 0.0026662142055489555 0.0033285047160046557 0.0092956791227496241 0.010067804468463913 -0.0072442202464167811 -0.051269230025322222 0.051215449334718562 -0.037269329943392056 -0.00064051319751584179 -0.03438723686644405 -0.011366661687104389 0.0029743308650252453 0.015741575639876298 -0.010851938975819106 0.045274030371390057
decision_type=2 2 2 2 2 2 2 2 2 2 2 2 2 2 2 2 2 2 2 2 2 2 2 2 2 2 2 2 2 2
left_child=1 2 -1 16 -5 -6 8 -8 9 -7 11 12 -11 -13 15 -9 20 18 19 -18 -2 22 23 -22 -24 26 27 -26 -27 -30
right_child=3 -3 -4 4 5 6 7 14 -10 10 -12 13 -14 -15 -16 -17 17 -19 -20 -21 21 -23 24 -25 25 28 -28 -29 29 -31
leaf_value=-0.0069920439925044778 0.0029796927382068879 0.0013954527126625181 -0.0012800521515309812 -0.0043916711327619852 -0.0036386381282850554 0.0032427659919975621 -0.0020615885468115184 0.0035694705497007818 -0.0044060156766877129 -0.0060756003838919465 -0.0039503644883202823 0.0053881838544606216 0.0015096413064748049 -0.00089837864506989726 0.0035321822436657963 -0.0023520862826934227 0.0010478138640199019 -0.0050936808615612492 0.0032712698787112134 -0.0055295857642176415 -0.007189600057749739 -0.0022681389412533702 0.0025785125359926407 0.00030830316273949859 -0.0015014380602432148 0.0014003631186135339 0.0046583949950672835 0.0051791431289166211 -0.0017476742263725809 0.0030786740527089154
leaf_weight=20 55 25 25 20 27 57 33 34 27 21 39 39 20 23 177 39 23 45 33 31 31 107 111 41 70 132 59 20 334 42
leaf_count=20 55 25 25 20 27 57 33 34 27 21 39 39 20 23 177 39 23 45 33 31 31 107 111 41 70 132 59 20 334 42
internal_value=-7.04654e-12 -0.00195651 -0.00381872 8.1039e-05 0.000727717 0.000918739 0.00116049 0.00207348 1.72243e-05 0.000617362 -0.000436497 0.000893997 -0.00237548 0.00305607 0.00261931 0.000405899 -0.000236027 -0.00203471 -0.000452477 -0.0027281 9.24657e-07 -0.000172077 9.49218e-05 -0.00291996 0.000377567 5.71774e-06 0.00183441 -1.68645e-05 -0.000530651 -0.00120856
internal_weight=1760 70 45 1690 556 536 509 283 226 199 142 103 41 62 250 73 1134 132 87 54 1002 947 840 72 768 657 149 90 508 376
internal_count=1760 70 45 1690 556 536 509 283 226 199 142 103 41 62 250 73 1134 132 87 54 1002 947 840 72 768 657 149 90 508 376
is_linear=0
shrinkage=0.05


Tree=93
num_leaves=31
num_cat=0
split_feature=331 304 332 170 288 287 261 314 127 246 117 133 165 267 283 7 151 276 296 306 118 232 249 142 283 275 333 230 227 146
split_gain=0.109632 0.198508 0.310816 0.268682 0.262928 0.27145 0.262548 0.249331 0.489594 0.313423 0.280062 0.233685 0.292706 0.292563 0.252813 0.270797 0.279339 0.238638 0.233001 0.226477 0.250908 0.226459 0.272504 0.224889 0.205154 0.319738 0.189388 0.220389 0.266308 0.314988
threshold=0.00052880379850644792 -0.018214432621891753 0.0077291803660763702 -0.0087891130680947133 -0.015786167359894455 0.03170733570162465 -0.02071235007258725 -0.021934794487747412 -0.039231879522355226 0.0080452718031346262 -0.078743290904460847 0.0082221586240295592 0.014547075659130394 0.019640538102557139 -0.013196323175866291 0.78903125000000018 0.012454398660224556 0.01664048520794956 -0.003794123494470805 0.014608978505600488 0.0047657520137460926 -0.024826511839992741 -0.022253545612681745 -0.0063348410615531288 -0.026131181690346023 -0.0091848219002473759 -0.061954124012834587 -0.011912983343265038 -0.05009855477334698 0.00026273904968960368
decision_type=2 2 2 2 2 2 2 2 2 2 2 2 2 2 2 2 2 2 2 2 2 2 2 2 2 2 2 2 2 2
left_child=1 2 24 -4 5 6 -3 8 -6 -10 -9 12 14 17 -12 16 19 -13 -5 20 -16 -8 -23 -24 25 -1 -2 28 -28 -30
right_child=26 4 3 18 7 -7 21 10 9 -11 11 13 -14 -15 15 -17 -18 -19 -20 -21 -22 22 23 -25 -26 -27 27 -29 29 -31
leaf_value=-0.0045457834441384138 -0.0038029226438643844 0.00027658123200616013 0.0021751222539354454 -0.00026708295379109957 -0.0092304910311386702 0.0025743450382319484 -0.00029270887002348899 -0.0047839315086603169 0.0015670110049002149 -0.0048773328264360323 0.0038632852675315613 0.0063524470143020151 -0.003545854605880438 -0.0011787211134408912 -0.0016696917375235859 -0.005716886224690825 0.0045228721150620422 0.00065121027191394367 -0.0068358181665341064 -0.0045109374769802752 0.0041501693021986754 -0.010098877839744093 0.00014531883326443759 -0.0061484152870252733 0.0039224795986186056 0.0039787543916397477 -0.0020649687570862864 8.6315330988610122e-06 0.0048298571326578152 0.00087828857447147459
leaf_weight=22 26 39 33 27 21 23 25 25 54 29 48 50 51 36 46 20 33 29 27 29 31 25 22 40 85 22 38 595 85 124
leaf_count=22 26 39 33 27 21 23 25 25 54 29 48 50 51 36 46 20 33 29 27 29 31 25 22 40 85 22 38 595 85 124
internal_value=3.62847e-12 -0.000389279 0.000930263 -0.0013793 -0.000810907 -0.00248582 -0.00325657 -0.00023036 -0.00241023 -0.000684627 0.000339255 0.000682632 -0.000152913 0.00255716 0.000683029 -0.000277048 0.000505662 0.00425959 -0.00355145 -0.000744979 0.000673369 -0.00448687 -0.00569209 -0.00391515 0.00248788 -0.000283515 0.000400042 0.000529825 0.00178533 0.00248539
internal_weight=1760 892 216 87 676 174 151 502 104 83 398 373 258 115 207 159 139 79 54 106 77 112 87 62 129 44 868 842 247 209
internal_count=1760 892 216 87 676 174 151 502 104 83 398 373 258 115 207 159 139 79 54 106 77 112 87 62 129 44 868 842 247 209
is_linear=0
shrinkage=0.05


Tree=94
num_leaves=31
num_cat=0
split_feature=95 321 303 121 264 245 190 90 173 173 233 254 244 176 115 95 279 295 295 195 307 123 246 200 93 247 157 295 199 222
split_gain=0.110966 0.126931 0.253647 0.175225 0.257815 0.233377 0.32085 0.206195 0.200254 0.19306 0.167163 0.161636 0.354413 0.184425 0.281681 0.218684 0.289896 0.215441 0.248804 0.338069 0.244888 0.239743 0.303196 0.257403 0.297423 0.247063 0.247062 0.231858 0.346117 0.308615
threshold=0.17365360044602177 -0.023526916830767276 -0.071147961168459325 0.016307147329698315 -0.018174529734214354 0.0094873115727728847 0.00088462840865266026 -0.04452802929948934 -0.0069204287668904671 0.0061092918971341432 0.038072118018290906 0.075034368967262663 -0.0052855834595942532 -0.034762576149530426 -0.032214381688151869 -0.031066069648804529 -0.00612867919722842 -0.034890244160361267 -0.010476172359653235 0.021030775710187233 0.033032320941970804 0.0030145243546895874 -0.020042637454901303 -0.0011771895876464269 0.010798527317945934 0.014064509023669543 -0.0066856199678506584 0.016096988549653291 0.016966938797298142 -0.010186212711836231
decision_type=2 2 2 2 2 2 2 2 2 2 2 2 2 2 2 2 2 2 2 2 2 2 2 2 2 2 2 2 2 2
left_child=1 2 -1 5 -5 7 -7 -4 -9 -10 -6 13 -13 14 -3 -16 -17 -15 19 20 21 23 -23 -19 26 -24 -25 -20 -29 -30
right_child=-2 11 3 4 10 6 -8 8 9 -11 -12 12 -14 17 15 16 -18 18 27 -21 -22 22 25 24 -26 -27 -28 28 29 -31
leaf_value=-0.0045204830045501394 0.0030673141430678039 -0.0067816809816285961 -0.0030966105929110203 -0.0038930369648025247 0.0030532091110944751 0.0013861186871508835 0.0089459793623536833 0.0039943715420969091 -0.0038525062486190692 0.0016484209678561332 -0.0022649369557091797 0.00082143501245549749 -0.0074587797513231639 0.0017668765562309811 0.0036838018512796791 -0.0066974372582753079 0.00028584337505024106 0.002547799722821105 0.0010119793481196762 0.0028705804884482764 -0.0065994451055303221 -0.0074704663784359582 0.0014810962785938473 4.1333334520459177e-05 0.0030016113817691805 -0.0048446755406671566 -0.0071823180428352857 4.7941948974916512e-05 0.00058742886409163481 -0.0063412653525463415
leaf_weight=21 29 25 26 37 45 32 25 58 22 58 22 28 24 154 21 23 42 51 426 38 28 32 33 20 20 29 29 292 25 45
leaf_count=21 29 25 26 37 45 32 25 58 22 58 22 28 24 154 21 23 42 51 426 38 28 32 33 20 20 29 29 292 25 45
internal_value=7.55046e-12 -5.13877e-05 0.000805241 0.00114937 -0.000543044 0.00194579 0.00470185 0.000987896 0.00175744 0.000135666 0.00130695 -0.00026539 -0.0030002 -0.000158706 -0.00211007 -0.000752044 -0.00218516 1.85456e-05 -0.000233555 -0.00151381 -0.00220227 -0.00162694 -0.00351781 -0.000145755 -0.00213664 -0.00147773 -0.00423389 0.000221359 -0.000709039 -0.00386673
internal_weight=1760 1731 346 325 104 221 57 164 138 80 67 1385 52 1333 111 86 65 1222 1068 280 242 214 94 120 69 62 49 788 362 70
internal_count=1760 1731 346 325 104 221 57 164 138 80 67 1385 52 1333 111 86 65 1222 1068 280 242 214 94 120 69 62 49 788 362 70
is_linear=0
shrinkage=0.05


Tree=95
num_leaves=31
num_cat=0
split_feature=0 4 4 61 283 171 145 210 200 153 290 83 297 285 268 133 108 246 243 315 271 215 307 190 101 315 296 157 146 320
split_gain=0.104615 0.172559 0.23666 0.272567 0.319175 0.189283 0.173455 0.153442 0.313577 0.126387 0.241183 0.38204 0.172628 0.149292 0.20924 0.160693 0.224359 0.200448 0.171275 0.152422 0.141891 0.141441 0.287161 0.235996 0.177062 0.250074 0.252846 0.287069 0.258937 0.249727
threshold=11.083556880738579 6.7833245593222182 6.6424859514441321 3.1984648276080736 0.0097696756149729704 0.0010140555446946232 -0.0053384442250615349 0.017488593858879919 -0.0019503229654605396 -0.03349362149275862 -0.0080322961028638003 -0.070658585243741398 -0.042018162653995501 0.091230965689572424 0.09938805795148388 0.049264037616069414 -0.10334829819639997 -0.12891518288634171 -0.022136957338658555 -0.025383846499903353 0.016518332988601479 -0.097372736804606549 0.013810734565372499 0.01170429929596572 -0.0031704646424097621 0.043234902659430842 0.013727255307487937 -0.03297028895692402 0.0020786362368521876 0.026617094024310187
decision_type=2 2 2 2 2 2 2 2 2 2 2 2 2 2 2 2 2 2 2 2 2 2 2 2 2 2 2 2 2 2
left_child=1 2 3 7 5 -5 -4 9 -9 10 11 -1 -12 14 15 16 -11 -18 20 -20 -17 22 23 -19 29 26 27 -26 -28 -23
right_child=-2 -3 6 4 -6 -7 -8 8 -10 13 12 -13 -14 -15 -16 18 17 21 19 -21 -22 24 -24 -25 25 -27 28 -29 -30 -31
leaf_value=-0.007983681607853484 -0.0035955844493582843 0.0046588988369330765 -0.006356817360967399 0.0082817235179245465 -0.0019400315926126812 0.0023449014519052263 -0.00034023638936164584 -0.0076243809983134268 0.0005137742529141492 -0.0042573486817612622 0.0048049758560955525 -0.0009078109196987218 -0.00059409104083386953 -0.0030796214664245355 0.0051113541238009931 0.0019837929246326286 -0.0043064732849597926 0.0035563089470379058 0.0001350456283294729 0.0046271514279945629 -0.0036440122539975815 0.001598252272822542 -0.006688787220892581 -0.0035442141562022945 0.0044865187242120394 0.0029444717958405685 -0.00042342031280518652 -0.00036621992481234138 -0.0045637275518051216 -0.00097858495495022567
leaf_weight=27 20 20 25 25 23 29 23 20 29 30 20 65 57 34 22 24 25 25 28 58 21 410 22 22 34 54 82 294 70 122
leaf_count=27 20 20 25 25 23 29 23 20 29 30 20 65 57 34 22 24 25 25 28 58 21 410 22 22 34 54 82 294 70 122
internal_value=-4.60881e-12 4.13286e-05 -1.23641e-05 8.70093e-05 0.00299253 0.00509343 -0.00347387 -5.3257e-05 -0.00280792 3.40513e-05 -0.0012564 -0.00298443 0.000808264 0.000192428 0.000275265 0.000194725 1.17551e-05 0.000122163 0.00185682 0.00316461 -0.000642516 0.00021971 -0.00197418 0.00023266 0.000361716 -0.000281474 -0.000644393 0.000136808 -0.00233014 0.00100732
internal_weight=1760 1740 1720 1672 77 54 48 1595 49 1546 169 92 77 1377 1343 1321 1190 1160 131 86 45 1135 69 47 1066 534 480 328 152 532
internal_count=1760 1740 1720 1672 77 54 48 1595 49 1546 169 92 77 1377 1343 1321 1190 1160 131 86 45 1135 69 47 1066 534 480 328 152 532
is_linear=0
shrinkage=0.05


Tree=96
num_leaves=31
num_cat=0
split_feature=53 2 334 210 193 210 113 97 93 184 214 210 244 100 99 109 8 325 265 162 245 329 327 329 304 191 196 181 298 305
split_gain=0.10324 0.148304 0.263472 0.141331 0.213331 0.117079 0.294628 0.117423 0.303414 0.243177 0.304546 0.225278 0.214772 0.185976 0.177416 0.211556 0.177147 0.167852 0.253482 0.306108 0.242937 0.238228 0.207752 0.298686 0.257165 0.221562 0.316621 0.251345 0.361173 0.251568
threshold=0.89587973461402759 5.7914775660660407 0.00086006584333669868 0.019892797530790155 0.0025935070289122997 0.017488593858879919 0.0012776356479492254 -0.033434833665323779 -0.032892194302659911 0.026894947305818345 0.0098980947653409031 0.001320366242538021 0.01324467140653344 -0.063925258443323293 0.10949914854313442 0.0020565317315389777 0.34150717703349287 0.0070994656975582786 -0.053644235463061088 -0.010761109039461488 0.018716605807882428 -0.019203692647672039 -0.037553619959911237 0.047883023482216118 -0.019480610651774793 -0.00086080091307870292 0.011574426900201195 0.012231726539942386 -0.0093229114522570163 -0.0023990910795487811
decision_type=2 2 2 2 2 2 2 2 2 2 2 2 2 2 2 2 2 2 2 2 2 2 2 2 2 2 2 2 2 2
left_child=1 3 -3 5 -5 7 -7 8 -1 10 13 -12 -13 -10 16 -16 17 18 19 -9 -20 -22 -19 24 -24 -26 27 28 -27 -30
right_child=-2 2 -4 4 -6 6 -8 14 9 -11 11 12 -14 -15 15 -17 -18 22 20 -21 21 -23 23 -25 25 26 -28 -29 29 -31
leaf_value=0.0064256701901879007 0.0032569235510891306 0.00033397084771422673 -0.0066818712886584841 0.0066338769206777219 -0.00058159473396482929 0.00079484847524473746 -0.0067709124647080902 -0.0074445104991484965 0.006692158958564203 -0.0042545853410847481 -0.0031140729982120498 0.0054150936158839612 -0.00108008862481386 0.0016462702928609881 -0.00048610712867230176 -0.0067432323724708771 -0.003500930069195521 -0.003915155523767074 0.00024870877017027954 7.7465115311114421e-05 -0.00068113774850240194 0.0035569804541799909 0.0021628034487366677 -0.0061445728786999271 0.00042123755715086497 0.0031005897963907393 0.0016530328084315574 -0.0080964397209194999 -0.0089888335950672627 -0.0012407235864719207
leaf_weight=23 24 32 23 20 21 31 22 21 21 25 62 20 35 140 35 22 36 45 483 38 45 126 100 21 165 21 35 26 20 22
leaf_count=23 24 32 23 20 21 31 22 21 21 25 62 20 35 140 35 22 36 45 483 38 45 126 100 21 165 21 35 26 20 22
internal_value=-1.0079e-11 -4.50266e-05 -0.00259993 3.85662e-05 0.00293815 -3.39233e-05 -0.00234566 4.32801e-05 0.000889157 0.000468894 0.000893667 -0.00104764 0.0012818 0.00230443 -0.0001754 -0.00290114 -4.63578e-05 6.01187e-05 0.000538939 -0.00259985 0.000822102 0.00244169 -0.000690209 -0.000336251 -2.26914e-05 -0.000778918 -0.0023759 -0.00396031 -0.00225334 -0.0049303
internal_weight=1760 1736 55 1681 41 1640 53 1587 326 303 278 117 55 161 1261 57 1204 1168 713 59 654 171 455 410 389 289 124 89 63 42
internal_count=1760 1736 55 1681 41 1640 53 1587 326 303 278 117 55 161 1261 57 1204 1168 713 59 654 171 455 410 389 289 124 89 63 42
is_linear=0
shrinkage=0.05


Tree=97
num_leaves=31
num_cat=0
split_feature=331 283 89 234 164 157 322 117 172 127 101 332 330 330 300 284 269 138 328 262 303 276 158 272 264 306 223 124 243 149
split_gain=0.0991736 0.180304 0.256849 0.237661 0.290447 0.275609 0.272241 0.259329 0.285606 0.228922 0.226404 0.254875 0.248874 0.280496 0.288352 0.223872 0.222051 0.291855 0.204316 0.19589 0.187077 0.179825 0.209405 0.230922 0.195378 0.194171 0.177724 0.171745 0.194299 0.333787
threshold=0.00052880379850644792 0.017998742120554637 -0.12968968582031024 -0.016317912135713684 0.023010342549474875 -0.0084070004562567229 -0.00045939646024684551 -0.013683906151055003 -0.0042258700927351039 -0.057438133553739272 -0.0017052085749002523 -0.0074376685107072132 0.013777299502425379 0.0025842091249663494 -0.0038323064915253297 -0.0026777462778733731 -0.017716006244963899 -0.011039163563620757 0.00058818328179259863 0.0080091771499509832 0.0056275123443627279 -0.026756742447645521 0.021323903964225305 -0.026611069405271814 -0.013780297029036621 0.023356827807604494 -0.020659111262101345 -0.076637335683273064 0.0079127291986244176 -0.05059475061768539
decision_type=2 2 2 2 2 2 2 2 2 2 2 2 2 2 2 2 2 2 2 2 2 2 2 2 2 2 2 2 2 2
left_child=1 2 -1 6 5 -5 -3 26 -9 18 21 16 13 14 -13 -16 -12 -18 -4 -6 -19 -11 23 -23 -25 -26 -7 -2 29 -29
right_child=27 3 9 4 19 7 -8 8 -10 10 11 12 -14 -15 15 -17 17 20 -20 -21 -22 22 -24 24 25 -27 -28 28 -30 -31
leaf_value=0.0029034712788416073 0.0043057466632928009 -0.0024334271149388676 -7.8825505916029222e-05 -0.00023632040652243988 0.0033317077191895809 -0.0046002182981465011 0.0040761524190505351 0.00088284187617578686 -0.0059828202578831808 0.0032058845459167584 -0.002994181838153896 -0.007656736434860663 -0.0062351716520920907 0.003037916689312884 0.0025348781643865204 -0.0035902380623987745 -0.002323641929694492 0.0075308309132233256 -0.0069888004896473954 -0.0027972492590461941 0.0013506354415464255 -0.0040683434921361152 -0.0042281855950536936 -0.0014300387744541939 0.0038633554103420821 -0.00083778966994335266 -0.011186052433082037 -0.0052186269821091133 -0.0007767779308877024 0.0010683353283087746
leaf_weight=72 27 29 20 46 32 20 36 28 33 70 27 22 33 28 26 35 23 25 23 22 24 21 23 41 82 30 21 22 296 523
leaf_count=72 27 29 20 46 32 20 36 28 33 70 27 22 33 28 26 35 23 25 23 22 24 21 23 41 82 30 21 22 296 523
internal_value=-4.52267e-13 -0.000370245 9.43839e-05 -0.00145786 -0.00230406 -0.0034493 0.00117188 -0.00489828 -0.00283137 -0.000271356 2.40372e-05 -0.00108024 -0.00242291 -0.00128953 -0.00274939 -0.000979533 0.000872721 0.00232281 -0.00377486 0.000834725 0.0045038 0.00102906 0.000255565 0.000848245 0.00152307 0.00260412 -0.00797345 0.000380482 0.000254463 0.00081455
internal_weight=1760 892 625 267 202 148 65 102 61 553 510 243 144 111 83 61 99 72 43 54 49 267 197 174 153 112 41 868 841 545
internal_count=1760 892 625 267 202 148 65 102 61 553 510 243 144 111 83 61 99 72 43 54 49 267 197 174 153 112 41 868 841 545
is_linear=0
shrinkage=0.05


Tree=98
num_leaves=31
num_cat=0
split_feature=214 278 229 293 95 184 131 307 162 226 110 287 131 159 298 161 280 241 100 197 293 287 123 216 298 305 144 143 310 292
split_gain=0.0989985 0.110775 0.132157 0.230221 0.228439 0.231261 0.21035 0.186048 0.158747 0.245561 0.301476 0.28775 0.242613 0.283757 0.223621 0.283857 0.239599 0.258132 0.197452 0.195368 0.303932 0.195048 0.189568 0.178165 0.173535 0.221786 0.29291 0.269941 0.298042 0.208835
threshold=0.35438678839621657 -0.097628482071715664 -0.070350127799813783 -0.0051050577459006664 -0.039017555687436152 0.00029303390239865233 -0.00073526929635560367 -0.0027923463602963819 0.007219250133934171 0.0022359378673749842 -0.025202874379889988 -0.021765569094230507 -0.015894028143687424 0.038280071829856925 0.018316526614133872 0.0040255838796031899 -0.035481329896087314 0.0062694019997506399 0.040344501018876544 0.0031371198424266556 0.016986743838384975 -0.065776263040405625 0.0067813782067045825 -0.02228016889952087 0.0063278055051541274 0.00080639964907426717 -0.027975497078806505 0.004502158840926686 0.0058633971252055909 -0.013207294407517181
decision_type=2 2 2 2 2 2 2 2 2 2 2 2 2 2 2 2 2 2 2 2 2 2 2 2 2 2 2 2 2 2
left_child=1 -1 3 6 -5 -6 -3 -8 21 14 -11 -12 -13 19 15 23 -17 18 -18 20 -14 -4 -16 -10 -23 26 -26 29 -29 -28
right_child=-2 2 8 4 5 -7 7 -9 9 10 11 12 13 -15 22 16 17 -19 -20 -21 -22 24 -24 -25 25 -27 27 28 -30 -31
leaf_value=-0.0032217294564125714 0.0031893129926174879 0.0075063356113704771 -0.0027596977037879136 -0.0033670983762587297 -0.00097168809584071564 0.0058239776862873925 0.0049467574649800861 -0.0010045949301425497 -0.0027611022127703544 0.0021467411308549347 0.00073001554524323542 -0.007895277700675973 -0.0067905112994568698 -0.0083232714794576178 0.0041572385033270204 -0.0070807801940563049 -0.0065556900477251757 0.0020794816794139997 -0.00039357753345169708 0.00054987270462637143 0.00019849293499386739 0.00089727400055260136 -0.0015707551036030056 0.0024493577356915919 -0.0074483015015721328 0.00072634625239171896 0.0041478708236744365 -0.0069651829915528653 0.00070070266901027598 -0.00090342504500815846
leaf_weight=27 24 22 52 37 31 21 24 29 21 37 46 29 35 20 52 22 26 35 26 48 28 611 20 75 20 185 28 32 21 76
leaf_count=27 24 22 52 37 31 21 24 29 21 37 46 29 35 20 52 22 26 35 26 48 28 611 20 75 20 185 28 32 21 76
internal_value=-7.03205e-13 -4.40919e-05 6.1107e-06 0.00135565 -0.000364061 0.00177272 0.00339638 0.00169036 -0.000137142 -0.000848713 -0.00200878 -0.00275516 -0.00375715 -0.00284108 0.000168967 -0.000672964 -0.00241905 -0.00124022 -0.00347463 -0.0018533 -0.00368429 0.000223851 0.00256613 0.00130957 0.000383301 -0.000484207 -0.00174947 -0.00102351 -0.00392776 0.000456539
internal_weight=1760 1736 1709 164 89 52 75 53 1545 520 243 206 160 131 277 205 109 87 52 111 63 1025 72 96 973 362 177 157 53 104
internal_count=1760 1736 1709 164 89 52 75 53 1545 520 243 206 160 131 277 205 109 87 52 111 63 1025 72 96 973 362 177 157 53 104
is_linear=0
shrinkage=0.05


Tree=99
num_leaves=31
num_cat=0
split_feature=0 83 183 184 65 97 93 184 214 294 8 161 124 331 188 98 278 314 127 218 238 117 138 185 11 209 333 306 218 296
split_gain=0.0958049 0.109957 0.329204 0.241044 0.10977 0.142815 0.278619 0.218218 0.28923 0.199258 0.185078 0.168627 0.177153 0.163072 0.238295 0.234594 0.214469 0.277084 0.233277 0.212257 0.217888 0.225129 0.215503 0.197952 0.196215 0.270559 0.219155 0.192223 0.193709 0.269295
threshold=11.079801248874338 0.31328894215923719 0.0032428904279886042 0.0016765685402208353 1.0000000180025095e-35 -0.033434833665323779 -0.032892194302659911 0.026894947305818345 0.0098980947653409031 -0.016973376798335375 0.34450549450549456 0.016368440800737027 -0.0093351992208028801 0.00086781931300224677 0.038316723599968086 -0.069160941704551157 0.026238586736989492 0.010896973883134469 -0.055723304629165624 0.022753944069689332 -0.056827605609932524 0.046139510265462126 0.018469267677061803 0.0028208691916281506 1.9238026124818581 0.059102577423264059 -0.061954124012834587 -0.01416746758301826 -0.0052997124514002243 0.028570021272911059
decision_type=2 2 2 2 2 2 2 2 2 2 2 2 2 2 2 2 2 2 2 2 2 2 2 2 2 2 2 2 2 2
left_child=1 4 3 -3 5 6 -1 8 11 -10 13 12 -8 14 15 -7 18 23 -17 20 22 27 -20 -18 25 -15 -26 -22 29 -29
right_child=-2 2 -4 -5 -6 10 7 -9 9 -11 -12 -13 -14 24 -16 16 17 -19 19 -21 21 -23 -24 -25 26 -27 -28 28 -30 -31
leaf_value=0.0066616080142557627 -0.0031374497921206057 0.0023123413249850275 0.0053303082013027615 -0.0049540346643577021 -0.0027765300073143511 -0.0061137878912545388 0.00082731701863499789 -0.003906358395237476 0.0027249950294693311 -0.0022055613827508163 -0.0045730093435849993 -0.00056284608080892301 0.0045669278908911865 0.00034871995216235519 0.0030621368536958471 -0.0051252670469693843 0.0049178053244720507 -0.0018164181743155828 -0.0066320402923828146 -0.0033679269386354734 0.0024891757713860754 -0.0049358784176764042 0.0002715360070578754 0.00013226778944954275 -0.004999872175976635 0.0067570741670871419 0.00033592887512147007 -0.0034252859037369496 0.0010628286624490069 0.0029805984037617845
leaf_weight=20 24 25 37 21 36 21 52 25 27 85 24 41 81 40 40 36 47 55 26 74 81 21 20 40 20 28 509 75 108 21
leaf_count=20 24 25 37 21 36 21 52 25 27 85 24 41 81 40 40 36 47 55 26 74 81 21 20 40 20 28 509 75 108 21
internal_value=4.1382e-12 4.33749e-05 0.00181922 -0.00100492 -4.57933e-05 1.50023e-05 0.000941209 0.000573338 0.00096492 -0.00101695 -0.000223392 0.0022406 0.00310482 -0.000140673 -0.000679198 -0.000918643 -0.000738017 0.000961441 -0.00126036 -0.00093375 -0.00042202 6.02987e-05 -0.00363049 0.00271756 0.000459191 0.00298745 0.000134197 0.000428438 -0.000389796 -0.002024
internal_weight=1760 1736 83 46 1653 1617 331 311 286 112 1286 174 133 1262 665 625 604 142 462 426 352 306 46 87 597 68 529 285 204 96
internal_count=1760 1736 83 46 1653 1617 331 311 286 112 1286 174 133 1262 665 625 604 142 462 426 352 306 46 87 597 68 529 285 204 96
is_linear=0
shrinkage=0.05


Tree=100
num_leaves=31
num_cat=0
split_feature=167 155 167 277 220 301 107 136 298 203 327 228 290 250 243 295 102 160 281 132 242 332 85 131 82 234 253 101 139 300
split_gain=0.0949269 0.205987 0.238843 0.21449 0.271732 0.364748 0.20467 0.24561 0.218281 0.219245 0.199897 0.218999 0.242642 0.198306 0.227937 0.21086 0.204349 0.19677 0.182865 0.18068 0.275942 0.277373 0.208429 0.19911 0.222498 0.196148 0.220486 0.187667 0.187255 0.177245
threshold=-0.010529674038119064 0.070958350514690224 0.0012978137123240998 -0.023804090514790901 -0.010257668051594969 -0.01079595141805784 0.036260812867938495 -0.030423383904870444 -0.015095209780318027 0.0034418249630864717 0.060941810534195 0.014744961085988826 -0.01010862285941067 -0.038378042281399134 -0.057283578025926839 -0.024850560888317798 0.020761743653436495 -0.0092238162948122138 0.034656520699338784 -0.0062831918502363167 -0.016889330862254522 0.017014792447229331 0.19945154158657033 -0.019081092857383943 -0.035425777345722553 0.019658814092433481 -0.010352667935010355 -0.0040566580222323647 -0.017534622835143617 -0.022623748581840439
decision_type=2 2 2 2 2 2 2 2 2 2 2 2 2 2 2 2 2 2 2 2 2 2 2 2 2 2 2 2 2 2
left_child=10 2 6 4 29 -6 7 -2 9 -9 11 19 -13 -10 -15 -16 -17 -14 -8 20 -1 25 23 28 -25 26 -22 -26 -21 -4
right_child=1 -3 3 -5 5 -7 18 8 13 -11 -12 12 17 14 15 16 -18 -19 -20 22 21 -23 -24 24 27 -27 -28 -29 -30 -31
leaf_value=0.0048678669473156341 -0.004829559465368078 -0.0049228975397494178 0.00079980734735727319 -6.8242169918330669e-05 -0.0028346495547642309 0.002875627177148891 0.002567455405369401 -0.0077529158358546823 0.0033262258786107266 -0.0014498911791707616 0.0052364507668905642 -0.00064266829542569161 -0.00046203445887104387 -0.0060351333720609548 0.0039569586496024083 -0.00014594102182085268 -0.0044501428106533637 0.0051266495596676599 -0.0025845268663639825 8.7005845271050932e-05 -0.0036217945522646639 -0.0037240971520077441 -0.0048819216831094206 0.0035170171021794284 0.0017381224331670796 0.0052411723784947153 0.0022926800214918331 -0.003775085190974289 -0.0058665433898568153 0.0065646479418501255
leaf_weight=35 51 23 20 616 48 67 61 22 31 37 22 51 21 20 24 130 35 63 24 25 26 38 34 42 29 24 40 33 28 40
leaf_count=35 51 23 20 616 48 67 61 22 31 37 22 51 21 20 24 130 35 63 24 25 26 38 34 42 29 24 40 33 28 40
internal_value=-3.93729e-12 -0.000234875 -0.000146927 0.000370605 0.00191535 0.000492207 -0.001088 -0.00162248 -0.00107545 -0.00380017 0.000574089 0.00036433 0.00207778 -0.000405625 -0.000959153 -0.000422012 -0.00105895 0.00372948 0.00111278 -0.000289103 0.000933671 -0.000142086 -0.00133262 -0.000563985 0.000707139 0.00137032 -3.72645e-05 -0.00119633 -0.00305827 0.00464303
internal_weight=1760 1249 1226 791 175 115 435 350 299 59 511 489 135 240 209 189 165 84 85 354 163 128 191 157 104 90 66 62 53 60
internal_count=1760 1249 1226 791 175 115 435 350 299 59 511 489 135 240 209 189 165 84 85 354 163 128 191 157 104 90 66 62 53 60
is_linear=0
shrinkage=0.05


Tree=101
num_leaves=31
num_cat=0
split_feature=95 321 303 121 264 190 176 115 95 279 254 244 295 295 195 230 223 164 225 117 238 238 285 295 199 222 110 108 143 132
split_gain=0.0926837 0.106182 0.216164 0.155714 0.215286 0.192406 0.140483 0.232134 0.173721 0.203383 0.160107 0.320908 0.179465 0.206993 0.280031 0.219263 0.247752 0.235442 0.25927 0.272519 0.203449 0.201174 0.197719 0.186432 0.278862 0.244451 0.191434 0.189913 0.240333 0.225111
threshold=0.17365360044602177 -0.023526916830767276 -0.071147961168459325 0.016307147329698315 -0.018174529734214354 0.019747795443176092 -0.037269329943392056 -0.027503738310276062 -0.031066069648804529 -0.0054829616814769068 0.075034368967262663 -0.0052855834595942532 -0.034890244160361267 -0.010476172359653235 0.021030775710187233 -0.054214607474695982 -0.016919327652099542 -0.00046128035562699666 -0.0072898904599169624 -0.01430286669462026 -0.02634000939089768 0.0034428743269693711 -0.021395957864763199 0.016096988549653291 0.016966938797298142 -0.010186212711836231 0.0075415276603712769 0.015380004593991603 0.0059986826353302979 -0.0360238306325803
decision_type=2 2 2 2 2 2 2 2 2 2 2 2 2 2 2 2 2 2 2 2 2 2 2 2 2 2 2 2 2 2
left_child=1 2 -1 5 -5 -4 7 -3 -9 -10 12 -12 20 14 15 -14 -17 18 -18 -20 -8 -22 -19 -15 27 -26 -27 29 -29 -25
right_child=-2 6 3 4 -6 -7 10 8 9 -11 11 -13 13 23 -16 16 17 22 19 -21 21 -23 -24 24 25 26 -28 28 -30 -31
leaf_value=-0.0041799731774344335 0.0028032701157418819 -0.0058948719499832287 0.0011327075208200121 -0.0036024439349971911 0.0011493342158857233 0.0050425424104966962 0.0046303399679500879 0.0033000718968521272 -0.0060886077198665589 0.00014062923105723855 0.00075266318661826 -0.0072181509240813874 0.0024330986104905607 0.00090554218360244538 0.0026135888407129403 -0.0058626210690073842 0.0010396359468965481 0.0045940143603365865 -0.0010125056159897494 -0.0075562679958416203 -0.0025049996499374914 0.0019905952887615728 -0.0011121996159162669 -0.0053064287799106059 0.00049543042946606876 -0.0091574011947072684 -0.0026205261325230825 0.0030656718107218103 -0.0017797078333190971 -0.0002566795453288886
leaf_weight=21 29 28 183 37 67 38 41 21 20 38 28 23 25 430 38 44 24 20 26 41 37 76 63 26 25 21 24 83 37 146
leaf_count=21 29 28 183 37 67 38 41 21 20 38 28 23 25 430 38 44 24 20 26 41 37 76 63 26 25 21 24 83 37 146
internal_value=2.85034e-12 -4.69641e-05 0.000736525 0.00105421 -0.000541202 0.00180499 -0.000242695 -0.00198302 -0.000596541 -0.00200738 -9.69869e-05 -0.00284202 1.71097e-05 -0.000211976 -0.00137787 -0.00200205 -0.00251066 -0.00166304 -0.00341957 -0.0050169 0.00161327 0.000518586 0.000262792 0.000201679 -0.000634401 -0.00346875 -0.00567107 4.50658e-05 0.00157168 -0.00102001
internal_weight=1760 1731 346 325 104 221 1385 107 79 58 1278 51 1227 1073 281 243 218 174 91 67 154 113 83 792 362 70 45 292 120 172
internal_count=1760 1731 346 325 104 221 1385 107 79 58 1278 51 1227 1073 281 243 218 174 91 67 154 113 83 792 362 70 45 292 120 172
is_linear=0
shrinkage=0.05


Tree=102
num_leaves=31
num_cat=0
split_feature=104 104 208 196 189 144 296 251 328 315 261 261 309 110 300 151 176 300 326 217 256 123 235 19 19 300 208 221 103 84
split_gain=0.088296 0.234498 0.230981 0.213566 0.204969 0.145948 0.155132 0.142172 0.304608 0.307633 0.213501 0.236559 0.269752 0.354809 0.261561 0.257278 0.235937 0.215269 0.214187 0.298885 0.26214 0.215499 0.236273 0.206265 0.263269 0.210028 0.198269 0.196761 0.20497 0.196723
threshold=0.063018411514672495 0.077910243055603526 -0.0091914114680094125 0.0099377021891155059 -0.0038168490662066983 -0.013006303473177284 0.0091569635688822804 0.0083661740080399651 0.016047551191410537 -0.024499045616417744 0.0032625273977240367 0.018734233131276104 -0.017044569497838044 0.0038135520867299149 -0.026498792285771729 0.0071051467375928103 -0.020417935147411512 0.012895423875161164 0.014098859786899258 0.018289390349996219 0.004028233230447 -0.0031373588225240196 -0.0015369720361272808 26.700617283950621 23.668627450980399 -0.014356585868638657 -0.0063570639026002797 -0.05411011237939118 0.083916880834585525 0.28188105730462559
decision_type=2 2 2 2 2 2 2 2 2 2 2 2 2 2 2 2 2 2 2 2 2 2 2 2 2 2 2 2 2 2
left_child=7 3 -3 4 -2 -4 -7 10 23 -10 -1 12 13 -12 15 -13 -16 -14 19 21 -21 -18 -23 24 25 26 -9 -27 29 -29
right_child=1 2 5 -5 -6 6 -8 8 9 -11 11 14 17 -15 16 -17 18 -19 -20 20 -22 22 -24 -25 -26 27 -28 28 -30 -31
leaf_value=0.0008670237774179787 0.0053725264079514008 -0.0039560176650411455 0.0036538072575543392 0.0076801998913288124 -0.001068111601647009 0.0019594484999871406 -0.0024455081387536556 0.0013393972734255452 -0.0084063457546844373 -0.0018252606419643953 -0.0007217423883654799 0.0062123986446584413 0.0004505999040665086 -0.009152369727738776 -0.0041871499563733653 -0.00086707941788647855 0.0040049236001712942 -0.0039479738419266565 0.0029177982830019163 -3.1507025351342948e-05 -0.0073594864099644696 -0.0043919004827599837 0.0019591590162235661 0.0046174615917896683 -0.0059443056955933576 0.0045058195355037849 -0.0037560742433803782 0.00037343290963757749 0.0047582786424424164 -0.0039166492562799247
leaf_weight=559 21 32 33 20 30 39 41 28 21 115 24 33 97 26 35 21 35 39 55 23 26 27 32 22 20 30 60 162 22 32
leaf_count=559 21 32 33 20 30 39 41 28 21 115 24 33 97 26 35 21 35 39 55 23 26 27 32 22 20 30 60 162 22 32
internal_value=-3.83476e-12 0.000946849 -0.00020596 0.00330118 0.00158392 0.000856003 -0.000298092 -0.000132461 -0.000813636 -0.00284146 0.000205486 -0.00057633 -0.0019653 -0.00510567 0.00032384 0.00345927 -0.000402826 -0.000810756 0.00026612 -0.000753757 -0.00391982 0.000896639 -0.000947258 -8.01681e-05 -0.000372111 -3.84469e-05 -0.00213479 0.000711464 0.00018447 -0.00033421
internal_weight=1760 216 145 71 51 113 80 1544 512 136 1032 473 186 50 287 54 233 136 198 143 49 94 59 376 354 334 88 246 216 194
internal_count=1760 216 145 71 51 113 80 1544 512 136 1032 473 186 50 287 54 233 136 198 143 49 94 59 376 354 334 88 246 216 194
is_linear=0
shrinkage=0.05


Tree=103
num_leaves=31
num_cat=0
split_feature=167 155 167 289 167 328 212 235 129 319 277 220 301 331 327 228 290 160 220 207 152 222 248 130 159 146 315 137 190 308
split_gain=0.0891209 0.176369 0.203161 0.204037 0.224685 0.206036 0.199967 0.215081 0.326338 0.32447 0.186084 0.237798 0.326053 0.183446 0.174315 0.190142 0.206175 0.171516 0.169574 0.179837 0.193352 0.222098 0.19527 0.183492 0.180307 0.168233 0.160974 0.16064 0.250542 0.201553
threshold=-0.010529674038119064 0.067737428685826023 0.0012978137123240998 -0.016041837026874391 -0.00019202371013745938 -0.00049766901276956054 0.12413070348036852 0.022864985736680707 0.021689451913224297 0.018175278608558602 -0.023804090514790901 -0.010257668051594969 -0.01079595141805784 -0.020845000565973108 0.060941810534195 0.014744961085988826 -0.01010862285941067 -0.0092238162948122138 -0.097131209663421689 -0.03497639397324407 -0.0059166742684704848 0.0071793793656270725 0.0037260948355240828 -0.029217034938320265 -0.0023505931954333004 0.001812270611908871 -0.0159070835583956 0.027718322141658355 -0.014891943226944229 0.0044779404683224474
decision_type=2 2 2 2 2 2 2 2 2 2 2 2 2 2 2 2 2 2 2 2 2 2 2 2 2 2 2 2 2 2
left_child=14 2 3 4 5 -2 7 8 9 13 11 -4 -13 -5 15 18 -17 -18 -1 -20 21 22 -21 -22 -24 -14 -9 -12 -29 -30
right_child=1 -3 10 6 -6 -7 -8 26 -10 -11 27 12 25 -15 -16 16 17 -19 19 20 23 -23 24 -25 -26 -27 -28 28 29 -31
leaf_value=-0.0035522539594343735 0.0041749417432583869 -0.0043025727321107229 0.0043264059722423554 -0.006594636165536941 -0.0038955929211806507 -0.00071775698914932902 -0.0049925259696558498 -0.0031522815814241769 -0.0066488710020414805 0.0039240701858384106 -0.00043352811061334658 -0.0027020492783776718 0.0050218184258685348 -0.0014096230997077738 0.0049100673275957393 -0.00055074717589270543 -0.00043381287361539552 0.0047839171938701642 -0.0043581109757291243 0.000431294533280799 -0.001620074166488406 0.0026661719211066763 -0.0078366937787948364 0.0023481146848835324 -0.0019440690849852915 -3.1155329422965169e-06 0.0019183265148765513 -0.0029864033472470266 0.005251886612839169 0.00019283056978435656
leaf_weight=35 48 26 60 20 20 39 39 20 33 26 513 48 36 116 22 51 21 63 21 39 37 30 21 137 34 31 72 22 45 35
leaf_count=35 48 26 60 20 20 39 39 20 33 26 513 48 36 116 22 51 21 63 21 39 37 30 21 137 34 31 72 22 45 35
internal_value=-7.97544e-12 -0.000227579 -0.000140948 -0.0010114 0.00088311 0.00198166 -0.00163322 -0.00117673 -0.0021169 -0.00119372 0.000336149 0.00177471 0.000443396 -0.00217213 0.000556256 0.000360378 0.00195695 0.00347948 -0.000248485 0.000113998 0.000429147 -0.00107954 -0.00227498 0.0015043 -0.00419398 0.00269685 0.00081602 -7.31981e-05 0.00173905 0.00303855
internal_weight=1760 1249 1223 433 107 87 326 287 195 162 790 175 115 136 511 489 135 84 354 319 298 124 94 174 55 67 92 615 102 80
internal_count=1760 1249 1223 433 107 87 326 287 195 162 790 175 115 136 511 489 135 84 354 319 298 124 94 174 55 67 92 615 102 80
is_linear=0
shrinkage=0.05


Tree=104
num_leaves=31
num_cat=0
split_feature=95 195 318 86 203 11 165 319 149 133 199 165 165 334 11 293 229 236 8 132 104 285 155 118 116 252 261 157 273 104
split_gain=0.0870875 0.0967777 0.224851 0.236134 0.158045 0.217373 0.155908 0.161481 0.172989 0.154675 0.168117 0.148668 0.262245 0.233334 0.214152 0.205989 0.268307 0.235568 0.22848 0.226039 0.21625 0.248357 0.223449 0.204777 0.241195 0.235908 0.229536 0.281392 0.221669 0.242733
threshold=0.17365360044602177 0.010789426783839975 0.018931577634521395 -0.068073820407882124 -0.0065557636405169676 3.4822327044025161 -0.019827516878854538 -0.026186066704429928 0.0035700894993847504 -0.012972456734175979 -0.0015170827756257161 -0.00041115744485134667 0.0013743296167589251 -0.0407037105932887 2.4431524547803622 -0.0051050577459006664 -0.080706050149813593 0.008526202251034452 0.00025402393393974588 0.0043586959814885329 0.010028539143657709 0.033271890927987963 -0.0029948814407383122 -0.0060736009964929292 -0.019316077405529011 -0.014383172065042166 0.0024543735598124912 0.017678974652902572 -0.0019815680417447621 -0.026800274392501957
decision_type=2 2 2 2 2 2 2 2 2 2 2 2 2 2 2 2 2 2 2 2 2 2 2 2 2 2 2 2 2 2
left_child=1 11 6 -4 -5 -6 9 8 -8 -3 -11 13 14 -1 -13 16 -14 20 19 -19 21 -18 -22 28 -25 -26 27 -27 29 -17
right_child=-2 2 3 4 5 -7 7 -9 -10 10 -12 12 15 -15 -16 23 17 18 -20 -21 22 -23 -24 24 25 26 -28 -29 -30 -31
leaf_value=0.0039281404227949684 0.0027173224322754761 0.0025831675855442883 -0.0060636094704802548 0.0021110571408089959 0.00032036416698993448 -0.0059892995881714994 -0.002894123848250274 0.0025273440479294451 0.0029461343390201882 0.00088292883364888641 -0.0048863047854475943 -0.0009587295066254835 0.0058363076553426011 2.7103701315774559e-05 -0.0069330012394736218 -0.0014475693529540743 0.0013444015261484311 0.00039186339080333712 -0.0008315007475767892 0.0066948899378379183 -0.00015404848381876947 -0.0047652209842843673 -0.0072445993795990943 0.0028014426439767707 -0.0044399236816735493 0.0055840818725269416 -0.0025687347362852758 -0.0018215955928494428 -0.00095651012033576505 -0.0077573506627231842
leaf_weight=41 29 24 21 42 39 21 32 198 21 23 28 30 22 589 30 27 80 25 43 33 20 21 25 48 42 29 45 23 74 35
leaf_count=41 29 24 21 42 39 21 32 198 21 23 28 30 22 589 30 27 80 25 43 33 20 21 25 48 42 29 45 23 74 35
internal_value=-2.90398e-12 -4.55242e-05 0.000586203 -0.00123539 -0.00024134 -0.00188802 0.00127349 0.0018712 -0.000580059 -0.000726842 -0.00228449 -0.000266777 -0.000796051 0.000280981 -0.00394587 -0.000476814 0.0005452 7.39269e-05 0.00193043 0.00397807 -0.00121037 7.4084e-05 -0.00409324 -0.00132796 -0.000254326 -0.00130956 4.5862e-05 0.00230849 -0.00280422 -0.00500954
internal_weight=1760 1731 449 123 102 60 326 251 53 75 51 1282 652 630 60 592 269 247 101 58 146 101 45 323 187 139 97 52 136 62
internal_count=1760 1731 449 123 102 60 326 251 53 75 51 1282 652 630 60 592 269 247 101 58 146 101 45 323 187 139 97 52 136 62
is_linear=0
shrinkage=0.05


Tree=105
num_leaves=31
num_cat=0
split_feature=148 314 157 189 168 141 167 220 181 9 127 202 324 249 289 138 127 199 302 166 119 315 148 137 329 226 247 239 148 148
split_gain=0.0855518 0.134975 0.113334 0.178388 0.255483 0.114216 0.113488 0.193779 0.261853 0.202485 0.227878 0.25323 0.232436 0.200998 0.186377 0.167938 0.163143 0.149433 0.185572 0.260545 0.178571 0.166812 0.215864 0.235295 0.25705 0.191214 0.190757 0.161561 0.158671 0.172778
threshold=0.066172815483938871 0.0077889044071773198 -0.040361115540246705 0.0060008406269932849 0.0084755798326279167 0.005077263136247092 -0.010529674038119064 -0.097131209663421689 0.004074026469507607 0.019586530264279627 0.046375359323957754 -0.0099956943547172324 0.010067804468463913 0.0045526774285048381 0.012579233649074878 -0.03622191944183905 -0.10735765767611108 -0.025372769010686743 -0.041315563077653682 0.0098212163929917457 0.0070330058494907869 0.064511351684244225 -0.023950599427214937 -0.001951345169793555 0.0023946752399618388 -0.0023602454805474655 -0.095264837414817852 0.0082057063596773262 -0.010665154079298312 -0.017349156561812514
decision_type=2 2 2 2 2 2 2 2 2 2 2 2 2 2 2 2 2 2 2 2 2 2 2 2 2 2 2 2 2 2
left_child=2 -2 3 4 -1 -5 7 8 -4 10 11 13 14 -9 -13 -11 -8 27 19 20 -19 22 23 25 -25 -20 -24 -18 29 -28
right_child=1 -3 6 5 -6 -7 16 9 -10 15 -12 12 -14 -15 -16 -17 17 18 21 -21 -22 -23 26 24 -26 -27 28 -29 -30 -31
leaf_value=-0.0030008625213962959 0.0006049302658842256 -0.0050640098107535211 0.0010801301659084858 0.0012277852430438193 0.0031526573839777659 0.0057916083662160516 0.0039423376237126915 -0.0065361003810539848 -0.0063992595977403911 -0.0013868716815786978 -0.0048943986582225601 0.0023886484584933068 0.0051015219021150297 0.00031753569922369465 -0.0022780183854047213 0.002591211274810358 0.0024611901327776893 0.0013994215625072167 -0.0030574997839317402 -0.0064861264477874478 -0.0045231225225143131 0.0035560630835019627 -0.0048711632999281088 -0.0077044341567670928 -0.0014151199526774387 0.0019654137600446119 -0.00060871345800302568 -0.0017691028533473371 -0.0004091950424998681 0.0028373428202691934
leaf_weight=37 21 21 25 26 31 29 22 20 22 31 23 46 34 23 40 184 83 35 36 31 20 26 21 32 33 40 62 31 587 88
leaf_count=37 21 21 25 26 31 29 22 20 22 31 23 46 34 23 40 184 83 35 36 31 20 26 21 32 33 40 62 31 587 88
internal_value=-9.69749e-13 -0.00222954 5.45056e-05 0.00151691 -0.000195581 0.00363416 -5.82689e-05 0.000616581 -0.00242086 0.000972591 -0.000235382 0.000422025 0.00160174 -0.0028702 0.000218106 0.00201763 -0.000321855 -0.000405243 -0.000598749 -0.00282038 -0.000754231 -0.000392197 -0.000506385 -0.0023028 -0.0045114 -0.000413861 -0.000172224 0.00131085 -3.83332e-05 0.00141297
internal_weight=1760 42 1718 123 68 55 1595 448 47 401 186 163 120 43 86 215 1147 1125 1011 86 55 925 899 141 65 76 758 114 737 150
internal_count=1760 42 1718 123 68 55 1595 448 47 401 186 163 120 43 86 215 1147 1125 1011 86 55 925 899 141 65 76 758 114 737 150
is_linear=0
shrinkage=0.05


Tree=106
num_leaves=31
num_cat=0
split_feature=182 144 299 173 210 287 226 146 229 295 105 115 169 237 266 163 170 189 107 277 331 331 332 196 275 147 89 287 295 180
split_gain=0.0834685 0.268925 0.210458 0.214729 0.207415 0.226139 0.250909 0.2034 0.203333 0.212619 0.207765 0.206887 0.270284 0.19693 0.245663 0.217685 0.204041 0.202322 0.180782 0.174379 0.235827 0.293385 0.182244 0.27307 0.155203 0.238519 0.185833 0.218016 0.160221 0.16118
threshold=-0.0014306878517626102 0.042131559556815475 0.047345460264520585 0.0098821248077123666 0.01847208163130485 0.0390716357274331 0.028026299190731123 0.0039966790426828889 0.030944648729957135 -0.034890244160361267 -0.039397299299457823 -0.008306790462790304 0.028676256808250242 0.0053988400364985154 0.023146737382394547 -0.0060954179838113541 0.033306341434612557 -0.0045369940023941473 -0.08803916586231772 -0.0062389020277456922 -0.021348718976727601 -0.029266232737590738 -0.029547023719069931 0.0056139282214170147 -0.024826994179031985 0.00078327834353851154 -0.06708024126197977 -0.0085163461434087807 -0.0065317275247566845 -0.0038768473232724623
decision_type=2 2 2 2 2 2 2 2 2 2 2 2 2 2 2 2 2 2 2 2 2 2 2 2 2 2 2 2 2 2
left_child=1 4 18 -4 5 8 7 -7 11 -10 -11 12 -1 16 15 -15 17 -13 -2 20 21 -20 23 -21 -22 26 -26 -28 -27 -30
right_child=2 -3 3 -5 -6 6 -8 -9 9 10 -12 13 -14 14 -16 -17 -18 -19 19 22 24 -23 -24 -25 25 28 27 -29 29 -31
leaf_value=0.0026000983964463973 0.0032676389943318146 -0.0025980231595315057 -0.0056411005246142544 -1.1937099770875648e-05 0.0054500316708899019 0.0072450703984109814 -0.00067834109837760137 0.00092418080195784576 0.0024242490455508234 -0.0057475836662989532 -0.00091192812161070523 0.0037404321904602003 -0.0023309605393671629 0.0028993125697265249 -0.0065291698171716667 -0.0025164945429423827 -0.0035081241997128622 -1.0684975258418885e-05 0.00021477365125046702 -0.0003960024048056867 0.003386193736796893 -0.006735613652960059 -0.00047705429951983881 -0.0069154869283324693 0.005671852032236498 -0.0037035856705379525 -0.0022592395025816179 0.0031899806691540614 0.0039773336899954648 -0.0014559150064507357
leaf_weight=176 38 69 36 32 22 35 31 20 25 36 58 59 33 28 23 55 24 92 49 36 67 22 462 29 29 38 31 45 21 39
leaf_count=176 38 69 36 32 22 35 31 20 25 36 58 59 33 28 23 55 24 92 49 36 67 22 462 29 29 38 31 45 21 39
internal_value=3.83228e-12 0.000383304 -0.000309319 -0.00299208 0.00067021 0.000518906 0.00291898 0.00494657 0.000179979 -0.00167394 -0.00276388 0.000630216 0.00182151 -0.000255836 -0.00195658 -0.000689475 0.000774329 0.00145498 -0.000107964 -0.000255744 0.000625275 -0.00193887 -0.000825815 -0.0033047 0.00129955 0.000610855 0.00226663 0.000967272 -0.00116319 0.000445722
internal_weight=1760 786 974 68 717 695 86 55 609 119 94 490 209 281 106 83 175 151 906 868 341 71 527 65 270 203 105 76 98 60
internal_count=1760 786 974 68 717 695 86 55 609 119 94 490 209 281 106 83 175 151 906 868 341 71 527 65 270 203 105 76 98 60
is_linear=0
shrinkage=0.05


Tree=107
num_leaves=31
num_cat=0
split_feature=94 135 251 312 94 213 234 105 270 303 287 270 149 304 265 52 91 121 90 288 167 291 327 302 305 92 250 271 248 230
split_gain=0.0815456 0.149606 0.157094 0.132603 0.103264 0.218934 0.201516 0.18763 0.178737 0.177202 0.221083 0.171153 0.169294 0.136784 0.196436 0.252106 0.220411 0.27921 0.209502 0.201915 0.199093 0.188477 0.179163 0.2153 0.229887 0.182187 0.201356 0.181723 0.231535 0.209433
threshold=0.12046229974478541 0.015567539767916761 -0.026713158490845011 -0.0052200693946911651 0.05688540417620213 0.16972278479327821 0.0079897613734554399 0.0054912721030433709 0.030179662592707577 0.015269027029143662 0.015950976929905773 0.0095760268470909092 0.0035700894993847504 -0.019480610651774793 -0.02112990763841836 1.0000000180025095e-35 -0.036485422574938656 0.0011090265322600246 -0.0015761981174371767 -0.021902533144612043 -0.0081237777766361308 0.047007025563905305 -0.010733016805743449 -0.0032696580043561998 0.034762299237395045 -0.010078241948604677 -0.021065217239674743 -0.011856407445409842 0.0073940083673573204 0.036357614702836126
decision_type=2 2 2 2 2 2 2 2 2 2 2 2 2 2 2 2 2 2 2 2 2 2 2 2 2 2 2 2 2 2
left_child=4 3 -3 -2 13 6 8 11 9 10 -6 -8 -9 -1 15 16 17 -15 19 -18 -16 22 25 27 -25 -22 -27 28 -24 -29
right_child=1 2 -4 -5 5 -7 7 12 -10 -11 -12 -13 -14 14 20 -17 18 -19 -20 -21 21 -23 23 24 -26 26 -28 29 -30 -31
leaf_value=0.00095300723383367038 -0.00019360727112923218 -0.0035269683640864165 0.0019734975323081015 0.0040888732527473983 -0.0068731694768827695 -0.0056686924021367149 0.00095029570385003867 0.00083333072654003741 0.0016578711564831723 -1.8219239427708091e-05 -0.00060459500739604914 -0.0044117036868225445 0.0068129678134573636 -0.007179916889539787 0.0014192789301497048 -0.0064992814367129045 -0.0047664369485573843 -0.00056213837406421841 0.0020052588097751139 -2.2481935719648999e-05 0.0036139459527012975 -0.0041831404560556014 -0.0025433817842545419 0.0010742603541636787 -0.0043728594366588044 -0.00356835559837886 0.0014005527559978268 -0.0042911059976544945 0.0046123749879188837 0.00088830618979409348
leaf_weight=336 28 27 25 51 39 23 46 29 26 32 22 22 20 28 233 22 32 37 75 75 55 30 26 162 22 28 75 89 20 25
leaf_count=336 28 27 25 51 39 23 46 29 26 32 22 22 20 28 233 22 32 37 75 75 55 30 26 162 22 28 75 89 20 25
internal_value=3.79507e-13 0.00120016 -0.000882514 0.00257103 -9.65137e-05 -0.00101209 -0.000558267 0.000915231 -0.002007 -0.00303159 -0.00461237 -0.000784469 0.003274 7.65767e-05 -0.000208221 -0.0013704 -0.000913581 -0.00341287 -2.09765e-05 -0.00144123 0.000200442 -0.000333371 -0.000103306 -0.000743471 0.000422974 0.00129047 4.97816e-05 -0.00208488 0.000567817 -0.00315527
internal_weight=1760 131 52 79 1629 259 236 117 119 93 61 68 49 1370 1034 269 247 65 182 107 765 532 502 344 184 158 103 160 46 114
internal_count=1760 131 52 79 1629 259 236 117 119 93 61 68 49 1370 1034 269 247 65 182 107 765 532 502 344 184 158 103 160 46 114
is_linear=0
shrinkage=0.05


Tree=108
num_leaves=31
num_cat=0
split_feature=294 294 53 0 252 242 61 330 207 210 274 249 95 95 81 279 243 250 307 118 115 136 164 182 225 334 150 326 311 145
split_gain=0.080845 0.13688 0.0881496 0.114432 0.198432 0.180162 0.174401 0.218228 0.158271 0.0984274 0.210036 0.0921897 0.197896 0.18967 0.202747 0.209048 0.279156 0.20594 0.189315 0.144244 0.155371 0.295415 0.161507 0.23404 0.22881 0.305741 0.357131 0.204619 0.373571 0.209243
threshold=0.0683472099174149 0.091606724402094206 0.89587973461402759 10.916273326314245 -0.0070229764738403214 0.003372721063695093 3.2769667020129059 0.0058477693740175158 0.0025435717175557268 0.017488593858879919 0.0039841073932624467 -0.036561092409454703 0.15109115118472352 0.043294317476863832 -0.50417404817943212 0.010416765115372978 -0.058849782129412866 0.015407140716310974 0.0059676366093752735 0.052585715190148367 0.052315303652967611 0.0389510654046301 -0.0042911053015390671 -0.015400056924589329 0.012757607296086758 -0.0024417552885447123 0.0035479138975355127 -0.0052593251399950568 0.0084201002574244531 -0.0004684936740398516
decision_type=2 2 2 2 2 2 2 2 2 2 2 2 2 2 2 2 2 2 2 2 2 2 2 2 2 2 2 2 2 2
left_child=2 -2 3 6 -5 -6 9 8 -8 11 -11 13 19 14 -1 16 -16 -18 -19 20 22 -22 23 -13 25 26 -25 -26 29 -29
right_child=1 -3 -4 4 5 -7 7 -9 -10 10 -12 12 -14 -15 15 -17 17 18 -20 -21 21 -23 -24 24 27 -27 -28 28 -30 -31
leaf_value=0.0032864287249086536 0.0041563148478356501 -0.00090975737196761965 0.0030141693767686581 -0.0049186581519968589 -0.0027054982259869576 0.0035765472042839975 -0.0024929414127572358 0.0065807889046316792 0.0036527304351329803 -0.0049451738595962524 0.0016697652172297239 0.00113646234663275 0.0038946641879567113 -0.0036741880434565249 0.0024957533680135383 0.0016391920633086901 -0.0063311854075338396 0.0015559912345801982 -0.0045378472097218035 0.0028367719939772296 -0.0031706839358305624 0.0034366882051385587 0.00062114890468926542 -0.00034017361071892084 -0.0005484947640297833 0.0014333350305112567 -0.0077602601066852619 -0.0050889145485275705 -0.010379866821070512 0.0013751626125581208
leaf_weight=34 30 24 23 33 25 21 22 22 20 30 20 130 34 50 25 53 37 26 25 44 87 21 622 50 48 107 24 31 21 21
leaf_count=34 30 24 23 33 25 21 22 22 20 30 20 130 34 50 25 53 37 26 25 44 87 21 622 50 48 107 24 31 21 21
internal_value=2.0412e-12 0.00190473 -6.02903e-05 -0.000102306 -0.00196007 0.000162392 -1.08077e-05 0.00254668 0.000433569 -0.000117093 -0.0022992 -4.38677e-05 0.000132727 -0.000919776 -0.000231173 -0.000951646 -0.00216682 -0.00349141 -0.00143118 2.66689e-05 -7.97378e-05 -0.00188592 0.000105336 -0.00063734 -0.0014009 -0.000275625 -0.00274669 -0.00308416 -0.00475144 -0.00247842
internal_weight=1760 54 1706 1683 79 46 1604 64 42 1540 50 1490 1240 250 200 166 113 88 51 1206 1162 108 1054 432 302 181 74 121 73 52
internal_count=1760 54 1706 1683 79 46 1604 64 42 1540 50 1490 1240 250 200 166 113 88 51 1206 1162 108 1054 432 302 181 74 121 73 52
is_linear=0
shrinkage=0.05


Tree=109
num_leaves=31
num_cat=0
split_feature=215 253 274 202 294 276 202 148 264 289 127 90 181 181 158 96 323 227 90 89 319 174 258 249 246 220 309 205 243 189
split_gain=0.0811878 0.184021 0.271477 0.131545 0.0949062 0.123524 0.120834 0.11207 0.21134 0.12428 0.283198 0.259254 0.156512 0.180438 0.173632 0.214758 0.152021 0.132924 0.176568 0.137293 0.142699 0.22975 0.208931 0.189053 0.220423 0.16987 0.165368 0.15903 0.152925 0.141413
threshold=-0.097372736804606549 0.011981910644082567 0.0067618381844173807 0.048332375660263764 0.0683472099174149 0.021173006162738546 0.036575370335600106 0.058694756047227965 -0.017740742084599855 0.056082845317907797 0.0077717423759241311 -0.01942131592962856 0.028272896854705649 0.025159812834114045 -0.014842779855504303 -0.0055425774158474441 0.0024930457449399597 -0.074458154452822597 -0.0093368063030875494 -0.15204387449824089 0.026974251791884566 0.028419851672747579 0.024366764649644886 -0.031470616447066675 0.028883437400965495 -0.15840670426582315 -0.010177698056337598 -0.0025788475065976978 0.09504498070717797 -0.0046917580060810244
decision_type=2 2 2 2 2 2 2 2 2 2 2 2 2 2 2 2 2 2 2 2 2 2 2 2 2 2 2 2 2 2
left_child=1 2 -1 4 6 -6 7 9 -9 12 11 -11 13 17 -14 16 -16 18 -2 -19 21 25 27 -22 26 -21 -25 -23 29 -27
right_child=3 -3 -4 -5 5 -7 -8 8 -10 10 -12 -13 14 -15 15 -17 -18 19 -20 20 23 22 -24 24 -26 28 -28 -29 -30 -31
leaf_value=-0.0073920833756742277 -0.0050849808113915583 0.0016663839754003746 0.00047093460203281471 0.0030176064954257282 0.0044464702459259169 -0.00048348202805451978 -0.0031061247711477338 0.00036533248018134727 -0.0058782588035683151 -1.3802355776230494e-05 0.0013245454418384249 -0.0073085233954520061 0.0037626926991894531 -0.0042129362933337692 -0.0051555245395072486 0.0021966343506465893 0.00039860483583262457 0.0023329359615066399 -0.00020739955065602608 -0.0039098653512505384 -0.0022007361375566185 0.0015580190560565545 -0.0072204792266711594 -0.0015717944932954486 0.0055299111333600177 0.001306732351502699 0.0027016077292500995 -0.0039721374226456439 -0.003821231206150159 -0.00014340769136811233
leaf_weight=23 28 26 21 37 27 24 32 33 23 21 42 29 60 25 22 74 28 72 55 26 29 26 20 38 37 246 56 26 23 531
leaf_count=23 28 26 21 37 27 24 32 33 23 21 42 29 60 25 22 74 28 72 55 26 29 26 20 38 37 246 56 26 23 531
internal_value=7.23916e-12 -0.0016686 -0.00363928 6.91138e-05 3.11608e-06 0.00212649 -6.44821e-05 -2.48679e-06 -0.002199 7.87581e-05 -0.00170224 -0.00424474 0.000193984 -8.24399e-06 0.00155463 0.000486212 -0.00204521 7.8415e-05 -0.00185285 0.000220269 7.64957e-05 -0.000168613 -0.00287745 0.00145217 0.00226083 6.75083e-05 0.000974062 -0.00120706 0.000196773 0.00031571
internal_weight=1760 70 44 1690 1653 51 1602 1570 56 1514 92 50 1422 1238 184 124 50 1213 83 1130 1058 898 72 160 131 826 94 52 800 777
internal_count=1760 70 44 1690 1653 51 1602 1570 56 1514 92 50 1422 1238 184 124 50 1213 83 1130 1058 898 72 160 131 826 94 52 800 777
is_linear=0
shrinkage=0.05


Tree=110
num_leaves=31
num_cat=0
split_feature=202 180 265 296 300 335 335 155 131 128 247 263 144 158 144 158 167 215 327 87 174 127 129 159 172 96 322 335 137 193
split_gain=0.0740922 0.178997 0.229675 0.176217 0.215791 0.219669 0.208295 0.176516 0.29216 0.196694 0.174441 0.165883 0.223692 0.275756 0.187443 0.165541 0.243166 0.222543 0.183889 0.184545 0.172156 0.170767 0.29143 0.281135 0.167028 0.306437 0.159129 0.218506 0.184272 0.176891
threshold=-0.0071889458261175159 -0.025889905088482181 -0.030992559986348592 -0.012129744977077377 -0.0042013583284961605 0.014388454217880275 -0.019390362002243408 -0.0092947362181948455 -0.011517738448594493 0.012348987728896617 0.00097162089475584155 0.039333359561610402 -0.00019414110549644412 0.005270300630263315 0.0051944089484489567 -0.0035827889028107068 -0.0096016185366119763 0.019163585957292197 0.036988624150124411 0.06524049939642014 -0.0027012030276305841 -0.024964857283509657 0.0053788217159317598 -0.00848558420902242 -0.029267661761786874 -0.013002177161342386 0.0038291022950446871 -0.03114236462982475 0.029404537537343657 -0.00043915487893494688
decision_type=2 2 2 2 2 2 2 2 2 2 2 2 2 2 2 2 2 2 2 2 2 2 2 2 2 2 2 2 2 2
left_child=1 2 -1 4 -3 6 -6 9 10 -5 -9 15 13 -13 -14 16 -2 24 19 21 -19 23 -23 -18 25 -17 28 -28 -26 -29
right_child=11 3 -4 7 5 -7 -8 8 -10 -11 -12 12 14 -15 -16 17 18 20 -20 -21 -22 22 -24 -25 26 -27 27 29 -30 -31
leaf_value=-0.0051471034656666841 0.0011250644265156653 0.0018311683366846411 0.00030933218842148094 0.0017153063902514986 -0.0037724752299254762 -0.0052269951216382627 0.001921978754745353 6.1398487099829842e-05 0.0020214847700808906 0.0061240330388819854 -0.0054404734820127495 -0.0010314515733625741 0.0041559507790952929 -0.0074821766217549645 -0.0012995847315225449 -0.006212485115975142 -2.595289011618921e-05 0.0011933260907729469 -0.0055078949593007562 0.00095730984162184464 -0.0041386784588145773 -0.0028657167261716167 0.0011025407528948217 -0.0076790401778583017 -0.00011181053675360862 0.0018054604781075165 -0.0021308420607820153 0.0013234557821765864 0.0040632467375447357 0.0044329191876264912
leaf_weight=30 135 64 54 80 26 33 42 34 121 37 25 37 20 30 74 22 21 24 25 84 41 103 84 28 222 26 25 93 30 90
leaf_count=30 135 64 54 80 26 33 42 34 121 37 25 37 20 30 74 22 21 24 25 84 41 103 84 28 222 26 25 93 30 90
internal_value=6.69471e-12 0.000483741 -0.00163939 0.000869766 -0.000440347 -0.00187972 -0.000255312 0.00159761 0.000614863 0.00310952 -0.0022699 -0.000217564 -0.00171229 -0.00391984 -0.000138832 1.0975e-05 -0.000673986 0.000584764 -0.00137796 -0.00105531 -0.00216994 -0.00177167 -0.00108318 -0.00439915 0.000937236 -0.00186943 0.00123011 0.00225372 0.00038522 0.0028527
internal_weight=1760 546 84 462 165 101 68 297 180 117 59 1214 161 67 94 1053 480 573 345 320 65 236 187 49 508 48 460 208 252 183
internal_count=1760 546 84 462 165 101 68 297 180 117 59 1214 161 67 94 1053 480 573 345 320 65 236 187 49 508 48 460 208 252 183
is_linear=0
shrinkage=0.05


Tree=111
num_leaves=31
num_cat=0
split_feature=215 253 209 202 148 294 214 157 189 168 215 312 299 167 235 127 326 174 165 263 184 205 305 95 242 304 90 87 242 176
split_gain=0.0740011 0.169071 0.249365 0.118177 0.086357 0.0983765 0.0907925 0.0939468 0.162871 0.232467 0.10355 0.149486 0.215476 0.167795 0.219691 0.162903 0.172995 0.280462 0.252685 0.244217 0.1973 0.251141 0.236067 0.176953 0.227589 0.219608 0.201795 0.216136 0.197516 0.196902
threshold=-0.097372736804606549 0.011981910644082567 0.017179866671053822 0.048332375660263764 0.066172815483938871 0.013987770279878879 0.35438678839621657 -0.040361115540246705 0.0076372237434614168 0.0084755798326279167 -0.058508539414162529 -0.051281587872461488 0.00043828932321289397 -0.033226842384351113 0.00043030376293621685 -0.10008058301664373 0.00055124958441061785 0.046862121576241811 -0.0010050146909618004 -0.043737964990009683 -0.0041743571045033531 0.013978897270509126 0.019594597472825635 0.037427117137671655 0.013615855258519015 -0.0048309988022483671 0.011376876475958886 -0.0073782089885960885 -0.027203835103434004 0.00037259252259217709
decision_type=2 2 2 2 2 2 2 2 2 2 2 2 2 2 2 2 2 2 2 2 2 2 2 2 2 2 2 2 2 2
left_child=1 2 -1 4 6 -6 7 8 9 -2 -9 12 -12 14 -13 -15 17 18 -17 -20 -21 22 -22 26 -25 -26 27 28 -18 -28
right_child=3 -3 -4 -5 5 -7 -8 10 -10 -11 11 13 -14 15 -16 16 23 -19 19 20 21 -23 -24 24 25 -27 29 -29 -30 -31
leaf_value=0.00011475755752104781 -0.0027514681231994662 0.0016036050098661621 -0.0074212406868658341 0.0028606461864468212 -0.0046528103650503218 0.00024704291368834677 0.0031800303800517456 0.0011152642886902212 0.0036567548417456527 0.0029049307902288789 -0.0052618344674868114 -0.00054083732441843793 0.00028634193353354931 0.0034295979453700374 0.0045434103174091774 0.00042009006370790307 -0.0057949098843065178 -0.0055106403931858951 0.0027251839355033423 -0.00028798842815578815 -0.0012591974409974481 -0.0074195581327738437 -0.0061846752741163778 -0.0027558855604500714 0.0051724195400972596 -0.0018923403843390673 0.00098690995701441651 0.0011934061609752251 -0.00052665327222653545 0.0056709480928131255
leaf_weight=23 39 26 21 37 21 20 23 158 47 34 35 42 35 29 43 265 22 32 28 90 113 29 31 89 22 22 57 197 93 37
leaf_count=23 39 26 21 37 21 20 23 158 47 34 35 42 35 29 43 265 22 32 28 90 113 29 31 89 22 22 57 197 93 37
internal_value=1.21707e-12 -0.00159304 -0.00348197 6.5984e-05 3.42952e-06 -0.00226264 6.10652e-05 1.59197e-05 0.00136107 -0.000116981 -9.39628e-05 -0.000239697 -0.00248775 -0.000112894 0.00203119 -0.000270547 -0.000365759 -0.000958864 -0.000696891 -0.00171407 -0.00218669 -0.00317446 -0.00231954 0.000281264 -0.00130159 0.00164004 0.000799786 0.00018793 -0.00153449 0.00283063
internal_weight=1760 70 44 1690 1653 41 1612 1589 120 73 1469 1311 70 1241 85 1156 1127 588 556 291 263 173 144 539 133 44 406 312 115 94
internal_count=1760 70 44 1690 1653 41 1612 1589 120 73 1469 1311 70 1241 85 1156 1127 588 556 291 263 173 144 539 133 44 406 312 115 94
is_linear=0
shrinkage=0.05


Tree=112
num_leaves=31
num_cat=0
split_feature=0 4 4 50 261 145 210 187 314 274 273 113 87 132 113 266 92 298 103 274 183 137 288 252 178 301 128 306 194 285
split_gain=0.0711654 0.118819 0.159015 0.197014 0.168896 0.114665 0.10006 0.271531 0.0786673 0.160099 0.140219 0.106167 0.205002 0.171739 0.154248 0.245443 0.249035 0.165755 0.150044 0.146382 0.241788 0.19963 0.164878 0.223956 0.160584 0.165581 0.15999 0.174813 0.179555 0.170898
threshold=11.083556880738579 6.7833245593222182 6.6424859514441321 1.7005986908310777 0.010593984117288719 -0.0067852107410799585 0.017488593858879919 0.0052225821236989234 -0.0577231425099329 0.0095820052838518441 -0.0052751525328991562 0.005691479415334078 -0.18039356093279182 0.051664123071883103 0.0024920557726828322 -0.0060759619737747531 0.011946833963167617 0.00072091046978354058 0.096842501473648049 -0.0014843790153238371 -0.037971205942954465 -0.014664110209415285 -0.016280296673519497 0.042051372788152089 0.0077283725796072223 -0.018934171509977973 0.020833931476034157 -0.0033482561085396915 -0.00042057989267570904 0.01773418412230587
decision_type=2 2 2 2 2 2 2 2 2 2 2 2 2 2 2 2 2 2 2 2 2 2 2 2 2 2 2 2 2 2
left_child=1 2 3 6 -5 -4 8 -8 9 10 -1 14 -13 -14 18 16 -16 -17 19 22 -21 24 23 -10 25 -22 27 28 -24 -29
right_child=-2 -3 5 4 -6 -7 7 -9 11 -11 -12 12 13 -15 15 17 -18 -19 -20 20 21 -23 26 -25 -26 -27 -28 29 -30 -31
leaf_value=-0.0019975127396924842 -0.0029655665718019012 0.0038657525996677582 -0.0053957189726845725 0.0051985563039231826 -0.0003491598829303099 -0.00050387304835021495 -0.0048662946806015336 0.0024758326075971127 0.00013392517682906166 -0.0044519560218885031 0.0032218694094229834 -0.0029345754204162708 0.0012890475677911357 -0.0018931836216769954 -0.0087424306287651968 0.0021734232978185622 -0.0013566030943766238 -0.0024982946245251476 0.0028655985432366532 0.0028533090826212654 -0.0018385885739310955 -0.00048772164501430563 0.00056873859289696379 -0.0053484311772753366 -0.0010109239154391819 -0.0077583504323330199 0.0035907938377931718 0.00040713577137823818 0.0051884843256134036 -0.0042662677064072346
leaf_weight=31 20 20 23 34 23 25 34 20 98 29 22 36 433 47 21 39 25 37 45 42 21 284 58 23 45 27 60 79 33 26
leaf_count=31 20 20 23 34 23 25 34 20 98 29 22 36 433 47 21 39 25 37 45 42 21 284 58 23 45 27 60 79 33 26
internal_value=6.78214e-12 3.4087e-05 -1.04673e-05 7.09896e-05 0.00296 -0.00284788 -3.09756e-05 -0.00214699 4.22241e-05 -0.00146523 0.000169023 0.000125801 0.000704522 0.000977454 -0.000184292 -0.00184573 -0.00472839 -0.000100966 5.6726e-05 -0.000102067 -0.00074523 -0.00114613 0.000612748 -0.000908176 -0.00315675 -0.00516845 0.00133162 0.000640039 0.00224403 -0.000750088
internal_weight=1760 1740 1720 1672 57 48 1615 54 1561 82 53 1479 516 480 963 122 46 76 841 796 419 377 377 121 93 48 256 196 91 105
internal_count=1760 1740 1720 1672 57 48 1615 54 1561 82 53 1479 516 480 963 122 46 76 841 796 419 377 377 121 93 48 256 196 91 105
is_linear=0
shrinkage=0.05


Tree=113
num_leaves=31
num_cat=0
split_feature=162 162 125 249 303 305 211 272 114 252 162 235 162 310 235 238 296 216 98 130 207 115 182 331 319 195 194 169 223 118
split_gain=0.0709218 0.196988 0.190838 0.322132 0.266335 0.214624 0.19943 0.275591 0.147351 0.128832 0.118215 0.222149 0.172636 0.226805 0.190042 0.172982 0.18256 0.172318 0.212787 0.160072 0.152815 0.165156 0.200793 0.251577 0.34725 0.221755 0.217129 0.233522 0.184933 0.184312
threshold=-0.044298184431543701 -0.021102408867864884 0.0030362194129560489 -0.021345332633597097 0.031282464786347594 0.01177553448501934 -0.0084048211428635038 0.0025489706954879769 0.0096945020546241965 -0.010976657499220116 0.007219250133934171 0.029276095833191764 0.016700383458856615 0.0058633971252055909 -0.045115049500267172 -0.0016955050456602041 -0.011806456571392487 -0.026108835072808392 0.011287731820755402 -0.037463208925930823 -0.0096513469837302638 0.00036355795718401426 -0.0018428084571669035 0.002608221430686558 0.010131832157077759 0.0026890181210672405 0.0044246986626769293 1.0000000180025095e-35 0.0079316497173938464 0.0085955450726645372
decision_type=2 2 2 2 2 2 2 2 2 2 2 2 2 2 2 2 2 2 2 2 2 2 2 2 2 2 2 2 2 2
left_child=8 2 4 -4 5 -2 9 -8 -1 -5 11 20 13 14 -12 -16 -17 -15 -19 -13 -3 22 25 24 26 -22 27 -24 29 -23
right_child=1 10 3 6 -6 -7 7 -9 -10 -11 12 19 -14 17 15 16 -18 18 -20 -21 21 28 23 -25 -26 -27 -28 -29 -30 -31
leaf_value=0.0022457072080444844 0.0033164197028292203 0.00159019572124461 -0.0080024266149848703 -0.0019599242180231074 -0.0048988146637566387 -0.002778368019498885 -0.0077220445944239276 -0.00033544365349890933 -0.0017224171540874524 0.0034026482608169317 0.0042033004527911545 -0.001699905812740326 0.00019673500994836623 -0.00044551200914645086 -0.0034129869962192098 -0.002249138700218672 0.0033206605983357278 -0.0085673723477297098 -0.0021704489530888029 0.0025968774672679067 -1.8067642917800972e-05 -0.0015640701496769549 -0.0060588752972367023 0.0013027313843553584 -0.0072280783758119308 0.0042048290445156206 0.0035598913162671539 0.0009915198393476508 -0.0033487636410893919 0.0026566480016826017
leaf_weight=87 52 131 24 21 20 20 23 28 32 24 20 25 402 27 46 28 31 26 26 163 67 81 23 86 27 58 22 24 78 38
leaf_count=87 52 131 24 21 20 20 23 28 32 24 20 25 402 27 46 28 31 26 26 163 67 81 23 86 27 58 22 24 78 38
internal_value=-1.10793e-12 -8.54718e-05 -0.00150775 -0.00282127 0.000205545 0.00162342 -0.00152598 -0.00366666 0.00117865 0.000900114 0.000125531 0.000515765 -0.000404441 -0.00158911 -0.000263734 -0.0011146 0.000677366 -0.00368623 -0.00536891 0.0020255 6.87895e-05 -0.000326655 0.000398392 -0.000661337 -0.00242081 0.00194136 -0.000539711 -0.00245867 -0.00145655 -0.000216278
internal_weight=1760 1641 212 120 92 72 96 51 119 45 1429 823 606 204 125 105 59 79 52 188 635 504 307 182 96 125 69 47 197 119
internal_count=1760 1641 212 120 92 72 96 51 119 45 1429 823 606 204 125 105 59 79 52 188 635 504 307 182 96 125 69 47 197 119
is_linear=0
shrinkage=0.05


Tree=114
num_leaves=31
num_cat=0
split_feature=214 278 104 236 236 104 320 182 303 107 176 249 296 326 174 323 126 253 269 156 123 229 137 236 327 299 171 126 252 19
split_gain=0.0658895 0.0793033 0.093132 0.151374 0.138639 0.1231 0.104032 0.190187 0.219537 0.195201 0.184061 0.20037 0.191456 0.183384 0.148941 0.133467 0.144309 0.134788 0.13121 0.120185 0.237626 0.213066 0.190003 0.184449 0.172924 0.251773 0.167904 0.196988 0.234153 0.200343
threshold=0.35438678839621657 -0.097628482071715664 0.063018411514672495 0.002383937856014763 0.024678301964926475 0.077910243055603526 0.023471106853290492 -0.0092286567483306301 -0.0044494024254800165 -0.00014005036364458758 0.033357870519686382 -0.031818049542636249 0.024623499324142258 0.023774883311673482 -0.0023672985965376829 0.029169574416581363 -0.013968035632479036 -0.033452958910244301 -0.031573720472134088 0.0069203799759510257 -0.034274659461222941 0.0024796915413455934 0.0021992355939815292 0.06483329422983071 0.033647439068385833 -0.012854001277864667 0.004099937780577166 0.044117269733082769 -0.00320463916823815 27.764958590897162
decision_type=2 2 2 2 2 2 2 2 2 2 2 2 2 2 2 2 2 2 2 2 2 2 2 2 2 2 2 2 2 2
left_child=1 -1 6 5 -5 -4 15 8 14 -10 11 -9 13 -13 -8 19 -17 -18 -19 23 22 -22 -21 24 26 -26 27 29 -29 -3
right_child=-2 2 3 4 -6 -7 7 10 9 -11 -12 12 -14 -15 -16 16 17 18 -20 20 21 -23 -24 -25 25 -27 -28 28 -30 -31
leaf_value=-0.0027245946099153824 0.0026019031356554478 0.0014017228278575293 0.0015573111940175295 0.0049259904430558289 0.0010950915880400586 -0.0030645433950292713 0.00049647200143053427 -0.0056917363356144453 0.0016014301330980027 -0.0038792692834249466 0.0023334332829108464 -0.001350556879903731 0.0015865755267441273 -0.0061012424794690953 0.0063834142723036089 0.003740887396523486 0.0041111511530206452 -0.0035409198446280281 0.00066369938388864593 -0.00090967586507932066 0.0010535358999935744 -0.001677138016603315 -0.0074878204573431738 -0.0033565739546354643 -0.0063960534404031936 0.00035837792879524265 -0.0003378565831368797 0.0018987796362489465 -0.005752250478835777 0.0058354070443393932
leaf_weight=27 24 283 25 30 111 34 21 37 33 32 23 74 36 28 22 46 22 23 96 21 134 153 23 34 22 37 241 20 20 28
leaf_count=27 24 283 25 30 111 34 21 37 33 32 23 74 36 28 22 46 22 23 96 21 134 153 23 34 22 37 241 20 20 28
internal_value=4.20001e-12 -3.5971e-05 6.50579e-06 0.00102037 0.00191018 -0.00110613 -0.000127869 -0.000951023 0.000736774 -0.00109676 -0.00187164 -0.00242431 -0.00154826 -0.00265467 0.0035084 8.15114e-05 0.00130909 0.00051574 -0.000148958 -0.000144431 -0.000926741 -0.000402189 -0.00434825 0.00023359 0.000421095 -0.00216022 0.000678355 0.0013761 -0.00192674 0.0018009
internal_weight=1760 1736 1709 200 141 59 1509 306 108 65 198 175 138 102 43 1203 187 141 119 1016 331 287 44 685 651 59 592 351 40 311
internal_count=1760 1736 1709 200 141 59 1509 306 108 65 198 175 138 102 43 1203 187 141 119 1016 331 287 44 685 651 59 592 351 40 311
is_linear=0
shrinkage=0.05


Tree=115
num_leaves=31
num_cat=0
split_feature=94 284 324 294 327 304 118 325 325 220 289 121 180 247 104 169 268 87 11 287 293 210 284 187 202 322 277 319 156 130
split_gain=0.065608 0.114337 0.153157 0.122268 0.0857063 0.11615 0.160178 0.108906 0.241179 0.154441 0.200407 0.243515 0.188056 0.180634 0.162767 0.209108 0.147617 0.215425 0.161223 0.162961 0.141737 0.141152 0.134239 0.190665 0.149977 0.200896 0.167566 0.186049 0.22781 0.186019
threshold=0.12046229974478541 -0.0044294107766046026 0.022076697296576173 0.015500045319839601 0.060941810534195 -0.071142738237669464 -0.0008593172803486737 0.0070994656975582786 0.0088562591795334159 0.0031413315153253981 -0.00058619282035256856 -0.03761106935605997 -0.0067880154779259667 -0.0055304289068106366 -0.012892907324840445 -0.001907031877875987 -0.022917687672383405 -0.11389174959035511 3.6554931836407385 -0.0093592890986699071 0.070661399076601336 0.0025286299295379151 0.034799191962507123 -0.016252313821429828 -0.006979403372516655 -0.015327035999085052 0.033206914326726157 -0.022610032567645474 -0.0026519210358848491 0.0079821814977595797
decision_type=2 2 2 2 2 2 2 2 2 2 2 2 2 2 2 2 2 2 2 2 2 2 2 2 2 2 2 2 2 2
left_child=4 -2 3 -3 5 6 -1 20 -9 10 -10 -12 -13 -14 15 -11 -16 -18 19 -19 22 -17 24 -24 25 -7 27 28 -26 -30
right_child=1 2 -4 -5 -6 7 -8 8 9 14 11 12 13 -15 16 21 17 18 -20 -21 -22 -23 23 -25 26 -27 -28 -29 29 -31
leaf_value=-0.0054559277816830822 0.0034761087225180947 -0.003063372098323372 0.0035265327058732511 0.0011176661218461744 0.0018180340272680809 0.0031791027432805162 0.00045061131346632138 -0.0049965853911514086 0.00016970614784351384 -0.00040541744556143317 0.0014785443174852326 -0.0014167752147287778 -0.0031812302484702801 -0.0088935563564300543 0.001838307195105293 0.002055395388096157 -0.0058191454635285172 -0.0020033696408870583 -0.0025006427060175994 0.0037856001677292008 0.0038126829783087252 0.0071389123120091172 -0.0016056655114516614 0.0030764752748434114 -0.0049315760613743423 -1.2164895451860502e-05 -0.0027178947265555681 0.00026266152867154125 0.0033852744260397943 -0.0025494523081673131
leaf_weight=24 36 36 25 34 57 73 22 30 122 51 28 46 31 25 47 36 23 20 49 31 27 22 30 79 42 152 74 434 23 31
leaf_count=24 36 36 25 34 57 73 22 30 122 51 28 46 31 25 47 36 23 20 49 31 27 22 30 79 42 152 74 434 23 31
internal_value=1.89786e-12 0.00107651 0.000167185 -0.00103258 -8.657e-05 -0.00015563 -0.00263106 -8.10102e-05 -0.000634998 -0.000388581 -0.00128581 -0.00265177 -0.00378558 -0.00573138 0.000421824 0.00193004 -0.000545207 -0.00145598 -0.000452453 0.00151542 0.000241049 0.00398363 0.000138241 0.00178781 -7.86509e-05 0.00102322 -0.000489118 -0.00017793 -0.00216977 -2.16983e-05
internal_weight=1760 131 95 70 1629 1572 46 1526 561 531 252 130 102 56 279 109 170 123 100 51 965 58 938 109 829 225 604 530 96 54
internal_count=1760 131 95 70 1629 1572 46 1526 561 531 252 130 102 56 279 109 170 123 100 51 965 58 938 109 829 225 604 530 96 54
is_linear=0
shrinkage=0.05


Tree=116
num_leaves=31
num_cat=0
split_feature=53 4 252 287 61 163 330 210 190 296 212 219 328 190 215 188 115 299 207 318 179 102 87 191 320 255 115 94 152 324
split_gain=0.0643974 0.0915866 0.182316 0.185716 0.123751 0.221437 0.127552 0.08285 0.221206 0.193396 0.0838227 0.0877601 0.133976 0.122613 0.165713 0.16923 0.18906 0.155221 0.166039 0.164302 0.149865 0.178833 0.174552 0.171152 0.142571 0.138724 0.168401 0.146954 0.134985 0.167794
threshold=0.89587973461402759 6.6424859514441321 -0.0070229764738403214 1.0000000180025095e-35 3.2769667020129059 0.01264299686144363 0.0022722272269798381 0.016315735964177121 0.00023107286249046571 0.00053235794591556561 -0.21562175459806654 -0.014755119500762784 0.068045508378087385 -0.0015003473635252095 -0.094521736596139813 -0.030910848253971203 -0.043884381839523687 -0.012745163274252956 -0.016520409319241158 0.021518239649095761 0.0085660106612189205 0.043867546426656807 -0.032656006090455346 0.0011104095581285023 0.047150000626755499 -0.062456071408004334 0.069653239505492973 -0.01569154576884511 -0.022385097208305931 0.002667672450266109
decision_type=2 2 2 2 2 2 2 2 2 2 2 2 2 2 2 2 2 2 2 2 2 2 2 2 2 2 2 2 2 2
left_child=1 4 -3 -4 7 6 -6 10 9 -9 -1 -12 13 20 -15 -16 -17 19 -19 -18 22 -22 23 -13 28 -20 27 -27 -24 -30
right_child=-2 2 3 -5 5 -7 -8 8 -10 -11 11 12 -14 14 15 16 17 18 25 -21 21 -23 24 -25 -26 26 -28 -29 29 -31
leaf_value=0.0026981380928693148 0.002572273952379571 -0.0045257723551582205 -0.0027295896571806889 0.0039276244468055667 0.0015000377632677555 -0.002289756280370057 0.0066594491105364728 -0.0075811231322586541 0.0013900442219788342 -0.0010412227971336016 0.00046377200770777939 0.00055744158011732689 0.0035296208690851929 -0.0054383265593787658 0.0029765303279938446 -0.0043527035412784573 -0.0013021981919089079 0.003608853991110144 -0.0043426248727233283 -0.0061331796713850716 0.0023850475458133034 -0.0015588317385041401 -0.002129019310086733 -0.0042708159089088439 -0.0035804204304613883 -0.0011784954443573954 -0.0034244946698891001 0.0017193307220614293 -0.00029302717441929255 0.003232569970286397
leaf_weight=29 24 33 22 20 25 20 23 20 35 26 580 29 22 20 28 39 88 28 21 22 118 38 32 50 21 75 32 105 67 68
leaf_count=29 24 33 22 20 25 20 23 20 35 26 580 29 22 20 28 39 88 28 21 22 118 38 32 50 21 75 32 105 67 68
internal_value=-5.07353e-12 -3.55614e-05 -0.00174465 0.000440512 4.16101e-05 0.00213049 0.00397226 -4.75573e-05 -0.00160547 -0.00388466 3.59021e-05 -1.61578e-05 -0.000324418 -0.00042066 -0.000987535 -0.000784302 -0.00104114 -0.000693024 -2.90746e-05 -0.00226839 0.000193119 0.00142436 -0.000526257 -0.00249842 0.000302471 -0.000466251 -8.22701e-05 0.000511903 0.000790738 0.00148283
internal_weight=1760 1736 75 42 1661 68 48 1593 81 46 1512 1483 903 881 458 438 410 371 261 110 423 156 267 79 188 233 212 180 167 135
internal_count=1760 1736 75 42 1661 68 48 1593 81 46 1512 1483 903 881 458 438 410 371 261 110 423 156 267 79 188 233 212 180 167 135
is_linear=0
shrinkage=0.05


Tree=117
num_leaves=31
num_cat=0
split_feature=176 241 295 10 166 243 11 320 157 180 127 115 19 280 81 173 91 321 104 177 196 228 317 200 284 146 247 264 198 144
split_gain=0.0625023 0.166656 0.115217 0.162224 0.179068 0.138317 0.126088 0.118411 0.157468 0.115001 0.240606 0.144042 0.18445 0.176402 0.24138 0.167079 0.171956 0.171864 0.155971 0.146935 0.184976 0.212602 0.174692 0.171748 0.162511 0.167903 0.181936 0.166475 0.195081 0.189688
threshold=-0.037269329943392056 -0.027958954938157341 -0.034890244160361267 0.23166368515205729 0.0087642368724307473 -0.0028603415044161375 4.693376068376069 -0.00035763110902750357 -0.0043187282674030675 -0.025889905088482181 -0.023223385018513388 -0.011091264576029472 7.4105263157894745 -0.064003000704079785 -0.4056487640203818 -0.015689142639905621 0.018062381901827466 0.0022237898448634898 0.012995652969327828 0.017275800574184329 -0.0032893701257040988 0.0041483372567277391 -0.029590610375292058 0.013510369837903919 -0.034259643162329649 -0.015170900399034081 0.011827893779757664 0.0085662290840549452 -0.00063236482036053542 0.020838100575082417
decision_type=2 2 2 2 2 2 2 2 2 2 2 2 2 2 2 2 2 2 2 2 2 2 2 2 2 2 2 2 2 2
left_child=1 -1 3 4 7 -6 9 8 -2 10 -4 12 18 14 -13 16 17 -14 -11 22 -21 -22 23 -15 -24 -26 27 29 -29 -27
right_child=2 -3 6 -5 5 -7 -8 -9 -10 11 -12 13 15 19 -16 -17 -18 -19 -20 20 21 -23 24 -25 25 26 -28 28 -30 -31
leaf_value=-0.0041738454419828486 -0.0015664644448272023 -0.00011982578222666576 -0.0046955837330852563 -0.0024865293860245772 -0.0035917799767997607 0.0011929253179749305 -0.0040189873770577833 0.0046407715408131487 0.003140011001288748 0.0055532433023576496 -0.0001749550881989611 -0.0064763909492355125 0.0032851043700550999 0.0051381445517215659 0.00082991088507696994 0.00093892735945430106 -0.0045818783327316245 -0.0024348958202734076 0.0001026709552942997 0.00056046896777978096 -0.0058008082008037046 -0.00030191604455467316 -0.0029540734955927211 -0.00032109636999666692 0.00217306986346506 -0.0024673960966003295 0.0013759308618128947 0.0041737567858192428 -0.0014472959252695243 0.0024026845586891084
leaf_weight=32 27 122 39 27 23 44 20 50 52 35 120 26 24 34 20 349 30 29 21 54 39 32 44 25 89 153 115 29 33 23
leaf_count=32 27 122 39 27 23 44 20 50 52 35 120 26 24 34 20 349 30 29 21 54 39 32 44 25 89 153 115 29 33 23
internal_value=1.77393e-12 -0.000962219 9.22676e-05 0.00114693 0.00164746 -0.000449585 -7.77905e-05 0.00273662 0.00153147 -1.99593e-05 -0.00128379 0.000146942 0.000809384 -0.000304555 -0.00329974 0.000459398 -0.00155694 0.000155293 0.00350928 -9.89159e-05 -0.00164502 -0.00332243 0.000255695 0.00282491 -5.6205e-05 0.000232271 -0.000257053 -0.0010461 0.00118191 -0.00183097
internal_weight=1760 154 1606 223 196 67 1383 129 79 1363 159 1204 488 716 46 432 83 53 56 670 125 71 545 59 486 442 353 238 62 176
internal_count=1760 154 1606 223 196 67 1383 129 79 1363 159 1204 488 716 46 432 83 53 56 670 125 71 545 59 486 442 353 238 62 176
is_linear=0
shrinkage=0.05


Tree=118
num_leaves=31
num_cat=0
split_feature=123 148 305 117 152 290 291 272 143 316 316 314 265 230 284 261 180 142 105 289 291 200 120 245 136 216 135 98 271 222
split_gain=0.0625921 0.15392 0.176546 0.263362 0.157695 0.149431 0.171645 0.171577 0.143242 0.137875 0.135953 0.13491 0.158537 0.197539 0.235889 0.17766 0.172075 0.181509 0.171752 0.155983 0.172515 0.149127 0.223516 0.170441 0.211708 0.170853 0.158747 0.131331 0.125805 0.155478
threshold=0.0037429049889926851 -0.010665154079298312 -0.0014935732022374004 -0.011166170911726741 0.0062868424554016079 0.030332240908670125 -0.0025594592102538469 0.061970129120844937 -0.0067257613865828146 0.014524103769375758 -0.0099966120141555866 -0.056367904990619243 0.015642849625143347 -0.011912983343265038 -0.0056356798139302255 -0.020980335854798915 -0.021949348425500819 -0.028311462010609748 -0.016598489703636015 -0.036691638743243458 0.034937019118890418 0.014553321285574865 -0.024888222957206701 0.0083806224587638593 -0.015411760720742374 -0.016683886415709046 0.0085969865317620919 0.01819314171089598 0.032424764973974007 -0.0030857112967738343
decision_type=2 2 2 2 2 2 2 2 2 2 2 2 2 2 2 2 2 2 2 2 2 2 2 2 2 2 2 2 2 2
left_child=1 2 9 10 -5 7 -7 11 -8 -1 -4 -3 13 14 -13 -14 -15 -18 -16 -17 -21 22 -19 24 -24 -25 -26 -11 29 -2
right_child=28 5 3 4 -6 6 8 -9 -10 27 -12 12 15 16 18 19 17 21 -20 20 -22 -23 23 25 26 -27 -28 -29 -30 -31
leaf_value=0.0010891758601573405 0.00029676833368378144 -0.0041529478771345956 0.0030090208157768457 -0.00092668556980788708 0.0031775435369292442 -0.0007004134005997219 0.00024005303159356116 -0.0037476335073242314 0.0056026040745729751 -0.0052497818064875905 0.0084506261839785365 0.0053144613603273265 0.0042466540040599337 0.0030099720787256957 0.0021974718472098603 0.0040742576724606691 -0.0063762191357091078 0.0035405121417716144 -0.0028661584806148753 0.00048001576363781675 -0.0046538311120821168 -0.0047082299108673212 0.004115115569438786 -0.0076225223066285252 -0.00037766756705583679 -0.0011652567834105521 -0.0052639528452842078 1.6901992750780633e-05 0.0010043010401080224 -0.0012606613098562109
leaf_weight=103 273 21 24 50 44 42 20 37 33 20 22 26 37 20 34 23 20 25 33 90 20 29 20 20 68 21 22 29 146 388
leaf_count=103 273 21 24 50 44 42 20 37 33 20 22 26 37 20 34 23 20 25 33 90 20 29 20 20 68 21 22 29 146 388
internal_value=-3.48021e-12 0.000274387 0.00123044 0.00251149 0.000994443 -0.000147953 0.00168705 -0.000455948 0.003579 5.05239e-05 0.00561153 -0.000225716 -6.337e-05 -0.000689796 0.00127212 0.00118211 -0.00143452 -0.00182959 -0.000296555 0.000329569 -0.000453411 -0.00138601 -0.000838603 -0.00156362 -0.000538055 -0.00431514 -0.00157209 -0.00213276 -0.000324028 -0.000617426
internal_weight=1760 953 292 140 94 661 95 566 53 152 46 529 508 338 93 170 245 225 67 133 110 205 176 151 110 41 90 49 807 661
internal_count=1760 953 292 140 94 661 95 566 53 152 46 529 508 338 93 170 245 225 67 133 110 205 176 151 110 41 90 49 807 661
is_linear=0
shrinkage=0.05


Tree=119
num_leaves=31
num_cat=0
split_feature=294 150 297 306 188 328 285 285 301 113 95 95 8 117 174 103 278 251 331 299 250 171 282 316 8 176 301 163 148 234
split_gain=0.0602967 0.105463 0.0680575 0.0848719 0.14645 0.140281 0.105969 0.099347 0.10729 0.172347 0.181402 0.152217 0.147935 0.1544 0.144462 0.224186 0.140864 0.206642 0.192338 0.1321 0.277237 0.211352 0.217881 0.172251 0.15052 0.145681 0.176135 0.14832 0.201461 0.200251
threshold=0.0683472099174149 0.0074114550046375629 0.073988698961723734 0.039670767016616836 -0.0037832531971209366 -0.0095022725498824494 0.020961941882627091 0.086689547422938606 -0.004620925218766103 0.018338912767770842 -0.019762134921594236 -0.035984052818554692 0.34450549450549456 -0.078743290904460847 0.029419304250250956 0.011883985732667442 0.0068310490644625096 0.024295079866204255 0.011496598843754894 -0.014228261403084115 0.031246351762760791 -0.0018793842300027976 0.0090958623503003423 0.014203727784999559 0.0068729333963155415 -0.034762576149530426 -0.0020753907998184908 0.008560325537210518 0.032417835829499454 0.014004961619757363
decision_type=2 2 2 2 2 2 2 2 2 2 2 2 2 2 2 2 2 2 2 2 2 2 2 2 2 2 2 2 2 2
left_child=2 -2 3 7 -5 -6 -7 8 9 11 -11 16 13 -10 -13 -16 18 -18 -1 20 21 23 24 -15 -23 -21 -27 29 -29 -28
right_child=1 -3 -4 4 5 6 -8 -9 12 10 -12 14 -14 19 15 -17 17 -19 -20 25 -22 22 -24 -25 -26 26 27 28 -30 -31
leaf_value=0.0051448398624779658 -4.9769073645139172e-05 0.004525975848082453 -0.0023734410131920972 -0.00052584222101596312 -0.00034180473995621546 0.0022378090786624632 0.0064347083114885866 -0.0027732888948438423 -0.0042177642757305874 -0.004689277351644705 0.00028250959463590797 0.00063825787058055896 -0.0047059696447104213 0.0011087236048830352 -0.0042876431124750525 0.0015457318131146688 0.0022413432598696091 -0.0036690145320746868 -0.00048009909944431416 -0.0027235454798210414 0.0023969523756333243 -0.0092714330012148068 -0.0013375377948504203 -0.0040047399608580314 -0.0034864969726186249 -0.0035994969451656708 -0.00074506654364316245 0.002616211739865214 -0.0023525705580444388 0.0020480135994148442
leaf_weight=55 34 20 31 92 37 53 21 35 25 32 43 341 20 58 40 28 50 21 21 40 41 22 43 23 23 26 237 136 24 88
leaf_count=55 34 20 31 92 37 53 21 35 25 32 43 341 20 58 40 28 50 21 21 40 41 22 43 23 23 26 237 136 24 88
internal_value=-3.55881e-12 0.00164495 -5.20676e-05 -9.1049e-06 0.000949303 0.00217195 0.00342882 -0.000141277 -7.71706e-05 0.000411115 -0.00183879 0.000714609 -0.000459439 -0.000351385 0.000218633 -0.00188567 0.00209457 0.000493209 0.00359058 -0.000224368 -0.00129144 -0.00218626 -0.00388267 -0.000343248 -0.00631469 0.000182321 0.000409786 0.000624717 0.00187089 1.12136e-05
internal_weight=1760 54 1706 1675 203 111 74 1472 1437 631 75 556 806 786 409 68 147 71 76 761 210 169 88 81 45 551 511 485 160 325
internal_count=1760 54 1706 1675 203 111 74 1472 1437 631 75 556 806 786 409 68 147 71 76 761 210 169 88 81 45 551 511 485 160 325
is_linear=0
shrinkage=0.05


Tree=120
num_leaves=31
num_cat=0
split_feature=182 144 287 117 210 299 173 179 229 295 198 115 169 237 105 321 327 195 223 107 277 331 331 332 243 273 171 287 312 232
split_gain=0.0588457 0.186033 0.170102 0.198243 0.181895 0.158976 0.167884 0.156587 0.136403 0.162191 0.147721 0.139024 0.180453 0.134349 0.156071 0.154044 0.144182 0.207746 0.143893 0.130094 0.122479 0.17855 0.229668 0.137912 0.215594 0.148928 0.124132 0.165004 0.226763 0.216351
threshold=-0.0014306878517626102 0.042131559556815475 0.0390716357274331 -0.036486590476209085 0.01847208163130485 0.047345460264520585 0.0098821248077123666 -0.0012555042103622285 0.030944648729957135 -0.034890244160361267 0.0024114003744179994 -0.0060249302879343131 0.028676256808250242 0.0058795482476411498 -0.0271991323840023 -0.026418385616357284 0.0053992246356542629 -0.0031025519283817728 1.0000000180025095e-35 -0.08803916586231772 -0.0062389020277456922 -0.021348718976727601 -0.029266232737590738 -0.029547023719069931 0.022610854853357346 -0.0045678826856857075 -0.025556015875473459 -0.0090432061339673925 -0.025091438266065896 -0.042271123138565132
decision_type=2 2 2 2 2 2 2 2 2 2 2 2 2 2 2 2 2 2 2 2 2 2 2 2 2 2 2 2 2 2
left_child=1 2 4 -4 8 19 -7 -5 11 -10 -11 12 -1 14 -13 -15 -16 -18 -17 -2 21 22 -21 24 25 -22 -25 28 -28 -29
right_child=5 -3 3 7 -6 6 -8 -9 9 10 -12 13 -14 15 16 18 17 -19 -20 20 23 -23 -24 26 -26 -27 27 29 -30 -31
leaf_value=0.0020325123074574655 0.0027788225781956791 -0.0021578004977672589 -0.0017143621313880431 0.0061241519385697068 0.0047426123785870994 -0.0049336888128891591 4.3719592849811309e-05 0.0012171119258835399 0.0021757032619789244 -0.00041521889312813684 -0.004380331271449509 0.0042363699471461595 -0.0018809185152141644 0.0021065680332304467 0.0010906287836599192 -0.0011672052370278903 0.0016145882033742965 -0.0050575132174084762 -0.0055983489753478879 0.00020263016209652536 -0.0079525536502755827 0.0011149890954887574 -0.0059468723018653693 0.0016781093279225013 0.0010470322778691416 -0.0019978035773549761 -0.0067193180089816455 0.0037613020899395148 -0.0012027110414144736 -0.00055122528640952492
leaf_weight=186 38 69 20 37 22 36 32 29 25 48 46 25 35 21 94 53 20 28 28 49 21 270 22 63 23 21 23 33 98 245
leaf_count=186 38 69 20 37 22 36 32 29 25 48 46 25 35 21 94 53 20 28 28 49 21 270 22 63 23 21 23 33 98 245
internal_value=2.837e-12 0.00032184 0.000560466 0.00264654 0.000276151 -0.000259719 -0.00259138 0.00396803 0.000114801 -0.00140364 -0.00235559 0.000483566 0.00141274 -0.000279807 0.000593472 -0.00170959 -4.78838e-05 -0.00227747 -0.00269896 -8.47153e-05 -0.000210078 0.000528284 -0.00170285 -0.000687841 -0.00284424 -0.00497518 -0.000384451 -0.000710118 -0.00225132 -3.93066e-05
internal_weight=1760 786 717 86 631 974 68 66 609 119 94 490 221 269 167 102 142 48 81 906 868 341 71 527 65 42 462 399 121 278
internal_count=1760 786 717 86 631 974 68 66 609 119 94 490 221 269 167 102 142 48 81 906 868 341 71 527 65 42 462 399 121 278
is_linear=0
shrinkage=0.05


Tree=121
num_leaves=31
num_cat=0
split_feature=282 144 242 186 238 304 302 120 103 330 103 239 288 303 329 161 11 202 208 104 237 283 83 91 193 271 142 237 262 291
split_gain=0.0606424 0.156772 0.147727 0.215152 0.18247 0.177827 0.207456 0.140759 0.139599 0.197079 0.171741 0.178909 0.166418 0.13156 0.151098 0.171677 0.130264 0.137057 0.197854 0.185805 0.135632 0.202375 0.15058 0.144276 0.133614 0.130771 0.13017 0.128783 0.126031 0.121847
threshold=-0.0077145657655903433 -0.041064718962248704 0.035330737343172845 -0.0077079895245327143 0.028558300504608235 -0.018214432621891753 0.00049830523940603026 0.01084032477740119 0.021803542280793366 0.021623932954895304 0.037999557232226769 -0.030904259804685166 0.0052654736704648387 -0.030018495040109359 -0.0050419410785295885 0.015830524454190958 4.1469641776387167 -0.0068936002338503095 0.015867823630636425 -0.017345446794989828 0.0025141871796618572 0.031529925538367899 0.10794000689451323 0.028046946783054128 -0.011610461730487204 0.00065962562015282878 0.0013191840751786441 0.025657183125707726 0.0014970763044547791 -0.01525188080684583
decision_type=2 2 2 2 2 2 2 2 2 2 2 2 2 2 2 2 2 2 2 2 2 2 2 2 2 2 2 2 2 2
left_child=8 7 13 4 -4 -5 -7 -2 -1 10 29 -12 -11 14 15 -3 17 24 20 -20 21 22 -19 26 28 -24 -22 -16 -15 -10
right_child=1 2 3 5 -6 6 -8 -9 9 12 11 -13 -14 16 27 -17 -18 18 19 -21 23 -23 25 -25 -26 -27 -28 -29 -30 -31
leaf_value=-0.00085488585650981034 0.0039605901174831629 -0.005966632173362154 -0.0060997841386672335 0.0024289324879646305 -0.00025580359876833177 -0.0046587366400466816 0.00079069809376960628 -0.00031158603397348237 0.00065879385814956299 0.00084602802847351497 -0.0029382985522688337 0.0013592400924548262 -0.004383489770407323 0.0020533492323011162 -0.0014675431958069869 0.00014528667787089945 -0.0020813713676921552 0.00089361942608662866 0.00045629600874345862 -0.0048908708413364366 0.0021864287788048386 -0.0025789459740432601 0.005634200430232222 -0.0020847782566306705 0.0011756375244507612 0.001641338729500972 -0.0012416135907794038 0.0027205681061698876 0.0073327661864459525 0.004842244928358528
leaf_weight=476 51 27 34 45 22 31 40 31 28 29 33 91 32 26 45 20 41 89 33 32 72 24 46 64 119 37 45 31 20 46
leaf_count=476 51 27 34 45 22 31 40 31 28 29 33 91 32 26 45 20 41 89 33 32 72 24 46 64 119 37 45 31 20 46
internal_value=5.41512e-12 0.000248533 6.61878e-05 -0.00125879 -0.00380393 -3.00944e-05 -0.00158863 0.0023455 -0.000346593 0.000587566 0.00135311 0.00021554 -0.00189733 0.000361772 -0.00113736 -0.00336582 0.00064633 0.000830573 0.000371526 -0.00217616 0.000810782 0.00172214 0.0023223 -0.000176108 0.00206026 0.00385425 0.000867951 0.000240765 0.00434875 0.00325932
internal_weight=1760 1025 943 172 56 116 71 82 735 259 198 124 61 771 123 47 648 607 442 65 377 196 172 181 165 83 117 76 46 74
internal_count=1760 1025 943 172 56 116 71 82 735 259 198 124 61 771 123 47 648 607 442 65 377 196 172 181 165 83 117 76 46 74
is_linear=0
shrinkage=0.05


Tree=122
num_leaves=31
num_cat=0
split_feature=162 162 125 249 303 305 285 215 114 139 162 235 162 310 235 238 296 164 188 93 205 305 102 204 136 126 277 272 305 158
split_gain=0.0589461 0.149827 0.159966 0.252013 0.213321 0.178236 0.151807 0.166735 0.108335 0.0974711 0.0943366 0.170531 0.133831 0.18947 0.148545 0.143126 0.144707 0.142968 0.144924 0.132688 0.126913 0.230677 0.194871 0.173624 0.151742 0.142452 0.131055 0.130836 0.157188 0.153327
threshold=-0.044298184431543701 -0.021102408867864884 0.0030362194129560489 -0.021345332633597097 0.031282464786347594 0.01177553448501934 0.0053853944632349304 -0.0039629442196024737 0.0096945020546241965 0.0038409868522569415 0.007219250133934171 0.029276095833191764 0.016700383458856615 0.0058633971252055909 -0.045115049500267172 -0.0016955050456602041 -0.011806456571392487 -0.0096514857298898877 -0.0046281136992210445 -0.028493758751552831 -0.0086588346128208624 0.0086649129893705251 -0.029566547948608985 0.0026147034382421491 -0.039851926192004748 0.004746811451064762 0.011460040795501102 -0.018826149746156835 -0.015756018761335835 -0.0035827889028107068
decision_type=2 2 2 2 2 2 2 2 2 2 2 2 2 2 2 2 2 2 2 2 2 2 2 2 2 2 2 2 2 2
left_child=8 2 4 -4 5 9 7 -5 -1 -2 11 20 13 14 -12 -16 -17 -15 -19 -14 21 22 -3 -24 25 -22 -23 28 -26 -29
right_child=1 10 3 6 -6 -7 -8 -9 -10 -11 12 -13 19 17 15 16 -18 18 -20 -21 24 26 23 -25 27 -27 -28 29 -30 -31
leaf_value=0.0019894857460953396 0.00081238521332852541 0.0035777328160210425 -0.0071035998989827931 -0.0026151113147879473 -0.0043178943067323419 -0.0024920989212114369 -0.0040001217400172859 0.0026193717036221646 -0.0014129749626590638 0.00514507686926259 0.0037503233947791164 0.0017774552396657144 0.0028947130488813856 -0.0066461476325259915 -0.0030419130652697517 -0.0019267582205689646 0.0030320948461115722 -0.0052477426039764571 6.2550567755741732e-06 -0.00013998025406181114 -0.00028446680677006952 0.005307349526300663 -0.0043155921065728322 0.0012736103943704318 0.0015683933980762958 -0.0062521361029939729 0.00052365484377580956 -0.00069453665216474424 -0.0031173784271000871 0.001355967067130668
leaf_weight=87 25 22 24 29 20 20 35 32 32 27 20 188 40 23 46 28 31 21 35 362 20 41 33 24 25 20 22 177 63 188
leaf_count=87 25 22 24 29 20 20 35 32 32 27 20 188 40 23 46 28 31 21 35 362 20 41 33 24 25 20 22 177 63 188
internal_value=2.88827e-12 -7.7922e-05 -0.00131831 -0.00252091 0.000250292 0.00151923 -0.00137524 0.000130847 0.00107454 0.00306205 0.000106097 0.000454699 -0.000367335 -0.0014104 -0.000199007 -0.00095126 0.000678741 -0.00332715 -0.00196399 0.000161979 6.30799e-05 0.00138017 -0.000419465 -0.00196224 -0.000316284 -0.0032683 0.00363685 -5.56207e-05 -0.00178619 0.000361613
internal_weight=1760 1641 212 120 92 72 96 61 119 52 1429 823 606 204 125 105 59 79 56 402 635 142 79 57 493 40 63 453 88 365
internal_count=1760 1641 212 120 92 72 96 61 119 52 1429 823 606 204 125 105 59 79 56 402 635 142 79 57 493 40 63 453 88 365
is_linear=0
shrinkage=0.05


Tree=123
num_leaves=31
num_cat=0
split_feature=294 150 192 136 82 192 331 295 82 309 144 264 223 172 281 98 7 336 96 213 320 274 102 200 182 182 316 303 272 154
split_gain=0.0580968 0.0939035 0.0604867 0.195621 0.192988 0.156957 0.195632 0.161874 0.134171 0.133791 0.123426 0.114073 0.135184 0.112909 0.109697 0.103732 0.166908 0.191435 0.197695 0.167488 0.118968 0.201711 0.214888 0.15363 0.192394 0.16162 0.201582 0.169016 0.140579 0.156249
threshold=0.0683472099174149 0.0074114550046375629 -0.020571054237511231 -0.014770045824996468 -0.035425777345722553 -0.014022426511426187 0.021766067538378082 -0.0044206301903094809 -0.47469882374655564 0.027022320837633691 -0.002677616767843742 -0.044369775707706872 0.070955755332026374 -0.0074549021878690695 -0.0084391126699600427 -0.045046010130702176 0.75682449366659899 0.0066388182604164214 0.00046665535320278284 0.14298824261014006 0.011607213977670736 0.070334553375743888 0.095158113657352036 -0.026004564519559414 -0.017746435652574111 0.0033370659740664713 0.00035334409716264464 0.0039420781535714671 -0.056914657216162755 0.0092170525045163713
decision_type=2 2 2 2 2 2 2 2 2 2 2 2 2 2 2 2 2 2 2 2 2 2 2 2 2 2 2 2 2 2
left_child=2 -2 3 4 10 6 7 -4 -7 11 -1 -5 13 14 -13 16 19 18 -18 -10 21 22 28 -22 -25 26 -26 -28 29 -17
right_child=1 -3 5 9 -6 8 -8 -9 15 -11 -12 12 -14 -15 -16 20 17 -19 -20 -21 23 -23 -24 24 25 -27 27 -29 -30 -31
leaf_value=-0.0021520958261807329 1.5513577690238462e-05 0.0043332225573249157 0.001518412338153116 -0.0020319449486797332 -0.0041403520266410651 -0.0039064173290336672 -0.0060045883593071872 -0.002936583331955428 -0.00096346651358437485 0.0044726962572894996 0.0027163169812411073 0.0015419220458716156 -0.0020429702719080857 0.00096721265346868277 0.0066050840622704958 0.0061228509452042126 -0.0086733484826982035 0.00040955277643381404 -0.0019424354143363115 0.0040555285750253295 -0.0043010061692912134 -0.0036749813909948527 0.0047992919269393411 0.0019890843441795658 -0.00013931244769591398 0.00016536156125810175 -0.0068327837611450969 -0.0016116097851585028 0.00035992744830653373 8.0115096952795294e-05
leaf_weight=23 34 20 38 27 36 22 24 44 68 32 30 20 22 67 23 23 20 26 24 22 25 27 31 76 59 168 31 31 647 20
leaf_count=23 34 20 38 27 36 22 24 44 68 32 30 20 22 67 23 23 20 26 24 22 25 27 31 76 59 168 31 31 647 20
internal_value=-2.55155e-12 0.00161467 -5.1109e-05 0.00062077 -0.0013153 -0.000183035 -0.00203415 -0.000872073 -3.43845e-05 0.00152292 0.00060361 0.00092925 0.00153495 0.00225053 0.00425012 3.12432e-05 -0.00116082 -0.00299196 -0.00500194 0.000263399 0.000198844 0.000567987 0.000726878 -0.000509153 -0.000249437 -0.000838114 -0.00223137 -0.0042222 0.000543914 0.00331228
internal_weight=1760 54 1706 280 89 1426 106 82 1320 191 53 159 132 110 43 1298 160 70 44 90 1138 748 721 390 365 289 121 62 690 43
internal_count=1760 54 1706 280 89 1426 106 82 1320 191 53 159 132 110 43 1298 160 70 44 90 1138 748 721 390 365 289 121 62 690 43
is_linear=0
shrinkage=0.05


Tree=124
num_leaves=31
num_cat=0
split_feature=0 4 4 52 84 188 206 177 238 142 288 283 165 158 211 305 255 90 82 220 236 316 282 281 129 157 202 317 174 293
split_gain=0.0564197 0.0830951 0.121473 0.143482 0.0886874 0.0610066 0.114876 0.125231 0.171891 0.12126 0.1248 0.106641 0.199106 0.194231 0.203308 0.155928 0.122519 0.175281 0.162966 0.16131 0.118452 0.186896 0.104457 0.182971 0.1605 0.165668 0.14093 0.135347 0.122401 0.121716
threshold=11.083556880738579 6.7833245593222182 6.6424859514441321 1.2424533248940004 -0.29161998378156179 0.0037110951963092013 0.01313806829921541 0.02619500872685673 -0.040999231320824538 -0.019607439894008507 -0.010865841148789416 0.022713716498309836 1.0000000180025095e-35 -0.0076308357717585458 -0.012087463660558755 0.02554214265529884 -0.010962522321883985 -0.025089507042876612 0.33268282876564353 -0.014833540963981822 -0.0041515239505488912 0.0019545993110451966 -0.018033208733823632 0.0072979773290657267 -0.029090896238065208 0.019955125127412394 -0.025434435056801121 0.03892382837343477 0.01216651056310872 -0.023766404331366325
decision_type=2 2 2 2 2 2 2 2 2 2 2 2 2 2 2 2 2 2 2 2 2 2 2 2 2 2 2 2 2 2
left_child=1 2 3 5 -4 22 11 8 -8 -10 -11 16 15 -14 -15 -13 17 -7 -18 -20 -19 -22 23 26 -25 28 -1 29 -26 -28
right_child=-2 -3 4 -5 -6 6 7 -9 9 10 -12 12 13 14 -16 -17 18 20 19 -21 21 -23 -24 24 25 -27 27 -29 -30 -31
leaf_value=-0.0039442959695588798 -0.0026405157754197718 0.0032346445508301259 -0.0043822949890185287 0.0041711944565620456 -4.9880930843452614e-05 -0.0033724072917054103 -0.00449973645620048 -0.0041461969143711036 -0.0022029058126887928 -0.00083681112737394876 0.0030895707749295982 -3.0318433086254769e-05 0.0015952733042649927 -0.00089036167853257875 -0.0076135908941859787 0.0050370886363089087 0.0012530126571406836 0.0027143642108197899 0.0017353077376769347 0.0079396862909197809 0.0018159962405428984 -0.0031446862945278342 7.1873558478617824e-05 -0.0062270911210216585 0.00196329023118221 -0.0050798431358998648 0.004055366254058378 -0.002945331850534548 -0.002850803556730566 0.0002983345658798325
leaf_weight=20 20 20 27 21 21 30 20 24 30 34 50 63 20 22 23 20 193 52 22 20 43 34 692 25 31 24 29 23 23 84
leaf_count=20 20 20 27 21 21 30 20 24 30 34 50 63 20 22 23 20 193 52 22 20 43 34 692 25 31 24 29 23 23 84
internal_value=-1.84638e-12 3.03508e-05 -6.90848e-06 6.42864e-05 -0.00248686 1.20483e-05 0.000366312 -0.000820023 -0.000224291 0.000525788 0.00150032 0.000712144 -0.000432185 -0.00250454 -0.00432668 0.00119074 0.00114199 7.00832e-05 0.00186724 0.00468977 0.000870662 -0.000374435 -0.000248713 -0.00110526 -0.00274078 -0.00162337 -2.54027e-05 0.000550905 -8.71571e-05 0.00126253
internal_weight=1760 1740 1720 1672 48 1651 700 158 134 114 84 542 148 65 45 83 394 159 235 42 129 77 951 259 103 78 156 136 54 113
internal_count=1760 1740 1720 1672 48 1651 700 158 134 114 84 542 148 65 45 83 394 159 235 42 129 77 951 259 103 78 156 136 54 113
is_linear=0
shrinkage=0.05


Tree=125
num_leaves=31
num_cat=0
split_feature=214 218 187 128 248 111 147 280 122 110 205 147 240 194 94 175 86 292 100 246 326 310 321 230 224 107 209 87 192 298
split_gain=0.0534947 0.0574832 0.129683 0.135718 0.114925 0.143528 0.123009 0.104229 0.0977853 0.102095 0.093972 0.0909185 0.0776185 0.158215 0.157266 0.170481 0.145945 0.134585 0.170508 0.141611 0.142024 0.13467 0.131622 0.165151 0.154809 0.187752 0.161801 0.152441 0.13592 0.161053
threshold=0.35438678839621657 0.01940367593008949 0.025169510002421295 0.011028462768801093 0.011528409847024345 -0.033242342663550008 0.0012202398894933144 0.041452149186858127 -0.015912527251490883 -0.0033815061249994447 -0.0018699911304916421 -0.014001348654037521 -0.0062160329628939475 -0.0035379948777249028 0.040459622048874148 -0.010621617406514358 -0.085546866157703419 0.021032352947319043 0.042753902410097001 -0.01846421417543263 0.014354462846550094 0.0020603421148442103 -0.023526916830767276 0.010222690284350449 -0.039345369428700532 -0.056868804961567314 0.017487530708430888 0.039424946861634523 0.02286892058066178 0.0001409786078237142
decision_type=2 2 2 2 2 2 2 2 2 2 2 2 2 2 2 2 2 2 2 2 2 2 2 2 2 2 2 2 2 2
left_child=1 12 4 -4 5 -3 11 8 10 -10 -7 -6 13 16 17 -16 -1 18 19 -15 21 -21 -14 28 -25 -26 -27 -28 29 -24
right_child=-2 2 3 -5 6 7 -8 -9 9 -11 -12 -13 22 14 15 -17 -18 -19 -20 20 -22 -23 23 24 25 26 27 -29 -30 -31
leaf_value=-0.0031990577490665973 0.0023444345812701313 0.0013008149437207196 -0.00067068625524240944 0.0044532661947111292 2.6689332880778238e-05 -0.0069822000932287095 -0.001407705608289689 0.00086311703683653236 0.00021423539269323414 -0.0029891547050889741 -0.0023608059199018913 0.0046846346802670849 0.00098041595211980888 0.0067417187290266167 0.0025801787442160831 -0.0019356277507827863 0.00025418552983647318 -0.00059714925221421506 -0.00056418968451907856 0.0039133362006396055 0.0061278843857428952 -0.00067607800804332576 0.00063464877600550727 0.0011185801054192028 0.0017940294404979796 -0.00012110699628121093 -0.0025798370734572045 -0.0065036974994367672 0.0020188064629782939 -0.0012508939258317441
leaf_weight=39 24 35 28 24 20 22 40 24 38 72 22 22 203 30 33 57 142 33 28 31 23 33 227 41 24 37 71 38 73 226
leaf_count=39 24 35 28 24 20 22 40 24 38 72 22 22 203 30 33 57 142 33 28 31 23 33 227 41 24 37 71 38 73 226
internal_value=4.75914e-12 -3.24115e-05 -0.000608053 0.00169421 -0.00101388 -0.0016262 0.000576677 -0.00220174 -0.00267938 -0.00188253 -0.0046715 0.00246657 0.000111395 0.000652202 0.00142354 -0.000279832 -0.000489883 0.00228479 0.00294068 0.00377945 0.00275798 0.00154692 -0.000146926 -0.000457443 -0.0016392 -0.00230431 -0.00297801 -0.00394779 1.66086e-05 -0.000306041
internal_weight=1760 1736 347 52 295 213 82 178 154 110 44 42 1389 449 268 90 181 178 145 117 87 64 940 737 211 170 146 109 526 453
internal_count=1760 1736 347 52 295 213 82 178 154 110 44 42 1389 449 268 90 181 178 145 117 87 64 940 737 211 170 146 109 526 453
is_linear=0
shrinkage=0.05


Tree=126
num_leaves=31
num_cat=0
split_feature=215 307 116 202 294 276 202 148 181 1 180 177 125 222 111 181 227 90 316 322 249 310 292 311 106 203 135 283 89 301
split_gain=0.0557638 0.139512 0.12775 0.0806273 0.0674646 0.091664 0.0823422 0.0745433 0.0739042 0.108118 0.09084 0.125737 0.114661 0.0897561 0.0828382 0.0827618 0.078089 0.114262 0.0872939 0.0831198 0.0989076 0.134569 0.121924 0.128266 0.122295 0.117013 0.148307 0.214965 0.171562 0.137074
threshold=-0.097372736804606549 0.011972928483134129 0.012738444948850352 0.048332375660263764 0.0683472099174149 0.034891361444867479 0.036575370335600106 0.066172815483938871 0.028272896854705649 3.4175922930736511 -0.01470529949733417 -0.012329851219034077 0.018862261375092528 -0.00081615386774430763 0.005803528845785195 0.025159812834114045 -0.074458154452822597 -0.0093368063030875494 0.0021090356524294334 0.050025054771620343 0.036609238874116025 0.025452701605305522 0.0097630097463029426 -0.0044287260256283935 -0.007119341614132013 0.0069312639213307096 0.005345883799977435 0.0095426309941724716 -0.099255942125487356 -0.0048694863037587353
decision_type=2 2 2 2 2 2 2 2 2 2 2 2 2 2 2 2 2 2 2 2 2 2 2 2 2 2 2 2 2 2
left_child=1 2 -1 4 6 -6 7 8 15 -10 14 -12 13 -13 -11 16 17 -2 -19 20 25 22 24 -24 -22 29 28 -28 -27 -18
right_child=3 -3 -4 -5 5 -7 -8 -9 9 10 11 12 -14 -15 -16 -17 19 18 -20 -21 21 -23 23 -25 -26 26 27 -29 -30 -31
leaf_value=0.0027728779892413516 -0.004103547407846366 -0.0043776408126577739 -0.0025671233168049232 0.0023656375485950629 0.0034984993733345503 -0.00084318947396241125 -0.0025622569286497311 -0.002281833032112835 0.0040080817445414139 0.0038576180333151455 -0.0030782681529320059 0.00033525909736542212 -0.0017216652055140004 0.0045111372474242349 0.00039486849019363616 -0.0026829383923904974 0.0010327548607979504 0.0011523184665025044 -0.002910624705255032 0.00195889162662622 0.00020923957274090953 0.004627269164969524 0.00088468084577471024 -0.0040782547069956425 0.0045428974140021535 -0.0032537360892941555 -0.00090845635471244668 -0.0049897149691565173 0.00097367602622398417 -0.00040009117360503816
leaf_weight=24 28 25 21 37 31 20 32 35 25 31 31 31 32 22 39 30 277 39 20 56 41 24 30 23 27 30 114 45 120 420
leaf_count=24 28 25 21 37 31 20 32 35 25 31 31 31 32 22 39 30 277 39 20 56 41 24 30 23 27 30 114 45 120 420
internal_value=-3.46709e-12 -0.00138288 0.000280877 5.7279e-05 5.60977e-06 0.00179588 -5.13837e-05 -2.06705e-07 5.18173e-05 0.000920884 0.000505938 -0.000352427 0.000641703 0.00206864 0.00192837 -8.66819e-05 -2.64905e-05 -0.00147323 -0.00022495 7.77901e-05 -1.37318e-05 0.00120712 0.000528741 -0.00126905 0.00192996 -0.000189699 -0.000999586 -0.00206353 0.000128194 0.000169347
internal_weight=1760 70 45 1690 1653 51 1602 1570 1535 211 186 116 85 53 70 1324 1294 87 59 1207 1151 145 121 53 68 1006 309 159 150 697
internal_count=1760 70 45 1690 1653 51 1602 1570 1535 211 186 116 85 53 70 1324 1294 87 59 1207 1151 145 121 53 68 1006 309 159 150 697
is_linear=0
shrinkage=0.05


Tree=127
num_leaves=31
num_cat=0
split_feature=123 148 290 157 230 280 251 279 206 305 117 152 306 266 262 316 283 235 170 208 127 210 166 288 302 123 134 206 163 277
split_gain=0.0512377 0.125733 0.132119 0.163869 0.154183 0.152113 0.146355 0.145652 0.135292 0.129817 0.209093 0.126625 0.109513 0.1172 0.135143 0.109053 0.108436 0.110289 0.106458 0.117968 0.132721 0.16544 0.15512 0.236716 0.180756 0.115847 0.141066 0.116528 0.132732 0.108043
threshold=0.0037429049889926851 -0.010665154079298312 0.020128459466189356 0.030546072745211327 0.017059114292845328 -0.06082705154769117 0.00031475572181601815 -0.0011688690661564064 0.013471154279741311 -0.0014935732022374004 -0.011166170911726741 0.0062868424554016079 0.039670767016616836 0.0039488640237311688 0.0018708452867005414 -0.0099966120141555866 0.057691694607058079 0.055110410044434011 -0.055084601032143632 -0.00026785153271383029 -0.016547990622895383 0.016463211512967219 0.0085932392578774962 0.006816840055998581 0.0042149445724152081 0.020272891219469871 0.0068436133346128645 -0.0062996586490406967 0.018799907749458087 0.008109769943094116
decision_type=2 2 2 2 2 2 2 2 2 2 2 2 2 2 2 2 2 2 2 2 2 2 2 2 2 2 2 2 2 2
left_child=1 9 3 5 8 -3 -6 -5 -4 12 15 -12 13 14 -1 -11 17 -7 -2 20 22 25 24 -24 -20 26 -22 -27 29 -29
right_child=18 2 4 7 6 16 -8 -9 -10 10 11 -13 -14 -15 -16 -17 -18 -19 19 -21 21 -23 23 -25 -26 27 -28 28 -30 -31
leaf_value=-0.00010576382431151747 -0.0038955922727473081 -0.0036848275945521891 0.003390106909776207 -0.0064439887225273109 -0.0040986759962676018 -0.000468787489908109 0.0013289834510672976 -0.00079555875062942497 -0.00042021934573045555 0.0026422289690041607 -0.00086238201428204774 0.0028153641996058552 0.0034525929096465313 0.0013490731909297649 -0.0044602303964243872 0.007515830292620442 0.0031276309764227614 0.0023964234363489057 0.002473392682792298 0.00040821058814718888 0.00032033174749813043 -0.0042227103648221362 -0.0016416440352898191 -0.0082880516296773704 -0.0026590185345239229 0.0030588819980039263 -0.0039726329850964248 0.000418176478066016 0.0028270411174162293 -0.0034179884836013463
leaf_weight=49 20 30 74 21 23 364 27 25 34 24 50 44 21 54 28 22 26 37 29 395 50 23 37 21 42 48 31 50 32 29
leaf_count=49 20 30 74 21 23 364 27 25 34 24 50 44 21 54 28 22 26 37 29 395 50 23 37 21 42 48 31 50 32 29
internal_value=2.62431e-12 0.000248256 -0.000133459 -0.000529642 0.00112781 -0.00024332 -0.00116774 -0.00337419 0.00219056 0.00111234 0.00221085 0.000859116 0.000100563 -0.000436786 -0.00168921 0.00497308 -1.52828e-06 -0.000204416 -0.000293169 -0.000201621 -0.00081612 -0.000171782 -0.00212977 -0.0040481 -0.000562682 0.000216432 -0.00132265 0.0010005 0.000110383 -0.000990036
internal_weight=1760 953 661 503 158 457 50 46 108 292 140 94 152 131 77 46 427 401 807 787 392 263 129 58 71 240 81 159 111 79
internal_count=1760 953 661 503 158 457 50 46 108 292 140 94 152 131 77 46 427 401 807 787 392 263 129 58 71 240 81 159 111 79
is_linear=0
shrinkage=0.05


Tree=128
num_leaves=31
num_cat=0
split_feature=127 127 312 152 173 316 233 319 275 93 279 103 259 304 104 140 255 115 176 279 102 97 308 254 175 275 268 317 326 172
split_gain=0.0511193 0.136742 0.102343 0.189058 0.0745524 0.179144 0.169107 0.216866 0.151316 0.118863 0.11466 0.13182 0.12144 0.125468 0.11666 0.103625 0.086583 0.0937427 0.198337 0.200357 0.135694 0.224597 0.168389 0.156466 0.213998 0.207235 0.199355 0.181934 0.209356 0.167046
threshold=0.061515610792788028 0.065445595489782307 0.0050100121705112096 -0.0039490329765120976 -0.01450777617061679 0.0057414030974267671 0.022211203917816415 0.011248851591287953 -0.010491989909181784 -0.018170916849030858 -0.0011688690661564064 -0.037271852100069759 -0.0010227481878096847 0.0095161458991593565 -0.0047114226294902228 0.00081894819384183864 -0.090798316616195376 -0.0045096572756777378 -0.037269329943392056 0.0053060190943821977 0.018078910081934081 -0.028489139990874681 -0.022554448285618808 -0.0007089375157080111 -0.00079252313744606674 -0.014695858760113393 -0.021490903498526889 -0.021077285278946017 0.0040694087174134178 -0.0050081474783524966
decision_type=2 2 2 2 2 2 2 2 2 2 2 2 2 2 2 2 2 2 2 2 2 2 2 2 2 2 2 2 2 2
left_child=4 -2 3 -3 5 9 7 8 -7 15 11 -11 13 -12 -13 -1 -6 18 19 -18 21 -19 -22 24 29 -26 -25 -27 -29 -23
right_child=1 2 -4 -5 16 6 -8 -9 -10 10 12 14 -14 -15 -16 -17 17 20 -20 -21 22 23 -24 26 25 27 -28 28 -30 -31
leaf_value=-0.00010584865534759086 0.0040592390744547758 -0.005064452805423311 0.0019147209309710142 0.001370819658972323 -0.0029268235833708033 -0.0041702780855336682 0.00062941075098933664 -0.0061877808178235835 0.00084339443607913235 -0.0048259991318142662 0.0018950749858049677 -0.002514473837493968 0.002625322974865335 -0.0034671052805303284 0.0014298241274003443 0.0045014794306972852 -0.0059772406334476814 0.0028346298276119342 0.0008865322958843307 0.00056520396657288078 0.0022877321066334844 -0.0012752349475851736 -0.0017242492233337688 0.0038508447271873949 0.004295302496251205 0.002819009056492221 -0.00012664206288344064 0.00011892938132708272 -0.0061463977986325824 -0.0062959264560292164
leaf_weight=23 28 21 39 25 23 27 40 38 34 24 20 38 47 24 37 26 22 72 551 25 30 37 204 41 23 21 136 30 24 30
leaf_count=23 28 21 39 25 23 27 40 38 34 24 20 38 47 24 37 26 22 72 551 25 30 37 204 41 23 21 136 30 24 30
internal_value=-1.96068e-12 0.00102876 3.04835e-05 -0.00156702 -7.05828e-05 -0.000686949 -0.00211425 -0.00322281 -0.00137577 0.000143157 -0.000423102 -0.00160071 0.000858035 -0.00102975 -0.00056862 0.00233886 0.000113016 0.000169128 0.000620585 -0.00249722 -0.000247494 0.00029647 -0.00120989 -0.000237879 -0.00134555 0.000143321 0.000794697 -0.00112995 -0.00266566 -0.00352331
internal_weight=1760 113 85 46 1647 378 139 99 61 239 190 99 91 44 75 49 1269 1246 598 47 648 414 234 342 165 98 177 75 54 67
internal_count=1760 113 85 46 1647 378 139 99 61 239 190 99 91 44 75 49 1269 1246 598 47 648 414 234 342 165 98 177 75 54 67
is_linear=0
shrinkage=0.05


Tree=129
num_leaves=31
num_cat=0
split_feature=215 272 180 277 251 214 167 260 102 326 284 155 269 240 108 317 147 275 122 298 188 228 228 243 281 311 303 85 198 182
split_gain=0.050085 0.119511 0.0700361 0.11535 0.073718 0.0784767 0.0692247 0.120466 0.1632 0.147908 0.135826 0.129004 0.119742 0.142225 0.124136 0.114535 0.100471 0.110104 0.0885092 0.0922253 0.0874735 0.126077 0.137187 0.152285 0.153136 0.183048 0.18585 0.212276 0.165753 0.148067
threshold=-0.1061567591947022 0.0007338387704360921 0.048991354481010781 0.021952960934069083 0.11793036908486226 0.35438678839621657 -0.010529674038119064 -0.015568531087188657 -0.0016605098521014982 0.056259727600569041 0.011835151180725081 0.0024894462665806566 0.015089688845930052 0.0041599844976842925 -0.011112683351729583 0.022278389547560576 0.0048442823862028831 0.009664973284391325 0.0033867854358930424 -0.0097695358635932379 0.0054759063961007997 -0.056003375889417728 -0.035422814036312179 0.010310455144670742 0.007938067582505386 -0.020803161871008658 0.0057462279203389461 0.05563141147062603 0.0031106376864075067 -0.0084141302338520824
decision_type=2 2 2 2 2 2 2 2 2 2 2 2 2 2 2 2 2 2 2 2 2 2 2 2 2 2 2 2 2 2
left_child=1 -1 4 -4 5 6 7 8 16 11 -10 15 13 14 -13 18 -2 -18 -9 -20 -8 -22 -23 24 25 -24 27 -27 -26 -25
right_child=2 -3 3 -5 -6 -7 20 9 10 -11 -12 12 -14 -15 -16 -17 17 -19 19 -21 21 22 23 29 28 26 -28 -29 -30 -31
leaf_value=0.0010492750767456449 0.0032125568611483125 -0.0038986213953019337 0.0034426164549045467 -0.0011292366226288405 -0.0028902929509058597 0.0029895350337028506 -0.00055496499648771864 0.0042520648540942865 -0.00064095392270246531 -0.0028024094027426583 -0.0052306835703482789 -0.0019427115874956751 0.0025706219021230936 -0.0032209180470090361 0.0027832879915491281 -0.00033826596281869573 -0.0033089049020782117 0.0017636406929479719 0.0037960954082126804 -0.00021300895759850393 0.0029130274484064 -0.0034487074205222044 -0.00044333113024053595 0.0012625927492255406 0.0014227663368835827 0.0086209823986372128 0.00079036262767339077 0.0022317480698872644 -0.0028766119171632458 -0.0022065675720635259
leaf_weight=23 29 26 37 22 22 22 729 67 40 23 27 24 38 36 33 32 20 23 26 32 43 26 44 47 51 26 37 26 40 89
leaf_count=23 29 26 37 22 22 22 729 67 40 23 27 24 38 36 33 32 20 23 26 32 43 26 44 47 51 26 37 26 40 89
internal_value=-5.84472e-12 -0.00157614 4.51378e-05 0.00173786 -1.53165e-05 2.34869e-05 -1.70934e-05 0.000509173 -0.00071451 0.00105609 -0.00249055 0.00136424 0.000205756 -0.000760534 0.000793393 0.00233087 0.000938191 -0.000595683 0.00301416 0.00158418 -0.000221601 0.000344885 5.87964e-05 0.000312116 0.00111341 0.0021948 0.00349904 0.00542637 -0.00046707 -0.00100767
internal_weight=1760 49 1711 59 1652 1630 1608 450 139 311 67 288 131 93 57 157 72 43 125 58 1158 429 386 360 224 133 89 52 91 136
internal_count=1760 49 1711 59 1652 1630 1608 450 139 311 67 288 131 93 57 157 72 43 125 58 1158 429 386 360 224 133 89 52 91 136
is_linear=0
shrinkage=0.05


Tree=130
num_leaves=31
num_cat=0
split_feature=294 96 323 323 83 315 134 189 246 302 235 320 253 144 212 189 335 120 215 174 160 257 234 308 174 173 306 189 327 279
split_gain=0.0489384 0.0842176 0.0528119 0.0783386 0.230877 0.0919704 0.0731329 0.125738 0.119237 0.118366 0.106121 0.0986051 0.124912 0.165096 0.110607 0.0841801 0.0869104 0.122631 0.17265 0.105573 0.101328 0.123098 0.12952 0.135896 0.111213 0.110796 0.113914 0.104724 0.176012 0.196022
threshold=0.0683472099174149 -0.01267220069562486 0.075879872175375854 0.057126448291258895 -0.041120369494325314 0.074713766678326257 -0.0203084115800377 -0.02952498658278508 -0.051554562742463346 0.020774097109522677 0.027109681357316676 -0.029328253309014472 0.02556266591216131 -0.015679169064546757 0.012898828388258862 -0.04841588051023548 -0.033392329633518063 -0.0040895382906254102 -0.017898027772901594 0.0043172875237335656 0.026030549959683496 0.019220576804577779 0.017554647266130371 0.019400543688438059 -0.00025736485374847794 -0.032383299379218501 0.04363578065299533 -0.0023805857652541905 -0.010548560817593096 -0.010623454133435788
decision_type=2 2 2 2 2 2 2 2 2 2 2 2 2 2 2 2 2 2 2 2 2 2 2 2 2 2 2 2 2 2
left_child=2 -2 3 5 -5 6 7 -1 10 11 -9 -10 13 -13 -15 -8 17 19 -19 -17 25 22 23 24 -22 -18 27 28 -27 -30
right_child=1 -3 -4 4 -6 -7 15 8 9 -11 -12 12 -14 14 -16 16 20 18 -20 -21 21 -23 -24 -25 -26 26 -28 -29 29 -31
leaf_value=-0.0045381368581383008 0.0040564788260962813 -3.2491545083329958e-05 0.0020685972700072133 -0.0053380942634808333 0.0012632095966384643 0.0024772958787960108 0.0019225954926588525 -0.0055935272201895724 0.0023282536538317801 0.0025278943200671192 -0.00044277962297201157 -0.0047554300080186558 0.0013795117847621441 0.002381848569811237 -0.0018022720635469472 -0.0013598726931060969 -0.0017397874778507069 -0.0052561450354529152 -0.00053776630121184167 0.0022014873993803602 0.0020708991566061744 0.0017030157734338634 -0.0045593621659403049 -0.0038731832505652201 -0.0017597586757296488 0.0029528238090237233 0.0022969891157117671 -0.00012523645426927493 0.0025499709018731668 -0.00079790093460241742
leaf_weight=21 20 34 29 26 27 36 59 20 25 37 20 35 39 22 56 46 59 33 47 38 40 34 30 27 36 87 80 495 64 138
leaf_count=21 20 34 29 26 27 36 59 20 25 37 20 35 39 22 56 46 59 33 47 38 40 34 30 27 36 87 80 495 64 138
internal_value=-1.60443e-12 0.00148194 -4.69079e-05 -8.34909e-05 -0.00197517 -2.17552e-05 -7.84087e-05 -0.000819834 -0.000512415 -4.40525e-05 -0.00301815 -0.000581691 -0.0010603 -0.00190236 -0.000622135 7.68783e-05 -9.96168e-06 -0.00108308 -0.0024841 0.000251219 0.000151499 -0.000981854 -0.00166821 -0.000826129 0.000256377 0.000356558 0.000499711 0.000316316 0.00107261 0.000262811
internal_weight=1760 54 1706 1677 53 1624 1588 275 254 214 40 177 152 113 78 1313 1254 164 80 84 1090 167 133 103 76 923 864 784 289 202
internal_count=1760 54 1706 1677 53 1624 1588 275 254 214 40 177 152 113 78 1313 1254 164 80 84 1090 167 133 103 76 923 864 784 289 202
is_linear=0
shrinkage=0.05


Tree=131
num_leaves=31
num_cat=0
split_feature=182 144 287 233 210 299 173 181 315 298 257 302 211 151 108 142 275 301 320 284 273 273 214 150 243 9 139 129 180 269
split_gain=0.0477 0.144484 0.13511 0.154688 0.140247 0.114903 0.127878 0.111088 0.108634 0.135267 0.107707 0.188031 0.132299 0.128542 0.164586 0.122682 0.140151 0.131327 0.121368 0.165726 0.163722 0.119937 0.108266 0.152428 0.161123 0.111322 0.105408 0.135741 0.159084 0.131904
threshold=-0.0014306878517626102 0.042131559556815475 0.0390716357274331 -0.005604626145842756 0.01847208163130485 0.047345460264520585 0.0056470452812519903 -0.014572787315002398 -0.053349139686599469 -0.022952474167702696 -0.044892529733773903 -0.014133451273957836 -0.0083025658594361815 0.01285737171063454 0.049726376386329034 -0.0012101131115022322 -0.019939872267233576 0.018119716070572705 0.023471106853290492 0.0025179691127261788 -0.0017658142611169045 0.018780348019014934 0.18992909751967516 0.0061189045051419826 -0.010076002266185822 0.017825368581596345 0.0034474788819222574 0.0072145989249724823 -0.0014817656529239286 0.0075334370651959862
decision_type=2 2 2 2 2 2 2 2 2 2 2 2 2 2 2 2 2 2 2 2 2 2 2 2 2 2 2 2 2 2
left_child=1 2 4 7 8 10 -7 -4 -1 -10 11 -2 13 14 26 22 -17 21 19 20 -15 -18 23 25 -25 -14 27 29 -29 -12
right_child=5 -3 3 -5 -6 6 -8 -9 9 -11 12 -13 15 18 -16 16 17 -19 -20 -21 -22 -23 -24 24 -26 -27 -28 28 -30 -31
leaf_value=0.0029406723238935232 -0.0060122100822627552 -0.0018955009982269935 0.0033185361267533153 0.0047425235315275045 0.004168601029298522 -0.0044491253158246936 -0.00011071329703554512 -0.0015604592227776136 0.0015430654352746422 -0.00041964452952236633 -0.0016825527295493106 -0.00048772052482965941 0.0063602487149182711 0.00077614686608565254 -0.0047907857484040927 0.0028439180110581223 0.0008152713581662754 -0.0041083334023132917 -0.002182029846124351 -0.0005432583571581001 0.0063350967476489377 -0.0028976647054840782 -0.0012171788641286117 -0.0022897936163410065 0.0029934480441389261 0.0024541140537047267 0.0002465413321988308 0.0030166540726053494 -0.0018182119668420892 -0.0061129693135929608
leaf_weight=32 20 69 20 38 22 33 35 28 108 469 56 67 24 26 26 32 87 25 25 44 27 29 27 31 27 76 160 27 46 24
leaf_count=32 20 69 20 38 22 33 35 28 108 469 56 67 24 26 26 32 87 25 25 44 27 29 27 31 27 76 160 27 46 24
internal_value=7.32143e-13 0.000289762 0.000500059 0.00235923 0.00024667 -0.000233832 -0.00221612 0.000472456 0.000104991 -5.22742e-05 -8.50514e-05 -0.00175772 9.26311e-05 -0.000467381 -0.000968248 0.000813764 -0.000143391 -0.000821362 0.000924371 0.00172499 0.00360806 -0.000112963 0.00170883 0.00220885 0.000169646 0.00339159 -0.000650721 -0.00158903 -2.99738e-05 -0.00301168
internal_weight=1760 786 717 86 631 974 68 48 609 577 906 87 819 461 339 358 173 141 122 97 53 116 185 158 58 100 313 153 73 80
internal_count=1760 786 717 86 631 974 68 48 609 577 906 87 819 461 339 358 173 141 122 97 53 116 185 158 58 100 313 153 73 80
is_linear=0
shrinkage=0.05


Tree=132
num_leaves=31
num_cat=0
split_feature=215 201 314 215 294 276 302 261 141 303 303 116 181 135 335 295 127 204 104 315 328 247 327 268 283 179 286 285 194 161
split_gain=0.0472557 0.140992 0.118317 0.0877413 0.0573982 0.0756615 0.0631348 0.0919859 0.117352 0.0878783 0.160554 0.121867 0.111498 0.110014 0.13492 0.104563 0.151911 0.148046 0.16543 0.131125 0.248403 0.121845 0.171414 0.1671 0.157237 0.164738 0.20916 0.18101 0.16733 0.147558
threshold=-0.09630853321543538 0.0098867420529967255 -0.013986048257650463 -0.088974352022833977 0.0683472099174149 0.021173006162738546 0.039699758990998917 -0.022358967077593377 -0.010270446012553792 -0.032614635315340333 -0.038215016721570808 -0.0058007349011891781 0.035938380716584388 -0.0001285653939850366 -0.006611271785386715 -0.034890244160361267 -0.023944491487545783 0.0026147034382421491 -0.033027881294004739 0.00092854431740025973 0.00048966312543887651 -0.039039432659659909 -0.011047792107831231 -0.026421677222630138 0.01021630288799842 0.012057440757734364 0.014018050354455953 -0.014373109612976593 -0.0043404901538134531 0.015079564636418838
decision_type=2 2 2 2 2 2 2 2 2 2 2 2 2 2 2 2 2 2 2 2 2 2 2 2 2 2 2 2 2 2
left_child=1 2 -1 -2 6 -6 9 -8 -9 10 13 -12 15 -5 -15 -11 17 18 -17 20 -20 29 23 -23 25 26 27 -24 -28 -18
right_child=3 -3 -4 4 5 -7 7 8 -10 12 11 -13 -14 14 -16 16 21 -19 19 -21 -22 22 24 -25 -26 -27 28 -29 -30 -31
leaf_value=-0.0028171874159439048 0.0028309732480140937 -0.0048232308751903477 0.0018621637000303184 -0.0016284007608989408 0.0034719188986518596 -0.00043061483960153295 0.0027452686801552775 -0.0020365773583762349 0.0015770161457421294 0.0011452259117504583 -0.001101116408509287 -0.0063063931732398014 0.0015343099901956772 0.0036447470371300979 -0.0010225738180452027 0.00083462140838881692 -0.00050009468958720751 -4.3991812996847448e-05 -0.0023361719012059069 -0.0012372921844824958 -0.0087878631055355073 -0.0012633880610034491 -0.0039536305833497041 0.002606121434702448 -0.0015109775937162341 0.0026029348242861618 -0.0015482777943834664 -0.00022014332257481491 0.0032973548056625373 -0.0044680014027860659
leaf_weight=22 28 20 35 73 27 23 48 39 53 140 22 23 109 30 32 28 122 106 37 39 25 36 42 124 148 70 25 143 62 29
leaf_count=22 28 20 35 73 27 23 48 39 53 140 22 23 109 30 32 28 122 106 37 39 25 36 42 124 148 70 25 143 62 29
internal_value=3.63798e-12 -0.00121126 5.60984e-05 5.54171e-05 8.45907e-06 0.00167675 -4.35127e-05 0.000970916 4.51667e-05 -0.000140455 -0.00117514 -0.00376159 4.48146e-06 -0.000312987 0.00123581 -0.000137314 -0.00031063 -0.00142844 -0.00256605 -0.00350881 -0.00493766 1.73163e-05 0.000314544 0.00173548 -0.000149435 0.000439771 -0.000116926 -0.00106775 0.00190493 -0.00126214
internal_weight=1760 77 57 1683 1655 50 1605 140 92 1465 180 45 1285 135 62 1176 1036 235 129 101 62 801 650 160 490 342 272 185 87 151
internal_count=1760 77 57 1683 1655 50 1605 140 92 1465 180 45 1285 135 62 1176 1036 235 129 101 62 801 650 160 490 342 272 185 87 151
is_linear=0
shrinkage=0.05


Tree=133
num_leaves=31
num_cat=0
split_feature=0 4 4 67 145 153 290 83 153 110 126 328 173 330 315 110 268 115 96 181 10 244 81 217 178 166 321 133 146 170
split_gain=0.0460415 0.0671593 0.0901105 0.123258 0.0739492 0.0574426 0.113517 0.202976 0.102246 0.183946 0.127802 0.138225 0.160271 0.133172 0.0865193 0.137461 0.0917729 0.12517 0.158632 0.129782 0.113237 0.106736 0.131426 0.117944 0.0972246 0.0946644 0.0886247 0.132156 0.152899 0.123305
threshold=11.083556880738579 6.7833245593222182 6.6424859514441321 1.8688348091416842 -0.0067852107410799585 -0.03349362149275862 -0.0080322961028638003 -0.070658585243741398 -0.016084063464120214 0.055534863481915296 -0.013968035632479036 0.0094772593977706879 0.0062455764010479154 -0.012025704790865057 -0.053349139686599469 -0.025976094026179661 -0.010393859315780718 -0.046710066411690523 0.0058080072014278011 0.029056053338248428 0.062019230769230778 0.021517241472588534 -0.4667044152179583 0.0097183200039686803 -0.022667741314172585 -0.0096312424562827615 0.0014717831887784388 0.0082221586240295592 -0.0031037133302184564 0.0060516984421457943
decision_type=2 2 2 2 2 2 2 2 2 2 2 2 2 2 2 2 2 2 2 2 2 2 2 2 2 2 2 2 2 2
left_child=1 2 3 5 -4 6 7 -1 9 10 -7 13 -13 -12 15 -10 17 18 -16 26 -21 -18 23 -23 -24 -26 -19 29 -29 -28
right_child=-2 -3 4 -5 -6 8 -8 -9 14 -11 11 12 -14 -15 16 -17 21 19 -20 20 -22 22 24 -25 25 -27 27 28 -30 -31
leaf_value=-0.0056928882030425247 -0.0023853269126266241 0.0029081150237470869 -0.0041881058810521723 0.0029912003621991191 -0.00025963678699918093 0.004032910242191671 0.0005504476908707801 -0.00057934906880541682 0.0045891982996836304 -0.0024475663547115084 0.0022886180146799787 0.005924431054407488 2.1758462358063654e-05 -0.0025820298126038527 -0.0060377229082708567 0.00019729538236729679 -0.00012756428618084401 -6.8305303468247755e-05 -0.00022681285829647728 1.7417807248421015e-05 0.0048133790286192385 0.0019572022688490423 -0.00019300352595746518 -0.0030170800119566805 0.00098943327181041235 0.0048423671459948484 0.00033044957688520971 -0.0069610614086162634 -0.0011902816322011253 -0.0034552546875541643
leaf_weight=27 20 20 23 35 25 48 78 69 25 29 23 23 23 36 24 62 623 178 23 32 20 22 25 26 25 44 76 22 24 30
leaf_count=27 20 20 23 35 25 48 78 69 25 29 23 23 23 36 24 62 623 178 23 32 20 22 25 26 25 44 76 22 24 30
internal_value=3.64233e-12 2.74176e-05 -6.07893e-06 5.52402e-05 -0.00214203 -7.53232e-06 -0.000866369 -0.00201753 9.46123e-05 0.00120356 0.0018956 0.000918548 0.00297309 -0.000683303 -6.2943e-05 0.00145934 -0.000173863 -0.000759228 -0.00319409 -0.000459652 0.00186202 0.000154401 0.00139147 -0.000737201 0.00247846 0.00344638 -0.000825491 -0.00171219 -0.00395022 -0.000740976
internal_weight=1760 1740 1720 1672 48 1637 174 96 1463 182 153 105 46 59 1281 87 1194 429 47 382 52 765 142 48 94 69 330 152 46 106
internal_count=1760 1740 1720 1672 48 1637 174 96 1463 182 153 105 46 59 1281 87 1194 429 47 382 52 765 142 48 94 69 330 152 46 106
is_linear=0
shrinkage=0.05


Tree=134
num_leaves=31
num_cat=0
split_feature=219 321 198 297 292 232 194 242 229 94 289 95 324 226 139 133 323 133 318 283 188 193 131 109 99 328 297 164 244 314
split_gain=0.0421283 0.0861454 0.0979412 0.105461 0.114048 0.150874 0.133777 0.132684 0.113126 0.124563 0.106853 0.117272 0.107266 0.107061 0.127278 0.13219 0.13302 0.123577 0.12087 0.105634 0.0996826 0.0961557 0.0951456 0.0930795 0.0880238 0.0858553 0.0805355 0.165703 0.171604 0.0930093
threshold=-0.014755119500762784 -0.056706571220847025 -0.028933695467242403 0.034803148458407068 -0.027858681538677359 0.0023050109959545984 -0.0080982595180420867 -0.060482051523342358 0.034818190246715702 -0.041197571196359653 -0.032733912204809319 0.0022115322835288245 0.036374240799045728 -0.034690317114846166 -0.020027027214795309 -0.023649051167342804 -0.0049817501093487445 0.00054043681437088403 -0.0069763321432717912 0.025020080883184335 0.0043185131754498287 0.0034781010666935955 0.014271598092128208 -0.0010985260849600456 -0.0088135220019460482 0.068045508378087385 0.042242389891998432 -0.010112538259462393 -0.0074040585970235363 -0.059368698048394168
decision_type=2 2 2 2 2 2 2 2 2 2 2 2 2 2 2 2 2 2 2 2 2 2 2 2 2 2 2 2 2 2
left_child=1 -1 -3 4 5 21 -7 -6 9 -5 11 -9 13 22 19 -16 17 -17 24 -15 -20 -4 -12 -19 -18 26 29 -28 -29 -2
right_child=25 2 3 8 7 6 -8 10 -10 -11 12 -13 -14 14 15 16 18 23 20 -21 -22 -23 -24 -25 -26 -27 27 28 -30 -31
leaf_value=0.0028260251056053676 -0.0026502397902575989 -0.0022954535458522612 0.0020799326351455725 0.005866587600162761 -0.003700227546411312 0.0006538484584661606 0.0058002368314191699 -0.00027346041011200713 -0.0013177763008887112 0.0014582947435220546 0.004250290021300316 0.0049502673603239516 -0.0029488561914250669 6.9618296847507672e-05 -0.0043528812364316905 0.0030276880385109077 -0.0018539808888453991 -0.0028482707445688835 -0.0017145526403670804 0.0041184452595189212 -0.0057412104681134231 -0.0021355995367611609 -0.00037656234817404769 0.0013063189789785871 0.0028370698262006047 0.0028826541568956932 -0.0043946618859523117 -0.0035614783560352714 0.0016945370856609025 -2.1108146351032e-05
leaf_weight=32 35 38 24 22 27 23 28 22 23 59 25 21 36 49 26 38 20 26 51 24 22 31 20 28 20 22 35 24 44 865
leaf_count=32 35 38 24 22 27 23 28 22 23 59 25 21 36 49 26 38 20 26 51 24 22 31 20 28 20 22 35 24 44 865
internal_value=3.42776e-12 0.000288881 0.000173392 0.000314469 4.33628e-05 0.00152038 0.00347932 -0.000300733 0.00177688 0.00265561 -8.62786e-05 0.00227766 -0.000350303 -8.22577e-05 -0.000419191 -0.00099432 -0.000568356 0.000843196 -0.00171758 0.00140074 -0.00292807 -0.000296095 0.00219391 -0.000694039 0.000491544 -0.000207149 -0.000274921 -0.00159931 -0.000160527 -0.000123352
internal_weight=1760 735 703 665 561 106 51 455 104 81 428 43 385 349 304 231 205 92 113 73 73 55 45 54 40 1025 1003 103 68 900
internal_count=1760 735 703 665 561 106 51 455 104 81 428 43 385 349 304 231 205 92 113 73 73 55 45 54 40 1025 1003 103 68 900
is_linear=0
shrinkage=0.05


Tree=135
num_leaves=31
num_cat=0
split_feature=123 148 174 294 290 253 108 311 287 291 195 255 264 199 9 336 143 239 192 126 19 266 251 248 283 256 330 175 332 208
split_gain=0.0433396 0.0985727 0.108627 0.132648 0.10812 0.129702 0.151395 0.172796 0.130566 0.12212 0.113311 0.15204 0.186964 0.122459 0.107458 0.117241 0.104901 0.103625 0.132053 0.0924076 0.139081 0.110646 0.107915 0.121813 0.105261 0.106557 0.0940589 0.0918234 0.134059 0.238925
threshold=0.0037429049889926851 -0.010665154079298312 0.022222825420209553 0.010405230030228264 0.030332240908670125 0.026985332929402014 0.003557210341653043 0.011534412144316221 0.0068925295364832091 -0.0025594592102538469 -0.0068827982436242899 0.043016962943773752 -0.025680002975891739 -0.0032160328590901204 0.01527995400458638 0.0028056362077088556 -0.0067257613865828146 -0.032134738951188208 0.0067530285866098756 0.025276864118181797 27.764958590897162 -0.00058111265275525713 0.010042052660012128 -0.029127467183852052 -0.016086150585659084 -0.010119106854588942 -0.010753866111877 -0.0065517877255331317 -0.012095539299652644 -0.015101671422751118
decision_type=2 2 2 2 2 2 2 2 2 2 2 2 2 2 2 2 2 2 2 2 2 2 2 2 2 2 2 2 2 2
left_child=1 2 14 -4 5 10 7 -7 -8 -6 11 12 -3 -14 15 -1 -11 18 -12 20 22 -21 23 -19 -25 -26 -24 -2 -29 -30
right_child=27 4 3 -5 9 6 8 -9 -10 16 17 -13 13 -15 -16 -17 -18 19 -20 21 -22 -23 26 24 25 -27 -28 28 29 -31
leaf_value=0.0012616650206516223 0.00039692842485641861 -0.00550025815630631 -0.0028953288911309628 0.00176911860945876 -0.00056257409021435751 0.0026634182015966095 -0.0012871926663339966 -0.0031182512706436683 -0.0061602912959642714 0.00018970706500113013 0.004619511861294028 0.0025066736584488792 0.001184137867445626 -0.0025738431530518704 0.00083031215346233598 0.0055892055244024458 0.0047787793262889892 0.0031790469260886316 -0.00059164092548598998 -0.00018100579896860799 0.0034873614299365066 0.0048388460983655283 -9.694600065069444e-05 0.0025846684293355793 -0.0045761964085977531 -0.00051528347445301253 -0.0043439279816084309 -0.0018582848992170485 -0.0026764699651631793 0.00060165515887433685
leaf_weight=34 315 28 35 27 42 28 27 24 28 20 31 23 41 46 167 29 33 25 20 23 22 21 22 21 20 84 32 165 71 256
leaf_count=34 315 28 35 27 42 28 27 24 28 20 31 23 41 46 167 29 33 25 20 23 22 21 22 21 20 84 32 165 71 256
internal_value=-5.7356e-12 0.000228321 0.000993409 -0.000864037 -0.00010966 -0.000371645 -0.0019393 -5.04463e-06 -0.00376804 0.00145122 -6.20102e-06 -0.00120435 -0.00194656 -0.000802841 0.00149411 0.00325371 0.00304705 0.000508893 0.00257592 0.000118454 -0.000289691 0.00221483 -0.00069702 -7.02353e-06 -0.000644238 -0.00129623 -0.00261368 -0.000269629 -0.000696388 -0.000110109
internal_weight=1760 953 292 62 661 566 107 52 55 95 459 138 115 87 230 63 53 321 51 270 226 44 204 150 125 104 54 807 492 327
internal_count=1760 953 292 62 661 566 107 52 55 95 459 138 115 87 230 63 53 321 51 270 226 44 204 150 125 104 54 807 492 327
is_linear=0
shrinkage=0.05


Tree=136
num_leaves=31
num_cat=0
split_feature=286 196 105 215 253 332 313 215 333 9 176 121 276 101 106 184 85 105 158 112 149 109 103 314 314 327 230 135 236 323
split_gain=0.0427063 0.0620126 0.102056 0.0631516 0.120541 0.075795 0.171372 0.0781544 0.0725079 0.117696 0.105616 0.149797 0.103614 0.19014 0.137595 0.152367 0.123389 0.099566 0.103223 0.103263 0.0909796 0.113763 0.162686 0.101539 0.111148 0.109822 0.134942 0.119338 0.22498 0.174385
threshold=-0.094133763115035046 -0.048370567110069825 -0.022512595202978155 -0.097372736804606549 0.011981910644082567 0.055701130534857229 0.015048836865106866 -0.088974352022833977 0.017928891676993707 0.069605943152454788 -0.02476637565510106 -0.0016125653800308376 0.028287732172867532 -0.0025579845849730853 -0.010293760241234051 -0.00096248302656997266 -0.095937475729076224 0.063235157979066328 -0.010372127167011611 -0.0052200514328270753 0.013530227033149838 0.0061880128234363474 -0.048342261898437468 -0.045996951752380909 -0.034321667058935988 0.036988624150124411 -0.0035851276942915015 0.0055282188550194187 0.010802251611466937 0.014160438506090375
decision_type=2 2 2 2 2 2 2 2 2 2 2 2 2 2 2 2 2 2 2 2 2 2 2 2 2 2 2 2 2 2
left_child=-1 2 -2 4 -3 7 -7 -5 9 17 11 -10 13 16 15 -15 -12 20 19 -19 23 22 -22 -9 -25 26 -26 -28 29 -29
right_child=1 3 -4 5 -6 6 -8 8 10 -11 12 -13 -14 14 -16 -17 -18 18 -20 -21 21 -23 -24 24 25 -27 27 28 -30 -31
leaf_value=-0.0019371110887732358 0.0041203740012557928 -0.003436650096490565 0.0002127267303876579 0.0027086450885430431 0.0012610866127281705 0.00057247808144893502 -0.0049803605244960643 -0.0028798424841002808 -0.0033796984491138056 0.0028890123995464114 0.0054949070402496572 0.0014351577195338906 -0.00051675543459408038 0.001635442591214087 0.001767802907760063 -0.0039986563008278615 0.00188784772692474 -0.0018457590197656481 -0.0023939732797164954 0.0031743045209441339 -0.0038154586500380762 0.0018082985231207362 0.0005063557386246932 0.0032723365372724156 0.00068650863106540789 -0.0030652459231870518 -3.6502599662196029e-05 -0.001591435195816877 -0.0046344070555642252 0.0036559018073603513
leaf_weight=28 24 36 55 28 22 33 24 38 35 31 37 30 76 20 63 30 66 21 96 20 26 127 134 22 256 35 201 76 50 20
leaf_count=28 24 36 55 28 22 33 24 38 35 31 37 30 76 20 63 30 66 21 96 20 26 127 134 22 256 35 201 76 50 20
internal_value=-6.66933e-12 3.13159e-05 0.00139986 -3.40894e-05 -0.00165475 2.48437e-05 -0.00176556 9.1198e-05 4.26626e-05 -0.000150132 0.000665328 -0.00115746 0.00107109 0.00162977 0.000213458 -0.00174502 0.00318359 -0.000234101 -0.00149705 0.000603052 -5.84414e-05 0.000690954 -0.000195939 -0.000366574 -0.00022187 -0.00034236 -0.000184315 -0.000826768 -0.00191474 -0.00049824
internal_weight=1760 1732 79 1653 58 1595 57 1538 1510 1153 357 65 292 216 113 50 103 1122 137 41 985 287 160 698 660 638 603 347 146 96
internal_count=1760 1732 79 1653 58 1595 57 1538 1510 1153 357 65 292 216 113 50 103 1122 137 41 985 287 160 698 660 638 603 347 146 96
is_linear=0
shrinkage=0.05


Tree=137
num_leaves=31
num_cat=0
split_feature=106 189 233 225 220 284 122 160 114 94 251 325 325 166 222 222 293 244 115 297 159 167 158 276 313 220 85 312 300 265
split_gain=0.042015 0.0756762 0.0951753 0.0596476 0.0559036 0.118043 0.0779453 0.0928628 0.092963 0.0681887 0.0947096 0.0850054 0.164174 0.0967448 0.0963304 0.128057 0.167573 0.118927 0.16014 0.193706 0.129835 0.157683 0.126708 0.120496 0.117444 0.115058 0.150042 0.109163 0.156543 0.0985671
threshold=0.097381275912149012 -0.0022603472427166395 -0.014247199778344384 0.13063709397059511 0.093466950563674392 -0.011818998309096858 -0.0038277359422669178 -0.010888979982218367 0.016198417134296369 0.12046229974478541 -0.028789555004331006 0.0070994656975582786 0.0090937148405016658 0.04556519666908998 0.0024260228397455768 0.00093989234518153917 -0.005775739970415964 -0.03086815741070115 -0.043246750481671266 -0.0049568882153493811 0.022485638182773143 -0.010851938975819106 0.011546912117783191 -0.0033185504281108475 0.00044387232474383934 0.022350193954109438 0.22519233460215657 -0.030180235914014003 0.010259455731839697 1.0000000180025095e-35
decision_type=2 2 2 2 2 2 2 2 2 2 2 2 2 2 2 2 2 2 2 2 2 2 2 2 2 2 2 2 2 2
left_child=3 2 -2 4 9 -6 -7 -8 -9 11 -11 14 -13 -14 15 27 -17 23 19 -19 21 29 25 -16 -24 26 -23 28 -1 -20
right_child=1 -3 -4 -5 5 6 7 8 -10 10 -12 12 13 -15 17 16 -18 18 20 -21 -22 22 24 -25 -26 -27 -28 -29 -30 -31
leaf_value=-0.00021619039192876741 -0.0020554132969118656 -0.0027323069443043911 0.0028224782214965674 0.0022621269493053359 0.0036869091631454086 0.0019441263582671018 -0.0035853646252126921 -0.0014940819430068648 0.0028161415326725218 -0.00084192041540518412 0.0023823606864278838 -0.0040295848780421209 -0.00059237905628259683 0.0027289811157337998 0.0056394109806126875 0.00045729976634555943 -0.0056012895721942188 -0.0056112881709376112 0.0015150018605969049 0.00074683156469836835 -0.0020179437493373239 0.003611097253220607 -0.0043757827423343606 0.00092497523624897988 0.00073416410722648316 -0.0016566626697938234 -1.7623743290711831e-05 0.00025816126407471064 -0.0052682435666413412 0.005749057185905123
leaf_weight=46 20 38 20 30 31 41 21 29 22 36 62 34 469 23 23 21 25 23 28 25 35 63 22 33 23 27 52 388 23 27
leaf_count=46 20 38 20 30 31 41 21 29 22 36 62 34 469 23 23 21 25 23 28 25 35 63 22 33 23 27 52 388 23 27
internal_value=3.26075e-14 -0.00113444 0.000383532 5.26078e-05 1.24834e-05 0.000953732 0.000203923 -0.000787027 0.00036523 -7.73971e-05 0.00119793 -0.000166037 -0.000669325 -0.000437112 0.000133431 -0.000320828 -0.00283541 0.000733149 0.000366459 -0.00229977 0.000828476 0.00124015 0.000547975 0.00286126 -0.00176403 0.00128065 0.00197028 -6.77195e-05 -0.00190021 0.00359354
internal_weight=1760 78 40 1682 1652 144 113 72 51 1508 98 1410 526 492 884 503 46 381 325 48 277 242 187 56 45 142 115 457 69 55
internal_count=1760 78 40 1682 1652 144 113 72 51 1508 98 1410 526 492 884 503 46 381 325 48 277 242 187 56 45 142 115 457 69 55
is_linear=0
shrinkage=0.05


Tree=138
num_leaves=31
num_cat=0
split_feature=280 94 94 148 256 304 208 125 146 315 296 179 116 325 213 242 114 174 225 198 282 282 287 325 330 253 243 251 171 150
split_gain=0.0429257 0.0541324 0.0517983 0.0531285 0.0559198 0.0509961 0.143476 0.181109 0.148533 0.15403 0.126122 0.110363 0.112138 0.100703 0.093988 0.0915434 0.138098 0.100805 0.0949618 0.107014 0.0946428 0.0942734 0.116436 0.125725 0.162354 0.118122 0.110407 0.102134 0.116113 0.111539
threshold=0.082553035759173957 -0.16916700508761501 -0.12950744772525249 0.066172815483938871 0.0047142146385757621 -0.018214432621891753 -0.013916243230811495 -0.021971337622637751 0.024675606295831435 0.023357287648797274 -0.0046787058238901766 0.035828528620027944 0.017298678101483601 0.0020824909448522015 -0.15979383497689073 0.035330737343172845 0.026780189287856956 -0.012504185447195686 -0.0012924165741803962 -0.0045289626001814966 0.0050214727716591462 -0.0011115474466995689 0.0390716357274331 0.020280832302444939 -0.0072829975715680041 -0.010190504888158322 -0.047706623340485262 0.055579401155605453 0.032782369842414553 0.0051955216118724275
decision_type=2 2 2 2 2 2 2 2 2 2 2 2 2 2 2 2 2 2 2 2 2 2 2 2 2 2 2 2 2 2
left_child=1 -1 -3 5 -5 6 7 -4 11 -10 -9 12 14 -12 -8 21 17 -17 -18 -20 -19 22 23 26 -25 -26 -7 28 29 -28
right_child=-2 2 3 4 -6 15 8 10 9 -11 13 -13 -14 -15 -16 16 18 20 19 -21 -22 -23 -24 24 25 -27 27 -29 -30 -31
leaf_value=-0.0020664685544034 0.0021001076432488239 0.0023659745292009221 -0.0049220104701817036 4.6048167278058833e-05 -0.0036929275956936181 -0.0030885147145697073 0.0054636942408978944 0.0025907291673744719 -0.0030741988645436673 0.0020168281819981835 -0.004036799173230644 -0.00179843797814101 0.00024625462945550682 0.00052039024734835113 0.0021202122470144373 -0.0042305114603710964 0.0035644962674599486 -9.0372218692209573e-05 -0.0028638615974594596 0.0018619576729834082 -0.0027994682908886008 0.00056015721067531664 0.0017523174831347373 0.0005614144386207634 -0.0067775040771812208 -0.0022793064618545707 0.00020885147650239692 0.003026335214424223 0.0034691199101507665 -0.0020747395528649742
leaf_weight=32 24 23 24 20 20 30 25 30 39 24 22 22 70 27 132 34 22 80 23 25 54 493 55 37 20 54 175 27 20 77
leaf_count=32 24 23 24 20 20 30 25 30 39 24 22 22 70 27 132 34 22 80 23 25 54 493 55 37 20 54 175 27 20 77
internal_value=2.49481e-12 -2.90337e-05 9.22794e-06 -2.30178e-05 -0.00182344 2.08681e-05 0.000499945 -0.00111811 0.00103411 -0.00113476 3.75042e-05 0.00158286 0.00191056 -0.00152569 0.00265261 -0.000141299 -0.00102159 -0.00179904 0.000844272 -0.000402497 -0.0011821 7.07558e-05 -0.000416668 -0.000687791 -0.00214289 -0.00349504 -0.000196863 9.32693e-05 -0.000197881 -0.000488912
internal_weight=1760 1736 1704 1681 40 1641 415 103 312 63 79 249 227 49 157 1226 238 168 70 48 134 988 495 440 111 74 329 299 272 252
internal_count=1760 1736 1704 1681 40 1641 415 103 312 63 79 249 227 49 157 1226 238 168 70 48 134 988 495 440 111 74 329 299 272 252
is_linear=0
shrinkage=0.05


Tree=139
num_leaves=31
num_cat=0
split_feature=162 162 235 162 295 313 110 106 86 156 138 327 162 235 167 199 320 237 232 186 136 136 272 198 182 284 268 162 310 81
split_gain=0.0419416 0.101536 0.115628 0.123269 0.118331 0.111341 0.0912518 0.0980315 0.0873654 0.0873717 0.0804736 0.0798812 0.0635555 0.10844 0.0977159 0.158058 0.156534 0.13292 0.134364 0.123819 0.11531 0.113696 0.109194 0.104597 0.103726 0.0977081 0.121425 0.0939371 0.137564 0.116768
threshold=-0.044298184431543701 -0.021102408867864884 -0.083667781613117984 -0.037646482694713788 -0.026675008154218725 0.031768042878496987 -0.055590030828270402 0.013059463463019392 -0.062543258077811886 0.017922356553065344 -0.0014479370448630346 0.0035983989195523323 0.007219250133934171 0.029276095833191764 0.0022244652631175127 0.0011653383999336462 0.0044722660508206879 -0.041981281496676646 0.03418585701623858 0.00028141114766958144 -0.031126812819391374 -0.0021712013089979208 -0.0018340632711234901 -0.011088561251596076 0.00054718952502893006 0.011612902460226969 -0.011959436043344625 0.016700383458856615 0.0058633971252055909 -0.51231604911223583
decision_type=2 2 2 2 2 2 2 2 2 2 2 2 2 2 2 2 2 2 2 2 2 2 2 2 2 2 2 2 2 2
left_child=8 2 -2 -4 -5 6 -6 11 -1 10 -10 -8 13 14 17 19 22 23 20 24 -19 25 -17 -3 -16 26 -22 28 29 -14
right_child=1 12 3 4 5 -7 7 -9 9 -11 -12 -13 27 -15 15 16 -18 18 -20 -21 21 -23 -24 -25 -26 -27 -28 -29 -30 -31
leaf_value=0.0034071899450349588 0.0023447699063829288 0.0044590656888549738 -0.00454755760365515 -0.004276765588893677 -0.0028665586678835102 -0.0036684388294816019 0.0038186783836863473 -0.0010957598742933419 -0.0030390000988349871 0.0020510977212767549 0.00078675586264580493 8.7512120640335177e-05 -0.0036460265819914643 0.0014266972502732546 0.0020309714932653417 -3.6166511320819458e-05 0.001186342623093099 -0.002853020909242332 -0.0037670136251322485 0.0037672092814996874 0.0056052244582679121 -0.00084497785262542524 -0.0044190869429924836 -0.00021307493094354868 -0.0022902731051934618 -0.0012231634668919637 0.00096816962832235731 0.00014062677669447914 -0.0028099421317441557 0.00052244964465942418
leaf_weight=27 22 23 28 23 20 22 32 39 27 37 28 26 20 188 41 27 70 43 34 59 20 167 30 25 21 27 48 402 79 105
leaf_count=27 22 23 28 23 20 22 32 39 27 37 28 26 20 188 41 27 70 43 34 59 20 167 30 25 21 27 48 402 79 105
internal_value=-1.41468e-12 -6.57288e-05 -0.00108684 -0.00148419 -0.000954716 -0.000405025 0.000208609 0.000842664 0.000906394 0.000172465 -0.00109134 0.00214609 8.57591e-05 0.000371891 5.96024e-05 0.000834413 -0.000397678 -0.000436917 -0.0007856 0.0021276 -0.000453246 -5.93896e-05 -0.00234297 0.00202566 0.000567324 0.00132159 0.00233201 -0.000302833 -0.00117671 -0.000144507
internal_weight=1760 1641 212 190 162 139 117 97 119 92 55 58 1429 823 635 248 127 387 339 121 305 262 57 48 62 95 68 606 204 125
internal_count=1760 1641 212 190 162 139 117 97 119 92 55 58 1429 823 635 248 127 387 339 121 305 262 57 48 62 95 68 606 204 125
is_linear=0
shrinkage=0.05


Tree=140
num_leaves=31
num_cat=0
split_feature=108 324 274 321 284 315 141 298 202 236 198 198 293 300 313 192 287 240 205 112 304 256 120 114 204 109 319 130 282 114
split_gain=0.0391918 0.089233 0.130717 0.140428 0.127641 0.120603 0.164305 0.120388 0.119674 0.112948 0.110606 0.121168 0.111915 0.10369 0.0995694 0.0995122 0.0850955 0.140029 0.127259 0.109223 0.102053 0.120353 0.150733 0.124687 0.11259 0.099527 0.101339 0.102679 0.0984246 0.0974638
threshold=-0.01930010564225761 0.010067804468463913 -0.013763785454523191 0.0044464690314666997 -0.0079709541828991998 0.003980533331438667 0.0056504468731595021 0.0041829316879980387 -0.0099956943547172324 0.0030960059183187481 -0.0073275666292459398 -0.00034322191315123556 -0.0043769211663756977 0.013911991105505591 -0.0083982127290389754 0.051801936503791064 0.012346581572023695 -0.031833857856123325 -0.0095723432614922051 0.034559258506589689 0.0019274012402294395 -0.069446557981072091 0.039681074567647363 0.032619193484266409 -0.016989193117129934 0.0026917394642224624 -0.0091786210072835953 -0.00747242985852321 -0.0023220188921506285 -0.014301824172408046
decision_type=2 2 2 2 2 2 2 2 2 2 2 2 2 2 2 2 2 2 2 2 2 2 2 2 2 2 2 2 2 2
left_child=16 15 5 10 7 6 8 -5 -3 -6 12 -12 -4 14 -7 -2 20 -18 -19 28 21 -1 23 29 -22 -26 -27 -28 -20 -23
right_child=1 2 3 4 9 13 -8 -9 -10 -11 11 -13 -14 -15 -16 -17 17 18 19 -21 24 22 -24 -25 25 26 27 -29 -30 -31
leaf_value=-0.0051892095891525976 -5.203829343254182e-05 -0.0029221521504223351 0.0072150181003269699 -0.0048592247624765147 -0.00057404169526237704 7.8509649788231959e-05 -0.0048723180840689953 0.00050071850048632105 0.00222240177099593 0.003184594056659901 -0.0012214699647821754 0.0026703229318705522 0.0021664650131361157 -0.0018354601071526606 0.0047309841889886153 -0.0034645605345510625 0.0032822997048119642 0.0017952027117931529 -0.0020839341613464058 -0.0040989588790883626 -0.0031403423570420435 -0.0030059476021657857 0.0018550551755885992 -0.0051741630841127557 -0.00075180686431445393 -0.00036194748545037304 0.00043287965469062333 0.0050579798128455884 0.0013248146418482066 -0.00020503801590001042
leaf_weight=20 738 20 21 20 39 23 28 22 26 41 28 70 23 21 23 22 37 57 40 24 23 48 35 23 72 33 20 30 45 88
leaf_count=20 738 20 21 20 39 23 28 22 26 41 28 70 23 21 23 22 37 57 40 24 23 48 35 23 72 33 20 30 45 88
internal_value=-1.63079e-12 0.000168619 0.000768064 0.00142454 0.000180427 -0.000461077 -0.00185251 -0.00205164 -1.43608e-05 0.00135226 0.00249342 0.00155838 0.004576 0.00107573 0.00240475 -0.000150822 -0.000330153 0.000500768 -0.000119212 -0.00112033 -0.000760452 -0.00149622 -0.0011155 -0.0017694 0.000124128 0.000608533 0.00178859 0.00320794 -0.000279302 -0.00119359
internal_weight=1760 1165 405 264 122 141 74 42 46 80 142 98 44 67 46 760 595 203 166 109 392 214 194 159 178 155 83 50 85 136
internal_count=1760 1165 405 264 122 141 74 42 46 80 142 98 44 67 46 760 595 203 166 109 392 214 194 159 178 155 83 50 85 136
is_linear=0
shrinkage=0.05


Tree=141
num_leaves=31
num_cat=0
split_feature=280 11 326 203 147 322 251 104 206 257 319 334 136 173 154 248 322 165 240 294 286 283 81 249 297 216 109 131 213 286
split_gain=0.0397585 0.0494694 0.0439331 0.100477 0.103186 0.0976675 0.108821 0.181587 0.115651 0.0963589 0.117903 0.0957632 0.107298 0.13771 0.109508 0.12032 0.125943 0.103321 0.13925 0.14699 0.112884 0.0991387 0.09506 0.106018 0.0948005 0.0943835 0.0933202 0.105998 0.133439 0.147263
threshold=0.082553035759173957 4.693376068376069 0.00055124958441061785 -0.030881487537987331 -0.00054588305868269601 0.024433486837313976 -0.033922473273319563 0.022373432757898746 0.012552051833594853 -0.0059907459454484561 -0.022241892564875163 -0.00072803202435651906 0.026246699581401228 -0.020126931381469659 -0.0236054814679111 -0.045678384750732555 0.0112039065679052 -0.00041115744485134667 -0.022710891357040883 0.018260774202882499 0.028016505515994213 0.022713716498309836 -0.45368187627598661 0.0066213267575219023 0.068880889476867532 -0.036618920039506633 0.093837300994678116 0.0048042112392779534 0.16972278479327821 0.013451161133295038
decision_type=2 2 2 2 2 2 2 2 2 2 2 2 2 2 2 2 2 2 2 2 2 2 2 2 2 2 2 2 2 2
left_child=1 2 5 4 -4 6 7 8 22 -7 -11 17 13 -13 -15 -16 25 20 -19 21 -8 -20 -1 -24 26 -17 27 -5 29 -29
right_child=-2 -3 3 24 -6 9 11 -9 -10 10 -12 12 -14 14 15 16 -18 18 19 -21 -22 -23 23 -25 -26 -27 -28 28 -30 -31
leaf_value=0.0020921207489057753 0.0020211465617952246 -0.0023313895070358466 -0.003705282232934429 0.00091512194364811329 0.00020540052099858185 -0.00044689931300357543 0.0023120503800314373 -0.0048384452172155895 -0.0038649297734398556 0.0053411070102204888 0.00095849190675245048 -0.0038645761237421543 0.0013645935570821166 -0.0038082591611891987 0.0031904474324123428 -0.0029213331718929113 -0.0035720104169740807 0.0031575211382005365 -0.0011937240116323715 0.0016777931202857478 -0.0018063360499218106 -0.0051670723687857398 -0.0041060050358646552 0.00053456218397514028 -0.0028059661912266166 0.00044408140676096088 0.0035915097338147465 -0.00096718635144902188 -0.0042661336416495036 0.001458087658016559
leaf_weight=36 24 23 31 432 37 67 99 35 23 21 57 40 50 25 22 25 32 24 73 37 20 20 20 32 22 125 24 162 20 102
leaf_count=36 24 23 31 432 37 67 99 35 23 21 57 40 50 25 22 25 32 24 73 37 20 20 20 32 22 125 24 162 20 102
internal_value=-2.43497e-12 -2.79421e-05 2.98566e-06 0.000264159 -0.00157741 -0.000242511 -0.000475599 -0.0016982 -0.000708028 0.000943828 0.00213843 -0.000174081 -0.000762375 -0.00115772 -0.000684909 -0.000302145 -0.000724327 0.00051334 -0.000341717 -0.00098773 0.00161988 -0.00204821 0.000117071 -0.00125027 0.000428498 -0.000116821 0.000524658 0.000421859 -0.000328457 -3.01487e-05
internal_weight=1760 1736 1713 830 68 883 738 146 111 145 78 592 319 269 229 204 182 273 154 130 119 93 88 52 762 150 740 716 284 264
internal_count=1760 1736 1713 830 68 883 738 146 111 145 78 592 319 269 229 204 182 273 154 130 119 93 88 52 762 150 740 716 284 264
is_linear=0
shrinkage=0.05


Tree=142
num_leaves=31
num_cat=0
split_feature=95 115 293 233 305 196 221 7 241 334 267 156 9 284 112 176 115 243 171 131 171 302 320 322 131 171 303 307 128 118
split_gain=0.0377875 0.0437532 0.0844577 0.14227 0.122469 0.108422 0.066746 0.103096 0.066091 0.0636694 0.109262 0.0790964 0.0714547 0.0968 0.0707152 0.0694919 0.0948936 0.0954655 0.083851 0.099492 0.0993892 0.126887 0.0967752 0.117743 0.129772 0.0853265 0.136527 0.147906 0.113857 0.0991897
threshold=0.17365360044602177 0.052315303652967611 0.00037788936489107408 -0.023187256312133982 -0.010287786783418492 -0.0032893701257040988 -0.0095440522905415309 0.73249980555339511 -0.018572802386432313 -0.0407037105932887 -0.030880534815076483 -0.017498501752017056 0.065318976026005698 -0.0013673001391949701 -0.0064178125461743342 -0.037269329943392056 -0.03625072093927445 0.0057070817386213179 0.051235580936236792 -0.0077221280709002136 0.033667792042547932 -0.014133451273957836 0.041926787042704132 -0.026535205696439187 0.0021486169078573764 0.014713217369933081 -0.032614635315340333 0.016830111924102775 0.0059213968106155007 -0.0047854916630518671
decision_type=2 2 2 2 2 2 2 2 2 2 2 2 2 2 2 2 2 2 2 2 2 2 2 2 2 2 2 2 2 2
left_child=1 9 3 -3 -5 -6 8 -8 -4 10 -1 -12 15 -14 -13 16 -11 -18 20 -20 22 -22 25 -24 -25 -17 -27 28 29 -28
right_child=-2 2 6 4 5 -7 7 -9 -10 12 11 14 13 -15 -16 18 17 -19 19 -21 21 -23 23 24 -26 26 27 -29 -30 -31
leaf_value=0.0039521666321282586 0.0017899347228351337 -0.0028143559936254932 -0.00524483694229275 -0.0011222564899880025 0.00048183549311943359 0.0055154999287839492 -0.0021868833707589094 0.0023625513771548868 -0.0015581991298184281 -0.0039629470356605731 -0.0016381522659988453 0.0038435262208804488 0.0037981958511019392 -0.00022739237857649641 0.00031545033603574019 0.00030711646463352433 0.00079070667046695373 -0.002789722259381208 -0.0047536924562882636 0.00017386085043350857 0.0052466371399350472 0.00058453002948900335 0.00093975418337410496 -0.00079454006826771163 -0.0053613993530494293 -0.0044837825101516817 0.0029988401872105899 0.0020320058891387738 -0.0030869609393252462 -0.0012330930674862531
leaf_weight=27 29 26 20 27 20 23 33 20 31 26 33 20 28 32 49 841 52 29 20 21 20 54 31 35 28 23 20 46 51 45
leaf_count=27 29 26 20 27 20 23 33 20 31 26 33 20 28 32 49 841 52 29 20 21 20 54 31 35 28 23 20 46 51 45
internal_value=-7.88377e-12 -2.99874e-05 -0.00072549 0.000343948 0.00151703 0.00317426 -0.00171266 -0.000470116 -0.00300394 6.08686e-05 0.00112385 0.000375182 -3.69381e-05 0.00165122 0.00133808 -0.000112414 -0.00133478 -0.000491175 -6.50873e-06 -0.00222982 6.98363e-05 0.00184456 -4.74222e-05 -0.00158293 -0.00282426 9.32581e-05 -0.00087893 -0.00036713 -0.00131851 6.90402e-05
internal_weight=1760 1731 200 96 70 43 104 53 51 1531 129 102 1402 60 69 1342 107 81 1235 41 1194 74 1120 94 63 1026 185 162 116 65
internal_count=1760 1731 200 96 70 43 104 53 51 1531 129 102 1402 60 69 1342 107 81 1235 41 1194 74 1120 94 63 1026 185 162 116 65
is_linear=0
shrinkage=0.05


Tree=143
num_leaves=31
num_cat=0
split_feature=230 295 279 321 124 237 271 271 230 252 174 105 233 200 127 305 265 332 311 293 126 183 192 183 146 258 106 283 305 314
split_gain=0.037888 0.111994 0.0801733 0.099679 0.0855513 0.0730033 0.0718066 0.0697251 0.0619834 0.12587 0.110982 0.149946 0.171111 0.117537 0.114484 0.098304 0.108887 0.125715 0.104715 0.0827729 0.11033 0.0786463 0.071618 0.0943834 0.0872598 0.0966268 0.12772 0.109811 0.144381 0.130868
threshold=0.051920988835069078 -0.0085952912856581826 -0.022267326687605515 0.0084032263541213605 -0.012157720717355099 -0.0049292157470128559 0.027582707185118183 -0.0078475719935400638 0.0097732638666449788 0.057113969036565938 -0.0077995681101101517 0.0052216190922083341 0.0033126417411909062 -0.0070984879895579387 -0.034640695593784666 -0.013033837173904338 0.022839404057142642 -0.0012828053081419249 0.0026382917977369213 -0.015294734546032999 -0.00041402658015731212 0.0088947061438593312 0.026397625216739766 0.032816804046015953 0.019238387579935387 0.013247980762219518 -0.030853534637088901 0.036160010717848655 0.016743305573719312 -0.0150652388821914
decision_type=2 2 2 2 2 2 2 2 2 2 2 2 2 2 2 2 2 2 2 2 2 2 2 2 2 2 2 2 2 2
left_child=8 6 -3 4 -4 -6 7 -2 22 10 11 12 -10 -13 -12 19 17 -17 -19 -16 -21 -15 24 -24 25 27 -27 29 -29 -1
right_child=1 2 3 -5 5 -7 -8 -9 9 -11 14 13 -14 21 15 16 -18 18 -20 20 -22 -23 23 -25 -26 26 -28 28 -30 -31
leaf_value=-0.0011880399359102925 -0.00050379612221149726 0.0040218699793331328 -0.00076908688907596204 -0.0013259709041033472 0.0051585808227008045 0.0014829381049743721 0.0015741021334542895 -0.0042671598470769827 -0.0054862196972543329 -0.0034466042755437751 0.0025396125145360003 -0.0027850457082072705 -0.00019334007430678378 -0.00018011077234846061 0.0005478864081669599 0.0013798573871452446 0.0029885431272642956 0.00012339510657410655 -0.0038763658485064904 -0.0051781411813572051 -0.00071377747827359745 0.0037934066052548589 0.0019005410576665724 -0.001158130651884042 -0.00095304988601560808 0.0038239357600520769 0.00056371855334530344 -0.00025589956419675477 -0.0054250286341729487 0.00068713021211241822
leaf_weight=137 32 25 22 35 22 35 20 20 37 35 45 26 26 33 30 67 35 36 30 25 31 20 107 33 202 35 212 35 22 290
leaf_count=137 32 25 22 35 22 35 20 20 37 35 45 26 26 33 30 67 35 36 30 25 31 20 107 33 202 35 212 35 22 290
internal_value=-1.30595e-12 0.000628563 0.00145762 0.000895287 0.00187939 0.00290161 -0.000971981 -0.00195124 -8.56209e-05 -0.000560495 -0.000331439 -0.00148242 -0.00330186 -3.14774e-05 0.000215181 -0.000196627 0.000507147 -0.000145852 -0.00169468 -0.00157144 -0.0027068 0.00131933 0.000125041 0.00117957 -3.31949e-05 0.000220992 0.00102569 -0.000189671 -0.002251 8.54948e-05
internal_weight=1760 211 139 114 79 57 72 52 1549 476 441 142 63 79 299 254 168 133 66 86 56 53 1073 140 933 731 247 484 57 427
internal_count=1760 211 139 114 79 57 72 52 1549 476 441 142 63 79 299 254 168 133 66 86 56 53 1073 140 933 731 247 484 57 427
is_linear=0
shrinkage=0.05


Tree=144
num_leaves=31
num_cat=0
split_feature=215 272 302 232 289 141 86 202 303 189 330 237 295 241 250 281 142 181 194 97 307 302 97 334 268 295 288 141 303 208
split_gain=0.0384098 0.090881 0.0484834 0.0751346 0.0844963 0.0770657 0.0809374 0.0656616 0.0653425 0.15693 0.108135 0.0977996 0.0790348 0.113719 0.114937 0.0977093 0.0951134 0.0911316 0.0868273 0.134953 0.110851 0.124066 0.113432 0.0980474 0.102044 0.162656 0.0956382 0.0945401 0.0924999 0.129731
threshold=-0.1061567591947022 0.0007338387704360921 0.039699758990998917 0.0027656171787255571 -0.013871973776645825 -0.010789697847652022 -0.0072346359814337404 0.054356102604719507 -0.032614635315340333 0.0021105548537030485 0.014038971818190429 -0.019812287647587915 -0.034890244160361267 0.066542746952173396 0.025271808888338767 0.0097526542076619913 -0.037125946077517132 0.035938380716584388 -0.0055682909936719529 -0.0080689904648537387 -0.029780794808423307 -0.019853054634668812 0.030667327336921932 -0.011835752393290792 -0.011132578572695338 -0.0046404566042361128 -0.0098307165166324432 -0.0097298763783382047 0.0046898299781642167 0.0021016007331791354
decision_type=2 2 2 2 2 2 2 2 2 2 2 2 2 2 2 2 2 2 2 2 2 2 2 2 2 2 2 2 2 2
left_child=1 -1 7 5 -5 6 -4 8 9 11 -11 -2 13 14 -10 -16 -14 18 19 23 -21 26 27 -18 -25 -26 -22 -23 29 -20
right_child=2 -3 3 4 -6 -7 -8 -9 12 10 -12 -13 16 -15 15 -17 17 -19 28 20 21 22 -24 24 25 -27 -28 -29 -30 -31
leaf_value=0.00090918918342694 -0.0030438340711130187 -0.0034055449408837237 -0.0039195705158635982 0.0042759601425911694 0.00048669527825568953 0.0011272348821876222 0.00057868991774739692 0.0027995011641178281 0.00052836482841890349 -0.004672056787929155 -0.00043795749358832841 0.00069698892685454879 -0.0015225283220961165 -0.0025052578281611207 0.0059529629959301517 0.0015340774669061047 0.0027479411864822561 0.0015952468543113101 -2.949755779458302e-05 0.0011986231614303376 -0.0024844928033417092 -0.0021767097170509045 -0.0012338699398537142 -0.0025993577497346061 -0.0019723879858585341 0.0025097916512701584 0.0015422327052025747 -0.0064435873173779856 -0.0004124988231459877 0.0019306897975761316
leaf_weight=23 21 26 20 28 31 64 20 20 101 38 25 104 108 20 22 29 33 86 202 28 29 21 37 35 35 48 30 34 297 145
leaf_count=23 21 26 20 28 31 64 20 20 101 38 25 104 108 20 22 29 33 86 202 28 29 21 37 35 35 48 30 34 297 145
internal_value=-2.87524e-12 -0.00138026 3.95282e-05 0.000859754 0.00228499 5.1206e-05 -0.00167044 -4.68392e-05 -8.40949e-05 -0.000957025 -0.00299186 6.85307e-05 3.83759e-05 0.00103903 0.00150538 0.00344026 -0.000108981 3.50412e-05 -0.000102718 -0.000762203 -0.00169088 -0.00222668 -0.00337441 0.000338682 -0.000335094 0.000619716 -0.000437005 -0.00481442 0.000235216 0.000789601
internal_weight=1760 49 1711 163 59 104 40 1548 1528 188 63 125 1340 172 152 51 1168 1060 974 330 179 151 92 151 118 83 59 55 644 347
internal_count=1760 49 1711 163 59 104 40 1548 1528 188 63 125 1340 172 152 51 1168 1060 974 330 179 151 92 151 118 83 59 55 644 347
is_linear=0
shrinkage=0.05


Tree=145
num_leaves=31
num_cat=0
split_feature=53 0 236 56 61 149 210 190 168 212 121 159 334 109 275 111 113 289 163 286 335 222 151 297 287 288 184 335 219 201
split_gain=0.0368781 0.0567734 0.105797 0.12546 0.0788279 0.113678 0.0539869 0.137036 0.135018 0.0616504 0.056457 0.0774967 0.122481 0.0905436 0.0810794 0.093997 0.112849 0.0844997 0.0724857 0.0694335 0.0687252 0.107979 0.148434 0.132324 0.114729 0.0865658 0.112354 0.0785273 0.070739 0.0901311
threshold=0.89587973461402759 10.916273326314245 -0.00913240995614986 1.0000000180025095e-35 3.2769667020129059 -0.0022185511186540419 0.016315735964177121 0.00023107286249046571 -0.0034001650791287319 -0.21562175459806654 -0.037077887253223321 -0.015690336942980405 -0.017033797874054693 0.0026917394642224624 0.01680094598480629 -0.0014412490588157328 -0.012608196735083241 0.02619227868001844 0.0037598374466222451 -0.094133763115035046 -0.027716190164417277 -0.0060229305116399666 0.010698155728122395 0.017193861761413239 0.00052376258848604526 -0.0019318035233015125 -0.0052231696530836416 -0.044286673995325591 -0.014042201346020794 0.0038473185181934232
decision_type=2 2 2 2 2 2 2 2 2 2 2 2 2 2 2 2 2 2 2 2 2 2 2 2 2 2 2 2 2 2
left_child=1 4 -3 -4 6 -6 9 8 -8 -1 11 12 -11 -14 15 -13 -17 18 -16 -12 21 25 23 24 -23 26 -21 -27 29 -22
right_child=-2 2 3 -5 5 -7 7 -9 -10 10 19 14 13 -15 17 16 -18 -19 -20 20 28 22 -24 -25 -26 27 -28 -29 -30 -31
leaf_value=0.0023169149809260051 0.0019465576721510542 -0.0038757356383872254 -0.0022051458255034585 0.0027397956921840494 6.8915451470858013e-05 0.004388032216578722 -0.00070927154917556508 0.0010665145802444644 -0.0061736787681002173 0.0027982293895911429 -0.0030718463892117145 0.00048355474642537564 0.00060098758572712553 -0.0033159129412120418 -0.0032100227550077051 0.0014438892369744954 0.006105841364711523 0.0023182057577219826 0.00064337321718295037 0.0016518165980612496 0.0012503766070316455 0.0020628049469087273 -0.0045180442000462397 -0.0040523994754513969 -0.0020676893454069142 -0.00018767868298002417 -0.0028468122477144273 0.0036257303043923995 -0.00025595220324641952 -0.00031977084558913673
leaf_weight=29 24 27 29 23 39 25 26 35 20 20 20 41 25 36 23 27 25 27 26 23 227 40 37 23 29 27 35 27 592 153
leaf_count=29 24 27 29 23 39 25 26 35 20 20 20 41 25 36 23 27 25 27 26 23 227 40 37 23 29 27 35 27 592 153
internal_value=-2.77024e-12 -2.69109e-05 -0.00133644 -1.79602e-05 3.55229e-05 0.00175607 -3.36014e-05 -0.00129119 -0.0030851 3.37695e-05 -1.08773e-05 0.000674248 -0.000597328 -0.00171063 0.0012837 0.00227373 0.00368521 7.22202e-05 -0.00116536 -0.000149792 -0.000101613 -0.000857439 -0.00184359 -0.000768 0.0003268 0.0002784 -0.00106287 0.00171903 8.57889e-05 0.000618186
internal_weight=1760 1736 79 52 1657 64 1593 81 46 1512 1483 250 81 61 169 93 52 76 49 1233 1213 241 129 92 69 112 58 54 972 380
internal_count=1760 1736 79 52 1657 64 1593 81 46 1512 1483 250 81 61 169 93 52 76 49 1233 1213 241 129 92 69 112 58 54 972 380
is_linear=0
shrinkage=0.05


Tree=146
num_leaves=31
num_cat=0
split_feature=268 268 287 233 330 137 129 260 268 171 143 238 268 283 1 204 268 231 283 222 261 304 128 253 163 309 293 330 86 328
split_gain=0.0349995 0.0552429 0.0502109 0.135865 0.105081 0.0869701 0.0700674 0.0668732 0.0637634 0.110226 0.0971159 0.0983529 0.0936314 0.124301 0.136677 0.135397 0.101695 0.135978 0.0958157 0.107094 0.0957197 0.128482 0.151779 0.126982 0.150996 0.119296 0.117861 0.13036 0.121809 0.116252
threshold=-0.093387489292971151 -0.07556035073148111 0.044984660889850682 -0.0068199605857723984 0.01284032951217234 0.0021992355939815292 -0.0077921843012031221 -0.0078732738072922522 -0.034404623750335241 -0.022898156228566755 0.002853235671682124 -0.010963613777258947 -0.010393859315780718 0.01021630288799842 4.9380581778699986 -0.0098936259995277449 -0.0073383547558064782 0.0058660203887028741 0.022314809850539824 -0.010186212711836231 0.0032625273977240367 -0.0051457210589573874 0.041087005650778892 0.0094009031890956631 0.0057824778105908777 0.027022320837633691 0.015650856558414947 -0.017350049175144176 0.042804444429772368 -0.0082058017278074744
decision_type=2 2 2 2 2 2 2 2 2 2 2 2 2 2 2 2 2 2 2 2 2 2 2 2 2 2 2 2 2 2
left_child=-1 -2 8 4 7 6 -5 -4 9 -3 -11 -12 13 15 18 -10 17 -14 -15 -20 -18 22 23 -22 29 26 27 -23 -29 -25
right_child=1 2 3 5 -6 -7 -8 -9 12 10 11 -13 16 14 -16 -17 20 -19 19 -21 21 25 -24 24 -26 -27 -28 28 -30 -31
leaf_value=0.0014260395275500959 -0.0020009582764552243 0.0039685812099681554 -0.00017908806819468738 0.001812059384537861 0.0016275458249517462 0.00058651913155650579 0.0059472467226441951 -0.0038362240624846889 -0.0031207460028147612 0.0014424386243504215 0.00093704392202198505 -0.0029907930046593882 0.00034935003262944521 0.0016250562873513748 -0.0055108988694846633 0.0003790400730983546 0.00032611276933438335 0.005398689056746662 0.0002922691178456363 -0.0036746535896267948 -0.0003465022762826774 -0.0063010984701880567 -0.0035017549505700235 -0.0016522345072387354 0.0057911710256872626 0.00063240805547684436 -9.4818479704613596e-05 -0.00079421948235071566 -0.0045516076682628522 0.0035600163554772735
leaf_weight=42 35 24 25 20 33 37 21 25 33 83 30 34 40 21 25 170 571 20 27 46 93 24 23 23 23 50 49 59 34 20
leaf_count=42 35 24 25 20 33 37 21 25 33 83 30 34 40 21 25 170 571 20 27 46 93 24 23 23 23 50 49 59 34 20
internal_value=6.38341e-12 -3.48624e-05 6.02489e-06 0.000845719 -0.000562335 0.00234403 0.00393008 -0.00200766 -8.27995e-05 0.000826858 0.000313924 -0.00114962 -0.000197938 -0.00094204 -0.00222512 -0.000189891 3.49109e-05 0.00203246 -0.00135124 -0.00220744 -8.87766e-05 -0.000684007 0.000294675 0.000843844 0.00252115 -0.00150864 -0.00215353 -0.00301573 -0.00216789 0.000772068
internal_weight=1760 1718 1683 161 83 78 41 50 1522 171 147 64 1351 322 119 203 1029 60 94 73 969 398 182 159 66 216 166 117 93 43
internal_count=1760 1718 1683 161 83 78 41 50 1522 171 147 64 1351 322 119 203 1029 60 94 73 969 398 182 159 66 216 166 117 93 43
is_linear=0
shrinkage=0.05


Tree=147
num_leaves=31
num_cat=0
split_feature=95 115 128 203 102 112 143 145 241 82 218 240 252 218 154 163 276 278 265 323 283 145 133 185 298 177 299 147 334 296
split_gain=0.0361972 0.0395194 0.0749808 0.0845015 0.112787 0.0834984 0.080315 0.0603208 0.0545547 0.0628157 0.0527257 0.0959159 0.100122 0.10455 0.105051 0.125278 0.0850463 0.11144 0.106579 0.0982981 0.0982631 0.0976766 0.0796974 0.13872 0.130831 0.123213 0.144145 0.17862 0.102055 0.0957998
threshold=0.17365360044602177 0.052315303652967611 -0.008242753663354108 0.0056015332590502323 0.024954694597910509 0.021068404900399528 0.00040648518420680931 0.012446838461772134 -0.10142727470736923 -0.47469882374655564 0.016188337003873173 -0.0062160329628939475 0.050102421934002529 0.012359868242194072 0.028759119057591539 -0.0023529289874879584 0.028768382500383834 -0.029556533565180173 -0.020791776290477015 0.0085281015025061076 0.0015492900652561991 -0.0043419871078149474 -0.020103811648692186 0.0032315377966025526 -0.0034922436341559321 0.019351302212622882 -0.0049051388147601785 0.0048442823862028831 -0.0033434008640019319 -0.025169871874900409
decision_type=2 2 2 2 2 2 2 2 2 2 2 2 2 2 2 2 2 2 2 2 2 2 2 2 2 2 2 2 2 2
left_child=1 8 5 4 6 7 -4 -3 -1 -10 11 12 13 14 16 -16 17 -11 -19 21 -18 -20 23 -13 -25 29 27 -27 -28 -24
right_child=-2 2 3 -5 -6 -7 -8 -9 9 10 -12 22 -14 -15 15 -17 20 18 19 -21 -22 -23 25 24 -26 26 28 -29 -30 -31
leaf_value=0.0022049997571920014 0.0017518641101999272 -0.0039585568952588803 0.00073929440501766907 -0.0018432752349014795 -0.0012426844309084118 0.00039314226460798334 0.004973377056774639 -0.0005955011153127998 -0.0025219423541178307 -0.00060118070350654315 -0.00048140777641607601 0.00013673703354369435 -0.0014173152999137528 0.0046483814827210845 0.0010218726135333004 -0.004159371954156086 0.0013110325215772416 0.00068475461554374888 0.0075985030334612185 0.001606028778683942 -0.0028139224402945152 0.0032422715212188421 0.0018595051032302549 -0.00074734641104328152 -0.0053841324972695318 -0.0060564276671761438 -0.0019620051123051636 -0.00035668540845758154 0.0018014672486420158 0.00016642467544754526
leaf_weight=29 29 40 24 35 30 30 21 20 24 32 348 90 40 21 28 20 42 44 22 34 22 31 105 32 29 27 31 28 43 409
leaf_count=29 29 40 24 35 30 30 21 20 24 32 348 90 40 21 28 20 42 44 22 34 22 31 105 32 29 27 31 28 43 409
internal_value=-3.55292e-12 -2.93495e-05 -0.000690346 0.000185353 0.00113205 -0.00176064 0.0027152 -0.00283754 5.69988e-05 1.55261e-05 5.67299e-05 0.000222457 0.000930593 0.00124788 0.000988203 -0.00113698 0.00143758 0.00204401 0.00269017 0.0037044 -0.000106921 0.00505052 -7.72074e-05 -0.00111092 -0.00295172 0.000165546 -0.00121605 -0.00315474 0.000224877 0.000512287
internal_weight=1760 1731 200 110 75 90 45 60 1531 1502 1478 1130 336 296 275 48 227 163 131 87 64 53 794 151 61 643 129 55 74 514
internal_count=1760 1731 200 110 75 90 45 60 1531 1502 1478 1130 336 296 275 48 227 163 131 87 64 53 794 151 61 643 129 55 74 514
is_linear=0
shrinkage=0.05


Tree=148
num_leaves=31
num_cat=0
split_feature=215 294 302 232 103 327 202 303 94 189 310 204 147 181 295 241 275 153 125 142 181 151 202 301 255 239 122 301 278 95
split_gain=0.0345591 0.0828716 0.0423374 0.0661325 0.0780299 0.0711062 0.0568959 0.0554325 0.141814 0.119744 0.102833 0.0911249 0.101836 0.0707103 0.067997 0.0972319 0.104383 0.112233 0.109326 0.0809749 0.0797492 0.0785806 0.0781617 0.0996231 0.122731 0.102218 0.0864529 0.0843637 0.135315 0.0843006
threshold=-0.1061567591947022 0.0070024517124259878 0.039699758990998917 0.0027656171787255571 0.014791480990183844 0.027645293584578162 0.054356102604719507 -0.032614635315340333 -0.051968593953193816 0.0016337546880425809 0.0043966806108389897 0.0078034601652559295 0.0048442823862028831 0.0023589201662828113 -0.034890244160361267 0.066542746952173396 0.0075303535626688794 -0.0023211918754639906 0.029975768937062892 -0.037125946077517132 0.035938380716584388 0.023436740041718383 -0.041793464128515478 -0.0054814021019209107 -0.032058250040332595 0.0040502299044994786 -0.00084082941548677679 -0.012558345439476513 0.0073393318868417113 0.091578518794547203
decision_type=2 2 2 2 2 2 2 2 2 2 2 2 2 2 2 2 2 2 2 2 2 2 2 2 2 2 2 2 2 2
left_child=1 -1 6 5 -5 -4 7 8 -2 11 -11 12 -10 -13 15 16 18 -18 -9 -16 22 -22 -21 24 25 26 -24 29 -29 -26
right_child=2 -3 3 4 -6 -7 -8 14 9 10 -12 13 -14 -15 19 -17 17 -19 -20 20 21 -23 23 -25 27 -27 -28 28 -30 -31
leaf_value=-0.0030168665725545125 -0.00409741653611177 0.001166799016064033 0.00070302991007776595 0.003811352666525636 0.00016154727437188505 -0.0025537745095789433 0.0026063347654417157 -0.00074409287789780091 0.0038488991551275833 -0.00030751665452650442 -0.0047512596432605523 -0.0032987652969313792 -0.00010972695643872474 0.00085534964261266093 -0.001406033594469557 -0.0023142432054737583 0.00091317097248975196 0.0051700346713187172 0.0031966323566545423 -0.0026545989086273415 0.00052306522189670052 0.0038515147231519224 0.0026215076452076793 -0.00042836486434327944 0.00093383919487412021 -0.0034598343415806693 -0.001971815505530685 0.0046600412704818255 0.00018172095402523185 -0.0022585208942789751
leaf_weight=29 29 20 83 32 27 21 20 66 32 30 23 20 33 21 108 20 32 30 24 29 61 25 21 578 205 30 20 37 31 23
leaf_count=29 29 20 83 32 27 21 20 66 32 30 23 20 33 21 108 20 32 30 24 29 61 25 21 578 205 30 20 37 31 23
internal_value=-1.72039e-12 -0.00130925 3.74945e-05 0.000803971 0.0021411 4.54059e-05 -4.32133e-05 -7.78932e-05 -0.000881908 -0.000295432 -0.00223593 0.000674819 0.00183914 -0.00117105 3.49089e-05 0.000963062 0.00139429 0.00297294 0.000306767 -0.000101771 3.11159e-05 0.00149064 -9.77536e-05 -1.92896e-05 0.000624976 -0.00124197 0.000380862 0.00107279 0.00261845 0.000611803
internal_weight=1760 49 1711 163 59 104 1548 1528 188 159 53 106 65 41 1340 172 152 62 90 1168 1060 86 974 945 367 71 41 296 68 228
internal_count=1760 49 1711 163 59 104 1548 1528 188 159 53 106 65 41 1340 172 152 62 90 1168 1060 86 974 945 367 71 41 296 68 228
is_linear=0
shrinkage=0.05


Tree=149
num_leaves=31
num_cat=0
split_feature=202 185 334 6 298 168 294 160 274 211 307 242 145 195 198 84 263 144 140 144 204 185 218 236 137 246 284 254 192 151
split_gain=0.0337256 0.111663 0.149779 0.117144 0.123105 0.148889 0.10139 0.100373 0.144378 0.152028 0.0997492 0.0993707 0.112036 0.0952899 0.081998 0.0720868 0.0706012 0.116112 0.144849 0.0885884 0.0900875 0.0848895 0.150389 0.0836095 0.0756092 0.110031 0.0975085 0.0995636 0.0855146 0.0836984
threshold=-0.0071889458261175159 0.0025511742010745748 -0.02223293773978546 0.63809044034848583 0.0077597993051149623 -0.013054709604932041 1.0000000180025095e-35 0.0086988689611346096 -0.034350186338010506 0.00095933810709183411 -0.026666507559025669 -0.027843155979143611 -0.0025231389442404452 -0.0024362994619910156 0.01231582794709485 -0.029559018033052661 0.039333359561610402 -0.00019414110549644412 0.011476659104519995 0.0051944089484489567 -0.00049142369071085597 -0.037236767073632306 0.0017446424858356541 -0.014091036240829547 0.027718322141658355 -0.045371525771418508 0.01727870425511881 -0.034114794572710806 0.026397625216739766 0.0051169061577706369
decision_type=2 2 2 2 2 2 2 2 2 2 2 2 2 2 2 2 2 2 2 2 2 2 2 2 2 2 2 2 2 2
left_child=1 6 -3 4 5 -4 10 14 -9 -10 -1 -12 -13 -14 -8 -7 21 18 23 -19 -21 22 -2 -18 28 -26 27 -27 29 -23
right_child=16 2 3 -5 -6 15 7 8 9 -11 11 12 13 -15 -16 -17 17 19 -20 20 -22 24 -24 -25 25 26 -28 -29 -30 -31
leaf_value=-0.0025946162072068551 0.0006529753170484169 0.0019400552101312013 -0.0049214253900572661 -0.0048141572717577226 0.0010492829012021549 -0.0027935410985567917 0.0019406251138678746 -0.0024408254166094897 0.0042608279196870037 -0.00070134290204993614 0.0036661396385170523 -0.0021020193304866551 0.0031900060184852919 -0.00073241013538790875 0.0053583189343603763 0.00061305189103057439 -0.0023602303516651905 0.0029642342223087327 0.00020703092181625275 -0.0023514192869387024 0.0011582746059006738 -0.00060389936543325188 -0.0041205103797520596 -0.0068773852713638929 -0.002009386398519079 -0.0019836545106954873 0.0045403300784528254 0.0021460996756407741 0.0015331971767665938 0.00045985066268129762
leaf_weight=30 33 48 28 20 59 24 54 27 33 29 22 40 32 30 26 44 21 20 26 41 33 490 33 20 21 20 27 54 78 297
leaf_count=30 33 48 28 20 59 24 54 27 33 29 22 40 32 30 26 44 21 20 26 41 33 490 33 20 21 20 27 54 78 297
internal_value=5.44891e-12 0.000326367 -0.000534186 -0.00121283 -0.000748148 -0.00185282 0.000920495 0.00176613 0.000610855 0.00193981 -7.50843e-06 0.000618405 -3.89498e-05 0.00129206 0.00305138 -0.000589275 -0.000146785 -0.00112193 -0.00271238 1.16974e-05 -0.000786286 2.31127e-06 -0.00173377 -0.00456372 0.000118402 0.00128367 0.00196837 0.00102995 -4.59487e-05 -0.000202459
internal_weight=1760 546 223 175 155 96 323 169 89 62 154 124 102 62 80 68 1214 161 67 94 74 1053 66 41 987 122 101 74 865 787
internal_count=1760 546 223 175 155 96 323 169 89 62 154 124 102 62 80 68 1214 161 67 94 74 1053 66 41 987 122 101 74 865 787
is_linear=0
shrinkage=0.05


Tree=150
num_leaves=31
num_cat=0
split_feature=0 4 4 67 84 202 185 334 124 116 307 173 279 307 224 294 189 288 213 284 186 1 242 225 289 173 303 115 310 140
split_gain=0.032902 0.0527598 0.0657851 0.0807016 0.056767 0.0373163 0.10996 0.115493 0.113577 0.102987 0.138756 0.115716 0.0978623 0.136893 0.12032 0.101961 0.131467 0.114079 0.0849048 0.0831405 0.0786193 0.170016 0.104204 0.111135 0.0959413 0.0917237 0.0858481 0.0810831 0.110758 0.134883
threshold=11.083556880738579 6.7833245593222182 6.6424859514441321 1.8688348091416842 -0.29161998378156179 -0.0071889458261175159 0.0025511742010745748 -0.02223293773978546 -0.023286418199316358 -0.0087633499001371472 0.0030506236644561239 -0.0073015957382473592 -0.018501382465570013 0.023130872370872756 0.011211807336808323 -0.0071927691403271066 0.0032842180768086564 -0.018500808112335339 0.0020776407297258179 -0.0072610544047839913 -0.0055549654928597593 5.0657496176235997 0.022470842643074768 0.047953595993050914 0.0043545326588466538 -0.060666984855429006 -0.075821890902649916 -0.00092874250990895412 0.0082267759632049277 -0.0068127189424293825
decision_type=2 2 2 2 2 2 2 2 2 2 2 2 2 2 2 2 2 2 2 2 2 2 2 2 2 2 2 2 2 2
left_child=1 2 3 5 -4 6 12 -8 -9 19 11 -11 14 15 -1 16 -14 -17 -19 -10 21 22 -7 24 -24 -22 -27 -28 29 -29
right_child=-2 -3 4 -5 -6 20 7 8 9 10 -12 -13 13 -15 -16 17 -18 18 -20 -21 25 -23 23 -25 -26 26 27 28 -30 -31
leaf_value=0.0011819955187652692 -0.0020164374075829984 0.0025764443911612035 -0.0033479682193568875 0.0024215361653062116 0.00011817817631665441 2.0860741000877344e-05 0.0016690898861270399 0.001987904722802341 0.002350264999338172 -0.0041930031566880651 -0.0053941632606438368 0.00065517076545802417 -0.0042662722251993876 0.0026688696161727421 0.005054617173866266 -0.0027768107643350963 0.00026824280168070936 0.0028640858245679462 -0.00035324166847449555 -0.0014598968276958459 0.0033804401134451233 -0.0046724249375984074 -0.0052478917585364708 0.00088531733692988118 -0.0011446009506471456 -0.0032018785725813365 0.00063790537426754005 0.00040280847335785069 0.00089375900065104632 -0.0020718085810895663
leaf_weight=78 20 20 27 35 21 254 47 25 22 20 32 32 31 48 27 20 33 46 37 41 21 26 29 23 28 20 363 93 106 135
leaf_count=78 20 20 27 35 21 254 47 25 22 20 32 32 31 48 27 20 33 46 37 41 21 26 29 23 28 20 363 93 106 135
internal_value=8.79807e-13 2.31774e-05 -6.51171e-06 4.58811e-05 -0.00183153 -4.91173e-06 0.000335812 -0.000527456 -0.00112768 -0.00165754 -0.00280366 -0.00120951 0.000926611 0.000315559 0.00217781 -0.000360842 -0.00192816 0.000613027 0.00142986 -0.000129364 -0.00017217 -0.000777944 -0.000474781 -0.00204844 -0.00323224 0.000123329 2.79324e-05 0.00012061 -0.0004416 -0.00106243
internal_weight=1760 1740 1720 1672 48 1637 539 219 172 147 84 52 320 215 105 167 64 103 83 63 1098 360 334 80 57 738 717 697 334 228
internal_count=1760 1740 1720 1672 48 1637 539 219 172 147 84 52 320 215 105 167 64 103 83 63 1098 360 334 80 57 738 717 697 334 228
is_linear=0
shrinkage=0.05


Tree=151
num_leaves=31
num_cat=0
split_feature=215 201 0 215 279 202 180 290 251 219 112 86 247 111 300 332 306 111 157 119 253 315 207 86 197 306 236 171 273 99
split_gain=0.0317845 0.104444 0.0931314 0.0547057 0.0390691 0.0425126 0.0635227 0.0551628 0.0487311 0.0466453 0.0937575 0.0875161 0.104607 0.101506 0.0953029 0.144951 0.0809505 0.117647 0.103235 0.102395 0.129343 0.102388 0.0781195 0.097702 0.0888144 0.106802 0.0783506 0.0880781 0.0860001 0.0924856
threshold=-0.09630853321543538 0.0098867420529967255 5.688667405331941 -0.088974352022833977 -0.098130118867374397 -0.069975323280007926 0.048991354481010781 0.0018593750461988253 0.11793036908486226 -0.014042201346020794 0.0098030814580843811 0.0040635075694298957 0.047870071309685965 -0.00091278094382516123 -0.0082449001341291846 -0.0045128549867221599 0.0029686849289498967 0.0036413824378997779 0.0052611075519781629 -0.012418445478367937 -0.020343704521759747 -0.0042978887601229669 -0.0021283247519261954 -0.25490325339603831 -0.0013585036627839491 -0.033128527750544104 -0.048559202499004035 -0.022789346971116869 -0.023084553795783971 -0.006148715372018324
decision_type=2 2 2 2 2 2 2 2 2 2 2 2 2 2 2 2 2 2 2 2 2 2 2 2 2 2 2 2 2 2
left_child=1 2 -1 -2 -5 -6 8 -8 9 10 11 12 -7 -13 -15 -16 19 18 -18 20 -12 -19 24 -24 26 -26 -11 -28 -29 -30
right_child=3 -3 -4 4 5 6 7 -9 -10 22 16 13 -14 14 15 -17 17 21 -20 -21 -22 -23 23 -25 25 -27 27 28 29 -31
leaf_value=-0.0018199383869371864 0.0022370642346296729 -0.0041021641832776371 0.0022278052198493646 0.0020547396316112059 -0.0023115284857340157 0.0024325120217041189 0.0034970496431924406 3.0836631247604434e-05 -0.0023824668489396575 0.0016014826207144839 -0.00047913836035877466 -0.00051740514044360669 -0.0014103332336249186 -0.00049100578919908887 0.00013663811440547477 0.0049819371564257323 0.0032445142914851507 -0.0036641747091683409 -0.0010010892913366357 -0.00019373365155443914 -0.0055161094149717921 0.0010042847058249881 -0.0038994167186584411 -0.00049542899928744035 -0.0019733198424801228 0.0015349925630444643 0.0016255561659043586 -0.0036691465921809569 -0.0029948685007790726 0.00039593257739010159
leaf_weight=30 28 20 27 23 20 113 24 22 22 37 25 161 21 37 29 33 45 24 21 82 26 23 22 504 25 164 27 34 30 61
leaf_count=30 28 20 27 23 20 113 24 22 22 37 25 161 21 37 29 33 45 24 21 82 26 23 22 504 25 164 27 34 30 61
internal_value=2.97056e-12 -0.000993386 9.74138e-05 4.5449e-05 8.37033e-06 -2.04694e-05 7.95562e-06 0.0018393 -4.58385e-05 -1.25446e-05 0.000314077 0.000792269 0.00183028 0.000257296 0.00151716 0.00271559 -0.000451808 0.0005322 0.00189364 -0.00128785 -0.00304701 -0.00137961 -0.000243781 -0.000637801 0.000304512 0.00107093 -0.000461906 -0.000964179 -0.00152356 -0.000721914
internal_weight=1760 77 57 1683 1655 1632 1612 46 1566 1544 640 394 134 260 99 62 246 113 66 133 51 47 904 526 378 189 189 152 125 91
internal_count=1760 77 57 1683 1655 1632 1612 46 1566 1544 640 394 134 260 99 62 246 113 66 133 51 47 904 526 378 189 189 152 125 91
is_linear=0
shrinkage=0.05


Tree=152
num_leaves=31
num_cat=0
split_feature=280 11 326 297 193 320 287 326 179 256 119 269 126 325 234 225 104 100 286 314 172 171 289 283 331 0 323 270 323 326
split_gain=0.0317901 0.0405979 0.0337706 0.0862584 0.154408 0.156167 0.0790346 0.0957792 0.115457 0.0955887 0.104386 0.0833735 0.0762481 0.122711 0.0969591 0.0752377 0.0785202 0.104244 0.129037 0.095569 0.0799084 0.091784 0.0752361 0.101057 0.106197 0.0991201 0.0750998 0.0824213 0.082149 0.0739
threshold=0.082553035759173957 4.693376068376069 0.00055124958441061785 0.048024173111342286 0.0027325300992506788 -0.0064683981363690378 0.020584230378388461 0.0040694087174134178 0.012057440757734364 -0.013348373885659789 0.020384253458364518 -0.0016309244599038996 0.034204501172258941 0.01716008255552481 0.0066314680320020093 0.094349273192545088 0.017155577802576798 -0.0059781537757360777 -0.02002738875391755 0.019805263221632081 -0.014211824642072426 0.0096667440068915512 -0.035862897283283422 0.013437270728008158 -0.020157970271604302 5.173316863805991 0.0039592322464766499 -0.0036925084706978619 0.020179540921966801 -0.0064904710293050265
decision_type=2 2 2 2 2 2 2 2 2 2 2 2 2 2 2 2 2 2 2 2 2 2 2 2 2 2 2 2 2 2
left_child=1 2 29 6 5 -5 7 8 11 10 -8 -4 15 14 -14 16 17 18 -9 -20 -18 -22 -19 24 -24 -25 27 -11 -28 -1
right_child=-2 -3 3 4 -6 -7 9 12 -10 26 -12 -13 13 -15 -16 -17 20 22 19 -21 21 -23 23 25 -26 -27 28 -29 -30 -31
leaf_value=2.0864834424743323e-05 0.0018072933181732271 -0.0021116930444765349 0.0058346134424209599 -0.0003633049772242489 0.0013418533114506115 -0.0062557439901866022 0.0048441237516023902 0.0010762543995310005 -0.0011096000275574625 -0.0004943028277401547 0.00026632004417479041 0.0013238365070373263 -0.0056551492019068636 0.0015155940648401156 -0.00090532555266029449 0.0026457748525509882 0.0035495493189395908 0.0024275632186532572 -0.0016738831652590718 -0.005586840593023226 0.0015642992270711279 -0.0019012337147081592 -0.0018952055863337592 -0.0044564962773372165 0.0016712526327975824 -0.00027814120549010115 -0.003344750870989325 0.0030808191660693604 0.0011327781408908778 -0.0011099142534146597
leaf_weight=701 24 23 20 23 31 22 33 34 20 28 20 21 21 20 22 28 26 34 71 20 56 29 28 22 82 40 21 38 20 182
leaf_count=701 24 23 20 23 31 22 33 34 20 28 20 21 21 20 22 28 26 34 71 20 56 29 28 22 82 40 21 38 20 182
internal_value=3.82815e-12 -2.49856e-05 3.03205e-06 0.000232015 -0.00137349 -0.00324405 0.000393842 0.000128162 0.00200493 0.00138018 0.00311665 0.00352422 -8.66281e-05 -0.00172005 -0.00322501 0.00013232 -2.69029e-05 -0.000412823 -0.00155192 -0.00253387 0.0011239 0.000381941 0.000278376 -0.000146463 0.000763427 -0.00176078 0.00052006 0.0015641 -0.00116059 -0.000212206
internal_weight=1760 1736 1713 830 76 45 754 594 61 160 53 41 533 63 43 470 442 331 125 91 111 85 206 172 110 62 107 66 41 883
internal_count=1760 1736 1713 830 76 45 754 594 61 160 53 41 533 63 43 470 442 331 125 91 111 85 206 172 110 62 107 66 41 883
is_linear=0
shrinkage=0.05


Tree=153
num_leaves=31
num_cat=0
split_feature=53 2 334 210 219 210 190 178 295 212 135 251 86 180 244 91 160 266 186 309 309 206 152 135 314 332 152 281 193 332
split_gain=0.0309197 0.0429533 0.11025 0.0485278 0.0894048 0.0406416 0.129886 0.122534 0.0678224 0.0518751 0.0628882 0.0500534 0.0460809 0.0799941 0.0787639 0.132667 0.14695 0.12697 0.109074 0.0918559 0.0994746 0.0837236 0.0859109 0.0790772 0.0883101 0.0803434 0.0693189 0.0796494 0.0753151 0.0748221
threshold=0.89587973461402759 5.7914775660660407 0.0033531361642279646 0.019892797530790155 -0.059962858476938073 0.016315735964177121 1.0000000180025095e-35 -0.0016723217580644242 0.0046543581529525343 -0.20022326746614208 0.010428752397581379 0.11793036908486226 -0.03466376108638463 -0.042172314805207382 -0.0033493178969514676 -0.052938731557988866 0.0027623346675432997 0.022510290689262486 0.017629040856731653 0.042891468687268952 0.02951261669965758 -0.0031387508772792836 1.0000000180025095e-35 0.027865384376532087 -0.028509890303239645 -0.014311177046125856 -0.018624972743545767 -0.049019226351768294 0.031760604310559548 0.021997297175489382
decision_type=2 2 2 2 2 2 2 2 2 2 2 2 2 2 2 2 2 2 2 2 2 2 2 2 2 2 2 2 2 2
left_child=1 3 -3 5 -5 9 7 -7 -8 10 -1 12 13 -11 19 16 -16 18 21 20 -15 22 -17 24 -23 -26 27 -14 -29 -28
right_child=-2 2 -4 4 -6 6 8 -9 -10 11 -12 -13 26 14 15 17 -18 -19 -20 -21 -22 23 -24 -25 25 -27 29 28 -30 -31
leaf_value=0.0032698877078170575 0.0017823810972913635 0.00029260540846735237 -0.0043610149715095766 -0.00055916192276137216 0.0041119230818003416 -0.0054519666541043834 -0.00096245098816738885 -0.00048561656989881566 0.0030101046077020115 0.0017645909638431053 1.6084495423869654e-05 -0.0025037176860496402 -0.0028971498362564793 0.00028725906352822982 -0.00075402820065360648 -0.0002179825631901622 -0.0059306895682731502 -0.0032140541087995337 -0.0027443287277813342 -0.0020346692338510343 0.0039336978503429453 0.0021402420298684212 0.0033825770818087203 0.0024860874494715109 -0.0041787197746868641 -0.00072904468079498254 0.00083457246529461187 0.00025263037947725561 -0.0026369041221467066 -0.00043745293382599381
leaf_weight=27 24 35 20 21 20 23 22 27 21 43 33 20 30 171 29 30 26 38 34 37 21 21 37 21 21 86 473 170 26 153
leaf_count=27 24 35 20 21 20 23 22 27 21 43 33 20 30 171 29 30 26 38 34 37 21 21 37 21 21 86 473 170 26 153
internal_value=-2.46246e-12 -2.46412e-05 -0.00139962 2.03462e-05 0.00171942 -2.21305e-05 -0.0010373 -0.00277014 0.000977634 3.88975e-05 0.0014803 -1.92624e-05 1.46088e-05 -0.000315227 -0.000471577 -0.000950986 -0.00320118 -0.000521262 -0.000111957 0.00024649 0.000686088 0.000302397 0.00177039 -0.000357705 -0.000824265 -0.00140608 0.000252694 -0.000497906 -0.000130675 0.000523678
internal_weight=1760 1736 55 1681 41 1640 93 50 43 1547 60 1487 1467 615 572 343 55 288 250 229 192 216 67 149 128 107 852 226 196 626
internal_count=1760 1736 55 1681 41 1640 93 50 43 1547 60 1487 1467 615 572 343 55 288 250 229 192 216 67 149 128 107 852 226 196 626
is_linear=0
shrinkage=0.05


Tree=154
num_leaves=31
num_cat=0
split_feature=214 269 269 214 112 253 248 205 104 220 181 112 326 313 278 296 331 130 278 278 136 234 169 264 266 176 303 220 104 208
split_gain=0.0296989 0.155817 0.199147 0.055648 0.0364603 0.0968897 0.083577 0.108242 0.0734032 0.0657696 0.0651238 0.0614226 0.109711 0.11451 0.106656 0.103299 0.0804476 0.0663078 0.0599769 0.0701439 0.0791482 0.0737827 0.0882974 0.0932759 0.080307 0.0942627 0.113882 0.0990987 0.0964589 0.10152
threshold=0.29309890934473853 -0.0014231510630782803 0.044418230853264913 0.26146122778932385 -0.054300797082307797 0.051916767322616131 -0.0056565734114519877 1.0000000180025095e-35 0.0009685083923182897 -0.010257668051594969 -0.0043881890293690383 -0.028590324892357331 0.0071245435623770864 0.012986835463500471 0.02537716552464302 0.0026177600094535801 0.0081961207538883939 -0.012054031308174295 -0.097628482071715664 -0.058549956924188719 -0.004573676053743838 0.013325279054394118 0.018972157236733775 -0.0062713718122365111 -0.00074497612948266065 -0.028327977879663981 0.0067095198046172077 1.0000000180025095e-35 -0.013803124834643484 0.016239985554349735
decision_type=2 2 2 2 2 2 2 2 2 2 2 2 2 2 2 2 2 2 2 2 2 2 2 2 2 2 2 2 2 2
left_child=3 -2 -3 4 5 6 8 9 -1 -8 -10 12 14 15 16 -14 17 -6 -13 20 -20 24 -23 -24 -21 26 -26 -27 -29 -30
right_child=1 2 -4 -5 11 -7 7 -9 10 -11 -12 18 13 -15 -16 -17 -18 -19 19 21 -22 22 23 -25 25 27 -28 28 29 -31
leaf_value=0.0029623163412405371 -0.0020083611412836169 0.0063520859649759676 -0.00031517455548358463 -0.0021076262339192911 -0.0040992935149309542 -0.0039535231306217613 0.002115722860047675 -0.0035486675770671078 0.0016201269524615436 -0.00130717118461487 -0.0023665158089715989 -0.0026954589447649641 0.0010066990298219025 -0.00030084687840336791 0.0023093581925529767 0.0056457346368309425 0.0011661366010749978 -0.00059865623179282401 -0.00080759295378811662 -0.00083208291546309546 0.0029997697691074932 0.00096035157112336379 0.00070416325430289423 -0.0034201381728053096 -0.0043145097885280851 0.0012913363436786718 0.00056060088555450035 0.00085179100915902875 -0.00049179952350168006 -0.0039354921842459593
leaf_weight=29 27 21 24 32 24 20 23 33 21 36 20 21 20 26 34 30 28 31 21 409 39 259 29 26 25 171 23 111 121 26
leaf_count=29 27 21 24 32 24 20 23 33 21 36 20 21 20 26 34 30 28 31 21 409 39 259 29 26 25 171 23 111 121 26
internal_value=4.16838e-12 0.000994498 0.00279621 -4.24193e-05 -2.51197e-06 -0.000670184 -0.000264834 -0.00125546 0.00103714 2.71773e-05 -0.000324577 7.99279e-05 0.000911464 0.00239058 -4.93281e-05 0.00379012 -0.00101554 -0.00212621 -4.53544e-05 -1.18595e-06 0.00166719 -8.46049e-05 0.000573975 -0.00124551 -0.000318007 0.000122784 -0.00197852 0.000357895 -0.000260782 -0.00110089
internal_weight=1760 72 45 1688 1656 182 162 92 70 59 41 1474 193 76 117 50 83 55 1281 1260 60 1200 314 55 886 477 48 429 258 147
internal_count=1760 72 45 1688 1656 182 162 92 70 59 41 1474 193 76 117 50 83 55 1281 1260 60 1200 314 55 886 477 48 429 258 147
is_linear=0
shrinkage=0.05


Tree=155
num_leaves=31
num_cat=0
split_feature=0 4 4 61 152 149 143 210 190 316 212 323 121 246 246 327 243 243 170 84 286 0 97 259 318 0 257 166 161 234
split_gain=0.0292392 0.0433154 0.050482 0.0734937 0.10165 0.122405 0.052297 0.0449744 0.114004 0.0859089 0.0467842 0.0591736 0.0398641 0.0646307 0.0792194 0.0914169 0.122476 0.0882648 0.0737835 0.0595583 0.0564863 0.0631169 0.108482 0.116202 0.117864 0.103663 0.0649415 0.118665 0.142935 0.0716037
threshold=11.083556880738579 6.7833245593222182 6.6424859514441321 3.1984648276080736 0.0086497506083312494 -0.0006332413761462604 -0.0029736661734815176 0.016315735964177121 -0.0026836943762950493 0.0033271588625875975 -0.20022326746614208 -0.00030451651927431719 -0.037077887253223321 0.089497679825560769 -0.045371525771418508 0.0038317711420438462 -0.022136957338658555 -0.026535561906807868 0.013255873261019483 0.098753058182924902 -0.094133763115035046 6.0509113120781883 -0.0077512776320117277 0.022822151387860735 0.0062711323335837782 5.9750802605835984 -0.043964717277936306 0.0041675287273913583 -0.0015655205103271071 0.00067799780317801526
decision_type=2 2 2 2 2 2 2 2 2 2 2 2 2 2 2 2 2 2 2 2 2 2 2 2 2 2 2 2 2 2
left_child=1 2 3 7 5 -5 -4 10 -9 -10 11 -1 13 14 -12 16 -16 -17 19 -18 -14 25 -23 24 -24 26 27 -22 -29 -28
right_child=-2 -3 6 4 -6 -7 -8 8 9 -11 12 -13 20 -15 15 17 18 -19 -20 -21 21 22 23 -25 -26 -27 29 28 -30 -31
leaf_value=0.0031332160113379361 -0.0019008850341197103 0.0023353292420506479 -0.0031867710594087845 -0.0023056815117597578 0.0037625466713741905 0.0028724008203772386 0.00011688699417826011 -0.0034399584522223896 -0.0016111158540006729 0.0026729540465484291 -0.0018333441180099425 -2.3028245336855903e-05 -0.0027800611173734069 -0.0015388863002954167 0.0055270731597292155 -0.0029012275522109121 0.001626041984969848 0.00089718008127350087 0.0038709671059179874 -0.0016429470725018869 0.00014666136083208391 0.00088721803304823977 0.0012581556465412523 -0.0053987819413166679 -0.0029991366032108262 0.002140964351022955 -0.00044395702900478255 -0.00019159060320816934 -0.0059711559108741909 0.00045189141315730546
leaf_weight=27 20 20 25 25 31 21 23 33 25 22 24 33 20 32 22 20 38 65 21 22 61 44 29 21 37 55 406 20 23 495
leaf_count=27 20 20 25 25 31 21 23 33 25 22 24 33 20 32 22 20 38 65 21 22 61 44 29 21 37 55 406 20 23 495
internal_value=5.2575e-13 2.18493e-05 -5.05168e-06 4.08445e-05 0.00154958 5.82256e-05 -0.00160377 -3.19908e-05 -0.00118739 0.000394193 2.90206e-05 0.00139728 -2.74025e-05 0.000555648 0.000871805 0.00121714 0.00221874 3.43711e-06 0.00132019 0.000427413 -0.000144879 -0.000100628 -0.00113602 -0.00215926 -0.00112851 2.73308e-05 -8.83407e-05 -0.00127137 -0.00328299 4.82128e-05
internal_weight=1760 1740 1720 1672 77 46 48 1595 80 47 1515 60 1455 244 212 188 103 85 81 60 1211 1191 131 87 66 1060 1005 104 43 901
internal_count=1760 1740 1720 1672 77 46 48 1595 80 47 1515 60 1455 244 212 188 103 85 81 60 1211 1191 131 87 66 1060 1005 104 43 901
is_linear=0
shrinkage=0.05


Tree=156
num_leaves=31
num_cat=0
split_feature=280 94 266 269 335 148 315 325 130 273 273 105 141 208 81 126 304 275 159 235 108 265 209 210 242 266 290 220 150 160
split_gain=0.0299445 0.035723 0.034431 0.037634 0.0514671 0.0451135 0.050773 0.099753 0.0773949 0.0431312 0.0740119 0.0851161 0.0686864 0.0507383 0.106031 0.132534 0.0756788 0.0952674 0.079757 0.0817558 0.0876624 0.0774406 0.0853186 0.0933493 0.0885014 0.0842901 0.108625 0.086367 0.0733263 0.101858
threshold=0.082553035759173957 -0.16916700508761501 0.10599098232884883 -0.080101316272595355 0.012554543290895993 0.066172815483938871 -0.053349139686599469 -0.022291245673802793 -0.0011408504863628941 0.095826445831216314 0.048713236074508323 0.014546759120484554 -0.014986978158893513 -0.013916243230811495 -0.4667044152179583 -0.00092354980894879051 -0.018214432621891753 -0.040577651277903241 -0.0031919641330610338 -0.020959351488860408 -0.014496017051465341 -0.023536268614836351 0.01691988047429838 0.016315735964177121 0.06204181718604751 0.019421213969612321 0.023963211424412215 -0.0016195513922511293 -0.018807681762032621 -0.030605479323877003
decision_type=2 2 2 2 2 2 2 2 2 2 2 2 2 2 2 2 2 2 2 2 2 2 2 2 2 2 2 2 2 2
left_child=1 -1 3 4 -3 6 7 -5 -9 10 13 12 -12 14 15 -8 17 -15 -19 -20 -21 22 -18 24 25 26 27 -24 -16 -30
right_child=-2 2 -4 5 -6 -7 9 8 -10 -11 11 -13 -14 16 28 -17 21 18 19 20 -22 -23 23 -25 -26 -27 -28 -29 29 -31
leaf_value=-0.0016793682796560462 0.0017540465263058043 4.630569583241595e-05 0.0019720560918689112 0.0038308692354453696 -0.00298149427305907 -0.0016546017173916486 -0.00061525864925767696 -0.0017558961516599459 0.0017149270636663359 0.0020563052247744053 -0.0049473148141987626 0.00057519798839861973 -0.0013272808008064443 -0.0012915381609828486 0.0017133228303662139 -0.0056396505839767909 -0.0038540293885902925 0.0022476883737595175 -0.0017123487961450308 -0.0012948308838531377 0.0023074374501511718 0.0002248364976474402 -0.0014130989943946443 -0.0036534749403862019 -0.0030849494926986241 0.0026343774152110203 -0.0036038851871853699 0.0021030093031004071 -0.0036309235253492778 -4.4164933960544176e-05
leaf_weight=32 24 32 22 26 25 39 35 29 36 25 20 34 38 41 46 21 22 116 33 24 57 653 31 21 21 32 20 40 23 142
leaf_count=32 24 32 22 26 25 39 35 29 36 25 20 34 38 41 46 21 22 116 33 24 57 653 31 21 21 32 20 40 23 142
internal_value=-4.06275e-13 -2.42495e-05 6.83255e-06 -1.88719e-05 -0.00128168 2.54234e-05 6.67355e-05 0.0012134 0.000166406 -3.06121e-06 -3.80845e-05 -0.00141115 -0.00257557 5.35864e-05 -0.000565305 -0.00249941 0.000202321 0.000928853 0.00132466 0.000385443 0.0012401 -3.20722e-05 -0.000929192 -0.000539214 -8.50504e-05 0.000427127 -0.000349048 0.000567807 -5.19896e-05 -0.000544137
internal_weight=1760 1736 1704 1682 57 1625 1586 91 65 1495 1470 92 58 1378 267 56 1111 271 230 114 81 840 187 165 144 123 91 71 211 165
internal_count=1760 1736 1704 1682 57 1625 1586 91 65 1495 1470 92 58 1378 267 56 1111 271 230 114 81 840 187 165 144 123 91 71 211 165
is_linear=0
shrinkage=0.05


Tree=157
num_leaves=31
num_cat=0
split_feature=261 170 104 278 183 290 114 307 149 311 312 222 234 290 255 216 189 259 198 289 100 166 214 192 122 142 311 196 265 315
split_gain=0.0285967 0.0619904 0.075163 0.0806989 0.0791583 0.0753953 0.0723527 0.10109 0.104202 0.104453 0.125112 0.11353 0.0976703 0.0656362 0.0641139 0.0637705 0.106964 0.0987154 0.0953803 0.0801751 0.0760275 0.0692121 0.066381 0.0630152 0.0627171 0.0596843 0.0593705 0.0952482 0.088214 0.093278
threshold=0.0032625273977240367 -0.057390098142274464 0.056322149934225213 0.063972902902793657 0.00076225386125764046 0.070820052139895215 -0.0060310792536972775 -0.037819664898896439 0.011690415190638147 -0.022177488648260659 -0.0076507028902499897 0.0064121120421762315 -0.010036568552848317 0.0090894980152147701 -0.063255111065306679 -0.036618920039506633 -9.2479270749807997e-05 0.0028524644761557558 0.00025377956169146123 -0.0071476767498547394 0.008291222136107607 -0.0024710315666859844 -0.017394386008498828 0.0030144347975763304 0.0060729753020667514 0.022241367718444992 0.016242526912117215 0.023785722729138949 -0.022916797696803555 0.054078202226452481
decision_type=2 2 2 2 2 2 2 2 2 2 2 2 2 2 2 2 2 2 2 2 2 2 2 2 2 2 2 2 2 2
left_child=26 -2 3 5 13 6 7 -3 9 -9 -11 12 -12 -4 -8 16 18 19 -16 20 -17 -21 25 -24 -22 -19 28 -28 -1 -30
right_child=1 2 4 -5 -6 -7 14 8 -10 10 11 -13 -14 -15 15 17 -18 22 -20 21 24 -23 23 -25 -26 -27 27 -29 29 -31
leaf_value=-0.00048050157935538608 -0.0026723767672665421 -0.004370384689952646 -0.0014539762151091257 -0.0027905013635063369 0.0026834894439929889 0.0026588515833612871 -0.0025554471215317874 -0.0036472395636864305 0.001267246231056598 -0.0031247991631971673 0.0048048232961446051 -0.0019708325485698879 -7.7410326117560981e-05 0.0018428765103006021 -0.0040686598197827422 0.0024355582791940836 0.0018440239681892666 0.0046915657155645581 3.7816568510606889e-05 -0.0033025365776446617 -0.002299569916795008 -0.00030217359920865615 -0.00076308505453389925 0.0019883649772331727 0.0014915607482544147 0.0011076917733243178 -0.00081192443797828493 0.0020210103098874887 0.00063595616098639828 0.0041204291908070447
leaf_weight=194 25 21 36 32 45 22 22 38 49 32 20 25 21 26 31 40 23 26 26 29 24 57 38 46 20 21 233 34 484 20
leaf_count=194 25 21 36 32 45 22 22 38 49 32 20 25 21 26 31 40 23 26 26 29 24 57 38 46 20 21 233 34 484 20
internal_value=-1.07486e-13 -0.00022205 -0.000142494 -0.000340949 0.00108718 -0.000216725 -0.000320604 -0.00108287 -0.000709695 -0.00142198 -0.000559118 0.000684849 0.00230417 -7.14251e-05 6.90414e-05 0.000220587 -0.00103416 0.000554074 -0.00219553 -0.000240786 0.000857903 -0.00131392 0.00158557 0.000743661 -0.000576329 0.00309026 0.000182933 -0.000451176 0.000425493 0.000774229
internal_weight=1760 795 770 663 107 631 609 206 185 136 98 66 41 62 403 381 80 301 57 170 84 86 131 84 44 47 965 267 698 504
internal_count=1760 795 770 663 107 631 609 206 185 136 98 66 41 62 403 381 80 301 57 170 84 86 131 84 44 47 965 267 698 504
is_linear=0
shrinkage=0.05


Tree=158
num_leaves=31
num_cat=0
split_feature=280 11 127 282 144 120 233 170 110 167 263 220 315 165 154 260 107 199 286 203 305 92 240 203 289 105 290 159 155 245
split_gain=0.0288288 0.034655 0.0296312 0.0323216 0.0729044 0.080971 0.0888622 0.0619644 0.0948022 0.0765211 0.0996838 0.0917002 0.0803688 0.10064 0.105417 0.0894792 0.126996 0.0912082 0.0740666 0.0665955 0.0739027 0.100246 0.0658602 0.0648967 0.0644213 0.0945688 0.0723063 0.0621334 0.0591928 0.0720436
threshold=0.082553035759173957 4.693376068376069 -0.10735765767611108 -0.0077145657655903433 -0.041064718962248704 0.01084032477740119 0.0041549869363062411 -0.0007300795963715278 0.069768433210377026 -0.010529674038119064 -0.010294241364913742 0.0031413315153253981 0.0076897597823143227 -0.012302015499447707 -0.0083063444549237326 0.016943370098716281 0.032898215617993602 0.009860871788669184 0.0097553064784010411 0.0095367004138955085 0.046934973151375847 -0.11541022825688371 0.0035385189931791037 0.012805608846170128 -0.035235007617571222 -0.013257220467193478 -0.0040834173810926407 -0.0095083060308711852 -0.009061868271302195 0.023384040604238505
decision_type=2 2 2 2 2 2 2 2 2 2 2 2 2 2 2 2 2 2 2 2 2 2 2 2 2 2 2 2 2 2
left_child=1 2 -1 -4 5 6 -5 8 9 10 -6 -12 15 -14 -15 17 22 27 -19 20 21 -9 -17 -21 -25 -26 -27 -11 29 -23
right_child=-2 -3 3 4 7 -7 -8 19 -10 12 11 -13 13 14 -16 16 -18 18 -20 23 -22 28 -24 24 25 26 -28 -29 -30 -31
leaf_value=0.0017466092753844959 0.0017210599723815297 -0.0019517294595615292 -0.00028395578777604141 0.0053874593588434869 0.0037084388667717582 -0.00033281294784198208 0.00088881745013286899 0.0043761517276011764 -0.0033783157458528879 0.0024295562504378795 -0.0019356153481401798 0.0014740125579659695 -0.0016411208752260516 0.0042072638726005189 5.2863889298326268e-05 -0.006295702680723653 0.00044638069742913584 -0.0046486311993794516 -0.00052872938589037708 -0.002981666363352402 -0.0015582856970528763 -0.00095154957714446535 -0.0023357790229575977 0.002561828188918298 -0.002676679299774525 -0.00094492902965558805 0.0024861883388699168 -0.00037972615689706103 0.0012968175860658111 0.0024306609871564432
leaf_weight=24 24 23 696 21 25 30 23 21 25 26 33 49 33 26 37 21 21 20 24 22 30 74 21 20 34 34 28 81 194 20
leaf_count=24 24 23 696 21 25 30 23 21 25 26 33 49 33 26 37 21 21 20 24 22 30 74 21 20 34 34 28 81 194 20
internal_value=2.11124e-12 -2.37935e-05 2.09244e-06 -2.26964e-05 0.000160422 0.0016702 0.0030359 3.88508e-05 -0.000387662 -0.000208366 0.000944507 0.000101845 -0.000606293 0.000595707 0.00176738 -0.00114551 -0.00272837 -0.000485109 -0.00240141 0.000434068 0.000811008 0.00104104 -0.00431574 -0.000491895 -1.96969e-05 -0.000557515 0.000604608 0.000302903 0.000797851 -0.00023193
internal_weight=1760 1736 1713 1689 993 74 44 919 442 417 107 82 310 96 63 214 63 151 44 477 339 309 42 138 116 96 62 107 288 94
internal_count=1760 1736 1713 1689 993 74 44 919 442 417 107 82 310 96 63 214 63 151 44 477 339 309 42 138 116 96 62 107 288 94
is_linear=0
shrinkage=0.05


Tree=159
num_leaves=31
num_cat=0
split_feature=274 177 195 98 98 217 304 327 112 198 151 159 159 154 304 103 261 302 192 98 230 135 212 219 222 167 151 159 218 308
split_gain=0.028604 0.0690222 0.0585012 0.0433752 0.0759617 0.0972488 0.106196 0.145036 0.0948595 0.0922327 0.0936757 0.0707357 0.0755618 0.0841777 0.0823614 0.086263 0.0841169 0.0764869 0.0594938 0.0581618 0.117428 0.101442 0.117092 0.0807391 0.0927851 0.0628729 0.0608713 0.058393 0.072876 0.0805409
threshold=0.063974019045519678 0.0098735975911574906 0.00058768730413043876 -0.045046010130702176 -0.019479812612706798 0.051404111450134168 -0.004195784101295911 -0.018717227031704295 0.0044370520861227985 0.0075576262108128745 -0.0047386290207460892 0.031598415879434356 -0.00022002057731494127 -0.013234229312666641 -0.017498236429211233 0.028605147476435121 0.012809546806074676 0.0082626102589299488 0.0057188874371788979 -0.0091452686447219527 -0.051370058980871054 -0.00039631137352790955 0.0024848618014652181 0.0083993690012121539 0.0074313141052328516 -0.0035144466214342813 0.0069499162490009548 0.028151243404743311 -0.0017269546787025034 -0.0084538489511305336
decision_type=2 2 2 2 2 2 2 2 2 2 2 2 2 2 2 2 2 2 2 2 2 2 2 2 2 2 2 2 2 2
left_child=3 2 -2 11 5 6 9 -8 18 10 -5 12 14 -14 -1 16 -16 -15 -9 20 -6 23 -23 24 -22 -25 -24 -21 29 -29
right_child=1 -3 -4 4 19 -7 7 8 -10 -11 -12 -13 13 17 15 -17 -18 -19 -20 27 21 22 26 25 -26 -27 -28 28 -30 -31
leaf_value=0.0027388372068526227 -0.0013311183805732678 -0.002823990644925895 0.0019438193424866767 -0.0039211779175093399 0.0027411145967475717 -0.0020140089793130758 -0.0015599003620445728 0.0031980485241446229 0.0016004128009080888 0.0024713019821792845 0.00036841337502534904 0.0021377077559009195 0.00016853548181445702 -0.0053935880828648811 -7.0167282753954495e-05 0.0018927918087380631 -0.0038875245021362964 -0.0012451481446623803 0.0067960227746516472 0.00029466158635947133 -0.00060100612099631698 -0.0052852356645206999 -0.0025204959575442928 3.0856468947604297e-05 0.0035624255891889335 -0.0038023041600536087 0.00090330418343434026 -6.084149621578085e-05 0.00027716087695378605 -0.0032098813029006121
leaf_weight=20 30 30 25 20 21 24 20 27 50 25 35 20 23 25 31 21 27 20 20 896 32 26 34 23 23 20 21 37 89 45
leaf_count=20 30 30 25 20 21 24 20 27 50 25 35 20 23 25 31 21 27 20 20 896 32 26 34 23 23 20 21 37 89 45
internal_value=2.47507e-12 -0.000894797 0.00015749 4.54076e-05 0.000135607 0.000990985 0.00135708 0.00231701 0.00311638 -4.68318e-05 -0.00119144 -0.000672327 -0.00100886 -0.00229215 -0.000127404 -0.000853034 -0.00184721 -0.00354984 0.0047291 -1.35949e-05 -0.000796065 -0.00121104 -0.00252029 -0.000128906 0.00114007 -0.00175201 -0.00121323 0.000133072 -0.000713617 -0.00178897
internal_weight=1760 85 55 1675 1488 221 197 117 97 80 55 187 167 68 99 79 58 45 47 1267 200 179 81 98 55 43 55 1067 171 82
internal_count=1760 85 55 1675 1488 221 197 117 97 80 55 187 167 68 99 79 58 45 47 1267 200 179 81 98 55 43 55 1067 171 82
is_linear=0
shrinkage=0.05


Tree=160
num_leaves=31
num_cat=0
split_feature=280 11 123 148 290 291 280 172 265 319 121 331 279 333 220 310 333 230 172 284 131 140 148 273 327 292 142 237 282 263
split_gain=0.0274656 0.0304088 0.0286957 0.0779508 0.0754094 0.0827773 0.0825552 0.0750089 0.0737867 0.111391 0.110497 0.107318 0.119084 0.0958292 0.109673 0.0890892 0.11484 0.0851013 0.0822252 0.0756848 0.0710382 0.0673849 0.064854 0.0916839 0.0869853 0.0765796 0.0677056 0.0665731 0.0665051 0.0645905
threshold=0.082553035759173957 4.693376068376069 0.0037429049889926851 -0.010665154079298312 0.030332240908670125 -0.0025594592102538469 -0.06082705154769117 0.003165089885615245 0.018423883251861405 0.0045678013781945597 0.021282324387854271 -0.020400950003796735 -0.022267326687605515 0.0027688662393540969 -0.048427285125640908 0.0045839883426752595 0.0075554464760723529 -0.0022265645603988362 -0.0043922047822892701 0.012521389775222908 -0.0004246548525320216 -0.0036323453711317884 -0.017349156561812514 -0.0035668347340394742 -0.018174270805699878 0.010620093640238588 -0.0066430647252038628 0.030790560942946205 -0.023222743969243984 0.0023497231613084672
decision_type=2 2 2 2 2 2 2 2 2 2 2 2 2 2 2 2 2 2 2 2 2 2 2 2 2 2 2 2 2 2
left_child=1 2 3 22 6 -6 -5 -7 10 -10 11 18 -13 14 -14 16 -15 21 -8 20 -11 -16 24 -24 -1 27 -25 28 -26 -12
right_child=-2 -3 -4 4 5 7 8 -9 9 19 29 12 13 15 17 -17 -18 -19 -20 -21 -22 -23 23 26 25 -27 -28 -29 -30 -31
leaf_value=-0.0021895710231287272 0.0016798754571937025 -0.0018291907891145221 -0.00022252965899125727 -0.0027257669771857122 -0.00047191903771211702 0.0043457540174670238 -0.0046517324234758113 0.00058308719621541407 -0.00039523250780667759 0.0030319032682613895 -0.00095452669058711497 0.0031799091146357604 0.001667881807624062 0.0031459645525319505 0.0018476774613372983 0.0039694253577512101 -0.0016838315560562479 -0.0034563036618887317 -0.00044519067697155367 0.0045997895199157623 -0.0010337395953857118 -0.0016923711754427088 -0.00038959916153264487 0.0015847751599721962 -0.0014796664705500008 -0.00067358587903386098 0.0050707881267254172 0.0034922277916848545 0.0016684233107709238 -0.0039601275965458517
leaf_weight=28 24 23 781 34 42 27 21 26 94 22 39 31 31 20 20 22 32 42 26 23 21 41 26 30 23 58 26 32 62 33
leaf_count=28 24 23 781 34 42 27 21 26 94 22 39 31 31 20 20 22 32 42 26 23 21 41 26 30 23 58 26 32 62 33
internal_value=2.38019e-13 -2.32241e-05 1.02416e-06 0.000188358 -0.00011513 0.00118605 -0.000339066 0.00249992 -0.00018241 0.000710229 -0.000581355 -0.000140609 0.0002889 -0.000141971 -0.000939508 0.00130222 0.000173782 -0.00172426 -0.00232471 0.00228467 0.00104636 -0.000531699 0.000877331 0.00206408 0.000397957 0.000811961 0.00320328 0.00154839 0.000816587 -0.00233209
internal_weight=1760 1736 1713 932 647 95 552 53 518 160 358 286 239 208 134 74 52 103 47 66 43 61 285 82 203 175 56 117 85 72
internal_count=1760 1736 1713 932 647 95 552 53 518 160 358 286 239 208 134 74 52 103 47 66 43 61 285 82 203 175 56 117 85 72
is_linear=0
shrinkage=0.05


Tree=161
num_leaves=31
num_cat=0
split_feature=230 275 295 91 222 274 121 93 143 326 191 167 121 125 118 271 246 331 256 230 238 277 246 230 141 148 218 325 200 179
split_gain=0.0276269 0.0729275 0.077592 0.0764641 0.0721723 0.0539693 0.0406433 0.108143 0.115588 0.0966196 0.0800963 0.0775354 0.0740087 0.137809 0.104384 0.0864323 0.0817241 0.078384 0.106568 0.151178 0.107396 0.0984759 0.103571 0.1159 0.0952063 0.106468 0.096302 0.0895061 0.0863282 0.0840176
threshold=0.051920988835069078 -0.019939872267233576 -0.010476172359653235 0.066405040609990154 -0.00081615386774430763 -0.024632995338738365 0.016307147329698315 -0.022984684446004187 0.0073610801611481381 0.012083584038431284 0.029273922571756008 -0.023205742084670657 0.0063063341636690421 0.0030362194129560489 -0.0010389095423419628 0.0029278939385011353 0.011506248050430988 -0.020400950003796735 -0.024803187044413987 0.012555296615922142 -0.0061684200536329279 0.024243608309449997 -0.01311875314639261 0.0023154007560076272 0.0042393732106653014 -0.029560520344166726 0.028328656272432525 -0.0073534893804672544 -0.0062238117120943584 0.0079385086279283919
decision_type=2 2 2 2 2 2 2 2 2 2 2 2 2 2 2 2 2 2 2 2 2 2 2 2 2 2 2 2 2 2
left_child=6 4 -3 5 -2 -4 12 8 9 -8 11 -9 17 15 16 -14 -15 18 -1 20 28 24 -23 -24 25 -19 -27 29 -20 -26
right_child=1 2 3 -5 -6 -7 7 10 -10 -11 -12 -13 13 14 -16 -17 -18 21 19 -21 -22 22 23 -25 27 26 -28 -29 -30 -31
leaf_value=0.0013599825026766347 0.00031089479355917625 -0.0014553379143028889 -0.00062742340378463268 -0.0016499870083256003 0.0041885099975237008 0.002311416041737205 0.00070477225647075966 0.0012114875731434572 -0.0016477301516570151 0.0048483114883614087 -0.002940728724934161 -0.00085603504199625489 0.0034583891994225272 -0.00016041272365806725 0.0016969869189013384 0.00057763292102406367 -0.0038413090482354167 0.0024633939640729559 -0.0051350898889359091 -0.0049452966037538968 0.00049170804820068247 -0.0035955681428012833 0.0014732329456411226 -0.0018428743583570936 -0.0015424286350995925 -0.00076253279492048914 0.0025556205771863462 0.002007897582603359 -0.00089421207453900325 0.0014962916930570552
leaf_weight=37 24 57 21 24 24 61 34 53 25 24 39 314 60 38 38 46 25 35 20 28 65 31 49 57 45 246 24 140 30 46
leaf_count=37 24 57 21 24 24 61 34 53 25 24 39 314 60 38 38 46 25 35 20 28 65 31 49 57 45 246 24 140 30 46
internal_value=-6.21857e-12 0.000536741 3.231e-05 0.000832272 0.0022497 0.00155879 -7.31131e-05 -0.000450197 0.00119432 0.00241934 -0.000786391 -0.000557455 0.000100843 0.000948945 -0.000372702 0.00220825 -0.00162109 -0.000104968 -0.00103176 -0.0016506 -0.00084841 0.00014291 -0.00105342 -0.000309957 0.000448687 -0.000131244 -0.000467586 0.0012144 -0.00259056 -6.37221e-06
internal_weight=1760 211 163 106 48 82 1549 489 83 58 406 367 1060 207 101 106 63 853 180 143 115 673 137 106 536 305 270 231 50 91
internal_count=1760 211 163 106 48 82 1549 489 83 58 406 367 1060 207 101 106 63 853 180 143 115 673 137 106 536 305 270 231 50 91
is_linear=0
shrinkage=0.05


Tree=162
num_leaves=31
num_cat=0
split_feature=127 112 303 277 173 233 329 129 173 235 90 240 257 316 295 274 132 110 255 317 107 177 293 329 132 128 200 232 115 171
split_gain=0.0274002 0.0716709 0.0716146 0.0633847 0.0374168 0.0739243 0.0754571 0.0987147 0.075292 0.0729066 0.0707824 0.0672429 0.0734796 0.0658277 0.0634715 0.0609096 0.0581287 0.0561114 0.0515082 0.0573643 0.0911148 0.0893475 0.13198 0.112147 0.115855 0.0903637 0.0811243 0.0740598 0.0709164 0.0925607
threshold=0.061515610792788028 0.041748960843819481 -0.011428182277220431 -0.002584069171271494 -0.01450777617061679 -0.014508231136089912 -0.011391916002377454 0.00065234875904241298 -0.019705185904391038 -0.031669714596266475 -0.0020232386035445977 0.0041599844976842925 -0.012370012713145482 0.011837299137315609 0.0021234710238453242 -0.0011421400503674314 -0.0029562087238951297 -0.00065079954475910965 -0.090798316616195376 -0.020565413708996179 -0.10516045837450612 0.015558342396281169 -0.0071217907163490671 -0.023960359643604719 0.010106590729149481 0.011716170957972874 0.0032902820374841098 -9.4497219327558868e-05 -0.0075827754525384658 0.0029216324909681359
decision_type=2 2 2 2 2 2 2 2 2 2 2 2 2 2 2 2 2 2 2 2 2 2 2 2 2 2 2 2 2 2
left_child=4 2 -2 -4 5 8 7 10 9 -1 -7 12 -8 -13 15 -11 -16 -14 -6 21 -21 22 23 -20 -25 27 -23 -24 29 -22
right_child=1 -3 3 -5 18 6 11 -9 -10 14 -12 13 17 -15 16 -17 -18 -19 19 20 28 26 25 24 -26 -27 -28 -29 -30 -31
leaf_value=-0.0028918416662296904 0.003689237696946495 -0.001088426143137945 0.0023465884820325304 -0.0012167323062805316 -0.0022662259041048263 -0.0016132208112495669 0.004170554795668328 -0.0034963337592640088 -0.003448626666442689 -0.00061059261662075714 0.0024539081293914935 0.00096997872129804823 0.0024954006862666074 -0.0023496980612565366 -0.0031508910793649116 0.0029901527161806979 0.00048757272750316635 -0.00036417086535255381 -0.00013834543109017734 0.0030515799845528347 0.0010706706544268215 -0.0026256214652676138 -0.00011063583159294137 0.0024158426553862397 0.007022108867240604 -0.0018878344899146923 0.0007519661405240186 0.0030376843274420792 -0.00051216796132791951 -0.00042832511328052365
leaf_weight=30 27 36 24 26 23 23 21 29 33 23 20 32 29 28 23 24 21 42 24 23 217 32 47 43 20 36 40 31 537 196
leaf_count=30 27 36 24 26 23 23 21 29 33 23 20 32 29 28 23 24 21 42 24 23 217 32 47 43 20 36 40 31 537 196
internal_value=-1.67161e-12 0.000753178 0.00161419 0.000493662 -5.16753e-05 -0.000488334 9.14343e-05 -0.00124194 -0.00133163 -0.00075427 0.000278467 0.000723032 0.00157232 -0.000579204 -4.95762e-05 0.00122809 -0.00141435 0.000803823 7.83932e-05 0.000121673 -5.80309e-05 0.000762154 0.00130353 0.00277015 0.00387815 0.000184266 -0.000749184 0.00114062 -0.000133316 0.000359283
internal_weight=1760 113 77 50 1647 378 224 72 154 121 43 152 92 60 91 47 44 71 1269 1246 973 273 201 87 63 114 72 78 950 413
internal_count=1760 113 77 50 1647 378 224 72 154 121 43 152 92 60 91 47 44 71 1269 1246 973 273 201 87 63 114 72 78 950 413
is_linear=0
shrinkage=0.05


Tree=163
num_leaves=31
num_cat=0
split_feature=182 144 287 117 272 289 210 182 331 135 227 84 211 257 211 230 117 122 92 219 119 282 142 294 139 91 166 315 179 302
split_gain=0.0253653 0.0788937 0.0701786 0.0914383 0.0896315 0.0799134 0.0722938 0.0673411 0.112752 0.0980875 0.0929268 0.0917264 0.0902221 0.0660753 0.0702336 0.0898793 0.108047 0.116075 0.106755 0.117358 0.105208 0.0961394 0.091326 0.0841166 0.0830708 0.0703266 0.0673236 0.0637579 0.0673732 0.0849069
threshold=-0.0014306878517626102 0.042131559556815475 0.0390716357274331 -0.027773747663686208 -0.016919955807893815 -0.014550692362390111 0.01847208163130485 0.0031761487006890265 -0.020845000565973108 0.00060132376549093319 -0.0017902713168376347 0.038999873253092891 -0.035658590051576143 -0.044892529733773903 -0.0084048211428635038 0.0043917188697460757 0.031468190016095514 0.045451819809833184 -0.01334050933992059 0.0011938271411596399 -0.0046707632264476598 0.015469803393840164 -0.019857305227292506 0.018260774202882499 -0.0062199060061679462 -0.0028321322248324341 0.016307412439135843 -0.053349139686599469 0.0060100963445668728 -0.0075770182695494336
decision_type=2 2 2 2 2 2 2 2 2 2 2 2 2 2 2 2 2 2 2 2 2 2 2 2 2 2 2 2 2 2
left_child=1 2 6 -4 -5 -6 27 8 -2 10 -10 12 -11 26 15 18 17 21 -15 -20 -21 23 -18 25 -16 -17 -9 -1 -29 -30
right_child=7 -3 3 4 5 -7 -8 13 9 11 -12 -13 -14 14 24 16 22 -19 19 20 -22 -23 -24 -25 -26 -27 -28 28 29 -31
leaf_value=0.0022547657332324888 -0.003635911510200734 -0.0014034842946600385 -0.0008400951957155486 0.0054945297655649488 -0.0008502207184210419 0.0035659638225167458 0.0029998873233456503 -0.00019233991135313939 -0.00053517165295488675 -0.0012276624726997826 0.0027066762710455808 0.00041763811314012857 -0.0052823785383699709 0.0025488242520047923 -0.00020812236333241394 -0.0045967902082007968 -0.0010116498134448194 0.0016272938648319764 0.00093204193546721637 0.00020829468267038467 -0.0048588271064329003 -0.0044212517710143914 0.003354049976105276 0.0011713787585601191 0.0014283445808721672 -0.0011596751460076673 -0.0033639127459739234 -0.00045142070476376233 0.0018579509712501685 -0.00016942816852824765
leaf_weight=32 33 69 25 20 20 21 22 44 60 34 35 34 23 49 133 22 25 23 76 20 21 36 23 24 186 46 27 364 88 125
leaf_count=32 33 69 25 20 20 21 22 44 60 34 35 34 23 49 133 22 25 23 76 20 21 36 23 24 186 46 27 364 88 125
internal_value=-6.81088e-13 0.000211301 0.000366699 0.00170662 0.00275035 0.00141173 0.000184079 -0.000170516 -0.000942453 -0.000464582 0.000659193 -0.00163775 -0.00286378 5.33968e-05 0.000204098 -0.000269558 -0.000986165 -0.00164304 0.000589507 -0.000231062 -0.00238706 -0.00223068 0.00108025 -0.00137349 0.000746056 -0.00227168 -0.00139843 8.23588e-05 -3.81213e-05 0.000668174
internal_weight=1760 786 717 86 61 41 631 974 219 186 95 91 57 755 684 365 199 151 166 117 41 128 48 92 319 68 71 609 577 213
internal_count=1760 786 717 86 61 41 631 974 219 186 95 91 57 755 684 365 199 151 166 117 41 128 48 92 319 68 71 609 577 213
is_linear=0
shrinkage=0.05


Tree=164
num_leaves=31
num_cat=0
split_feature=106 294 263 220 315 109 227 160 168 330 99 81 95 160 183 171 109 225 197 158 151 328 286 271 141 313 212 244 148 322
split_gain=0.0256627 0.0540197 0.0531719 0.0340466 0.0731774 0.0684569 0.0464195 0.045688 0.0661606 0.100034 0.0798141 0.0734329 0.0626288 0.0641315 0.0833957 0.0680595 0.0639989 0.0644386 0.0604334 0.0566501 0.0555589 0.0722267 0.0551729 0.114884 0.0743467 0.0598639 0.090988 0.088864 0.0764801 0.111945
threshold=0.097381275912149012 0.015500045319839601 0.0060838660231599508 0.093466950563674392 -0.014062964583819544 -0.022830858579521749 0.049800154614407961 0.026030549959683496 0.00048995328067438294 0.01162018792134145 -0.04264629009387718 -0.44035050594056108 0.17365360044602177 0.020023065732897073 -0.012685753099170761 -0.004130653866761487 0.096041898799864453 0.13063709397059511 -0.0022506571471389608 -0.0058191233295462321 0.015291155690844204 -0.0024419790800954528 -0.048050707614468995 -0.020564111852613667 -0.018157927466436904 -0.011572802411357389 -0.0037509362049824046 -0.060219830752453275 -0.01280857841753181 -0.006606899246240922
decision_type=2 2 2 2 2 2 2 2 2 2 2 2 2 2 2 2 2 2 2 2 2 2 2 2 2 2 2 2 2 2
left_child=3 2 -2 7 -5 -6 -7 12 9 20 -10 -12 13 16 -15 -16 17 22 -11 -13 21 -9 23 -1 -25 26 -24 -27 -28 -30
right_child=1 -3 -4 4 5 6 -8 8 10 18 11 19 -14 14 15 -17 -18 -19 -20 -21 -22 -23 25 24 -26 27 28 -29 29 -31
leaf_value=0.0013329476330129963 -0.00042925830519593814 0.0012812317132816784 -0.0035420136213677165 0.0025309549345235742 0.002149028386639688 1.4299692159865872e-05 -0.0027730584722303322 -0.0036026653537357396 0.002722704211676804 -0.0052726378368044445 -0.0021879342466854727 0.0021554109283412498 0.0028713922132737935 -0.001287104960911992 0.0046998694376088682 0.0011821354854460384 0.0024559050616808236 0.0027114289137534797 -0.0014750593388453128 -0.00057303172383958907 0.0012053095657686373 0.00036359140406905986 0.0019871766300270737 -0.00097995481986020284 -0.0044366253440135291 0.0018910147103502655 0.0012504360201662991 -0.00045573832442396514 -0.0024055774489430146 0.00034489522970050846
leaf_weight=28 34 21 23 42 29 59 20 22 24 22 40 30 20 22 20 44 25 20 20 52 31 24 79 35 28 43 86 652 56 109
leaf_count=28 34 21 23 42 29 59 20 22 24 22 40 30 20 22 20 44 25 20 20 52 31 24 79 35 28 43 86 652 56 109
internal_value=-5.26587e-12 -0.000886606 -0.00168528 4.11149e-05 0.00076003 7.13364e-05 -0.000691361 -2.92749e-05 -0.00062632 -0.0015014 8.69329e-05 -0.000431579 9.56003e-05 5.10808e-05 0.00136855 0.00228143 -4.65093e-05 -0.00010158 -0.00346427 0.000425179 -0.000430751 -0.00153331 -0.000151992 -0.00133188 -0.00251625 -4.7241e-05 0.00050729 -0.000310544 4.15089e-05 -0.000588599
internal_weight=1760 78 57 1682 150 108 79 1532 265 119 146 122 1267 1247 86 64 1161 1136 42 82 77 46 1116 91 63 1025 330 695 251 165
internal_count=1760 78 57 1682 150 108 79 1532 265 119 146 122 1267 1247 86 64 1161 1136 42 82 77 46 1116 91 63 1025 330 695 251 165
is_linear=0
shrinkage=0.05


Tree=165
num_leaves=31
num_cat=0
split_feature=230 295 279 321 124 330 266 287 121 157 191 146 190 101 140 195 121 125 118 203 246 331 256 230 238 300 277 84 253 235
split_gain=0.0251559 0.0638016 0.0560454 0.058353 0.0536105 0.0527728 0.0520986 0.0388352 0.0375087 0.0925855 0.132456 0.100987 0.0700553 0.0829427 0.0688251 0.0677792 0.0674251 0.118551 0.0865182 0.0751342 0.0705303 0.0635137 0.0884927 0.127418 0.0912324 0.0877438 0.103927 0.120152 0.0924234 0.0882866
threshold=0.051920988835069078 -0.0085952912856581826 -0.022267326687605515 0.0084032263541213605 -0.012157720717355099 0.012623403056411955 -0.015952086043108594 0.0033373056626244913 0.016307147329698315 -0.0053400799704844699 0.028860626288589892 0.033960241837702958 0.0041022159964820863 0.012722420221338482 -0.0044352584221488004 0.011119360130708364 0.0063063341636690421 0.0030362194129560489 -0.0010389095423419628 0.0056015332590502323 0.011506248050430988 -0.020400950003796735 -0.024803187044413987 0.012555296615922142 -0.0061684200536329279 -0.027745331234048685 0.033206914326726157 -0.022594583047489184 0.068952776588551118 0.036079262554193005
decision_type=2 2 2 2 2 2 2 2 2 2 2 2 2 2 2 2 2 2 2 2 2 2 2 2 2 2 2 2 2 2
left_child=8 6 -3 4 -4 -6 -2 -8 16 -10 11 12 14 15 -11 -14 21 19 20 -18 -19 22 -1 24 -24 29 28 -28 -27 -23
right_child=1 2 3 -5 5 -7 7 -9 9 10 -12 -13 13 -15 -16 -17 17 18 -20 -21 -22 25 23 -25 -26 26 27 -29 -30 -31
leaf_value=0.0012461330873004437 0.00085089993174938903 0.0032818796634674074 -0.00067584095734425566 -0.0010317663223083531 0.0033918920956138108 0.0002379648149057868 -0.00028855873810243796 -0.003367136749217198 0.00045376685141135297 0.0016576766988146122 -0.0045317502071460089 -0.0032603545162904393 -0.0015144183639098298 -0.0036801436882732174 -0.00050103497675687929 0.0019960642318483223 0.0011402197611050083 -9.8562232520443555e-05 0.0015652844596556145 0.0039708203649414442 -0.0035180928315967325 0.002016905707053714 -0.0023665308349882252 -0.0045220187166705728 0.00047434184821143461 -3.6179476638525639e-05 -0.0038399518387833317 -4.0648370201739931e-05 0.0027884681348598773 -0.0014947454284993001
leaf_weight=37 31 25 22 35 36 21 20 21 184 60 24 33 44 28 96 20 71 38 38 35 25 96 50 28 65 440 38 46 31 22
leaf_count=37 31 25 22 35 36 21 20 21 184 60 24 33 44 28 96 20 71 38 38 35 25 96 50 28 65 440 38 46 31 22
internal_value=3.15869e-12 0.000512175 0.00113793 0.000667764 0.00142072 0.00222992 -0.000695877 -0.00186539 -6.97669e-05 -0.000432017 -0.000966392 -0.000661878 -0.000316113 -0.0014104 0.000329239 -0.000417393 9.73468e-05 0.000906848 -0.000318979 0.00207485 -0.00145552 -9.90971e-05 -0.000933355 -0.00149728 -0.00076082 0.000124033 -0.000139215 -0.00175938 0.000149732 0.00136219
internal_weight=1760 211 139 114 79 57 72 41 1549 489 305 281 248 92 156 64 1060 207 101 106 63 853 180 143 115 673 555 84 471 118
internal_count=1760 211 139 114 79 57 72 41 1549 489 305 281 248 92 156 64 1060 207 101 106 63 853 180 143 115 673 555 84 471 118
is_linear=0
shrinkage=0.05


Tree=166
num_leaves=31
num_cat=0
split_feature=294 327 238 192 136 268 185 192 331 119 103 151 303 319 184 82 98 7 336 213 98 96 185 273 134 255 215 123 238 286
split_gain=0.0238274 0.0588542 0.0529513 0.0323649 0.092778 0.080629 0.109602 0.0765735 0.120269 0.0684462 0.0644541 0.0635631 0.0964576 0.0628244 0.0621604 0.0584199 0.0484325 0.0707524 0.0930918 0.0752636 0.0576592 0.0967929 0.168078 0.0830889 0.0757249 0.0616548 0.0855287 0.0634416 0.0872019 0.0848226
threshold=0.063758564059846715 -0.0051636954232025228 -0.0061684200536329279 -0.020571054237511231 -0.014770045824996468 0.0018674104515231918 -0.0085959115307402949 -0.014022426511426187 0.023709823139737771 -0.0046707632264476598 -0.02506239647891673 0.0062292275738354335 -0.0042123889343054074 -0.0035817874726556133 -0.0030777241692213912 -0.47469882374655564 -0.045046010130702176 0.75682449366659899 0.0028056362077088556 0.14298824261014006 -0.018997366649681945 -0.0091494037223750022 0.0070895711656174627 0.03551536663154798 -0.0014786866233073316 0.067990347139762888 -0.09630853321543538 0.0027448253272218661 -0.02634000939089768 -0.0050498769582511425
decision_type=2 2 2 2 2 2 2 2 2 2 2 2 2 2 2 2 2 2 2 2 2 2 2 2 2 2 2 2 2 2
left_child=3 -2 -3 4 5 6 -1 8 11 13 -11 12 -5 -6 -15 -9 17 19 -19 -17 21 22 24 -23 -18 26 -22 28 29 -28
right_child=1 2 -4 7 9 -7 -8 15 -10 10 -12 -13 -14 14 -16 16 20 18 -20 -21 25 23 -24 -25 -26 -27 27 -29 -30 -31
leaf_value=0.00021553016503319321 -0.00079239025799324745 0.00037566272464270394 0.0037716839113272728 0.00048934858423308467 0.00072483470203445817 0.0006484163562269058 -0.0047805816979561043 -0.0025869641749357635 -0.004926639792392962 -0.0018829142222077482 0.00096602269425056879 0.0010150466776186868 -0.0039483785713091499 0.0016494371908028491 0.0054119644686579709 -0.00069737687526332383 -0.0045168661070056262 -0.0038706735249006137 -0.00022242783258358636 0.0026671034691389652 -0.0026353997464122424 0.0024445987905767799 0.0031107241689989516 -0.0011011966818477959 -0.00051766251302163668 0.001518445520293123 0.003891673592490054 -0.00053695529500183599 3.5675609777985734e-05 0.00054978518022167288
leaf_weight=21 32 24 22 24 41 43 23 22 20 27 75 35 25 23 21 68 20 34 36 22 33 95 22 20 29 60 31 365 398 49
leaf_count=21 32 24 22 24 41 43 23 22 20 27 75 35 25 23 21 68 20 34 36 22 33 95 22 20 29 60 31 365 398 49
internal_value=-7.33603e-13 0.000854314 0.00199985 -3.96174e-05 0.00045757 -0.000891326 -0.00239607 -0.000136371 -0.00144203 0.00108513 0.000211892 -0.000612363 -0.0017748 0.00213302 0.00344519 -3.22388e-05 1.1602e-05 -0.000802223 -0.00199443 0.000125052 0.000127655 0.000931717 -0.00051991 0.00182794 -0.00214999 -3.2126e-05 -0.000138329 -4.05794e-05 0.000338452 0.00184477
internal_weight=1760 78 46 1682 274 87 44 1408 104 187 102 84 49 85 44 1304 1282 160 70 90 1122 186 71 115 49 936 876 843 478 80
internal_count=1760 78 46 1682 274 87 44 1408 104 187 102 84 49 85 44 1304 1282 160 70 90 1122 186 71 115 49 936 876 843 478 80
is_linear=0
shrinkage=0.05


Tree=167
num_leaves=31
num_cat=0
split_feature=162 162 86 156 138 94 134 177 329 335 331 289 289 245 143 331 331 314 331 113 273 214 116 128 97 327 327 264 285 165
split_gain=0.0239982 0.0536433 0.0478554 0.0516752 0.0490102 0.0397055 0.0423972 0.0846556 0.110698 0.0652394 0.0805456 0.0795948 0.0699513 0.0779693 0.0481788 0.0456591 0.0846493 0.107691 0.104413 0.0819605 0.0873956 0.0803076 0.11639 0.0614943 0.0536703 0.0547677 0.0747323 0.125071 0.0581036 0.0573185
threshold=-0.044298184431543701 -0.037646482694713788 -0.062543258077811886 0.017922356553065344 -0.0014479370448630346 0.12046229974478541 -0.019062349615729848 0.018413985766412778 -0.013526324903519496 0.028589353455930291 -0.030854068938236931 -0.036691638743243458 -0.011725864972553814 0.040760693410821149 0.0026117754141067352 -0.020400950003796735 -0.029733832975850465 -0.014864758213448749 -0.03220874257651319 0.0039199154883714825 -0.02489417073566914 -0.0016851631019141674 -0.0031355716069509181 -0.0062092917020258936 -0.094432707242327482 0.064520558694301774 0.036988624150124411 0.0047048100906247224 -0.036320106297320527 0.030106321195144958
decision_type=2 2 2 2 2 2 2 2 2 2 2 2 2 2 2 2 2 2 2 2 2 2 2 2 2 2 2 2 2 2
left_child=2 -2 -1 4 -4 6 7 9 -9 10 -3 -12 -13 14 -14 16 18 -18 19 21 -21 -8 -23 -22 -17 26 28 -28 -26 -30
right_child=1 5 3 -5 -6 -7 15 8 -10 -11 11 12 13 -15 -16 24 17 -19 -20 20 23 22 -24 -25 25 -27 27 -29 29 -31
leaf_value=0.002536483057257202 -0.0019861947103137416 0.0030499792014736507 -0.0023494511980701378 0.001587199718385425 0.00063616387945200723 0.00086343297034921517 -2.6426120417785238e-05 -0.00011423224350437522 -0.0046852013354914054 -0.0025394870071277884 0.0026993179181590676 -0.0026438055423033593 0.0020235125175935942 -0.0028306598053313794 -0.00040721734193094236 0.0023603240460423488 -0.0046395834481809291 -0.00062042611654032956 0.0032630342418666588 -0.0016308566015637059 0.0003246038932543756 -0.00015614082194155172 -0.0052531818893233632 0.0040221907319905967 0.0013277145909883947 0.0025484758931586683 0.00074340409354772428 -0.0042096960949353302 0.00017467912077189868 -0.0013565404978302768
leaf_weight=27 35 21 27 37 28 121 55 26 27 26 20 34 36 20 47 28 25 50 22 22 22 21 24 23 99 23 25 26 696 67
leaf_count=27 35 21 27 37 28 121 55 26 27 26 20 34 36 20 47 28 25 50 22 22 22 21 24 23 99 23 25 26 696 67
internal_value=1.24435e-13 -4.9719e-05 0.00068562 0.000142433 -0.000829502 -7.51683e-06 -7.84831e-05 -0.000662477 -0.00244284 -0.000199932 0.000141801 -0.000247191 -0.000677338 -2.82132e-05 0.000647075 4.37371e-05 -0.000538864 -0.00196015 2.51366e-05 -0.000401413 0.000951833 -0.00130809 -0.00287456 0.00221448 0.000203288 0.000138761 7.80561e-05 -0.00178171 0.000188088 4.02208e-05
internal_weight=1760 1641 119 92 55 1606 1485 257 53 204 178 157 137 103 83 1228 264 75 189 167 67 100 45 45 964 936 913 51 862 763
internal_count=1760 1641 119 92 55 1606 1485 257 53 204 178 157 137 103 83 1228 264 75 189 167 67 100 45 45 964 936 913 51 862 763
is_linear=0
shrinkage=0.05


Tree=168
num_leaves=31
num_cat=0
split_feature=155 264 211 211 268 267 167 92 112 161 289 268 283 308 321 148 124 187 271 268 141 240 97 153 107 109 210 309 144 324
split_gain=0.0234607 0.0513135 0.0381403 0.0564195 0.034517 0.0664883 0.0624072 0.109567 0.0657646 0.0807054 0.0761738 0.0468723 0.09849 0.136401 0.095396 0.084306 0.0807402 0.0729722 0.0727716 0.0637597 0.100734 0.0631481 0.0588742 0.0709244 0.0796243 0.0815223 0.0791208 0.0720961 0.069947 0.120823
threshold=0.073960072970647425 0.0074871508230328968 0.68165102102396624 0.65027614725650051 -0.034404623750335241 0.055249076545658339 0.0037414328028013374 -0.040490344498178253 0.0074190495248183394 -0.0052694989985270424 0.0046385267138849039 -0.010393859315780718 0.022713716498309836 -0.002802316934053676 -0.017222043230390744 0.012305887092182315 0.015071610887782727 -0.0088148886676904809 0.0064458035142155052 -0.0073383547558064782 0.00092251777078914429 0.015042773860057269 -0.033434833665323779 -0.0073678661117376988 -0.0013781841516022025 -0.01340490066473962 0.013901788885965988 0.028398610613638148 0.010439406782854132 0.0036158104193278616
decision_type=2 2 2 2 2 2 2 2 2 2 2 2 2 2 2 2 2 2 2 2 2 2 2 2 2 2 2 2 2 2
left_child=2 -2 3 4 5 6 7 -1 10 -10 -8 12 13 18 -15 21 17 -16 -6 20 -13 -14 -21 24 25 -24 -26 28 29 -27
right_child=1 -3 -4 -5 11 -7 8 -9 9 -11 -12 19 15 14 16 -17 -18 -19 -20 22 -22 -23 23 -25 26 27 -28 -29 -30 -31
leaf_value=-0.0028442726428491169 -0.0029152149245852514 0.00058013856295950801 0.0018929492048401801 -0.0023588814325630667 0.00029992486649592012 0.0025961375050246715 -0.0018403328389154172 0.00050430306004464482 0.0048494045343250042 0.0008678401948418468 0.0021707071794662626 -0.00082550678683522474 -0.0018306406225920434 0.0014588794210857456 -0.0030066337720420439 0.00040897760549201984 -0.0046381983114406463 -6.1543754518738602e-05 0.0029950754093125654 0.00076102811733805536 0.0033564296862500162 -0.0051374129765794025 -0.0035548338427906856 0.00014794268245913705 -0.00054166204292050682 -0.0031430946122522336 0.0026031911668833348 0.0015710315970112708 -0.0039393655318037974 0.0012921938073465272
leaf_weight=36 21 21 27 25 70 35 29 76 20 35 20 24 42 29 33 26 20 58 39 206 36 22 40 537 100 28 25 23 23 34
leaf_count=36 21 21 27 25 70 35 29 76 20 35 20 24 42 29 33 26 20 58 39 206 36 22 40 537 100 28 25 23 23 34
internal_value=-5.44147e-14 -0.00116754 2.85428e-05 -1.22592e-06 3.41531e-05 0.000574522 0.000246945 -0.000572025 0.00112891 0.00231568 -0.000203174 -6.17004e-05 -0.000574392 -6.2017e-05 -0.00109461 -0.00199196 -0.00176173 -0.00112954 0.00126424 9.9826e-05 0.00168366 -0.00296734 6.29281e-06 -0.000185652 -0.000841844 -0.0016266 8.73086e-05 -0.000912442 -0.00158444 -0.00071084
internal_weight=1760 42 1718 1691 1666 251 216 112 104 55 49 1415 339 249 140 90 111 91 109 1076 60 64 1016 810 273 148 125 108 85 62
internal_count=1760 42 1718 1691 1666 251 216 112 104 55 49 1415 339 249 140 90 111 91 109 1076 60 64 1016 810 273 148 125 108 85 62
is_linear=0
shrinkage=0.05


Tree=169
num_leaves=31
num_cat=0
split_feature=0 4 68 288 159 200 259 301 196 177 136 222 154 180 268 257 333 11 128 336 190 293 330 262 264 241 181 322 209 321
split_gain=0.023476 0.0310589 0.0429178 0.0316165 0.0603327 0.0812118 0.0798342 0.0668632 0.064126 0.104861 0.129552 0.0844891 0.127901 0.0792921 0.0896586 0.0762909 0.0750208 0.0725532 0.0849938 0.0767548 0.0766257 0.0729196 0.0672577 0.0725238 0.0670303 0.0796812 0.0656572 0.0634216 0.0598733 0.0593095
threshold=11.083556880738579 6.7833245593222182 1.2424533248940004 -0.0042827326962354461 0.030486670288881114 0.01240545943992909 0.019386661317456522 -0.0012360751255141402 0.0058584851693701439 0.0073148077560976519 -0.027156251447477967 1.0000000180025095e-35 0.0066751304728847318 -0.025889905088482181 -0.010044652442337992 -0.0083856907988067945 -0.018329762756499463 2.7077380952380961 0.0072249071259621071 0.014857292773620679 0.00066011597705742831 -0.042572335551628489 0.01093661115967084 -0.029098492123617356 0.0020413135899047985 0.0014667863979411313 -0.00089340699216942248 0.0061441366195052307 0.017179866671053822 0.0014717831887784388
decision_type=2 2 2 2 2 2 2 2 2 2 2 2 2 2 2 2 2 2 2 2 2 2 2 2 2 2 2 2 2 2
left_child=1 2 3 -1 8 6 -6 -7 17 11 -11 15 27 -12 29 -10 -17 18 20 26 28 -19 -23 -24 25 -22 -20 -13 -5 -15
right_child=-2 -3 -4 4 5 7 -8 -9 9 10 13 12 -14 14 -16 16 -18 21 19 -21 24 22 23 -25 -26 -27 -28 -29 -30 -31
leaf_value=-0.00022024383362352965 -0.0017032767576165499 0.0019785931846126917 -0.0023058835021220149 0.0036411874694749716 -0.001189411036195416 -0.00066110259587211272 0.0019115380683381645 -0.0047006339672952891 -0.0014148806626998033 -0.0036159704195424208 -0.0021059033868699442 0.0028442032504244711 -0.00013174493418773638 0.0012257790603187114 0.0023647933722713791 -0.00054817009135149414 0.003311083253870225 -0.0020456760665789869 0.00055419044070211909 -0.0040538414659547729 -0.00098127463161871032 0.00027700754604614175 -0.00039439860873086304 0.0029003417722453348 -0.0026095036207345514 0.0027868176973424854 -0.0028007341688498855 0.0065184483243881366 0.00037137719974409615 -0.0025787356821820144
leaf_weight=745 20 20 20 21 51 21 35 20 26 21 22 24 20 21 64 20 34 24 35 27 47 175 23 61 33 20 25 23 42 20
leaf_count=745 20 20 20 21 51 21 35 20 26 21 22 24 20 21 64 20 34 24 35 27 47 175 23 61 33 20 25 23 42 20
internal_value=1.32776e-12 1.95779e-05 -3.20135e-06 2.3889e-05 0.000214338 -0.000800409 7.26031e-05 -0.00263161 0.000369982 0.000961441 2.19471e-05 0.00190733 0.00321717 0.000623493 0.00119537 0.000810332 0.00188173 4.26266e-05 -0.000578039 -0.00183995 9.54945e-05 0.000590918 0.000835236 0.00199821 -0.000764972 0.000143529 -0.000843695 0.00464224 0.00146131 -0.000630082
internal_weight=1760 1740 1720 1700 955 127 86 41 828 295 148 147 67 127 105 80 54 533 250 87 163 283 259 84 100 67 60 47 63 41
internal_count=1760 1740 1720 1700 955 127 86 41 828 295 148 147 67 127 105 80 54 533 250 87 163 283 259 84 100 67 60 47 63 41
is_linear=0
shrinkage=0.05


Tree=170
num_leaves=31
num_cat=0
split_feature=315 309 309 115 120 298 298 196 298 94 160 95 91 162 162 209 152 246 168 186 257 177 320 135 248 272 157 167 149 119
split_gain=0.0226015 0.0706283 0.0989504 0.0487162 0.0493242 0.0400046 0.102344 0.0956972 0.0796226 0.077221 0.0577919 0.0858575 0.0597149 0.0540882 0.066066 0.072262 0.0989817 0.0843166 0.0738265 0.0785274 0.0841472 0.103687 0.073076 0.0671854 0.0663078 0.0649257 0.0807223 0.0691722 0.0771689 0.0845196
threshold=0.043234902659430842 -0.023523879079707339 -0.011523874714918312 -0.038417526239286647 0.0029689683768452731 0.03798553108288296 0.04944234339191695 0.00099882611599420097 0.028548764773772599 -0.041197571196359653 -0.0070310845364818407 -0.013411996600476313 -0.0086946106305531793 0.0063736664360344855 -0.0087025800255977875 0.74289304810487455 0.0020507336266629736 -0.046580989617081021 -0.00077566192890021009 0.0128796364525428 -0.0075812678952716771 -0.013222970333569889 -0.0019735156296501678 0.0064426612337856936 0.022370222759628321 0.060467256045356681 0.028393716716898613 0.0035824571368390924 0.010157967689431273 -0.016914998747254214
decision_type=2 2 2 2 2 2 2 2 2 2 2 2 2 2 2 2 2 2 2 2 2 2 2 2 2 2 2 2 2 2
left_child=5 -2 -3 -4 -5 8 7 -7 13 -10 12 -12 -8 14 15 17 -17 -1 19 20 21 -19 -20 -22 -24 26 27 28 29 -16
right_child=1 2 3 4 -6 6 10 -9 9 -11 11 -13 -14 -15 25 16 -18 18 22 -21 23 -23 24 -25 -26 -27 -28 -29 -30 -31
leaf_value=-0.0017765950328127171 -0.0013304748763881722 0.0039451173632405702 -0.0017782327582244761 -1.9763059895105511e-05 0.0025041205437446481 -0.00051219901614522022 0.0034725609911783113 -0.0045081060877519442 0.0042431261460296812 0.00067012040388128244 -0.003520512158283964 0.00036698966190558668 -0.00034493453567847611 -0.00050227750725538589 -0.0024395705974736329 -0.0046624444425106054 3.7995219190634093e-05 -0.00086638678497235699 -1.3599959050264697e-05 -0.002203813636636672 0.0002153264018897043 0.0037813473758952958 0.0012245850358158349 -0.0029291855977275055 0.0044563153913865488 0.0031384514448996961 -0.0024148428212831044 0.0016861137065764826 0.0016895223287230528 0.00020165085556573924
leaf_weight=60 38 25 20 49 32 31 21 29 20 62 20 49 20 461 37 21 24 21 92 48 49 28 65 26 21 24 23 111 66 167
leaf_count=60 38 25 20 49 32 31 21 29 20 62 20 49 20 461 37 21 24 21 92 48 49 28 65 26 21 24 23 111 66 167
internal_value=8.68929e-14 0.000558955 0.00112878 0.000431671 0.000977327 -5.74365e-05 -0.000782447 -0.00244355 2.89952e-05 0.00154159 0.000123612 -0.000759822 0.00161037 -6.32908e-05 0.000165897 -0.000253567 -0.00215554 -4.48135e-05 0.000252063 -0.00048667 0.00017803 0.00178946 0.000965896 -0.000874771 0.00201373 0.000611823 0.000461726 0.000635377 0.000203408 -0.000277394
internal_weight=1760 164 126 101 81 1596 170 60 1426 82 110 69 41 1344 883 455 45 410 350 172 124 49 178 75 86 428 404 381 270 204
internal_count=1760 164 126 101 81 1596 170 60 1426 82 110 69 41 1344 883 455 45 410 350 172 124 49 178 75 86 428 404 381 270 204
is_linear=0
shrinkage=0.05


Tree=171
num_leaves=31
num_cat=0
split_feature=162 162 232 156 138 94 282 147 252 147 246 200 179 296 295 317 304 304 168 7 102 121 228 170 110 143 260 135 283 326
split_gain=0.0219395 0.0468908 0.0427795 0.0592923 0.0370397 0.0371989 0.0387455 0.0697097 0.101089 0.0823435 0.0841901 0.0745447 0.0935595 0.0713758 0.0649082 0.0735767 0.0795172 0.0782623 0.0657882 0.0696313 0.0634661 0.0770616 0.0721737 0.0553203 0.116987 0.0707611 0.0736941 0.0879912 0.093715 0.0829445
threshold=-0.044298184431543701 -0.037646482694713788 0.0020002194567216316 -0.011707039746181268 0.083908461590025837 0.12046229974478541 -0.0077145657655903433 0.017560425179263397 0.060166927401259236 0.022346854500766365 -0.042373023246528217 -0.018938652836822976 0.016710674430937145 -0.007969584559047874 0.040362124111538437 -0.030569118255514397 -0.015675620523655315 -0.0025448677655092087 -0.0096719264688118357 0.30801282051282058 0.015767298211648195 0.00075279680039286301 -0.0076989793971317649 -0.0007300795963715278 0.069768433210377026 -0.010489625028600838 0.016943370098716281 0.027387942981905122 0.025470666553254907 0.0026891187778278285
decision_type=2 2 2 2 2 2 2 2 2 2 2 2 2 2 2 2 2 2 2 2 2 2 2 2 2 2 2 2 2 2
left_child=2 -2 3 -1 5 6 7 8 11 -9 -11 12 -3 20 15 -15 -17 -18 -19 -20 21 -13 -22 24 25 -8 27 28 -27 -28
right_child=1 4 -4 -5 -6 -7 23 9 -10 10 -12 13 -14 14 -16 16 17 18 19 -21 22 -23 -24 -25 -26 26 29 -29 -30 -31
leaf_value=-0.0022165376052726061 -0.001858037372252771 0.0035100743109069302 0.0020133254798845603 0.00083198180093012493 0.001732314609301587 0.00080493811944810055 0.0010272535378594465 -0.0041633773453371679 -0.0028985445823280082 -0.0036102111239663583 -0.00013128885338700052 -0.0014886955907808016 -0.00084931484889239073 0.0030418138933816443 -0.0020012653859642644 0.0022529726357606705 -0.0021543748327530923 0.0025214958553468544 -0.0023794350636847043 0.00064832335967821573 -0.004269544516918594 0.0015843840351889788 -0.00054125788062810902 0.0004968109479947557 -0.0039443431449139362 0.00017397614523040648 -0.0033336264455491415 0.0031281229743035511 -0.0026198739966226594 -6.2967186062855439e-05
leaf_weight=22 35 32 39 58 30 120 101 23 31 22 83 51 20 27 27 40 40 28 27 64 27 34 25 439 21 159 42 20 37 36
leaf_count=22 35 32 39 58 30 120 101 23 31 22 83 51 20 27 27 40 40 28 27 64 27 34 25 439 21 159 42 20 37 36
internal_value=5.54616e-12 -4.75386e-05 0.000655553 -6.36104e-06 -8.08188e-06 -4.12113e-05 -0.000110949 -0.000418591 -0.000138465 -0.00145374 -0.000860206 5.51155e-05 0.00183339 -0.000181987 0.000315765 0.000592578 0.00026027 -0.000241039 0.000402099 -0.000250023 -0.00110119 -0.000259464 -0.0024771 0.0001053 -0.000307857 -0.000114525 -0.000506768 -3.10679e-05 -0.000353434 -0.00182409
internal_weight=1760 1641 119 80 1606 1576 1456 601 473 128 105 442 52 390 253 226 199 159 119 91 137 85 52 855 416 395 294 216 196 78
internal_count=1760 1641 119 80 1606 1576 1456 601 473 128 105 442 52 390 253 226 199 159 119 91 137 85 52 855 416 395 294 216 196 78
is_linear=0
shrinkage=0.05


Tree=172
num_leaves=31
num_cat=0
split_feature=294 332 327 252 87 299 234 274 177 319 292 168 218 171 117 310 213 319 4 196 227 203 241 103 305 96 136 97 301 194
split_gain=0.0217252 0.0491453 0.0388307 0.0275522 0.0773591 0.0771077 0.0444381 0.0361706 0.046481 0.03944 0.0586421 0.0842664 0.116408 0.0679015 0.0670763 0.0647173 0.0860375 0.0513306 0.113989 0.0557001 0.0618515 0.061598 0.0606074 0.0863852 0.0752464 0.0607183 0.0581529 0.0551255 0.068952 0.0792183
threshold=0.063758564059846715 -0.020111875564484204 -0.0051636954232025228 0.081643728390839318 0.056747012789865818 0.0042552642364836113 -0.15759861034544417 0.063974019045519678 0.011550388135276307 0.02441004723317345 -0.0048080127440969398 -0.013431779997747218 0.0034492875056720959 0.033667792042547932 0.01387864278492652 0.0082267759632049277 0.0063298609839484267 0.019040370393832183 1.8688348091416842 0.013691318805494455 0.090245955158995667 0.0029039122931769188 -0.05303444264236138 -0.031803031184801829 -0.027409151211783059 -0.00071191586613709101 0.0063365312873833188 -0.0071298291043013886 -0.016135870190528995 0.0019507831932264834
decision_type=2 2 2 2 2 2 2 2 2 2 2 2 2 2 2 2 2 2 2 2 2 2 2 2 2 2 2 2 2 2
left_child=3 -2 -3 6 5 -5 -1 9 -9 17 13 12 -12 14 -11 -13 -17 19 -19 20 27 -22 -21 25 -25 -24 -26 28 -8 -30
right_child=1 2 -4 4 -6 -7 7 8 -10 10 11 15 -14 -15 -16 16 -18 18 -20 22 21 -23 23 24 26 -27 -28 -29 29 -31
leaf_value=0.0019809494867721305 0.0023611246887969995 -0.0018026648377556177 0.0010880843691456203 -0.00035832698961409435 0.0013933841129376864 -0.0042063010036540423 0.00129862822122661 -0.00031893423839225152 -0.0031792837521061306 2.4105741210335581e-05 -0.0030955260165064832 0.00091609437150436438 0.001598555147159329 0.0021107887100104408 -0.0027438167736611586 0.0054156156284633382 0.0012174326259320458 -9.2714825650150686e-05 -0.0046141826116945601 -0.0015718395528556022 -0.00011912814807146788 -0.0039963479231422154 0.001290537595729499 -0.0019841294278324182 0.0017337800482682025 0.0047959942819683684 -0.00043751149045705216 -0.00049995271216646741 0.00049845302037209403 -0.0012387749815317482
leaf_weight=28 31 21 26 30 24 23 122 49 20 65 25 87 28 23 33 23 26 46 20 27 20 21 30 28 78 21 51 448 184 102
leaf_count=28 31 21 26 30 24 23 122 49 20 65 25 87 28 23 33 23 26 46 20 27 20 21 30 28 78 21 51 448 184 102
internal_value=-3.64426e-12 0.000815758 -0.000203527 -3.78294e-05 -0.000961734 -0.0020282 6.49496e-06 -2.85619e-05 -0.00114802 2.266e-05 0.000525332 0.00107558 -0.000615634 -0.00033414 -0.00090795 0.00173465 0.00318801 -0.000107414 -0.00146286 -2.83863e-05 -0.000207906 -0.00210502 0.000656845 0.000946145 0.000365389 0.00273396 0.000875362 -0.00011704 0.000303414 -0.000121118
internal_weight=1760 78 47 1682 77 53 1605 1577 69 1508 310 189 53 121 98 136 49 1198 66 1132 897 41 235 208 157 51 129 856 408 286
internal_count=1760 78 47 1682 77 53 1605 1577 69 1508 310 189 53 121 98 136 49 1198 66 1132 897 41 235 208 157 51 129 856 408 286
is_linear=0
shrinkage=0.05


Tree=173
num_leaves=31
num_cat=0
split_feature=299 99 299 176 279 139 296 181 242 323 52 284 303 129 129 323 334 275 316 251 19 303 289 293 240 298 249 287 81 157
split_gain=0.0216657 0.0450153 0.0316674 0.0304417 0.0626164 0.0700411 0.0901512 0.037304 0.0361877 0.0336832 0.0777338 0.0788695 0.0820111 0.128616 0.169475 0.0596054 0.106094 0.0993164 0.0889879 0.0794042 0.0875042 0.0591035 0.0769414 0.0756836 0.0801598 0.0817145 0.0771166 0.051525 0.0772451 0.0730466
threshold=-0.066790160458898185 -0.031515734528053709 -0.087224439402094317 -0.032512702505199283 0.019299466117700382 0.00052291927630636803 -0.0043469876988272765 0.058658467034210703 -0.00079704973399983799 0.0082122835660160456 0.89587973461402759 -0.049561844047827534 -0.032614635315340333 0.012540142992830468 -0.011517594136848908 0.0022410590768985263 -0.01247315203478259 -0.024826994179031985 0.0045782603306753888 -0.0028681069916469165 9.5857142857142872 -0.01562825652740019 -0.011725864972553814 -0.012998965170281459 0.021540595867996427 0.0048844342172276395 -0.048263928651041635 -0.0090432061339673925 -0.569372496321913 0.017678974652902572
decision_type=2 2 2 2 2 2 2 2 2 2 2 2 2 2 2 2 2 2 2 2 2 2 2 2 2 2 2 2 2 2
left_child=1 -1 -3 4 5 6 -2 9 -7 15 11 -11 13 14 -13 27 18 -18 -17 -19 -21 22 -14 24 25 -23 -25 28 -5 -29
right_child=3 2 -4 7 -6 8 -8 -9 -10 10 -12 12 21 -15 -16 16 17 19 -20 20 -22 23 -24 26 -26 -27 -28 29 -30 -31
leaf_value=-0.0010492626694031061 -0.00074440726888936075 0.00049630426695909007 0.0032108018151207254 -0.0028653137371293272 0.0007898416238480868 0.0012482840285743945 -0.0048415729949483656 0.0016246356973068843 -0.0013206082835557906 0.0022721055899247796 0.0033730422146618366 -0.00037786612821811877 0.0040247539766942678 0.0011689629295343084 -0.0062897704451725907 -0.001334173339419067 0.00096490526085962433 -0.000981084568775259 0.0033260079510953459 -0.0066083310917019848 -0.002244816953316331 -0.00069367568602584392 0.00030198510004473585 0.0030211781322058025 0.0008739740778562718 -0.0041878165549995312 0.00022036124432612379 0.00055597758291193718 -0.00026194688482064518 -0.00096817105577429174
leaf_weight=20 29 22 21 32 49 26 25 36 29 42 20 27 23 29 22 20 23 36 21 20 27 44 35 28 36 27 201 434 260 96
leaf_count=20 29 22 21 32 49 26 25 36 29 42 20 27 23 29 22 20 23 36 21 20 27 44 35 28 36 27 201 434 260 96
internal_value=3.08283e-12 0.000910481 0.00182199 -3.3801e-05 -0.000694729 -0.0013621 -0.00264124 3.40526e-05 -0.000106223 -4.04525e-06 0.000314806 0.000195809 1.10536e-05 -0.00147022 -0.00303219 -0.000179759 -0.00110708 -0.00194248 0.00105275 -0.00274814 -0.00410163 0.000304301 0.00177826 4.98687e-05 -0.00104794 -0.00202243 0.000562819 -1.3925e-05 -0.000547247 0.000279905
internal_weight=1760 63 43 1697 158 109 54 1539 55 1503 534 514 472 78 49 969 147 106 41 83 47 394 58 336 107 71 229 822 292 530
internal_count=1760 63 43 1697 158 109 54 1539 55 1503 534 514 472 78 49 969 147 106 41 83 47 394 58 336 107 71 229 822 292 530
is_linear=0
shrinkage=0.05


Tree=174
num_leaves=31
num_cat=0
split_feature=261 104 288 311 326 298 186 145 255 104 172 317 191 106 278 119 113 216 106 102 259 254 332 135 127 205 305 95 121 286
split_gain=0.0211428 0.0469582 0.0633278 0.0710358 0.0731397 0.0640957 0.0834833 0.0629934 0.0876278 0.0725887 0.0895182 0.119573 0.069756 0.0703778 0.0863741 0.0640836 0.0635812 0.0633232 0.0539868 0.0498739 0.0491063 0.0556798 0.0482072 0.0480838 0.0440636 0.0737009 0.111534 0.0923473 0.0730832 0.083283
threshold=0.0032625273977240367 0.056322149934225213 -0.012395227079932628 0.020405191903826208 -0.0046184345555456184 -0.017691211286382919 -0.0011794978613454438 -0.023789585151523452 0.043016962943773752 -0.0016228159968003505 -0.0069009284310395892 -0.0037313882578021477 0.020828142955277875 0.031180163790817516 -0.040300162607485292 0.018054949795407754 -0.021005523840579184 0.024964769382578848 -0.034072807502718717 0.015767298211648195 0.0054026936494159595 -0.0011907857729235754 0.0062680877778397591 0.0085969865317620919 -0.022002317181808017 -0.0086588346128208624 0.010295647019935126 -0.004617892381719218 -0.0010233717266288926 0.0027320441168584833
decision_type=2 2 2 2 2 2 2 2 2 2 2 2 2 2 2 2 2 2 2 2 2 2 2 2 2 2 2 2 2 2
left_child=24 2 3 5 -5 6 -2 8 17 12 11 -11 13 14 -9 20 -12 -4 -18 22 21 -16 -7 -22 25 -1 28 -28 -27 -30
right_child=1 -3 7 4 -6 19 -8 9 -10 10 16 -13 -14 -15 15 -17 18 -19 -20 -21 23 -23 -24 -25 -26 26 27 -29 29 -31
leaf_value=0.00089365163067349712 -0.0040841091804815315 0.00076298221980110402 0.001804708987653542 -0.00076462557579361603 -0.0049895013017313824 0.0021503132017743256 0.00021271052270094515 0.0033091512648388745 0.0040756417238818751 -0.0048767085122907988 -0.0024125433573499323 -0.00053516800016430871 -0.0023201678879559043 0.0027557547091308868 -0.0020372054264457388 -0.0025563186354702339 0.0024697959001059645 -0.0019375054980628192 -0.00028854320086846953 -0.0010581494824427569 0.0031889130757443368 0.00065430695692117772 -0.00056353749105862033 -0.00016324627133144532 0.00036139680387208879 0.0011771327486106507 -0.00064411085899337191 -0.0044770747962915762 0.00051852948109929766 -0.0032730703762354099
leaf_weight=77 26 111 26 20 21 36 20 20 21 29 25 35 22 33 33 24 24 20 68 62 23 46 30 20 707 60 30 33 30 28
leaf_count=77 26 111 26 20 21 36 20 20 21 29 25 35 22 33 33 24 24 20 68 62 23 46 30 20 707 60 30 33 30 28
internal_value=1.0424e-12 -0.000190931 -0.000345732 -0.0010563 -0.00292859 -0.000615131 -0.00221593 -1.99916e-05 0.00139941 -0.000256559 -0.000998977 -0.00250243 0.000351484 0.000646843 0.000227601 -0.000194529 -0.000176576 0.000177659 0.000431024 -3.98447e-05 0.000270085 -0.000469996 0.000916745 0.00162977 0.000157295 -0.000402007 -0.000953198 -0.00265185 -4.62892e-05 -0.0013119
internal_weight=1760 795 684 215 41 174 46 469 67 402 181 64 221 199 166 146 117 46 92 128 122 79 66 43 965 258 181 63 118 58
internal_count=1760 795 684 215 41 174 46 469 67 402 181 64 221 199 166 146 117 46 92 128 122 79 66 43 965 258 181 63 118 58
is_linear=0
shrinkage=0.05


Tree=175
num_leaves=31
num_cat=0
split_feature=280 94 94 148 280 152 152 333 320 245 311 315 141 117 230 295 166 333 8 82 228 109 252 222 204 198 288 300 184 273
split_gain=0.0205302 0.0258492 0.0262576 0.0250238 0.0334281 0.0292812 0.0263422 0.0615672 0.0444319 0.0736612 0.0513048 0.04262 0.0761325 0.0562939 0.0433274 0.0613097 0.0570084 0.0511224 0.0505949 0.073182 0.0497006 0.0546151 0.0488072 0.0619673 0.0686798 0.0674883 0.062597 0.0831676 0.0549106 0.0541722
threshold=0.082553035759173957 -0.16916700508761501 -0.12950744772525249 0.066172815483938871 -0.0068602613557229427 0.085631233635011794 0.034232210713424756 0.030722012017188386 -0.0056415421129073174 -0.0074709500084665413 -0.007692005969241353 -0.053349139686599469 0.01086833482315692 0.0062613024146216259 0.051920988835069078 -0.0085952912856581826 0.0031404812368504308 0.019075149753528284 0.34150717703349287 0.55984431950355529 -0.032626891678097701 -0.026441868946115957 0.023092596815738678 0.00042384909627860343 0.021086195099902515 0.0037334558352620953 -0.01281940664528697 0.0011615775784958003 0.0014574481941072137 0.036658866323168289
decision_type=2 2 2 2 2 2 2 2 2 2 2 2 2 2 2 2 2 2 2 2 2 2 2 2 2 2 2 2 2 2
left_child=1 -1 -3 5 -5 6 11 8 10 -10 -8 12 13 -4 17 -16 -17 18 19 22 21 -19 29 24 25 28 -25 -28 -24 -13
right_child=-2 2 3 4 -6 -7 7 -9 9 -11 -12 14 -14 -15 15 16 -18 20 -20 -21 -22 -23 23 26 -26 -27 27 -29 -30 -31
leaf_value=-0.0014280017305281945 0.0014523770358209733 0.00168432502389845 -0.0012513731257058681 0.00019320153864100576 -0.0026976512085821018 0.0016781220806408852 -0.00053410641412483535 -0.0024041940395191715 -0.0026948136589701544 0.00047881702719278999 0.0023199548928870732 5.1358173870609498e-05 0.0033389562758168686 0.0020341995361377488 -0.0006484116413048469 0.00037146908976137642 0.0028104652969531069 0.0010673421056708321 -0.0021713386009009007 0.0023573707836611127 0.00087709422121761457 -0.0020294535663976736 0.0015924053134325992 -0.0034266960786249589 0.0025002412791945974 -0.0023946236948029619 -0.0026653379853814841 0.0011236342318755176 -0.0015127594451769255 -0.0016281583091348204
leaf_weight=32 24 23 32 20 20 26 32 37 33 41 31 626 27 22 48 50 46 24 34 27 205 35 35 39 20 37 30 28 24 52
leaf_count=32 24 23 32 20 20 26 32 37 33 41 31 626 27 22 48 50 46 24 34 27 205 35 35 39 20 37 30 28 24 52
internal_value=-1.57157e-12 -2.00789e-05 6.36092e-06 -1.65975e-05 -0.00125222 1.35213e-05 -1.32772e-05 -0.000594398 -0.000105622 -0.000936451 0.000870273 5.68929e-05 0.00117111 8.71935e-05 -9.46881e-06 0.000810633 0.00154015 -0.000106586 -0.000277309 -0.00020716 0.000509052 -0.00076974 -0.000284873 -0.000945107 -0.000165244 -0.000720553 -0.00187773 -0.000836179 0.000329287 -7.74543e-05
internal_weight=1760 1736 1704 1681 40 1641 1615 174 137 74 63 1441 81 54 1360 144 96 1216 952 918 264 59 891 213 116 96 97 58 59 678
internal_count=1760 1736 1704 1681 40 1641 1615 174 137 74 63 1441 81 54 1360 144 96 1216 952 918 264 59 891 213 116 96 97 58 59 678
is_linear=0
shrinkage=0.05


Tree=176
num_leaves=31
num_cat=0
split_feature=0 4 68 288 197 137 86 132 224 249 199 229 267 137 226 208 123 255 163 217 149 149 87 0 306 186 186 132 163 182
split_gain=0.0205995 0.026411 0.0358252 0.0237544 0.0541958 0.0743895 0.117039 0.101794 0.0649638 0.112358 0.0598392 0.0628051 0.0596195 0.0603465 0.0590456 0.0924274 0.11694 0.0826254 0.120053 0.079146 0.0743332 0.0923004 0.0883013 0.064717 0.0598461 0.0740257 0.0578544 0.0561102 0.0520053 0.0541983
threshold=11.083556880738579 6.7833245593222182 1.2424533248940004 -0.0042827326962354461 0.011423041031315228 0.0011428010319767385 -0.057888928641993638 -0.014337227764841828 0.044546953341522852 -0.016293437962365338 0.012171069041595482 0.012988241120114893 -0.010217896786320745 -0.021656133915441394 0.0035438298421817042 -0.014892034814653546 0.004801230620691206 0.04358880495250312 0.0033902917226435927 -0.13320969720660664 -0.0088185794638473616 -0.0011750897083673561 -0.097609913831932224 6.0246567833931746 -0.010403303800188729 -0.0060648631332416358 0.0031407781319884856 -0.0021301522865882889 -0.011854948373601027 0.0035893453804672136
decision_type=2 2 2 2 2 2 2 2 2 2 2 2 2 2 2 2 2 2 2 2 2 2 2 2 2 2 2 2 2 2
left_child=1 2 3 -1 8 12 7 -7 14 -10 11 -8 13 -6 17 16 -16 19 -19 -5 24 -22 -23 -24 -21 -26 28 -28 -17 -30
right_child=-2 -3 -4 4 5 6 10 -9 9 -11 -12 -13 -14 -15 15 26 -18 18 -20 20 21 22 23 -25 25 -27 27 -29 29 -31
leaf_value=-0.00018952802754547947 -0.0015955186009523458 0.0018248340347781777 -0.0021064903587102893 -0.0026529007963836193 1.1817602318755927e-05 -0.0010103216828429139 0.0021454125802847558 -0.0060549603897379718 0.0049392868498606343 0.00040295240827477893 -0.00211936479659173 -0.0011630009181457215 -0.00033023697957345341 0.0037590374132956969 0.00026488226398618689 0.0025918784092716649 -0.0043077349278409487 -0.00017426202927405638 0.0049086192908222217 0.00038397216855588816 -0.0020755619827158203 0.0028032391194054594 0.00045841921400833168 -0.0026448872569017116 0.00060549810216550468 0.0043731581312385975 0.00041893160594825418 -0.002080428953144461 0.0010532018435168863 -0.0017045580861158672
leaf_weight=745 20 20 20 20 21 20 32 20 21 39 29 26 91 22 27 33 29 21 26 46 41 35 105 20 22 32 47 43 62 25
leaf_count=745 20 20 20 20 21 20 32 20 21 39 29 26 91 22 27 33 29 21 26 46 41 35 105 20 22 32 47 43 62 25
internal_value=-3.2378e-12 1.83393e-05 -2.66646e-06 2.20844e-05 0.000187164 -0.000427037 -0.00129411 -0.00353264 0.000418153 0.00199067 -0.000264901 0.000662331 0.000394742 0.001929 0.000269335 -0.000298213 -0.00210308 0.000679573 0.00263754 0.000392892 0.00059527 4.10527e-05 0.000583435 -3.81098e-05 0.00170925 0.00283819 0.000183085 -0.000775207 0.000901805 0.000260742
internal_weight=1760 1740 1720 1700 955 261 127 40 694 60 87 58 134 43 634 266 56 368 47 321 301 201 160 125 100 54 210 90 120 87
internal_count=1760 1740 1720 1700 955 261 127 40 694 60 87 58 134 43 634 266 56 368 47 321 301 201 160 125 100 54 210 90 120 87
is_linear=0
shrinkage=0.05


Tree=177
num_leaves=31
num_cat=0
split_feature=306 299 287 306 198 129 236 285 109 302 301 305 8 87 196 87 181 176 332 283 171 301 136 84 301 182 161 153 130 247
split_gain=0.0202122 0.050317 0.0528684 0.0667398 0.0602792 0.0538745 0.0374049 0.0346877 0.0469366 0.0404328 0.0376555 0.0705997 0.0645992 0.0548161 0.111046 0.068811 0.0522729 0.0628365 0.0642677 0.0705492 0.0774671 0.0544347 0.0515496 0.0823622 0.0604321 0.0865543 0.0500301 0.0499563 0.0653752 0.0620952
threshold=0.040975895578899142 0.051754832996858326 0.0023519281032142831 0.057279511984646377 0.0017020062009206591 -0.0025963265414801939 0.0033026267459634242 0.077983328946301181 0.010173329832494683 0.093509998914433803 -0.004620925218766103 -0.038762228243478573 0.34450549450549456 0.17810172677030972 0.013944808966016067 0.17121369255085059 0.038723936462148716 0.039160698174322696 -0.025125500896681797 0.01959864381683547 0.0017445830807400712 -0.0025358310768408472 -0.044793377015908221 0.30831227816139389 -0.0078377690892695532 0.0022891613821763991 -0.010087526445124008 0.0085481778894772511 -0.039749386488920332 -0.032001095473380585
decision_type=2 2 2 2 2 2 2 2 2 2 2 2 2 2 2 2 2 2 2 2 2 2 2 2 2 2 2 2 2 2
left_child=7 2 3 6 -4 -5 -2 9 -9 10 11 -1 13 15 -15 16 17 18 19 20 -12 -20 -13 24 27 -26 -18 28 -24 -30
right_child=1 -3 4 5 -6 -7 -8 8 -10 -11 12 22 -14 14 -16 -17 26 -19 21 -21 -22 -23 23 -25 25 -27 -28 -29 29 -31
leaf_value=-0.0011693472834009252 0.00010583608527667821 -0.0013749696758168285 0.0032848888212382529 0.00030753246275708082 0.00055629966821773755 -0.0033184760169769154 0.0027092772906392136 -0.0027651822248774098 0.00038659223078173541 0.0022122792329173535 -0.0022213865630975409 -0.0010309476967879825 -0.0029490121089938014 -0.0037967053242027762 0.00058149310810092305 0.0026675192441871333 -0.00077825572516303514 -0.0025341072372005633 -0.0019618718694387515 -0.0040680348919704557 0.0012510557486354534 0.00013302780013947732 -0.0021863886035245026 0.0035725992765616287 4.3379687260658972e-05 0.0046393957815598699 0.0022975900711175294 0.00102935094681258 -0.0011941877566925996 0.00058480679361049882
leaf_weight=79 37 32 35 20 48 21 22 27 21 20 36 55 22 30 28 22 20 30 33 20 29 514 33 22 21 20 39 150 64 210
leaf_count=79 37 32 35 20 48 21 22 27 21 20 36 55 22 30 28 22 20 30 33 20 29 514 33 22 21 20 39 150 64 210
internal_value=8.25651e-13 0.000454219 0.000774077 -1.73116e-07 0.00170691 -0.00154969 0.00107661 -6.32085e-05 -0.00138628 -2.07853e-05 -5.10232e-05 0.000232185 -0.000276075 -0.000202661 -0.00168309 -8.70961e-05 -0.000171148 -0.000298246 -0.000192113 -0.00147118 -0.000672143 6.64446e-06 0.000424743 0.00057871 0.00044645 0.00228534 0.00125493 0.000281473 -8.39395e-05 0.000169275
internal_weight=1760 215 183 100 83 41 59 1545 48 1497 1477 654 823 801 58 743 721 662 632 85 65 547 575 520 498 41 59 457 307 274
internal_count=1760 215 183 100 83 41 59 1545 48 1497 1477 654 823 801 58 743 721 662 632 85 65 547 575 520 498 41 59 457 307 274
is_linear=0
shrinkage=0.05


Tree=178
num_leaves=31
num_cat=0
split_feature=106 189 233 225 91 176 310 281 104 117 183 261 265 19 278 304 332 304 311 327 328 172 144 149 270 84 190 244 149 311
split_gain=0.0202084 0.0394483 0.049966 0.0258909 0.0266635 0.0510388 0.0512982 0.0373265 0.0427575 0.096061 0.0570517 0.0531882 0.0645439 0.0742197 0.0642934 0.0599263 0.0967879 0.0878316 0.0656579 0.0926638 0.0595785 0.0778048 0.0838981 0.124938 0.0704374 0.0591865 0.0517761 0.0516841 0.0614444 0.0879174
threshold=0.097381275912149012 -0.0022603472427166395 -0.014247199778344384 0.13063709397059511 0.075711273430783238 -0.026273275440820126 0.049850435010705102 0.061834642426447019 0.056322149934225213 -0.012696798647119038 -0.0086509269177107752 0.0032625273977240367 -0.02112990763841836 27.764958590897162 0.063972902902793657 -0.0064022681539236083 0.00032338784041633886 -0.0134278270032855 0.011281388718227302 -0.011355358758703393 0.02000940017910419 -0.012691718899917428 0.015015951510958372 -0.011708042611414208 -0.00020682536595924796 0.25370252435097324 0.00066011597705742831 -0.060219830752453275 0.013530227033149838 0.03593282352548418
decision_type=2 2 2 2 2 2 2 2 2 2 2 2 2 2 2 2 2 2 2 2 2 2 2 2 2 2 2 2 2 2
left_child=3 2 -2 4 7 -6 -7 8 11 -10 -11 12 20 15 27 17 -17 25 19 -18 21 -1 23 -23 -25 -14 -20 -13 29 -29
right_child=1 -3 -4 -5 5 6 -8 -9 9 10 -12 14 13 -15 -16 16 18 -19 26 -21 -22 22 -24 24 -26 -27 -28 28 -30 -31
leaf_value=0.00081136289019403712 -0.0014579608687199652 -0.0019404185948109155 0.0020763690909370784 0.0014921943329197045 -0.0025406707298114071 -0.00051474852015460438 0.0020528781357411806 -0.00099774080382970484 0.0039902359575287186 -0.0011842286379154152 0.0010905220413251107 0.0014683958826597434 0.00082463416147220418 0.003397681509401688 -0.0028393720468253988 3.9418253193919858e-05 0.0051596037233918781 -0.0027639226264519886 0.0024075148464180532 0.0016261144600469958 0.00089240229774018628 0.0024809846070274946 -0.0041302574108596207 -0.0043911537066811607 -0.00049779549635087066 -0.0018751266721519643 -0.00094898484681767451 -0.00096731799053152451 0.00051471041535134298 0.0016750354034177559
leaf_weight=42 20 38 20 30 27 168 22 75 22 39 94 43 108 24 24 129 28 28 20 55 62 20 27 21 26 25 27 313 148 35
leaf_count=42 20 38 20 30 27 168 22 75 22 39 94 43 108 24 24 129 28 28 20 55 62 20 27 21 26 25 27 313 148 35
internal_value=-2.47238e-12 -0.000786766 0.000309204 3.6485e-05 1.00496e-05 -0.000506509 -0.000217444 8.81634e-05 0.000148048 0.000929738 0.00042349 4.74985e-05 0.000358577 0.000693366 -0.000307231 0.000538834 0.00100972 -0.00021868 0.00197256 0.00281813 -0.000392162 -0.000977772 -0.00177717 -0.000828914 -0.00223738 0.00031716 0.000479313 -0.000194483 -0.000338643 -0.000701564
internal_weight=1760 78 40 1682 1652 217 190 1435 1360 155 133 1205 642 444 563 420 259 161 130 83 198 136 94 67 47 133 47 539 496 348
internal_count=1760 78 40 1682 1652 217 190 1435 1360 155 133 1205 642 444 563 420 259 161 130 83 198 136 94 67 47 133 47 539 496 348
is_linear=0
shrinkage=0.05


Tree=179
num_leaves=31
num_cat=0
split_feature=326 136 127 315 290 174 248 212 197 114 301 301 303 248 110 155 107 131 85 309 128 81 100 130 105 163 317 201 137 208
split_gain=0.019989 0.0538978 0.0513782 0.0314422 0.0538654 0.0263694 0.0781668 0.0566395 0.0455911 0.0543875 0.0453052 0.0501601 0.0491731 0.0448936 0.0437514 0.0429689 0.0405899 0.0418007 0.0763459 0.0639626 0.0598045 0.0674388 0.0858846 0.0662824 0.0647507 0.0723841 0.0678536 0.0996179 0.0664224 0.0619138
threshold=0.060289555080738293 -0.01328205149164245 -0.006749057525818951 0.068193526956382075 -0.00024835862532443385 0.025428875109317337 0.077858864176315615 -0.0041164629606492125 0.0087758058436846007 -0.0029884397710410585 0.0091655499753038536 -0.0083996196354985311 -0.017862005037562672 0.091250151494912779 0.012947867868438365 0.073960072970647425 -0.11334430912228936 0.0026552319125727505 0.241757843391983 0.0086293094863169623 0.017350948120482282 -0.38943547076094948 -0.0039362066514434602 0.0037400249010120369 -0.023336673287064302 0.009994235900558179 -0.021077285278946017 0.0017906027449144156 -0.0042424107558348819 0.00096417867244728503
decision_type=2 2 2 2 2 2 2 2 2 2 2 2 2 2 2 2 2 2 2 2 2 2 2 2 2 2 2 2 2 2
left_child=3 -2 -3 5 -5 13 7 -7 10 -10 11 12 -9 15 -14 16 -1 -18 20 -20 24 22 29 -24 26 -26 -19 -28 -29 -22
right_child=1 2 -4 4 -6 6 -8 8 9 -11 -12 -13 14 -15 -16 -17 17 18 19 -21 21 -23 23 -25 25 -27 27 28 -30 -31
leaf_value=0.0018921704419578118 -0.0030217344546690584 -0.0017322708303412503 0.001432179541583976 -0.00031778459720637489 0.0031847127544876587 0.0015900485291288199 -0.0030658796192325941 -0.0017083228709885762 0.00036751944338902836 -0.0028844575582398749 0.0016172161214853987 -0.0020103194834223972 0.0028159157436510379 0.0016042296601300862 -0.000302950716602778 -0.0018716235410277571 0.00027924820507975256 0.0014396369296672017 -0.0041185069464794964 -0.00025227177189663053 -0.0052595099201425913 0.00030849844785944488 0.0013918441272555637 -0.0022929780205468769 0.001348366021876216 -0.00058880455717111812 0.00014881842407003906 -0.00099666081659961487 -0.0049365362030980384 -0.0015493321847632458
leaf_weight=30 20 23 29 23 21 38 26 21 20 36 32 37 22 47 23 29 732 29 23 20 22 65 26 23 155 70 52 20 23 23
leaf_count=30 20 23 29 23 21 38 26 21 20 36 32 37 22 47 23 29 732 29 23 20 22 65 26 23 155 70 52 20 23 23
internal_value=-3.70412e-13 -0.000815885 3.25188e-05 3.48008e-05 0.00135386 -5.02562e-07 -0.000467861 -0.000172889 -0.000523631 -0.00172304 -2.60993e-05 -0.000536644 0.000289508 8.52976e-05 0.00122183 3.2101e-05 7.41482e-05 3.16379e-05 -0.000297311 -0.00232026 -0.000126077 -0.000929824 -0.00178611 -0.000337766 0.0002401 0.000745691 -0.000677303 -0.00132353 -0.00310404 -0.0033632
internal_weight=1760 72 52 1688 44 1644 255 229 191 56 135 103 66 1389 45 1342 1313 1283 551 43 508 159 94 49 349 225 124 95 43 45
internal_count=1760 72 52 1688 44 1644 255 229 191 56 135 103 66 1389 45 1342 1313 1283 551 43 508 159 94 49 349 225 124 95 43 45
is_linear=0
shrinkage=0.05


Tree=180
num_leaves=31
num_cat=0
split_feature=332 313 170 235 196 310 303 258 258 206 189 94 116 132 169 276 200 185 81 298 163 193 324 128 233 123 215 180 332 173
split_gain=0.0194889 0.0717389 0.0358821 0.0341965 0.0548624 0.0665938 0.048665 0.0315247 0.0565267 0.0725516 0.0501275 0.0531581 0.0517489 0.0655241 0.055581 0.0797309 0.0766883 0.0862819 0.0660139 0.0589341 0.0556055 0.0551813 0.0546824 0.0492057 0.0473493 0.0453615 0.0636879 0.0741617 0.0575781 0.0574797
threshold=0.055701130534857229 0.015048836865106866 -0.0076714969007548152 -0.088218716751490983 0.0081433533858833729 0.0082267759632049277 -0.00073858722241604161 0.013486495995951685 0.017472584090158373 0.00033482017943324099 0.033110615833773789 0.094142493187929957 -0.018964224671617558 0.016835228968457374 -0.00033724688274512226 -0.022326744975285581 -0.00080762410371464923 0.0035993480812343943 -0.52223855143553799 -0.0086696077048122079 0.003108455629998928 0.022340338717594676 0.020171601783457178 0.002955392746216787 0.14672737818052142 0.0037429049889926851 -0.097372736804606549 0.048991354481010781 0.040604871403836278 -0.032383299379218501
decision_type=2 2 2 2 2 2 2 2 2 2 2 2 2 2 2 2 2 2 2 2 2 2 2 2 2 2 2 2 2 2
left_child=3 2 -2 4 6 -6 -1 24 9 -9 11 12 13 21 15 -14 17 -17 -18 -16 -20 -10 -21 -13 25 26 -5 29 -27 -28
right_child=1 -3 -4 7 5 -7 -8 8 10 -11 -12 23 14 -15 19 16 18 -19 20 22 -22 -23 -24 -25 -26 28 27 -29 -30 -31
leaf_value=-0.001968158390705607 -0.0011419901624140037 -0.0027869112542248334 0.001699397375807166 -0.0025698733754159712 0.00030753099293048895 0.0042894496859627821 0.0013609734303115504 -0.00047849543731320996 0.00034189801191282683 0.0031857590550290688 -0.0018040328001916351 -0.00017354896159044335 -0.0028597264511821172 -0.002576727165308382 0.0029485602488940853 0.0038543212055228652 -0.0032279025600291792 -0.00022210583340859523 -0.0017691343373735437 0.0011360245449828826 0.0017376269171318901 -0.0025281222746707504 -0.0017730559152550997 0.0029225011073955986 0.0021643665896373845 -0.00078659367433930232 -0.00169093260002799 0.0031623331771697852 0.0012489544439105024 0.00021893355586260132
leaf_weight=21 20 28 25 22 21 21 23 22 103 35 32 21 24 35 35 25 20 27 20 84 26 20 20 33 21 405 43 20 38 470
leaf_count=21 20 28 25 22 21 21 23 22 103 35 32 21 24 35 35 25 20 27 20 84 26 20 20 33 21 405 43 20 38 470
internal_value=-1.28011e-12 -0.000799841 0.000436558 3.46108e-05 0.0010059 0.00229849 -0.00022793 -1.75636e-05 0.000276016 0.00177149 0.00011365 0.000238125 5.60306e-05 -0.000667927 0.000463096 -0.000232639 0.000301684 0.00173771 -0.000829734 0.00117385 0.000212948 -0.000124772 0.000576586 0.00171848 -0.000185241 -0.000234681 6.64831e-05 0.000175301 -0.000611987 5.88473e-05
internal_weight=1760 73 45 1687 86 42 44 1601 582 57 525 493 439 158 281 142 118 52 66 139 46 123 104 54 1019 998 555 533 443 513
internal_count=1760 73 45 1687 86 42 44 1601 582 57 525 493 439 158 281 142 118 52 66 139 46 123 104 54 1019 998 555 533 443 513
is_linear=0
shrinkage=0.05


Tree=181
num_leaves=31
num_cat=0
split_feature=280 11 259 118 292 259 238 196 183 183 7 104 331 331 252 215 199 274 205 255 112 9 95 0 310 229 229 287 245 320
split_gain=0.0197521 0.0227143 0.021848 0.059938 0.0553667 0.0318235 0.029289 0.0439089 0.0281126 0.0600419 0.0695227 0.0553678 0.0604562 0.07702 0.065783 0.0564968 0.0471661 0.0459002 0.0452253 0.0405242 0.0374763 0.045497 0.0382223 0.0537551 0.0519927 0.0749707 0.0674821 0.0706773 0.0502919 0.0607024
threshold=0.082553035759173957 4.693376068376069 -0.073425473393115115 0.0011819880445199089 -0.0059718119897784897 -0.067621478933096432 0.11367529456183335 0.0073880785713368894 0.015593950888880282 0.013817726292385951 0.48733974358974363 0.058224619819239092 0.0232658467699845 0.034845825144836341 0.0093576042376921856 -0.008981756914399697 0.0085516570296142475 0.0079867398021420052 0.00066045943064006057 0.0023288470384214559 -0.087601396384037064 0.072056180523197774 0.035610558385261233 3.9415346756528771 -0.018985481876797567 -0.036453225317239331 -0.01048536572425891 0.0098582540775018056 0.0060355346614405694 -0.0042708873898966429
decision_type=2 2 2 2 2 2 2 2 2 2 2 2 2 2 2 2 2 2 2 2 2 2 2 2 2 2 2 2 2 2
left_child=1 2 3 4 -1 -4 8 -8 9 20 -11 12 14 -14 17 -16 -13 -10 -17 -19 -7 22 23 -22 25 -24 27 -26 29 -28
right_child=-2 -3 5 -5 -6 6 7 -9 11 10 -12 16 13 -15 15 18 -18 19 -20 -21 21 -23 24 -25 26 -27 28 -29 -30 -31
leaf_value=-0.0021612519212621489 0.0014245905705138286 -0.0015805380251865998 -0.0019705794086413726 0.0026655507743791017 0.0013212688656058164 -0.0015927739134187708 -5.0781979346005565e-05 0.0029945199855137619 0.0011386978046721197 0.0040538478718372059 9.8773599526339243e-05 0.0025735275837807702 -0.0039609978738208785 -0.00055852271004532201 -0.0030738534467673164 -0.001693083930219854 -0.00053483988057174113 -0.0018445636546376217 0.0011979652088484729 0.00063448431246797559 0.0024572075271280486 0.0022974790222096172 0.0032930327998474244 0.00010287836999603786 -0.00096249359291202072 -0.00037382242887321374 -0.00086036890166841693 -0.0045596668237439268 -0.0017241187599249818 0.0014214887809728019
leaf_weight=21 24 23 21 28 25 36 29 20 80 20 25 26 29 39 32 31 23 34 24 32 25 22 20 803 36 46 62 22 47 55
leaf_count=21 24 23 21 28 25 36 29 20 80 20 25 26 29 39 32 31 23 34 24 32 25 22 20 803 36 46 62 22 47 55
internal_value=1.22405e-12 -1.96948e-05 1.26223e-06 0.000841633 -0.000268578 -3.66801e-05 -1.158e-05 0.0011922 -4.91741e-05 6.42332e-05 0.00185658 -0.000444156 -0.00069789 -0.00200958 -0.00031508 -0.00140342 0.0011145 0.000333453 -0.000431535 -0.000642601 -4.46847e-06 4.57767e-05 1.38829e-06 0.000173963 -0.000494765 0.000737346 -0.000861068 -0.00232694 -0.00034265 0.000212299
internal_weight=1760 1736 1713 74 46 1639 1618 49 1569 1219 45 350 301 68 233 87 49 146 55 66 1174 1138 1116 828 288 66 222 58 164 117
internal_count=1760 1736 1713 74 46 1639 1618 49 1569 1219 45 350 301 68 233 87 49 146 55 66 1174 1138 1116 828 288 66 222 58 164 117
is_linear=0
shrinkage=0.05


Tree=182
num_leaves=31
num_cat=0
split_feature=326 250 242 333 333 150 224 271 284 143 318 333 130 146 187 273 158 290 201 272 7 315 300 333 246 323 242 252 207 324
split_gain=0.0185625 0.0488402 0.0653664 0.0276289 0.0493343 0.0887215 0.0628105 0.0583151 0.0509888 0.0427845 0.0543088 0.0399614 0.092654 0.0906922 0.0547891 0.0529071 0.0525749 0.0380863 0.0782659 0.0404475 0.0791692 0.0756376 0.0574881 0.0561628 0.0647523 0.0594954 0.0575604 0.0531545 0.0574582 0.0519809
threshold=0.060289555080738293 -0.022188268519981739 -0.00079704973399983799 0.019075149753528284 0.027225582325688797 0.0041802939930211209 0.004124324416407788 0.0059001414340496801 0.055220186161427272 -0.00048272334038432972 0.017425183207604892 0.011317056129246024 -0.0032163056127713506 -0.0088454133723982423 0.010269741672790786 0.011333850043908567 0.0074863957006287346 -0.063977475042153828 -0.0012399930586547885 -0.013914036612387531 0.47357679914070899 -0.0085343399447483353 -0.012996512112683984 -0.0045418141036843952 0.046436216481227137 -0.0008352892870392433 -0.0163800905018926 0.057113969036565938 0.00083180310595491345 -0.014707037488302184
decision_type=2 2 2 2 2 2 2 2 2 2 2 2 2 2 2 2 2 2 2 2 2 2 2 2 2 2 2 2 2 2
left_child=3 -2 -3 11 5 7 -7 -5 9 -6 -11 17 16 -14 15 -15 -13 18 -1 20 21 -19 29 24 25 -24 -25 -21 -29 -22
right_child=1 2 -4 4 8 6 -8 -9 -10 10 -12 12 13 14 -16 -17 -18 19 -20 27 22 -23 23 26 -26 -27 -28 28 -30 -31
leaf_value=-0.0031053994081698226 0.00079949126370122735 0.0001396545297687962 -0.003760307762455672 -0.0016816454003909947 0.00050069461170443254 0.0046453865799121561 0.0010248495187387681 0.0016696303593926134 0.0025076443271245807 -5.5142966704641543e-05 -0.0022404408634732437 0.0020225559567500439 0.00031677938751346196 -0.00053105420394179725 -0.0049555138568393893 -0.0038510407065041365 -0.00091400659919061041 0.0004098898804901789 0.00066751253061401832 2.468820707213252e-05 -0.0027075605044956323 0.0039316712979099626 -0.0022694883675689601 -0.00021561088717796589 0.0020556862069362847 0.00053231315316224935 0.0029546793005088483 -7.9726221250189897e-05 -0.0032347097532086388 0.00013162030740395973
leaf_weight=28 29 21 22 27 139 25 23 25 20 88 42 35 37 30 20 20 27 30 27 724 28 31 36 22 27 40 41 31 27 38
leaf_count=28 29 21 22 27 139 25 23 25 20 88 42 35 37 30 20 20 27 30 27 724 28 31 36 22 27 40 41 31 27 38
internal_value=4.09562e-12 -0.000786233 -0.00185568 3.3536e-05 0.00040319 0.00136043 0.00291055 -7.04551e-05 7.19666e-05 -0.000109125 -0.000761162 -7.7161e-05 -0.000794264 -0.00168544 -0.00274375 -0.00185905 0.00074373 3.00872e-05 -0.00125324 9.57459e-05 0.000596796 0.00219965 0.000175357 0.000671644 -4.76265e-05 -0.000794856 0.00184759 -9.19877e-05 -0.00154843 -0.00107288
internal_weight=1760 72 43 1688 389 100 48 52 289 269 130 1299 169 107 70 50 62 1130 55 1075 293 61 232 166 103 76 63 782 58 66
internal_count=1760 72 43 1688 389 100 48 52 289 269 130 1299 169 107 70 50 62 1130 55 1075 293 61 232 166 103 76 63 782 58 66
is_linear=0
shrinkage=0.05


Tree=183
num_leaves=31
num_cat=0
split_feature=294 120 275 228 146 179 121 297 224 258 249 258 272 133 133 102 239 231 210 290 162 246 265 268 162 106 301 299 103 267
split_gain=0.0187896 0.0391904 0.042661 0.0233864 0.0510364 0.0488278 0.068568 0.0945099 0.0751776 0.0596404 0.0561117 0.0474148 0.045115 0.042231 0.0422216 0.0431441 0.0421054 0.0498529 0.0397264 0.0387749 0.0345543 0.0622327 0.0534813 0.0875731 0.0583234 0.0503554 0.0672681 0.0436526 0.0535193 0.0475667
threshold=0.063758564059846715 0.024299387089023065 -0.013668172013177807 -0.02239379111144572 -0.049144978914321936 0.0071992185826237247 -0.018479239741417981 -0.0049568882153493811 0.039516094257401914 -0.034112166422593591 0.025893873578990412 -0.014331862144461261 -0.018826149746156835 0.07117602057396212 0.049264037616069414 0.0088043407911642391 -0.030904259804685166 -0.00015054422185872864 0.0021012548381734186 -0.0040834173810926407 -0.020243615174494096 -0.047150464930487725 -0.023536268614836351 0.018424383585361317 -0.044298184431543701 0.013059463463019392 0.027856792122603152 -0.065309403743844141 -0.090421156103855635 0.003804538433610752
decision_type=2 2 2 2 2 2 2 2 2 2 2 2 2 2 2 2 2 2 2 2 2 2 2 2 2 2 2 2 2 2
left_child=3 2 -2 4 -1 6 7 -6 10 -7 16 -11 -9 14 20 -16 -8 -18 -12 -13 21 -5 24 25 -23 26 -24 -22 -29 -30
right_child=1 -3 -4 13 5 9 8 12 -10 11 18 19 -14 -15 15 -17 17 -19 -20 -21 27 22 23 -25 -26 -27 -28 28 29 -31
leaf_value=0.0013328130275894871 0.0017414889465410099 0.0026051058458896087 -0.0010466819507521851 -0.0030465039181184362 -0.0024137410486582671 -0.0018026977285224913 -0.0008263997745234519 0.0028696271665394307 0.00057980942596366411 0.0027115037470745547 -0.002311660820321942 -0.0015107579286753512 0.00014869173248417868 -0.0017166750272735955 0.00048619746989773022 0.0032213368896572368 -0.0017539586101730283 -0.0045804850813837197 0.00052759181190984762 0.00083611046218059278 0.0021627056903930175 0.00020442113474321863 -0.00061066009121449587 0.0029559676589157721 -0.0028202731299268851 -0.0019729626214792652 0.0028865615511313083 -0.002158767919318052 -0.00010780063533227588 0.00064422991456927585
leaf_weight=41 23 21 34 22 25 29 20 25 34 24 22 24 39 32 46 21 26 39 28 66 27 30 44 26 34 31 20 25 536 346
leaf_count=41 23 21 34 22 25 29 20 25 34 24 22 24 39 32 46 21 26 39 28 66 27 30 44 26 34 31 20 25 536 346
internal_value=4.43147e-12 0.000758645 7.83695e-05 -3.51809e-05 -0.000347457 -0.000519255 -0.000930016 0.000193215 -0.00152154 0.000221839 -0.00205077 0.000736853 0.00121156 7.61303e-05 0.000123622 0.00134348 -0.00283259 -0.00344987 -0.000721679 0.000210279 5.19913e-05 -0.000532484 -0.00023352 0.000384756 -0.00140245 -0.000318944 0.000482222 0.000181527 0.00012255 0.000187214
internal_weight=1760 78 57 1682 442 401 258 89 169 143 135 114 64 1240 1208 67 85 65 50 90 1141 207 185 121 64 95 64 934 907 882
internal_count=1760 78 57 1682 442 401 258 89 169 143 135 114 64 1240 1208 67 85 65 50 90 1141 207 185 121 64 95 64 934 907 882
is_linear=0
shrinkage=0.05


Tree=184
num_leaves=31
num_cat=0
split_feature=280 222 302 230 206 144 0 260 333 254 283 309 120 276 104 123 322 110 294 283 306 222 11 105 276 196 128 317 177 125
split_gain=0.0179223 0.0216659 0.0730001 0.0791047 0.0980363 0.0526822 0.0592694 0.0640678 0.0978322 0.0543168 0.057916 0.0573366 0.0520196 0.052056 0.0524899 0.0547365 0.0588591 0.0512305 0.0669669 0.0671104 0.0643583 0.0481857 0.121559 0.0833303 0.0957964 0.104977 0.0869256 0.0548069 0.0463914 0.0454564
threshold=0.082553035759173957 0.0024260228397455768 -0.040395779897276891 0.0060563686591771498 -0.0053263926505084883 -0.036742153436721721 4.0517471391904856 0.041632610429505439 -0.0054941790882159251 0.0062023336427001136 0.038492905421058474 0.02466224537220052 -0.014190150483729307 -0.049760911060994902 -0.040236453202410309 0.0065659603082772041 -0.0020058002176604121 0.015024103946012873 -0.0062784365087492034 -0.0026690260493674942 0.0065119877491724458 -0.0030857112967738343 3.8018404907975465 0.0074652913380951627 0.00429284459669478 0.0045167466304359433 0.0072249071259621071 0.0069713000277896496 -0.0004394282769912811 0.015301728071453023
decision_type=2 2 2 2 2 2 2 2 2 2 2 2 2 2 2 2 2 2 2 2 2 2 2 2 2 2 2 2 2 2
left_child=1 21 3 4 -3 -4 -7 9 -9 10 11 17 28 -14 -15 16 -16 18 19 -8 -19 -1 23 24 25 -23 -25 -26 -11 -20
right_child=-2 2 5 -5 -6 6 7 8 -10 12 -12 -13 13 14 15 -17 -18 20 29 -21 -22 22 -24 26 27 -27 -28 -29 -30 -31
leaf_value=3.6965777127691865e-05 0.0013570007843857943 5.6431894301481192e-05 0.002076958685315081 0.00083831254170425905 -0.0044986110887731672 0.0026284679099917415 0.00011184855663616742 0.00099056884313800521 -0.0028435413820793991 0.0014556347485631706 -0.002217887462004377 0.0019338457797666228 0.0037887019482219504 -0.0011809169941226997 0.00050048521303448399 0.00018686768598854544 0.0037662917066120065 -0.0026065268219826977 0.00031647371889584455 0.0041588403272908182 0.00035229359979412577 -0.0010571526181406509 -0.0032867878719116564 -0.00065909869437746243 -0.0011288864453121818 -0.0054419664746438645 0.0023197702078543141 0.0017469467554474252 -0.0013035229323670652 -0.0019405719602946193
leaf_weight=753 24 21 42 28 27 25 21 28 41 25 29 38 21 21 22 42 37 40 87 20 34 39 40 50 37 21 48 30 39 30
leaf_count=753 24 21 42 28 27 25 21 28 41 25 29 38 21 21 22 42 37 40 87 20 34 39 40 50 37 21 48 30 39 30
internal_value=1.85824e-12 -1.87604e-05 0.000191567 -0.00127375 -0.00250578 0.00036503 0.000245195 0.000141575 -0.00128767 0.000336472 -9.45619e-05 0.000133499 0.000959077 0.00148934 0.00109355 0.00156645 0.00254853 -0.000161385 0.000347099 0.00208599 -0.00124707 -0.000167105 -0.000746974 -0.000295452 -0.00114071 -0.00259184 0.000799939 0.0001588 -0.000225727 -0.000262256
internal_weight=1760 1736 718 76 48 642 600 575 69 506 299 270 207 143 122 101 59 232 158 41 74 1018 265 225 127 60 98 67 64 117
internal_count=1760 1736 718 76 48 642 600 575 69 506 299 270 207 143 122 101 59 232 158 41 74 1018 265 225 127 60 98 67 64 117
is_linear=0
shrinkage=0.05


Tree=185
num_leaves=31
num_cat=0
split_feature=162 86 294 162 288 323 323 315 294 134 246 165 125 115 224 156 263 143 156 118 304 278 219 110 225 153 284 265 151 186
split_gain=0.0170493 0.0341309 0.0392028 0.032727 0.0307662 0.0273687 0.0556254 0.0325491 0.0297331 0.0317511 0.0469583 0.0489516 0.0457397 0.0470077 0.0515085 0.0506045 0.0604893 0.0439354 0.039218 0.0356048 0.0674403 0.0507428 0.05136 0.0663699 0.0665544 0.0685289 0.0530573 0.05268 0.0530755 0.0484032
threshold=-0.044298184431543701 -0.062543258077811886 -0.016230763254586823 -0.037646482694713788 0.014756611083911722 0.075879872175375854 0.062000330665870081 0.074713766678326257 0.0683472099174149 -0.019062349615729848 -0.051554562742463346 -0.00062437579797079592 0.060383799074197914 -0.041662493000777172 -0.033129595636924143 -0.0090660833990393232 0.0078685821959603493 -0.00048272334038432972 0.0096726184163053591 -0.001074824480341903 -0.071142738237669464 0.055784776478957257 -0.022445940051873732 0.01187218273461541 -0.019450272501023946 0.013192420736646867 0.031618280984723093 -0.014083594869202454 0.0069499162490009548 0.0095734118974345663
decision_type=2 2 2 2 2 2 2 2 2 2 2 2 2 2 2 2 2 2 2 2 2 2 2 2 2 2 2 2 2 2
left_child=1 -1 -3 -2 -4 6 7 8 9 10 11 -5 13 -12 17 16 -16 -15 -17 20 -11 22 23 -22 -25 -26 27 -24 29 -29
right_child=3 2 4 5 -6 -7 -8 -9 -10 19 12 -13 -14 14 15 18 -18 -19 -20 -21 21 -23 26 24 25 -27 -28 28 -30 -31
leaf_value=0.0021409771763029749 -0.0015544502838747577 -0.0014412725809961559 6.2747687545859006e-05 -0.00033971806988120079 0.0024278825847432019 0.0016324770855717361 -0.0018997783369671267 0.0014574723489778607 0.0013037472887556694 -0.0030112645693223042 -0.0022697356387254785 -0.0037960931037863098 0.001842212997397165 0.002451278109635626 0.0022857787300144205 -0.0028433159984914322 -0.0013025219028349967 -0.00028111509633280579 -0.00042150079761995587 0.00031714914500394361 0.0011559901621224307 0.0016643751796486007 -0.001972852338398689 0.0012110930536085021 -0.0033774240941997491 5.9919844076422791e-05 0.0011377485396027425 -0.0016220796011965626 0.00062955018902980493 0.00052177470287359843
leaf_weight=27 35 28 44 20 20 25 39 38 41 21 32 21 23 28 23 35 24 31 32 608 116 37 79 31 29 29 37 98 73 36
leaf_count=27 35 28 44 20 20 25 39 38 41 21 32 21 23 28 23 35 24 31 32 608 116 37 79 31 29 29 37 98 73 36
internal_value=9.91517e-13 0.000577893 0.000119162 -4.19069e-05 0.000801852 -8.94367e-06 -3.48991e-05 1.22671e-05 -2.42474e-05 -6.14639e-05 -0.000552206 -0.00211006 -0.000272066 -0.000509278 -0.000183644 -0.000804313 0.000453455 0.00101561 -0.00168663 4.90969e-05 -0.000229019 -0.000125608 -0.000251042 0.000367957 -0.000659143 -0.00165875 -0.000643905 -0.000874399 -0.000455182 -0.00104612
internal_weight=1760 119 92 1641 64 1606 1581 1542 1504 1463 269 41 228 205 173 114 47 59 67 1194 586 565 528 205 89 58 323 286 207 134
internal_count=1760 119 92 1641 64 1606 1581 1542 1504 1463 269 41 228 205 173 114 47 59 67 1194 586 565 528 205 89 58 323 286 207 134
is_linear=0
shrinkage=0.05


Tree=186
num_leaves=31
num_cat=0
split_feature=326 136 127 315 290 280 81 92 330 303 113 88 111 200 251 283 133 135 302 218 298 109 92 313 11 187 288 277 197 277
split_gain=0.0170979 0.0459735 0.0429897 0.0242827 0.0440107 0.0221319 0.0807192 0.0640092 0.0256149 0.050928 0.093251 0.0817037 0.0773095 0.0696514 0.0667241 0.0794367 0.0826708 0.0598725 0.0533589 0.0455156 0.0574114 0.0855387 0.0570044 0.0487053 0.0470088 0.0667831 0.061991 0.0549566 0.0745663 0.0585732
threshold=0.060289555080738293 -0.01328205149164245 -0.006749057525818951 0.068193526956382075 -0.00024835862532443385 -0.064003000704079785 -0.38721301750523768 0.0074601594768704911 0.0019184041287698226 0.0039420781535714671 0.023872581153483324 -0.00750979886067101 -0.034897660506374877 -0.033305869024510146 0.038721621386889123 -0.0026690260493674942 -0.02657481750523788 0.018086216462868693 0.00095547977627259326 0.0017446424858356541 0.034867660440678218 0.0020565317315389777 0.095385606209015109 -0.0040513835851317343 4.0585714285714287 -0.00011031747594138906 -0.013120657611544576 -0.015762119524545329 0.0047152755087447257 0.0025450713978419051
decision_type=2 2 2 2 2 2 2 2 2 2 2 2 2 2 2 2 2 2 2 2 2 2 2 2 2 2 2 2 2 2
left_child=3 -2 -3 5 -5 6 7 -1 19 10 12 -12 -10 -14 15 17 -17 18 -15 23 22 -22 24 -7 25 27 -27 28 -21 -29
right_child=1 2 -4 4 -6 8 -8 -9 9 -11 11 -13 13 14 -16 16 -18 -19 -20 20 21 -23 -24 -25 -26 26 -28 29 -30 -31
leaf_value=-0.0041072049813175747 -0.0027918280009180309 -0.0015853260736865039 0.0013092897488165582 -0.00031963152654023602 0.0028463021275543033 -0.00040114054942563061 0.0010130990088833237 -0.00047394749622240112 0.0028894682560348887 -0.00019228302344903112 -0.0037686014237503212 0.00064198259254529455 -0.0019389338558539748 0.0048803110523149371 -0.00098684149249116094 0.0033069116272963586 -0.00019788914314116448 0.00038444649159622888 0.0020316279979548809 0.0018736094496069619 -0.0044289711341579359 -0.0004502509145199188 -0.0025353672779881613 0.00067498131857247077 -0.002192224066471681 -0.00066807445546146482 0.0015300663735957859 -0.0028005987909770144 -0.0017669045662676746 -0.000372457083237047
leaf_weight=22 20 23 29 23 21 182 36 27 44 326 21 21 24 25 41 20 106 31 48 39 22 35 26 249 25 47 101 41 22 63
leaf_count=22 20 23 29 23 21 182 36 27 44 326 21 21 24 25 41 20 106 31 48 39 22 35 26 249 25 47 101 41 22 63
internal_value=2.48189e-12 -0.000754579 2.89789e-05 3.21858e-05 0.00119138 1.1611e-06 -0.000784512 -0.00210521 4.39977e-05 0.000266484 0.000659025 -0.00156331 0.000934358 0.000642749 0.000871385 0.00120263 0.000358428 0.00222542 0.0030072 -0.000140624 -0.000510391 -0.0019859 -0.000279336 0.000220563 -0.000105795 6.08522e-05 0.000832008 -0.000630851 0.000560637 -0.00132971
internal_weight=1760 72 52 1688 44 1644 85 49 1559 707 381 42 339 295 271 230 126 104 73 852 421 57 364 431 338 313 148 165 61 104
internal_count=1760 72 52 1688 44 1644 85 49 1559 707 381 42 339 295 271 230 126 104 73 852 421 57 364 431 338 313 148 165 61 104
is_linear=0
shrinkage=0.05


Tree=187
num_leaves=31
num_cat=0
split_feature=280 320 140 327 188 81 322 11 273 136 270 222 319 325 134 92 260 308 114 162 336 273 191 104 292 156 219 217 279 286
split_gain=0.0171157 0.0198146 0.0534461 0.0784544 0.067053 0.0504344 0.0477241 0.0361439 0.032579 0.0320925 0.0551937 0.031431 0.0433473 0.0641885 0.0766215 0.0712765 0.0679115 0.0635855 0.0597585 0.0512037 0.0511697 0.0504168 0.0677923 0.0630458 0.0490617 0.0479341 0.0606596 0.0515294 0.0461273 0.0481646
threshold=0.082553035759173957 0.041926787042704132 -0.0029146183444121242 -0.033110262509623678 -0.0043345715758079583 -0.3436746187456971 0.010006154333103307 2.6982018613897174 0.095826445831216314 -0.063354417180662218 0.011978140525791065 0.0024260228397455768 0.0041389410903640836 0.0045193177564103711 -0.013139158725592277 -0.087119182898816969 0.0072157556186404712 0.0040160212558242288 0.024993872045241457 0.038155479746994861 -0.00024922515232067989 0.01773363354890654 -0.0024283957657717718 0.014091497794200323 0.00033179376902323191 0.00033365289742979517 -0.051207573485463509 0.016704161791867556 0.013327412894253444 0.012000874236288568
decision_type=2 2 2 2 2 2 2 2 2 2 2 2 2 2 2 2 2 2 2 2 2 2 2 2 2 2 2 2 2 2
left_child=1 8 5 -4 -5 6 -3 -6 9 10 -1 -11 13 15 -15 -13 20 -18 19 21 -16 22 -17 24 -24 26 -14 -27 29 -28
right_child=-2 2 3 4 7 -7 -8 -9 -10 11 -12 12 25 14 16 18 17 -19 -20 -21 -22 -23 23 -25 -26 27 28 -29 -30 -31
leaf_value=-0.0022909618827562112 0.0013261118707305287 0.0014105010987259447 -0.004057787882629782 -0.0024204113024977911 0.0021843349534901792 0.0024017206225835255 -0.001838248027399039 -0.00050939201733633658 0.0016982846042334007 -0.00014151467629394923 0.00053554834448732436 0.0031256442201202331 -0.0019229574870594122 -0.0033832221291959287 -0.00045954908252627191 0.0017691034038225786 -0.00018213921742114641 -0.0036125093801687895 0.0023124302590892105 0.0020326728804017573 0.0026867030600745542 -0.0020646970968054785 -0.00053516918585259227 0.001740912373061292 -0.0033960871186784723 0.0025170256466662978 0.0025778748695923174 0.00038199115137103949 -0.00072230515714701536 -0.00020660529751330618
leaf_weight=39 24 20 20 31 20 24 26 33 29 845 31 23 27 25 28 39 35 22 29 24 24 37 47 20 22 65 41 50 35 25
leaf_count=39 24 20 20 31 20 24 26 33 29 845 31 23 27 25 28 39 35 22 29 24 24 37 47 20 22 65 41 50 35 25
internal_value=2.24893e-12 -1.83333e-05 -0.000524453 -0.00124338 -0.000573286 0.00054367 -0.000425748 0.000507109 3.80462e-05 6.63923e-06 -0.00103922 5.66804e-05 0.000327675 -9.41352e-06 -0.000886695 0.00047837 -0.000314097 -0.00150614 0.00019907 -0.000125202 0.000992567 -0.000439075 3.08313e-05 -0.000730883 -0.00144735 0.000847874 0.000182244 0.00158875 0.00074502 0.00152315
internal_weight=1760 1736 174 104 84 70 46 53 1562 1533 70 1463 618 375 134 241 109 57 218 189 52 165 128 89 69 243 128 115 101 66
internal_count=1760 1736 174 104 84 70 46 53 1562 1533 70 1463 618 375 134 241 109 57 218 189 52 165 128 89 69 243 128 115 101 66
is_linear=0
shrinkage=0.05


Tree=188
num_leaves=31
num_cat=0
split_feature=127 303 183 290 127 189 129 86 303 149 283 101 267 128 127 189 334 232 304 110 147 142 225 49 237 97 153 247 254 249
split_gain=0.0168495 0.0499431 0.0513472 0.0401576 0.0267441 0.0648438 0.0523401 0.0769036 0.0495201 0.0418951 0.0333752 0.049985 0.0498287 0.0610434 0.0531241 0.0490464 0.0607963 0.0686331 0.0585747 0.0671358 0.0573047 0.0552091 0.0493233 0.0469147 0.043022 0.0485501 0.0491175 0.0733892 0.0449998 0.0598594
threshold=0.061515610792788028 -0.0091314310566624566 0.0038519976961220877 1.0000000180025095e-35 0.037060367468255966 -0.023586791215486829 -0.0054141905644084281 -0.043946182166257119 0.011811057402319922 -0.05875813512605868 0.012647965595406641 -0.010867266980136724 -0.030880534815076483 -0.010999222666135676 -0.0083132251358345247 -0.0045369940023941473 -0.0024417552885447123 0.0042427867873609153 0.026225193639579609 -0.014366467448169083 0.018393040199734964 0.013385883196678277 0.029593017669949252 1.2424533248940004 -0.041981281496676646 -0.035549481797218951 -0.0076207038737379487 0.003605940875360582 -0.044277741006902065 0.021114965965113603
decision_type=2 2 2 2 2 2 2 2 2 2 2 2 2 2 2 2 2 2 2 2 2 2 2 2 2 2 2 2 2 2
left_child=4 2 -2 -3 9 -6 8 -8 -7 -1 23 12 -12 -14 -15 16 -13 -18 19 22 21 -21 -17 24 28 26 27 -26 -11 -30
right_child=1 3 -4 -5 5 6 7 -9 -10 10 11 15 13 14 -16 18 17 -19 -20 20 -22 -23 -24 -25 25 -27 -28 -29 29 -31
leaf_value=-0.0016047860191687698 0.0002192431498042424 -0.0014094144079717808 0.0038020919088739905 0.0009379990265235967 -0.0032865755437524059 0.0015714671142632143 -0.0031948169347115573 -0.0001512499081013941 -0.0012583831499796362 -0.00072417304833868044 -0.0034142794902436435 0.0022785485395790139 0.00084060024790233001 -0.00039950588026032262 -0.0033334567297801927 -0.00047961181763364651 -0.0014732853478022121 0.001917979447040125 0.0010563841189172021 -0.00028831287188670383 -0.0034907591611112437 -0.0032329100719653073 0.0023889873785462798 0.0019725769326262373 0.0041429320515211053 -0.00013750591582794184 0.00017416032377000462 0.00030869689519302205 0.0024995546925862581 -0.00022836322003665072
leaf_weight=38 20 35 20 38 20 52 29 73 22 27 20 47 40 36 27 43 37 25 57 78 27 20 23 38 24 642 85 26 61 30
leaf_count=38 20 35 20 38 20 52 29 73 22 27 20 47 40 36 27 43 37 25 57 78 27 20 23 38 24 642 85 26 61 30
internal_value=-2.66461e-12 0.00059063 0.00201067 -0.000187473 -4.05229e-05 -0.000588727 -0.000282154 -0.00101658 0.00073016 3.35282e-05 7.75876e-05 -0.000261203 -0.00113046 -0.000687005 -0.00165691 3.8291e-05 0.000922291 -0.00010584 -0.000350241 -0.000770019 -0.00145118 -0.000889251 0.000520052 0.000251885 0.000178827 4.3734e-05 0.00090563 0.00214913 0.00106838 0.00160024
internal_weight=1760 113 40 73 1647 196 176 102 74 1451 1413 480 123 103 63 357 109 62 248 191 125 98 66 933 895 777 135 50 118 91
internal_count=1760 113 40 73 1647 196 176 102 74 1451 1413 480 123 103 63 357 109 62 248 191 125 98 66 933 895 777 135 50 118 91
is_linear=0
shrinkage=0.05


Tree=189
num_leaves=31
num_cat=0
split_feature=332 313 170 235 245 105 258 197 258 151 332 116 281 116 150 158 147 296 297 197 157 273 151 175 97 312 220 123 133 186
split_gain=0.0160934 0.0544781 0.0300245 0.027259 0.0484338 0.0479638 0.0245336 0.0474195 0.0721711 0.0485076 0.0433488 0.0395991 0.0663612 0.0611339 0.0581822 0.0579801 0.0479943 0.0445389 0.0419263 0.0486179 0.0432106 0.0489222 0.0414825 0.0394872 0.0498602 0.038786 0.0710336 0.0376701 0.05455 0.058553
threshold=0.055701130534857229 0.015048836865106866 -0.0076714969007548152 -0.088218716751490983 -0.06088127568181214 -0.051416635104289808 0.013486495995951685 0.047469533241784496 0.017472584090158373 0.0027692651571418476 -0.042067276615191808 -0.018964224671617558 -0.017197810213664913 0.014669861145609262 -0.0075748741302002825 0.0030009180751984022 -0.0029204996022008131 1.0000000180025095e-35 0.01512112973685578 0.013965803127252459 0.017678974652902572 -0.0074493905182709862 0.0079329906492127521 -0.037041541329637002 -0.017816714875677122 -0.051281587872461488 0.0034356070097554185 0.0037429049889926851 -0.036213670299054472 0.023714398550862343
decision_type=2 2 2 2 2 2 2 2 2 2 2 2 2 2 2 2 2 2 2 2 2 2 2 2 2 2 2 2 2 2
left_child=3 2 -2 4 -1 -6 23 8 9 -8 -10 18 15 17 -15 -13 -16 -14 19 20 21 -12 -20 24 -5 26 -25 -27 -29 -30
right_child=1 -3 -4 6 5 -7 7 -9 10 -11 11 12 13 14 16 -17 -18 -19 22 -21 -22 -23 -24 25 -26 27 -28 28 29 -31
leaf_value=0.0030541611427906904 -0.0010933585721068085 -0.0024584281547244506 0.0015057779820635917 -0.00068365256593097003 -0.0011024378560250626 0.0015933436711996118 0.0037748439664331578 -0.0017269790831929204 0.0015175067741678642 0.00068545483852546938 -0.0013144580863060102 0.00024112800846954713 0.00075987270803307182 -0.0015089747011906617 0.0027730566982190007 -0.0023677480630473896 -0.00026278009250139196 0.0029156884422738352 -0.00064093837700784212 -0.00298725000779646 -0.0022692764288405197 0.0012803934666757973 0.0024141493614297359 -0.0035135084213688966 0.0020153791222996503 0.00011591250960624647 -2.6092037681818885e-06 0.001229619452248862 -0.00050937929697851146 -0.0025676571721515548
leaf_weight=20 20 28 25 28 33 33 24 29 53 27 34 57 50 38 23 34 30 46 25 26 27 39 20 25 44 507 34 39 303 39
leaf_count=20 20 28 25 28 33 33 24 29 53 27 34 57 50 38 23 34 30 46 25 26 27 39 20 25 44 507 34 39 303 39
internal_value=-3.51602e-13 -0.000726832 0.000350606 3.14515e-05 0.000898641 0.000245453 -1.51308e-05 0.000243858 0.000347211 0.00213929 0.000165148 5.51529e-06 0.000373784 0.00091268 -1.58696e-05 -0.000733617 0.00105466 0.00179287 -0.000593191 -0.00106107 -0.000560267 7.18325e-05 0.000716878 -0.000163052 0.000965756 -0.000248875 -0.00149028 -0.000166394 -0.000542061 -0.000744095
internal_weight=1760 73 45 1687 86 66 1601 582 553 51 502 449 278 187 91 91 53 96 171 126 100 73 45 1019 72 947 59 888 381 342
internal_count=1760 73 45 1687 86 66 1601 582 553 51 502 449 278 187 91 91 53 96 171 126 100 73 45 1019 72 947 59 888 381 342
is_linear=0
shrinkage=0.05


Tree=190
num_leaves=31
num_cat=0
split_feature=128 242 131 203 303 113 96 211 270 252 123 316 131 266 217 302 245 81 11 211 131 19 318 323 309 200 212 95 221 8
split_gain=0.0160549 0.0381032 0.058598 0.0590625 0.0929925 0.0565 0.0564213 0.0568636 0.0478138 0.0470925 0.0459842 0.0422086 0.0394606 0.0693361 0.0509543 0.0650585 0.0624318 0.0613392 0.0449816 0.0430903 0.0389225 0.0658809 0.0803254 0.0546285 0.0640605 0.053892 0.0465205 0.045018 0.048271 0.0517689
threshold=-0.0064095635688855681 0.03929306271179344 0.0032287302397289198 -0.029855769591517402 -0.054786673466735263 0.0057766377838339399 -0.023067501863917778 -0.07019963573832716 -0.04679177493624697 0.079552291336394673 -0.031152807579364072 0.0051352799687255863 -0.0020301872885795558 -0.01513509590954913 0.0016193530781141729 -0.017728986581111033 0.025260526076868319 -0.4056487640203818 3.861803713527852 -0.03444526961747834 0.013583239627331541 9.6547619047619069 -0.015412228736991563 -0.01295920924379387 -0.014507026768473746 -0.0003436520339206508 0.043567053210531968 0.024757846412399167 -0.015781695494651995 0.021647632602054986
decision_type=2 2 2 2 2 2 2 2 2 2 2 2 2 2 2 2 2 2 2 2 2 2 2 2 2 2 2 2 2 2
left_child=-1 2 3 5 -5 -2 -3 -8 -4 10 11 -6 14 -14 18 17 19 -16 -12 -17 23 22 -22 26 -25 -26 -10 28 -23 -30
right_child=1 6 8 4 9 -7 7 -9 20 -11 12 -13 13 -15 15 16 -18 -19 -20 -21 21 27 -24 24 25 -27 -28 -29 29 -31
leaf_value=-0.00018256692973498415 -0.0031221534823998812 0.0013357322620383156 0.0019440218466722098 0.0033603641420995702 0.0039360905063222165 0.00063617052117479042 -0.0033860066133043309 -0.00057827475119847803 0.0015620079161211228 -0.0014157068824195969 -2.5708549780387237e-05 0.00072658843377472037 0.0039597776119730307 0.00066119291137014949 -0.0022827725076543476 0.0026654781080045118 0.0041611720510575526 0.0014174677675501221 -0.0024690612896599556 -4.0710859684622848e-05 -0.002690225435531159 -0.0017053755332848857 0.00020356129203439474 -0.0041677007052515237 0.00032409946967770038 -0.0024732617888895969 -0.001506356340611265 0.0029684583642630887 -5.0904126449798548e-05 0.0026581347916989815
leaf_weight=715 20 30 24 32 20 20 22 100 30 28 131 21 21 66 24 24 21 21 22 38 38 21 65 21 36 33 21 21 45 29
leaf_count=715 20 30 24 32 20 20 22 100 30 28 131 21 21 66 24 24 21 21 22 38 38 21 65 21 36 33 21 21 45 29
internal_value=-1.28107e-12 0.000124914 0.000249477 0.000601274 0.000758568 -0.00124299 -0.000606892 -0.00108459 -0.000216838 0.000568047 0.000703854 0.0022922 0.000526892 0.0014574 0.000238798 0.000974917 0.00180493 -0.000555994 -0.00037704 0.00100685 -0.000360895 5.62689e-05 -0.000864049 -0.00100883 -0.00174969 -0.00101377 0.000298564 0.000873448 0.00041034 0.00101075
internal_weight=1760 1045 893 509 469 40 152 122 384 437 409 41 368 87 281 128 83 45 153 62 360 219 103 141 90 69 51 116 95 74
internal_count=1760 1045 893 509 469 40 152 122 384 437 409 41 368 87 281 128 83 45 153 62 360 219 103 141 90 69 51 116 95 74
is_linear=0
shrinkage=0.05


Tree=191
num_leaves=31
num_cat=0
split_feature=280 229 229 229 306 137 288 299 102 113 174 198 306 300 191 169 243 173 164 164 82 185 122 285 279 279 286 184 332 192
split_gain=0.0162375 0.0178351 0.0554333 0.0352976 0.0189435 0.0428107 0.0502494 0.0416177 0.044024 0.0280722 0.0321505 0.0329947 0.0267868 0.0677494 0.0569387 0.0549794 0.0559786 0.04849 0.0344457 0.0557086 0.0330365 0.0334592 0.0611738 0.104019 0.0524304 0.0517756 0.0754826 0.0642044 0.05852 0.0570061
threshold=0.082553035759173957 0.10613874808095498 0.11589419016157969 0.097827704506571717 0.040975895578899142 -0.013490567308515122 0.0025753418416754009 0.050593918256412941 0.054440734135553163 0.0066718723900431346 -0.0010193328618817541 0.011838016886796624 0.022924737241538078 -0.010308910985054509 6.5581688809405355e-05 0.00089919903368830848 0.0096244284923556415 0.0092787789046193496 0.015684853287533333 0.01781685372496741 -0.47469882374655564 0.0025511742010745748 -0.023079203889331799 -0.019807065857543955 0.017876842563708379 -0.014877214403989434 0.029632801186842115 0.014425910560571976 0.026383151841943443 0.0025074156883274699
decision_type=2 2 2 2 2 2 2 2 2 2 2 2 2 2 2 2 2 2 2 2 2 2 2 2 2 2 2 2 2 2
left_child=1 3 -3 4 12 6 -6 8 9 10 -7 -12 18 14 -14 17 -17 -15 20 -20 -1 -22 23 -23 25 26 29 28 -27 -24
right_child=-2 2 -4 -5 5 7 -8 -9 -10 -11 11 -13 13 15 -16 16 -18 -19 19 -21 21 22 24 -25 -26 27 -28 -29 -30 -31
leaf_value=-0.0020995561876112506 0.0012916428233135473 -0.0027834650989540894 0.00039479627465719688 0.0020012780695899644 -0.0022783591295592489 0.00022449403042963624 0.00102828430779482 -0.0010502038770937362 0.0032536150533070958 -0.00063111998427372717 0.0036914227763190869 0.00081937000330071889 0.0022530331964052525 -0.0012904591997438628 -0.00073115376078269705 0.0010105922365108051 -0.0017398044341117949 -0.004269988050112839 0.002447179009232059 0.0002399398172065727 0.00016790736375826897 -0.0047217173408716923 0.0035946491305367092 -0.00070945441345559505 0.0012904211246278832 -0.00090142738888971503 -0.0013391546695493163 -0.0032817106926813725 0.0019511258505753221 0.00024554771152907051
leaf_weight=21 24 23 34 22 27 38 20 24 22 26 20 20 31 36 33 37 37 22 32 268 531 20 24 84 57 125 30 24 21 27
leaf_count=21 24 23 34 22 27 38 20 24 22 26 20 20 31 36 33 37 37 22 32 268 531 20 24 84 57 125 30 24 21 27
internal_value=-2.09132e-13 -1.78568e-05 -0.00088766 1.16719e-05 -1.47441e-05 0.000445493 -0.000871277 0.000858081 0.00122156 0.000791707 0.00126598 0.0022554 -7.68446e-05 -0.00062072 0.000714312 -0.00126801 -0.000364606 -0.00242063 7.49059e-06 0.000475379 -0.000138118 -9.44378e-05 -0.000432557 -0.00148104 -7.85231e-05 -0.000389399 0.000650947 -0.000885093 -0.000491129 0.0018216
internal_weight=1760 1736 57 1679 1657 197 47 150 126 104 78 40 1460 196 64 132 74 58 1264 300 964 943 412 104 308 251 81 170 146 51
internal_count=1760 1736 57 1679 1657 197 47 150 126 104 78 40 1460 196 64 132 74 58 1264 300 964 943 412 104 308 251 81 170 146 51
is_linear=0
shrinkage=0.05


Tree=192
num_leaves=31
num_cat=0
split_feature=215 177 308 215 254 121 164 306 154 333 294 333 108 151 262 267 221 176 241 167 303 108 112 300 300 290 167 108 189 218
split_gain=0.0158867 0.0592592 0.051863 0.0292548 0.019515 0.0541092 0.0392079 0.0271353 0.0389559 0.0524228 0.0419293 0.0445713 0.0299172 0.0534074 0.050116 0.0794935 0.0526401 0.0405661 0.0494084 0.0402544 0.0570364 0.0562867 0.0804049 0.0573291 0.0585977 0.0597204 0.0544872 0.0536771 0.057348 0.0537146
threshold=-0.09630853321543538 0.014716088122592294 -0.0045284448237171374 -0.088974352022833977 0.058319593322043124 0.014756903580579829 -0.016170767476675795 0.039670767016616836 -0.011289830254473067 0.018305089834565327 -0.015643469258991856 0.00040979264925529603 0.049726376386329034 -0.0080936482697473566 0.038973029996497897 -0.015298823102099197 -0.013545421166177504 -0.037269329943392056 -0.027958954938157341 0.0012978137123240998 0.048420456510162559 -0.01930010564225761 0.04466712107258717 0.036705915861206147 -0.056018497910365624 -0.034309986041837139 -0.0031317662705745747 -0.0023837038519006547 -0.0003661353505104641 0.01940367593008949
decision_type=2 2 2 2 2 2 2 2 2 2 2 2 2 2 2 2 2 2 2 2 2 2 2 2 2 2 2 2 2 2
left_child=1 2 -1 -2 7 6 -6 12 -9 10 -10 -12 17 -14 15 -15 -17 18 -5 20 26 22 -21 24 -23 -26 -19 28 -27 -29
right_child=3 -3 -4 4 5 -7 -8 8 9 -11 11 -13 13 14 -16 16 -18 19 -20 21 -22 23 -24 -25 25 27 -28 29 -30 -31
leaf_value=0.0018718473772751168 0.0016348108963159446 -0.0028276818647535278 -0.0012357635572070964 -0.0031703759054653351 0.0017680938811972737 -0.0021566836691100004 -0.00080941578942454533 0.0014379367817902542 -0.0023821122553199531 0.0016368799703195694 0.0011509600262797903 -0.001705638583437328 0.00046336384029190583 0.0014036340687501557 -0.0033404220300524133 -0.0036979655248366976 -0.00075389514499039825 0.00024351777932939253 -0.00030664101321265473 0.00025428352260104057 -0.0024245212387401039 -0.0014142343484854793 -0.0025438749844518805 -0.0010308749185324732 0.0033103679420310077 0.004047861617679397 -0.00092907108868699694 0.0011220515427959816 0.00078902721611989876 -0.0011030260639219908
leaf_weight=25 28 23 29 20 25 38 36 81 25 35 36 22 74 30 23 22 49 427 61 178 26 20 30 33 35 27 129 110 27 36
leaf_count=25 28 23 29 20 25 38 36 81 25 35 36 22 74 30 23 22 49 427 61 178 26 20 30 33 35 27 129 110 27 36
internal_value=-1.19934e-12 -0.000702307 0.000202945 3.21317e-05 5.01688e-06 -0.000675663 0.000246941 4.83249e-05 0.000593575 1.39704e-05 -0.000670389 6.74226e-05 -3.16344e-05 -0.000599636 -0.00123401 -0.000754328 -0.00166614 6.54012e-05 -0.00101374 0.000146487 -0.000135577 0.000477456 -0.000149297 0.000930111 0.00118389 0.001405 -2.85397e-05 0.00107156 0.00241844 0.000573402
internal_weight=1760 77 54 1683 1655 99 61 1556 199 118 83 58 1357 198 124 101 71 1159 81 1078 582 496 208 288 255 235 556 200 54 146
internal_count=1760 77 54 1683 1655 99 61 1556 199 118 83 58 1357 198 124 101 71 1159 81 1078 582 496 208 288 255 235 556 200 54 146
is_linear=0
shrinkage=0.05


Tree=193
num_leaves=31
num_cat=0
split_feature=98 259 316 93 217 169 304 100 98 217 304 327 112 307 314 317 317 19 211 184 98 230 114 263 265 8 206 61 130 126
split_gain=0.0151789 0.0429611 0.0617415 0.0497166 0.0554621 0.0428771 0.0373517 0.0357723 0.0345989 0.0539101 0.0631266 0.0834783 0.0625747 0.0619516 0.0744144 0.0383514 0.0374522 0.034079 0.0508033 0.0481094 0.0344933 0.0559552 0.0543222 0.0424457 0.0550333 0.0464822 0.038495 0.03676 0.0330952 0.0324183
threshold=-0.045046010130702176 -0.01274275751270992 -0.011205175362663446 0.0042834396882684795 0.062171503272991098 -0.00033724688274512226 0.0036250904075502935 0.017444526267009191 -0.018997366649681945 0.050176584254585738 -0.004195784101295911 -0.018717227031704295 0.0044370520861227985 -0.016853145904382388 0.0016960095224804032 -0.0073102396881444551 0.0050259460522515814 27.764958590897162 -0.18700120853620755 0.006147795760190926 -0.0087460736754299325 -0.051370058980871054 -0.017856362982653789 -0.0039616186821540347 -0.020791776290477015 0.021647632602054986 -9.328943751214478e-05 3.3497501700808394 0.0037400249010120369 -0.0058302791285500472
decision_type=2 2 2 2 2 2 2 2 2 2 2 2 2 2 2 2 2 2 2 2 2 2 2 2 2 2 2 2 2 2
left_child=1 2 -1 4 6 -5 28 -4 9 10 13 -12 16 -2 -15 -16 -13 18 -10 -19 21 -20 -23 25 -25 -24 -26 -22 -3 -14
right_child=8 3 7 5 -6 -7 -8 -9 17 -11 11 12 29 14 15 -17 -18 19 20 -21 27 22 23 24 26 -27 -28 -29 -30 -31
leaf_value=0.0027940832268954678 0.0021167285527791016 -0.00028272635776691301 0.00091565456373659388 -0.0012351569407407872 0.0005095192236529494 0.0017914115514140576 -0.0041916853468865157 -0.0020060884673148392 -0.0019114207598919933 -0.0011894386488064711 -0.001304755179444328 0.0023501681577828195 -0.00024960776977241042 -0.003267828779379753 0.0019087569498515223 -0.0010849942524067087 0.005204868720029481 0.0022008195117963719 0.0015750995817749452 -0.00035267153239276793 5.7640767393234938e-06 -0.003155341098085046 -0.0031377590336238168 -0.0018557329000301521 0.0023148733186714641 -2.588114446206462e-05 -0.0002099457745013448 0.0017276498623687076 -0.0030637713504256684 0.0022073225341014695
leaf_weight=22 23 23 22 22 22 25 20 20 38 36 20 27 25 22 20 23 20 39 24 35 988 25 28 27 26 21 36 32 20 29
leaf_count=22 23 23 22 22 22 25 20 20 38 36 20 27 25 22 20 23 20 39 24 35 988 25 28 27 26 21 36 32 20 29
internal_value=1.19511e-12 -0.000414786 0.00064832 -0.000930232 -0.00165179 0.00037472 -0.00240654 -0.000475652 5.19809e-05 0.000597641 0.000905463 0.00164652 0.00223093 -0.000113491 -0.000902646 0.000307448 0.00356493 -4.93737e-05 -0.000111335 0.000993087 -5.46631e-05 -0.00067892 -0.0010108 -0.000622296 2.83581e-05 -0.0018041 0.000848849 5.9784e-05 -0.00157624 0.00106985
internal_weight=1760 196 64 132 85 47 63 42 1564 245 209 121 101 88 65 43 47 1319 1245 74 1207 187 163 138 89 49 62 1020 43 54
internal_count=1760 196 64 132 85 47 63 42 1564 245 209 121 101 88 65 43 47 1319 1245 74 1207 187 163 138 89 49 62 1020 43 54
is_linear=0
shrinkage=0.05


Tree=194
num_leaves=31
num_cat=0
split_feature=0 115 115 285 182 308 172 317 156 142 170 157 301 125 177 141 141 267 242 242 136 127 286 304 103 122 284 203 177 281
split_gain=0.0150153 0.0163648 0.0543025 0.0430634 0.0596169 0.0776371 0.0821197 0.065556 0.0604224 0.0536492 0.0523209 0.045982 0.0398676 0.0373855 0.0488734 0.0580221 0.0505287 0.0416181 0.0347316 0.0515174 0.0508754 0.0492679 0.0586622 0.0522554 0.0410187 0.0510814 0.0781858 0.0381887 0.0367467 0.0517601
threshold=11.079801248874338 -0.018807800239238653 -0.017157220133392648 -0.0075171515086601337 -0.00011300616995166438 0.021773578644844954 0.017356637202745145 0.001099248607369743 -0.015891551273220051 -0.031544910869185851 0.0079442004634342027 -0.00033820292592313391 -0.00087871562913194833 0.0096292497240051556 -0.012329851219034077 0.023756574127882051 0.0016907496644835744 -0.0017843129632806099 0.029292149564707447 0.026710997061199084 0.0026830555684795219 -0.020788772284270927 0.015640209972728952 -0.0048309988022483671 -0.052459040925695234 0.01722001211445531 0.0079133265804848512 0.0036346395492110229 0.017275800574184329 0.0037647907979885165
decision_type=2 2 2 2 2 2 2 2 2 2 2 2 2 2 2 2 2 2 2 2 2 2 2 2 2 2 2 2 2 2
left_child=1 3 -3 4 11 6 7 8 -6 -5 13 12 -1 14 -11 16 17 -16 19 28 24 -22 23 -23 -20 26 -26 -27 29 -4
right_child=-2 2 18 9 5 -7 -8 -9 -10 10 -12 -13 -14 -15 15 -17 -18 -19 20 -21 21 22 -24 -25 25 27 -28 -29 -30 -31
leaf_value=0.00086498369165728325 -0.0012420828126778361 -0.0023064889712259176 -0.00018184651081204115 -0.0012433298663901433 9.7749701568058573e-05 0.00099769254830837451 -0.0043555483539504088 0.00099395007464095375 -0.0033758544456964782 8.6985620009727432e-05 -0.00011698349296740182 0.0017780987885392581 -0.0019225429222190186 0.00032636293656127457 0.0041172148116553819 0.0045992981854148891 -0.00010614940807639729 0.0012556156056234614 0.0020829492226420417 0.0026150013617007063 -0.0029096752993710753 0.00013678545470942151 0.0016491523358854465 -0.0032717401190261032 0.0015923676149481359 -0.00024151216978983336 -0.0019191988445527387 -0.0031255408232523639 -0.00060425768581130193 0.00067990919404988318
leaf_weight=29 24 27 384 35 21 38 22 29 31 32 98 48 23 66 24 22 26 27 21 20 36 22 20 23 51 24 23 22 173 319
leaf_count=29 24 27 384 35 21 38 22 29 31 32 98 48 23 66 24 22 26 27 21 20 36 22 20 23 51 24 23 22 173 319
internal_value=1.92648e-12 1.71717e-05 -9.03029e-05 0.00023645 -0.000271656 -0.000933929 -0.00164657 -0.000910792 -0.00197305 0.000607521 0.000827114 0.000662148 -0.000367961 0.00129677 0.00178567 0.00233474 0.00168773 0.00260225 -3.7722e-05 0.000105832 -0.000569228 -0.0014258 -0.000603965 -0.00160535 4.43469e-05 -0.000312408 0.000500935 -0.00162083 4.8545e-05 0.000209192
internal_weight=1760 1736 1165 571 241 141 103 81 52 330 295 100 52 197 131 99 77 51 1138 896 242 101 65 45 141 120 74 46 876 703
internal_count=1760 1736 1165 571 241 141 103 81 52 330 295 100 52 197 131 99 77 51 1138 896 242 101 65 45 141 120 74 46 876 703
is_linear=0
shrinkage=0.05


Tree=195
num_leaves=31
num_cat=0
split_feature=261 312 121 305 101 293 261 194 315 301 318 312 202 182 114 321 141 311 288 216 161 152 283 158 121 200 98 173 217 262
split_gain=0.0147731 0.0361105 0.0363092 0.0338564 0.0552257 0.0447751 0.0305479 0.0849473 0.0826446 0.0653035 0.0499733 0.0604179 0.040912 0.0371914 0.0403609 0.0561163 0.0845233 0.0443833 0.0533427 0.0398829 0.0544955 0.0458359 0.0556998 0.0536001 0.0774402 0.0470341 0.0411958 0.0379543 0.0331632 0.032933
threshold=0.0032625273977240367 -0.052583997769101658 -0.0071090805739554242 0.05233693322203839 0.014875075789266048 0.010463631814699356 0.016260785895227659 -0.0043404901538134531 0.0019172868722306348 -0.0012360751255141402 -0.0028625905438914036 -0.0064096320808446272 0.00095496364352127812 -0.048886648013483615 -0.0069135381486878098 -0.029912333150522746 0.02747598219098257 -0.0072080779130367142 -0.011294834343774655 -0.036618920039506633 0.0030710349473291694 0.0077284252717887041 0.036160010717848655 0.0050915129575222545 0.0021226429397620534 -0.0070984879895579387 -0.0346878309761025 -0.0017285635668485009 -0.0019443107052465737 0.0035746312375120131
decision_type=2 2 2 2 2 2 2 2 2 2 2 2 2 2 2 2 2 2 2 2 2 2 2 2 2 2 2 2 2 2
left_child=3 2 -2 -1 5 -5 7 8 -3 -10 12 -12 29 -8 15 -15 17 27 -19 20 26 22 25 24 -23 -21 -16 -17 -27 -9
right_child=1 6 -4 4 -6 -7 13 10 9 -11 11 -13 -14 14 19 16 -18 18 -20 21 -22 23 -24 -25 -26 28 -28 -29 -30 -31
leaf_value=0.00021991793313374757 0.00011078937619458884 -0.0001579122119344389 -0.0027000123712544641 -0.0028229860318413772 0.0013366768580107462 -2.2830266971141099e-06 -0.0018208341855231837 -0.00069760031108143594 -0.0012090553797315807 -0.005077568032781225 0.0013616242330463137 -0.0015787850690058209 0.0029025969295286237 -0.0028988143068272624 -2.3943411360960456e-05 -0.00029218109727177459 0.0027752083980224353 -0.0014829308233926825 0.0014562017634345563 0.0033245961645907551 0.0015355332149192692 -0.002774163393593787 -0.00042939145094091405 0.0016038694246006864 0.00058521284646260378 0.0028051399135923323 -0.0031947053214978608 -0.0030495412041021226 0.00063905274332479276 0.0019048028078395875
leaf_weight=886 20 39 27 34 21 24 23 31 20 24 25 58 22 20 20 24 22 26 38 37 20 29 35 35 42 24 21 26 67 20
leaf_count=886 20 39 27 34 21 24 23 31 20 24 25 58 22 20 20 24 22 26 38 37 20 29 35 35 42 24 21 26 67 20
internal_value=-1.50046e-12 -0.000159599 -0.00150393 0.000131483 -0.00086033 -0.0016558 -7.51292e-05 -0.000541434 -0.00183375 -0.00331915 0.000146145 -0.00069312 0.00110038 0.000143823 0.000236801 -0.000425914 -6.22527e-05 -0.000609833 0.000262179 0.000550084 -0.000604213 0.00081184 0.00133817 2.48708e-06 -0.000786927 0.00182148 -0.00164799 -0.00172601 0.00121033 0.00032295
internal_weight=1760 795 47 965 79 58 748 239 83 44 156 83 73 509 486 156 136 114 64 330 61 269 163 106 71 128 41 50 91 51
internal_count=1760 795 47 965 79 58 748 239 83 44 156 83 73 509 486 156 136 114 64 330 61 269 163 106 71 128 41 50 91 51
is_linear=0
shrinkage=0.05


Tree=196
num_leaves=31
num_cat=0
split_feature=127 303 183 145 127 189 199 242 84 194 149 300 182 321 321 185 320 119 259 300 90 255 260 84 320 179 322 298 123 144
split_gain=0.0145387 0.0399326 0.0419296 0.0343385 0.0235601 0.056011 0.043224 0.0501282 0.066505 0.035835 0.034226 0.0309623 0.0323769 0.0308575 0.0590324 0.0643224 0.0559887 0.0548595 0.0551278 0.0367717 0.0579508 0.0414966 0.035272 0.0462491 0.0447019 0.0684128 0.0582767 0.0569137 0.0530886 0.0529422
threshold=0.061515610792788028 -0.0091314310566624566 0.0038519976961220877 0.003255305290398912 0.037060367468255966 -0.019070596977244249 -0.021483398889705452 -0.0071022147394101797 0.07674472482292008 0.0032929613393757316 -0.05875813512605868 -0.064014404788412901 0.0038816147335348802 -0.024663654374287181 -0.029912333150522746 0.01165299757780437 0.041926787042704132 -0.0052228539774425509 0.0026118506214701516 -0.041961587811409164 -0.0069599147579743224 -0.086074291682415136 0.021258394530120652 -0.47057978472007322 0.0097332239250045322 0.010207319202456855 0.025830122002940003 -0.0054601119293969822 0.020672180430644459 0.0043452753593055176
decision_type=2 2 2 2 2 2 2 2 2 2 2 2 2 2 2 2 2 2 2 2 2 2 2 2 2 2 2 2 2 2
left_child=4 2 -2 -3 10 -6 -7 9 -9 -8 -1 12 -12 14 16 -16 17 18 -13 20 -15 -21 23 -23 26 29 27 -24 -29 -26
right_child=1 3 -4 -5 5 6 7 8 -10 -11 11 13 -14 19 15 -17 -18 -19 -20 21 -22 22 24 -25 25 -27 -28 28 -30 -31
leaf_value=-0.0014489288642500087 0.00019958212156780065 0.00086539597433352936 0.0034372347337193786 -0.0013085585687162274 -0.0025404343606593711 0.0015983217751324578 0.0014470698520247091 -0.0029014631119360658 9.7491343422007051e-05 -0.000961920948164054 -0.0025298631823439475 0.00059397896868511844 0.0001855780021287501 0.0028678140092649432 0.0034113324557170817 0.00020592711978302948 -0.0015752959375055758 -0.00013920658834103961 0.0036954271708331678 -0.0019378028900346495 -0.00016509625937841419 -0.0022385103156557307 0.00067966136755005996 0.00019671512085748079 -0.00376837877591959 0.0005864751163042254 0.0024023005353575131 -0.002660702146883858 0.00047182619039501465 -0.00068202348678217579
leaf_weight=38 20 39 20 34 30 28 38 38 36 26 23 38 21 28 34 29 37 100 23 29 36 20 56 775 33 27 21 38 21 24
leaf_count=38 20 39 20 34 30 28 38 38 36 26 23 38 21 28 34 29 37 100 23 29 36 20 56 775 33 27 21 38 21 24
internal_value=-4.33108e-13 0.000548635 0.00181841 -0.000147131 -3.76416e-05 -0.00055218 -0.000192857 -0.000556284 -0.00144251 0.000468417 3.18618e-05 7.16849e-05 -0.00123386 0.000113645 0.000602746 0.00193583 0.000178583 0.000581648 0.00176338 -1.56693e-06 0.0011618 -7.28846e-05 -1.96012e-05 0.000135452 -0.000579906 -0.00148679 -1.97719e-05 -0.000462063 -0.00154573 -0.00246886
internal_weight=1760 113 40 73 1647 196 166 138 74 64 1451 1413 44 1369 261 63 198 161 61 1108 64 1044 1015 795 220 84 136 115 59 57
internal_count=1760 113 40 73 1647 196 166 138 74 64 1451 1413 44 1369 261 63 198 161 61 1108 64 1044 1015 795 220 84 136 115 59 57
is_linear=0
shrinkage=0.05


Tree=197
num_leaves=31
num_cat=0
split_feature=230 275 103 235 298 232 107 230 117 174 105 233 160 252 305 285 200 272 177 126 329 293 308 259 179 144 179 144 220 274
split_gain=0.0149572 0.0337025 0.0459062 0.0607618 0.0419675 0.0397017 0.0274549 0.0225652 0.0432301 0.0437213 0.0619413 0.0856021 0.0582583 0.0460523 0.0393815 0.0612005 0.0582623 0.0460474 0.0860872 0.0434185 0.0420389 0.0380244 0.0373945 0.0372504 0.0540214 0.0514076 0.0791589 0.078132 0.0500358 0.045231
threshold=0.051920988835069078 -0.019939872267233576 0.021803542280793366 -0.017894433502660973 0.01066991231493874 0.0071922473302675925 1.0000000180025095e-35 0.0097732638666449788 0.058038460747205166 -0.0080490554758829592 0.0074652913380951627 0.0033126417411909062 -0.0040047287222341301 0.053202493485729953 -0.013033837173904338 0.00085835160108108436 0.0005246469236581604 -0.016919955807893815 -0.0045611532209042906 -0.00041402658015731212 -0.0040555384425768779 -0.0083321743233922604 -0.0023296422959782925 -0.01274275751270992 -0.0057332837819157548 0.0085054845728855279 -0.015621997354359022 0.021296145060376522 -0.10035854423081474 0.034880173140222508
decision_type=2 2 2 2 2 2 2 2 2 2 2 2 2 2 2 2 2 2 2 2 2 2 2 2 2 2 2 2 2 2
left_child=7 5 3 -3 -5 -2 -4 23 9 10 11 -9 -12 14 19 17 20 -16 -19 21 -17 -11 -20 24 25 26 -1 -27 -25 -26
right_child=1 2 6 4 -6 -7 -8 8 -10 13 12 -13 -14 -15 15 16 -18 18 22 -21 -22 -23 -24 28 29 27 -28 -29 -30 -31
leaf_value=0.00032262484231838386 0.0032608598092338072 -0.0021806179374260336 0.0019623137731717799 0.0013024423912056814 -0.0013660177309603846 0.00034409695269589847 -0.00022640065644341316 -0.0040193442122212477 0.0013255254878231427 -0.00048242373552056963 -0.0016864317919599772 -0.00027227119490918188 0.0011204333761461864 -0.0020383225553187319 0.0017703887834657163 0.0022323034270084465 0.0032665908187239738 -0.002554793681543416 -0.00075138354652815249 0.00015811028600371674 -0.00074744577166335334 -0.0035656192980241031 0.0021983790815630483 -0.0019039323467663245 0.0012913505764319438 0.0031666442109069427 -0.0026154826704707997 -0.00073567909622115316 -3.8701065713468271e-05 -0.00062368941474454228
leaf_weight=52 20 38 38 41 23 28 23 35 36 20 36 27 38 29 21 20 30 39 22 53 29 20 21 38 185 23 41 29 668 37
leaf_count=52 20 38 38 41 23 28 23 35 36 20 36 27 38 29 21 20 30 39 22 53 29 20 21 38 185 23 41 29 668 37
internal_value=9.44789e-13 0.000394933 5.20181e-05 -0.00059688 0.000343465 0.00155941 0.00113706 -5.37966e-05 -0.00034032 -0.000476616 -0.00122179 -0.00238755 -0.000245069 -0.000143249 5.65949e-05 0.000484311 0.00153124 -0.000318672 -0.000853676 -0.000780441 0.000468778 -0.00202402 0.000689198 7.33098e-05 0.000481916 -0.000268691 -0.00097267 0.000990349 -0.000139096 0.000972177
internal_weight=1760 211 163 102 64 48 61 1549 476 440 136 62 74 304 275 182 79 103 82 93 49 40 43 1073 367 145 93 52 706 222
internal_count=1760 211 163 102 64 48 61 1549 476 440 136 62 74 304 275 182 79 103 82 93 49 40 43 1073 367 145 93 52 706 222
is_linear=0
shrinkage=0.05


Tree=198
num_leaves=31
num_cat=0
split_feature=155 127 211 211 296 156 336 155 108 192 108 303 324 161 287 323 323 233 89 306 255 304 315 262 273 125 320 102 233 280
split_gain=0.0141221 0.0304572 0.0245388 0.0288855 0.0195591 0.0221049 0.0462204 0.0337522 0.0222908 0.0385223 0.0491495 0.047552 0.0485519 0.0396557 0.0409171 0.0278303 0.0452662 0.0277877 0.0469779 0.0459354 0.0443132 0.0468106 0.041554 0.0295549 0.056237 0.0559931 0.038002 0.0730843 0.0597088 0.0769793
threshold=0.073960072970647425 0.0068024027335885544 0.68165102102396624 0.65027614725650051 0.084959656771194658 -0.064066961848463638 0.0051427803764825209 -0.064482268376783489 0.048205306320230297 0.0047618339284695062 0.056673911971058456 0.015678330936972764 0.010067804468463913 0.0042368359277459326 0.0098582540775018056 0.068096742821423431 0.062000330665870081 -0.051181739483068318 -0.088010437979328685 0.0099070525597147133 0.0080600078988190098 0.0033338999104855272 0.012493107040252908 0.038973029996497897 0.021338370982775284 0.016610314055178366 0.010491460948399296 0.095158113657352036 -0.0079352995381857996 -0.026216132714408053
decision_type=2 2 2 2 2 2 2 2 2 2 2 2 2 2 2 2 2 2 2 2 2 2 2 2 2 2 2 2 2 2
left_child=2 -2 3 4 5 6 -1 -7 15 10 -10 12 -11 -12 -15 16 17 18 19 -9 22 -22 -20 26 -25 -26 27 -19 29 -28
right_child=1 -3 -4 -5 -6 7 -8 8 9 11 13 -13 -14 14 -16 -17 -18 23 20 -21 21 -23 -24 24 25 -27 28 -29 -30 -31
leaf_value=-0.0027305070964344356 -0.0021896269108930776 0.00050633354985620829 0.0015176065339430891 -0.0016886959280818703 0.0013107424736392267 0.0015672043190404243 0.00047515618738860058 0.0036298515052413161 -0.0027309432235215945 -0.0015580890971856813 -0.0013206211458815292 0.0022593920281603159 0.0012467649577754655 0.0023277745238738136 -0.00063329772050825083 0.0016349702036677627 -0.0023186019994318485 -1.4987971879800796e-05 0.0016351897326636724 0.00035343683790415529 -0.0028858673188369723 0.00049407462633791431 -0.0008233100739307702 0.0012762929081994419 -0.0026397124372041702 0.00088860846033481794 0.00062208686689180996 0.002366999918184079 9.3511042322438121e-07 -0.0021209577830258674
leaf_weight=22 22 20 27 25 29 35 23 23 31 36 61 24 27 20 28 28 20 609 55 20 20 21 25 105 22 23 35 34 195 95
leaf_count=22 22 20 27 25 29 35 23 23 31 36 61 24 27 20 28 28 20 609 55 20 20 21 25 105 22 23 35 34 195 95
internal_value=1.84762e-12 -0.000905836 2.2145e-05 -1.73285e-06 2.35817e-05 7.79239e-07 -0.00109206 3.16697e-05 -2.84777e-06 -0.00046078 -0.000974243 0.000365481 -0.000356009 -0.000474631 0.000600482 7.53106e-05 4.17696e-05 7.85928e-05 0.000686379 0.00210594 0.000181908 -0.00115468 0.000866909 -1.05637e-05 0.000642501 -0.000836348 -0.000111762 0.000110965 -0.000552417 -0.00138245
internal_weight=1760 42 1718 1691 1666 1637 45 1592 1557 227 140 87 63 109 48 1330 1302 1282 164 43 121 41 80 1118 150 45 968 643 325 130
internal_count=1760 42 1718 1691 1666 1637 45 1592 1557 227 140 87 63 109 48 1330 1302 1282 164 43 121 41 80 1118 150 45 968 643 325 130
is_linear=0
shrinkage=0.05


Tree=199
num_leaves=31
num_cat=0
split_feature=215 253 209 202 86 202 332 158 175 270 191 238 259 156 297 332 101 222 207 236 193 321 7 129 330 145 244 228 327 335
split_gain=0.0137801 0.0533069 0.0921757 0.0209569 0.0338748 0.0281494 0.0201324 0.0538724 0.0601735 0.0605055 0.069809 0.0450234 0.0449154 0.0411249 0.0391024 0.0325077 0.0466558 0.0283907 0.0327354 0.0317212 0.0429619 0.045708 0.0839781 0.0467066 0.0535668 0.0408924 0.0370472 0.0491704 0.0600244 0.0624186
threshold=-0.097372736804606549 0.011981910644082567 0.017179866671053822 0.039834181896045769 -0.01125005140083701 0.033328444486516458 -0.025871954486798358 -0.014514531594034244 0.0029339746649978946 0.0058505843552809043 0.0066691812736013037 0.0054236901645930433 -0.0022038388954775437 0.01275237377907011 0.0050219132282667495 -0.022183159852493282 -0.0037379568457834812 0.057343819726158561 0.025615717157181753 -0.013278023248248835 0.014115183909306625 0.0042914187487327398 0.77154105736782908 -0.0051357542869420623 0.0025842091249663494 0.0072285972028815256 -0.020757736140166527 -0.040612424244797211 0.0039279383514353892 -0.0023278440826064125
decision_type=2 2 2 2 2 2 2 2 2 2 2 2 2 2 2 2 2 2 2 2 2 2 2 2 2 2 2 2 2 2
left_child=1 2 -1 5 -5 6 7 11 -9 10 14 -2 -13 -11 -10 16 -8 18 19 20 21 23 25 24 -17 -23 27 -21 29 -29
right_child=3 -3 -4 4 -6 -7 15 8 9 13 -12 12 -14 -15 -16 17 -18 -19 -20 26 -22 22 -24 -25 -26 -27 -28 28 -30 -31
leaf_value=0.00043865270993631822 0.0023862379104165094 0.0011075121001340449 -0.0041430941699737945 0.0019372771684824592 -0.00056652677753432233 -0.0014280492710574489 0.0029513704294610462 0.00011252364084402172 -2.8908701613545421e-05 -0.0015083888022976075 -0.004733376367379527 0.0012966550991852554 -0.0017366413348455631 0.0015615390675520757 -0.002995056679937989 0.00041111688284824297 -7.8474697053294501e-05 -0.0014347321714364713 0.0010561639980233488 -0.0017046488388943689 -0.0013508257816508299 -0.00059486175558695034 -0.0030469202706890721 -0.00012755520377893959 0.0033343313829973342 0.0017200649010798469 0.00043851947869792359 0.0033656542721225628 -0.00095767791599428171 9.1206694492558562e-05
leaf_weight=23 28 26 21 35 22 34 24 104 25 24 23 26 23 20 20 42 27 31 83 51 81 93 31 128 25 24 537 22 64 43
leaf_count=23 28 26 21 35 22 34 24 104 25 24 23 26 23 20 20 42 27 31 83 51 81 93 31 128 25 24 537 22 64 43
internal_value=4.65635e-12 -0.000687438 -0.00174809 2.84738e-05 0.000970897 -4.42159e-06 2.58494e-05 -0.000348719 -0.000753517 -0.0015577 -0.00249252 0.000786817 -0.000127137 -0.000112967 -0.0013472 0.000109884 0.00134733 5.95967e-05 9.74432e-05 2.77028e-05 -0.000315127 -7.05452e-05 -0.000733075 0.000432298 0.00150187 -0.000120005 0.000230436 -0.000390346 0.000129263 0.00119948
internal_weight=1760 70 44 1690 57 1633 1599 293 216 112 68 77 49 44 45 1306 51 1255 1224 1141 424 343 148 195 67 117 717 180 129 65
internal_count=1760 70 44 1690 57 1633 1599 293 216 112 68 77 49 44 45 1306 51 1255 1224 1141 424 343 148 195 67 117 717 180 129 65
is_linear=0
shrinkage=0.05


Tree=200
num_leaves=31
num_cat=0
split_feature=261 213 312 272 244 322 114 103 164 329 194 216 125 286 148 143 214 198 281 94 141 166 101 142 127 134 153 106 315 7
split_gain=0.0137031 0.0315572 0.0307017 0.0345928 0.0290643 0.0541383 0.0323379 0.0571126 0.0395509 0.0399904 0.0485517 0.0738665 0.055163 0.0482039 0.0470402 0.0467776 0.0412217 0.0395796 0.0393902 0.0393818 0.0391248 0.0598053 0.0586062 0.0392153 0.0370907 0.0382491 0.0304745 0.0296352 0.0274526 0.0300935
threshold=0.0032625273977240367 0.21323353199600048 -0.052583997769101658 -0.0054393243858883661 -0.060219830752453275 -0.0044643933788843316 -0.0087213376663908982 -0.065590521486262446 0.020951555776480092 0.0023946752399618388 -0.0033141766651103156 -0.015635505282423776 0.017347746261675668 0.010292110675825984 0.0089359641061952395 -0.0040576074783818311 1.0000000180025095e-35 -0.0015494416932762603 0.0005619935352127733 0.011096196083184667 0.025557230458417294 1.0000000180025095e-35 -0.0089168849433985137 -0.0083466092189780593 1.0000000180025095e-35 -0.0067817557964705887 0.001049927863275182 0.0046048065695257611 0.068193526956382075 0.028202465644469977
decision_type=2 2 2 2 2 2 2 2 2 2 2 2 2 2 2 2 2 2 2 2 2 2 2 2 2 2 2 2 2 2
left_child=1 28 3 -2 5 -4 7 -6 9 13 11 -11 16 15 27 17 -12 -8 -10 -20 21 -9 -23 -24 25 -17 -26 -15 29 -1
right_child=2 -3 4 -5 6 -7 8 20 18 10 12 -13 -14 14 -16 24 -18 -19 19 -21 -22 22 23 -25 26 -27 -28 -29 -30 -31
leaf_value=-0.0014517423455165982 -0.0029693659726763143 0.0017510383442076373 0.0025960112023832548 -0.00022580224279038333 -0.0030984418670414017 -0.00027059272062615489 -0.0027933036908507347 0.00012363679499165819 0.00018700376670668895 -0.0036692577763460577 -0.0015252695784283789 -0.00021307635403130777 0.0026641174748709257 -0.00012610808997932409 0.0038068230906944905 0.00047742505734988858 0.00092538172476279955 0.00031464057725055946 -0.0035459421481937171 -0.00066189757399742722 0.0012495559294863293 0.00030162705454792808 -0.0013498791139167935 -0.004239077895666318 -0.0014471530317045425 0.0034288610243016766 0.00097193581052124512 0.0023782872389780268 0.0016782855574722186 8.6307628673433406e-05
leaf_weight=33 20 29 28 27 22 40 20 91 47 22 32 52 22 27 21 23 37 21 20 29 30 22 23 24 23 21 30 21 26 877
leaf_count=33 20 29 28 27 22 40 20 91 47 22 32 52 22 27 21 23 37 21 20 29 30 22 23 24 23 21 30 21 26 877
internal_value=-3.43091e-13 0.000126632 -0.00015371 -0.00139328 -7.58233e-05 0.000909774 -0.000174383 -0.000686686 5.76858e-05 0.000291187 -0.00028947 -0.00124059 0.000483968 0.00075403 0.00183308 0.000214506 -0.000211152 -0.00120143 -0.000847132 -0.00183906 -0.00040743 -0.000718115 -0.00182825 -0.00282521 0.000812994 0.00188606 -7.78575e-05 0.000969565 7.63031e-05 3.05322e-05
internal_weight=1760 965 795 47 748 68 680 212 468 372 165 74 91 207 69 138 69 41 96 49 190 160 69 47 97 44 53 48 936 910
internal_count=1760 965 795 47 748 68 680 212 468 372 165 74 91 207 69 138 69 41 96 49 190 160 69 47 97 44 53 48 936 910
is_linear=0
shrinkage=0.05


Tree=201
num_leaves=31
num_cat=0
split_feature=280 280 244 244 49 287 286 286 267 334 193 210 135 179 314 183 126 310 182 128 128 101 313 97 240 101 306 135 101 115
split_gain=0.0133543 0.0172844 0.0171081 0.0188929 0.0182121 0.0487699 0.0205204 0.0383277 0.0562185 0.0437557 0.0355903 0.032444 0.0343965 0.0283014 0.0280658 0.0442743 0.0431158 0.0346899 0.0265258 0.0451921 0.0488889 0.0576497 0.0431516 0.0743458 0.0611528 0.0588511 0.0664201 0.0636915 0.0702072 0.057488
threshold=0.082553035759173957 0.070660108109023692 0.10761134859551823 0.092391340768668451 1.2424533248940004 -0.0050748039725591826 0.032283141799325003 0.025938596703394382 -0.0091798741423935095 -0.0062565233546456878 0.02793311763438577 -0.0025038842228988574 -0.00076175141831238838 -0.0063942590626901831 0.024497134462053895 0.0044102364483303907 -0.007797652370683578 0.0082267759632049277 -0.0021250264380628034 0.042741629450256981 0.084051267688505307 0.0018419354337039047 -0.010187275721892134 -0.033303377038504139 0.0076556196998801675 -0.016473385671151891 -0.0037657363404198286 0.0074852443384721889 -0.005375729052255516 -0.012748352251151548
decision_type=2 2 2 2 2 2 2 2 2 2 2 2 2 2 2 2 2 2 2 2 2 2 2 2 2 2 2 2 2 2
left_child=1 2 3 4 6 -6 7 18 -9 -10 11 12 13 -8 15 16 -13 -17 -1 22 21 -21 24 -24 -20 26 -25 28 -27 -29
right_child=-2 -3 -4 -5 5 -7 10 8 9 -11 -12 14 -14 -15 -16 17 -18 -19 19 20 -22 -23 23 25 -26 27 -28 29 -30 -31
leaf_value=0.00023617293198961348 0.0011713687716110143 -0.0012059307932698478 0.0012304668456116427 -0.001471324344906448 -0.00052471525392099993 0.0022147808085719589 -0.0016794926871586105 0.0029625138640834918 -0.0016194418560536135 0.001267496309509235 -0.0024151986941606516 -0.00047599324723705653 0.0015284376570932744 0.00089226068463176499 0.00088253343913137277 -0.0012964973985127963 -0.0030267199869519353 0.0012186715283013625 0.00075704520102685437 0.0031808156693781107 -0.0010662956012073782 2.6225410069205931e-05 0.00080898494837156531 -0.00048517104471102357 -0.00086333551298594107 0.0013446765861702332 -0.0042868189590215613 -0.0036226085697611179 -0.00085486750268804227 -0.0009102113149960392
leaf_weight=558 24 30 28 22 33 32 23 27 21 35 21 30 42 20 23 26 37 29 153 30 23 28 66 20 94 52 27 30 120 56
leaf_count=558 24 30 28 22 33 32 23 27 21 35 21 30 42 20 23 26 37 29 153 30 23 28 66 20 94 52 27 30 120 56
internal_value=-1.09274e-12 -1.6194e-05 4.72747e-06 -1.57259e-05 3.6118e-06 0.00082396 -2.99034e-05 4.78129e-05 0.00108846 0.000184894 -0.000444803 -0.000264897 0.000510721 -0.000483328 -0.00071957 -0.00102161 -0.0018846 2.96826e-05 -2.09011e-05 -0.000226119 0.00088437 0.00165791 -0.000371669 -0.000712576 0.000140382 -0.00104183 -0.0026691 -0.000745392 -0.000189889 -0.0018564
internal_weight=1760 1736 1706 1678 1656 65 1591 1340 83 56 251 230 85 43 145 122 67 55 1257 699 81 58 618 371 247 305 47 258 172 86
internal_count=1760 1736 1706 1678 1656 65 1591 1340 83 56 251 230 85 43 145 122 67 55 1257 699 81 58 618 371 247 305 47 258 172 86
is_linear=0
shrinkage=0.05


Tree=202
num_leaves=31
num_cat=0
split_feature=98 259 316 93 280 180 169 100 98 217 304 327 112 307 314 329 279 19 211 194 188 273 98 158 224 279 88 273 61 115
split_gain=0.0134057 0.0347799 0.0520616 0.0392276 0.043549 0.0410184 0.0349036 0.030083 0.027077 0.0445318 0.0516658 0.0668614 0.0481059 0.0459124 0.0618233 0.0378318 0.0350813 0.0312976 0.0404545 0.0401188 0.040594 0.0280315 0.0278047 0.0476021 0.0587314 0.0384415 0.0509645 0.0447146 0.0317279 0.0283606
threshold=-0.045046010130702176 -0.01274275751270992 -0.011205175362663446 0.0042834396882684795 -0.016303966839390154 -0.0075738067498582352 -0.00033724688274512226 0.017444526267009191 -0.018997366649681945 0.051404111450134168 -0.004195784101295911 -0.018717227031704295 0.0016799240674246544 -0.016853145904382388 0.0016960095224804032 -0.0012249681529501813 0.0053060190943821977 27.764958590897162 -0.18700120853620755 0.0018195742013739922 -0.0044805205199048067 0.013163955277281651 -0.0087460736754299325 0.01170107326712703 0.00029133288974336112 -0.018819804962010349 0.012299933324683343 0.010417132041057054 3.3497501700808394 -0.0093247024437721603
decision_type=2 2 2 2 2 2 2 2 2 2 2 2 2 2 2 2 2 2 2 2 2 2 2 2 2 2 2 2 2 2
left_child=1 2 -1 4 -3 -6 -5 -4 9 10 13 -12 16 -2 -15 -16 -13 18 -10 20 -19 -14 23 25 -25 -20 27 -27 29 -24
right_child=8 3 7 6 5 -7 -8 -9 17 -11 11 12 21 14 15 -17 -18 19 22 -21 -22 -23 28 24 -26 26 -28 -29 -30 -31
leaf_value=0.0025371225286190484 0.0018032755839395458 -0.0032478225887680313 0.00081050503259492968 -0.0011469283653158609 -0.002545568548763792 0.0001953291332122321 0.0015837619798257947 -0.0018688416387885811 -0.00170650687681413 -0.0011196273857993738 -0.001094177622525465 0.0047449600371735528 0.0018663590045449405 -0.0029518383883855265 0.0016899357807984496 -0.001283467922712589 0.0018548570484632537 0.00020554992287153645 -0.0015522931764066659 -0.00057781056177056464 0.0031612044856256733 -0.00043599544151220473 0.0003304857959351053 -0.0002131018515986701 -0.0035110081033727274 0.00044800105037537814 0.0017741663932611118 -0.0024598582123871895 0.0016026418205001393 -0.00021614996871581092
leaf_weight=22 23 25 22 22 21 39 25 20 38 35 21 21 39 22 23 20 21 21 34 27 26 20 396 27 27 39 40 20 32 592
leaf_count=22 23 25 22 22 21 39 25 20 38 35 21 21 39 22 23 20 21 21 34 27 26 20 396 27 27 39 40 20 32 592
internal_value=-1.08356e-12 -0.000389806 0.000566734 -0.000853584 -0.00149453 -0.000763985 0.000305566 -0.000465374 4.88504e-05 0.000531566 0.000806765 0.00147284 0.00200658 -0.000116658 -0.00079602 0.000306957 0.00329991 -4.08124e-05 -0.000100192 0.000958202 0.00184059 0.0010859 -4.96199e-05 -0.000610093 -0.00186205 -0.000101778 0.000396379 -0.000537714 5.31335e-05 2.94696e-06
internal_weight=1760 196 64 132 85 60 47 42 1564 245 210 122 101 88 65 43 42 1319 1245 74 47 59 1207 187 54 133 99 59 1020 988
internal_count=1760 196 64 132 85 60 47 42 1564 245 210 122 101 88 65 43 42 1319 1245 74 47 59 1207 187 54 133 99 59 1020 988
is_linear=0
shrinkage=0.05


Tree=203
num_leaves=31
num_cat=0
split_feature=106 294 263 220 109 315 120 260 159 225 220 117 165 309 220 258 259 284 233 310 266 137 188 248 234 308 323 211 267 222
split_gain=0.0126598 0.0259311 0.0292555 0.0171131 0.0356572 0.0317342 0.0296688 0.0274658 0.0226257 0.0196207 0.0263604 0.0505564 0.0421012 0.0541234 0.0684754 0.0691903 0.0514568 0.0459946 0.0538089 0.0769423 0.0474637 0.0380953 0.0467351 0.035277 0.0275514 0.0270795 0.0280178 0.0546681 0.0278318 0.0490438
threshold=0.097381275912149012 0.015500045319839601 0.0060838660231599508 0.093466950563674392 -0.022830858579521749 -0.016783125212379478 -0.00067712556286431093 -0.015030348938158354 -0.0099070775910902274 0.13063709397059511 0.014577867180785669 0.060361610715011844 0.00053436229414482669 0.027865137461484554 0.025756280643427384 -0.014862880538844119 -0.018440069316277938 0.041358439309617072 -0.023651566359217373 0.0082267759632049277 -0.00074497612948266065 0.010543385645990397 -0.0039230230660390322 -0.0014131122424310492 -0.0018555984948895336 0.065288685465735893 0.057126448291258895 -0.0068459450818334081 -0.0016514198845705467 0.0010820504376138893
decision_type=2 2 2 2 2 2 2 2 2 2 2 2 2 2 2 2 2 2 2 2 2 2 2 2 2 2 2 2 2 2
left_child=3 2 -2 9 6 -6 -5 -7 -9 10 11 25 17 14 -14 24 -17 18 19 20 -12 22 -20 -13 -16 26 28 -28 29 -1
right_child=1 -3 -4 4 5 7 -8 8 -10 -11 12 23 13 -15 15 16 -18 -19 21 -21 -22 -23 -24 -25 -26 -27 27 -29 -30 -31
leaf_value=-9.7670649501850054e-05 -0.00024440856132594704 0.00087924958483892547 -0.0025533247383503731 0.0031737518752925097 0.0014827566368631811 -0.0017104272077241541 0.0004829172798573771 -0.0010873228433774785 0.0010564715077634901 0.001397353905485943 -0.0016050923930015415 0.0031647370252314774 -0.0033267490811912078 0.00076294363518374878 -0.00043250541625422474 -0.0039008119073696435 -0.00085272801729540043 -0.0022113196342252194 -0.0026380008257951382 0.0037160453163475418 0.0016628326410427692 0.00090551747201717209 -0.00011270827677084559 0.00057255227285038155 0.0021605333656771106 0.001391327562262578 -0.0030492650916626608 0.00040136854295269586 -0.0002326864190405159 0.00098210372986456008
leaf_weight=284 34 21 23 20 29 28 21 20 32 24 20 21 35 36 21 20 45 20 27 24 25 43 57 35 20 34 22 24 528 167
leaf_count=284 34 21 23 20 29 28 21 20 32 24 20 21 35 36 21 20 45 20 27 24 25 43 57 35 20 34 22 24 528 167
internal_value=9.76467e-13 -0.000622719 -0.00117608 2.88776e-05 0.000538566 6.57671e-05 0.00179552 -0.000447892 0.000231935 -2.10266e-05 -4.36003e-05 8.05089e-05 -0.000395717 -0.000967408 -0.0014092 -0.000776047 -0.0017906 7.27524e-05 0.000305821 0.00142977 0.000210422 -0.000304828 -0.000924409 0.00154462 0.000832392 3.08648e-06 -4.29625e-05 -0.00124893 1.37022e-05 0.000302157
internal_weight=1760 78 57 1682 150 109 41 80 52 1532 1508 1115 393 177 141 106 65 216 196 69 45 127 84 56 41 1059 1025 46 979 451
internal_count=1760 78 57 1682 150 109 41 80 52 1532 1508 1115 393 177 141 106 65 216 196 69 45 127 84 56 41 1059 1025 46 979 451
is_linear=0
shrinkage=0.05


Tree=204
num_leaves=31
num_cat=0
split_feature=280 11 259 180 309 259 201 201 132 1 254 163 258 264 153 265 174 99 265 168 274 113 305 202 160 160 288 183 91 324
split_gain=0.0126983 0.0163168 0.015193 0.0407514 0.048098 0.0190031 0.0182997 0.0393257 0.0384858 0.0839493 0.056581 0.0710379 0.0476296 0.063363 0.078421 0.0404923 0.0443295 0.0418128 0.0397177 0.0393979 0.0501604 0.0493137 0.0595462 0.0392906 0.0375086 0.0545341 0.0396519 0.049236 0.0506697 0.0624172
threshold=0.082553035759173957 4.693376068376069 -0.073425473393115115 -0.021949348425500819 -0.02241949445271121 -0.067621478933096432 0.0031292671851240162 0.0040585247401038515 -0.0062831918502363167 4.5379471377116305 -0.0032730585745487945 -0.0079791365652762524 -0.0044011667402281433 -0.019566332921282324 -0.001050696821076162 -0.0029117868200721304 -0.0067058318522201284 0.0033035316517160793 0.0048925739054849777 -0.00409256538043369 0.025326389280807483 0.011995083646395514 -0.020454493661822459 -0.017010826181737899 0.027388491934665322 0.020513086165231734 0.01024529850061812 -0.0015974383679017829 -0.022821373647158423 -0.014197483441079456
decision_type=2 2 2 2 2 2 2 2 2 2 2 2 2 2 2 2 2 2 2 2 2 2 2 2 2 2 2 2 2 2
left_child=1 2 3 -1 -5 -4 8 -8 9 15 -11 -12 19 14 -14 16 17 -7 -17 21 -21 22 -10 -15 25 26 27 28 -9 -30
right_child=-2 -3 5 4 -6 6 7 24 12 10 11 -13 13 23 -16 18 -18 -19 -20 20 -22 -23 -24 -25 -26 -27 -28 -29 29 -31
leaf_value=-0.0011612736315111676 0.001142237642973972 -0.0013386907013346386 -0.0015240869484841825 -0.00049346890198648913 0.0026139482809936234 -0.00066052097184904693 -0.002119940157997637 5.4936220300893688e-05 -0.0032317197485826916 0.00061495986343381175 0.00063184832134062334 0.0043982470999546948 -0.0033760834779394304 0.0015086397983043666 7.6408806289064477e-05 0.0027612537723325659 -0.0011255862017284441 0.0021008210122370379 0.00032825894156233586 0.00039156096919095557 0.0025930184035031644 0.0019068384985439482 -8.1424275801206632e-05 -0.00037897341142152402 -0.0010341635837792229 0.0019094187911832706 0.00053795176255046716 0.0001260260374417428 -0.0040875660174566767 -0.0010687125153898665
leaf_weight=21 24 23 21 20 33 29 26 58 20 59 21 31 38 31 29 20 99 26 104 92 36 20 60 249 98 36 161 185 23 67
leaf_count=21 24 23 21 20 33 29 26 58 20 59 21 31 38 31 29 20 99 26 104 92 36 20 60 249 98 36 161 185 23 67
internal_value=2.79566e-14 -1.57913e-05 1.97092e-06 0.000702759 0.00144134 -2.96693e-05 -1.02733e-05 -0.000214425 0.000128228 0.000512325 0.00167475 0.0028772 -0.000131622 -0.000500495 -0.00188172 4.81914e-05 -0.000493291 0.000644841 0.000720677 0.000429777 0.00101072 -0.000313831 -0.000868998 -0.000169988 -0.000135534 3.06277e-05 -0.000106288 -0.000417768 -0.00109751 -0.0018402
internal_weight=1760 1736 1713 74 53 1639 1618 654 964 389 111 52 575 347 67 278 154 55 124 228 128 100 80 280 628 530 494 333 148 90
internal_count=1760 1736 1713 74 53 1639 1618 654 964 389 111 52 575 347 67 278 154 55 124 228 128 100 80 280 628 530 494 333 148 90
is_linear=0
shrinkage=0.05


Tree=205
num_leaves=31
num_cat=0
split_feature=229 184 330 327 333 155 229 162 162 131 288 93 100 242 157 141 110 248 222 188 302 177 180 261 290 284 92 102 277 190
split_gain=0.012395 0.0352339 0.0369538 0.0335435 0.0292011 0.0209552 0.0223403 0.02216 0.0413547 0.0418677 0.0495521 0.0397081 0.0433766 0.0477997 0.0465201 0.0436055 0.040409 0.0477476 0.0385219 0.0382406 0.0371867 0.0345905 0.0293207 0.0280308 0.0358307 0.0415201 0.0531354 0.0362453 0.0347416 0.0564359
threshold=-0.070350127799813783 0.0060127206597789251 0.0019184041287698226 -0.0011392827540057484 -0.0048544068274545263 0.073960072970647425 -0.064482596943881962 0.007219250133934171 0.016700383458856615 0.023627837838937817 -0.014926362466394933 -0.033934960836697649 -0.016084697405958876 0.0087003296629841308 -0.03297028895692402 0.007427423780295578 0.015888506095928293 0.0016465878326798167 0.001813076583435438 0.00092286465186512266 0.003975992482471216 0.017275800574184329 -0.0060817109897374358 0.0015119246021947812 -0.06489371311934615 0.03439423351236582 0.013782801452301176 0.099183001502610821 -0.013579857601678237 0.0041022159964820863
decision_type=2 2 2 2 2 2 2 2 2 2 2 2 2 2 2 2 2 2 2 2 2 2 2 2 2 2 2 2 2 2
left_child=1 2 -1 -3 -4 6 -2 23 9 10 19 -10 14 15 -13 21 17 -15 -16 -9 -17 22 -14 24 -8 27 -27 -26 -25 -30
right_child=5 3 4 -5 -6 -7 7 8 11 -11 -12 12 13 16 18 20 -18 -19 -20 -21 -22 -23 -24 28 25 26 -28 -29 29 -31
leaf_value=-0.00092990824431277977 -0.0013029858723960141 0.00020170324084271365 0.0022240125068017972 0.0028186593030113728 -5.6753895801699004e-05 -0.0012530180837243929 -0.0012658610100662639 -0.0033828762772993119 0.0020311149673943873 -0.0024496849469013635 9.6227890040323722e-05 0.00090067963341985329 0.0025304322556952354 0.00075091241656884773 -0.0028694768368950465 -0.00018046757858246568 -0.00033594940250623043 0.0036293880175799135 -0.00058950570434138756 -0.00036201620678184555 -0.0029990555928882468 -0.001224044065880166 0.00014370395877068081 0.00050540364962882813 0.0002167999100153269 0.00025812754080811094 0.0032099164451938125 0.0021740772482007741 5.3228650151640091e-05 -0.0013560323275485795
leaf_weight=60 33 24 23 25 36 35 31 22 24 34 102 26 22 34 32 25 28 25 44 20 22 22 31 142 439 31 30 25 204 109
leaf_count=60 33 24 23 25 36 35 31 22 24 34 102 26 22 34 32 25 28 25 44 20 22 22 31 142 439 31 30 25 204 109
internal_value=-1.66975e-12 0.000408464 -5.61794e-05 0.00153688 0.000832358 -4.31043e-05 -1.59065e-05 1.19634e-05 -0.000255694 -0.00087156 -0.000498947 7.15418e-05 -7.96793e-05 0.00033284 -0.00092494 -0.000305701 0.00122827 0.00197061 -0.00154949 -0.00194437 -0.00149981 0.000442605 0.00113442 0.000147778 0.000385944 0.000483479 0.00170983 0.000322257 -0.000143256 -0.000437536
internal_weight=1760 168 119 49 59 1592 1557 1524 513 178 144 335 311 209 102 122 87 59 76 42 47 75 53 1011 556 525 61 464 455 313
internal_count=1760 168 119 49 59 1592 1557 1524 513 178 144 335 311 209 102 122 87 59 76 42 47 75 53 1011 556 525 61 464 455 313
is_linear=0
shrinkage=0.05


Tree=206
num_leaves=31
num_cat=0
split_feature=136 270 108 127 127 270 324 252 53 202 185 251 156 310 304 334 122 283 185 251 320 88 262 132 300 173 173 258 215 274
split_gain=0.0123427 0.0295145 0.0383677 0.0185648 0.0194377 0.0349421 0.0436974 0.0328216 0.0212738 0.0210076 0.0474706 0.0412353 0.051696 0.0484666 0.0434022 0.0397377 0.0569877 0.0454232 0.0385454 0.0441887 0.0362472 0.0347161 0.0327736 0.0397937 0.0316669 0.029895 0.0459986 0.0364945 0.0299147 0.0322904
threshold=-0.063354417180662218 0.011978140525791065 0.0045662476810160481 -0.10735765767611108 -0.057438133553739272 -0.0076851736717122041 -0.00066688887940159769 0.0093576042376921856 0.89587973461402759 -0.0067145427410080999 0.0033937857646834991 0.008984343674827951 -0.025066654546833857 0.017458586281835092 0.026225193639579609 -0.02223293773978546 -0.046975782400364173 0.041531162575536948 -0.0027276836458015783 -0.030474988622630806 -0.016013325667559034 -0.0057650734839135671 0.0070125917576767697 0.0085414342193859908 0.068511987300424529 -0.057631340659165566 -0.045372608745900392 0.0072704477658509965 -0.10287704505203681 0.063974019045519678
decision_type=2 2 2 2 2 2 2 2 2 2 2 2 2 2 2 2 2 2 2 2 2 2 2 2 2 2 2 2 2 2
left_child=1 2 -1 -2 5 7 -7 -5 9 10 11 12 20 21 18 -12 -17 22 19 -14 -6 -13 23 -18 25 27 -27 -11 -28 -30
right_child=3 -3 -4 4 8 6 -8 -9 -10 24 15 13 14 -15 -16 16 17 -19 -20 -21 -22 -23 -24 -25 -26 26 28 -29 29 -31
leaf_value=-6.7627327651000374e-05 0.001440396126481178 0.00051750170000429668 -0.0028711243684444092 0.0017784137356184973 -0.001876904342013101 8.0905658139202464e-05 -0.0026599118295989963 -0.00092293501960660296 0.0015981827743499625 -0.00030362095727468844 0.00099435064557203373 0.001743661264437392 -0.00088382040942838833 -0.0017868094694530293 0.0033764371010302392 -0.0032143931869359228 -0.0015908844750122848 -0.0024326951752993327 0.0026947509135014469 0.001422067502969026 0.00085071405106834294 -0.00062757815166119624 0.0013820215473649168 0.00099138739751651887 0.0017424663174492512 -0.0022628807054178861 -0.0016109930832912637 0.0027169147256063298 -1.0374972029664715e-05 -0.00134203473821799
leaf_weight=26 23 35 23 22 21 26 33 23 22 20 43 33 31 31 27 20 37 21 31 63 29 29 34 25 23 26 33 20 882 48
leaf_count=26 23 35 23 22 21 26 33 23 22 20 43 33 31 31 27 20 37 21 31 63 29 29 34 25 23 26 33 20 882 48
internal_value=-1.61327e-12 -0.000591448 -0.00138355 2.9643e-05 1.00136e-05 -0.000651692 -0.00145209 0.000397724 5.44406e-05 3.21994e-05 0.000308193 0.000698639 0.00109975 -0.000172581 0.00155851 -0.000331704 -0.000747911 -0.00032629 0.00116583 0.000661615 -0.000294886 0.000634533 0.000134486 -0.000549646 -9.24177e-05 -0.000133431 -0.00018763 0.00120665 -0.0001316 -7.91058e-05
internal_weight=1760 84 49 1676 1653 104 59 45 1549 1527 475 295 202 93 152 180 137 117 125 94 50 62 96 62 1052 1029 989 40 963 930
internal_count=1760 84 49 1676 1653 104 59 45 1549 1527 475 295 202 93 152 180 137 117 125 94 50 62 96 62 1052 1029 989 40 963 930
is_linear=0
shrinkage=0.05


Tree=207
num_leaves=31
num_cat=0
split_feature=303 303 303 9 303 88 250 110 323 303 237 323 131 289 322 224 242 222 170 284 294 260 237 230 260 93 110 237 326 287
split_gain=0.0119899 0.0349815 0.0170799 0.0444055 0.0260432 0.0640878 0.0698344 0.0255961 0.0255297 0.0461393 0.0444604 0.0550988 0.0720758 0.0423843 0.0408641 0.0454839 0.0432091 0.0355196 0.0547512 0.0899087 0.0385735 0.0360425 0.0337855 0.0314831 0.0355903 0.033431 0.0457205 0.0446124 0.0538986 0.0443836
threshold=-0.10114854063771296 -0.080940272218123027 -0.061665866002202495 0.018781874256687297 -0.032614635315340333 -0.0089038503532663984 -0.006558446906047768 -0.0062903896157161755 0.0082122835660160456 -0.026525205605098676 -0.040083110126577969 0.0020308615501650681 0.014561252040383634 -0.01136103693586237 0.015154743636993187 0.002303051773381764 0.0027399004155026188 0.0067577077798911022 -0.016974887149718097 -0.0032244518912876042 -0.0068366038046240238 0.0013016549077217231 -0.050865420990026826 0.054122567150293219 0.03325015234696279 -0.02666076833971218 0.020874323502125799 -0.011833593987636721 -0.0056986681228023061 0.025023973654026258
decision_type=2 2 2 2 2 2 2 2 2 2 2 2 2 2 2 2 2 2 2 2 2 2 2 2 2 2 2 2 2 2
left_child=-1 -2 3 -3 5 7 -7 -4 10 -10 14 23 13 -13 15 -6 -17 -11 -19 21 -21 -20 -16 25 -25 26 -12 28 -27 -29
right_child=1 2 4 -5 8 6 -8 -9 9 17 11 12 -14 -15 22 16 -18 18 19 20 -22 -23 -24 24 -26 27 -28 29 -30 -31
leaf_value=0.0011875758562902255 -0.0020426833147818495 -0.0006056810962036252 0.0010625535408415052 0.0024053188236430288 0.00086862171234994984 -0.00018676903191356897 -0.003198568713483646 -0.00055356598554217088 0.0026836748720961627 -9.6659512736079418e-06 -4.8351037251202142e-05 -0.002068637707270682 -0.0034140798528197003 0.00019568084096517263 0.00063361916691064837 -0.0027572551010442634 0.00041355999313633551 -0.0010300228168489411 0.001422945113407205 -0.0016653993538403439 0.0010924338488621289 0.0040537631046026947 0.0034730659914202992 0.0015174964243136668 -0.00065316385776636055 -0.0029232350567968647 0.0021845878516849613 -0.00041235576404671109 -0.00056773334330714807 0.00097668244597527579
leaf_weight=21 21 24 49 25 83 39 38 49 20 382 88 31 29 62 22 21 22 28 23 21 32 30 20 58 28 34 31 271 85 73
leaf_count=21 21 24 49 25 83 39 38 49 20 382 88 31 29 62 22 21 22 28 23 21 32 30 20 58 28 34 31 271 85 73
internal_value=-1.07444e-12 -1.43411e-05 1.04524e-05 0.000930543 -1.65604e-05 -0.000593653 -0.00167311 0.000254494 5.10374e-05 0.000327361 -0.000103566 -0.000260643 -0.00123774 -0.000559092 0.000635074 0.000184854 -0.00113498 0.000236031 0.000936451 0.0014559 -2.92514e-07 0.00291209 0.00198574 -8.21922e-05 0.00081077 -0.000214142 0.000533339 -0.000406259 -0.00124073 -0.000117589
internal_weight=1760 1739 1718 49 1669 175 77 98 1494 536 958 790 122 93 168 126 43 516 134 106 53 53 42 668 86 582 119 463 119 344
internal_count=1760 1739 1718 49 1669 175 77 98 1494 536 958 790 122 93 168 126 43 516 134 106 53 53 42 668 86 582 119 463 119 344
is_linear=0
shrinkage=0.05


Tree=208
num_leaves=31
num_cat=0
split_feature=329 300 215 227 203 280 279 180 309 99 190 323 234 323 203 134 242 172 289 333 305 330 196 193 8 286 320 260 291 295
split_gain=0.0118279 0.0360144 0.0234072 0.0526134 0.0198355 0.0357046 0.0320213 0.0259307 0.0318038 0.022451 0.025134 0.0209809 0.0434396 0.0434669 0.0408567 0.0578376 0.0400946 0.0383743 0.0409323 0.0346773 0.0354484 0.0295404 0.0211993 0.0337979 0.0395865 0.043828 0.0332912 0.0532685 0.0572445 0.0533155
threshold=-0.060586744419246989 0.010792569674398853 -0.1061567591947022 0.0037405903110637856 -0.030881487537987331 -0.035013637760537092 0.032545650259133772 0.048991354481010781 0.0024714731891075162 0.010924133913714868 0.0072822055089587666 0.025496222762587072 0.0016312238515548436 0.029824506762455884 0.00054508696748742662 -0.00043316319424866471 0.00028424440524669347 0.040175562084147173 -0.004746614032572186 0.019075149753528284 -0.0095923098314711665 0.056752226032046237 0.013475427248727344 0.022340338717594676 0.00015260360080707747 0.00070613098066608655 0.0015444332590558339 0.021819660667637235 -0.035361652445975479 -0.030346813071125266
decision_type=2 2 2 2 2 2 2 2 2 2 2 2 2 2 2 2 2 2 2 2 2 2 2 2 2 2 2 2 2 2
left_child=1 -1 3 -2 5 -4 9 11 -9 10 -7 17 14 -14 16 -16 -13 21 -19 20 -15 22 26 24 25 -24 -6 28 -28 -30
right_child=2 -3 4 -5 7 6 -8 8 -10 -11 -12 12 13 19 15 -17 -18 18 -20 -21 -22 -23 23 -25 -26 -27 27 -29 29 -31
leaf_value=-0.000156480974475655 -0.0030535820312798025 0.0022581147219803508 -0.0023402181681982863 0.00045291663795385677 -0.00049046357206500594 -0.0010820796499265944 0.0014907256337788899 0.0027204447297845039 6.8363747022186333e-05 -0.0019012358374893665 0.0011946197747337546 -0.00056375213570126722 0.0028837216337426353 -0.0010349219496435436 -0.0027227440823723251 0.00023153210892593742 0.0020003552517543237 0.0028362825902624299 -0.00018043101378928194 0.0020897799496667397 0.0010727187151566059 -0.0015167319338542182 0.00048076869542256184 -0.00078487172482150178 6.402270653878175e-05 0.002949878343679302 -0.0011585831511183643 -0.00082436886010067874 0.0027399386696774384 0.00047653464603549786
leaf_weight=47 20 23 24 23 458 27 22 20 26 25 22 31 26 38 30 37 30 23 22 29 42 37 41 52 111 32 48 112 29 253
leaf_count=47 20 23 24 23 458 27 22 20 26 25 22 31 26 38 30 37 30 23 22 29 42 37 41 52 111 32 48 112 29 253
internal_value=2.56209e-13 0.000636886 -2.63799e-05 -0.00117801 3.68702e-06 -0.000615289 -0.000184057 5.23295e-05 0.00122144 -0.000681965 -5.98881e-05 1.60168e-05 0.000421012 0.00104672 -0.000238916 -0.00109128 0.000697284 -7.1433e-05 0.00136144 0.000608539 7.15894e-05 -0.000126403 -8.11191e-05 0.000340681 0.000658773 0.00156312 -0.000191725 0.000117828 0.000437605 0.000709296
internal_weight=1760 70 1690 43 1647 120 96 1527 46 74 49 1481 263 135 128 67 61 1218 45 109 80 1173 1136 236 184 73 900 442 330 282
internal_count=1760 70 1690 43 1647 120 96 1527 46 74 49 1481 263 135 128 67 61 1218 45 109 80 1173 1136 236 184 73 900 442 330 282
is_linear=0
shrinkage=0.05


Tree=209
num_leaves=31
num_cat=0
split_feature=263 11 238 328 312 149 133 301 328 319 115 312 186 225 225 321 255 324 130 235 302 131 208 148 322 135 97 109 100 8
split_gain=0.0119704 0.015965 0.0141437 0.0175649 0.047351 0.0544119 0.0488253 0.0449765 0.0388019 0.035502 0.0333295 0.0327905 0.0295473 0.0223813 0.0510097 0.0338074 0.0422388 0.042094 0.0415013 0.0468881 0.0511342 0.0511074 0.0461108 0.0410576 0.0437606 0.0401297 0.0389921 0.0360306 0.0358723 0.0407978
threshold=-0.10697904623541275 4.693376068376069 -0.14194275198734094 -0.034217319576137793 -0.0076507028902499897 -0.020575691549748514 -0.0051510307170281209 0.023355374875817951 -0.030298323275590136 0.0031561957261711619 0.017315633268198103 0.0050100121705112096 -0.0096713053174765657 0.0012747506643172293 -0.00076082220220601222 -0.0078213883747650197 0.074094399459102622 0.019841598838431847 0.055230117596998841 -0.0020348418206106635 -0.021988816928598352 -0.015894028143687424 -0.0042525736203978121 -0.0049919812420688853 -0.0064393558217105467 0.010428752397581379 0.011315482195798886 0.067924650319248089 1.0000000180025095e-35 0.00015260360080707747
decision_type=2 2 2 2 2 2 2 2 2 2 2 2 2 2 2 2 2 2 2 2 2 2 2 2 2 2 2 2 2 2
left_child=-1 2 -2 4 9 6 -6 10 11 12 -7 -5 -4 14 15 16 18 27 19 21 -21 -10 -22 25 -25 -19 -24 28 29 -17
right_child=1 -3 3 8 5 7 -8 -9 13 -11 -12 -13 -14 -15 -16 17 -18 23 -20 20 22 -23 26 24 -26 -27 -28 -29 -30 -31
leaf_value=0.0011866099727713153 -0.0013182784453965725 -0.0012949827949341854 -0.00097248597025596122 -5.208329745548089e-05 0.0042965010146144775 0.0017843983817843051 0.00088307289829985664 -0.0015237196882177766 -0.0037770876754075291 -0.0016287539035386687 -0.00045527799834067432 -0.0026438216020603883 0.0014761450380319731 -0.00020445597778256041 0.0021147181330668516 0.00047881764758988897 0.0018014096300162021 0.003718535232939758 0.0015862269593136654 0.0018623422745063349 -0.0021375438474706245 -0.00096789218209296997 -0.00087908985224203215 -0.0013198083011008313 0.0016006447055682154 0.00079053833509202707 0.0018198980846057607 0.0019794747364358044 0.0004339971077649313 -0.0012698103607261956
leaf_weight=21 20 24 22 23 20 46 22 24 20 38 26 26 28 676 33 53 21 25 21 27 32 85 32 23 29 22 23 24 184 90
leaf_count=21 20 24 22 23 20 46 22 24 20 38 26 26 28 676 33 53 21 25 21 27 32 85 32 23 29 22 23 24 184 90
internal_value=-2.08345e-12 -1.43294e-05 3.59229e-06 1.91896e-05 0.000429549 0.00100749 0.00250851 0.00035079 -4.39427e-05 -0.000476765 0.000975626 -0.00142729 0.000398747 3.79257e-06 0.000193008 0.000103814 -0.000348903 0.00036639 -0.000537055 -0.000740657 -3.85209e-05 -0.00150298 -0.000628444 0.00127695 0.000308906 0.00234798 0.000249578 0.000109565 -2.76762e-05 -0.000621717
internal_weight=1760 1739 1715 1695 226 138 42 96 1469 88 72 49 50 1420 744 711 261 450 240 219 114 105 87 99 52 47 55 351 327 143
internal_count=1760 1739 1715 1695 226 138 42 96 1469 88 72 49 50 1420 744 711 261 450 240 219 114 105 87 99 52 47 55 351 327 143
is_linear=0
shrinkage=0.05


Tree=210
num_leaves=31
num_cat=0
split_feature=261 305 101 131 261 194 315 301 100 96 208 323 306 114 205 233 132 210 164 216 245 334 179 49 11 88 272 242 168 284
split_gain=0.0118134 0.0261644 0.0425497 0.038021 0.0253135 0.0655815 0.0730866 0.0648622 0.042292 0.0573295 0.0386736 0.041961 0.0301685 0.0277407 0.0407373 0.0364851 0.0546759 0.0423015 0.0327111 0.0356522 0.03759 0.0316853 0.0282219 0.045615 0.0353415 0.0352731 0.031541 0.02744 0.0256796 0.0327183
threshold=0.0032625273977240367 0.05233693322203839 0.014875075789266048 0.000475172061361396 0.016260785895227659 -0.0043404901538134531 0.0019172868722306348 -0.0012360751255141402 0.052812911177908088 -0.019939601484058853 0.0030082885033961195 -0.0042975403148180257 -0.0071916499223307817 -0.0060310792536972775 -0.0049799311966759524 -0.00027478278273989043 -0.0033680639051420908 0.0048226195865825562 0.028007614223816809 -0.036618920039506633 0.023384040604238505 0.001779787936018644 0.014293562185377629 1.2424533248940004 2.5907301360057269 -0.022611226309228728 0.053193738652813023 0.012983036392636951 -0.007940874907955954 -0.01639159777431046
decision_type=2 2 2 2 2 2 2 2 2 2 2 2 2 2 2 2 2 2 2 2 2 2 2 2 2 2 2 2 2 2
left_child=1 -1 3 -3 5 6 -2 -8 9 -7 11 -11 -12 14 21 17 -17 -16 19 20 -15 -6 23 26 -24 -26 28 -20 -21 -30
right_child=4 2 -4 -5 13 8 7 -9 -10 10 12 -13 -14 18 15 16 -18 -19 27 22 -22 -23 24 -25 25 -27 -28 -29 29 -31
leaf_value=0.00019531932594882306 -9.7886333809938381e-05 -0.00029862342780688782 0.0011741325503126497 -0.0028727760446669824 -0.00028619253215107039 -0.0011729301642303437 -0.00088835030328482389 -0.0045934077688596321 -0.0017489044640179993 -0.0017209970959811472 0.00071243194777154085 0.0012165304258345598 0.0031983915411938841 -0.0017513141596282368 -0.00056434908504437271 0.00076913385213022898 -0.0025719728678668618 0.0019861184538820307 -0.0019534140816648252 0.0020927346834408432 0.00089870102952851962 -0.0025515590640045986 -0.0015469547665606324 0.0033493724279105666 -0.00048350787744857375 0.0023336608493991664 -0.00081454380007926384 0.00028058107418473812 0.0024020604309043848 0.00010148243643069531
leaf_weight=886 41 32 21 26 29 42 21 27 28 20 23 31 26 32 29 24 25 37 27 45 23 33 26 20 25 20 25 28 20 68
leaf_count=886 41 32 21 26 29 42 21 27 28 20 23 31 26 32 29 24 25 37 27 45 23 33 26 20 25 20 25 28 20 68
internal_value=3.69715e-13 0.000117577 -0.000754321 -0.00145255 -0.000142719 -0.000548596 -0.00164821 -0.00297245 2.70837e-05 0.000377279 0.00102837 6.45588e-05 0.00203151 5.34047e-05 -0.000458875 9.80883e-05 -0.000935512 0.000865458 0.000305977 0.000508986 -0.000643126 -0.00149195 0.000763468 0.00109966 -7.93705e-05 0.000768567 0.000814883 -0.000816107 0.00112117 0.000624341
internal_weight=1760 965 79 58 795 259 89 48 170 142 100 51 49 536 177 115 49 66 359 304 55 62 249 178 71 45 158 55 133 88
internal_count=1760 965 79 58 795 259 89 48 170 142 100 51 49 536 177 115 49 66 359 304 55 62 249 178 71 45 158 55 133 88
is_linear=0
shrinkage=0.05


Tree=211
num_leaves=31
num_cat=0
split_feature=294 332 231 192 136 268 231 192 331 291 119 86 326 264 332 277 153 332 8 244 248 249 206 231 309 309 336 321 303 192
split_gain=0.0119208 0.0275077 0.0223682 0.0177105 0.0441271 0.0434316 0.0527155 0.0394187 0.0579067 0.0368745 0.034357 0.0281636 0.0511375 0.0267962 0.0266015 0.0385347 0.0445122 0.0379209 0.0555833 0.0493324 0.0428911 0.0305249 0.0260601 0.0317656 0.0295389 0.0474824 0.0397553 0.0318473 0.0419005 0.0538739
threshold=0.063758564059846715 -0.020111875564484204 0.0018690520253433394 -0.020571054237511231 -0.014770045824996468 0.0018674104515231918 0.0021740826714480633 -0.014022426511426187 0.023709823139737771 0.0040242924013800373 -0.0071826470201353373 0.0067826632826285104 -0.016179594733933971 -0.040226654277113617 -0.044794066168220181 0.019052302169866402 0.020838551399971601 -0.025125500896681797 0.15450928381962867 -0.033140813906242815 0.0044724856644470443 0.0054338355288475427 -0.03597174026188061 0.0010951947008974972 -0.02975751232929855 -0.049681803053340447 0.013554028202522068 0.031424206168982956 0.03314783711876073 0.015893704053145028
decision_type=2 2 2 2 2 2 2 2 2 2 2 2 2 2 2 2 2 2 2 2 2 2 2 2 2 2 2 2 2 2
left_child=3 -2 -3 4 5 6 -1 8 9 -5 11 12 -6 -12 15 16 -9 18 19 -16 21 -21 23 -19 25 -24 -27 28 -26 -30
right_child=1 2 -4 7 10 -7 -8 14 -10 -11 13 -13 -14 -15 17 -17 -18 22 -20 20 -22 -23 24 -25 27 26 -28 -29 29 -31
leaf_value=-0.0034255538537929005 0.0017604324639955114 -0.0013720086620499692 0.00082199820317327985 -0.0011039567096006186 0.00072826943903540583 0.00053956679870214772 3.5773969086056408e-05 0.0021809954996866994 -0.0034543076308909807 0.0012453712610295043 -0.0012334287920966747 -3.1718985410407187e-05 0.0037276703086078031 0.00062876048621118949 0.0014068138743563656 -0.0011229360394645483 -0.00061812012456357484 0.00029331682203337551 -0.0032220355312650405 -0.0011070790159625604 -0.0022857413771960543 0.0011944354984443637 0.00043308116554685713 -0.0021021585211142778 0.00019527969154091486 -0.00071202690000973237 -0.0031758832489934075 0.0010903621158004999 -0.00014302987242228397 -0.0032959678969928063
leaf_weight=22 31 21 26 61 30 43 22 49 20 23 25 20 27 85 28 20 20 25 21 34 38 25 67 31 710 64 22 88 42 20
leaf_count=22 31 21 26 61 30 43 22 49 20 23 25 20 27 85 28 20 20 25 21 34 38 25 67 31 710 64 22 88 42 20
internal_value=-2.16377e-12 0.000604272 -0.000158303 -2.80221e-05 0.000339766 -0.000590503 -0.00169489 -9.95945e-05 -0.00103638 -0.000460688 0.000772565 0.00158261 0.00214904 0.000205536 -2.48812e-05 0.000809524 0.00136966 -8.60023e-05 -0.000841849 -0.000441977 -0.000975649 -0.000131861 1.72284e-05 -0.00103275 7.52726e-05 -0.000564854 -0.00134232 0.000189156 8.64274e-05 -0.00116011
internal_weight=1760 78 47 1682 274 87 44 1408 104 84 187 77 57 110 1304 89 69 1215 146 125 97 59 1069 56 1013 153 86 860 772 62
internal_count=1760 78 47 1682 274 87 44 1408 104 84 187 77 57 110 1304 89 69 1215 146 125 97 59 1069 56 1013 153 86 860 772 62
is_linear=0
shrinkage=0.05


Tree=212
num_leaves=31
num_cat=0
split_feature=98 205 259 156 113 281 255 139 98 96 185 273 199 283 173 304 19 184 211 256 186 331 189 189 323 85 292 220 284 266
split_gain=0.0113568 0.0284447 0.0326772 0.0288459 0.0301493 0.0294877 0.0375276 0.028338 0.0228414 0.0372943 0.0573586 0.046183 0.0434381 0.031719 0.0401286 0.0456761 0.0239251 0.0343165 0.0340135 0.0230228 0.0396368 0.0460737 0.0551617 0.0716811 0.0360416 0.0325366 0.0320799 0.0474696 0.047109 0.0556508
threshold=-0.045046010130702176 0.0065310085199435626 -0.01274275751270992 -0.0076632027119943246 0.0072960336198027512 0.015965081790793048 0.0041731657845280766 0.0047866188662248274 -0.018997366649681945 -0.011504921885210318 0.0070895711656174627 0.03551536663154798 -0.0011509432136910778 -0.0080460631970151898 -0.0074345912186017521 -0.0022516914742373474 27.764958590897162 0.006147795760190926 -0.18700120853620755 -0.024294347795742129 0.019226455517573227 -0.031237952479455891 -0.021650732932000628 0.0016337546880425809 0.018600189035926168 -0.42169171730206018 0.012753260691851027 0.036752279421364484 0.038675533991034662 -0.057623753392669459
decision_type=2 2 2 2 2 2 2 2 2 2 2 2 2 2 2 2 2 2 2 2 2 2 2 2 2 2 2 2 2 2
left_child=1 3 -3 -1 5 6 -5 -4 9 10 12 13 -2 -11 -15 -16 18 -18 -10 26 25 -22 -23 -24 -25 -21 28 -28 29 -20
right_child=8 2 7 4 -6 -7 -8 -9 16 11 -12 -13 -14 14 15 -17 17 -19 19 20 21 22 23 24 -26 -27 27 -29 -30 -31
leaf_value=-0.0021076033348435886 0.00015700607349302759 0.0018097688793204726 -0.0015581730910829115 0.0022113274326936035 -0.002087140948860906 -0.0013776459761530809 -0.00053048628671184322 0.00099018395994789911 -0.0015622034961492509 0.0003445673317586699 0.0015194424929817346 -0.00077169305805000485 -0.0026298744805836609 0.0036218111123889687 -0.00032129313331097364 0.0025419689117309949 0.0018560887227813978 -0.00030051962139883214 0.0034829385756027136 -0.0019101618388958743 -0.0029023714623084137 0.0012860850247307098 -0.0029232776166671619 -0.00093005894807654185 0.0015875740791237887 4.0244197878903567e-05 0.00030836406779902371 -0.002184150624088943 -0.0014320037117050519 0.00070434525129146972
leaf_weight=32 27 27 24 24 20 23 26 20 38 49 27 32 29 25 26 30 39 35 21 22 24 32 35 44 21 762 72 26 21 127
leaf_count=32 27 27 24 24 20 23 26 20 38 49 27 32 29 25 26 30 39 35 21 22 24 32 35 44 21 762 72 26 21 127
internal_value=-7.5178e-13 -0.000358783 0.000440441 -0.000812742 -0.000367199 0.000104019 0.000785584 -0.000399829 4.49626e-05 0.000488319 -0.000373521 0.000929879 -0.0012862 0.00134873 0.00195618 0.0012126 -3.73894e-05 0.000836071 -8.93059e-05 -4.29347e-05 -0.000159317 -0.000887182 -0.000520784 -0.00109898 -0.00011667 -1.44866e-05 0.000366801 -0.000352915 0.000784151 0.00109861
internal_weight=1760 196 71 125 93 73 50 44 1564 245 83 162 56 130 81 56 1319 74 1245 1207 940 156 132 100 65 784 267 98 169 148
internal_count=1760 196 71 125 93 73 50 44 1564 245 83 162 56 130 81 56 1319 74 1245 1207 940 156 132 100 65 784 267 98 169 148
is_linear=0
shrinkage=0.05


Tree=213
num_leaves=31
num_cat=0
split_feature=263 263 110 110 241 121 309 309 126 239 244 129 115 184 123 112 259 118 100 312 100 265 330 100 283 263 301 260 295 273
split_gain=0.0111674 0.0147622 0.0143484 0.0173159 0.0153782 0.0238567 0.0182402 0.0422355 0.0399416 0.0559969 0.0646283 0.0980247 0.042871 0.0367698 0.0321597 0.0308913 0.0262527 0.0459964 0.0217237 0.0454084 0.0427087 0.0678133 0.0349167 0.0388365 0.0444234 0.0346989 0.0446854 0.0627196 0.0491936 0.0456183
threshold=-0.10697904623541275 -0.096442631447977462 0.13997086225254898 0.097895296696378573 -0.10142727470736923 -0.033959505705840831 -0.025536082447811661 -0.027087158350747053 1.0000000180025095e-35 -0.00132160745519815 -0.0054540698323476697 0.0031493981583671964 -0.025883103714779216 0.0025288620253507859 -0.027330895593486552 0.00049792083805448291 -0.073425473393115115 0.0011819880445199089 -0.0059781537757360777 -0.054195697608855807 -0.014463425244620149 -0.001846700717138595 0.054879120483202738 -0.0012246063407295538 -0.0076458442805897708 0.0012456495009259998 0.017417152993194306 0.016328622290599133 0.0046543581529525343 0.022986478832372748
decision_type=2 2 2 2 2 2 2 2 2 2 2 2 2 2 2 2 2 2 2 2 2 2 2 2 2 2 2 2 2 2
left_child=-1 -2 3 4 5 -3 7 8 9 13 -11 -12 15 -6 -14 -10 17 -8 19 -18 -21 -22 23 24 -20 26 29 28 -28 -25
right_child=1 2 -4 -5 6 -7 16 -9 12 10 11 -13 14 -15 -16 -17 18 -19 22 20 21 -23 -24 25 -26 -27 27 -29 -30 -31
leaf_value=0.0011461196028644085 -0.0013314822356083565 -0.00018295590046115898 0.0012709748084572231 -0.0011311992728973137 0.001404717861608203 0.0022030588146299125 -4.6930932245838149e-05 -0.002577458859886974 0.0031036739074625074 0.00026866012628618463 -0.0048922676207999206 -0.00059089361155336654 0.0015747057326370849 -0.00082764732979763401 -0.00066976922905349608 0.00054937351358540611 -0.0021742643220932223 0.0030486428043150228 -4.0701126563362779e-05 5.6423750424785441e-05 0.00015856643863530322 -0.0032202478058429226 -0.0011726439546057305 0.00059591905801821467 0.0031208279291167857 -0.00018247919193955194 -0.0011803857196355239 -0.0027904663886320555 0.0017175814935853852 0.0024402129226761713
leaf_weight=21 21 22 22 34 35 20 30 20 20 28 26 27 20 39 79 29 28 20 20 460 33 27 43 184 25 306 27 21 32 41
leaf_count=21 21 22 22 34 35 20 30 20 20 28 26 27 20 39 79 29 28 20 20 460 33 27 43 184 25 306 27 21 32 41
internal_value=-4.58881e-14 -1.38404e-05 2.26578e-06 -1.41915e-05 8.65941e-06 0.000953242 -1.58298e-05 -0.000352029 -0.000205136 -0.000766089 -0.00167445 -0.002701 0.000382349 0.000228201 -0.00021634 0.00159195 6.78959e-05 0.0011913 2.28517e-05 -0.000212844 -0.000107229 -0.0013619 0.000207632 0.000298107 0.0017157 0.000193701 0.000571116 -0.000443845 0.000391393 0.00093199
internal_weight=1760 1739 1718 1696 1662 42 1620 323 303 155 81 53 148 74 99 49 1297 50 1247 548 520 60 699 656 45 611 305 80 59 225
internal_count=1760 1739 1718 1696 1662 42 1620 323 303 155 81 53 148 74 99 49 1297 50 1247 548 520 60 699 656 45 611 305 80 59 225
is_linear=0
shrinkage=0.05


Tree=214
num_leaves=31
num_cat=0
split_feature=307 299 290 334 129 173 150 307 213 119 254 287 95 205 125 237 295 225 141 155 260 152 241 90 274 114 99 120 329 208
split_gain=0.0113191 0.0347525 0.0292539 0.0399178 0.0226609 0.0238832 0.0273833 0.0188105 0.0429863 0.0344246 0.0232451 0.0478856 0.0217052 0.0208954 0.0411643 0.0214628 0.0335216 0.0356112 0.0343861 0.0290072 0.0287862 0.0295514 0.0286322 0.0398034 0.0368137 0.050482 0.0394917 0.0398106 0.0315129 0.0370528
threshold=0.042658833732887043 0.049213221779254794 0.022315316477556291 0.037881168804723094 0.01666241175480283 -0.0014194240317208426 0.0035479138975355127 0.031019600607049745 0.00064103352515331152 0.0037521267691021068 0.064214640805088277 -0.010637478757245812 -0.00190187598380854 -0.048823275664065705 0.0019140132561907171 -0.038822952011195781 0.0094134644726907909 -0.010936639521664305 0.01129332041154988 -0.050141659547080733 0.00090404341185832131 -0.00074063266748189091 0.0091531947465376424 0.059466249343311038 -0.034350186338010506 -0.0053784484823289702 -0.040614863357676133 -0.056966677017708432 0.023392336132075486 -0.0037231712760313804
decision_type=2 2 2 2 2 2 2 2 2 2 2 2 2 2 2 2 2 2 2 2 2 2 2 2 2 2 2 2 2 2
left_child=7 2 3 4 5 6 -2 10 -9 -10 13 -12 -13 14 -1 16 20 18 -18 -17 -15 -22 -21 24 25 -24 -26 -28 29 -29
right_child=1 -3 -4 -5 -6 -7 -8 8 9 -11 11 12 -14 15 -16 19 17 -19 -20 22 21 -23 23 -25 26 -27 27 28 -30 -31
leaf_value=-0.00024173621600493789 0.0019455662712937706 -0.001500691124238074 -0.00064718535929083991 0.0030182037036865952 0.0018179566715843976 -0.00081835250756869633 -0.00049541931017301984 -0.0020304766307450146 0.0015358171322150157 -0.00089345513111246477 -0.0028064996808428657 -0.001087752052192246 0.00071716476280319816 0.0019254049681145333 0.0028016100771492349 0.0012345486412835649 7.3439580332238373e-05 0.00065740779171726308 -0.0028234288445673885 -0.00031079660668323475 -0.000724189237316199 0.0013338328782009667 -0.0029682799185552127 0.0019139341357004014 -0.00056586090536059244 8.8262397517350379e-05 0.0025089779340375503 -0.00097882430860658592 0.0018663325315085991 0.00068296221178737763
leaf_weight=25 27 22 36 20 28 35 20 38 25 35 22 31 36 51 20 41 21 49 20 701 33 37 22 32 92 35 26 51 31 98
leaf_count=25 27 22 36 20 28 35 20 38 25 35 22 31 36 51 20 41 21 49 20 701 33 37 22 32 92 35 26 51 31 98
internal_value=-1.7115e-12 0.000366662 0.000614143 0.000963434 0.00058984 0.000170483 0.000906849 -4.38502e-05 -0.000714629 0.000118742 7.46989e-07 -0.000782532 -0.000117946 5.10805e-05 0.00111086 1.54908e-05 0.000478369 -0.000252371 -0.00133967 -7.1017e-05 0.00102189 0.000363622 -0.000120216 0.000224997 7.27544e-05 -0.00109146 0.000295439 0.000680097 0.000415925 0.000114163
internal_weight=1760 188 166 130 110 82 47 1572 98 60 1474 89 67 1385 45 1340 211 90 41 1129 121 70 1088 387 355 57 298 206 180 149
internal_count=1760 188 166 130 110 82 47 1572 98 60 1474 89 67 1385 45 1340 211 90 41 1129 121 70 1088 387 355 57 298 206 180 149
is_linear=0
shrinkage=0.05


Tree=215
num_leaves=31
num_cat=0
split_feature=294 332 327 190 286 286 310 335 133 285 112 246 114 287 127 201 301 320 170 219 173 127 226 8 82 108 233 290 236 236
split_gain=0.0112498 0.0258327 0.021261 0.0149009 0.023079 0.0182239 0.0177904 0.035405 0.0303252 0.0242564 0.0368659 0.0426754 0.0462683 0.0489457 0.0397917 0.04579 0.039015 0.0348482 0.045291 0.0436266 0.0327678 0.037814 0.0318746 0.038396 0.0382448 0.037717 0.0287684 0.0277939 0.0263672 0.0570317
threshold=0.063758564059846715 -0.020111875564484204 -0.0074619095587989516 -0.060323119252641694 -0.094133763115035046 -0.0086515870914025076 -0.032617567568057428 -0.033392329633518063 -0.0051510307170281209 0.01375826291087638 0.023779981241824389 0.01058651254827429 -0.015547075434598958 0.0065742617375096251 -0.016547990622895383 0.0097318723646269752 -0.0086568913012829377 0.047150000626755499 0.0071271762324575348 -0.089007975855970187 0.007486570671363023 -0.0083132251358345247 -0.0045496740512841263 0.017162122359673487 -0.0551081989962037 -0.027205423214350502 -0.0057804077797646734 0.0053480923017343767 0.055722877692034857 0.045823448843467875
decision_type=2 2 2 2 2 2 2 2 2 2 2 2 2 2 2 2 2 2 2 2 2 2 2 2 2 2 2 2 2 2
left_child=3 -2 -3 5 -5 -1 7 8 -6 17 11 14 13 -13 15 -11 27 19 26 -8 21 -12 25 24 -24 -16 -19 -14 29 -21
right_child=1 2 -4 4 6 -7 9 -9 -10 10 20 12 16 -15 22 -17 -18 18 -20 28 -22 -23 23 -25 -26 -27 -28 -29 -30 -31
leaf_value=0.0019460481503518253 0.0017074245696647034 -0.0013875798089429737 0.000763289418305417 -0.0016604249609041622 0.0004244612611364574 -7.0839228283148262e-05 0.0017837571819606973 0.00069483676006968829 -0.0023289559560362252 -0.0010448307951894376 0.0023985699878941325 0.00039714429904485034 0.0011039185391079323 -0.0030590199312428012 0.00012418729562672196 -0.0042270695080514993 0.0020884226351468404 -0.0015195134887471796 -0.0027378053348511462 5.4102146828093918e-05 -0.00079624270982980644 6.2267383463074301e-05 -0.00049965955263092741 -0.0017800986909909018 0.0020765009662136436 -0.0024113666311181576 0.0010028367208388563 -0.0014391473393929616 -0.00078346539990621655 0.0021780606148461105
leaf_weight=21 31 20 27 22 20 24 38 177 20 26 29 21 21 20 22 20 33 20 25 748 39 43 34 24 25 44 26 22 85 33
leaf_count=21 31 20 27 22 20 24 38 177 20 26 29 21 21 20 22 20 33 20 25 748 39 43 34 24 25 44 26 22 85 33
internal_value=6.75119e-13 0.000587018 -0.000151974 -2.7222e-05 -5.18963e-05 0.000870375 -2.99845e-05 0.000391227 -0.000952247 -9.53656e-05 -0.000411565 -0.000689983 6.49455e-05 -0.00128879 -0.00114294 -0.00242841 0.00079525 4.18164e-05 -0.00102481 0.000125589 0.000371014 0.00100328 -0.000746082 -9.39551e-05 0.000591934 -0.00156618 -9.38373e-05 -0.000197185 5.28289e-05 0.000143847
internal_weight=1760 78 47 1682 1637 45 1615 217 40 1398 423 312 117 41 195 46 76 975 71 904 111 72 149 83 59 66 46 43 866 781
internal_count=1760 78 47 1682 1637 45 1615 217 40 1398 423 312 117 41 195 46 76 975 71 904 111 72 149 83 59 66 46 43 866 781
is_linear=0
shrinkage=0.05


Tree=216
num_leaves=31
num_cat=0
split_feature=261 213 4 123 261 170 313 293 313 309 319 238 128 106 293 259 149 198 323 308 271 275 11 275 117 165 117 309 332 222
split_gain=0.0110024 0.0238012 0.0242793 0.0235861 0.0242903 0.023603 0.026253 0.0441281 0.0325518 0.0613293 0.0448092 0.0355114 0.0469919 0.0317284 0.0295235 0.0269431 0.025918 0.0403215 0.0385765 0.0420273 0.044907 0.0432992 0.0376304 0.02829 0.0322952 0.0250576 0.0233478 0.0238546 0.023909 0.0308066
threshold=0.0032625273977240367 0.21323353199600048 6.6424859514441321 -0.091782644598213559 0.0043815891123018856 -0.057390098142274464 -0.010003078639305956 0.00037788936489107408 -0.0036544001762376164 0.011125597788759045 -0.00050261938546686377 -0.049655726634537746 0.056432687624565582 -0.013560341203524893 -0.0091602618506078561 -0.0078181014147726147 0.012150326191155227 0.021192030823491984 0.029169574416581363 0.0025130909134958375 0.014020860399626215 -0.0054227610102417266 3.7237710931768162 -0.0097641446425976042 -0.0028335778180332313 -0.011139280364695655 -0.078743290904460847 0.076782958605798271 -0.069537776868505027 0.057343819726158561
decision_type=2 2 2 2 2 2 2 2 2 2 2 2 2 2 2 2 2 2 2 2 2 2 2 2 2 2 2 2 2 2
left_child=1 2 26 -2 -5 -6 7 14 9 10 -8 15 16 25 -7 -10 17 18 19 23 21 -21 -18 -13 -25 -9 -1 28 -28 -30
right_child=3 -3 -4 4 5 6 8 13 11 -11 -12 12 -14 -15 -16 -17 22 -19 -20 20 -22 -23 -24 24 -26 -27 27 -29 29 -31
leaf_value=-0.0012087813158359495 0.0014765991089833817 0.0015242020623629979 -0.0012837428974307842 -0.0016860258734176078 -0.001783925968976248 0.00065006739569071223 -0.0008828751933760942 4.8082184300503952e-06 3.0641419225898774e-05 0.0008198068224136596 -0.0039768803187391977 0.0007920041718247567 -0.0024292233728525998 0.00035361242829822008 0.0027054027105415509 0.0025077573815083486 0.00087791260741028061 0.0016329672913776622 0.0010558565197113371 -0.004430162811297037 -3.1526432228375876e-05 -0.0014489963104755716 -0.0015061524348129751 -0.0022475208712825811 1.4111309012246478e-05 -0.0022168120505133022 0.0018745510084998041 -0.0014591829209662551 0.00022214156333053719 -0.0014949757954228619
leaf_weight=32 22 29 32 26 21 104 25 22 23 23 22 38 24 70 21 21 96 21 28 21 23 29 20 27 38 30 21 22 802 27
leaf_count=32 22 29 32 26 21 104 25 22 23 23 22 38 24 70 21 21 96 21 28 21 23 29 20 27 38 30 21 22 802 27
internal_value=3.2531e-12 0.000113469 6.97606e-05 -0.000137733 -0.000183678 -0.000131387 -8.35866e-05 0.00033512 -0.000299496 -0.00129582 -0.00233113 -0.000128975 -0.000290736 -0.000341358 0.000995364 0.0012129 -0.000140227 -0.000453217 -0.000667971 -0.000942216 -0.00185999 -0.00270109 0.000466867 -0.000291754 -0.000925336 -0.0012769 0.000117672 0.000166349 0.000208422 0.000166216
internal_weight=1760 965 936 795 773 747 726 247 479 70 47 409 365 122 125 44 341 225 204 176 73 50 116 103 65 52 904 872 850 829
internal_count=1760 965 936 795 773 747 726 247 479 70 47 409 365 122 125 44 341 225 204 176 73 50 116 103 65 52 904 872 850 829
is_linear=0
shrinkage=0.05


Tree=217
num_leaves=31
num_cat=0
split_feature=280 280 108 317 290 317 95 155 317 177 95 206 298 314 176 323 323 210 136 312 320 208 88 247 108 101 184 288 195 104
split_gain=0.0109444 0.0145667 0.0291355 0.0133524 0.0295985 0.0192281 0.0371028 0.0665801 0.036302 0.0331125 0.0302767 0.0293007 0.027603 0.0186085 0.0420709 0.0204322 0.0324437 0.0450577 0.0541334 0.028913 0.0338351 0.0324137 0.0242128 0.0234162 0.0294338 0.0352408 0.0462564 0.0371223 0.0301242 0.0271222
threshold=0.082553035759173957 0.06772444972591192 -0.016286285886783863 0.070423354577828293 0.0098954579488526543 0.03892382837343477 -0.0067039489359702496 -0.019914326928136619 0.032168101135956202 0.0052582856140429542 0.017002620345856204 0.0077657497285647274 -0.011562230569866721 -0.0577231425099329 -0.0035301947563540865 0.064265418099098748 0.027015777449917708 -0.56646126575889577 0.0013867694714614714 -0.027212921171817187 0.023471106853290492 -0.011871938331169013 0.035413315872618756 -0.032001095473380585 0.012521526632959934 -0.0076903286589770055 0.00029303390239865233 0.01595601511410823 0.006617684241144014 0.063018411514672495
decision_type=2 2 2 2 2 2 2 2 2 2 2 2 2 2 2 2 2 2 2 2 2 2 2 2 2 2 2 2 2 2
left_child=1 3 -3 5 -5 8 11 -8 13 -9 -10 12 -7 14 -1 16 23 18 -18 -19 21 -21 -23 24 25 26 -15 -27 -26 -25
right_child=-2 2 -4 4 -6 6 7 9 10 -11 -12 -13 -14 15 -16 -17 17 19 -20 20 -22 22 -24 29 28 27 -28 -29 -30 -31
leaf_value=-0.0024972856995494415 0.0010604216152084215 -0.0023156783950980752 0.00032113616008163347 -0.00028777233329256656 0.0021828706566752358 0.0005361138103970527 -0.0038333329073793722 0.00066944001009687786 0.0022517243533167696 -0.001975100946146995 -0.00021369202033383772 0.0016932240596203053 -0.0018959480075864121 -0.0034168835981500494 0.0001767030825201226 -0.0011013332241231976 -0.0027179800864541906 0.0025988928253354972 0.00091673225258654442 0.0026365335086926019 -0.00057958925702936343 0.0001409602786564284 0.0021179368661250922 -1.832098321932735e-05 0.0014045194839543132 0.00011953334200002705 -0.00048810117212789398 -0.0021338614995013061 -0.00073583066461592797 0.00092475748453926777
leaf_weight=24 24 20 22 27 22 28 20 29 33 20 20 23 20 26 38 39 20 24 21 28 37 59 21 825 35 89 28 23 31 84
leaf_count=24 24 20 22 27 22 28 20 29 33 20 20 23 20 26 38 39 20 24 21 28 37 59 21 825 35 89 28 23 31 84
internal_value=2.28914e-12 -1.46602e-05 -0.00093449 8.14549e-06 0.000821496 -1.6082e-05 -0.000576561 -0.00140225 3.60556e-05 -0.000409964 0.00132138 0.000225865 -0.000477245 -1.08604e-05 -0.000858389 2.6943e-05 5.95135e-05 0.000630651 -0.000856298 0.00099139 0.00072532 0.00117237 0.000659917 -4.56038e-05 -0.00049396 -0.000849073 -0.00189826 -0.000343217 0.000399204 6.88282e-05
internal_weight=1760 1736 42 1694 49 1645 140 69 1505 49 53 71 48 1452 62 1390 1351 210 41 169 145 108 80 1141 232 166 54 112 66 909
internal_count=1760 1736 42 1694 49 1645 140 69 1505 49 53 71 48 1452 62 1390 1351 210 41 169 145 108 80 1141 232 166 54 112 66 909
is_linear=0
shrinkage=0.05


Tree=218
num_leaves=31
num_cat=0
split_feature=98 159 159 227 304 106 293 98 217 187 307 253 161 290 245 248 19 194 165 211 222 302 115 222 113 274 222 222 145 176
split_gain=0.0105283 0.0274555 0.0316793 0.033153 0.029631 0.0311763 0.0310088 0.0193181 0.0326715 0.0352798 0.0414536 0.0338852 0.0288478 0.052267 0.0411428 0.022034 0.0203026 0.0310207 0.033406 0.0287326 0.0197102 0.0437058 0.0521016 0.0406395 0.0474247 0.0376484 0.0296897 0.0308931 0.0406047 0.0292514
threshold=-0.045046010130702176 0.031598415879434356 -0.00022002057731494127 0.00050332422169850383 -0.017498236429211233 -0.021789737433390223 -0.0026742757343893122 -0.018997366649681945 0.051404111450134168 -0.0048197529091418287 0.019588404079932117 0.012985693801661072 0.01264584327483278 -0.0043509048395961331 -0.014750887720076022 0.0059639607617746147 27.764958590897162 0.0018195742013739922 -0.011706911327355752 -0.18700120853620755 0.001813076583435438 -0.040395779897276891 -0.0098245344863928507 0.00093989234518153917 0.0024920557726828322 0.063974019045519678 1.0000000180025095e-35 -0.0023569478477407095 -0.0058212153164991232 1.0000000180025095e-35
decision_type=2 2 2 2 2 2 2 2 2 2 2 2 2 2 2 2 2 2 2 2 2 2 2 2 2 2 2 2 2 2
left_child=1 2 4 -4 -1 -6 -7 8 9 10 11 -2 13 -11 -15 -16 19 18 -18 -9 23 22 -22 26 -25 29 27 -21 -29 -23
right_child=7 -3 3 -5 5 6 -8 16 -10 12 -12 -13 -14 14 15 -17 17 -19 -20 20 21 25 -24 24 -26 -27 -28 28 -30 -31
leaf_value=0.0017226155209937135 0.0011147007501912649 0.0013188061410222543 -0.00017468215890168663 -0.0023780308860678863 0.00067427186954159264 -0.0027608004561625425 -0.00018306039273738862 -0.0014340070583306157 -0.00096329491718539172 -0.0019817004777121778 -0.00013468362076673657 0.0036693106349557636 0.0016874773288481474 0.0023365752588936383 -0.00095453762543103139 0.0011153381702024489 0.00012709796560970559 -0.00057848340969670698 0.0027985665630549193 -5.8980573204749048e-05 0.00024411519940864914 6.7927960512256295e-05 -0.0026036359381797756 -0.00018840568154701034 -0.0034850951074622571 -0.0016625367896308905 0.0014474464074612178 -0.0028972343359466479 -0.00034216368355070398 0.00087662349552522576
leaf_weight=20 27 22 31 38 37 20 28 38 35 29 25 25 26 22 36 20 22 27 25 528 36 233 29 24 20 22 29 23 48 215
leaf_count=20 27 22 31 38 37 20 28 38 35 29 25 25 26 22 36 20 22 27 25 528 36 233 29 24 20 22 29 23 48 215
internal_value=-1.21195e-12 -0.000345449 -0.000555872 -0.00138812 -8.96505e-06 -0.000416396 -0.00125712 4.32915e-05 0.000451022 0.000686742 0.00153848 0.00234288 0.000193633 -0.000169357 0.000504462 -0.000215296 -3.24432e-05 0.000772179 0.00154809 -8.02681e-05 -3.76483e-05 0.0001888 -0.00102642 -0.000217931 -0.0016869 0.000356863 -0.00011501 -0.000190654 -0.00116986 0.00045603
internal_weight=1760 196 174 69 105 85 48 1564 245 210 77 52 133 107 78 56 1319 74 47 1245 1207 535 65 672 44 470 628 599 71 448
internal_count=1760 196 174 69 105 85 48 1564 245 210 77 52 133 107 78 56 1319 74 47 1245 1207 535 65 672 44 470 628 599 71 448
is_linear=0
shrinkage=0.05


Tree=219
num_leaves=31
num_cat=0
split_feature=178 154 271 219 329 231 297 233 131 226 152 307 142 265 221 197 280 328 241 239 88 179 255 146 253 215 210 190 295 310
split_gain=0.0103275 0.0310346 0.0425981 0.0557344 0.0473092 0.0505419 0.0413965 0.0490172 0.0634479 0.0385682 0.0383018 0.0411623 0.0331747 0.0295654 0.0380302 0.0354035 0.0352106 0.0447963 0.0361121 0.0406524 0.0287367 0.027549 0.0301886 0.0255426 0.0221941 0.0221626 0.0218441 0.0571578 0.0540241 0.0492548
threshold=0.0040604596856795841 0.0034296669239124501 -0.011537419170275497 -0.043211710414695757 0.002210705520586474 0.0020137581119997337 -0.010795082067904258 -0.050014596250455866 0.0093749115233696129 0.00324084332473958 0.017316601333526454 0.014674539938599849 -0.00051886330802892609 -0.030992559986348592 -0.0017359836957158222 -0.012390766191913781 -0.0033427190657632062 0.00562192402220994 0.0027299375417391535 -0.0032061108909100492 0.035413315872618756 0.0079385086279283919 0.0030168801879232386 0.0048149135857945974 -0.007805880307459958 -0.0064088740682294526 0.014001220229666165 -0.0026836943762950493 -0.010476172359653235 -0.0091021597117716315
decision_type=2 2 2 2 2 2 2 2 2 2 2 2 2 2 2 2 2 2 2 2 2 2 2 2 2 2 2 2 2 2
left_child=26 2 3 -2 5 -5 7 -4 9 -9 11 21 -6 14 -3 24 18 23 -17 -20 -19 22 -8 -18 -15 -7 -1 -28 -29 -30
right_child=1 13 6 4 12 25 10 8 -10 -11 -12 -13 -14 15 -16 16 17 20 19 -21 -22 -23 -24 -25 -26 -27 27 28 29 -31
leaf_value=1.1387109664719818e-06 0.0030050002465335031 -0.0024409489873270956 0.0010968134129563203 0.0028056929107489331 0.00052491628467881432 -0.00086224693699147215 -0.0010822830446704757 -0.0015993301106694464 -0.0034161947381037938 0.0012576945469759051 0.0020446840377355167 -0.0014166923367156415 -0.0020313319258341588 -0.0022111360894389994 -0.00015451901219256054 0.0005544237113941496 0.0035721944225952026 0.0011625207651377422 0.00016626915865344927 -0.003021692935435567 -0.0014037029212340714 0.0018789213815433607 0.0011426411514666173 0.0011033088148740882 -0.00018586089981028871 0.0013575400554817979 -0.0018775854157126052 -0.0019087167700355943 0.0026354041532613338 -6.7990899477745343e-05
leaf_weight=859 30 31 26 35 30 22 30 27 26 21 33 32 22 24 44 54 20 24 20 20 20 31 31 22 31 23 59 27 23 63
leaf_count=859 30 31 26 35 30 22 30 27 26 21 33 32 22 24 44 54 20 24 20 20 20 31 31 22 31 23 59 27 23 63
internal_value=2.88517e-12 0.000144038 0.000424648 0.00105964 0.000617511 0.00138067 2.43818e-05 -0.000770742 -0.00142691 -0.000349382 0.00053083 0.00012795 -0.000556573 -0.000235238 -0.00109958 4.06152e-05 0.000379853 0.00111097 -0.000289038 -0.00142771 -3.94455e-06 0.000665217 4.84161e-05 0.00227897 -0.00106962 0.000272311 -0.000101847 -0.000616175 4.24382e-05 0.00065501
internal_weight=1760 729 419 162 132 80 257 100 74 48 157 124 52 310 75 235 180 86 94 40 44 92 61 42 55 45 1031 172 113 86
internal_count=1760 729 419 162 132 80 257 100 74 48 157 124 52 310 75 235 180 86 94 40 44 92 61 42 55 45 1031 172 113 86
is_linear=0
shrinkage=0.05


Tree=220
num_leaves=31
num_cat=0
split_feature=280 280 201 315 287 315 189 331 289 285 210 290 317 134 301 336 322 301 273 179 179 314 176 155 280 277 149 311 267 263
split_gain=0.010282 0.0128706 0.0254865 0.0120291 0.0241404 0.0195026 0.0172593 0.0266957 0.0147444 0.0187578 0.0213176 0.0200881 0.0535099 0.0359976 0.0254302 0.0280838 0.0240512 0.0214209 0.0209949 0.019972 0.0259601 0.0286677 0.0263868 0.031365 0.0442002 0.0304631 0.025023 0.0294761 0.029805 0.031909
threshold=0.082553035759173957 0.06772444972591192 -0.0010615008293705739 0.068193526956382075 0.0019334484946872299 0.059509285902735583 -0.057285758683051934 -0.010840834759406705 -0.074428942217343377 0.077983328946301181 -0.0083395855396179875 -0.063977475042153828 0.021309506973356207 -0.0012063453654020237 -0.056108318457416768 -0.017882624791652257 0.009764987149276828 -0.048135522129052088 0.095826445831216314 -0.053660086812338012 -0.02787469919014391 -0.024132125145786987 -0.034762576149530426 0.045024762449907343 0.014955979356077559 0.0093673185642740783 -0.049680719278033254 -0.020803161871008658 -0.02599057031263444 -0.025757253438127712
decision_type=2 2 2 2 2 2 2 2 2 2 2 2 2 2 2 2 2 2 2 2 2 2 2 2 2 2 2 2 2 2
left_child=1 3 -3 5 -5 6 7 -1 -8 11 -11 12 13 -10 15 -13 -17 -16 19 -19 21 -21 25 26 -25 -22 -24 28 -28 -30
right_child=-2 2 -4 4 -6 -7 8 -9 9 10 -12 14 -14 -15 17 16 -18 18 -20 20 22 -23 23 24 -26 -27 27 -29 29 -31
leaf_value=-0.000260276400949806 0.0010278297637341895 0.00029553389229642398 -0.0021706362498662203 0.0021085464689531365 -0.00022203192068263891 -0.0014605645191572284 0.00089302842703588346 0.0023231170070357621 -0.0010908646068016354 -0.0022682017367333172 -7.8117833472788343e-05 -0.00036519117794731368 -0.0028178304641345597 0.0017306624224875122 -0.0013944372528515358 0.00071722051982457441 0.0029556744566070848 0.0012102403732569657 0.0015005396577813055 -0.0024820724265910464 -9.1053736609957963e-05 -0.00038574582020822301 -0.0010951874564852915 0.0031146481615724041 -0.00013308504091004249 -0.0020937871657341961 -0.0017272148142709694 0.00020978283088940016 -0.0013832242824364364 0.00022581292493757039
leaf_weight=20 24 22 20 20 25 23 43 20 26 20 25 28 23 20 28 30 20 32 23 21 49 73 48 20 22 31 38 801 41 124
leaf_count=20 24 22 20 20 25 23 43 20 26 20 25 28 23 20 28 30 20 32 23 21 49 73 48 20 22 31 38 801 41 124
internal_value=1.19309e-12 -1.42096e-05 -0.000878833 7.22731e-06 0.000813781 -1.47829e-05 5.66785e-06 0.00103142 -2.02023e-05 -4.56521e-05 -0.00105149 -1.54367e-05 -0.000848686 0.000135886 2.47972e-05 0.000902625 0.0016126 -2.58842e-05 3.07989e-06 -2.34136e-05 -5.45469e-05 -0.000854074 9.4698e-06 7.35709e-05 0.00141345 -0.000867113 2.00775e-05 7.33969e-05 -0.000464756 -0.000174008
internal_weight=1760 1736 42 1694 45 1649 1626 40 1586 1543 45 1498 69 46 1429 78 50 1351 1323 1300 1268 94 1174 1094 42 80 1052 1004 203 165
internal_count=1760 1736 42 1694 45 1649 1626 40 1586 1543 45 1498 69 46 1429 78 50 1351 1323 1300 1268 94 1174 1094 42 80 1052 1004 203 165
is_linear=0
shrinkage=0.05


Tree=221
num_leaves=31
num_cat=0
split_feature=155 187 211 211 296 162 333 296 93 293 90 200 135 114 201 90 191 280 193 282 132 292 278 139 103 305 133 251 223 304
split_gain=0.0106932 0.0227344 0.0185654 0.0193118 0.0142075 0.0146546 0.0275158 0.035508 0.0294769 0.0255689 0.0396357 0.0389582 0.0466575 0.037113 0.0405715 0.0351606 0.0281458 0.0380294 0.0292255 0.0304816 0.0249391 0.0343223 0.0955279 0.0487874 0.0339342 0.0261344 0.0283566 0.0335053 0.0332155 0.0483338
threshold=0.073960072970647425 -0.0041055256367470037 0.68165102102396624 0.65027614725650051 0.084959656771194658 0.007219250133934171 -0.053415486286080949 -0.0096415591523410036 -0.033934960836697649 -0.0041449978421886002 -0.015072745701302336 -0.012951303516469467 -0.0028470107927146596 0.0071234434258962342 -0.0040106350365721596 -0.0085483960290164262 -0.0053643200663224594 0.020830513456026187 0.0068473100856931693 0.00090205357310311292 0.04153579765708753 0.0097630097463029426 0.0073393318868417113 0.0029375782217626041 -0.0086447998680163462 0.07145383403221757 -0.0060056189764206951 0.078224345250214475 0.03074927243961605 0.006018634739207049
decision_type=2 2 2 2 2 2 2 2 2 2 2 2 2 2 2 2 2 2 2 2 2 2 2 2 2 2 2 2 2 2
left_child=2 -2 3 4 5 20 7 -7 -8 10 13 12 -11 -10 -15 -12 -13 18 19 -18 25 22 23 -22 -23 26 28 -28 -1 -30
right_child=1 -3 -4 -5 -6 6 8 -9 9 11 15 16 -14 14 -16 -17 17 -19 -20 -21 21 24 -24 -25 -26 -27 27 -29 29 -31
leaf_value=0.00072086152910078786 -0.001951521699083969 0.0003750539321031067 0.001320040238055366 -0.0013808591775596143 0.0011162255166991912 -0.00011168388058043395 0.0012952215305787312 -0.0029642695857910444 -0.00012066961741462972 -0.00016887161086197013 -0.001906493838812042 0.00044616155211550217 -0.003140672833459186 0.00035466231871396304 0.0033760168394073847 0.00011452368386427783 0.00011849531962070613 0.00074770201326293105 -0.002709148792443254 -0.0019390655461999512 0.0032232264417689296 -0.0027014691094726525 -0.0025260223657824102 0.00018582111314082374 -0.00026114171507350849 0.0019442005537539013 2.293961034387535e-05 -0.0016707456043560901 -0.0015254410680923189 0.0010059401158342195
leaf_weight=307 21 21 27 25 29 24 35 20 36 25 28 91 28 20 25 93 45 34 24 30 20 28 24 39 29 21 503 31 44 33
leaf_count=307 21 21 27 25 29 24 35 20 36 25 28 91 28 20 25 93 45 34 24 30 20 28 24 39 29 21 503 31 44 33
internal_value=-1.59601e-13 -0.000788234 1.927e-05 -1.49927e-06 1.91994e-05 -2.34773e-07 -0.000208265 -0.00140831 -0.000105537 -0.000207889 0.000219893 -0.000519846 -0.00173888 0.00107592 0.00203319 -0.00035315 -0.000231414 -0.000695018 -0.0011905 -0.000704529 0.000107347 -0.000515194 0.000133578 0.00121545 -0.0014599 0.000200165 0.000160269 -7.53829e-05 0.000487972 -0.000440563
internal_weight=1760 42 1718 1691 1666 1637 558 44 514 479 202 277 53 81 45 121 224 133 99 75 1079 140 83 59 57 939 918 534 384 77
internal_count=1760 42 1718 1691 1666 1637 558 44 514 479 202 277 53 81 45 121 224 133 99 75 1079 140 83 59 57 939 918 534 384 77
is_linear=0
shrinkage=0.05


Tree=222
num_leaves=31
num_cat=0
split_feature=303 303 304 332 88 303 130 114 138 150 154 311 131 130 314 177 107 331 225 238 247 294 294 278 1 174 278 101 168 278
split_gain=0.00982577 0.0259787 0.0129412 0.0150323 0.02481 0.0158102 0.0276425 0.0376492 0.0301553 0.0457829 0.0576714 0.0244997 0.0330819 0.0304196 0.0483816 0.0429983 0.0278316 0.0259923 0.0256869 0.0239299 0.0227073 0.0222267 0.0230134 0.0238161 0.0357404 0.0269019 0.0271473 0.062561 0.0417905 0.0394485
threshold=-0.10114854063771296 -0.080940272218123027 0.090995297923743668 0.054415249754640883 -0.044371902873858997 0.026936088953536094 -0.042568896773805966 -0.019920200251890372 -0.0023758313907812413 0.015243309032937221 0.005921953875781598 0.047843610781176396 0.008724844873392458 -0.041597855326090005 -0.0088484412804008348 0.0093430569965320346 -0.11334430912228936 -0.0083890929712333116 0.0071657125770557863 0.11985380098801525 0.013527529797150143 0.063758564059846715 0.049134398742006861 -0.058549956924188719 4.0342014792848504 0.046862121576241811 -0.020732497693326111 -0.010244505843880399 -0.011279830982979447 -0.017991841640262927
decision_type=2 2 2 2 2 2 2 2 2 2 2 2 2 2 2 2 2 2 2 2 2 2 2 2 2 2 2 2 2 2
left_child=-1 -2 3 5 -5 11 -7 -8 9 10 -9 13 17 14 15 -3 -15 18 -13 21 -16 22 23 24 -18 26 27 -25 -29 -28
right_child=1 2 -4 4 -6 6 7 8 -10 -11 -12 12 -14 16 20 -17 19 -19 -20 -21 -22 -23 -24 25 -26 -27 29 28 -30 -31
leaf_value=0.0010750711041813096 -0.0017609402073070499 -0.00034941793596574472 0.0012419934484309385 -0.0018101250243489631 0.00011334490455307165 0.00084569959271479911 -0.0020719038864198784 -0.00039323315051240988 0.00018964910252634582 0.0006512400303035975 -0.0038715802828929477 -0.0018370314467392745 0.0023746863023216768 0.0018080332037546517 0.00041250188370839451 -0.0033172771925679767 1.1287561762307227e-05 0.0012605750275389781 0.00066673025472222696 0.00171838811789216 -0.0013218527985736728 0.0014419583837609806 -0.0012649495070731706 -0.0019769600302656639 0.0027587624173611401 -0.0013383707866725875 0.0021037694130847323 0.0014098609678756743 -0.00052999557233835185 0.00012023304669983035
leaf_weight=21 21 23 21 30 38 43 34 26 128 25 22 20 26 24 77 26 29 38 21 22 25 28 34 51 20 36 26 41 86 698
leaf_count=21 21 23 21 30 38 43 34 26 128 25 22 20 26 24 77 26 29 38 21 22 25 28 34 51 20 36 26 41 86 698
internal_value=-8.99728e-13 -1.29825e-05 8.38373e-06 -6.88192e-06 -0.000735245 2.35224e-05 -0.000319865 -0.000533138 -0.000272849 -0.00108381 -0.00198748 9.41824e-05 0.000827661 3.23724e-05 -0.000632911 -0.0019242 0.000124115 0.000318513 -0.000554617 8.63798e-05 -1.2585e-05 5.21527e-05 1.40385e-05 5.80969e-05 0.00113271 1.9606e-06 5.5455e-05 -0.000497754 9.62573e-05 0.000191465
internal_weight=1760 1739 1718 1697 68 1629 278 235 201 73 48 1351 105 1246 151 49 1095 79 41 1071 102 1049 1021 987 49 938 902 178 127 724
internal_count=1760 1739 1718 1697 68 1629 278 235 201 73 48 1351 105 1246 151 49 1095 79 41 1071 102 1049 1021 987 49 938 902 178 127 724
is_linear=0
shrinkage=0.05


Tree=223
num_leaves=31
num_cat=0
split_feature=155 264 211 211 296 296 193 108 211 122 224 290 235 104 139 327 182 304 149 194 162 127 132 236 127 122 304 114 235 299
split_gain=0.0100959 0.020959 0.0168459 0.0174694 0.01242 0.013836 0.0314719 0.0165182 0.032429 0.0438272 0.038005 0.0251993 0.0290431 0.0268591 0.0247769 0.017735 0.0348953 0.0228981 0.0194297 0.0514622 0.0247918 0.0186931 0.0359892 0.0397315 0.0217515 0.0391029 0.0246658 0.0303869 0.025097 0.0238381
threshold=0.073960072970647425 0.0074871508230328968 0.68165102102396624 0.65027614725650051 0.084959656771194658 0.064603180832649515 -0.013688389697862837 0.048205306320230297 -0.01464261774932094 0.0064479568105016314 -0.002104784168639645 0.016963545211115465 0.011213160477577299 0.038413508520328689 -0.0017800345272728929 0.060941810534195 0.0025350701308083892 -0.072409066580923553 -0.05875813512605868 0.0073373220688831989 0.061319144077790121 0.062349658979200973 0.016835228968457374 0.019198935568353628 0.037060367468255966 -0.032038417622003289 -0.0025448677655092087 -0.0034327285670372669 1.0000000180025095e-35 -0.016564766771895927
decision_type=2 2 2 2 2 2 2 2 2 2 2 2 2 2 2 2 2 2 2 2 2 2 2 2 2 2 2 2 2 2
left_child=2 -2 3 4 5 7 -7 15 9 10 -9 13 -13 14 -10 17 -17 -1 19 -19 21 24 23 -23 29 -26 28 -28 -27 -20
right_child=1 -3 -4 -5 -6 6 -8 8 11 -11 -12 12 -14 -15 -16 16 -18 18 20 -21 -22 22 -24 -25 25 26 27 -29 -30 -31
leaf_value=-0.001164070814470383 -0.0018828442550286473 0.00035103763298788445 0.0012577936074834456 -0.0013129708003252745 0.001044322618540248 0.000803082894999534 -0.0016832743425454412 -0.00082473551377188414 4.5649643450613242e-05 0.00019814352781395429 -0.0036741641170175915 0.002282684381403353 -6.2321035206438068e-05 0.0010399100166978315 -0.0017968322527972429 0.0026174363952304706 -0.0002682672360771738 0.00087588543770834816 -0.00028081446168625742 -0.0026285035884939137 0.0015535960233925533 0.003435907673556358 -0.0004844817634615798 0.00032200727250061129 -0.0023000443656481088 -0.0022245182289874982 0.0021661342970764963 -0.00034993428736925127 9.9469095361060824e-05 0.00027163843894745905
leaf_weight=37 21 21 27 25 29 20 35 25 36 34 22 23 31 24 37 20 22 20 265 22 30 20 28 21 26 21 20 30 26 742
leaf_count=37 21 21 27 25 29 20 35 25 36 34 22 23 31 24 37 20 22 20 265 22 30 20 28 21 26 21 20 30 26 742
internal_value=-1.51325e-12 -0.000765903 1.87241e-05 -1.06002e-06 1.86265e-05 4.5597e-07 -0.000779144 2.75597e-05 -0.000362176 -0.0011693 -0.00215851 7.07829e-05 0.000936478 -0.00041115 -0.000888211 9.45365e-05 0.00110588 6.20622e-05 9.77561e-05 -0.000959747 0.000133895 9.83732e-05 0.000897316 0.00184098 4.95882e-05 -0.000578091 -0.000116536 0.000656493 -0.000938908 0.000126256
internal_weight=1760 42 1718 1691 1666 1637 55 1582 232 81 47 151 54 97 73 1350 42 1308 1271 42 1229 1199 69 41 1130 123 97 50 47 1007
internal_count=1760 42 1718 1691 1666 1637 55 1582 232 81 47 151 54 97 73 1350 42 1308 1271 42 1229 1199 69 41 1130 123 97 50 47 1007
is_linear=0
shrinkage=0.05


Tree=224
num_leaves=31
num_cat=0
split_feature=0 81 327 275 162 323 209 161 133 166 289 283 173 81 140 322 179 179 235 238 267 117 220 193 230 234 208 211 184 136
split_gain=0.00998924 0.0116678 0.046295 0.0424896 0.0427469 0.0390122 0.0485825 0.042728 0.0365395 0.0350797 0.0350612 0.0302425 0.02939 0.024226 0.0409801 0.0686208 0.0393938 0.0367913 0.0400305 0.0321132 0.0234403 0.0305041 0.028571 0.0285253 0.0259132 0.0224422 0.0203396 0.0305247 0.0391581 0.0203444
threshold=11.079801248874338 -0.50417404817943212 -0.013063402796737749 -0.024348311042451883 0.0063736664360344855 0.0048087188222015178 0.73058315779480532 -0.00097420343675972993 0.011083199095577497 0.0059526546871919482 -0.0060315503396432693 0.0060521082201719307 -0.00085335943480875176 -0.44816165032500982 -0.024520201144662013 0.0112039065679052 -0.0032809662067347744 -0.015621997354359022 0.0014939869983810856 0.012236942127489879 0.0029561866525968914 0.011440611190302069 0.0026116633484259883 0.00061621627948549621 -0.0050023337127963049 0.014230970050132083 -0.03754266538213126 -0.0095246011548605226 0.0085514207529945544 -0.039851926192004748
decision_type=2 2 2 2 2 2 2 2 2 2 2 2 2 2 2 2 2 2 2 2 2 2 2 2 2 2 2 2 2 2
left_child=1 2 10 11 5 7 -7 9 -6 -5 -1 -4 -9 14 15 -3 17 19 -19 25 22 23 24 -22 -18 -16 27 -15 -29 -28
right_child=-2 13 3 4 8 6 -8 12 -10 -11 -12 -13 -14 26 16 -17 20 18 -20 -21 21 -23 -24 -25 -26 -27 29 28 -30 -31
leaf_value=-4.4472288850340108e-05 -0.0010130923959271363 -0.00019939748767333534 -0.00013520267259861744 -0.00041151580093851819 -0.0031166481917766346 -0.00054590545315295457 0.002376207999248326 -0.00055760154816949668 -0.00037156275685885232 -0.0029890875956466931 0.0025262798415496947 0.0023562663865018766 0.0020631436780968217 0.0020759951918960491 0.0013748065902784998 -0.0035155588850522275 0.00012390683945601009 -0.00031450965852855008 -0.0027294938098969619 -0.0017345663881860674 0.00066684749769046906 -5.5742308956853647e-05 0.00074031280204912451 0.0031665259002087022 -0.0020272242803392663 -0.00069272844495052216 -0.00062449858406755693 0.0015932531344746662 -0.0012990815470984671 0.00010166045639790422
leaf_weight=21 24 39 21 33 22 25 33 23 27 22 36 29 20 31 35 26 28 32 37 20 25 42 45 21 28 21 109 22 25 838
leaf_count=21 24 39 21 33 22 25 33 23 27 22 36 29 20 31 35 26 28 32 37 20 25 42 45 21 28 21 109 22 25 838
internal_value=1.61973e-12 1.40059e-05 0.000290934 2.97777e-06 -0.000315771 8.88802e-05 0.00111668 -0.000519407 -0.00160405 -0.00144254 0.00157916 0.00130985 0.00066135 -4.66694e-05 -0.000377215 -0.00152586 -0.000153676 -0.000773627 -0.0016095 -1.4742e-05 0.000321948 0.000918489 -0.00019781 0.00180801 -0.000951659 0.000599481 8.20015e-05 0.000858082 5.47772e-05 1.80793e-05
internal_weight=1760 1736 312 255 205 156 58 98 49 55 57 50 43 1424 399 65 334 145 69 76 189 88 101 46 56 56 1025 78 47 947
internal_count=1760 1736 312 255 205 156 58 98 49 55 57 50 43 1424 399 65 334 145 69 76 189 88 101 46 56 56 1025 78 47 947
is_linear=0
shrinkage=0.05


Tree=225
num_leaves=31
num_cat=0
split_feature=129 270 129 305 187 187 210 204 209 140 317 211 170 126 171 116 142 333 177 312 241 109 94 157 94 281 233 95 265 335
split_gain=0.0100576 0.031857 0.0361015 0.0299401 0.0275751 0.0486751 0.0323071 0.0268932 0.0353011 0.0307674 0.0283934 0.067797 0.0329403 0.0281804 0.0256765 0.0238037 0.0228024 0.0278936 0.0274902 0.0256949 0.0294582 0.0236449 0.0496792 0.0395675 0.044935 0.0446359 0.035859 0.0436033 0.0255936 0.0255895
threshold=-0.011517594136848908 -0.047760326467139701 -0.034320199861488127 0.013951316092304515 -0.0050464872691662714 0.004260536827741193 0.001138992347193503 -0.0033986222042721708 0.29856249596300793 -0.0015886697232345777 -0.020565413708996179 -0.0038354577883515854 0.0070062383670066886 -0.011213776249778562 -0.010697804380974419 -0.015040393500869815 -0.028311462010609748 0.0014658180559388163 0.010914875162198875 -0.055880549356532506 0.0037911998987720393 -0.022830858579521749 -0.071641327854345419 -0.0028296315655868503 -0.0317757738769276 0.031157011308472374 -0.0021838711859490825 -0.0044608766286535709 -0.019891265555968159 -0.039043612033612778
decision_type=2 2 2 2 2 2 2 2 2 2 2 2 2 2 2 2 2 2 2 2 2 2 2 2 2 2 2 2 2 2
left_child=1 2 -1 7 14 -6 -7 8 -3 -10 11 -9 -12 -14 -5 -16 17 18 -2 20 -18 22 -21 24 -24 26 -25 -28 -26 -23
right_child=16 3 -4 4 5 6 -8 10 9 -11 12 -13 13 -15 15 -17 19 -19 -20 21 -22 29 23 25 28 -27 27 -29 -30 -31
leaf_value=0.00024460008558969054 -0.00062467940925588748 0.00040614228130185184 0.0024740624720773971 -0.00097532373864293821 -0.002684719152297945 -0.0010807264081845263 0.0011822666453857288 -0.00019653832074254752 -0.00013782111937357317 -0.0027849091699906803 0.00092497869476324468 0.0039204079867340624 0.0008870468585634874 -0.0013509769819509715 -0.00041651959169109398 0.0016788723331763213 -0.00015837534542192266 -7.0968443952120944e-05 -0.0026753453569164361 0.00254658747211439 -0.0025147804214308662 -0.0010551351057309208 -0.0025018351290121 0.00049462074766779549 0.0014155860500371395 -0.0010944809801876545 0.00062463132722768945 0.0037857091141631828 -0.00054128564670629037 9.0936176680469813e-06
leaf_weight=46 44 70 30 31 31 46 24 20 23 21 102 20 22 39 23 33 36 95 26 26 21 62 22 64 24 25 20 24 55 635
leaf_count=46 44 70 30 31 31 46 24 20 23 21 102 20 22 39 23 33 36 95 26 26 21 62 22 64 24 25 20 24 55 635
internal_value=-9.38588e-13 0.000170267 0.00112465 2.66369e-05 -0.000473285 -0.0010353 -0.000304843 0.00032312 -0.00029143 -0.0014012 0.000668237 0.00186193 0.000375305 -0.000543821 0.00017917 0.000818265 -8.39059e-05 -0.000629011 -0.00138636 4.79465e-06 -0.00102652 6.62212e-05 0.000473145 0.000242762 -0.000503337 0.000809348 0.00125005 0.00234886 5.3207e-05 -8.55724e-05
internal_weight=1760 581 76 505 188 101 70 317 114 44 203 40 163 61 87 56 1179 165 70 1014 57 957 260 234 101 133 108 44 79 697
internal_count=1760 581 76 505 188 101 70 317 114 44 203 40 163 61 87 56 1179 165 70 1014 57 957 260 234 101 133 108 44 79 697
is_linear=0
shrinkage=0.05


Tree=226
num_leaves=31
num_cat=0
split_feature=263 263 266 266 153 159 142 266 242 330 330 104 256 90 200 167 100 289 316 215 332 239 283 313 313 140 148 148 199 323
split_gain=0.00962615 0.012914 0.0112634 0.0494415 0.0253592 0.0286409 0.0259047 0.0170943 0.0166463 0.0146216 0.0474787 0.0388372 0.0333348 0.0279456 0.0247829 0.0482119 0.0270294 0.0327044 0.0359785 0.0418216 0.040116 0.0305642 0.0298113 0.0289025 0.0365791 0.026571 0.0245819 0.0450382 0.0646187 0.0265764
threshold=-0.10697904623541275 -0.096442631447977462 0.061256608832743496 0.056960765057534654 -0.012987471721018317 0.0087037637339992327 0.013179094899653727 0.051128054178548522 0.0098478080590996987 0.01581454525746203 0.009538932651939008 -0.012892907324840445 -0.00025872491413558423 -0.0073434388381470378 -0.033305869024510146 0.008044514445318585 0.023908430881171092 0.05293839395685454 -0.029233530612666769 0.0017334169703088578 -0.016422339345065227 0.0040502299044994786 -0.0032309424014711255 -0.010187275721892134 0.0084224511089008459 0.0050760662222457563 -0.013121706352392667 -0.017349156561812514 -0.0051902492348129253 -0.0087560313540315203
decision_type=2 2 2 2 2 2 2 2 2 2 2 2 2 2 2 2 2 2 2 2 2 2 2 2 2 2 2 2 2 2
left_child=-1 -2 3 7 -4 6 -6 9 -7 10 26 12 -12 -13 15 -11 17 18 -16 20 -20 23 -21 -18 -25 -23 27 -3 -29 -28
right_child=1 2 4 -5 5 8 -8 -9 -10 14 11 13 -14 -15 16 -17 21 -19 19 22 -22 25 -24 24 -26 -27 29 28 -30 -31
leaf_value=0.0010640945590802446 -0.0012452525552362204 3.6126454703422863e-05 -0.00073724855353836632 -0.0024449714811496616 0.0024234920141420198 -0.0011857645379495807 0.00023396053187422117 0.001294311801379081 0.0007865869199715393 0.00031126631366532823 0.0034529092023149136 -0.00081843471702849196 0.00075839227806268766 0.0012722021550871433 -0.0010882629947041602 -0.0031188923139346854 0.0013792483184775137 -0.0016689131798391993 0.0031920549540739997 -0.001147985930165305 0.00078516010806197302 -0.002847069554496557 0.00070913946417041447 -0.002318183111757125 0.00028364596289715596 -0.00056408794793801813 0.00022828116763746231 -0.00066777766620535178 0.0027724152668573273 -0.00041372716745038485
leaf_weight=21 21 239 34 21 35 20 22 25 23 20 24 31 22 33 36 21 23 22 23 40 70 25 47 22 35 26 244 21 39 475
leaf_count=21 21 239 34 21 35 20 22 25 23 20 24 31 22 33 36 21 23 22 23 40 70 25 47 22 35 26 244 21 39 475
internal_value=2.38484e-12 -1.28499e-05 2.21439e-06 -3.5022e-05 0.000442381 0.000843456 0.00157841 -2.6426e-06 -0.000130786 -2.37244e-05 6.92207e-05 0.00105605 0.00216423 0.00025955 -0.000279437 -0.00144564 -0.000149858 0.000167626 0.000354681 0.00064327 0.00138041 -0.000726662 -0.000144711 -0.000116871 -0.000720569 -0.0016832 -3.74113e-05 0.000343596 0.00156835 -0.000195855
internal_weight=1760 1739 1718 1584 134 100 57 1563 43 1538 1128 110 46 64 410 41 369 238 216 180 93 131 87 80 57 51 1018 299 60 719
internal_count=1760 1739 1718 1584 134 100 57 1563 43 1538 1128 110 46 64 410 41 369 238 216 180 93 131 87 80 57 51 1018 299 60 719
is_linear=0
shrinkage=0.05


Tree=227
num_leaves=31
num_cat=0
split_feature=261 328 305 87 311 311 107 320 277 109 213 182 122 191 191 266 188 308 102 84 321 195 321 220 116 127 246 255 154 302
split_gain=0.00907245 0.019703 0.0388599 0.0356818 0.0228509 0.0421104 0.0501794 0.0415508 0.0270207 0.0393618 0.0391845 0.0259671 0.0273964 0.025184 0.0296259 0.0265539 0.0252183 0.0280384 0.0289797 0.0272524 0.0244749 0.0240197 0.0229567 0.0229275 0.0219305 0.0186401 0.0282849 0.0370275 0.0316957 0.0251085
threshold=0.0032625273977240367 -0.041606581112675914 -0.0037055709027099741 0.18858738608326295 -0.020803161871008658 -0.027257549035401292 0.0040194197600026942 -0.036347788555012771 -0.023804090514790901 -0.0065121563652424377 0.019396051565958049 -0.0039591190841243287 -0.001505748311118487 -0.0094330559797274893 -0.0032788899661519021 0.023146737382394547 0.011138649720921727 -0.0058781675292972338 0.02372569447656311 0.013315864019427468 0.00080389952494692334 0.001788616709861893 -0.0067119247138020437 0.0051350035011569007 -0.0063651154602359294 -0.023944491487545783 -0.020042637454901303 -0.019185461991926448 0.033626842635111141 0.037451191311528999
decision_type=2 2 2 2 2 2 2 2 2 2 2 2 2 2 2 2 2 2 2 2 2 2 2 2 2 2 2 2 2 2
left_child=25 2 -2 4 5 11 -7 21 9 -9 -11 24 22 15 20 -10 17 18 23 -19 -15 -6 -13 -16 -3 26 27 -1 29 -28
right_child=1 3 -4 -5 7 6 -8 8 13 10 -12 12 -14 14 16 -17 -18 19 -20 -21 -22 -23 -24 -25 -26 -27 28 -29 -30 -31
leaf_value=-0.0026875172629952431 -0.00052528792091632371 0.0015528304652581294 0.001767129901533113 -0.0019230383030813319 0.00050527693840257573 -0.00030172942206263542 -0.0035699570207330198 -0.00072321888449526325 -0.000548704014996864 0.00037158049249968783 0.002830422893090984 -0.00043360500741982831 0.00017098075380393615 0.0017380705016798209 0.0015403903622427607 -0.0026335604272649756 0.00071641176307041731 -0.0022549641761303832 -0.001535763981519267 -0.00053229314530497127 -0.00022613637948183923 0.0027576350726303649 -0.0028005719814765536 -0.00058579781339392956 -0.00046037988407382122 0.00023052455236700003 -0.00046857098619722715 -0.00016807698993943633 0.0016873901500366628 0.0014270635256252717
leaf_weight=25 36 31 38 29 29 24 23 37 56 43 26 20 42 35 32 21 42 38 20 58 29 20 21 21 24 722 138 35 25 20
leaf_count=25 36 31 38 29 29 24 23 37 56 43 26 20 42 35 32 21 42 38 20 58 29 20 21 21 24 722 138 35 25 20
internal_value=-8.76577e-13 -0.000125071 0.0006519 -0.000204815 -0.000132809 -0.000608458 -0.00190107 4.07515e-05 -0.000107303 0.000592546 0.0012981 -0.00016822 -0.000726541 -0.000318053 -9.42632e-05 -0.0011173 -0.00038008 -0.000652581 8.59652e-05 -0.00121418 0.000848039 0.00142461 -0.00164595 0.000697938 0.000674339 0.000103038 -0.000275751 -0.00121784 3.31324e-05 -0.000228617
internal_weight=1760 795 74 721 692 185 47 507 458 106 69 138 83 352 275 77 211 169 73 96 64 49 41 53 55 965 243 60 183 158
internal_count=1760 795 74 721 692 185 47 507 458 106 69 138 83 352 275 77 211 169 73 96 64 49 41 53 55 965 243 60 183 158
is_linear=0
shrinkage=0.05


Tree=228
num_leaves=31
num_cat=0
split_feature=178 154 271 178 312 297 233 247 190 152 307 248 258 335 99 221 166 269 280 311 179 255 330 251 291 274 210 190 295 310
split_gain=0.00918974 0.0242673 0.0353256 0.0482962 0.0380455 0.0347318 0.0408198 0.0530883 0.045163 0.0315225 0.0326414 0.0286598 0.0288404 0.0259035 0.0312805 0.023979 0.032748 0.0345677 0.0275471 0.0270137 0.0236173 0.024238 0.0233149 0.0216815 0.0214557 0.0190609 0.0178159 0.0460881 0.0427813 0.0423995
threshold=0.0040604596856795841 0.0034296669239124501 -0.011537419170275497 0.013673031784913038 -0.0021137154729548523 -0.010795082067904258 -0.050014596250455866 -0.025777128982334637 0.0010301546758731746 0.017316601333526454 0.014674539938599849 0.0283823118364912 0.018607647395798062 -0.034611743509828395 0.00065504607990664657 -0.00038120807388359283 0.003915126207139942 0.0052862037542337785 -0.0033427190657632062 0.0084201002574244531 0.0079385086279283919 0.0030168801879232386 -0.0024396230538029063 0.0069627527991035741 0.010719287078523414 0.0039841073932624467 0.014001220229666165 -0.0026836943762950493 -0.010476172359653235 -0.0091021597117716315
decision_type=2 2 2 2 2 2 2 2 2 2 2 2 2 2 2 2 2 2 2 2 2 2 2 2 2 2 2 2 2 2
left_child=26 2 3 4 -2 6 -4 -8 -9 10 20 12 22 14 -3 16 17 -15 23 24 21 -7 -5 -17 -20 -18 -1 -28 -29 -30
right_child=1 13 5 11 -6 9 7 8 -10 -11 -12 -13 -14 15 -16 18 25 -19 19 -21 -22 -23 -24 -25 -26 -27 27 28 29 -31
leaf_value=-3.0663433612447763e-06 0.0038230161788471214 -0.0023460879687003662 0.00099545231160636134 0.0022511122286232423 0.00099784925238894252 -0.00098789721210778224 0.00068663185681899731 -0.003785119350262297 -0.00080413900884903147 0.0018567612422912411 -0.0012575974133369528 -0.0012662775348871948 -0.00090340076974825933 -0.0025013171229511504 0.00024292115878779441 0.00054182077486873421 0.0016665574547369034 -0.00025607279902033046 -0.00060653950799447061 0.0026672993368092217 0.0017201107660038098 0.0010057202388247053 0.00045024540087935038 -0.0010270285414298998 0.0016562272757437314 -0.0005163795116823166 -0.0016932591920229213 -0.0017054572188364412 0.0024133775869141453 -9.4840571003419074e-05
leaf_weight=859 22 28 26 32 26 30 23 24 27 33 32 21 20 30 20 49 20 40 22 21 31 31 41 40 20 20 59 27 23 63
leaf_count=859 22 28 26 32 26 30 23 24 27 33 32 21 20 30 20 49 20 40 22 21 31 31 41 40 20 20 59 27 23 63
internal_value=2.08388e-12 0.000135872 0.000384009 0.000962261 0.00229272 1.95079e-05 -0.000708803 -0.0013076 -0.00220695 0.0004834 0.000117909 0.000402069 0.000778792 -0.000199512 -0.00126733 -3.88102e-06 -0.000566172 -0.00121832 0.00040304 0.00120308 0.000596346 2.52526e-05 0.00123967 -0.00016328 0.000470968 0.000575089 -9.60726e-05 -0.000560563 3.08441e-05 0.000575962
internal_weight=1760 729 419 162 48 257 100 74 51 157 124 114 93 310 48 262 110 70 152 63 92 61 73 89 42 40 1031 172 113 86
internal_count=1760 729 419 162 48 257 100 74 51 157 124 114 93 310 48 262 110 70 152 63 92 61 73 89 42 40 1031 172 113 86
is_linear=0
shrinkage=0.05


Tree=229
num_leaves=31
num_cat=0
split_feature=128 279 277 97 254 294 332 130 195 300 203 112 325 136 288 196 100 307 222 183 171 100 257 287 208 292 222 174 165 189
split_gain=0.00911194 0.023347 0.0380916 0.0454208 0.0367964 0.0346648 0.049754 0.0341877 0.0585227 0.0339244 0.0386795 0.0304792 0.0230491 0.0224794 0.0388165 0.0373395 0.0397198 0.0508021 0.0420554 0.0331793 0.0376345 0.031058 0.0272277 0.0270893 0.0285427 0.0253319 0.0219168 0.0212523 0.0205805 0.0324091
threshold=-0.0064095635688855681 -0.011178566403218146 -0.039139530363112254 0.012495500432435068 1.0000000180025095e-35 0.028246884228354276 0.002483240918700723 -0.0023987154673340218 0.0051228583095591805 0.016110506063595469 -0.0028629940729911455 0.015074159172726576 0.051227588074968793 -0.029461864929627175 -0.0032432813640738425 0.013691318805494455 0.042753902410097001 -0.0012830873424570139 0.036065939060969464 0.011586106093571474 0.013164106108733116 0.029743470081011435 0.03430325835676467 0.002539776322049471 -0.0019866316027359952 0.01230056183280155 0.000158719440231004 0.0054067095735497945 -0.035151358574258003 0.007908570836538167
decision_type=2 2 2 2 2 2 2 2 2 2 2 2 2 2 2 2 2 2 2 2 2 2 2 2 2 2 2 2 2 2
left_child=12 2 4 5 -2 9 -7 8 -5 10 -4 -12 28 14 27 16 18 -18 21 23 -21 22 -15 24 -17 -16 -14 -3 29 -1
right_child=1 13 3 7 -6 6 -8 -9 -10 -11 11 -13 26 15 25 19 17 -19 -20 20 -22 -23 -24 -25 -26 -27 -28 -29 -30 -31
leaf_value=-0.0019227552729093338 -0.0023113881890743002 0.0012126886593670442 0.0024940986242810532 -0.0028141910084881466 0.00058345564225635918 0.0041293009556829926 0.00064471311024611908 0.00082361679557444801 0.00078338144609006125 -0.0007706137685736101 0.00012636961473617704 0.0023086574382614345 -0.0024741016319603662 -6.4561989759717619e-05 -0.00079202721947161801 0.00097860653945447298 -0.00010564071551645892 -0.0025294782943092288 -0.0021737281477544456 0.0033739233803564937 0.00037709767770138574 0.0020966483367374166 0.0015362569699485403 0.0013585224427827469 -0.0012762979753056748 -0.0030722658023781455 -0.00013333462149603292 -0.00079013237996992686 1.5415758712166445e-05 0.00052628190552985127
leaf_weight=35 23 26 35 26 21 20 21 35 20 31 80 20 20 316 29 23 52 37 20 22 20 20 29 35 36 21 20 27 618 22
leaf_count=35 23 26 35 26 21 20 21 35 20 31 80 20 20 316 29 23 52 37 20 22 20 20 29 35 36 21 20 27 618 22
internal_value=-7.38654e-13 9.41053e-05 0.000440446 0.000649783 -0.000929758 0.00104257 0.00234451 -0.000354009 -0.00125003 0.000721007 0.00106353 0.000562827 -0.000137538 -6.71641e-05 -0.000750389 4.82e-05 -0.000161341 -0.0011133 5.87228e-05 0.000778513 0.00194686 0.000181049 6.99996e-05 0.000256484 -0.000397267 -0.00174973 -0.00130372 0.000192384 -6.84315e-05 -0.000977513
internal_weight=1760 1045 332 288 44 207 41 81 46 166 135 100 715 713 103 610 474 89 385 136 42 365 345 94 59 50 40 53 675 57
internal_count=1760 1045 332 288 44 207 41 81 46 166 135 100 715 713 103 610 474 89 385 136 42 365 345 94 59 50 40 53 675 57
is_linear=0
shrinkage=0.05


Tree=230
num_leaves=31
num_cat=0
split_feature=129 270 129 305 104 171 280 86 282 238 159 159 285 183 308 244 304 304 149 149 271 128 303 305 292 259 274 209 269 10
split_gain=0.00884518 0.0277193 0.0319398 0.025245 0.0265892 0.0284899 0.0267736 0.0353253 0.0250346 0.0352095 0.0311505 0.0303339 0.0268107 0.0306615 0.0226497 0.0251735 0.020304 0.0210721 0.0198529 0.0217367 0.0189639 0.0184255 0.0354124 0.0467212 0.0343511 0.0255046 0.0224337 0.0563234 0.0267882 0.027056
threshold=-0.011517594136848908 -0.047760326467139701 -0.034320199861488127 0.013951316092304515 -0.0005194390260042657 0.031292340856046479 0.032770243946310208 -0.064304575998211475 -0.019314756362817345 -0.0070139960620734651 0.00048408086125164114 -0.011330261693110907 -0.0080538120389281823 0.010158219603456317 0.019400543688438059 0.0024552698457425072 -0.071142738237669464 -0.061883786569465457 -0.0049913532973077657 -0.02276029341591302 -0.0025654728185747948 -0.019344508461700487 0.0023423366979905013 -0.012682212338774571 -0.013841280530248396 0.0074813698039990668 -0.029262144183994015 0.45860376825720456 -0.03610554918595342 0.086067019400352746
decision_type=2 2 2 2 2 2 2 2 2 2 2 2 2 2 2 2 2 2 2 2 2 2 2 2 2 2 2 2 2 2
left_child=1 2 -1 4 6 18 7 -3 9 -5 11 -10 -12 -14 15 -9 -2 -18 19 -6 -20 22 23 -19 -25 -26 27 28 -23 -30
right_child=16 3 -4 8 5 -7 -8 14 10 -11 12 -13 13 -15 -16 -17 17 21 20 -21 -22 26 -24 24 25 -27 -28 -29 29 -31
leaf_value=0.00022215197184224331 -0.0012156704110901431 0.0028461715594554943 0.0023191755821850772 -0.0029472307934026633 0.00024233257964028626 -0.0017399598155558732 -0.00040744698255022396 -0.0010332792144394122 -0.00010139501958700091 -0.00029561312966829831 -0.001824197417778534 0.0024297579075209796 -0.00093254357574658244 0.00146303232468199 0.0018305512840743176 0.00098580011926012391 0.0014250734990127968 -0.0025559932002377338 0.0015300133219694324 -0.0018418787207999479 8.6252593771658005e-06 -0.0014917771257127502 8.6472321703467977e-05 -0.0019177723160932409 0.0010494331660919596 -0.00089481585783951533 0.00017390502469886507 -0.0029012233861500309 -0.00032578841666691005 0.001360974973633549
leaf_weight=46 38 24 30 21 29 24 37 26 29 31 31 20 34 22 30 38 24 36 33 22 54 28 160 28 37 31 670 21 70 36
leaf_count=46 38 24 30 21 29 24 37 26 29 31 31 20 34 22 30 38 24 36 33 22 54 28 160 28 37 31 670 21 70 36
internal_value=7.80202e-13 0.000159675 0.00104992 2.56964e-05 0.000297942 -0.000149979 0.000766092 0.00113407 -0.000433357 -0.00136646 -7.65823e-05 0.000931729 -0.000644481 8.57553e-06 0.000696933 0.000165549 -7.86861e-05 -4.08199e-05 0.00012654 -0.000656739 0.000585703 -7.23162e-05 -0.000413658 -0.00101988 -0.000443832 0.000163084 4.8498e-05 -0.000493584 -0.000116268 0.000247075
internal_weight=1760 581 76 505 317 162 155 118 188 52 136 49 87 56 94 64 1179 1141 138 51 87 1117 292 132 96 68 825 155 134 106
internal_count=1760 581 76 505 317 162 155 118 188 52 136 49 87 56 94 64 1179 1141 138 51 87 1117 292 132 96 68 825 155 134 106
is_linear=0
shrinkage=0.05


Tree=231
num_leaves=31
num_cat=0
split_feature=188 86 219 310 322 145 277 101 101 319 319 225 336 109 181 324 229 236 253 156 97 205 232 187 117 213 129 274 155 128
split_gain=0.00870607 0.0233491 0.0478576 0.0258937 0.0284772 0.025708 0.0235846 0.0342738 0.0333812 0.0260444 0.0522948 0.0254797 0.0255471 0.0250085 0.0249214 0.029837 0.023802 0.023262 0.0208408 0.0232121 0.0199907 0.0194777 0.0191453 0.0296198 0.0258005 0.0210082 0.0203817 0.0334326 0.0202315 0.0198078
threshold=-0.0039230230660390322 -0.19522663759342124 0.04007680755320249 -0.029256298406772706 0.018284056689480081 0.01303398707320581 -0.015392880388848177 0.00049189677599248622 0.006396400453200223 0.025069060382375292 0.016102930370901786 -0.014602936693638656 -0.01116975960001922 -0.0052723679832583602 0.015510617752199715 -0.023933477075962793 -0.0019683021312722269 0.012854603161872339 -0.014449391799441803 0.0084819437390193774 0.014865323038979436 -0.0065221447116765863 0.039846731872013146 0.0027890588498355679 -0.021149992608052968 0.21323353199600048 0.064527237759525777 -0.0097255968926734417 -0.013881627988412377 0.067856891394737176
decision_type=2 2 2 2 2 2 2 2 2 2 2 2 2 2 2 2 2 2 2 2 2 2 2 2 2 2 2 2 2 2
left_child=1 2 -1 4 5 -3 7 13 -9 10 11 12 -8 16 15 -13 -5 -15 -14 -20 -11 -10 25 24 -24 26 29 -28 -25 -2
right_child=22 3 -4 6 -6 -7 9 8 21 20 -12 14 18 17 -16 -17 -18 -19 19 -21 -22 -23 23 28 -26 -27 27 -29 -30 -31
leaf_value=-0.0027637135703116656 -2.8486728321332509e-05 0.00091896818281384191 0.00050469617514560625 0.001261194237462326 0.0023763103887904438 -0.0010194148696497836 -0.0020857845825958065 -0.0022853304856107572 0.0010937698919755909 0.0010265649301193966 -0.0027393225419843847 -0.0021332500141579658 0.00064970068935373871 0.00064977510141786836 0.0010579431444057263 1.3185257437940248e-05 -0.00090960113697552262 0.0027310129785910252 -0.0021312979576088346 -7.387632032422798e-05 -0.00047680619194047391 -0.00079089864162158155 0.0029322761058574545 -0.0011545434371398118 0.00074178060181666079 0.0011055220123602166 -0.0025381830543102254 0.00010096996806428901 0.00065552701828557091 0.0012592958307058942
leaf_weight=24 812 50 21 23 20 26 36 20 26 48 27 20 27 29 41 85 28 25 26 29 41 29 20 26 41 42 21 28 38 31
leaf_count=24 812 50 21 23 20 26 36 20 26 48 27 20 27 29 41 85 28 25 26 29 41 29 20 26 41 42 21 28 38 31
internal_value=1.86074e-12 -0.000136683 -0.00123846 -6.11038e-05 0.000697602 0.000255837 -0.000191168 0.000280293 -0.000536062 -0.000414491 -0.000643412 -0.000429057 -0.000975445 0.000863404 1.25439e-05 -0.00039566 6.9385e-05 0.00161331 -0.000487979 -0.00104648 0.000334001 0.000100036 9.04765e-05 0.000671603 0.00145998 1.27026e-05 -3.87531e-05 -0.0010301 -7.98141e-05 1.88695e-05
internal_weight=1760 701 45 656 96 76 560 180 75 380 291 264 118 105 146 105 51 54 82 55 89 55 1059 125 61 934 892 49 64 843
internal_count=1760 701 45 656 96 76 560 180 75 380 291 264 118 105 146 105 51 54 82 55 89 55 1059 125 61 934 892 49 64 843
is_linear=0
shrinkage=0.05


Tree=232
num_leaves=31
num_cat=0
split_feature=307 299 290 334 129 167 186 307 213 119 254 287 95 205 125 237 295 225 135 322 288 307 265 220 155 123 200 149 167 171
split_gain=0.00859149 0.0288976 0.0236167 0.0292806 0.0159302 0.0179731 0.0192693 0.0143486 0.0329143 0.0238108 0.0148927 0.0355141 0.0166066 0.0149968 0.0305943 0.0161734 0.0226483 0.0280909 0.0259093 0.0221304 0.0255864 0.020168 0.030542 0.0235822 0.0221305 0.019613 0.02948 0.029301 0.0278511 0.0244733
threshold=0.042658833732887043 0.049213221779254794 0.022315316477556291 0.037881168804723094 0.01666241175480283 -0.0094452487418851799 -0.0060648631332416358 0.031019600607049745 0.00064103352515331152 0.0037521267691021068 0.064214640805088277 -0.010637478757245812 -0.00190187598380854 -0.048823275664065705 0.0019140132561907171 -0.038822952011195781 0.0098165896121127222 -0.010936639521664305 0.0089843085387573181 -0.0026570276841309946 0.00056592805205209456 0.022311463650228763 0.0059748751211694722 -0.0016195513922511293 -0.050141659547080733 0.049513423461122863 -0.016840961810880139 -0.012047114688830312 0.025130089320855239 -0.02878725393239184
decision_type=2 2 2 2 2 2 2 2 2 2 2 2 2 2 2 2 2 2 2 2 2 2 2 2 2 2 2 2 2 2
left_child=7 2 3 4 5 -2 -7 10 -9 -10 13 -12 -13 14 -1 16 19 18 -18 20 -15 24 23 -23 -17 26 28 -27 -26 -28
right_child=1 -3 -4 -5 -6 6 -8 8 9 -11 11 12 -14 15 -16 21 17 -19 -20 -21 -22 22 -24 -25 25 27 29 -29 -30 -31
leaf_value=-0.00022722352010896428 0.001215377968037501 -0.0013833594190972773 -0.00058818644643502521 0.0026187807426322255 0.0015686901504523123 0.00088583565666340298 -0.0010700606251381995 -0.0017754690347876597 0.0012837243360991125 -0.0007366368871381773 -0.0023692267692901874 -0.00090216435201000427 0.00067659587908161078 0.00097697828202987741 0.0023964619090838823 0.0010469704510447069 0.00013175712098927763 0.00063462824637486423 -0.0023828205279382282 0.0014640142499128663 -0.0012113786313090137 0.00015805606975766791 -0.00077258320234250286 0.0022711260982173228 -0.00062628060134427093 0.0016697283774348244 0.00065586371797094628 -0.00024115814693628792 -0.0027024030871689322 -0.00022627422759503594
leaf_weight=25 28 22 36 20 28 20 34 38 25 35 22 31 36 34 20 39 20 47 21 67 22 23 24 31 84 35 88 47 20 738
leaf_count=25 28 22 36 20 28 20 34 38 25 35 22 31 36 34 20 39 20 47 21 67 22 23 24 31 84 35 88 47 20 738
internal_value=-1.82839e-12 0.000319444 0.000545117 0.000858955 0.000538987 0.000187381 -0.000345655 -3.82033e-05 -0.000624051 0.00010518 7.47251e-07 -0.000626209 -5.38753e-05 4.10354e-05 0.000938859 1.08846e-05 0.000412698 -0.000199734 -0.0011562 0.000850861 0.000117267 -6.42107e-05 0.000711515 0.00137111 -0.000121781 -0.000166822 -0.000232183 0.000574464 -0.00102553 -0.000132293
internal_weight=1760 188 166 130 110 82 54 1572 98 60 1474 89 67 1385 45 1340 211 88 41 123 56 1129 78 54 1051 1012 930 82 104 826
internal_count=1760 188 166 130 110 82 54 1572 98 60 1474 89 67 1385 45 1340 211 88 41 123 56 1129 78 54 1051 1012 930 82 104 826
is_linear=0
shrinkage=0.05


Tree=233
num_leaves=31
num_cat=0
split_feature=106 7 307 280 220 109 120 315 92 285 132 314 137 225 132 61 239 123 191 239 243 163 106 173 335 142 91 243 274 319
split_gain=0.00820732 0.0184722 0.0166909 0.00982582 0.0108938 0.0230442 0.0195015 0.0180087 0.0157058 0.02127 0.0146516 0.0335627 0.034539 0.0157836 0.0150017 0.0329706 0.031669 0.036212 0.0372713 0.0291708 0.0348172 0.0292861 0.0261731 0.0266962 0.0255283 0.037635 0.045943 0.0293824 0.023918 0.0326977
threshold=0.097381275912149012 0.75514917283310556 0.0077503980391478268 0.082553035759173957 0.093466950563674392 -0.022830858579521749 0.0027430163957059446 -0.017327026334887759 0.012899563357979288 -0.0088267967066485448 0.057058171695578835 1.0000000180025095e-35 -0.00018138322645206846 0.13063709397059511 0.010106590729149481 4.7405652883788738 -0.035151160600420138 -0.0085091091794933533 -0.00055164860191817802 -0.0081942867719221376 -0.039229062775927998 0.0082558808650593802 0.023222455341119098 -0.0017285635668485009 0.0046309568683012862 0.026319442952085988 0.046278605489906498 0.0042482632285439038 -0.0093086355682779898 -0.0044322788338698477
decision_type=2 2 2 2 2 2 2 2 2 2 2 2 2 2 2 2 2 2 2 2 2 2 2 2 2 2 2 2 2 2
left_child=3 2 -2 4 10 6 -6 -7 -9 -10 13 12 -12 14 15 19 17 -16 -19 22 21 -21 23 -1 -18 26 27 -26 -24 -30
right_child=1 -3 -4 -5 5 7 -8 8 9 -11 11 -13 -14 -15 16 -17 24 18 -20 20 -22 -23 28 -25 25 -27 -28 -29 29 -31
leaf_value=-0.00062600264591733434 -0.00068108820622520786 -0.0014746840251609683 0.0012101083391462455 0.0010980236903941703 0.0025485087878769266 0.0011544019117502979 0.00034048380446620289 -0.0011135145632175005 0.0014451824306022554 -0.00075574819322513499 3.8280337377308083e-05 0.00056660818308709835 -0.0023675732344106241 0.0013394880373115566 0.00078121176037680489 -0.0018739571857552689 8.8306415355197181e-05 -0.0026693606862474035 -1.325117947999388e-05 -0.0023965536355690072 -0.00013971316209879261 -7.2351388972374085e-05 0.00033233297179685909 0.00056213625756624554 0.0029053675892230656 -0.00074007177273205556 -0.00030718525173142555 0.0010237298391918401 0.00054314553141011858 0.0034022400394314901
leaf_weight=86 28 30 20 21 20 27 20 36 21 23 26 37 35 22 29 26 195 28 25 33 615 23 50 105 42 26 30 41 20 20
leaf_count=86 28 30 20 21 20 27 20 36 21 23 26 37 35 22 29 26 195 28 25 33 615 23 50 105 42 26 30 41 20 20
internal_value=-7.85473e-13 -0.000501395 0.00010691 2.32514e-05 9.66305e-06 0.000420604 0.0014445 3.78407e-05 -0.000338999 0.000294696 -3.02368e-05 -0.000621482 -0.00134213 1.06828e-05 -1.02883e-05 -0.000117264 0.000241208 -0.000639247 -0.00141648 -6.92873e-05 -0.000248396 -0.00144197 0.000358407 2.71627e-05 0.000457367 0.000975115 0.00136976 0.00197588 0.00106138 0.00197269
internal_weight=1760 78 48 1682 1661 147 40 107 80 44 1514 98 61 1416 1394 978 416 82 53 952 671 56 281 191 334 139 113 83 90 40
internal_count=1760 78 48 1682 1661 147 40 107 80 44 1514 98 61 1416 1394 978 416 82 53 952 671 56 281 191 334 139 113 83 90 40
is_linear=0
shrinkage=0.05


Tree=234
num_leaves=31
num_cat=0
split_feature=219 209 316 129 333 314 140 283 203 143 184 298 324 146 290 245 185 120 118 317 304 304 312 307 128 303 292 305 120 149
split_gain=0.00851202 0.0422257 0.0246314 0.0105214 0.0240474 0.0245823 0.0242764 0.0346813 0.0357188 0.0232796 0.0224408 0.0216094 0.0339116 0.0283934 0.0274844 0.022507 0.0312306 0.0256926 0.0217288 0.0200604 0.0183535 0.0195519 0.0189306 0.0324328 0.0188824 0.0309695 0.0389807 0.0349499 0.030483 0.0218461
threshold=-0.089007975855970187 0.34583202947322583 0.00099542841797622809 -0.012936664346813181 -0.048490209959367175 -0.015865274990538733 0.0046644017266927792 0.013086023701836794 0.007670585620332477 0.039381118500223654 0.0031438621620725566 -0.016718430694061912 0.035214981987027431 -0.014199832658064512 -0.0040834173810926407 0.037012820361054695 -0.0033286112025777033 -0.005597203603461688 0.0039619971754420811 -0.00059692333080280059 -0.071142738237669464 -0.061883786569465457 -0.054195697608855807 -0.0029352117435652385 -0.019344508461700487 0.0023423366979905013 -0.013841280530248396 -0.012079889044782124 0.012645906683017816 -0.05875813512605868
decision_type=2 2 2 2 2 2 2 2 2 2 2 2 2 2 2 2 2 2 2 2 2 2 2 2 2 2 2 2 2 2
left_child=1 -1 -3 4 10 6 7 8 -6 11 -2 14 13 19 -7 16 17 -15 -18 -13 -5 -22 23 -23 25 26 28 -28 -24 -26
right_child=3 2 -4 20 5 9 -8 -9 -10 -11 -12 12 -14 15 -16 -17 18 -19 -20 -21 21 22 24 -25 29 -27 27 -29 -30 -31
leaf_value=0.002401330813067727 0.0025245392056240236 -0.0014991288374982437 0.00092531940725166346 -0.0012021868326858543 -0.0016299149636482902 -0.0015785168236106984 0.00019623329002491161 -0.002421800306377312 0.0011566506949273626 0.0014765266712905992 0.00015595180622767659 0.00040538642118917776 -0.0013002895096388576 -0.00021242535980750939 0.00022589766192729311 0.0014889787443192496 -0.0016483239763017213 0.0017477825045943973 0.00030499953791149895 0.0024364755464522467 0.0013414021976738393 -0.0023886158473032993 -0.00090274209505878398 -7.4308001146674533e-05 -0.0014391875985260731 7.0508921225148963e-05 -0.0021736421750392764 0.00024496569195604426 -0.0036633142654318366 0.00012563781991201039
leaf_weight=21 20 22 20 37 23 36 69 30 23 37 20 20 26 35 51 31 35 32 24 31 24 24 20 41 23 149 20 59 20 737
leaf_count=21 20 22 20 37 23 36 69 30 23 37 20 20 26 35 51 31 35 32 24 31 24 24 20 41 23 149 20 59 20 737
internal_value=2.00936e-12 0.00057069 -0.00034463 -2.11865e-05 0.00016031 6.64786e-05 -0.000482752 -0.0010992 -0.000236632 0.000288932 0.00134025 0.000152044 0.000402188 0.000614998 -0.000520757 0.000282045 -1.48984e-05 0.000723793 -0.000853752 0.00163997 -0.000106588 -7.02965e-05 -0.000101294 -0.000928822 -4.89702e-05 -0.000409833 -0.00101127 -0.00036734 -0.00228303 7.82813e-05
internal_weight=1760 63 42 1697 543 503 145 76 46 358 40 321 234 208 87 157 126 67 59 51 1154 1117 1093 65 1028 268 119 79 40 760
internal_count=1760 63 42 1697 543 503 145 76 46 358 40 321 234 208 87 157 126 67 59 51 1154 1117 1093 65 1028 268 119 79 40 760
is_linear=0
shrinkage=0.05


Tree=235
num_leaves=31
num_cat=0
split_feature=303 303 303 246 303 88 250 323 303 323 316 280 328 90 289 323 287 319 319 160 230 104 323 257 7 314 97 321 306 301
split_gain=0.00851057 0.0212987 0.0121372 0.0300479 0.0189043 0.0417441 0.0452161 0.0164133 0.0330852 0.0289914 0.0351913 0.0377418 0.0255838 0.0333455 0.0253993 0.0249951 0.0334659 0.0206517 0.037381 0.0354067 0.0321599 0.0312528 0.0321577 0.0460469 0.035883 0.0309846 0.0249114 0.0234892 0.037823 0.0380673
threshold=-0.10114854063771296 -0.080940272218123027 -0.061665866002202495 0.0023933791604304729 -0.032614635315340333 -0.0089038503532663984 -0.006558446906047768 0.0082122835660160456 -0.026525205605098676 0.0030346716150123089 0.014203727784999559 -0.026216132714408053 0.012111555218354627 -0.010186432778720089 0.061019700964895111 0.010268773019440304 0.00027697504335512011 0.023828386776946417 0.030086453550660582 -0.0045855837444671059 0.054122567150293219 -0.016552386611460131 -0.0025746200070682333 -0.013104942743521654 0.76694838304113999 0.050065869519920154 -0.033434833665323779 0.0036950010636188284 -0.0041331135206531047 0.00096365786277183014
decision_type=2 2 2 2 2 2 2 2 2 2 2 2 2 2 2 2 2 2 2 2 2 2 2 2 2 2 2 2 2 2
left_child=-1 -2 3 -3 5 -4 -7 9 -9 17 11 -11 13 -13 15 16 -10 20 19 -19 21 27 25 -24 -25 -23 -20 -6 -29 -30
right_child=1 2 4 -5 7 6 -8 8 14 10 -12 12 -14 -15 -16 -17 -18 18 26 -21 -22 22 23 24 -26 -27 -28 28 29 -31
leaf_value=0.0010005369167109686 -0.0015947811809989315 0.0018551656394265592 0.00017732872451122197 -0.00064682798194033763 -0.00017830247607889761 -0.00018238137977627609 -0.0026058517935636798 0.0022589750464248937 -6.4791469644247127e-05 0.0006716317011159845 0.00065366933886252816 -0.001220522332291044 -0.0004191868475269682 -0.0037603597374982201 0.0018894413951784372 5.8678396217508045e-06 0.0027611907561367844 0.0033383277617394925 0.0014825184014625849 0.00039878350715818149 0.0008817329299966554 -0.00014931855481559392 0.00047201256034895783 -0.0010906682577721464 -0.0039207917682471732 -0.0021434599250954177 -0.00024952417475768157 -0.00037790081665121223 0.00067917089053320099 0.0034282593434909361
leaf_weight=21 21 28 98 21 140 39 38 20 22 20 32 28 24 24 21 453 20 20 26 21 74 269 20 24 21 21 103 37 34 20
leaf_count=21 21 28 98 21 140 39 38 20 22 20 32 28 24 24 21 453 20 20 26 21 74 269 20 24 21 21 103 37 34 20
internal_value=-9.68922e-13 -1.20824e-05 7.26375e-06 0.000782883 -1.55076e-05 -0.000507183 -0.00137838 4.20849e-05 0.000263646 -8.18783e-05 -0.000782294 -0.00126095 -0.00176952 -0.00239275 0.000186308 0.000114054 0.00128091 2.61377e-05 0.000517562 0.00183271 -0.000100441 -0.00022447 -0.000519019 -0.00152419 -0.00241139 -0.000293722 9.95697e-05 0.000228192 0.000853568 0.00169735
internal_weight=1760 1739 1718 49 1669 175 77 1494 536 958 128 96 76 52 516 495 42 830 170 41 660 586 355 65 45 290 129 231 91 54
internal_count=1760 1739 1718 49 1669 175 77 1494 536 958 128 96 76 52 516 495 42 830 170 41 660 586 355 65 45 290 129 231 91 54
is_linear=0
shrinkage=0.05


Tree=236
num_leaves=31
num_cat=0
split_feature=201 201 290 334 290 88 271 283 143 309 325 100 264 264 264 223 83 261 213 123 310 118 242 297 181 274 311 198 207 122
split_gain=0.00803149 0.0299132 0.0237139 0.0465921 0.0383697 0.0246961 0.0229019 0.0316457 0.0446035 0.025359 0.029943 0.0630936 0.026877 0.0366711 0.0309803 0.0334757 0.0255492 0.0313262 0.0408816 0.0300945 0.0344982 0.0268222 0.0252626 0.02459 0.0234444 0.0213668 0.0213568 0.0247582 0.0239443 0.020159
threshold=0.0031292671851240162 0.0040585247401038515 -0.059491801263484113 0.02895341824459358 -0.046604137605467798 0.0034015179402643045 -0.023659300807402278 0.012647965595406641 0.0053622102234262134 -0.025536082447811661 -0.0076451233588814482 0.0077030627886309246 0.0060004951770259171 0.0082533553716084007 0.0022407260048294699 -0.069261322793647315 -0.29926453941984282 0.0079492071891667983 -0.0036085021985123949 -0.0079015212276640021 -0.00061342659450095316 0.016805947608242489 -0.015633880079434479 -0.01187746524166273 0.017467577880538394 0.02643294959906459 0.019255674450955908 1.0000000180025095e-35 -0.0011832702027956541 -0.0073323643801284236
decision_type=2 2 2 2 2 2 2 2 2 2 2 2 2 2 2 2 2 2 2 2 2 2 2 2 2 2 2 2 2 2
left_child=2 -2 3 5 -4 -1 7 24 -9 10 11 -8 14 -14 15 -11 -17 18 -18 20 -20 22 -19 -12 -6 26 27 28 -15 -3
right_child=1 29 4 -5 6 -7 9 8 -10 12 23 -13 13 25 -16 16 17 21 19 -21 -22 -23 -24 -25 -26 -27 -28 -29 -30 -31
leaf_value=-0.00090698217904251321 -0.0017313931153954141 -0.00037664669950393293 0.0019754294006686128 -0.0027721790835216996 -0.00022426911376756975 0.0013934556211461313 -1.4038302768499425e-05 -0.00040087696905446025 -0.0031726037174285879 0.0020800754784748121 -0.00093218606617301704 -0.0033627986950291833 0.0028178005537483845 0.00042097812608605438 -0.0013238077091851405 0.0016123260887700151 -0.00062276222638129339 -0.0012713586599976921 0.0030169992049321019 0.00025653142795254965 0.0003560017555996421 -0.0017876461269666574 0.00041980305878886229 0.0010483912684278386 0.001607280618156351 0.0015269707224549766 -0.00065636634438609085 7.4359810088013476e-06 0.0024197652117060181 0.00017166434525279329
leaf_weight=28 28 294 28 21 104 20 39 47 21 23 25 22 20 31 35 26 61 34 29 63 21 35 63 42 21 47 42 71 29 390
leaf_count=28 28 294 28 21 104 20 39 47 21 23 25 22 20 31 35 26 61 34 29 63 21 35 63 42 21 47 42 71 29 390
internal_value=1.34357e-13 -0.000129584 8.80382e-05 -0.000807857 0.000151181 5.15336e-05 9.74702e-05 -0.000388793 -0.00125685 0.000221281 -0.000420323 -0.00122179 0.000351639 0.000767949 9.5448e-05 0.000235375 0.000107579 -2.02752e-05 0.000420356 0.000983456 0.00189938 -0.000601108 -0.000172975 0.00030937 8.34312e-05 0.000581599 0.000324763 0.000639324 0.00138706 -6.40132e-05
internal_weight=1760 712 1048 69 979 48 951 193 68 758 128 61 630 240 390 355 332 306 174 113 50 132 97 67 125 220 173 131 60 684
internal_count=1760 712 1048 69 979 48 951 193 68 758 128 61 630 240 390 355 332 306 174 113 50 132 97 67 125 220 173 131 60 684
is_linear=0
shrinkage=0.05


Tree=237
num_leaves=31
num_cat=0
split_feature=307 307 309 276 175 211 97 90 310 265 190 139 158 10 277 200 314 253 327 331 169 112 101 284 160 301 266 256 113 222
split_gain=0.00777101 0.0260471 0.0454302 0.035895 0.0226272 0.0188973 0.015859 0.01277 0.0290116 0.0577357 0.0474515 0.0315028 0.0281055 0.0187386 0.0337402 0.0183421 0.0170793 0.0337921 0.0250188 0.0297985 0.0495438 0.0455566 0.023546 0.0216269 0.0261391 0.0262032 0.0218068 0.021 0.0301596 0.0206941
threshold=0.042658833732887043 0.052925434510998702 0.003408820835835916 0.028768382500383834 -0.00092589813399693755 -0.016695914356600273 0.0021480302852143096 0.057210123370350995 0.0080490718104665893 0.017437129247070953 -0.012712489398120023 0.0081656759156140558 0.0030009180751984022 0.25211864406779666 -0.003152993726518494 0.0017987197281002512 -0.014529782833980339 0.056409243148186912 0.0058907133019087581 -0.0040825186644383275 0.011448725742924949 0.0027608100588595737 -0.0089168849433985137 0.027172889270605887 0.006167430520590913 0.0038746830316356896 0.0051425097230120209 -0.069446557981072091 0.00017329351604518316 -0.049197853974625901
decision_type=2 2 2 2 2 2 2 2 2 2 2 2 2 2 2 2 2 2 2 2 2 2 2 2 2 2 2 2 2 2
left_child=7 2 -2 4 -3 -6 -4 13 10 15 -9 12 -12 16 -15 -10 17 18 19 20 21 22 -1 24 25 -21 -26 28 -18 -29
right_child=1 3 6 -5 5 -7 -8 8 9 -11 11 -13 -14 14 -16 -17 27 -19 -20 23 -22 -23 -24 -25 26 -27 -28 29 -30 -31
leaf_value=0.00042205859291633333 0.0024506479239789769 0.00138268064817085 0.0010357129892508965 -0.0015113170652849867 0.00070815185885987294 -0.0014130189194388335 -0.00085327416332438592 -0.0022564006511608817 0.0013030531286252276 0.0032529758724690926 -0.0014111052612618856 0.0015889658105152195 0.00088449717198576172 -0.0026313812087755649 -7.0017079754810168e-05 -0.00050230522636625482 -0.0024284151347819718 -0.0019299251050688326 0.00028573590162673683 -0.00023894481815659675 0.00065603904960746025 -0.0032646148913045184 -0.0019750935508636761 0.0013628263935021572 -0.00051282263448229062 -0.0023872765977020292 0.0016186284400949566 -0.0014208159220981459 0.00011378116115728127 0.00016842760273679143
leaf_weight=21 32 34 20 35 21 21 25 22 24 22 30 32 24 20 36 34 20 30 163 40 27 32 20 23 24 22 24 21 28 833
leaf_count=21 32 34 20 35 21 21 25 22 24 22 30 32 24 20 36 34 20 30 163 40 27 32 20 23 24 22 24 21 28 833
internal_value=1.3043e-12 0.000303808 0.00101043 -0.000186371 0.000423802 -0.000352434 -1.37243e-05 -3.63333e-05 0.000350326 0.001072 -0.000184251 0.000345833 -0.000390838 -8.88564e-05 -0.00098479 0.00024474 -5.1076e-05 -0.000311994 -0.000189424 -0.000521832 -0.00117393 -0.00185077 -0.000747284 -3.15303e-05 -0.000323078 -0.00100126 0.000552903 7.21515e-05 -0.000945467 0.000129348
internal_weight=1760 188 77 111 76 42 45 1572 188 80 108 86 54 1384 56 58 1328 426 396 233 100 73 41 133 110 62 48 902 48 854
internal_count=1760 188 77 111 76 42 45 1572 188 80 108 86 54 1384 56 58 1328 426 396 233 100 73 41 133 110 62 48 902 48 854
is_linear=0
shrinkage=0.05


Tree=238
num_leaves=31
num_cat=0
split_feature=261 309 265 222 278 323 291 270 89 115 194 220 130 311 93 331 135 116 141 316 158 97 115 142 290 250 135 322 260 238
split_gain=0.00786919 0.0172119 0.0167752 0.0297914 0.0259871 0.0447123 0.0438853 0.0559683 0.0328508 0.0349123 0.0327835 0.0221141 0.0298935 0.0349857 0.0328338 0.0323197 0.0294672 0.0344364 0.028903 0.0257121 0.0279682 0.0221142 0.0207149 0.0187376 0.0174769 0.0174271 0.017103 0.0251468 0.0294077 0.0228362
threshold=0.0032625273977240367 0.076782958605798271 -0.0094588326348331499 0.030765113572548613 0.013872718083003884 0.027015777449917708 0.021225223571952435 0.0010478850606629835 0.086242262042251841 -0.0480775149705178 0.013723689500250979 0.011550140747385267 0.0034382047153093116 -0.01386606705600738 0.059241593045090538 0.021766067538378082 0.024664448322621112 0.0093572256763696706 0.00028407018903072725 0.015307073880676276 0.0069327365139866051 0.0068661617983647432 -0.018337090072423418 -0.0047739784911117293 0.0053480923017343767 -0.015852469534917705 -0.042980684301485959 0.014243088749339874 0.018549122938122536 0.0090216707918208388
decision_type=2 2 2 2 2 2 2 2 2 2 2 2 2 2 2 2 2 2 2 2 2 2 2 2 2 2 2 2 2 2
left_child=1 2 3 4 6 10 8 -8 9 -1 22 12 14 18 19 16 17 21 -14 23 -21 -15 -6 -4 -24 -25 -13 -28 29 -29
right_child=-2 -3 11 -5 5 -7 7 -9 -10 -11 -12 26 13 15 -16 -17 -18 -19 -20 20 -22 -23 24 25 -26 -27 27 28 -30 -31
leaf_value=-0.0018153338120880239 -0.00011648197292374188 -0.0012865404836537148 0.0011731339689706349 -0.0019927271525375548 0.0014187314190414989 0.0026396109118303731 -0.0030873244777843679 0.00014093833765946328 0.0019400271587073803 0.00011872968513541439 -0.0012086502114085087 0.001035510560353126 9.3534825693653982e-05 -0.0010262574889742199 0.0029622025425487665 -0.0021110452380352879 -0.0015320721856804322 0.0022944959322921932 0.0026591672295970576 0.00068875936429119774 0.0031556760563398716 0.00091227104601005393 0.00073202183552747296 -0.0014242686472633588 -0.0010870681541627679 0.00042941381692571671 -0.00075647676461702319 0.0023278535080506753 -0.00091255967615870765 7.4585309663565249e-05
leaf_weight=28 795 22 36 20 44 21 29 25 20 140 33 29 23 31 20 21 23 20 21 27 20 28 31 21 23 32 107 23 25 22
leaf_count=28 795 22 36 20 44 21 29 25 20 140 33 29 23 31 20 21 23 20 21 27 20 28 31 21 23 32 107 23 25 22
internal_value=-1.51422e-12 9.59618e-05 0.000128215 -0.000110168 -1.46064e-05 0.000497768 -0.000336428 -0.00159276 2.44327e-05 -0.000203614 0.000154419 0.000314776 0.000572948 0.000108046 0.00107063 -0.000324797 4.29595e-05 0.000501513 0.00131804 0.000792459 0.00173851 -0.000106278 0.000613411 0.000292859 -4.27758e-05 -0.000305064 -9.00276e-05 -0.000274438 0.000462393 0.00122626
internal_weight=1760 965 943 414 394 152 242 54 188 168 131 529 323 167 156 123 102 79 44 136 47 59 98 89 54 53 206 177 70 45
internal_count=1760 965 943 414 394 152 242 54 188 168 131 529 323 167 156 123 102 79 44 136 47 59 98 89 54 53 206 177 70 45
is_linear=0
shrinkage=0.05


Tree=239
num_leaves=31
num_cat=0
split_feature=294 120 275 190 286 286 192 6 136 319 194 238 186 192 99 291 192 276 197 294 116 324 240 298 183 309 314 188 268 82
split_gain=0.00771133 0.0203101 0.0193074 0.0112539 0.0149794 0.0128031 0.0119549 0.0269935 0.023315 0.0256014 0.0234035 0.0256606 0.0203433 0.0200509 0.020635 0.0186574 0.0185755 0.0346694 0.0192584 0.0183324 0.0183198 0.0178908 0.0305317 0.0181828 0.0282747 0.0271859 0.0360128 0.0208769 0.0346315 0.0370966
threshold=0.063758564059846715 0.024299387089023065 -0.013668172013177807 -0.060323119252641694 -0.094133763115035046 -0.0086515870914025076 -0.020571054237511231 0.68142678010221902 -0.014770045824996468 0.010888142800099651 0.015932719908028858 -0.046738543304166068 0.0012046055585966384 -0.029880323050312716 -0.017918515197423799 0.0069465086316746151 -0.015870054966359709 -0.026756742447645521 0.00073903072617428531 0.049856856487846608 -0.0024523012976022714 -0.051890737656214866 0.0026530260439894073 0.064722062532473243 0.0013964250966746674 -0.030455247139449252 -0.04218946663606233 0.0051936262657179683 -0.017324902530536531 0.43955997481047321
decision_type=2 2 2 2 2 2 2 2 2 2 2 2 2 2 2 2 2 2 2 2 2 2 2 2 2 2 2 2 2 2
left_child=3 2 -2 5 -5 -1 8 16 9 12 11 -10 -6 15 -15 20 17 -8 -19 21 -13 22 -18 25 -25 26 -23 -27 -29 -30
right_child=1 -3 -4 4 6 -7 7 -9 10 -11 -12 13 -14 14 -16 -17 19 18 -20 -21 -22 23 -24 24 -26 27 -28 28 29 -31
leaf_value=0.001659127236122177 0.0011151312599869689 0.0018152583698143384 -0.00076058153379777007 -0.0013398708484601231 -0.00087314524916345601 -3.1386097543872896e-05 -0.0025515533781366516 -0.0019087000891158824 -0.0012867219256198345 -0.0018729526136832483 0.001787118408623535 -0.0016606576557803368 0.0010041452820352731 0.0023864162724930795 0.00037454467875739706 0.0010279016023309066 0.0023991064031655528 -0.00099903537559805928 0.0010198380033086454 -0.0010681443117209709 0.0004537912024534308 -0.0025898946537857969 2.35260538159453e-05 0.0022437797054987063 -0.00026348526308024508 -0.00014082699291606955 -0.00037348909800130061 -0.00036535336557401616 0.00048662092540656556 0.002640009276431308
leaf_weight=21 23 21 34 22 27 24 21 20 21 22 34 21 31 25 26 29 21 27 21 40 20 21 38 22 23 602 144 117 220 22
leaf_count=21 23 21 34 22 27 24 21 20 21 22 34 21 31 25 26 29 21 27 21 40 20 21 38 22 23 602 144 117 220 22
internal_value=-7.02998e-13 0.000486009 -3.71497e-06 -2.25379e-05 -4.39811e-05 0.00075752 -2.63281e-05 -8.5371e-05 0.000287106 -0.000420642 0.00060881 0.00032668 0.000130234 0.000606692 0.00136076 5.73023e-05 -5.81368e-05 -0.000857101 -0.000115778 -1.47285e-05 -0.000629219 1.9529e-05 0.000869072 -2.32746e-05 0.000962289 -6.26622e-05 -0.000655577 3.9139e-05 0.000340921 0.000682384
internal_weight=1760 78 57 1682 1637 45 1615 1359 256 80 176 142 58 121 51 70 1339 69 48 1270 41 1230 59 1171 45 1126 165 961 359 242
internal_count=1760 78 57 1682 1637 45 1615 1359 256 80 176 142 58 121 51 70 1339 69 48 1270 41 1230 59 1171 45 1126 165 961 359 242
is_linear=0
shrinkage=0.05


Tree=240
num_leaves=31
num_cat=0
split_feature=280 201 201 223 180 122 242 181 103 161 254 134 282 240 333 107 290 334 290 88 199 267 316 8 254 300 271 283 143 309
split_gain=0.00779053 0.0106159 0.0267224 0.0237264 0.0396848 0.0213402 0.0240543 0.0382681 0.0489907 0.0276244 0.0234855 0.0265229 0.0253919 0.0281178 0.0254209 0.0217482 0.0204573 0.0409893 0.034294 0.0217513 0.0196178 0.0272827 0.0252098 0.0204507 0.0203326 0.0194544 0.0194392 0.029359 0.0377446 0.0226312
threshold=0.082553035759173957 0.0031292671851240162 0.0040585247401038515 -0.07772324401007713 0.019288505421948824 -0.0073323643801284236 0.011317363210913716 0.002626573885138928 0.013392993192627238 -0.0074345106993019931 0.014657099608478946 0.0091107211352051687 -0.016884700072556522 0.0024314766612033079 0.0047140669105475066 0.0011679277599666324 -0.059491801263484113 0.02895341824459358 -0.046604137605467798 0.0034015179402643045 -0.010165704997132088 0.012256093998966757 0.0010783267319841511 0.077552793370756504 0.00095258956507695625 -0.00048140991122584876 -0.023659300807402278 0.012647965595406641 0.0053622102234262134 -0.025536082447811661
decision_type=2 2 2 2 2 2 2 2 2 2 2 2 2 2 2 2 2 2 2 2 2 2 2 2 2 2 2 2 2 2
left_child=1 16 -3 4 -4 10 20 9 -9 -8 12 15 -5 -14 -15 -12 17 19 -18 -1 24 23 -23 25 -7 -22 27 -20 -29 -28
right_child=-2 2 3 5 -6 6 7 8 -10 -11 11 -13 13 14 -16 -17 18 -19 26 -21 21 22 -24 -25 -26 -27 29 28 -30 -31
leaf_value=-0.00083659583241179865 0.00089467735936826418 -0.0017056874412918225 -0.00015062045633562886 6.5072371580754409e-05 -0.0028673115384299308 0.00064408651226022771 -0.00076555847327279699 -0.0032528672608480393 0.00012342664122115822 0.0011054289188518367 0.0018409525597235189 -0.00084839649039167861 -0.0022588970961992462 0.000172945313392031 -0.0020013767573982479 -0.00014114380721002819 0.0019049015495477728 -0.0025855368507715568 0.00010064150764213165 0.0013223398156696931 0.0014503203998016113 0.00090233750660414006 0.0032098236260935664 -0.0010232099569839194 -0.00097525309435392651 -6.7698535395977201e-05 -0.00039757189130516888 -0.00038974949378623732 -0.0029569115489721299 0.00033426727580474549
leaf_weight=28 24 27 41 64 20 42 34 21 22 47 31 32 39 41 20 25 27 21 123 20 46 29 20 20 36 39 127 45 21 628
leaf_count=28 24 27 41 64 20 42 34 21 22 47 31 32 39 41 20 25 27 21 123 20 46 29 20 20 36 39 127 45 21 628
internal_value=-2.58431e-13 -1.23688e-05 -0.000163511 -0.000101271 -0.00104134 -6.95471e-06 0.000242271 -0.000319909 -0.00152546 0.000320076 -0.000359035 0.000299912 -0.000712617 -0.00121034 -0.000539947 0.000956088 8.87802e-05 -0.000743104 0.000147895 6.29607e-05 0.000542746 0.000869965 0.00184417 0.000415336 -0.000103301 0.000753818 9.76412e-05 -0.000355846 -0.00120657 0.000211163
internal_weight=1760 1736 696 669 61 608 356 124 43 81 252 88 164 100 61 56 1040 69 971 48 232 154 49 105 78 85 944 189 66 755
internal_count=1760 1736 696 669 61 608 356 124 43 81 252 88 164 100 61 56 1040 69 971 48 232 154 49 105 78 85 944 189 66 755
is_linear=0
shrinkage=0.05


Tree=241
num_leaves=31
num_cat=0
split_feature=162 96 294 162 335 323 323 144 282 202 300 133 149 192 192 294 332 119 163 119 294 123 129 98 290 87 321 151 19 0
split_gain=0.00778173 0.0175362 0.0164299 0.013836 0.0132587 0.0119639 0.0236141 0.0119183 0.0145812 0.0211681 0.014308 0.0198981 0.0195022 0.0201271 0.0336574 0.0274535 0.0241227 0.0222059 0.0259739 0.0210289 0.0334506 0.0365598 0.035147 0.0438014 0.0274139 0.0327886 0.0227381 0.0364262 0.0313399 0.0501837
threshold=-0.044298184431543701 0.0098489823492677788 -0.016230763254586823 -0.038307083719382358 0.015609365574481643 0.075879872175375854 0.062000330665870081 -0.041064718962248704 -0.0074924080309197805 0.011822392067866118 -0.064014404788412901 -0.0022914052284871366 -0.05875813512605868 -0.020571054237511231 -0.017751198493836787 0.0683472099174149 -0.069537776868505027 -0.012418445478367937 0.012236504303400479 -0.016914998747254214 0.0070024517124259878 0.043303591789439676 0.021689451913224297 -0.0027296963092756353 0.017912455401604164 0.027347034275540607 0.0069180153868662443 0.01285737171063454 10.958333333333334 5.6681538055464769
decision_type=2 2 2 2 2 2 2 2 2 2 2 2 2 2 2 2 2 2 2 2 2 2 2 2 2 2 2 2 2 2
left_child=1 2 -1 -2 -4 6 7 8 -5 -10 11 -9 -12 17 -15 16 -16 18 -14 20 22 24 -18 -24 25 -22 -21 28 29 -28
right_child=3 -3 4 5 -6 -7 -8 10 9 -11 12 -13 13 14 15 -17 19 -19 -20 26 21 -23 23 -25 -26 -27 27 -29 -30 -31
leaf_value=-0.00094038679488693132 -0.0011302537825031323 0.0017016151742566201 8.0804162494399969e-05 -0.0002354039558018225 0.0015997770984540695 0.0010761018375051209 -0.0012414016385894056 -0.0020338529926015154 0.00025403694680155536 0.0020402939636605206 -0.0012422617330523809 -9.7196514712373359e-05 0.0019896252714152935 -0.0018352969576461383 0.0016657840406332982 0.0015594678914769449 -0.00046432888264958327 0.0001094043706377436 4.406597436172888e-05 0.00023861788014997278 -0.0022040415927767755 0.0020717528160838854 -0.0037180633792145688 -0.00059741442496685879 0.001191015536824125 0.00011559066908189264 -0.00043008811492710475 0.00075422062734780359 -0.00017684060080682686 -0.0030266953960138687
leaf_weight=27 28 21 51 42 20 25 39 21 43 27 31 36 42 26 20 27 110 140 29 516 25 21 22 23 24 39 49 62 144 30
leaf_count=27 28 21 51 42 20 25 39 21 43 27 31 36 42 26 20 27 110 140 29 516 25 21 22 23 24 39 49 62 144 30
internal_value=-1.30295e-12 0.00039042 0.00010945 -2.8312e-05 0.000508684 -9.18346e-06 -2.62692e-05 4.32485e-06 0.000501112 0.000943022 -3.43948e-05 -0.000810702 -2.32999e-06 2.61636e-05 -5.69983e-05 -1.54194e-05 -5.46101e-05 0.000474686 0.00119496 -8.6918e-05 -0.000473924 0.000197231 -0.000945897 -0.00212307 -0.000250098 -0.000790516 4.06346e-05 -0.000317819 -0.000615875 -0.00141614
internal_weight=1760 119 98 1641 71 1613 1588 1549 112 70 1437 57 1380 1349 1138 1112 1085 211 71 1065 264 109 155 45 88 64 801 285 223 79
internal_count=1760 119 98 1641 71 1613 1588 1549 112 70 1437 57 1380 1349 1138 1112 1085 211 71 1065 264 109 155 45 88 64 801 285 223 79
is_linear=0
shrinkage=0.05


Tree=242
num_leaves=31
num_cat=0
split_feature=0 4 68 288 322 197 122 233 102 172 114 286 252 114 226 105 147 124 108 287 141 233 112 190 168 230 281 241 90 183
split_gain=0.00747162 0.0127849 0.0158353 0.0109006 0.0214489 0.0213939 0.0310989 0.0371449 0.024661 0.023428 0.0253159 0.0253124 0.0228133 0.0215137 0.0214251 0.0408059 0.0295181 0.0247986 0.0202408 0.0187713 0.0184585 0.0233575 0.025292 0.0263923 0.022574 0.0290279 0.0266701 0.0261136 0.0234358 0.0213849
threshold=11.083556880738579 6.7833245593222182 1.2424533248940004 -0.0042827326962354461 0.066886104204611288 0.011423041031315228 -0.029079388591970137 -0.00027478278273989043 0.095158113657352036 -0.038355151113527608 0.015100618514610935 0.0054587730089568666 -0.014383172065042166 0.0076428352208035245 -0.020766570312347056 -0.071440313860718932 0.0027408051265691599 0.017196380702571495 -0.069073167565043336 -0.0012721726904897149 -0.01234869713130071 -0.018045627140326394 -0.031441684717768432 -0.0091923076860907938 0.0050106622872778802 -0.011015853405079721 0.033964412363901193 -0.023723301197175566 -0.022308235331782653 -0.0097846921914382049
decision_type=2 2 2 2 2 2 2 2 2 2 2 2 2 2 2 2 2 2 2 2 2 2 2 2 2 2 2 2 2 2
left_child=1 2 3 4 -1 8 7 -7 14 -8 12 -12 -11 -14 15 -5 17 -17 -16 -18 21 -20 -23 -24 25 -22 27 -27 -26 -30
right_child=-2 -3 -4 5 -6 6 9 -9 -10 10 11 -13 13 -15 18 16 19 -19 20 -21 24 22 23 -25 28 26 -28 -29 29 -31
leaf_value=-0.00018248861367047491 -0.00096090555976843469 0.0012679232703521849 -0.0014022822302467829 0.0025604976483155043 0.0012530229291533707 -0.00019022870073968079 0.0015656832314562053 -0.0027923815160950955 0.0016037911388952072 -0.00088151594794068768 -0.0025309769541490825 -1.5407144674099981e-05 0.00016401672079909322 0.0019248796497281133 -0.0012180479482291654 0.00047315914608723271 -0.0012830599216447974 0.0025019920937484133 -0.0015304358884212421 0.00057770168869351239 0.0011330869672668126 0.0015940054910424809 -0.0017027279107144121 0.00023623710375330928 0.0021104111006997272 -0.002154493589131605 0.0013447856662837281 -0.00025322229372221945 0.0015338936294879645 -9.2866684406481942e-05
leaf_weight=718 20 20 20 25 27 32 22 24 33 39 20 20 82 22 30 61 33 20 33 23 46 20 26 54 29 21 22 129 31 58
leaf_count=718 20 20 20 25 27 32 22 24 33 39 20 20 82 22 30 61 33 20 33 23 46 20 26 54 29 21 22 129 31 58
internal_value=3.0835e-12 1.10449e-05 -3.56997e-06 1.28855e-05 -0.000130463 0.000124713 -0.000261186 -0.00130544 0.000269842 2.40729e-05 -0.000161257 -0.00127319 0.000149773 0.000536507 0.000203245 0.000702847 0.000363859 0.000974106 4.10496e-05 -0.000518819 0.000121589 -0.00037698 3.65988e-06 -0.000393927 0.000318939 1.74185e-05 -0.000280958 -0.0005194 0.000875986 0.000473758
internal_weight=1760 1740 1720 1700 745 955 261 56 694 205 183 40 143 104 661 162 137 81 499 56 469 133 100 80 336 218 172 150 118 89
internal_count=1760 1740 1720 1700 745 955 261 56 694 205 183 40 143 104 661 162 137 81 499 56 469 133 100 80 336 218 172 150 118 89
is_linear=0
shrinkage=0.05


Tree=243
num_leaves=31
num_cat=0
split_feature=263 263 266 266 153 261 254 197 149 261 300 331 288 224 288 8 255 201 85 182 271 94 336 174 228 255 152 117 149 245
split_gain=0.00769562 0.00960333 0.0100498 0.0361316 0.0196456 0.020493 0.018241 0.0248147 0.0108037 0.0223826 0.0115419 0.0250019 0.013444 0.0219414 0.0218446 0.0196849 0.0201672 0.02869 0.0349086 0.0464974 0.0236353 0.031837 0.0337798 0.0416804 0.0270358 0.0222751 0.0204501 0.0197001 0.0208919 0.018556
threshold=-0.10697904623541275 -0.096442631447977462 0.061256608832743496 0.056960765057534654 -0.012987471721018317 -0.020980335854798915 0.0090664060794205855 0.0041933156187960625 -0.05875813512605868 -0.04170927533061821 -0.064014404788412901 -0.0016890362962651239 -0.0026154090516806792 0.070054084979818743 -0.0032432813640738425 0.36515151515151517 -0.0010606645514225172 0.0048130789232304601 -0.071861339931552484 -0.0041317689927135928 -0.0058755510281248719 -0.06161346482808034 0.00534324860811461 0.00096198438063793549 0.01009968970368587 -0.0049391222607234617 -0.0070299526810044507 -0.0082157721071943069 -0.020878869393882483 -0.062448770050638355
decision_type=2 2 2 2 2 2 2 2 2 2 2 2 2 2 2 2 2 2 2 2 2 2 2 2 2 2 2 2 2 2
left_child=-1 -2 3 8 -4 -6 7 -7 9 -3 11 -10 14 29 15 16 25 20 19 -19 24 -22 26 -24 -18 27 -23 -12 -29 -14
right_child=1 2 4 -5 5 6 -8 -9 10 -11 12 -13 13 -15 -16 -17 17 18 -20 -21 21 22 23 -25 -26 -27 -28 28 -30 -31
leaf_value=0.00095142747491731177 -0.0010742440165597059 0.00027619949731793578 -0.00062098917551338677 -0.0020938553068498597 0.001977832618957529 0.0010573363214332078 0.0014126467769249129 -0.0012343436718866643 -0.0018253466403201366 -0.0020108748177881351 0.00066235155894761328 0.00027710768565978678 0.0009966282560127551 0.0014656823081168114 -0.0017486098869267154 -0.001476450675909291 6.5876202660590584e-05 -0.00065869755294286356 -0.00019255384998531015 -0.0037924777646549043 -0.0012680714955257083 -0.00081570753809501184 0.00043976297433800937 0.0034899533814972358 -0.0020378103348775768 0.001453821014563021 0.0010013890507010123 0.00097415703649242086 -0.00045502770676960122 5.8525222057699837e-05
leaf_weight=21 21 23 34 21 26 21 26 27 26 20 104 31 57 32 20 24 42 29 69 20 22 32 24 21 24 35 30 31 146 701
leaf_count=21 21 23 34 21 26 21 26 27 26 20 104 31 57 32 20 24 42 29 69 20 22 32 24 21 24 35 30 31 146 701
internal_value=-6.60831e-13 -1.14893e-05 1.50125e-06 -3.3672e-05 0.000417281 0.000770292 0.000346022 -0.000231734 -5.99201e-06 -0.000787556 1.6118e-05 -0.000681907 4.33138e-05 0.00018321 -0.000120903 -7.10499e-05 -1.74257e-05 -0.000301897 -0.000917271 -0.00193779 7.04828e-05 0.000464223 0.000820396 0.00186319 -0.000699101 0.000264345 6.35327e-05 0.00011619 -0.000204719 0.000129069
internal_weight=1760 1739 1718 1584 134 100 74 48 1563 43 1520 57 1463 790 673 653 629 313 118 49 195 129 107 45 66 316 62 281 177 758
internal_count=1760 1739 1718 1584 134 100 74 48 1563 43 1520 57 1463 790 673 653 629 313 118 49 195 129 107 45 66 316 62 281 177 758
is_linear=0
shrinkage=0.05


Tree=244
num_leaves=31
num_cat=0
split_feature=305 305 219 290 276 316 176 271 182 256 323 230 271 183 274 230 307 165 286 310 138 140 251 249 232 144 262 217 103 336
split_gain=0.00717903 0.0243823 0.0328283 0.0260087 0.0199666 0.0184575 0.0214279 0.0450324 0.0401915 0.0585223 0.0380047 0.0243353 0.021152 0.0323464 0.0240746 0.0202054 0.0270003 0.0264761 0.0284023 0.0185896 0.0205405 0.0207347 0.0203575 0.0173009 0.0154462 0.0377226 0.0259298 0.0309254 0.0249931 0.0340195
threshold=-0.0037866315974363746 -0.00060122811641584917 -0.01863716435796552 -0.0043509048395961331 0.086514635113851879 -0.02540614434896819 -0.0039868823471742318 -0.007006033884506521 0.017722044637267616 0.0059211681765207842 -0.0030640384470111488 -0.0035851276942915015 -0.035794682611612644 0.0036591340485546816 0.054340099179928193 0.012104300620682703 0.0012887498991985742 -0.0065108878491223496 -0.0016329572777713972 0.031613312043619675 -0.016875041287571727 -0.019034359978290085 0.014291032121957823 -0.0089013789544087635 0.0027656171787255571 -0.030858150079249608 0.0098391282526746008 0.042034297334849237 0.018978147511198754 -0.0055948358800482238
decision_type=2 2 2 2 2 2 2 2 2 2 2 2 2 2 2 2 2 2 2 2 2 2 2 2 2 2 2 2 2 2
left_child=4 2 -2 -4 5 -1 12 8 9 10 -8 -11 13 -7 15 17 -17 -14 -19 20 -9 -22 -23 -20 -3 -26 27 28 -27 -30
right_child=1 24 3 -5 -6 6 7 19 -10 11 -12 -13 14 -15 -16 16 -18 18 23 -21 21 22 -24 -25 25 26 -28 -29 29 -31
leaf_value=0.00034000465890112293 0.0020703627288873707 -0.00016795416305655228 -0.0010367942320254561 0.0011410394400470601 0.0013689878788268701 0.0023629417027974421 -0.0014015146548141881 0.0013447133337779504 0.00070969194275676277 0.00061805925751104961 -0.0041129898496105209 -0.0014013002044865406 -0.00059758366551250226 -0.00031878179076805035 -0.0017493495989280444 0.00061121959699362172 -0.001696099868604506 0.0023173357325140388 0.0014475365136084814 -0.0013305359289006446 0.0010314755705035023 2.4605416230556067e-05 -0.0013432748341438128 -0.00034929496413914839 0.0018398975638453576 0.0012235875012979749 -0.00044872994883917274 -0.00061924820282619527 0.0011222457244002726 -0.0012793534495546643
leaf_weight=148 35 519 26 29 22 23 24 28 22 25 28 37 45 22 21 21 32 25 21 26 31 85 40 37 34 107 135 53 30 29
leaf_count=148 35 519 26 29 22 23 24 28 22 25 28 37 45 22 21 21 32 25 21 26 31 85 40 37 34 107 135 53 30 29
internal_value=-8.31283e-13 8.83408e-05 0.000873291 0.000111518 -0.000115434 -0.000159505 -0.000284172 -0.000538119 -0.00124694 -0.00162453 -0.00286154 -0.000587042 7.15588e-05 0.00105188 -0.000146829 3.90989e-05 -0.000781879 0.000379035 0.000908527 -7.9075e-05 9.77619e-05 -0.00012605 -0.000413116 0.000301282 1.04516e-05 0.000249092 9.63031e-05 0.000432282 0.000768012 -5.82013e-05
internal_weight=1760 997 90 55 763 741 593 346 136 114 52 62 247 45 202 181 53 128 83 210 184 156 125 58 907 388 354 219 166 59
internal_count=1760 997 90 55 763 741 593 346 136 114 52 62 247 45 202 181 53 128 83 210 184 156 125 58 907 388 354 219 166 59
is_linear=0
shrinkage=0.05


Tree=245
num_leaves=31
num_cat=0
split_feature=206 52 208 181 231 130 209 198 209 251 100 87 297 330 330 176 0 213 108 290 187 307 219 220 287 127 229 132 136 11
split_gain=0.00695707 0.0204889 0.0219008 0.0162762 0.0229365 0.0293802 0.0194157 0.0203113 0.0198598 0.0196762 0.0251926 0.0193717 0.0138473 0.0131748 0.0298988 0.0394418 0.0448014 0.034312 0.0282019 0.0314644 0.0276885 0.0322069 0.0240559 0.0237934 0.0234812 0.0268074 0.0279 0.0258893 0.0253284 0.0226546
threshold=0.012977727005995853 1.0000000180025095e-35 0.038376907029536798 0.011422578623731106 0.0010951947008974972 0.019798478603089975 0.014680201249034649 0.024137242306741729 0.029333587816293916 -0.041969094117186405 -0.017726917317045562 0.022900824667732359 0.012384991499254244 0.015441898357152791 0.0019184041287698226 0.0001570337050160134 4.7050052835523761 0.13922582832135716 -0.02600668055277312 0.0045961047916188149 -0.0038876706141500773 -0.0039015421976762456 0.013057019347795866 -0.046711629654600927 0.044984660889850682 -0.027950765823429851 0.055128924690770104 0.011607069702424089 -0.026686939383897452 4.0585714285714287
decision_type=2 2 2 2 2 2 2 2 2 2 2 2 2 2 2 2 2 2 2 2 2 2 2 2 2 2 2 2 2 2
left_child=13 2 3 6 -5 -6 -2 8 -8 10 -10 12 -11 14 29 17 -17 20 -18 -20 -16 -22 -23 -15 25 27 28 -25 -27 -1
right_child=1 -3 -4 4 5 -7 7 -9 9 11 -12 -13 -14 23 15 16 18 -19 19 -21 21 22 -24 24 -26 26 -28 -29 -30 -31
leaf_value=7.1128962296432345e-05 0.001271343777059681 -0.0016662434706549078 0.0010949253696682197 -9.2033901097947511e-05 -0.0027334563434123996 -0.00016235944640357049 -0.0018323748299735598 0.0010787913442292282 6.9160224467685279e-05 0.00012224639457599553 -0.002382750462857075 0.00080855885812602306 -0.0013969230577155637 0.00059103022888302807 0.00066319304401986313 0.0032879566152008593 -0.00065950864320620895 0.0018374056377935977 0.00040199861750411602 0.0023913389075044377 0.00036604455045352764 -0.0031206016964279116 -0.00066826178459450608 -0.00049354071779816877 0.00078699457727553733 -0.0020495989121263845 0.0011797831721756108 -0.0030376152973622082 -0.00034041495559095379 -0.00092750796080039329
leaf_weight=676 27 22 35 59 25 20 20 29 22 40 20 59 24 75 40 22 25 21 46 35 26 20 20 20 36 25 26 20 163 62
leaf_count=676 27 22 35 59 25 20 20 29 22 40 20 59 24 75 40 22 25 21 46 35 26 20 20 20 36 25 26 20 163 62
internal_value=2.2419e-12 -0.000182711 -9.68218e-05 -0.000217724 -0.000740515 -0.00159075 7.87936e-06 -0.00015153 -0.000344391 -0.000164029 -0.00109842 0.00015503 -0.000447442 5.40866e-05 0.000148506 0.000615252 0.00123466 -9.03048e-06 0.000808501 0.00126159 -0.000374834 -0.00100394 -0.00189443 -0.000202787 -0.000408085 -0.000577466 -0.000355389 -0.00176558 -0.0005677 -1.27674e-05
internal_weight=1760 402 380 345 104 45 241 214 185 165 42 123 64 1358 993 255 128 127 106 81 106 66 40 365 290 254 214 40 188 738
internal_count=1760 402 380 345 104 45 241 214 185 165 42 123 64 1358 993 255 128 127 106 81 106 66 40 365 290 254 214 40 188 738
is_linear=0
shrinkage=0.05


Tree=246
num_leaves=31
num_cat=0
split_feature=219 209 316 219 238 306 231 4 4 52 52 208 284 209 209 239 137 130 141 317 269 202 222 290 144 120 173 128 307 122
split_gain=0.00682406 0.0339021 0.0183774 0.00891291 0.0265525 0.0173817 0.0142087 0.0122071 0.0119228 0.0170662 0.0163756 0.0360306 0.0123269 0.0174069 0.0191051 0.0205644 0.0171147 0.0205118 0.0170018 0.0198571 0.0223693 0.0183566 0.0280034 0.0344284 0.0318782 0.0309673 0.0294469 0.026603 0.0245798 0.025125
threshold=-0.089007975855970187 0.34583202947322583 0.00099542841797622809 -0.071731101546819068 -0.013914617745963195 0.0084390917946023398 -0.0065623657738521938 6.7833245593222182 6.6726638563301508 0.89587973461402759 1.0000000180025095e-35 -0.0014743107341977874 0.001887003503012061 0.75316886356262547 0.71452378500372193 -0.091660787205587582 0.050069634893908081 0.016539965641832841 0.024633214128964454 -0.0080551310211651028 -0.00063691412091311809 0.00039629939393151384 -0.00056387502496276615 0.0053480923017343767 0.0035581532117220063 0.0081982573290632355 -0.0086895561667186729 0.040014584323510259 -0.031575055565534756 -0.039421849290013349
decision_type=2 2 2 2 2 2 2 2 2 2 2 2 2 2 2 2 2 2 2 2 2 2 2 2 2 2 2 2 2 2
left_child=1 -1 -3 4 -2 6 -6 8 9 10 12 -12 16 14 15 -14 18 -18 21 -20 -21 22 23 24 -5 -24 -25 28 -23 -30
right_child=3 2 -4 7 5 -7 -8 -9 -10 -11 11 -13 13 -15 -16 -17 17 -19 19 20 -22 27 25 26 -26 -27 -28 -29 29 -31
leaf_value=0.0021512990701705263 -0.0018165859152321465 -0.0013063957819461148 0.00078776523965643722 -0.00024834391522237509 0.00040290584889859297 0.0012737135705538094 -0.0011660077744313786 0.0012379449458603633 -0.00089208183871468882 0.0011239523607347271 0.0003489654357244651 -0.0021254458107120757 -0.0016745483056486894 -0.0015800101705826818 0.0012731655277311803 -8.4150873268130076e-05 0.00014186604077824288 -0.0019707654911326248 -0.0001617942521625082 0.0020912455728792244 0.00045983022409540786 0.0012696795087928574 0.00058692757604071534 -0.0023876801063306631 0.0016883782792969475 0.0026337825495790206 -0.00020873979519819841 -0.0015327210847317476 -0.0015927334245394117 1.3255241336637141e-05
leaf_weight=21 27 22 20 43 27 20 31 20 37 34 31 28 21 20 25 633 27 20 40 38 47 33 94 20 42 23 69 32 28 187
leaf_count=21 27 22 20 43 27 20 31 20 37 34 31 28 21 20 25 633 27 20 40 38 47 33 94 20 42 23 69 32 28 187
internal_value=1.25128e-12 0.000510982 -0.000309176 -1.89699e-05 -0.000465156 2.64729e-06 -0.000435651 1.04582e-05 -5.15868e-06 1.62199e-05 -8.87195e-06 -0.000825331 2.45338e-05 -0.000126186 -8.33636e-05 -0.000135219 0.000166328 -0.000757126 0.000228688 0.000756861 0.00118917 0.000113063 0.00039115 -1.10549e-05 0.000708625 0.000989301 -0.000698389 -0.000175948 -8.80572e-07 -0.000195897
internal_weight=1760 63 42 1697 105 78 58 1592 1572 1535 1501 59 1442 699 679 654 743 47 696 125 85 571 291 174 85 117 89 280 248 215
internal_count=1760 63 42 1697 105 78 58 1592 1572 1535 1501 59 1442 699 679 654 743 47 696 125 85 571 291 174 85 117 89 280 248 215
is_linear=0
shrinkage=0.05


Tree=247
num_leaves=31
num_cat=0
split_feature=148 314 288 300 133 300 134 292 234 132 222 320 88 230 237 86 8 124 161 247 317 329 127 276 311 317 208 281 281 195
split_gain=0.00671928 0.0115611 0.00909377 0.0106374 0.022949 0.0159598 0.0176492 0.0180395 0.0166726 0.0122709 0.0242842 0.0367773 0.0440206 0.0282123 0.0215509 0.0234788 0.0188499 0.0176918 0.0172799 0.0195332 0.0232904 0.0171296 0.0254084 0.0210883 0.0241524 0.0201841 0.0304746 0.0360688 0.0352022 0.023509
threshold=0.066172815483938871 0.0077889044071773198 -0.079742195862733942 -0.064014404788412901 -0.006355404081353145 -0.041961587811409164 0.0057408840457646368 -0.0020765717598443477 -0.0087912079671420718 -0.0087962957989894033 0.004142384236938826 0.023471106853290492 0.088799904903890059 -0.0017259479238682918 0.021136714992194449 -0.18514390477073372 0.34450549450549456 0.022525051510151616 -0.020349504422672107 -0.034637666375689845 -0.0071264014150519998 -0.054595097507063033 -0.0022066606294000751 -0.070087743091677313 -0.010728996786391146 -0.027372364497799503 -0.011534232972060266 0.0063948635582900303 -0.020891632193275295 -0.029307865768340487
decision_type=2 2 2 2 2 2 2 2 2 2 2 2 2 2 2 2 2 2 2 2 2 2 2 2 2 2 2 2 2 2
left_child=2 -2 -1 4 -4 6 7 -5 -8 10 14 12 -12 -13 15 -7 17 18 -17 20 -20 22 -11 24 -23 26 -25 28 -28 -27
right_child=1 -3 3 5 -6 9 8 -9 -10 21 11 13 -14 -15 -16 16 -18 -19 19 -21 -22 23 -24 25 -26 29 27 -29 -30 -31
leaf_value=0.00082485924906316489 0.00020472402545800876 -0.0014543843693986891 -0.0019879943687036365 0.00029120494617854018 6.8122671939857802e-06 -0.0019515900150872769 0.00076400329447399908 0.0018633477279864667 -0.0010997157138793532 -0.00050528626597952104 0.00062550892194415057 -0.0019965701395579217 0.0030387258284132589 0.00056556672048331666 0.00061471294488261009 0.00076650498845588625 -0.0016022704526438333 0.0010334214230886462 -0.00032678325425457354 -8.4879513324768107e-05 -0.0025963141961256042 -0.0025274461624485416 0.0018857176434248686 0.0018573198094964029 -7.0192290586419397e-05 -0.0012918411856844615 -0.00016262278978472516 -0.001127443282166496 0.0025279446429340171 -0.00014773011524686692
leaf_weight=34 21 21 21 37 46 20 24 36 24 20 134 21 22 22 84 36 21 33 26 109 20 20 25 30 20 48 31 39 20 695
leaf_count=34 21 21 21 37 46 20 24 36 24 20 134 21 22 22 84 36 21 33 26 109 20 20 25 30 20 48 31 39 20 695
internal_value=1.48e-12 -0.00062483 1.52752e-05 -1.07028e-06 -0.000618426 2.45097e-05 0.000576843 0.00106651 -0.000167856 -2.01643e-05 0.000168182 0.000608968 0.000965834 -0.000685709 -8.31548e-05 -0.000304366 -0.000169898 -3.56135e-05 -0.000220316 -0.000449513 -0.00131354 -0.00012904 0.000823049 -0.000176486 -0.00129882 -0.000124466 0.000477224 1.71922e-05 0.000892502 -0.000221643
internal_weight=1760 42 1718 1684 67 1617 121 73 48 1496 548 199 156 43 349 265 245 224 191 155 46 948 45 903 40 863 120 90 51 743
internal_count=1760 42 1718 1684 67 1617 121 73 48 1496 548 199 156 43 349 265 245 224 191 155 46 948 45 903 40 863 120 90 51 743
is_linear=0
shrinkage=0.05


Tree=248
num_leaves=31
num_cat=0
split_feature=162 96 114 81 203 11 303 248 323 323 173 171 196 330 315 319 286 4 175 294 280 113 168 196 124 279 213 160 248 87
split_gain=0.00663034 0.0157115 0.0141618 0.0130775 0.0126229 0.0358689 0.0171395 0.0206664 0.0123515 0.0208002 0.0187435 0.0132748 0.015078 0.0250363 0.0243597 0.0294649 0.0245981 0.0234346 0.0229072 0.0216288 0.0199874 0.0327532 0.0198729 0.0192301 0.0189435 0.0171596 0.0332275 0.0363205 0.0335512 0.0258938
threshold=-0.044298184431543701 0.0098489823492677788 0.0096945020546241965 -0.39042118492741124 -0.033300099211005914 2.5907301360057269 -0.0089130950738113991 -0.0085388466417642608 0.070157180844110087 0.057126448291258895 -0.060666984855429006 -0.064296507453108762 0.013475427248727344 -0.032822959914864565 0.030758407823009603 0.018386080322725502 1.0000000180025095e-35 2.0126758453675748 0.017562459265451042 0.0076648619739233493 -0.06263119943199226 -0.017034918107972221 0.010405978169174638 0.027462456289113046 -0.00031427331374196297 -0.011178566403218146 -0.36923768044490252 0.0022048063256470685 -0.029127467183852052 0.083438760179929516
decision_type=2 2 2 2 2 2 2 2 2 2 2 2 2 2 2 2 2 2 2 2 2 2 2 2 2 2 2 2 2 2
left_child=1 2 3 -1 5 -2 -7 -8 9 10 -6 -12 20 17 15 19 -16 -14 22 23 21 -13 -17 -15 -21 26 -22 -28 -29 -30
right_child=4 -3 -4 -5 8 6 7 -9 -10 -11 11 12 13 14 16 18 -18 -19 -20 24 25 -23 -24 -25 -26 -27 27 28 29 -31
leaf_value=-0.00011388900896972268 -0.0019848221886692749 0.0016014864022422229 -0.00090578984751258631 0.0012529349282461529 0.0012011299089697953 0.00093852444720875108 0.00046773117283009928 -0.0016072397273092067 0.0011609885219039152 -0.0011773719044867903 -0.0012832569269812667 -0.0026017806993331762 0.00051015478102272032 0.0013276976043181839 0.0024528781889239328 -0.0028529964399058375 0.00010031235148198905 0.0025245858210837472 0.00027934428415557543 -0.0016144715069623837 0.0022663161670789123 -0.00020069256341750071 -0.00067528970010409311 -0.00036854051407620624 0.00022915399627220867 -0.00014971440556658074 -0.00041786334159301725 0.0024174897439782701 0.00069343245927881887 -0.0012725835134915543
leaf_weight=42 31 21 26 30 33 31 24 24 23 37 20 20 42 55 20 20 25 22 22 22 20 49 22 24 38 730 140 24 103 20
leaf_count=42 31 21 26 30 33 31 24 24 23 37 20 20 42 55 20 20 25 22 22 22 20 49 22 24 38 730 140 24 103 20
internal_value=8.09192e-13 0.000360381 9.44303e-05 0.000455621 -2.61337e-05 -0.000543486 2.21019e-05 -0.000569754 1.10373e-05 -6.50178e-06 2.29491e-05 -4.08847e-06 1.39534e-05 0.000320929 9.33973e-05 -0.000139916 0.0011459 0.00120262 -0.00102767 0.000268834 -7.26437e-05 -0.00089666 -0.00171229 0.000812385 -0.000446842 -1.78153e-05 0.000295821 0.000158504 0.000707426 0.000373755
internal_weight=1760 119 98 72 1641 110 79 48 1531 1508 1471 1438 1418 312 248 203 45 64 64 139 1106 69 42 79 60 1037 307 287 147 123
internal_count=1760 119 98 72 1641 110 79 48 1531 1508 1471 1438 1418 312 248 203 45 64 64 139 1106 69 42 79 60 1037 307 287 147 123
is_linear=0
shrinkage=0.05


Tree=249
num_leaves=31
num_cat=0
split_feature=129 327 53 2 313 209 156 52 220 263 93 322 139 158 271 233 308 252 292 81 256 269 324 110 216 81 280 166 230 179
split_gain=0.00681342 0.0243052 0.00787132 0.00915082 0.0313423 0.0139222 0.0219008 0.0155545 0.0271825 0.011035 0.0279076 0.0340676 0.0225926 0.0172827 0.016651 0.0167832 0.0165392 0.0149445 0.0132615 0.0126878 0.0320576 0.0309559 0.0238859 0.0245717 0.0230856 0.0183941 0.0301413 0.0210176 0.0229758 0.0312909
threshold=0.082351553940759478 0.0082461749170104435 0.89587973461402759 5.6646815693700718 0.0014368146929733129 0.79209292516438234 -0.001409224873172689 1.0000000180025095e-35 0.0034356070097554185 0.039333359561610402 -0.011042944318115854 -0.0016850845127814641 0.0066913041366247813 0.014871402855008565 0.012257858192966752 -0.030395212110571616 -0.0054081425354260406 -0.0039637918935321566 -0.001298159543613453 -0.50417404817943212 -0.039603957904236826 0.035231222344126685 0.002667672450266109 -0.0062903896157161755 0.0025048162017341819 -0.44372660130646174 -0.06263119943199226 0.040911147351212637 0.015175595288345089 0.0067621720358065759
decision_type=2 2 2 2 2 2 2 2 2 2 2 2 2 2 2 2 2 2 2 2 2 2 2 2 2 2 2 2 2 2
left_child=2 -2 3 5 -5 7 -7 9 -9 19 11 -11 -13 14 15 -12 -17 -16 -15 20 -1 22 23 -22 -24 26 -21 -27 29 -29
right_child=1 -3 -4 4 -6 6 -8 8 -10 10 13 12 -14 18 17 16 -18 -19 -20 25 21 -23 24 -25 -26 27 -28 28 -30 -31
leaf_value=0.0022548572218511254 -0.00057361128454517932 0.0018319955516961359 0.00090338059564364038 0.00062571771258231393 -0.0015696501022683003 -7.3520086328338454e-05 0.0020466774031298145 -0.0017368175224068442 0.00029634499247373653 0.00016888710140240923 -0.00014253556663687859 -0.00095774624420775351 -0.0032555284001864492 7.3402350806811063e-05 0.00050589761328107376 0.00049680570632715346 0.0024144041531888598 -0.0012776704614067137 -0.0016626795493886511 -0.0019336367943861453 -0.0012151009250374045 -0.0015182887408710403 0.0023303100615049955 0.00086147236148023914 0.00017465175908949713 5.3600253271012536e-05 -0.00016543383280584364 0.0031526338167168436 1.3046985420967558e-05 0.00035571816843003038
leaf_weight=22 21 21 23 29 37 29 21 35 31 30 27 23 20 22 24 23 22 23 22 26 28 22 27 29 23 694 330 20 36 20
leaf_count=22 21 21 23 29 37 29 21 35 31 30 27 23 20 22 24 23 22 23 22 26 28 22 27 29 23 694 330 20 36 20
internal_value=1.05828e-12 0.000629192 -1.53819e-05 -2.78489e-05 -0.000605019 -4.46445e-06 0.000816963 -3.04754e-05 -0.000781847 2.30086e-06 -0.000311806 -0.00112428 -0.00202648 5.20613e-05 0.000365127 0.000842986 0.0014343 -0.000366912 -0.000794639 6.03503e-05 0.000490727 0.000189867 0.000541077 -0.000158599 0.00133871 2.63551e-06 -0.000294572 0.000140046 0.000929431 0.00175418
internal_weight=1760 42 1718 1695 66 1629 50 1579 66 1513 236 73 43 163 119 72 45 47 44 1277 151 129 107 57 50 1126 356 770 76 40
internal_count=1760 42 1718 1695 66 1629 50 1579 66 1513 236 73 43 163 119 72 45 47 44 1277 151 129 107 57 50 1126 356 770 76 40
is_linear=0
shrinkage=0.05


Tree=250
num_leaves=31
num_cat=0
split_feature=280 280 108 274 210 240 96 157 138 297 328 309 268 312 81 249 131 224 216 106 319 2 248 81 140 186 179 179 158 284
split_gain=0.00654063 0.00875748 0.0144221 0.00796344 0.0297852 0.0204507 0.0218341 0.0230223 0.0192501 0.0207006 0.0198049 0.0185544 0.0179289 0.0164633 0.0145895 0.0277528 0.0316504 0.0314344 0.0220684 0.0285343 0.0239115 0.0275042 0.0200885 0.0176391 0.0377886 0.0299785 0.0258327 0.041934 0.0239796 0.020034
threshold=0.082553035759173957 0.06772444972591192 -0.016286285886783863 -0.029262144183994015 0.015144045647835417 0.037625328664267474 -0.0077911142160749956 -0.013255495102250431 0.010016899339104378 0.020363210550998618 0.00048966312543887651 -0.00069354207019484712 0.0063320965029717959 0.0085674718413618293 -0.50417404817943212 -0.027737699130973643 0.0048042112392779534 -0.0094873120450344513 0.0031092551622650048 0.034682405101701307 0.0062298857040230865 5.7445929490437448 0.0026053621618887771 -0.44372660130646174 -0.02951436149649312 0.011858362386538094 -0.0051608841854984587 -0.011142992182343785 0.0085289589674226781 0.017521705873499344
decision_type=2 2 2 2 2 2 2 2 2 2 2 2 2 2 2 2 2 2 2 2 2 2 2 2 2 2 2 2 2 2
left_child=1 3 -3 4 5 6 7 -1 9 13 -10 -9 -7 -8 15 17 18 -5 19 20 21 -17 -18 24 25 -16 27 29 -28 -26
right_child=-2 2 -4 14 -6 12 8 11 10 -11 -12 -13 -14 -15 23 16 22 -19 -20 -21 -22 -23 -24 -25 26 -27 28 -29 -30 -31
leaf_value=-0.00031133887430769393 0.00081977130236433968 -0.0016962939314544201 0.00015886878086761997 -3.7420387903694067e-05 -0.001805354161532941 -7.9952177988803569e-05 -0.00093423512518859002 0.0025325213410806926 0.0013759707742851349 -0.0018448532185105322 -0.00047631456658968498 0.00063389820195058552 -0.0017569670628290624 0.00057848755686011697 -0.0030647246233586754 0.00080099827595759275 4.927010765338006e-05 0.0022704766283924175 -0.00061556344100443475 0.0023463777387514712 0.0018376056864128814 -0.0012319362618394994 -0.0016586219646728064 0.00011291098526956091 -0.00068416904911627776 -0.00035987844719784337 -7.3785644718944775e-05 -0.0023569248343721545 0.0012761656668708596 0.00093991424593176424
leaf_weight=30 24 20 22 25 27 34 37 22 31 26 27 31 30 35 21 41 36 36 33 25 23 28 33 744 59 20 140 29 43 28
leaf_count=30 24 20 22 25 27 34 37 22 31 26 27 31 30 35 21 41 36 36 33 25 23 28 33 744 59 20 140 29 43 28
internal_value=-2.96041e-12 -1.13332e-05 -0.000724542 6.34962e-06 -0.000214052 -7.22523e-05 0.000140314 0.000795496 -0.000208277 -0.00063557 0.0005137 0.00142201 -0.000866053 -0.000198884 5.96725e-05 0.000381423 0.000118706 0.00132462 0.000526383 0.000848471 0.000441431 -2.39607e-05 -0.000767548 -2.34364e-05 -0.000321797 -0.00174529 -0.000126602 -0.000710338 0.000243416 -0.000161476
internal_weight=1760 1736 42 1694 330 303 239 83 156 98 58 53 64 72 1364 280 219 61 150 117 92 69 69 1084 340 41 299 116 183 87
internal_count=1760 1736 42 1694 330 303 239 83 156 98 58 53 64 72 1364 280 219 61 150 117 92 69 69 1084 340 41 299 116 183 87
is_linear=0
shrinkage=0.05


Tree=251
num_leaves=31
num_cat=0
split_feature=294 332 289 252 274 275 234 227 274 214 7 214 308 174 159 308 9 149 10 311 156 329 102 94 261 274 305 159 283 215
split_gain=0.00651536 0.0178915 0.0136218 0.00900571 0.0220659 0.00954831 0.00925201 0.00943725 0.0106236 0.0126968 0.0263706 0.0140042 0.016276 0.0236503 0.0145855 0.0290256 0.0204552 0.0184418 0.0288869 0.0186012 0.0277193 0.0350669 0.0270498 0.0204108 0.0298239 0.0243003 0.0209185 0.0183041 0.021151 0.0231211
threshold=0.063758564059846715 -0.020111875564484204 0.0033778304852123005 0.081643728390839318 -0.005648186306727543 0.024922706812960365 -0.15759861034544417 0.13165015634635643 0.063974019045519678 0.29309890934473853 0.42951750236518454 0.26146122778932385 0.056995945210602646 -0.0015889675711663221 0.026633978195895778 0.036140950480804464 0.069605943152454788 -0.0063632091852225039 0.267479674796748 0.016442633191085916 0.01239354364995343 0.0048872421988590334 -0.022901747787947086 0.028327140031811089 -0.025502068997681062 -0.0024823139640579206 0.00060666347432086667 0.0566160462898938 0.0060521082201719307 -0.0027299244515899056
decision_type=2 2 2 2 2 2 2 2 2 2 2 2 2 2 2 2 2 2 2 2 2 2 2 2 2 2 2 2 2 2
left_child=3 -2 -3 6 -5 -6 -1 8 9 11 -11 12 14 -14 16 27 17 18 19 23 21 22 -21 24 25 -8 -25 28 29 -16
right_child=1 2 -4 4 5 -7 7 -9 -10 10 -12 -13 13 -15 15 -17 -18 -19 -20 20 -22 -23 -24 26 -26 -27 -28 -29 -30 -31
leaf_value=0.00090554662373116515 0.0013791595976198874 -0.001157290933188051 0.00056433676037596784 -0.0014522156959477193 0.00098884240045057003 -0.00053767067787703128 0.00068714231549000203 -0.00084802114508806192 -0.00060928419991239987 -0.00022119640273524931 0.0021108384142280558 -0.0011206149837191873 1.2849174173814909e-05 0.0020507094721930724 -0.0017732102831359954 -0.0021133132752517918 0.0013734167596277107 -0.0001465760262911431 0.0021249257313320411 0.0012924112620696958 0.00099198353875960626 -0.0023517605251981879 -0.00094361213077239598 -0.00083419871768101225 0.00036363319181237347 0.0030952405199059286 0.00059706608454386393 0.00064648117868273405 0.00028823362978213344 -5.1233401921178619e-05
leaf_weight=28 31 20 27 36 21 20 22 33 67 27 22 27 35 24 44 22 29 640 20 21 28 26 38 59 193 20 45 48 52 35
leaf_count=28 31 20 27 36 21 20 22 33 67 27 22 27 35 24 44 22 29 640 20 21 28 26 38 59 193 20 45 48 52 35
internal_value=-6.03005e-13 0.000446734 -0.000168271 -2.07165e-05 -0.000548928 0.000244202 4.62446e-06 -1.13716e-05 6.51014e-06 3.44439e-05 0.00082584 7.28821e-06 2.90251e-05 0.000841809 -6.70834e-06 -0.000399443 6.24763e-05 2.82881e-05 0.000265392 0.000183112 -0.00037245 -0.000821911 -0.000147739 0.000368299 0.000626396 0.00183386 -0.000214901 -0.0001888 -0.000494857 -0.00101031
internal_weight=1760 78 47 1682 77 41 1605 1577 1544 1477 49 1428 1401 59 1342 201 1141 1112 472 452 113 85 59 339 235 42 104 179 131 79
internal_count=1760 78 47 1682 77 41 1605 1577 1544 1477 49 1428 1401 59 1342 201 1141 1112 472 452 113 85 59 339 235 42 104 179 131 79
is_linear=0
shrinkage=0.05


Tree=252
num_leaves=31
num_cat=0
split_feature=303 169 303 234 165 192 203 117 129 109 162 323 303 237 323 296 267 256 322 224 242 289 222 284 226 238 127 257 313 227
split_gain=0.00642103 0.0326759 0.0258261 0.0290609 0.0235803 0.0376614 0.0249877 0.0197689 0.0331809 0.0167599 0.0147648 0.0118348 0.0234877 0.0218404 0.0277553 0.0330461 0.0297657 0.0273608 0.0193334 0.0222582 0.0193897 0.0192937 0.0190558 0.0254403 0.0234729 0.0220906 0.0202466 0.0232918 0.0184512 0.0179902
threshold=-0.032614635315340333 -0.042029456629632721 -0.038215016721570808 -0.0026054391479858933 -0.0010050146909618004 0.012448057136286167 -0.0093738263715632524 0.0011406220727664233 -0.0099513036937509351 0.0048677126403704378 -0.011367529619935752 0.0082122835660160456 -0.026525205605098676 -0.040083110126577969 0.0020308615501650681 -0.0056398504886071201 0.010756860562256255 -0.011219995106174599 0.015154743636993187 0.002303051773381764 0.0027399004155026188 0.061019700964895111 0.0067577077798911022 -0.0032244518912876042 -0.00075561372559113593 0.014373391218922954 0.043437088396651245 0.0032170956834901613 0.0034766476180336536 0.018647252921334449
decision_type=2 2 2 2 2 2 2 2 2 2 2 2 2 2 2 2 2 2 2 2 2 2 2 2 2 2 2 2 2 2
left_child=1 -1 4 -4 5 6 -3 8 -6 -8 -9 13 -13 18 -15 16 -16 -17 19 -2 -21 22 26 25 -25 -24 29 -28 -20 -14
right_child=11 2 3 -5 7 -7 9 10 -10 -11 -12 12 21 14 15 17 -18 -19 28 20 -22 -23 23 24 -26 -27 27 -29 -30 -31
leaf_value=-0.0021191856884841052 0.00062138325752075394 -0.0012919551238883286 -0.0024892158462621627 -8.0220764803309592e-05 0.00068072704569203783 0.0025336516221337348 0.0016750012091926274 0.0012653224568348379 -0.0018593220579229337 -0.00017790573533009435 -0.00055733794579282403 0.0019096272712522478 0.00030622313570673892 -4.8402877010374657e-05 -0.0032733953938904135 0.00086019833947830198 -0.00060821520070021519 -0.0010272864390572067 0.00028262032559723594 -0.001866958258185713 0.00025711085896876863 0.0016476539411953474 0.0020741623135295531 0.00090330313967115219 -0.00098343384195365667 0.00017018558527342976 5.9623993831337431e-05 -0.0020987013602352818 0.0023809848898302087 -0.00052476908888860168
leaf_weight=21 83 20 21 31 20 23 26 25 36 23 20 20 223 668 22 32 20 48 20 21 22 21 39 32 34 25 25 25 22 92
leaf_count=21 83 20 21 31 20 23 26 25 36 23 20 20 223 668 22 32 20 48 20 21 22 21 39 32 34 25 25 25 22 92
internal_value=-1.26471e-12 -0.000226334 -6.409e-05 -0.00105308 0.000202375 0.000781447 0.000197378 -0.000325097 -0.000952162 0.000805269 0.000455251 4.02978e-05 0.000228435 -6.49649e-05 -0.000175058 -0.000868544 -0.00200426 -0.000272293 0.000452733 0.000143057 -0.000780225 0.000163273 0.000100299 0.000620122 -6.86523e-05 0.00133042 -8.48436e-05 -0.00101954 0.00138176 6.35206e-05
internal_weight=1760 266 245 52 193 92 69 101 56 49 45 1494 536 958 790 122 42 80 168 126 43 516 495 130 66 64 365 50 42 315
internal_count=1760 266 245 52 193 92 69 101 56 49 45 1494 536 958 790 122 42 80 168 126 43 516 495 130 66 64 365 50 42 315
is_linear=0
shrinkage=0.05


Tree=253
num_leaves=31
num_cat=0
split_feature=263 229 193 229 266 266 261 123 278 265 281 96 154 88 323 323 92 92 284 284 295 128 281 248 324 221 103 123 127 208
split_gain=0.00655035 0.00904784 0.0249335 0.0122237 0.00898051 0.0277083 0.0148769 0.0235879 0.0164487 0.0161995 0.0101136 0.0198222 0.0155959 0.0163444 0.0152908 0.0191255 0.0128831 0.0309043 0.0267463 0.0231201 0.0237375 0.0283138 0.0231763 0.0231593 0.0210762 0.0193379 0.0190239 0.0186302 0.0160755 0.0203537
threshold=-0.10697904623541275 0.10613874808095498 0.010617522307117728 0.097827704506571717 0.061256608832743496 0.056960765057534654 -0.0029382613498122024 0.0065659603082772041 0.0060805560534402609 0.0092042054868497324 -0.055692302540776735 -0.019222032807086807 -0.014788213430584809 0.034640035891341896 0.075879872175375854 0.064265418099098748 0.033569580644956236 0.050315933693719145 -0.0079709541828991998 0.0012563301950540299 0.0078690497060701636 -0.020816156477048112 0.044141531101634206 0.0056681355122050157 0.022562106996334312 -0.0041588319940071951 -0.0064366086499166005 -0.0068424839631939178 0.060377585478556088 0.0045899921127509711
decision_type=2 2 2 2 2 2 2 2 2 2 2 2 2 2 2 2 2 2 2 2 2 2 2 2 2 2 2 2 2 2
left_child=-1 3 -3 4 5 10 9 8 -8 -6 11 -2 -13 -14 15 16 28 18 -18 22 -21 -22 23 24 27 -23 -20 -19 -12 -30
right_child=1 2 -4 -5 6 -7 7 -9 -10 -11 14 12 13 -15 -16 -17 17 19 26 20 21 25 -24 -25 -26 -27 -28 -29 29 -31
leaf_value=0.00087778077868279076 -0.0018594916388835936 0.0001858242295889391 -0.0019507273311980746 0.0011309077279292978 0.00026690064696595074 -0.0018434130220807026 0.0013965120762586595 -0.0014646652853116393 -0.00047806748427154326 0.0019047678179609088 -0.00014135158230426002 0.0010027494247134945 -8.8386501496036864e-06 -0.0017267052186070943 0.0013292172648520634 -0.0015343620941348493 -4.4448312650534462e-05 -0.0011158550034217056 0.0029539419343927878 0.00015442483932323134 -0.0026605461537837984 -0.0012735775899727743 -0.00091092769246272482 0.001554840800818056 0.001577391660116105 0.00060395711625460535 0.0010572437755166529 0.00050846595645785654 0.0013832267367797613 -0.00035652533926528628
leaf_weight=21 21 36 22 24 36 21 25 22 22 26 855 22 45 20 22 20 35 31 20 90 20 32 27 50 22 24 39 41 40 29
leaf_count=21 21 36 22 24 36 21 25 22 22 26 855 22 45 20 22 20 35 31 20 90 20 32 27 50 22 24 39 41 40 29
internal_value=-4.45368e-13 -1.06e-05 -0.000624592 1.05847e-05 -5.64204e-06 -3.9747e-05 0.000391642 -0.000113439 0.000519049 0.000953748 -1.45796e-05 -0.000480747 -0.000147947 -0.000537413 2.14592e-05 5.35021e-07 2.31903e-05 0.00024893 0.00105059 2.53205e-05 -0.000395013 -0.00104566 0.000433364 0.000685418 0.00022296 -0.00046892 0.00170019 -0.000190894 -8.21058e-05 0.000652027
internal_weight=1760 1739 58 1681 1657 1526 131 69 47 62 1505 108 87 65 1397 1375 1355 431 94 337 166 76 171 144 94 56 59 72 924 69
internal_count=1760 1739 58 1681 1657 1526 131 69 47 62 1505 108 87 65 1397 1375 1355 431 94 337 166 76 171 144 94 56 59 72 924 69
is_linear=0
shrinkage=0.05


Tree=254
num_leaves=31
num_cat=0
split_feature=251 161 296 219 251 188 191 243 222 243 130 275 247 112 312 173 173 327 277 277 251 324 324 304 296 321 226 164 0 286
split_gain=0.0062518 0.0190851 0.023661 0.0147356 0.012362 0.0310353 0.0243034 0.00980819 0.0273401 0.0220911 0.032962 0.031554 0.0280924 0.0257956 0.0199741 0.0171616 0.0232384 0.0473099 0.025186 0.0448427 0.0332516 0.0311079 0.0276131 0.0253653 0.0237458 0.0238729 0.0229238 0.0218925 0.0412321 0.0213714
threshold=-0.074100782080096822 0.016368440800737027 0.018137647304090652 -0.03229889040841797 -0.060673662351672555 0.0035840390240686171 0.0021905961318241531 0.0074735315820978442 0.020332860164597639 0.00059666114755275903 -0.0023987154673340218 -0.01235716499273763 0.001340137367503696 -0.0022828233912172697 0.064757321254484509 0.0027512791140103269 0.00020468431909666661 -0.0032068780433814853 -0.026569033319315902 -0.016929305635903977 -0.0013150989635330437 -0.021264628436507806 -0.011582970077501668 0.016987595491967673 0.028570021272911059 -0.0084433015016347705 0.001194827086592825 1.0000000180025095e-35 6.7440584926381337 0.023508683805421739
decision_type=2 2 2 2 2 2 2 2 2 2 2 2 2 2 2 2 2 2 2 2 2 2 2 2 2 2 2 2 2 2
left_child=1 2 3 -1 5 6 -2 9 -9 14 12 -12 -11 -14 15 16 18 -18 23 -20 21 -21 -23 -6 25 -24 -19 28 -17 -29
right_child=4 -3 -4 -5 7 -7 -8 8 -10 10 11 -13 13 -15 -16 27 17 26 19 20 -22 22 24 -25 -26 -27 -28 29 -30 -31
leaf_value=-0.0011783770526314831 0.001188400638056919 0.00086426690152923899 -0.0020200540740042926 0.00048234591770725439 -1.1810563592007385e-06 0.0020864770920015871 -0.0011500301761552692 -9.5354614700581759e-05 -0.0018176738114561886 0.00072389193603437615 0.002507399587369891 0.00055170884879771618 0.00019298480738970367 -0.0022569575036565466 -0.0013578414097773258 -0.00030365766869452985 0.0031263440637849271 -0.00072752030100673446 0.0025506074028089644 -0.0022271082531439049 0.00062113401287425957 0.00155463205446722 8.2163202066166214e-05 -0.0020743464379338549 0.00096258289360610602 -0.0017000731127198032 0.0015058746561408044 0.00047188576143234969 -0.0024468250648799136 -0.0011865503696279357
leaf_weight=22 20 24 25 34 36 25 25 577 24 52 33 55 22 21 27 164 20 27 20 21 149 20 34 25 22 42 20 125 26 23
leaf_count=22 20 24 25 34 36 25 25 577 24 52 33 55 22 21 27 164 20 27 20 21 149 20 34 25 22 42 20 125 26 23
internal_value=2.02001e-13 -0.000374128 -0.00074106 -0.000170081 2.37362e-05 0.000673988 -0.000110728 -4.98152e-06 -0.000164133 9.22237e-05 0.000587869 0.00128509 -5.79796e-05 -0.0010035 -2.10138e-05 2.56197e-05 0.000232917 0.00108957 7.73729e-05 0.000261207 0.000102221 -0.000454024 -0.000138475 -0.000850839 -0.000484007 -0.000902757 0.000222861 -0.000241782 -0.000596933 0.000214156
internal_weight=1760 105 81 56 1655 70 45 1585 601 984 183 88 95 43 801 774 436 67 369 308 288 139 118 61 98 76 47 338 190 148
internal_count=1760 105 81 56 1655 70 45 1585 601 984 183 88 95 43 801 774 436 67 369 308 288 139 118 61 98 76 47 338 190 148
is_linear=0
shrinkage=0.05


Tree=255
num_leaves=31
num_cat=0
split_feature=263 263 266 266 153 159 142 257 149 213 288 224 109 171 249 313 225 306 202 173 202 259 248 294 238 0 170 313 249 285
split_gain=0.00603886 0.00870669 0.00761657 0.0247174 0.0162687 0.0165638 0.0143609 0.0114496 0.00901448 0.0181691 0.00952036 0.0211279 0.0175826 0.0239217 0.0216171 0.0204351 0.0213323 0.0270489 0.0180126 0.0258842 0.0228077 0.0197979 0.036522 0.0338123 0.0297176 0.0238513 0.0222985 0.0230332 0.0230381 0.0197246
threshold=-0.10697904623541275 -0.096442631447977462 0.061256608832743496 0.056960765057534654 -0.012987471721018317 0.0087037637339992327 0.013179094899653727 0.0060366348160684228 -0.05875813512605868 0.0013284066909950854 -0.0026154090516806792 0.070054084979818743 0.061921711474305051 0.0043521626223684932 -0.00077830296727967447 0.029943096472766186 1.0000000180025095e-35 -0.0029652894293853674 -0.018376362011430763 -0.0061150764143817465 -0.032024465974640981 0.0048100321705000148 -0.061475460018253728 0.040736726210568099 -0.02634000939089768 4.4829865921051741 0.0071271762324575348 -0.0027716691185581577 0.00070099908620011638 -0.021672688943941972
decision_type=2 2 2 2 2 2 2 2 2 2 2 2 2 2 2 2 2 2 2 2 2 2 2 2 2 2 2 2 2 2
left_child=-1 -2 3 8 -4 6 -6 -7 9 -3 -10 12 15 14 -14 18 -17 -18 19 -12 -21 22 -20 24 -23 -26 29 28 -28 -24
right_child=1 2 4 -5 5 7 -8 -9 10 -11 11 -13 13 -15 -16 16 17 -19 21 20 -22 23 26 -25 25 -27 27 -29 -30 -31
leaf_value=0.00084281284313571323 -0.0010221034496290876 -0.0018216291558201194 -0.00058067715555593818 -0.001732404357365643 0.0018735287752601186 0.00074163981057195503 0.00024328525548546827 -0.00089058156424601156 -0.0001216741752009086 0.00023896078700604646 0.0018308273267133961 0.0013690993394420454 0.0026719073659147731 -0.00022885058551764815 0.00042914982546963506 4.9835602382060004e-05 -0.00024697819664232576 -0.0025504005276598038 -0.0020740326325176285 -0.0010964042686796545 0.0010651085339934351 0.0014391571739300465 0.0012046378774903134 0.0021537404815414147 -0.0016824881427138197 0.00010725036516019782 0.00071148477594501209 -0.0016929175368057112 -0.0013256017553984472 -3.2958634520499889e-05
leaf_weight=21 21 20 34 21 35 22 22 21 695 23 35 33 22 32 21 54 26 25 25 23 26 36 40 24 22 121 35 37 23 165
leaf_count=21 21 20 34 21 35 22 22 21 695 23 35 33 22 32 21 54 26 25 25 23 26 36 40 24 22 121 35 37 23 165
internal_value=1.71479e-12 -1.01777e-05 2.19156e-06 -2.8429e-05 0.000364154 0.000685396 0.00124431 -5.54916e-05 -5.53488e-06 -0.000719453 1.46615e-05 0.000129514 7.78646e-05 0.000806279 0.00157661 1.67063e-06 -0.000642765 -0.00137611 0.000112236 0.000792315 5.05209e-05 4.04107e-06 -0.000237933 0.000391438 0.000155152 -0.000168094 -8.49249e-05 -0.000718156 -9.63254e-05 0.000208524
internal_weight=1760 1739 1718 1584 134 100 57 43 1563 43 1520 825 792 75 43 717 105 51 612 84 49 528 325 203 179 143 300 95 58 205
internal_count=1760 1739 1718 1584 134 100 57 43 1563 43 1520 825 792 75 43 717 105 51 612 84 49 528 325 203 179 143 300 95 58 205
is_linear=0
shrinkage=0.05


Tree=256
num_leaves=31
num_cat=0
split_feature=235 226 311 127 304 304 274 228 207 207 194 295 295 170 182 166 296 137 89 274 286 330 95 163 336 261 145 205 207 325
split_gain=0.00600976 0.0255093 0.0477656 0.0214218 0.0181252 0.00866247 0.0326979 0.0312585 0.0186822 0.0266248 0.027324 0.0231603 0.0293602 0.0287731 0.0288599 0.0251008 0.0264664 0.0222753 0.0423128 0.0211801 0.0208992 0.0251175 0.0208115 0.02096 0.02025 0.0200262 0.0229539 0.0221384 0.0185709 0.0176229
threshold=-0.079403546714111081 -0.0066400523125040448 0.003104089023784277 -0.017962364758145853 0.0058086059657679696 -0.018214432621891753 0.062309996302811525 0.067539271023648831 -0.0021283247519261954 -0.0015945925372737233 -0.0055682909936719529 0.018454112181021672 0.014265120971098456 -0.0020425465135402322 -0.0014306878517626102 0.0082671157565441002 0.016503625466937361 -0.014664110209415285 0.0024022941783899579 -0.03196106889205462 0.024170880126194866 0.0090750510364872323 -0.047134975818840442 0.00076779031400247514 0.0085595600404914981 1.0000000180025095e-35 -0.0041995439934035738 -0.0035150234010108855 -0.0027121658948607457 0.011725508768525862
decision_type=2 2 2 2 2 2 2 2 2 2 2 2 2 2 2 2 2 2 2 2 2 2 2 2 2 2 2 2 2 2
left_child=1 2 -1 -3 -5 6 7 29 28 -10 17 12 15 -13 -15 19 -17 18 -11 -12 21 22 -21 -24 25 27 -27 -19 -7 -2
right_child=5 3 -4 4 -6 8 -8 -9 9 10 11 13 -14 14 -16 16 -18 24 -20 20 -22 -23 23 -25 -26 26 -28 -29 -30 -31
leaf_value=0.0027442320641130214 -9.0426439818853109e-05 -0.0016176014370284976 -0.00053406796367198698 -0.00045018760251372848 0.001302298337337561 7.5154811287818588e-05 -0.0017076791125212121 0.0017462755974988935 -0.0019303750393547766 -0.00040947947236418263 -0.00070268375133403032 0.00032660225594870044 0.0019830262484240601 -0.00026249116153589317 -0.0023235060099096069 5.8790424666592132e-05 -0.0016879959486478973 -0.0002148109550874394 -0.0032978918558607497 0.0017118305960902944 -0.0005050494031010928 0.0018024282351372834 -0.00059936615939745134 0.00089004868042882835 0.00052928346949758845 -0.0011377372132200334 0.00082804288278125714 -0.0021186299851743153 0.0015301980417343263 0.00065968129690826681
leaf_weight=25 255 20 20 36 25 471 22 33 23 32 39 49 22 35 33 57 35 26 21 25 37 46 51 44 45 27 33 37 23 113
leaf_count=25 255 20 20 36 25 471 22 33 23 32 39 49 22 35 33 57 35 26 21 25 37 46 51 44 45 27 33 37 23 113
internal_value=-3.06112e-12 0.000332723 0.00128721 -0.000197547 0.000268044 -2.56567e-05 0.000169133 0.000272101 -9.36966e-05 -0.000256707 -0.00020124 1.32111e-05 0.000213787 -0.000597089 -0.00126269 9.72504e-05 -0.000605748 -0.000660223 -0.00155394 0.000364506 0.000569533 0.000809048 0.000428252 9.04681e-05 -0.000378275 -0.000710308 -5.65582e-05 -0.00133293 0.0001429 0.000139906
internal_weight=1760 126 45 81 61 1634 423 401 1211 717 694 473 356 117 68 334 92 221 53 242 203 166 120 95 168 123 60 63 494 368
internal_count=1760 126 45 81 61 1634 423 401 1211 717 694 473 356 117 68 334 92 221 53 242 203 166 120 95 168 123 60 63 494 368
is_linear=0
shrinkage=0.05


Tree=257
num_leaves=31
num_cat=0
split_feature=171 280 280 312 318 307 9 222 328 312 173 302 155 148 244 323 124 331 142 249 193 245 207 7 282 277 315 266 196 164
split_gain=0.00593825 0.00943739 0.00875467 0.00819431 0.020511 0.0181261 0.0105399 0.00959967 0.030071 0.013007 0.0313993 0.0111617 0.0131265 0.0131127 0.0169768 0.0125482 0.0209387 0.0247296 0.0274547 0.0271541 0.0229893 0.0204128 0.018426 0.0152059 0.0136764 0.013552 0.0139916 0.0272913 0.0195308 0.0220429
threshold=0.06791659546017921 0.082553035759173957 0.070660108109023692 -0.054195697608855807 -0.0023969766872906054 -0.0025215016558584225 0.02223395518010091 0.057343819726158561 -0.00098244161607264854 -0.042642204190266618 -0.0023473717866256505 -0.076003487302649109 0.073960072970647425 0.058694756047227965 0.016598507731112485 0.025674306714321912 0.016178048756950641 0.024059284777572233 -0.0155613497903591 -0.0049950255620223654 0.0094726061220172901 -0.005596369603494516 0.036617240576328459 0.56174750601995194 -0.012245124521934646 0.096880343568119448 0.019995405446862794 -0.046611179074224469 0.034135503404365629 0.016444382713771768
decision_type=2 2 2 2 2 2 2 2 2 2 2 2 2 2 2 2 2 2 2 2 2 2 2 2 2 2 2 2 2 2
left_child=1 2 3 4 5 -1 -6 9 -9 10 -5 -11 13 15 -15 22 17 18 -17 20 -20 -21 25 -18 -19 26 -13 -28 29 -29
right_child=-2 -3 -4 7 6 -7 -8 8 -10 11 -12 12 -14 14 -16 16 23 24 19 21 -22 -23 -24 -25 -26 -27 27 28 -30 -31
leaf_value=-0.0023615806159796196 -0.00078111012856728248 0.0010906521565630101 -0.00086315694427647593 -0.00025482164022715522 -0.00035013537332512592 -0.00025833976161222729 0.001038984677936903 -0.002095156576251611 0.00064669464307371533 0.00097106347252960299 0.0021268003522418441 1.8372907637012132e-05 -0.0010056075594137282 -0.0016474762030646581 0.00017736767558380962 0.0015467551806255077 0.0021343319996958601 -0.0018623752832700987 7.3667888444525981e-05 -0.00039580420839642602 -0.0021811424536372216 0.0016093662887578832 0.0011053215121137328 0.00058747169200517983 -7.8478998991406786e-05 0.0012135364081976669 -0.0021963797620264815 -0.00086426118150229395 0.001047498360509053 0.00039889108196731804
leaf_weight=20 24 20 29 31 36 21 22 20 20 31 25 868 31 26 25 39 24 21 26 22 20 30 36 47 22 21 20 107 25 51
leaf_count=20 24 20 29 31 36 21 22 20 20 31 25 868 31 26 25 39 24 21 26 22 20 30 36 47 22 21 20 107 25 51
internal_value=1.218e-12 1.07988e-05 -1.78695e-06 1.30202e-05 -0.000428323 -0.00128431 0.000176772 4.05347e-05 -0.000724231 6.02961e-05 0.000808402 3.2217e-05 1.22963e-05 3.43627e-05 -0.000752945 6.348e-05 0.000383219 9.64047e-05 0.000424739 -2.17774e-05 -0.000906684 0.000761025 -7.66765e-06 0.00111035 -0.000949684 -4.43596e-05 -6.90242e-05 -0.000442722 -0.000251066 -0.000456535
internal_weight=1760 1736 1716 1687 99 41 58 1588 40 1548 56 1492 1461 1430 51 1379 251 180 137 98 46 52 1128 71 43 1092 1071 203 183 158
internal_count=1760 1736 1716 1687 99 41 58 1588 40 1548 56 1492 1461 1430 51 1379 251 180 137 98 46 52 1128 71 43 1092 1071 203 183 158
is_linear=0
shrinkage=0.05


Tree=258
num_leaves=31
num_cat=0
split_feature=303 169 303 234 169 101 295 106 88 252 208 86 274 312 257 307 111 83 208 298 319 288 208 110 197 294 284 336 246 116
split_gain=0.00578997 0.0271672 0.0213917 0.0241003 0.0212094 0.0188689 0.0269832 0.0226067 0.0131277 0.014962 0.0100427 0.0244633 0.0171219 0.0274655 0.0205747 0.0178687 0.0177147 0.0207002 0.0168781 0.0253463 0.0163075 0.0158952 0.0157609 0.0175485 0.0209025 0.0197927 0.0189841 0.0178396 0.0153329 0.0143775
threshold=-0.032614635315340333 -0.042029456629632721 -0.038215016721570808 -0.0026054391479858933 -0.02710057040923761 -0.0055309173675459457 0.0074898415475438017 -0.0013690721639364675 -0.060677327922843742 -0.0057266873581842308 -0.013916243230811495 -0.12831405394393966 0.018846601368624302 -0.034310396315432819 0.018718808497281577 -0.0064536126359970207 -0.028648855002712234 -0.094917724659654132 -0.011871938331169013 0.005988126301251292 0.0049043576353695528 -0.021902533144612043 -0.0069904570940407936 -0.008404757449091407 -0.013087342311126356 0.031514159798598618 0.015905221338578621 -0.0068229708268854302 0.00027440870775498208 0.0039572522647182895
decision_type=2 2 2 2 2 2 2 2 2 2 2 2 2 2 2 2 2 2 2 2 2 2 2 2 2 2 2 2 2 2
left_child=1 -1 4 -4 -3 7 8 -6 -7 -10 11 -2 13 -13 16 -16 -15 29 19 -12 -19 22 -20 27 -25 26 -26 -24 -14 -18
right_child=10 2 3 -5 5 6 -8 -9 9 -11 18 12 28 14 15 -17 17 20 21 -21 -22 -23 23 24 25 -27 -28 -29 -30 -31
leaf_value=-0.0019408623294328296 -0.0018691256398423797 0.0016755906316185639 -0.0022749067539171801 -8.1129622976145444e-05 0.0014180150480033497 0.0010535231262717086 -0.0014503296335020332 -0.00064958648756146436 -0.0012411708384246121 0.00054344075930809292 4.9662651560668435e-05 -0.0020996867198846306 -0.00014229856971770716 0.0012206027924548835 -0.0021499954829050697 -0.00024484746822963646 -0.00022066561832616573 -0.0018762618768960238 0.00087266138568968294 0.0023801887041190639 8.3673367043957114e-06 0.00016058749821613394 -0.0021356958700343965 -0.0012531094564755838 0.000146449176089305 -0.0010964613957026891 0.0018633751809829847 -0.0005103868815170314 0.0012886662047094434 0.0015707789792248237
leaf_weight=21 21 21 21 31 39 27 39 20 23 24 28 20 39 32 20 32 24 22 26 20 24 908 25 31 69 23 21 52 36 21
leaf_count=21 21 21 21 31 39 27 39 20 23 24 28 20 39 32 20 32 24 22 26 20 24 908 25 31 69 23 21 52 36 21
internal_value=-3.66795e-13 -0.000214925 -6.69873e-05 -0.000967078 0.000175524 -7.6234e-06 -0.000386036 0.000717133 0.000174875 -0.00032988 3.82664e-05 -0.00022531 -9.74581e-05 -0.00034439 -0.000143785 -0.000977597 0.000208721 -0.000147105 0.000102024 0.00102072 -0.000892977 6.3845e-05 -0.000291791 -0.000428786 -0.00010298 0.000212542 0.000547065 -0.00103808 0.000544565 0.000615342
internal_weight=1760 266 245 52 193 172 113 59 74 47 1494 291 270 195 175 52 123 91 1203 48 46 1155 247 221 144 113 90 77 75 45
internal_count=1760 266 245 52 193 172 113 59 74 47 1494 291 270 195 175 52 123 91 1203 48 46 1155 247 221 144 113 90 77 75 45
is_linear=0
shrinkage=0.05


Tree=259
num_leaves=31
num_cat=0
split_feature=294 276 61 232 235 232 297 189 174 185 1 311 160 294 331 320 112 81 140 276 159 267 95 138 305 246 310 234 281 239
split_gain=0.00581313 0.0154403 0.0229034 0.00743064 0.0276014 0.0177962 0.0165369 0.0281854 0.0279936 0.0234964 0.0228978 0.0215707 0.0189198 0.016384 0.0157992 0.0149527 0.0128455 0.02192 0.023437 0.0149589 0.0140946 0.0134237 0.0209524 0.0156826 0.0209407 0.0255702 0.0361042 0.0325828 0.0254927 0.0224006
threshold=0.063758564059846715 0.029537051920389652 1.0000000180025095e-35 -0.0041424180694857498 -0.088218716751490983 -0.0050541245483349045 -0.0063700476179124098 -0.0029130391136352372 0.013724238832171332 0.0069295408018747538 4.9732735209982879 0.0094948560835066784 0.0071699544493665146 0.024710885234077749 0.033359355062056992 0.043991654960428853 0.028559152679577256 -0.50417404817943212 -0.02951436149649312 -0.077776721801992812 -0.0056538608988788196 0.055249076545658339 -0.0091865286041042781 0.011737475861768418 0.014204473341502457 -0.0059007510135947244 0.012190199089865798 0.0066314680320020093 0.0089868783621184934 0.0018629674666896274
decision_type=2 2 2 2 2 2 2 2 2 2 2 2 2 2 2 2 2 2 2 2 2 2 2 2 2 2 2 2 2 2
left_child=3 2 -2 5 -5 6 7 8 11 -10 13 12 -1 -9 15 -8 19 -18 -19 -6 -20 23 -23 24 -21 26 28 29 -26 -27
right_child=1 -3 -4 4 16 -7 14 10 9 -11 -12 -13 -14 -15 -16 -17 17 18 20 21 -22 22 -24 -25 25 27 -28 -29 -30 -31
leaf_value=0.00093006633375937648 3.7768565856947983e-05 -0.00051808810302255944 0.0022059546240294973 0.0016137472044127727 0.0010160391166385624 -0.0013828821917871081 0.00033240332920711382 -0.0002070542921328091 -0.0020038759425832805 0.00033433716522441025 -0.0020590403189999053 0.0020972533935924901 -0.00096829387759845252 -0.0016883671649945125 -0.000775753531971449 -0.00087442347066826189 0.0014743255592245413 -0.0014201130905088836 -0.0003555266803596169 0.0002127880145776898 0.00081220964218604657 0.0019422220808337444 -0.00013353342613798655 -0.00053080997238116564 -0.0018348581709384843 -1.8393716720097208e-06 -0.0029162884867262274 0.00095962356700671518 0.00039362029765470656 -0.0020788158789010985
leaf_weight=35 29 28 21 28 31 28 308 84 22 21 32 21 21 24 44 28 38 21 40 347 73 20 31 204 21 34 21 51 33 21
leaf_count=35 29 28 21 28 31 28 308 84 22 21 32 21 21 24 44 28 38 21 40 347 73 20 31 204 21 34 21 51 33 21
internal_value=-1.19195e-12 0.000421973 0.000948407 -1.95683e-05 6.57298e-05 -0.000149048 -9.50675e-05 -0.000402332 0.000159969 -0.000861958 -0.000884305 0.000730655 0.000218181 -0.000536235 0.000115166 0.000231834 2.17699e-05 0.000414373 0.00011379 -6.11882e-05 0.000398852 -0.000103837 0.000680488 -0.000158483 -1.46289e-05 -0.000450616 -0.00115713 4.92748e-05 -0.00047301 -0.000794867
internal_weight=1760 78 50 1682 1014 668 640 260 120 43 140 77 56 108 380 336 986 172 134 814 113 783 51 732 528 181 75 106 54 55
internal_count=1760 78 50 1682 1014 668 640 260 120 43 140 77 56 108 380 336 986 172 134 814 113 783 51 732 528 181 75 106 54 55
is_linear=0
shrinkage=0.05


Tree=260
num_leaves=31
num_cat=0
split_feature=129 327 261 307 172 164 316 294 322 124 175 290 155 269 246 121 184 166 92 146 260 169 264 311 299 265 87 117 125 1
split_gain=0.00568882 0.0197246 0.00648927 0.013428 0.0132285 0.0144973 0.016934 0.0239107 0.0132422 0.0214238 0.0289648 0.0199796 0.0220492 0.0257461 0.0346172 0.0273574 0.0314431 0.0219675 0.0217544 0.0195463 0.0157761 0.0147062 0.0145217 0.0140501 0.0123606 0.0110147 0.0206748 0.0242062 0.0179535 0.0436671
threshold=0.082351553940759478 0.0082461749170104435 0.0032625273977240367 -0.075088780002793662 -0.062005358130632966 -0.034976788150393533 0.0091348903157482311 -0.0047661867823962168 0.022086920135517649 0.0030078545018263456 -0.0015960146491205117 -0.017782392424302167 -0.00043394441130585311 1.0000000180025095e-35 0.0050505668559876638 -0.00058511227433549339 -0.0019437273148518513 -0.0091202148867516458 0.062093964662275923 -0.0014439549940333978 -0.036289789153265743 -0.0028494300979833844 -0.018399710558375342 -0.0092933414554077064 0.0091972711338342561 -0.02112990763841836 0.16960938967352537 0.013425580345674119 0.060383799074197914 4.8978119533300921
decision_type=2 2 2 2 2 2 2 2 2 2 2 2 2 2 2 2 2 2 2 2 2 2 2 2 2 2 2 2 2 2
left_child=2 -2 3 -1 -4 6 7 -6 11 10 -10 18 20 15 21 16 -14 -17 19 24 -13 -15 -22 -21 -7 28 -27 -28 29 -5
right_child=1 -3 4 25 5 8 -8 -9 9 -11 -12 12 13 14 -16 17 -18 -19 -20 23 22 -23 -24 -25 -26 26 27 -29 -30 -31
leaf_value=-0.0011757928506648612 -0.00050862587938484344 0.0016584767727181315 -0.0013021280781527901 -5.8168332424227884e-05 0.00011672020967428883 0.0013231720820398108 -0.00023864244159133371 0.0024269614601507786 -0.0025176925352382203 9.513627062551678e-05 -0.00029400338848972751 -0.00086805656445092705 -0.0034012913076288025 -0.0017741700547048824 0.0015570573248696747 0.00050636852031637884 -0.00069054995707119827 -0.0013668657451703708 0.0015177343098912389 -0.0012792533602717618 -0.00058956164777135625 9.9176138279620895e-05 0.000499723508265804 0.00015512038662564011 -1.8783165069180543e-05 0.00012753838324511553 0.00016469790445019803 0.0022490910251900249 0.0012366411032243855 -0.0022244400397399798
leaf_weight=21 21 21 23 221 24 37 38 21 27 50 32 37 23 20 25 29 20 34 34 31 39 22 142 38 32 595 30 26 21 26
leaf_count=21 21 21 23 221 24 37 38 21 27 50 32 37 23 20 25 29 20 34 34 31 39 22 142 38 32 595 30 26 21 26
internal_value=-7.9843e-13 0.000574925 -1.40552e-05 7.43509e-05 -0.00012087 -8.48844e-05 0.000538543 0.00119483 -0.000161885 -0.000666321 -0.00131162 -6.42235e-05 -0.000261777 -0.000683263 8.39538e-05 -0.0011682 -0.00214048 -0.000504583 0.000384866 0.000105754 7.27052e-05 -0.000792893 0.000265016 -0.000489308 0.000700816 0.000102918 0.000213983 0.00113245 -0.00016687 -0.000286197
internal_weight=1760 42 1718 940 778 755 83 45 672 109 59 563 391 173 67 106 43 63 172 138 218 42 181 69 69 919 651 56 268 247
internal_count=1760 42 1718 940 778 755 83 45 672 109 59 563 391 173 67 106 43 63 172 138 218 42 181 69 69 919 651 56 268 247
is_linear=0
shrinkage=0.05


Tree=261
num_leaves=31
num_cat=0
split_feature=219 209 276 129 302 205 260 228 334 331 331 305 89 167 258 228 115 132 333 310 304 304 312 307 336 142 312 94 142 109
split_gain=0.00593287 0.0273484 0.0151581 0.00676874 0.015394 0.0174489 0.0161849 0.0137374 0.0126815 0.0150752 0.0185205 0.0287254 0.0173063 0.0169173 0.0163108 0.0183057 0.0203637 0.0156285 0.0139426 0.0138225 0.0117897 0.013348 0.0135263 0.0200058 0.0127012 0.0124355 0.0167548 0.0223523 0.0214167 0.0160452
threshold=-0.089007975855970187 0.34583202947322583 0.0037512501770948937 -0.012936664346813181 -0.039682616171415865 0.021541409096097249 -0.0023363731744973928 0.0061244226011594486 0.046715731910304904 0.0067340765228234957 -0.0068750925506995192 0.020857743556983624 -0.04097148935703724 -0.010173509797787977 -0.023960922977334237 -0.030562316982409198 -0.0070627835745399273 0.016835228968457374 -0.0054941790882159251 -0.021960181368206912 -0.071142738237669464 -0.061883786569465457 -0.054195697608855807 -0.0029352117435652385 0.0064335216880083094 -0.028311462010609748 -0.018766199336383082 -0.049720854259503899 -0.0084719763334520585 -0.028938014037023497
decision_type=2 2 2 2 2 2 2 2 2 2 2 2 2 2 2 2 2 2 2 2 2 2 2 2 2 2 2 2 2 2
left_child=1 -1 -3 4 6 8 -2 -7 9 10 12 18 13 -6 -14 -16 -17 -11 -12 -19 -5 -22 23 -23 -25 29 27 -27 -29 -24
right_child=3 2 -4 20 5 7 -8 -9 -10 17 11 -13 14 -15 15 16 -18 19 -20 -21 21 22 25 24 -26 26 -28 28 -30 -31
leaf_value=0.0019497134562005245 0.00040994137452798896 0.00064549025438199439 -0.0012564231286523865 -0.00096428802758423816 0.00051926253632140855 0.00038381591749687993 -0.0014144360182634106 0.0020287658627652985 0.0010388179695891106 0.00093909019675553088 0.00050629142487164716 -0.0024663963029161098 -0.00059118930408398487 -0.0010586464527830462 -9.8237445760917464e-05 0.0026357442769221963 0.0006250742685819312 0.00089381996852656213 -0.0010441595098357006 -0.00069727761072452916 0.0011093223682109965 -0.0019287231727503241 -0.001224752687267028 0.00079068286984693256 -0.00096991282785200469 0.0015866551416095446 -6.2945636292776431e-05 0.0016330191900487991 -0.00018348036292293327 -0.00010989278177202348
leaf_weight=21 20 22 20 37 26 30 31 22 34 76 29 20 28 49 35 20 34 21 29 39 24 24 47 20 21 37 735 20 86 103
leaf_count=21 20 22 20 37 26 30 31 22 34 76 29 20 28 49 35 20 34 21 29 39 24 24 47 20 21 37 735 20 86 103
internal_value=-4.11198e-13 0.000476449 -0.000260183 -1.76879e-05 0.000127887 0.0002136 -0.000698994 0.00107976 0.000111236 3.35569e-05 -0.000182678 -0.000832386 8.12654e-05 -0.000511638 0.000461332 0.000792462 0.00136977 0.000462847 -0.000268934 -0.000140393 -8.61862e-05 -5.70995e-05 -8.27117e-05 -0.000782213 -0.000111086 -3.84826e-05 3.33967e-05 0.000528583 0.000159255 -0.000459216
internal_weight=1760 63 42 1697 543 492 51 52 440 406 270 78 192 75 117 89 54 136 58 60 1154 1117 1093 65 41 1028 878 143 106 150
internal_count=1760 63 42 1697 543 492 51 52 440 406 270 78 192 75 117 89 54 136 58 60 1154 1117 1093 65 41 1028 878 143 106 150
is_linear=0
shrinkage=0.05


Tree=262
num_leaves=31
num_cat=0
split_feature=84 84 214 269 269 214 280 280 280 81 332 280 309 197 280 318 140 146 317 224 210 166 162 176 82 115 325 176 93 201
split_gain=0.00559185 0.00842198 0.0068443 0.0366196 0.0540755 0.0147197 0.00802623 0.0118384 0.00964405 0.0232253 0.0102781 0.0118949 0.0313822 0.0351929 0.0202337 0.0260703 0.0195691 0.0287094 0.0161351 0.0154163 0.0171591 0.0154232 0.0147817 0.0194542 0.0288691 0.026934 0.0237453 0.0206087 0.0201884 0.0208491
threshold=0.36022795622802778 0.31830407457891613 0.29309890934473853 -0.0014231510630782803 0.044418230853264913 0.26146122778932385 -0.089468871996410279 -0.078935879832707695 -0.064003000704079785 -0.41153783584797532 0.063526479454065587 -0.027111686681548574 -0.038604088359203044 0.022401837873280463 -0.023765093249551811 0.00049290969811079685 -0.0055191228815590467 0.014542095867726193 -0.0074621746293463522 -0.031866403549365409 -0.0070894201302314028 0.011590580319041923 -0.0087025800255977875 0.003277674469126567 0.44368610512137113 -0.04224666466921944 0.0003350549048799875 0.0014783392818248538 -0.011042944318115854 0.0097318723646269752
decision_type=2 2 2 2 2 2 2 2 2 2 2 2 2 2 2 2 2 2 2 2 2 2 2 2 2 2 2 2 2 2
left_child=1 2 5 -4 -5 6 -1 -8 9 -9 11 12 -10 16 15 -13 17 18 -14 -18 -21 -22 -16 24 27 26 -25 -24 -27 -30
right_child=-2 -3 3 4 -6 -7 7 8 10 -11 -12 14 13 -15 22 -17 19 -19 -20 20 21 -23 23 25 -26 28 -28 -29 29 -31
leaf_value=-0.00083738939242071616 0.00061674957727922853 -0.00076961320010013887 -0.0011421065978621219 0.0032577030989341437 -0.00033456208448941736 -0.00124580835741502 0.0012253622207208537 -0.0019700396066764372 0.0021156794934422182 0.00043959429720416668 -0.00079055651405820083 -0.002406122935935855 -0.00046772238904317236 -0.0015171748980517604 -0.0002264299279052216 0.00011625458663772969 0.0011848176258527452 0.0024347435042727742 0.0011074492713354679 0.00051134499307089445 -0.0015345315140781596 0.00021531489765038716 -6.8417881468182102e-05 0.00046449385472046944 0.001212388507435496 -0.00052382473077159373 0.0027621732269339687 -0.0012879530860166262 0.00087374397625283634 -0.00024054162181381535
leaf_weight=28 36 36 22 20 22 24 20 20 23 20 38 20 29 27 411 21 21 24 37 37 34 20 392 23 41 62 22 38 130 62
leaf_count=28 36 36 22 20 22 24 20 20 23 20 38 20 29 27 411 21 21 24 37 37 34 20 392 23 41 62 22 38 130 62
internal_value=-2.88137e-12 -1.28788e-05 3.26012e-06 0.000510427 0.00137604 -1.67268e-05 1.70946e-06 1.66552e-05 1.07912e-06 -0.000765223 2.13517e-05 4.22828e-05 0.000355062 0.000178231 -2.22183e-05 -0.00111417 0.000404845 0.000953839 0.000415328 -3.63111e-05 -0.00031811 -0.00088644 1.56904e-05 0.000144926 -5.53166e-05 0.000460358 0.0015878 -0.000176191 0.000260614 0.000513923
internal_weight=1760 1724 1688 64 42 1624 1600 1572 1552 40 1512 1474 252 229 1222 41 202 90 66 112 91 54 1181 770 471 299 45 430 254 192
internal_count=1760 1724 1688 64 42 1624 1600 1572 1552 40 1512 1474 252 229 1222 41 202 90 66 112 91 54 1181 770 471 299 45 430 254 192
is_linear=0
shrinkage=0.05


Tree=263
num_leaves=31
num_cat=0
split_feature=243 243 258 256 239 256 197 240 299 182 288 256 147 216 195 256 283 175 129 245 240 161 271 82 291 150 165 280 225 336
split_gain=0.00557301 0.00913537 0.0183996 0.00752651 0.017359 0.0150436 0.0198583 0.0183464 0.0161585 0.0150599 0.0267724 0.019762 0.0189686 0.0138118 0.0136372 0.0121536 0.0332518 0.036309 0.0280117 0.0240054 0.0242092 0.0233537 0.0215448 0.0193462 0.0189123 0.0223989 0.0183485 0.0152283 0.0142581 0.0139378
threshold=-0.13319068111392843 -0.10167031904415776 0.0064383472504401483 -0.069446557981072091 0.025367191330756683 -0.029704383528152405 0.0052972828700337 0.015616639854668669 0.005705523541474882 -0.0049063717645953997 -0.014926362466394933 -0.039603957904236826 -0.011604654867690046 -0.0082505496118732945 -0.0026436986755021337 -0.005473894943175313 0.019912837441765485 0.0056964422755225183 -0.018419454574676582 -0.013038540437019767 -0.00050140341648115857 0.0077158123198899833 0.0052089246797897568 -0.47030206312667527 -0.032053214858341582 0.012538262904093975 -0.0037501245376465411 -0.0040544561872726866 -0.0086809076757988993 0.0034223131349661782
decision_type=2 2 2 2 2 2 2 2 2 2 2 2 2 2 2 2 2 2 2 2 2 2 2 2 2 2 2 2 2 2
left_child=-1 2 -2 4 14 6 9 8 -8 11 -11 12 -5 -9 -3 16 19 26 -19 20 22 -22 -7 -17 -21 27 -18 28 -26 -27
right_child=1 3 -4 5 -6 15 7 13 -10 10 -12 -13 -14 -15 -16 23 17 18 -20 24 21 -23 -24 -25 25 29 -28 -29 -30 -31
leaf_value=-0.00080965263076082238 0.0017847523404357379 0.00085024812228598262 -0.00030829797324258837 -0.0011917132436065005 -0.0015700746912043545 -0.0022261183239364376 0.0026672240833497864 -0.00057847838565383276 0.00072820007945189171 -0.0016798178711561768 0.00023152637775912706 0.0017742423269816714 0.00078333302723964857 0.001195091948570085 -0.00055437995069951285 -0.0014214116114255211 0.00090948531838164312 -0.00059774711775389738 -0.0030300839843252544 -0.00070467566719426868 0.0014939376346592326 -0.00084222764733409429 -0.00013799769748445778 7.8105154437693697e-05 0.00092156725529449711 -0.00096616303339100418 -0.00091905585380599791 0.00041518715289911554 0.0027235607256270236 0.00065578189437823882
leaf_weight=21 21 27 21 20 25 30 22 23 21 28 53 23 31 21 48 22 23 20 29 33 20 23 21 965 23 27 34 38 21 26
leaf_count=21 21 27 21 20 25 30 22 23 21 28 53 23 31 21 48 22 23 20 29 33 20 23 21 965 23 27 34 38 21 26
internal_value=2.38355e-12 9.77729e-06 0.000738227 -8.25152e-06 -0.000429054 1.8098e-05 0.000381222 0.000985782 0.00172026 4.18879e-05 -0.000429185 0.000557522 8.80508e-06 0.000267998 -4.87138e-05 -4.67551e-05 -0.000291993 -0.00103922 -0.00203729 1.0319e-05 -0.00062951 0.000244361 -0.0013663 4.46813e-05 0.000368319 0.000630606 -0.000181223 0.00114839 0.00178161 -0.000170492
internal_weight=1760 1739 42 1697 100 1597 242 87 43 155 81 74 51 44 75 1355 368 106 49 262 94 43 51 987 168 135 57 82 44 53
internal_count=1760 1739 42 1697 100 1597 242 87 43 155 81 74 51 44 75 1355 368 106 49 262 94 43 51 987 168 135 57 82 44 53
is_linear=0
shrinkage=0.05


Tree=264
num_leaves=31
num_cat=0
split_feature=219 209 276 307 293 324 335 320 167 306 334 86 335 147 120 297 189 157 157 336 189 307 113 306 129 135 281 268 96 236
split_gain=0.00558042 0.0243922 0.0130817 0.00636456 0.01925 0.0291468 0.0235587 0.0221302 0.0121751 0.00845038 0.0195928 0.0157631 0.0119225 0.0205751 0.0165669 0.0109728 0.0169619 0.0102448 0.0182399 0.0181894 0.0197906 0.0149677 0.0237156 0.0126257 0.0240833 0.0144228 0.0125197 0.0130133 0.0192078 0.0153355
threshold=-0.089007975855970187 0.34583202947322583 0.0037512501770948937 0.042658833732887043 -0.022307764529822815 0.0042958960169322963 0.020348613585178001 0.021724889289580229 -0.017873857205737042 -0.033128527750544104 0.02895341824459358 -0.08752571341518918 0.012781412398736447 -0.0048074045938978202 0.024299387089023065 0.073988698961723734 -0.057285758683051934 -0.029598409022193611 -0.027034318394863737 -0.0024348072898863313 0.0073869591219489902 0.031019600607049745 0.0039199154883714825 -0.022941515795123543 0.030080746769943476 0.070217847894157928 0.070066591775987827 -0.045769362489333228 -0.019939601484058853 -0.0042857647452026809
decision_type=2 2 2 2 2 2 2 2 2 2 2 2 2 2 2 2 2 2 2 2 2 2 2 2 2 2 2 2 2 2
left_child=1 -1 -3 9 5 -5 7 8 -6 10 11 -2 14 -14 -13 16 -11 19 -19 -18 -21 23 -23 24 -20 26 27 28 -25 -30
right_child=3 2 -4 4 6 -7 -8 -9 -10 15 -12 12 13 -15 -16 -17 17 18 21 20 -22 22 -24 25 -26 -27 -28 -29 29 -31
leaf_value=0.0018534427891219304 0.00079723061870835311 0.00060775734071450479 -0.0011590939857705962 -0.0016090141408595033 0.0015346524963206322 0.00083690428263729537 -0.00047488674295331854 0.0024619203730253504 0.00018117531344614691 0.0011343461882929798 -0.0014637122844402312 0.00036219325920683332 -0.0020945787926156421 -5.9504848387506282e-05 -0.00116581202865594 -0.0011107154063541781 0.0010271174064508805 -0.0013480706815176679 0.00013433893510510746 -0.0009970359188238426 0.00064072130462124904 0.0001300694387420222 -0.0018297995087401622 0.0019773684223764578 0.0020587324930169243 -0.0013703823354444468 -0.0011396983130301428 -3.9970516525621406e-05 -0.00070786193357959683 0.00099346871332575888
leaf_weight=21 36 22 20 29 24 21 39 20 54 33 33 68 23 27 24 22 62 27 72 35 39 33 29 20 21 20 24 809 26 27
leaf_count=21 36 22 20 29 24 21 39 20 54 33 33 68 23 27 24 22 62 27 72 35 39 33 29 20 21 20 24 809 26 27
internal_value=-7.0584e-13 0.000462081 -0.0002336 -1.71544e-05 0.000258003 -0.000581728 0.000564474 0.000978097 0.00059763 -5.12302e-05 -0.000344713 -0.000137258 -0.000374171 -0.000995639 -3.64168e-05 -3.55898e-06 1.5515e-05 -1.41646e-05 -6.4435e-05 0.000395391 -0.000133894 -3.23738e-05 -0.000786643 1.3519e-05 0.000568879 -4.2257e-05 -1.29385e-05 1.77216e-05 0.000657077 0.000158854
internal_weight=1760 63 42 1697 187 50 137 98 78 1510 211 178 142 50 92 1299 1277 1244 1108 136 74 1081 62 1019 93 926 906 882 73 53
internal_count=1760 63 42 1697 187 50 137 98 78 1510 211 178 142 50 92 1299 1277 1244 1108 136 74 1081 62 1019 93 926 906 882 73 53
is_linear=0
shrinkage=0.05


Tree=265
num_leaves=31
num_cat=0
split_feature=280 263 301 305 301 132 208 205 200 156 305 157 193 216 245 132 316 134 289 215 215 254 188 158 175 258 306 201 299 293
split_gain=0.00545366 0.00687172 0.00653151 0.0188681 0.0184076 0.0265904 0.0210128 0.0155892 0.0222415 0.0181701 0.0151811 0.0151044 0.0228833 0.01979 0.0160842 0.0192458 0.0181334 0.0159515 0.014167 0.0175503 0.0230818 0.0157984 0.0159111 0.0191267 0.0248509 0.0221575 0.0252126 0.0209921 0.0200579 0.0322534
threshold=0.082553035759173957 -0.10036475471949285 -0.004620925218766103 -0.026560958226649195 -0.012558345439476513 -0.013530454582209922 -0.0042525736203978121 -0.0025788475065976978 -0.01160717067999016 -0.013468374118384635 0.0026919444814563231 0.02504886819067029 0.011350792832544459 -0.070491965656619401 0.044271566914084674 -0.039590435710650566 -0.011205175362663446 0.0032334730602604856 -0.074428942217343377 -0.097372736804606549 -0.081885545606318749 0.076006239414547913 -0.0014429887986490001 -0.014992997238595443 -0.0070045403921091091 -0.020696732792676916 0.001397672963907775 -0.0029150090567247031 -9.5169115868556201e-05 0.0048788242794793281
decision_type=2 2 2 2 2 2 2 2 2 2 2 2 2 2 2 2 2 2 2 2 2 2 2 2 2 2 2 2 2 2
left_child=1 -1 3 7 11 -6 -7 8 -3 -9 -8 13 17 -5 15 -15 -16 -13 -4 -20 -21 22 -22 24 -24 26 -25 -28 29 -27
right_child=-2 2 18 4 5 6 10 9 -10 -11 -12 12 -14 14 16 -17 -18 -19 19 20 21 -23 23 25 -26 28 27 -29 -30 -31
leaf_value=-0.00071417959398411982 0.00074856034213250202 0.0014916912313429234 0.00098679216885405661 -0.0010200820164754988 0.0020000576229957756 0.0013141271898833415 0.00057854420811963801 -0.0017855649920723712 -0.0003756197742544688 -0.00030496964809300601 -0.0013248102855868639 0.0010452054995213351 -0.0017354423713046485 -0.00076127594013491442 -0.00010436250333441423 0.00035710386745741525 0.0017643015372340342 -0.00086079660163488291 -0.0011694825541589558 0.0013405659517177681 -0.00032666283841340329 -0.0014109652155362394 -0.00016207355721336274 -0.00031781290660881883 0.0012655248128742513 -0.0014423380952792611 0.00027682339949976832 0.0024414821193204264 0.00011803596399971215 0.00017814275672448413
leaf_weight=34 24 23 30 29 34 30 20 30 52 67 22 23 26 45 20 265 37 21 38 28 372 23 54 38 70 73 21 24 134 53
leaf_count=34 24 23 30 29 34 30 20 30 52 67 22 23 26 45 20 265 37 21 38 28 372 23 54 38 70 73 21 24 134 53
internal_value=2.85302e-13 -1.03488e-05 3.71132e-06 0.000114857 0.000252932 0.000847649 0.000303457 -0.000344321 0.000197022 -0.000762886 -0.000418451 0.000117653 -0.000559407 0.000237335 0.000336695 0.000194758 0.00110863 0.000135523 -8.26065e-05 -0.000117178 -7.22477e-05 -0.00011814 -8.26986e-05 0.000111637 0.000643829 -8.0759e-05 0.000630506 0.00143131 -0.000307817 -0.000760707
internal_weight=1760 1736 1702 744 572 106 72 172 75 97 42 466 70 396 367 310 57 44 958 928 890 862 839 467 124 343 83 45 260 126
internal_count=1760 1736 1702 744 572 106 72 172 75 97 42 466 70 396 367 310 57 44 958 928 890 862 839 467 124 343 83 45 260 126
is_linear=0
shrinkage=0.05


Tree=266
num_leaves=31
num_cat=0
split_feature=220 220 309 7 277 304 167 253 102 140 97 177 217 241 138 93 261 173 331 165 114 312 215 242 183 84 138 184 139 332
split_gain=0.00524047 0.0384162 0.0569926 0.0171543 0.020134 0.0198809 0.0177296 0.022702 0.0276179 0.0167512 0.0154182 0.0153963 0.0361226 0.0282066 0.0220323 0.0226138 0.0237709 0.0282922 0.0215039 0.0179018 0.0291682 0.029512 0.0317318 0.0260969 0.0229393 0.0237745 0.0202275 0.0170228 0.0230645 0.0196721
threshold=1.0000000180025095e-35 0.0031413315153253981 -0.019254853743886569 0.79300142827994302 -0.039139530363112254 0.0062176602426100768 0.01506732402751452 0.012236800035839095 -0.0016605098521014982 0.0018975676675514399 -0.078548633984937027 0.014923474937507626 -0.00071307192208907222 0.0080276716055710292 0.0062914862377784842 0.0067355600600912807 0.013619774375775221 -0.0010992134510567106 0.027890123976432257 -0.00086941708021071094 0.004325272486437385 -0.0076507028902499897 -0.0048019146918437706 -0.0066686333556980762 0.0056185916387929431 -0.01999160986369802 -0.0040977674234634991 -0.002318523056100343 0.01398444660184236 0.0090118558388228871
decision_type=2 2 2 2 2 2 2 2 2 2 2 2 2 2 2 2 2 2 2 2 2 2 2 2 2 2 2 2 2 2
left_child=10 2 -2 4 6 9 7 8 -3 -5 -1 14 13 -13 19 16 17 -16 27 20 21 -6 -23 -22 25 -21 -27 28 -14 -29
right_child=1 3 -4 5 11 -7 -8 -9 -10 -11 -12 12 18 -15 15 -17 -18 -19 -20 24 23 22 -24 -25 -26 26 -28 29 -30 -31
leaf_value=0.0011688175597555528 -0.0030351221989034318 -0.00027548591910011097 -0.00026527055317553908 -0.001169135309148418 -0.0014167141738913158 -0.0018063686313465812 0.00065270881661070657 1.8149963715438579e-05 -0.0026332711183284928 0.00058865011270620128 4.9042102585209949e-05 -0.0024392855340718399 -0.0020365031628170982 3.81221940915566e-05 0.0010888769665935768 0.00024498923937905855 0.00029954788567979014 0.0034657960070208424 0.0017495629051700234 -0.0022245620447210969 0.00042321207926279919 -0.00095075829996771756 0.0015212487439866355 0.0025053444426265305 0.00052966861357350674 0.00027807864607893863 -0.0012165005735560522 0.0012958276712610811 0.00030956437977868682 -0.00066177780307563291
leaf_weight=32 26 23 65 23 28 26 26 43 27 33 781 27 20 20 31 88 31 21 20 20 34 21 34 27 63 56 38 33 22 21
leaf_count=32 26 23 65 23 28 26 26 43 27 33 781 27 20 20 31 88 31 21 20 20 34 21 34 27 63 56 38 33 22 21
internal_value=-2.87604e-12 -7.99409e-05 -0.00105666 2.38922e-05 9.67467e-05 -0.000663783 -0.000501543 -0.000824237 -0.00154869 -0.000133297 9.31169e-05 0.000205444 -0.000215716 -0.00138507 0.000344974 0.000803403 0.00139546 0.00204879 0.000258074 0.000100764 0.000514736 -9.53188e-05 0.000577392 0.00134481 -0.000236027 -0.000659174 -0.000326113 -5.26528e-05 -0.000807611 0.000534537
internal_weight=1760 947 91 856 774 82 119 93 50 56 813 655 163 47 492 171 83 52 116 321 144 83 55 61 177 114 94 96 42 54
internal_count=1760 947 91 856 774 82 119 93 50 56 813 655 163 47 492 171 83 52 116 321 144 83 55 61 177 114 94 96 42 54
is_linear=0
shrinkage=0.05


Tree=267
num_leaves=31
num_cat=0
split_feature=220 55 277 0 235 232 105 162 209 162 198 134 234 266 118 302 271 180 201 111 221 169 252 162 238 185 262 93 242 307
split_gain=0.00523817 0.00768708 0.0183159 0.0107835 0.00686821 0.0231849 0.0183394 0.00685835 0.0177142 0.0165685 0.0206836 0.0248644 0.023297 0.0291843 0.022233 0.0229791 0.023554 0.0299304 0.0214028 0.0205953 0.0187962 0.0184195 0.0200013 0.0163069 0.0216379 0.0240705 0.0160556 0.0158313 0.017516 0.0246804
threshold=-0.20819939354600919 0.89587973461402759 -0.0034689972135143235 11.055853368301584 -0.088218716751490983 -0.0041424180694857498 -0.051416635104289808 -0.0087025800255977875 0.74289304810487455 0.007219250133934171 -0.0027410479606645942 -0.014110670890794857 0.011634341524381637 -0.0066211453024145718 0.005023072170812804 0.013844180871537584 -0.015546003966558331 -0.0064894254020181107 -0.0005677567917092897 -0.012273421421775463 -0.0038756643876973669 -0.0055125121616944823 0.0014845548761347378 0.014689240479787096 0.02932007570770372 -0.0073965574305481169 -0.0012517132929983105 -0.032892194302659911 0.0087003296629841308 0.012676683972405008
decision_type=2 2 2 2 2 2 2 2 2 2 2 2 2 2 2 2 2 2 2 2 2 2 2 2 2 2 2 2 2 2
left_child=-1 3 -3 4 5 6 -2 8 -6 10 11 19 13 -13 15 16 -12 -18 -15 -9 -17 -19 -23 24 25 -11 -27 -25 -29 -30
right_child=1 2 -4 -5 7 -7 -8 9 -10 23 14 12 -14 18 -16 20 17 21 -20 -21 -22 22 -24 27 -26 26 -28 28 29 -31
leaf_value=-0.00078495296766050164 -0.00097027209786271381 0.0017173242356095996 -0.00039690102705208118 -0.00087540302226053821 -8.4810407684599563e-05 0.0016941345930368138 0.00076387404941112525 -0.0015042444951610552 -0.0012814721769797016 -0.002085355227609398 0.00047076032836533462 0.0028725966484321711 0.00013582139105703802 0.0023008541722083463 0.00065337968043892151 0.0015132902405673157 -0.0026509797848782248 0.00070315566789802347 0.00037095394846070194 0.00073768137313891214 -0.00024254870526159981 -0.0003904624435346618 -0.0023115839083766333 0.0012015452901660293 0.00054392857891798489 0.00035473358496828419 -0.0011231163969205227 -0.00033199449023937417 -1.6453525447286667e-05 0.0013722572638788586
leaf_weight=21 30 21 20 35 492 26 31 21 33 32 36 26 53 20 93 27 22 21 51 20 35 42 20 27 32 34 40 231 125 43
leaf_count=21 30 21 20 35 492 26 31 21 33 32 36 26 53 20 93 27 22 21 51 20 35 42 20 27 32 34 40 231 125 43
internal_value=9.94592e-13 9.47902e-06 0.000685995 -6.85617e-06 1.14235e-05 0.000443902 -8.89847e-05 -1.24506e-05 -0.000160029 6.12685e-05 0.00027491 0.000680556 0.000978812 0.00143941 1.31585e-05 -0.000280145 -0.000632901 -0.0010113 0.000914588 -0.000410622 0.000522091 -0.000576685 -0.00101018 -0.000123206 -0.000595575 -0.000939576 -0.000444104 2.98154e-05 -4.94746e-05 0.00033899
internal_weight=1760 1739 41 1698 1663 87 61 1576 525 1051 487 191 150 97 296 203 141 105 71 41 62 83 62 564 138 106 74 426 399 168
internal_count=1760 1739 41 1698 1663 87 61 1576 525 1051 487 191 150 97 296 203 141 105 71 41 62 83 62 564 138 106 74 426 399 168
is_linear=0
shrinkage=0.05


Tree=268
num_leaves=31
num_cat=0
split_feature=280 229 193 229 120 120 112 95 221 332 190 314 296 322 237 322 328 174 285 302 144 256 219 316 231 123 175 325 125 131
split_gain=0.00499196 0.00680748 0.01922 0.010812 0.00616078 0.0172707 0.0201971 0.0162562 0.0206952 0.0162959 0.0164063 0.0217116 0.0162236 0.0183372 0.015247 0.0183685 0.0320526 0.0174707 0.017315 0.0239785 0.0150061 0.0132183 0.0130689 0.0163495 0.014233 0.0122522 0.016016 0.0213129 0.017372 0.01996
threshold=0.082553035759173957 0.10613874808095498 0.010617522307117728 0.097827704506571717 0.012213424207439654 0.015442333019953127 -0.014785194628574314 -0.061591673401731044 -0.079137932132399294 -0.039524584592386787 -0.0161334493014559 0.0063679916807048553 0.029559840201422185 0.021798747485577068 -0.040083110126577969 0.0112039065679052 -0.0095022725498824494 0.0095114220515065614 -0.0025261001665040244 0.0044618798591138159 -0.070978962241137186 -0.0068367013104743751 -0.01907806076684648 -0.0086946917116468275 0.0027488684528053984 0.0037429049889926851 -0.010181055039388032 0.048992890354768927 0.060383799074197914 -0.0028447574364421717
decision_type=2 2 2 2 2 2 2 2 2 2 2 2 2 2 2 2 2 2 2 2 2 2 2 2 2 2 2 2 2 2
left_child=1 3 -3 4 20 6 -6 12 -9 -10 11 -11 13 -7 18 22 -17 -18 21 -20 -1 -12 -16 -24 -25 -22 -27 28 29 -28
right_child=-2 2 -4 -5 5 7 -8 8 9 10 14 -13 -14 -15 15 16 17 -19 19 -21 25 -23 23 24 -26 26 27 -29 -30 -31
leaf_value=0.0014180227555334569 0.00071617364568131361 0.00015396707296733644 -0.0017494031499760848 0.0011094924132604238 0.00010432361984082188 0.0003181995816994459 -0.0018276870772693185 0.0012270774864591659 0.00072703686187435923 -0.0018978790515070108 0.0018823813340808873 -2.2221573292174275e-05 -0.00038877567440067653 0.0023494238062994558 0.00055531024120864458 -0.0025227585670072588 -0.0011066711647235306 0.00081424845848232508 0.00086780837082187654 -0.001551263060952936 0.00019493216701296963 0.00012481003039283679 0.0003900085494740669 -0.00021475922928948423 -0.0019194296184044408 0.00026933061379212436 -0.00095571985026051862 -0.0019134127779398113 0.0011590930727487874 -7.5241388721570307e-05
leaf_weight=20 24 36 21 22 24 25 31 25 38 36 23 27 24 20 50 25 29 20 20 21 576 20 33 25 24 164 90 20 21 226
leaf_count=20 24 36 21 22 24 25 31 25 38 36 23 27 24 20 50 25 29 20 20 21 576 20 33 25 24 164 90 20 21 226
internal_value=-2.0228e-12 -9.90102e-06 -0.000547275 8.34216e-06 -6.27782e-06 -0.000144939 -0.000984628 -4.97171e-05 -0.00016761 -0.000256784 -0.000362691 -0.00109403 0.000661056 0.00122097 -0.000203815 -0.000435325 -0.00106591 -0.000322622 0.000363936 -0.000371228 6.07565e-05 0.00106491 -8.18144e-05 -0.000470305 -0.0010497 3.60114e-05 -0.000139686 -0.000327582 -0.000233467 -0.000326011
internal_weight=1760 1736 57 1679 1657 540 55 485 416 391 353 63 69 45 290 206 74 49 84 41 1117 43 132 82 49 1097 521 357 337 316
internal_count=1760 1736 57 1679 1657 540 55 485 416 391 353 63 69 45 290 206 74 49 84 41 1117 43 132 82 49 1097 521 357 337 316
is_linear=0
shrinkage=0.05


Tree=269
num_leaves=31
num_cat=0
split_feature=294 332 231 174 283 87 176 191 82 118 252 248 285 312 311 152 262 167 336 209 298 86 101 278 267 162 11 207 207 324
split_gain=0.00498271 0.0130688 0.0100424 0.0065528 0.0173886 0.0230256 0.0269183 0.0181905 0.0154815 0.0130935 0.0146253 0.013061 0.014516 0.0108818 0.0152821 0.0102981 0.0119297 0.0135071 0.0111753 0.0220364 0.0225199 0.0172967 0.0167388 0.0198095 0.0162452 0.0202272 0.0196142 0.0182273 0.017972 0.0256317
threshold=0.063758564059846715 -0.020111875564484204 0.0018690520253433394 0.025428875109317337 0.039897013712743047 0.17121369255085059 0.028189701438033368 0.014773977122867115 0.37020914597827875 -0.0068127568696470433 0.0029086691203500255 0.072385498926110334 0.01375826291087638 -0.055880549356532506 -0.0080940872707731919 0.034232210713424756 -0.00035575120694180648 0.00828126472575514 -0.00053363892111883834 0.014164251329383972 0.00072091046978354058 -0.25490325339603831 -0.011157735535471952 -0.017241515509774406 -0.042232866950868649 -0.023752922459170756 2.7077380952380961 0.0015089434033680874 0.0029428520244706483 0.025795842176586214
decision_type=2 2 2 2 2 2 2 2 2 2 2 2 2 2 2 2 2 2 2 2 2 2 2 2 2 2 2 2 2 2
left_child=3 -2 -3 11 5 6 7 8 9 -5 -11 13 -13 14 -1 18 17 -17 -15 20 -20 -21 23 -23 -24 -26 27 -27 29 -28
right_child=1 2 -4 4 -6 -7 -8 -9 -10 10 -12 12 -14 15 -16 16 -18 -19 19 21 -22 22 24 -25 25 26 28 -29 -30 -31
leaf_value=0.00014997107895656624 0.0011875813147203336 -0.00094818748988299861 0.00052189698555873921 -0.00068698144689398376 -0.0013040156665203326 0.0010872545578916157 -0.0017395987449812572 0.00098668432928565326 -0.0012083425509141913 -0.00018402978836093098 0.0015132467643442478 0.00017213516362567639 0.0018521807185607033 -7.6107145559047395e-05 -0.0014876794274735813 -0.00032655927704487616 0.00015549221214079749 -0.0016803905035852008 0.0025502988317748533 -0.0012964029749855399 0.00020595720263719117 -0.001210825054869546 -0.00062870556858423006 9.1595030579132047e-05 0.001586527894799544 0.00029509484701716873 0.00061855215599280209 -0.001258107406271544 0.0012754635151613399 -0.0013644109899178147
leaf_weight=28 31 21 26 38 34 35 28 33 36 30 22 36 20 608 29 58 62 27 20 20 21 38 34 126 39 51 88 30 71 20
leaf_count=28 31 21 26 38 34 35 28 33 36 30 22 36 20 608 29 58 62 27 20 20 21 38 34 126 39 51 88 30 71 20
internal_value=-2.17349e-13 0.000390672 -0.000134949 -1.81168e-05 -0.000251039 -8.97719e-05 -0.000310071 -5.83302e-05 -0.000332025 1.85027e-05 0.000534049 2.36981e-05 0.000772151 -6.89561e-06 -0.00068322 2.2465e-05 -0.000371908 -0.0007566 7.21844e-05 0.000233764 0.00134954 0.000145279 0.000203294 -0.000210185 0.000406929 0.000524694 0.000365419 -0.000280165 0.000657555 0.000251337
internal_weight=1760 78 47 1682 256 222 187 159 126 90 52 1426 56 1370 57 1313 147 85 1166 558 41 517 497 164 333 299 260 81 179 108
internal_count=1760 78 47 1682 256 222 187 159 126 90 52 1426 56 1370 57 1313 147 85 1166 558 41 517 497 164 333 299 260 81 179 108
is_linear=0
shrinkage=0.05


Tree=270
num_leaves=31
num_cat=0
split_feature=303 303 286 196 197 248 162 335 159 159 218 160 240 276 326 202 294 118 304 8 281 304 187 312 310 300 303 303 305 238
split_gain=0.00492246 0.0146935 0.00732982 0.00729683 0.0108973 0.00972039 0.00973847 0.0145961 0.0104485 0.0145092 0.0238041 0.0188665 0.0133524 0.0142149 0.0107305 0.0106608 0.009497 0.0104616 0.0280008 0.0145971 0.0157986 0.0217907 0.0200051 0.0200498 0.0200893 0.0143087 0.0193742 0.0201891 0.0233576 0.0222062
threshold=-0.10114854063771296 -0.080940272218123027 -0.094133763115035046 -0.035217929313629576 0.028769376568692311 -0.12016641872665765 -0.044298184431543701 0.02304206964946447 0.028151243404743311 0.037625091884989102 0.0033272333036591518 0.0011529786652119285 0.012942291869223625 -0.011966401708977675 -0.019530297765360468 0.0089493976464569101 0.0683472099174149 -0.001074824480341903 -0.071142738237669464 0.34150717703349287 0.017870912324737556 0.026225193639579609 0.016525391700368011 -0.009377117290644112 -0.0068622249239744049 -0.058994972169998917 0.061233830433902063 0.0039420781535714671 0.034762299237395045 -0.00082915599462588582
decision_type=2 2 2 2 2 2 2 2 2 2 2 2 2 2 2 2 2 2 2 2 2 2 2 2 2 2 2 2 2 2
left_child=-1 -2 -3 4 -4 -5 7 -7 16 10 11 -10 13 -11 -15 -14 17 18 -8 20 -20 22 23 -22 -25 -19 27 -27 29 -29
right_child=1 2 3 5 -6 6 8 -9 9 12 -12 -13 15 14 -16 -17 -18 25 19 -21 21 -23 -24 24 -26 26 -28 28 -30 -31
leaf_value=0.00076093001892634979 -0.0013237618384577912 -0.00089991008968685166 0.00014970677400644771 -0.0011064698226982727 0.0012941602357806495 6.3727146358184153e-05 -0.0019843852080521176 0.0014071903750300409 -0.0027948878204915673 0.0013776748041298404 0.00034680638980882418 -0.00067304269733457745 -0.00012649353424597893 -0.00090324037143242695 0.00046165334400332845 -0.0016071506001753733 0.00090350800814727953 -0.0011353818089922978 -0.00019167771694329156 -0.0012640042444691064 0.0016544587520631747 0.001787505477841478 -0.0011232433341210708 0.0011234716429109021 -0.00054929722560336815 0.00040198846714153502 0.0015550039588706568 0.00040072117650592287 -0.0016466066823340954 -0.00057860130803116284
leaf_weight=21 21 22 104 20 26 62 20 30 20 23 22 22 31 24 36 20 30 21 408 25 26 24 25 28 50 315 25 129 25 105
leaf_count=21 21 22 104 20 26 62 20 30 20 23 22 22 31 24 36 20 30 21 408 25 26 24 25 28 50 315 25 129 25 105
internal_value=5.04615e-13 -9.18892e-06 6.87978e-06 1.86424e-05 0.000378597 -1.12389e-05 2.92964e-06 0.000501813 -2.86366e-05 -0.000366217 -0.000985546 -0.00168345 -7.04182e-05 0.000320823 -8.43041e-05 -0.000707143 2.45807e-05 3.07355e-06 -0.000144662 -8.18725e-05 -2.91928e-05 0.0004041 0.000146722 0.000452003 5.11839e-05 0.000147473 0.000192448 0.000133103 -0.00019392 -3.87184e-05
internal_weight=1760 1739 1718 1696 130 1566 1546 92 1454 198 64 42 134 83 60 51 1256 1226 606 586 561 153 129 104 78 620 599 574 259 234
internal_count=1760 1739 1718 1696 130 1566 1546 92 1454 198 64 42 134 83 60 51 1256 1226 606 586 561 153 129 104 78 620 599 574 259 234
is_linear=0
shrinkage=0.05


Tree=271
num_leaves=31
num_cat=0
split_feature=301 206 277 127 262 301 185 175 243 250 90 180 309 262 115 318 323 297 308 287 295 281 331 251 255 298 281 308 224 333
split_gain=0.00482401 0.0141071 0.0260219 0.015686 0.0109119 0.00832492 0.0217134 0.0244889 0.0187828 0.0186868 0.0106636 0.0163341 0.0220831 0.0355632 0.0174212 0.01687 0.0169305 0.0138076 0.0134857 0.0128316 0.0124548 0.0228498 0.0316403 0.0221182 0.0180567 0.0192487 0.0163244 0.0219832 0.0205823 0.0188206
threshold=0.045817531668576932 -0.019934830945897413 -0.0079052520234424526 -0.0037954381023663467 0.013848334646923829 0.028601228389405899 -0.01028465860366227 0.0059681249394772313 0.0010016420600918142 -0.013795210553241594 0.057210123370350995 0.0062957668427447598 -0.0064202820296882278 -0.0069035916085659682 -0.04224666466921944 -0.0056622355149999514 1.0000000180025095e-35 0.076197423202863643 -0.065092250380712591 0.011892135869987277 0.02233560599950998 -0.0072794290515230892 -0.020400950003796735 0.010042052660012128 -0.03582316357491809 -0.0093229114522570163 -0.0095545204128223114 -0.0081520580817264557 0.083417569792643295 0.0038473510796934898
decision_type=2 2 2 2 2 2 2 2 2 2 2 2 2 2 2 2 2 2 2 2 2 2 2 2 2 2 2 2 2 2
left_child=5 -2 3 -3 -4 10 8 9 -7 -8 17 14 -13 -14 -12 19 -17 18 -1 -16 26 -22 -23 24 -24 -26 -20 -28 29 -29
right_child=1 2 4 -5 -6 6 7 -9 -10 -11 11 12 13 -15 15 16 -18 -19 20 -21 21 22 23 -25 25 -27 27 28 -30 -31
leaf_value=0.00090987871747194365 -0.00064656780896257262 0.00062788880653291321 -0.00066751220438163736 0.0025238577008713037 0.00061223864465700321 -0.002284457645905407 -0.0015268698389667812 0.0011648628042277061 -0.00032291554660052781 6.1233101454706494e-05 -0.0012540784185892501 -0.00035201410719309933 1.9673212664201857e-05 0.0028241217324438579 -0.0009448664995261425 0.00018232376907170483 0.0020870471937814729 -0.0013418051664484667 -0.00023673984631561709 0.00066957557006389837 0.00020590597480434184 -0.0019948909932281825 0.0014514592482009904 -0.0013026396894696146 0.00070859697801866923 -0.0011361647491163064 -0.00021730915970503037 2.2549295567094675e-05 0.0018370033571651829 0.00075227344048302779
leaf_weight=38 32 24 36 20 31 23 27 33 26 59 22 21 20 26 32 28 20 20 343 20 108 38 20 39 26 31 209 213 24 151
leaf_count=38 32 24 36 20 31 23 27 33 26 59 22 21 20 26 32 28 20 20 343 20 108 38 20 39 26 31 209 213 24 151
internal_value=-1.64455e-13 0.000278359 0.000545004 0.00148969 -7.53887e-05 -2.46167e-05 -0.000357801 6.9558e-06 -0.00124364 -0.000437357 1.40133e-05 0.000364235 0.000991468 0.0016048 1.9771e-05 0.000300018 0.000975959 -3.85199e-05 -1.74992e-05 -0.000323927 -4.68173e-05 -0.000351677 -0.000742709 -0.000332512 0.000158852 -0.000294694 3.81542e-05 0.000196092 0.000418774 0.000325265
internal_weight=1760 143 111 44 67 1617 168 119 49 86 1449 189 67 46 122 100 48 1260 1240 52 1202 262 154 116 77 57 940 597 388 364
internal_count=1760 143 111 44 67 1617 168 119 49 86 1449 189 67 46 122 100 48 1260 1240 52 1202 262 154 116 77 57 940 597 388 364
is_linear=0
shrinkage=0.05


Tree=272
num_leaves=31
num_cat=0
split_feature=263 256 113 279 187 256 172 129 261 195 238 328 184 116 261 91 309 191 163 130 277 271 176 232 275 252 114 209 244 251
split_gain=0.00483681 0.00633939 0.0232926 0.0206297 0.0223659 0.00931293 0.0231837 0.00771344 0.0079796 0.0165704 0.0459457 0.0174447 0.0156204 0.0147442 0.0378853 0.0200872 0.0204012 0.0187135 0.0177292 0.0183287 0.0161981 0.0212387 0.0161871 0.033393 0.026953 0.026846 0.0159036 0.0150977 0.0142106 0.020325
threshold=-0.10697904623541275 -0.069446557981072091 -0.015399702772033572 -0.0031275443896554987 -0.0047112407166545094 -0.052371381567524022 0.0045820188157191738 0.082351553940759478 0.0032625273977240367 -0.01190565179559786 -0.044700285116496118 0.024140386145203804 0.024350055878494471 0.0093572256763696706 1.0000000180025095e-35 0.018062381901827466 -0.042540578492473682 0.00020082746178111963 0.0039941356942842657 -0.006210939549006248 0.011915509091066714 -0.010065644013133096 0.003277674469126567 -0.0038750279846413416 -0.0051143082909237327 -0.0039637918935321566 0.012215342282367425 0.28202493774781706 -0.0020356081172439263 0.013677871459029491
decision_type=2 2 2 2 2 2 2 2 2 2 2 2 2 2 2 2 2 2 2 2 2 2 2 2 2 2 2 2 2 2
left_child=-1 2 -2 -4 -5 6 -3 8 9 10 -7 12 -12 15 22 16 -11 20 26 -20 21 -18 23 24 -15 -24 -17 -25 -10 -30
right_child=1 5 3 4 -6 7 -8 -9 28 13 11 -13 -14 14 -16 18 17 -19 19 -21 -22 -23 25 27 -26 -27 -28 -29 29 -31
leaf_value=0.00075428133215089998 -0.0017180860289372506 -0.00020750448094100323 0.00099720869863328216 0.00037528764140526102 -0.0016822707962710411 -0.0020868937882046485 0.0016592391838865549 0.00071424189526523056 7.821062576982288e-05 0.0017535866021220995 -0.00054606469722853464 0.00089010842736267175 0.00084333921916550023 -0.0023954283002586593 0.0023954833479365337 -0.00048505903980751962 0.0018579037103729603 -0.00034390679868738521 0.0011218141246554924 -0.0005291252619645093 -0.00033690954142278343 0.0002239329868749591 0.0018297714398757211 3.480165384623201e-06 -0.00011715554017642076 5.8931159746491028e-05 -0.0020044062242959627 0.0014134066790147165 -0.00063346007885229489 0.00018987984063358521
leaf_weight=21 25 39 33 28 25 31 29 36 339 22 106 42 25 21 24 61 37 100 29 40 33 43 38 43 34 49 24 34 240 109
leaf_count=21 25 39 33 28 25 31 29 36 339 22 106 42 25 21 24 61 37 100 29 40 33 43 38 43 34 49 24 34 240 109
internal_value=6.07088e-13 -9.10863e-06 -0.000374712 1.58043e-05 -0.000595259 1.58188e-05 0.000588607 -9.14884e-06 -2.62368e-05 7.75541e-05 -0.000314258 3.38252e-06 -0.000280911 0.000204025 0.000509583 1.31491e-05 0.000304008 0.000154286 -0.000430693 0.000164748 0.000595164 0.000979644 0.000302909 -4.60743e-05 -0.000987042 0.000832402 -0.000914051 0.000626045 -0.000152355 -0.000376314
internal_weight=1760 1739 111 86 53 1628 68 1560 1524 836 204 173 131 632 243 389 235 213 154 69 113 80 219 132 55 87 85 77 688 349
internal_count=1760 1739 111 86 53 1628 68 1560 1524 836 204 173 131 632 243 389 235 213 154 69 113 80 219 132 55 87 85 77 688 349
is_linear=0
shrinkage=0.05


Tree=273
num_leaves=31
num_cat=0
split_feature=280 280 148 117 269 179 322 273 286 315 118 315 169 254 208 147 307 299 298 298 134 314 198 105 254 288 102 298 278 322
split_gain=0.00488406 0.00630268 0.00519643 0.00771406 0.00586988 0.0158038 0.0104183 0.00683453 0.00726338 0.00944994 0.0115913 0.00802548 0.00966563 0.015465 0.0149267 0.0133026 0.0160425 0.0143873 0.0110164 0.021899 0.0226308 0.0179243 0.0240396 0.0113041 0.0111568 0.0122919 0.0174531 0.0148441 0.0175757 0.0256585
threshold=0.082553035759173957 0.070660108109023692 0.066172815483938871 -0.0035865798680473448 -0.080101316272595355 0.0091343679248234323 0.00098475640873312616 0.095826445831216314 -0.094133763115035046 0.068193526956382075 0.0036718547558514097 0.059509285902735583 0.02169740634564887 -0.048683418394061831 -0.032901155425054 -0.014759751266298962 0.0030506236644561239 -0.020152283590132051 0.036842505074333599 0.0276487851309913 0.0011361179973294565 0.0149625640046036 0.00095912136006093263 -0.0085537758180995096 0.076006239414547913 -0.0026154090516806792 0.10242607003255665 -0.0011232576323504035 -0.021044092349827837 -0.021612030835014968
decision_type=2 2 2 2 2 2 2 2 2 2 2 2 2 2 2 2 2 2 2 2 2 2 2 2 2 2 2 2 2 2
left_child=1 2 4 -4 5 6 -1 8 -6 11 -11 12 18 -14 -15 16 -16 -17 19 24 -21 22 23 -20 25 -10 27 -27 -29 -30
right_child=-2 -3 3 -5 7 -7 -8 -9 9 10 -12 -13 13 14 15 17 -18 -19 21 20 -22 -23 -24 -25 -26 26 -28 28 29 -31
leaf_value=-0.00023606390226632359 0.00070839136136176728 -0.00072822721151775721 0.00013402395503362641 -0.0012546856435074005 -0.00092552911140955988 0.00067839823022950449 -0.0018499334913212808 0.00083857145688783104 -0.00018273086876317585 -5.9138871874893085e-05 0.0016431612908490935 -0.0009345975815614855 0.0015608545156757592 0.0014174878062807362 -0.0017154060502434733 -0.00052888634466063727 0.00019602339724888621 0.00062761178069195014 -0.00099058369325939559 0.0018040768004378633 -0.00013486152955145508 0.00030230636681759888 -0.0020109725713301752 0.0005130184114677832 -0.00096262846003106282 0.00032795459911872526 0.0013993988016240853 -0.00097464650973506657 0.0015260550458624494 -0.00020090320070609435
leaf_weight=20 24 30 20 20 20 20 20 26 493 20 20 22 23 22 21 38 23 92 25 34 27 48 31 25 31 303 27 56 25 154
leaf_count=20 24 30 20 20 20 20 20 26 493 20 20 22 23 22 21 38 23 92 25 34 27 48 31 25 31 303 27 56 25 154
internal_value=-5.6255e-13 -9.79343e-06 2.84022e-06 -0.000560331 1.63617e-05 -0.0004692 -0.001043 3.45023e-05 2.12707e-05 3.34092e-05 0.000792011 1.3446e-05 2.73692e-05 0.000334301 0.000190369 3.52162e-05 -0.00071625 0.000289558 -2.5186e-05 2.39614e-05 0.000945858 -0.000463322 -0.000917028 -0.000238783 -2.76783e-05 -2.8377e-07 0.000158913 9.66586e-05 -0.000201566 4.02921e-05
internal_weight=1760 1736 1706 40 1666 60 40 1606 1580 1560 40 1520 1498 219 196 174 44 130 1279 1150 61 129 81 50 1089 1058 565 538 235 179
internal_count=1760 1736 1706 40 1666 60 40 1606 1580 1560 40 1520 1498 219 196 174 44 130 1279 1150 61 129 81 50 1089 1058 565 538 235 179
is_linear=0
shrinkage=0.05


Tree=274
num_leaves=31
num_cat=0
split_feature=220 55 277 0 235 232 161 330 322 260 115 226 283 87 313 212 279 87 330 135 218 273 200 268 333 244 304 124 251 251
split_gain=0.00475001 0.00607105 0.0161624 0.00960177 0.00600344 0.0198743 0.0172698 0.00590493 0.0145517 0.0250283 0.0224802 0.0214177 0.0317397 0.0146298 0.0159788 0.0202472 0.0180407 0.0113723 0.0108022 0.0175654 0.0234427 0.0218419 0.0207023 0.0182217 0.0167219 0.0173901 0.0158472 0.0133013 0.013223 0.0147909
threshold=-0.20819939354600919 0.89587973461402759 -0.0034689972135143235 11.055853368301584 -0.088218716751490983 -0.0041424180694857498 0.00031938240215738872 0.021623932954895304 0.0055577181547452701 -0.034270284144216505 -0.023348231184173406 -0.0060852422493163525 -0.012785224593805721 0.17810172677030972 -0.010187275721892134 -0.0062537813360650897 -0.0067733594964453593 0.066472723904824824 0.0019184041287698226 -0.0054914170483146745 0.00035998422179448874 -0.016581232760691445 -0.0006776734313528914 0.0056900410693820043 0.00097722350705509425 -0.013157386965414275 -0.020478689511821694 0.011772323651666122 -0.074100782080096822 -0.091128057954672395
decision_type=2 2 2 2 2 2 2 2 2 2 2 2 2 2 2 2 2 2 2 2 2 2 2 2 2 2 2 2 2 2
left_child=-1 3 -3 4 5 6 -2 18 13 -10 -11 -12 -13 14 16 -16 -9 -17 28 24 21 -21 -23 -24 25 -20 -26 -22 29 -6
right_child=1 2 -4 -5 7 -7 -8 8 9 10 11 12 -14 -15 15 17 -18 -19 19 20 27 22 23 -25 26 -27 -28 -29 -30 -31
leaf_value=-0.00074748226602206987 0.00080645957822180836 0.0015790447625996813 -0.00040700370227568787 -0.000825065807678454 -2.7520373502435788e-05 0.0015736317208323342 -0.0008781722801359138 0.0019068881722584291 -0.0020279546654783189 0.00091876943258504423 -0.0019940853418159788 -0.0017912915750639515 0.00068096311564708276 -0.0012286716928792884 -0.0014873533395787135 -0.0001173081194595518 0.00022199735524717405 0.0011613025304210501 0.0015213724529451651 -0.0011284760725363318 0.00081972750619409935 -0.00031468616161007613 0.00023607283136308462 0.0023448573678615508 0.00034169169398956002 -0.00012499212276658378 -0.0012053213823510678 0.0022528620978118853 -3.3765771730302616e-06 -0.0016406237273865071
leaf_weight=21 29 21 20 35 30 26 32 24 25 29 23 20 37 20 23 83 47 22 23 29 85 42 21 20 25 53 49 20 799 27
leaf_count=21 29 21 20 35 30 26 32 24 25 29 23 20 37 20 23 83 47 22 23 29 85 42 21 20 25 53 49 20 799 27
internal_value=-6.65998e-13 9.02652e-06 0.000610241 -5.49042e-06 1.17586e-05 0.000416095 -7.72817e-05 -1.0562e-05 -0.000190708 -0.00060111 -0.000273852 -0.000706177 -0.000186495 6.04051e-05 0.000189961 -0.000143727 0.000791538 0.000150591 4.14344e-05 0.000268378 0.000555973 5.27862e-05 0.000465516 0.00126475 -0.000147676 0.00037325 -0.000682682 0.00109271 -5.58649e-05 -0.000791622
internal_weight=1760 1739 41 1698 1663 87 61 1576 353 134 109 80 57 219 199 128 71 105 1223 367 217 112 83 41 150 76 74 105 856 57
internal_count=1760 1739 41 1698 1663 87 61 1576 353 134 109 80 57 219 199 128 71 105 1223 367 217 112 83 41 150 76 74 105 856 57
is_linear=0
shrinkage=0.05


Tree=275
num_leaves=31
num_cat=0
split_feature=128 189 169 274 98 110 233 324 188 302 233 143 170 189 207 104 94 141 114 316 93 220 303 318 169 263 190 230 197 204
split_gain=0.00467967 0.0124315 0.0157028 0.0181943 0.0249256 0.0228134 0.0223787 0.0397348 0.035312 0.0194167 0.0222878 0.0193493 0.0178114 0.016325 0.0146149 0.0175666 0.0180208 0.014218 0.0137583 0.0134823 0.0198298 0.0279527 0.0181006 0.0150652 0.0127176 0.0127017 0.0116209 0.0139499 0.0209575 0.0176003
threshold=-0.0064095635688855681 -0.0023805857652541905 0.010905265875430177 -0.034350186338010506 -0.0046821488988154141 -0.014678689571155168 0.0018822440763734882 -0.015939594279823686 0.0077739502970763227 -0.0013405917184862194 0.036894081343078311 0.004904224297844202 -0.0047415380757555182 -0.00028207563311579548 0.0086625548594199738 -0.021846211164890304 0.0062374726605552095 0.00016158173248991434 0.0050044257760366341 -0.022320300002414445 0.060658264758910001 0.0051350035011569007 0.046812536306523642 -0.039427790715201243 -0.012167719829011716 -0.0073927968100888199 0.0072822055089587666 -0.011912983343265038 0.008221498049778786 0.0053376594107879946
decision_type=2 2 2 2 2 2 2 2 2 2 2 2 2 2 2 2 2 2 2 2 2 2 2 2 2 2 2 2 2 2
left_child=-1 19 3 4 -3 6 7 -5 -9 11 13 12 -7 -11 15 -4 -17 -8 -14 24 22 -22 23 -21 -2 -26 27 29 -29 -25
right_child=1 2 14 5 -6 9 17 8 -10 10 -12 -13 18 -15 -16 16 -18 -19 -20 20 21 -23 -24 26 25 -27 -28 28 -30 -31
leaf_value=-9.8565849864800878e-05 -0.0012940368511329366 -0.0022330422510858628 -0.00016083675736029235 -0.0005391404281302433 -0.00021057965105006961 0.00037961841677315534 0.00058803277012581636 0.0034002812777709384 0.00053383058014636238 -0.0015213903726544232 0.0015855469998496121 -0.0017332249768794732 -0.0019255176029653977 2.5365242894120709e-05 -0.00036837147513737859 0.0021180048553893962 0.00039898613805792506 -0.00098139031146157285 -0.00017654524682174353 0.0015601523335790261 0.0027793614927213643 0.00013584659682237544 -0.0010153367646853438 0.0017315973833319732 0.00071794935818096357 -0.00069705679759800689 -0.00020431307769767419 -0.00030469710687369418 0.0011242940853266284 -8.5010124603286389e-05
leaf_weight=715 23 25 35 24 39 40 27 22 21 20 20 39 23 116 44 30 31 31 22 25 20 20 25 40 35 29 85 75 39 20
leaf_count=715 23 25 35 24 39 40 27 22 21 20 20 39 23 116 44 30 31 31 22 25 20 20 25 40 35 29 85 75 39 20
internal_value=-7.10439e-13 6.74398e-05 -7.84778e-05 -0.000217194 -0.0010006 -9.3396e-05 0.000468248 0.00109071 0.00200039 -0.00034413 2.70865e-05 -0.000811145 -0.000388073 -0.000202099 0.000386222 0.000732077 0.00124441 -0.000250797 -0.00107046 0.000271256 0.000410077 0.0014576 0.000274475 0.000388014 -0.000285624 7.67747e-05 0.000274874 0.000508959 0.000184168 0.00112606
internal_weight=1760 1045 609 469 64 405 125 67 43 280 156 124 85 136 140 96 61 58 45 436 349 40 309 284 87 64 259 174 114 60
internal_count=1760 1045 609 469 64 405 125 67 43 280 156 124 85 136 140 96 61 58 45 436 349 40 309 284 87 64 259 174 114 60
is_linear=0
shrinkage=0.05


Tree=276
num_leaves=31
num_cat=0
split_feature=303 303 315 163 193 133 323 315 198 255 326 297 297 145 262 297 335 135 173 102 314 111 159 334 136 87 156 249 278 311
split_gain=0.00457713 0.0121454 0.00595018 0.0164356 0.014993 0.0142198 0.0124239 0.00868026 0.00746912 0.0071955 0.0190005 0.00944838 0.0131818 0.0192485 0.0207618 0.0167988 0.0128761 0.0242764 0.0178553 0.0102894 0.0103317 0.00918137 0.00894107 0.0179539 0.0206197 0.030798 0.0174966 0.0139457 0.016018 0.0123869
threshold=-0.10114854063771296 -0.080940272218123027 -0.053349139686599469 0.0012430015258206183 0.012571402124976896 0.0061719097683448033 -0.0013065377540920809 -0.046009804141633574 0.065022937388259011 -0.086074291682415136 -0.005995967506776779 -0.04502549936826359 -0.028733622198362008 -0.0039620713582921999 0.0098391282526746008 -0.026203494020124524 -0.00064043214144441187 0.0029885640871612157 -0.007022567280667317 0.0025570657480841956 -0.005421153105421731 -0.0031629940828754896 -0.015103519325267189 -0.00072803202435651906 0.0013867694714614714 0.089561365832170545 -0.00084189786374410291 -0.0085712237994029928 -0.0019682934232686878 -0.0014507271148115738
decision_type=2 2 2 2 2 2 2 2 2 2 2 2 2 2 2 2 2 2 2 2 2 2 2 2 2 2 2 2 2 2
left_child=-1 -2 3 4 6 -5 -3 -4 9 10 -9 16 13 14 -13 -14 17 -11 -18 20 -15 -20 23 -17 25 27 -26 -25 -29 -24
right_child=1 2 7 5 -6 -7 -8 8 -10 11 -12 12 15 19 -16 22 18 -19 21 -21 -22 -23 29 24 26 -27 -28 28 -30 -31
leaf_value=0.00073375405488713161 -0.0012040270865240712 -0.0016255643300246447 -0.00080877951905302531 0.0020782125037476363 0.00090545734069781341 0.00031920153393272173 0.00013681560929398984 -0.0017404139108423676 0.00082316196575346926 -1.1987979378318415e-05 0.00029968848312273626 -0.0022574237541098576 0.0012971621551550927 0.0013394223563955167 -0.00027784695115837233 0.00018820747748902854 -0.0013236809843441561 0.0017777445058325412 0.0012425619584973903 -0.00059879040437830025 -0.00021443545771509653 -0.00016009164589507105 -0.00013327101747760223 -0.0016480652694140605 -0.00077093617885391449 -0.0027686769575146694 0.00068361055772666907 0.0009171487004052671 -0.00088333449122728796 0.00024260266266662111
leaf_weight=21 21 20 34 20 21 27 20 21 27 40 25 26 25 20 27 137 21 36 20 41 23 28 407 22 39 21 44 21 30 475
leaf_count=21 21 20 34 20 21 27 20 21 27 40 25 26 25 20 27 137 21 36 20 41 23 28 407 22 39 21 44 21 30 475
internal_value=3.27056e-13 -8.86074e-06 5.74839e-06 0.000365021 -0.0001764 0.00106772 -0.000744374 -1.83519e-05 -1.29955e-06 -1.56704e-05 -0.000631663 3.18232e-06 -3.77818e-05 -0.000502838 -0.00124896 1.4399e-05 0.000386832 0.00083578 -0.000107661 -3.20711e-05 0.000508289 0.000424347 -1.24146e-05 -0.000241538 -0.000574165 -0.00108127 1.48838e-07 -0.000595854 -0.000141959 6.91553e-05
internal_weight=1760 1739 1718 108 61 47 40 1610 1576 1549 46 1503 1358 137 53 1221 145 76 69 84 43 48 1196 314 177 94 83 73 51 882
internal_count=1760 1739 1718 108 61 47 40 1610 1576 1549 46 1503 1358 137 53 1221 145 76 69 84 43 48 1196 314 177 94 83 73 51 882
is_linear=0
shrinkage=0.05


Tree=277
num_leaves=31
num_cat=0
split_feature=206 52 208 275 255 254 86 270 11 330 330 176 294 326 213 197 196 187 307 219 287 120 135 146 335 185 133 331 133 11
split_gain=0.00457813 0.0105506 0.0130975 0.0109099 0.0117648 0.0113099 0.0156004 0.0107891 0.0171659 0.00892213 0.0174137 0.0269441 0.0285262 0.0219387 0.0209802 0.0174913 0.0171601 0.0159874 0.0179256 0.0151355 0.0138977 0.0167649 0.0149276 0.0251262 0.0220712 0.0200168 0.0157915 0.0155849 0.0144029 0.0136813
threshold=0.012977727005995853 1.0000000180025095e-35 0.038376907029536798 -0.061302821208700453 0.044802099220016468 -0.044277741006902065 -0.097055660769067922 -0.0062619333989057981 2.5907301360057269 0.015441898357152791 0.0019184041287698226 0.0001570337050160134 0.028246884228354276 -0.010404276146661824 0.13922582832135716 -0.0010486443010617483 0.002965914275838252 -0.0038876706141500773 -0.0039015421976762456 0.013057019347795866 0.044984660889850682 0.0093433238609404359 1.0000000180025095e-35 -0.011876076075295778 -0.023712345320936402 0.0038070964712994255 -0.020103811648692186 -0.020157970271604302 -0.011124007357514733 4.0585714285714287
decision_type=2 2 2 2 2 2 2 2 2 2 2 2 2 2 2 2 2 2 2 2 2 2 2 2 2 2 2 2 2 2
left_child=9 2 3 -2 5 -5 -7 8 -8 10 29 14 13 -13 17 -15 -17 -12 -19 -20 22 -22 26 25 -25 -24 -11 -26 -28 -1
right_child=1 -3 -4 4 -6 6 7 -9 -10 20 11 12 -14 15 -16 16 -18 18 19 -21 21 -23 23 24 27 -27 28 -29 -30 -31
leaf_value=6.3694907999012665e-05 0.00084821450630746169 -0.0012127882126316599 0.00083502817508165862 -0.0011713119579676108 -0.0013728852754204789 0.0009056709161086474 -0.0016247955389553682 5.4326061376257796e-05 -0.00018569489103940025 -0.0010149971064594056 0.00046452132402919233 -0.00048323536832486431 0.0025435408591874876 0.0021768312295898798 0.0014056287240236998 -0.00025315964345021973 0.0016644324755179696 0.00021977862276029416 -0.0024392355681629851 -0.00049401671043597156 0.0014519062970605404 -0.00038509685900467243 -0.00282474586425451 -0.0015404400923957669 -0.00098599392188659213 -0.00058773818920599297 0.0015482157445512713 0.00043458405381534249 7.8374530407018036e-05 -0.00071236099024498539
leaf_weight=676 24 22 35 26 22 35 30 141 67 27 40 31 24 25 21 28 20 26 20 20 27 23 20 27 26 20 20 75 100 62
leaf_count=676 24 22 35 26 22 35 30 141 67 27 40 31 24 25 21 28 20 26 20 20 27 23 20 27 26 20 20 75 100 62
internal_value=1.10345e-12 -0.000148216 -8.65827e-05 -0.000180079 -0.000256961 -0.000174853 -7.99523e-05 -0.000224897 -0.000630778 4.38754e-05 0.000121576 0.00047778 0.000989732 0.00063116 -3.82027e-05 0.0011044 0.000545837 -0.000324245 -0.000802285 -0.00146663 -0.000167514 0.000606885 -0.000290434 -0.000612402 -0.000270578 -0.00170624 7.75296e-05 6.88907e-05 0.000323348 -1.5022e-06
internal_weight=1760 402 380 345 321 299 273 238 97 1358 993 255 128 104 127 73 48 106 66 40 365 50 315 168 128 40 147 101 120 738
internal_count=1760 402 380 345 321 299 273 238 97 1358 993 255 128 104 127 73 48 106 66 40 365 50 315 168 128 40 147 101 120 738
is_linear=0
shrinkage=0.05


Tree=278
num_leaves=31
num_cat=0
split_feature=244 260 111 249 203 281 274 243 19 287 287 169 181 88 169 282 332 336 117 296 197 108 103 304 263 336 196 270 156 198
split_gain=0.00434862 0.018493 0.0172005 0.0118316 0.0112826 0.00988596 0.00957879 0.00731141 0.0117271 0.00791467 0.0156142 0.0143867 0.0251085 0.023883 0.0233531 0.0150569 0.0184516 0.0112733 0.0155462 0.0124204 0.016793 0.0158583 0.0152838 0.014644 0.0146828 0.0145859 0.0135385 0.0115522 0.0137904 0.0121687
threshold=-0.060219830752453275 -0.044674006721414368 0.033995210824251311 0.10390940041241654 0.007298599576280396 -0.020891632193275295 -0.0097255968926734417 0.069103160958079321 9.6547619047619069 -0.0085163461434087807 -0.0073154274955605945 -0.02710057040923761 0.012529909176699364 0.0072360943243983469 -0.020635759510668567 0.064186511867774312 -0.051604760302959289 0.0028056362077088556 -0.023562666285211458 -0.013862566368068921 0.0031371198424266556 0.007090026702984766 0.025715932010930188 0.0019274012402294395 0.015345895913999966 -0.0077745454809882578 -0.0012532488286252487 0.014075082091753363 0.0042286797303386107 -0.0012624223208799654
decision_type=2 2 2 2 2 2 2 2 2 2 2 2 2 2 2 2 2 2 2 2 2 2 2 2 2 2 2 2 2 2
left_child=1 -1 4 7 5 -3 -6 9 -9 11 -11 12 13 -2 -13 16 -16 19 -19 23 21 25 26 24 -18 -21 -22 29 -29 -20
right_child=3 2 -4 -5 6 -7 -8 8 -10 10 -12 14 -14 -15 15 -17 17 18 27 20 22 -23 -24 -25 -26 -27 -28 28 -30 -31
leaf_value=0.0013027367773853864 -0.00010088593089243485 0.0013797158661943217 -0.0012629688668312157 -0.0011278403835603967 -0.0011866658671005142 0.00018562200190829642 0.00034228157193865626 -0.0011446469883948239 6.0229164860768085e-05 0.001337166796438396 7.0570751330547389e-05 -0.0019102285157714506 -0.00074857452642530786 0.002129725820019043 -0.0017109469557181002 0.0011431235371024482 -0.0014274790932956552 0.0010820276701022321 0.00080695748904771689 -0.0002116334763438014 -0.00093023489433107897 0.00047157165578230178 -0.00015726024094874446 0.00086791665203605052 0.00046548032056307424 -0.001872426501940936 -0.0027699700207449497 -0.0016379210026405582 0.00017615968143218198 -0.00037641350997243231
leaf_weight=33 21 26 23 24 21 52 20 36 46 25 911 20 26 28 20 21 21 36 45 39 20 45 20 37 20 20 20 22 20 42
leaf_count=33 21 26 23 24 21 52 20 36 46 25 911 20 26 28 20 21 21 36 45 39 20 45 20 37 20 20 20 22 20 42
internal_value=-3.23491e-14 0.000236529 -1.12513e-05 -2.61152e-05 0.000230677 0.000583653 -0.000440838 -9.17647e-06 -0.000468741 1.63031e-05 0.000104401 -0.000135556 0.000507344 0.00117375 -0.000238585 -0.000163958 -0.00022824 -0.00015538 0.000163307 -0.000372667 -0.0006197 -0.000235399 -0.00128582 0.000146737 -0.000504084 -0.000774614 -0.0018501 -9.30802e-05 -0.000774073 0.000235675
internal_weight=1760 175 142 1585 119 78 41 1561 82 1479 936 543 75 49 468 448 427 407 165 242 164 104 60 78 41 59 40 129 42 87
internal_count=1760 175 142 1585 119 78 41 1561 82 1479 936 543 75 49 468 448 427 407 165 242 164 104 60 78 41 59 40 129 42 87
is_linear=0
shrinkage=0.05


Tree=279
num_leaves=31
num_cat=0
split_feature=167 284 222 297 117 258 256 175 148 103 164 157 306 167 97 160 131 290 222 191 286 251 193 85 179 270 248 199 119 208
split_gain=0.0044804 0.0113426 0.0171268 0.0191704 0.0214859 0.0187054 0.0151744 0.0193529 0.0166045 0.0193114 0.0134078 0.0119847 0.0153701 0.0110324 0.0196325 0.0110886 0.0108227 0.0108198 0.010147 0.00931396 0.0114548 0.00900526 0.0174583 0.0118507 0.018884 0.0220879 0.0217002 0.0205375 0.0164809 0.01384
threshold=-0.010529674038119064 -0.0026777462778733731 0.0056671023009632294 0.019087792973918011 -0.0018611067960188179 0.009898249398250767 -0.0071818902319265897 0.034566299147025005 -0.0098580278602599433 0.008979193144226608 0.017251181694338789 -0.027338592332280198 0.036620674660280482 -0.00827389931986614 0.00325705420730505 0.0008145380639497118 0.012865346736779824 -0.0026970742343960167 0.057343819726158561 -0.066908425332692617 -0.094133763115035046 -0.074100782080096822 0.0027325300992506788 -0.17117116974125138 0.01454082992147669 -0.045090353104631449 0.025523712195320784 -0.0097282340856083248 0.036154368208331407 -0.0069904570940407936
decision_type=2 2 2 2 2 2 2 2 2 2 2 2 2 2 2 2 2 2 2 2 2 2 2 2 2 2 2 2 2 2
left_child=1 2 3 10 -5 -4 7 8 -3 -10 16 -8 -13 14 15 -2 17 -1 19 -15 -21 22 -22 24 25 -23 27 -27 29 -29
right_child=13 6 5 4 -6 -7 11 -9 9 -11 -12 12 -14 18 -16 -17 -18 -19 -20 20 21 23 -24 -25 -26 26 -28 28 -30 -31
leaf_value=0.0012449954680050725 -0.00087828621696892442 9.7004733608377271e-06 0.00032781956916037223 0.00021948637010570129 -0.002021309033734724 0.0018878433749319589 -0.00061156071433793443 0.00064819397253450012 -0.0025622656244946567 -0.00060694230092589614 -0.00063386403489857919 0.00017866001656199974 0.0016242330211257055 0.00092642533967995813 -0.0019900006001989825 0.00072799655140226528 0.0015564447607455524 -0.00012378372164329493 -0.00085546330773338141 -0.0011701189497086619 9.0084998105579116e-05 0.0021737645752727985 -0.0016324548195674046 -3.9714284050233861e-05 -0.00062017184153726141 0.0018123114529740197 -0.0011280303994138309 0.0010691713109554257 0.0014991612607528541 -0.00046676155401986427
leaf_weight=22 22 29 46 23 20 33 36 25 23 28 24 112 22 27 20 21 26 42 35 21 38 20 24 837 38 29 20 20 22 55
leaf_count=22 22 29 46 23 20 33 36 25 23 28 24 112 22 27 20 21 26 42 35 21 38 20 24 837 38 29 20 20 22 55
internal_value=1.19474e-12 0.000124722 0.00037901 7.68651e-05 -0.000822744 0.000979475 -9.35035e-05 -0.000566098 -0.000945565 -0.00148875 0.000416191 0.000198393 0.000415993 -5.10271e-05 -0.000695784 -9.38225e-05 0.000696206 0.000346734 -1.67778e-05 8.72521e-06 -1.33192e-05 8.70511e-06 -0.000576705 4.3571e-05 0.000385286 0.000615451 0.000401983 0.000644842 0.000295805 -5.71795e-05
internal_weight=1760 511 236 157 43 79 275 105 80 51 114 170 134 1249 63 43 90 64 1186 1151 1124 1103 62 1041 204 166 146 126 97 75
internal_count=1760 511 236 157 43 79 275 105 80 51 114 170 134 1249 63 43 90 64 1186 1151 1124 1103 62 1041 204 166 146 126 97 75
is_linear=0
shrinkage=0.05


Tree=280
num_leaves=31
num_cat=0
split_feature=244 255 141 126 249 272 121 132 296 157 244 123 134 138 279 116 276 183 303 323 249 212 303 303 97 90 115 266 313 288
split_gain=0.0041 0.0119686 0.0303738 0.0208253 0.0177606 0.00860772 0.0140315 0.0157985 0.00992653 0.0090269 0.00850817 0.0225034 0.020092 0.0164968 0.0137432 0.0131706 0.0106901 0.0219295 0.00988943 0.0202338 0.0384534 0.0382324 0.0154511 0.0227091 0.0451526 0.0183112 0.0182787 0.02134 0.0264833 0.0158357
threshold=-0.036572914145098195 0.04358880495250312 -0.012165463781860461 0.018625103342845954 0.0093494428231311096 0.061970129120844937 -0.0093371814252887712 1.0000000180025095e-35 0.019917829398157349 -0.024536096340100757 -0.020757736140166527 0.02450232898203691 0.0068436133346128645 0.014681843617441197 0.0046445019328744527 -0.0099019415835532709 0.075550511197971251 0.014721696626116004 -0.032614635315340333 0.0036147428704903081 0.0068663989301780701 0.0036177105046320017 0.0046898299781642167 0.0015498177122309272 -0.029016937714038616 0.080788676716928021 -0.031610796129920772 -0.0011966900452369249 0.0018653174838039145 -0.0011783468718271543
decision_type=2 2 2 2 2 2 2 2 2 2 2 2 2 2 2 2 2 2 2 2 2 2 2 2 2 2 2 2 2 2
left_child=1 3 -3 5 -5 6 8 -8 9 -1 11 12 13 14 -2 -14 18 -18 19 -12 21 -21 23 25 -25 -20 27 29 -29 -24
right_child=10 2 -4 4 -6 -7 7 -9 -10 -11 16 -13 15 -15 -16 -17 17 -19 22 20 -22 -23 26 24 -26 -27 -28 28 -30 -31
leaf_value=0.0012233018619008363 0.0018545439629330457 -0.00044935633316830109 0.0019746640220026685 -0.0001574963690256395 -0.0019111876872061244 -0.00059740669908933349 0.00023734715226030837 0.0017421150756435412 -0.00085747280560705499 1.2853017416539421e-05 0.00011491928164426046 -0.0015932305717386395 0.00014075158840222727 -0.00068867411602695943 0.00010306315283135822 -0.0014918766838187972 0.0016613367666390593 -0.00037605079053901137 1.7832348861769857e-05 -0.0033973646362111063 0.00028168040452009019 -0.00056526559772184838 -0.0010432320096614685 0.0030107451170416819 0.00012182251452223252 0.0011768033289872866 1.6948272946418585e-06 -0.00043688522402330173 -0.0025210674847821121 0.0006783680408261717
leaf_weight=20 24 24 28 42 22 25 37 33 24 67 102 31 21 20 21 30 28 25 432 22 37 26 22 21 38 37 405 35 27 34
leaf_count=20 24 24 28 42 22 25 37 33 24 67 102 31 21 20 21 30 28 25 432 22 37 26 22 21 38 37 405 35 27 34
internal_value=-6.28895e-13 0.000161271 0.000855885 2.74939e-05 -0.000760328 0.000272254 0.000392373 0.000946738 4.27734e-05 0.000291117 -3.61122e-05 -0.000396536 -7.67295e-05 0.000506152 0.00103719 -0.000819618 4.92749e-06 0.000700305 -2.48423e-05 -0.000359866 -0.000929609 -0.00186331 3.47671e-05 0.000225569 0.00115008 0.000109265 -0.000157858 -0.000705478 -0.00134451 2.02516e-06
internal_weight=1760 322 52 270 64 206 181 70 111 87 1438 147 116 65 45 51 1291 53 1238 187 85 48 1051 528 59 469 523 118 62 56
internal_count=1760 322 52 270 64 206 181 70 111 87 1438 147 116 65 45 51 1291 53 1238 187 85 48 1051 528 59 469 523 118 62 56
is_linear=0
shrinkage=0.05


Tree=281
num_leaves=31
num_cat=0
split_feature=167 327 174 227 206 307 222 248 215 193 81 302 240 167 244 188 165 260 138 326 326 99 322 180 194 318 162 334 132 282
split_gain=0.00404397 0.0105529 0.0119153 0.0220529 0.0144609 0.0147751 0.0151759 0.0132674 0.0121177 0.011728 0.0191538 0.0104611 0.0150625 0.0102202 0.0193843 0.00974504 0.0100709 0.0137629 0.0108044 0.00963331 0.0188294 0.0288741 0.0182678 0.0142428 0.015761 0.0161172 0.0129233 0.0188046 0.0184016 0.0141691
threshold=-0.010529674038119064 0.060941810534195 0.04625806011453374 -0.0041065886834300352 -0.0012406387615829407 0.03703196766812264 0.0071793793656270725 0.017331507699916784 -0.0012104761161814167 -0.0089511578195823824 -0.39580333700519993 -0.014133451273957836 0.015042773860057269 -0.00827389931986614 -0.0046493576271968455 -0.017814630341717232 0.019345834365934903 -0.015917564737510076 -0.0048079707106877525 0.00055124958441061785 0.0047483155921060347 -0.025790330408700633 -0.0040838652538581601 0.022078293937235916 -0.01512832812026685 0.00071804383639502932 0.033275683663267851 0.037881168804723094 0.0092287952121268575 -0.020515289668825307
decision_type=2 2 2 2 2 2 2 2 2 2 2 2 2 2 2 2 2 2 2 2 2 2 2 2 2 2 2 2 2 2
left_child=1 2 4 -4 5 6 7 -1 -8 10 -6 12 -11 14 -2 -13 17 -17 -19 -15 21 -21 -23 26 -25 -26 27 29 -28 -22
right_child=13 -3 3 -5 9 -7 8 -9 -10 11 -12 15 -14 19 -16 16 -18 18 -20 20 23 22 -24 24 25 -27 28 -29 -30 -31
leaf_value=0.00026032167626238479 0.00022203505467323047 0.0011897372338518671 0.00037756647899463451 -0.0018367182987276466 -0.0017411857629597832 0.0014449050371695194 0.00033799981008217274 -0.00097811688777125843 0.0019268755210630065 0.0014388443710451047 6.1612967007985235e-05 -0.00113252237594376 -0.00034477660490665589 -0.00015421946639111121 -0.0015322874851335655 -0.00061472775632864796 -0.00086273621078968672 0.0016409387102439292 0.00022098831376186697 0.0025068649600143546 0.00046071171889773077 0.0014149574737530202 -0.00054929667666297544 -0.00053111889588070059 0.0022164102099486624 0.00046284602523021597 -0.0017218558093022526 0.0010637638224962806 0.00027915878687053921 -0.00028928890660748273
leaf_weight=95 31 22 23 22 26 32 28 28 21 29 34 21 20 609 32 28 24 21 37 20 83 20 29 21 20 38 27 38 20 261
leaf_count=95 31 22 23 22 26 32 28 28 21 29 34 21 20 609 32 28 24 21 37 20 83 20 29 21 20 38 27 38 20 261
internal_value=-2.2293e-13 0.000118492 7.02967e-05 -0.000704973 0.000148871 0.000458376 0.000274835 -2.15993e-05 0.00101895 -0.000114207 -0.0007196 8.75901e-05 0.000710836 -4.84782e-05 -0.000669049 -0.000145532 4.2893e-05 0.000295627 0.000735108 -1.55137e-05 0.000130885 0.000905896 0.00025244 2.56174e-05 0.000642568 0.00106752 -8.79936e-05 8.26621e-06 -0.00087036 -0.000108329
internal_weight=1760 511 489 45 444 204 172 123 49 240 60 180 49 1249 63 131 110 86 58 1186 577 69 49 508 79 58 429 382 47 344
internal_count=1760 511 489 45 444 204 172 123 49 240 60 180 49 1249 63 131 110 86 58 1186 577 69 49 508 79 58 429 382 47 344
is_linear=0
shrinkage=0.05


Tree=282
num_leaves=31
num_cat=0
split_feature=182 144 284 300 316 253 293 222 134 291 306 254 178 310 255 94 238 81 260 138 319 241 168 9 286 205 128 208 166 199
split_gain=0.00407657 0.0142242 0.0146082 0.0155501 0.016123 0.0155896 0.0218249 0.013593 0.0187988 0.0184898 0.0250386 0.0149329 0.0143987 0.0132117 0.0126462 0.0172955 0.0193471 0.0146398 0.012533 0.0197316 0.0165351 0.0147206 0.0159593 0.0136253 0.0124746 0.0123503 0.0113214 0.0155846 0.019269 0.0231116
threshold=-0.0021250264380628034 0.017909428030356691 0.036525475993671848 -0.0065482028714802833 0.014203727784999559 0.017884966288257056 0.012635480079873704 0.0074313141052328516 -0.029815936201746399 -0.0068283104212289976 -0.0024105748108879982 0.061737563309470347 0.0068012225860008884 -0.044481073001362829 0.04358880495250312 -0.029988682346439647 0.0061734900100125015 -0.49991037261360072 0.013050481943669241 0.018256686422172781 0.029389863488619012 0.055999290294053559 -0.011051695429174037 0.031290796344647522 0.024170880126194866 -0.0063914670892257714 0.034114951758448274 -0.01204246078677886 -0.0096312424562827615 -0.00061483165095579625
decision_type=2 2 2 2 2 2 2 2 2 2 2 2 2 2 2 2 2 2 2 2 2 2 2 2 2 2 2 2 2 2
left_child=7 26 3 4 -3 -5 -7 11 -9 24 -11 12 13 -1 15 16 -14 -17 20 23 21 22 25 -20 -10 -15 -2 -28 -29 -30
right_child=1 2 -4 5 -6 6 -8 8 9 10 -12 -13 14 18 -16 17 -18 -19 19 -21 -22 -23 -24 -25 -26 -27 27 28 29 -31
leaf_value=0.00079844167066767113 -0.00024467993116885993 0.00014703960812039441 0.0014792635550965434 4.4712281727423611e-05 -0.0013348728813760884 0.0023163754761259515 0.00018218881334178152 -0.00081118439226702328 -0.00025469799549118131 0.0023715255282225154 0.00053144855328890331 -0.0010179010947467761 -0.001789813826326281 -0.00044144673763936307 0.0014973497473296116 0.0016725741233544382 0.00040945576853118843 0.0002695036032916202 -0.00082778563231436758 -0.001989362134190742 0.00097050481638165592 0.0010299606318585573 -0.00010255098325180133 0.00066820199654498346 0.0011934116904740223 -0.002140331770060584 -0.00085824152591395305 -0.00028570948737372724 0.00012366785807535051 0.0022334357896060856
leaf_weight=32 668 50 23 73 29 23 25 25 58 29 51 36 20 23 22 22 20 120 45 24 33 20 115 23 20 20 23 36 25 27
leaf_count=32 668 50 23 73 29 23 25 25 58 29 51 36 20 23 22 22 20 120 45 24 33 20 115 23 20 20 23 36 25 27
internal_value=1.14023e-13 -6.61854e-05 0.000285915 0.00014868 -0.000396954 0.00050492 0.00120482 8.74904e-05 0.00046281 0.000664392 0.00119848 -3.19591e-05 3.38923e-05 -0.000167772 0.000365057 0.000228186 -0.000690179 0.000486881 -0.000269815 -0.000756809 -5.74758e-05 -0.000248057 -0.000409831 -0.00032179 0.000116612 -0.00123163 -0.000166979 0.000300625 0.00060351 0.00121912
internal_weight=1760 1002 223 200 79 121 48 758 183 158 80 575 539 335 204 182 40 142 303 92 211 178 158 68 78 43 779 111 88 52
internal_count=1760 1002 223 200 79 121 48 758 183 158 80 575 539 335 204 182 40 142 303 92 211 178 158 68 78 43 779 111 88 52
is_linear=0
shrinkage=0.05


Tree=283
num_leaves=31
num_cat=0
split_feature=128 189 214 279 123 106 296 150 310 178 304 158 189 292 270 316 269 145 191 281 240 255 159 137 294 138 247 325 127 309
split_gain=0.00406655 0.0107608 0.0140228 0.0126811 0.0169612 0.0124644 0.0171709 0.0204065 0.0162875 0.0150608 0.0136853 0.0166726 0.0170808 0.0213161 0.0157822 0.0135097 0.0136838 0.0165058 0.012738 0.0202553 0.0123267 0.0168376 0.0120657 0.0104059 0.0173773 0.0103385 0.0102432 0.0101874 0.0101253 0.0209087
threshold=-0.0064095635688855681 -0.0023805857652541905 0.29309890934473853 -0.014509515077410865 -0.026741382679361783 0.06465094357502893 -0.0044875108422882818 0.0026197408194394414 0.0070020146365503055 -0.0071810391284435849 0.027334193994116209 0.0027651379538596661 0.0061345538378190035 0.0041464313182269967 -0.0083538839018790449 0.03234354108566842 0.012596786228485922 0.0021062074531499712 -0.0010380044824564872 -0.007503019817098066 -0.0023478776252979197 0.015743210682631657 0.0097277233321424027 -0.020310243201884109 0.02037399427975348 -0.0020636298929893201 -0.0046481857648491016 0.051227588074968793 0.036272086795309834 -0.030455247139449252
decision_type=2 2 2 2 2 2 2 2 2 2 2 2 2 2 2 2 2 2 2 2 2 2 2 2 2 2 2 2 2 2
left_child=27 3 5 4 -2 6 10 8 18 -7 11 23 -13 -14 -12 16 17 25 19 -8 -6 -22 -10 -3 -25 -9 -20 28 -1 -30
right_child=1 2 -4 -5 20 9 7 15 22 -11 14 12 13 -15 -16 -17 -18 -19 26 -21 21 -23 -24 24 -26 -27 -28 -29 29 -31
leaf_value=4.6381676851689756e-05 0.0019082244070570754 0.00077912096416680879 0.00094591467332065808 8.4412369511529465e-05 0.0010376382668043737 4.4345329313893507e-05 0.0018064543093108416 0.00017880610274997627 -0.00029420553146337626 -0.001749403988476843 -0.00069397436648917699 -7.5956249687199806e-05 -0.00072320810443041129 -0.0028128477117127701 0.0011058528193047849 0.0018761027859727619 0.0012561595128499905 0.0010535218045115472 -0.0011228203396312893 -6.8793277185048084e-05 0.00071916824070891987 -0.0010192612920386288 -0.0018597254873020574 1.0672241314164093e-05 -0.0015508765056729318 -0.0013919044157955796 0.00017368713623653047 -0.0008671830587991281 -0.0019338407501345502 -0.00016992013615977375
leaf_weight=550 23 22 32 314 43 22 24 22 32 25 21 24 26 23 29 20 35 25 25 36 30 26 20 62 25 20 39 40 20 105
leaf_count=550 23 22 32 314 43 22 24 22 32 25 21 24 26 23 29 20 35 25 25 36 30 26 20 62 25 20 39 40 20 105
internal_value=-3.13672e-14 6.28668e-05 -7.28925e-05 0.000252494 0.000685097 -0.000129395 -6.01911e-05 0.000190919 -0.000153565 -0.000909777 -0.000382738 -0.000584019 -0.00116879 -0.00170406 0.000349925 0.00068788 0.000454895 3.63237e-05 0.000157916 0.000681306 0.000400936 -8.79598e-05 -0.000896329 -0.000192381 -0.000438049 -0.000569151 -0.000332761 -9.18823e-05 -4.59385e-05 -0.000452147
internal_weight=1760 1045 609 436 122 577 530 298 176 47 232 182 73 49 50 122 102 67 124 60 99 56 52 109 87 42 64 715 675 125
internal_count=1760 1045 609 436 122 577 530 298 176 47 232 182 73 49 50 122 102 67 124 60 99 56 52 109 87 42 64 715 675 125
is_linear=0
shrinkage=0.05


Tree=284
num_leaves=31
num_cat=0
split_feature=220 220 309 7 277 304 167 253 102 204 204 116 330 295 81 295 159 334 316 140 209 211 211 232 326 91 79 238 185 280
split_gain=0.00386478 0.0271012 0.0400434 0.0120226 0.0154159 0.0135368 0.0127034 0.0157613 0.0211672 0.0125185 0.0175962 0.0157794 0.016827 0.0244047 0.0309626 0.0145869 0.0150173 0.0126029 0.013774 0.0123433 0.0113158 0.0111427 0.0171266 0.0108048 0.0124515 0.0105596 0.0102924 0.0121435 0.0202291 0.0253496
threshold=1.0000000180025095e-35 0.0031413315153253981 -0.019254853743886569 0.79300142827994302 -0.039139530363112254 0.0062176602426100768 0.016277418542921727 0.0082231000246318301 -0.0016605098521014982 -0.0018476999498038404 -0.0043206331299880099 0.078094774252715535 0.015441898357152791 -0.034890244160361267 -0.44144802966446656 -0.017508165275890469 -0.0074351664976460893 -0.031136815119659773 0.022173720737083086 0.0018975676675514399 0.016661973306873367 -0.013409323640521302 -0.011039793949517712 0.0020002194567216316 -0.0031323255523729833 0.056658705395267746 1.0000000180025095e-35 -0.044700285116496118 0.0050950266728768201 -0.019769102741278157
decision_type=2 2 2 2 2 2 2 2 2 2 2 2 2 2 2 2 2 2 2 2 2 2 2 2 2 2 2 2 2 2
left_child=26 2 -2 4 6 19 7 8 -3 10 21 12 13 14 -11 -14 -17 -15 25 -5 -4 -6 -23 24 -24 -19 27 28 29 -1
right_child=1 3 20 5 9 -7 -8 -9 -10 11 -12 -13 15 17 -16 16 -18 18 -20 -21 -22 22 23 -25 -26 -27 -28 -29 -30 -31
leaf_value=-0.0023562053972411724 -0.0025473960934994885 -0.00017030679210576984 0.00046524170320481065 -0.0010085702053797634 -0.00035049243469613281 -0.0014999601452683029 0.00061145993101451067 -6.9376421227073534e-05 -0.0023046032421496841 0.00034100281336577612 -0.0012071222481843565 0.0016579664754152127 -0.0015073538896740503 -0.00072758096648612997 0.0030047573229239791 0.00081940024283539976 -0.00065975611293185002 0.00052863338716162148 0.0013740464165288534 0.00050032220421020288 -0.00085559752102092133 0.0016990591702051461 -0.00093542140594864674 0.00065478496545901585 0.00042010665620182411 -0.0002858996045746146 0.00098883876848655447 0.00012850195797559042 0.00055050557680629399 -0.00034207229333840024
leaf_weight=21 26 21 31 23 98 26 23 49 26 24 31 22 20 28 20 32 37 108 31 33 34 20 36 53 32 63 30 664 37 61
leaf_count=21 26 21 31 23 98 26 23 49 26 24 31 22 20 28 20 32 37 108 31 33 34 20 36 53 32 63 30 664 37 61
internal_value=-3.01994e-13 -6.86509e-05 -0.000889012 1.85604e-05 7.95518e-05 -0.00055714 -0.000443966 -0.000696829 -0.00135098 0.000174664 -8.63556e-05 0.000357717 0.000278914 0.000472931 0.0015518 -0.000318396 2.62294e-05 0.000266539 0.000404337 -0.000119401 -0.000225659 5.90158e-05 0.000343639 0.000119602 -0.000297526 0.000228542 7.99661e-05 4.51434e-05 -0.000419983 -0.000857887
internal_weight=1760 947 91 856 774 82 119 96 47 655 270 385 363 274 44 89 69 230 202 56 65 239 141 121 68 171 813 783 119 82
internal_count=1760 947 91 856 774 82 119 96 47 655 270 385 363 274 44 89 69 230 202 56 65 239 141 121 68 171 813 783 119 82
is_linear=0
shrinkage=0.05


Tree=285
num_leaves=31
num_cat=0
split_feature=123 147 273 92 123 152 231 101 238 140 293 259 116 133 104 82 113 138 286 305 112 9 276 88 278 309 309 234 160 90
split_gain=0.00388319 0.0164582 0.0208073 0.0169573 0.0112945 0.0164067 0.0169018 0.0105728 0.0100165 0.00907364 0.00856398 0.0063681 0.0148686 0.00708068 0.0128061 0.00647322 0.00981406 0.0065942 0.00941651 0.011713 0.00738862 0.00863306 0.00760128 0.0180128 0.0111913 0.0188899 0.0154125 0.0146168 0.0219706 0.0241207
threshold=0.043303591789439676 -0.0029204996022008131 0.032353791370197706 -0.021796247275761748 0.03504155003215826 -0.015416134281427575 0.0077663915296341639 -0.013384470413160961 0.016797717812869543 -0.00012101440776344362 -0.0016662059084999767 -0.073425473393115115 -0.015040393500869815 0.07117602057396212 0.020459165292671212 -0.47030206312667527 -0.1173019740800801 0.064894356222448213 -0.094133763115035046 0.069815968617197299 -0.087601396384037064 0.068538725490196087 0.028768382500383834 -0.25475783027193 -0.026205250440422576 -0.030455247139449252 0.0057466912251293457 0.0011407967397850695 0.018295470504801802 0.0075493895044935946
decision_type=2 2 2 2 2 2 2 2 2 2 2 2 2 2 2 2 2 2 2 2 2 2 2 2 2 2 2 2 2 2
left_child=4 3 7 -2 11 -6 -7 -3 9 -9 -5 12 -1 15 -15 -13 -17 18 -18 20 -20 22 23 -22 25 -24 -27 28 29 -26
right_child=1 2 -4 10 5 6 -8 8 -10 -11 -12 13 -14 14 -16 16 17 -19 19 -21 21 -23 24 -25 27 26 -28 -29 -30 -31
leaf_value=-0.00013055665317111679 0.0018870915773070672 0.0010607803012879396 -0.0016400998314133005 0.0010246399819152431 0.00043921522540456086 -0.0017479197528778708 -9.9782557195534803e-05 -0.0013584673290924084 0.00066620858904736292 7.7565982593858458e-05 -5.9966448707900081e-05 0.00083734019173552178 0.001618059339816682 0.00022535186100867575 -0.001563931207638234 -0.001081041757216943 -0.0010877456306479872 0.00064060054794026658 -0.00077720825389523312 0.0011237572205414915 0.0014948393883449692 0.00081485493064974439 -0.0010008504656566816 1.3758449135249597e-05 -0.0006648001890174909 0.0017179603318926758 9.6829425010289397e-06 1.6377866134765403e-05 -3.5388070719841964e-05 -0.0028603321102722971
leaf_weight=31 22 22 21 28 28 35 28 22 22 22 52 23 20 20 20 21 20 40 31 23 21 32 22 915 29 23 31 75 39 22
leaf_count=31 22 22 21 28 28 35 28 22 22 22 52 23 20 20 20 21 20 40 31 23 21 32 22 915 29 23 31 75 39 22
internal_value=8.60919e-14 0.00020123 -0.000225947 0.000657722 -2.74109e-05 -0.000567836 -0.00101541 0.000111522 -0.000204898 -0.000640451 0.000319646 6.31932e-06 0.000555175 -1.35752e-05 -0.00066929 5.61172e-06 -8.62173e-06 8.40081e-06 -1.13092e-05 5.73648e-06 -1.5001e-05 4.54277e-06 -1.74878e-05 4.69878e-05 -0.000267899 0.000234139 0.000737283 -0.000499141 -0.000928741 -0.00161189
internal_weight=1760 211 109 102 1549 91 63 88 66 44 80 1458 51 1407 40 1367 1344 1323 1283 1263 1240 1209 1177 936 241 76 54 165 90 51
internal_count=1760 211 109 102 1549 91 63 88 66 44 80 1458 51 1407 40 1367 1344 1323 1283 1263 1240 1209 1177 936 241 76 54 165 90 51
is_linear=0
shrinkage=0.05


Tree=286
num_leaves=31
num_cat=0
split_feature=206 52 208 0 309 134 87 177 175 9 97 19 269 321 334 256 256 279 330 297 129 6 222 233 233 233 202 171 227 245
split_gain=0.00376352 0.00817276 0.0102667 0.00912457 0.00897006 0.0147387 0.0106433 0.0123387 0.0097142 0.0100454 0.0101777 0.00834929 0.00820673 0.00691976 0.0139239 0.0122595 0.0132923 0.0119893 0.00807502 0.0159491 0.0103951 0.0111606 0.0227606 0.0107263 0.0247793 0.0229145 0.0155513 0.0123995 0.0205718 0.0361021
threshold=0.012977727005995853 1.0000000180025095e-35 0.040906054487480047 6.111464881298299 0.02951261669965758 -0.0019221084372572914 0.016131992758708892 0.01286434352110523 0.023882324072215928 0.014727941176470589 0.030667327336921932 10.174242424242426 -0.0069896132884889077 0.040517447099031885 0.02851813279325632 0.0065176293397099967 -0.010119106854588942 0.085753037048303019 0.023600734467998843 0.033922174814374643 0.082351553940759478 0.65658950147223083 -0.002587104849643185 -0.051181739483068318 -0.047145981127509604 -0.05921643912026895 -0.0080886580564454216 -0.00097454118791781856 -0.0049022390365471352 -0.037934668595845884
decision_type=2 2 2 2 2 2 2 2 2 2 2 2 2 2 2 2 2 2 2 2 2 2 2 2 2 2 2 2 2 2
left_child=13 2 3 4 6 -6 7 12 9 -8 11 -11 -2 17 15 16 -15 18 20 -20 21 23 -23 25 -25 26 -1 28 29 -26
right_child=1 -3 -4 -5 5 -7 8 -9 -10 10 -12 -13 -14 14 -16 -17 -18 -19 19 -21 -22 22 -24 24 27 -27 -28 -29 -30 -31
leaf_value=0.0011301200351833056 0.00054780270900506452 -0.001071345536316089 0.00089921010500984262 -0.0011121977991222041 -0.00037019986048107971 0.0010862028336544572 0.00094958060953002953 -0.001387030041523223 -0.00074360408174059913 -0.00052673521435777227 -0.00097322362390431499 0.00066623353169151505 -0.00059341245130053728 0.00053952263042447159 -0.00040751534575570581 3.7898106683948726e-05 0.0022308333056224954 -0.0011013990258409952 -8.0459591671468747e-05 -0.0013439619031299212 0.0010724864868769566 -0.00041805223344177332 0.0016725694083046016 -0.001748015494584771 0.0025444407731161586 0.0018620942506696219 -0.00018080756800254282 -0.00020377789219798694 -0.00014244897843712864 0.00033094232603131488
leaf_weight=30 23 22 25 23 32 38 36 34 31 22 22 44 50 26 36 33 21 24 180 29 26 23 30 21 21 23 92 391 202 150
leaf_count=30 23 22 25 23 32 38 36 34 31 22 22 44 50 26 36 33 21 24 180 29 26 23 30 21 21 23 92 391 202 150
internal_value=-2.71802e-12 -0.000134384 -8.0139e-05 -0.000149107 -8.23871e-05 0.000420419 -0.000216725 -0.000600282 4.80539e-05 0.000245968 -4.18729e-05 0.000268577 -0.000233852 3.97809e-05 0.000409096 0.000776572 0.00129521 5.28763e-06 2.70943e-05 -0.000255778 8.56872e-05 5.95868e-05 0.000765319 1.93676e-05 -5.36122e-05 0.000414465 0.000141552 -7.03828e-06 0.000199195 0.000602775
internal_weight=1760 402 380 355 332 70 262 107 155 124 88 66 73 1358 116 80 47 1242 1218 209 1009 983 53 930 785 145 122 764 373 171
internal_count=1760 402 380 355 332 70 262 107 155 124 88 66 73 1358 116 80 47 1242 1218 209 1009 983 53 930 785 145 122 764 373 171
is_linear=0
shrinkage=0.05


Tree=287
num_leaves=31
num_cat=0
split_feature=6 6 291 199 202 140 180 306 304 154 140 194 242 81 277 247 140 313 278 294 306 173 117 213 318 146 175 291 93 303
split_gain=0.00392593 0.0157835 0.00993326 0.00555431 0.00625005 0.0195163 0.00881359 0.00761225 0.00717819 0.006647 0.00602077 0.0111543 0.0118144 0.0162829 0.012918 0.0163088 0.0185044 0.0231993 0.0134865 0.0137012 0.0132567 0.020659 0.0222157 0.0163007 0.0150186 0.0115517 0.0111484 0.0130524 0.0170116 0.0109749
threshold=0.68242810253204145 0.67161036920659878 -0.0010310409484692218 0.061820055984467694 -0.037794885291792542 0.006591732038740296 0.048991354481010781 0.084752434642958466 0.07587764865810219 -0.003106387260555512 0.00066107945765996403 0.038814080268450589 -0.017360230048005739 -0.52479451075537364 -0.010076113373215838 -0.037930732078041506 0.019580287977064653 -0.011156302804984525 -0.021044092349827837 0.0053355594269224394 -0.0041331135206531047 0.00060583875629425003 -0.0090832304337373788 -0.0010510659051741263 0.014701583235384274 0.0097784305711533133 -0.0043108427445412217 0.023538480547651151 0.034879732725454145 0.0078215144638455903
decision_type=2 2 2 2 2 2 2 2 2 2 2 2 2 2 2 2 2 2 2 2 2 2 2 2 2 2 2 2 2 2
left_child=1 3 -2 4 5 -1 7 8 10 -8 -6 12 13 -12 15 -14 17 -17 19 29 24 22 -22 -23 25 -20 -15 28 -28 -16
right_child=2 -3 -4 -5 6 -7 9 -9 -10 -11 11 -13 14 26 18 16 -18 -19 20 -21 21 23 -24 -25 -26 -27 27 -29 -30 -31
leaf_value=0.00039099891836355842 0.00025149726564489795 0.0010478560160158345 -0.0012525752683619172 -0.00079948442600487563 -0.00010167720302493105 -0.0012560271797229764 0.00010914514161413536 -0.00096717735934362295 0.00078044103962990156 0.0013982340288930574 -0.0011656623011055802 -0.00075987920883764876 -0.00050930432626046247 0.00058655912237060102 0.000658641818301056 0.0025381252003941115 0.00019543623014344901 0.00075445009480644648 -0.00036715563504185415 -0.0014999712288651305 0.0024594594973181799 -0.001122124590377401 0.000588929519098632 0.00044851088584763141 -0.0013452137926254762 0.00081720337072121248 -0.00040536166248260753 -0.0012792363278567793 0.0012517512825849866 -0.00085873006256323697
leaf_weight=35 23 36 21 22 743 37 20 20 30 20 35 36 28 57 26 26 70 61 50 24 22 24 57 53 22 35 59 25 21 22
leaf_count=35 23 36 21 22 743 37 20 20 30 20 35 36 28 57 26 26 70 61 50 24 22 24 57 53 22 35 59 25 21 22
internal_value=-1.26864e-13 1.19578e-05 -0.000466356 -1.024e-05 2.32499e-07 -0.000455389 2.09165e-05 1.95727e-06 1.46589e-05 0.00075369 -6.97687e-07 9.89408e-05 0.000142061 -0.000187689 0.000266986 0.000602339 0.000800594 0.0012875 8.17914e-05 -0.000524537 0.000247783 0.000541777 0.00110984 -4.10378e-05 -0.000180845 0.000120522 2.36012e-05 -0.000282004 2.96305e-05 -3.68203e-05
internal_weight=1760 1716 44 1680 1658 72 1586 1546 1526 40 1496 753 717 197 520 185 157 87 335 72 263 156 79 77 107 85 162 105 80 48
internal_count=1760 1716 44 1680 1658 72 1586 1546 1526 40 1496 753 717 197 520 185 157 87 335 72 263 156 79 77 107 85 162 105 80 48
is_linear=0
shrinkage=0.05


Tree=288
num_leaves=31
num_cat=0
split_feature=188 310 310 122 266 266 122 133 93 268 311 103 252 109 174 155 168 270 158 89 199 258 265 268 101 123 123 216 193 178
split_gain=0.003759 0.00923671 0.0181744 0.0215453 0.0117381 0.0118162 0.0105889 0.0142127 0.0206557 0.0188587 0.0113889 0.0188708 0.0164804 0.015836 0.0118886 0.0111264 0.0107136 0.00947233 0.0201649 0.0107835 0.00940048 0.00898262 0.00894968 0.00847396 0.00828566 0.00815643 0.0104041 0.0163997 0.0112741 0.0126475
threshold=-0.0039230230660390322 -0.029256298406772706 -0.043239395714249916 0.016666472451550483 -0.067823778903661314 -0.057623753392669459 0.0064479568105016314 -0.017740001482216855 0.0019564904042959469 0.01071938388000054 0.010858339524578962 -0.069952801939488246 0.026097590914997068 -0.034992127390528108 0.0035780932877164441 -0.0038371568196463143 0.00048995328067438294 0.039412810395566295 0.0085289589674226781 0.095868512498122727 -0.011316230506933459 0.0087179512178982687 0.0059748751211694722 0.012424316431924277 -0.011421272328503597 0.045237571204093933 0.03504155003215826 -0.0011680912933121109 0.019753358151397973 0.020334269385977859
decision_type=2 2 2 2 2 2 2 2 2 2 2 2 2 2 2 2 2 2 2 2 2 2 2 2 2 2 2 2 2 2
left_child=1 2 22 -4 -3 -6 7 8 9 -7 11 -9 14 -12 15 -13 -16 19 -19 21 -15 24 -1 -22 -8 26 28 -28 -2 -30
right_child=25 4 3 -5 5 6 17 10 -10 -11 13 12 -14 20 16 -17 -18 18 -20 -21 23 -23 -24 -25 -26 -27 27 -29 29 -31
leaf_value=0.00038529844806079979 0.00013464370555781637 -0.0011634553063881218 0.0022246845595707949 -1.4341904205225765e-05 0.001078928802162409 -0.0013316334504038837 -0.0003460089590849488 -0.0018724142137216404 -0.0021366747528081763 0.00078977467550430443 0.0014352045828921044 -0.00075297880964801439 0.00087638407842152645 0.00074198961929968475 -0.0019357027449760133 0.00068343287805743913 -0.00041728557782614819 0.00037482559692580253 -0.001755220739869401 0.0010570660011250189 8.0554001963789172e-05 -0.000354640321436111 -0.00086793824510615592 -0.0012884049664717168 0.00067168802509383699 0.00045318667248038687 -0.0015109711644722015 0.00013422325396415105 -0.00010586418358844897 -0.0012417382816033017
leaf_weight=29 733 28 22 21 20 22 28 20 25 20 22 26 27 22 21 28 26 25 20 33 26 72 28 20 70 117 28 33 117 31
leaf_count=29 733 28 22 21 20 22 28 20 25 20 22 26 27 22 21 28 26 25 20 33 26 72 28 20 70 117 28 33 117 31
internal_value=-6.13754e-13 -8.98129e-05 0.000355133 0.00113121 -0.000163847 -0.000115001 -0.000158181 -0.000355473 -0.000998766 -0.000321439 -0.000174378 -0.000444097 -0.000220923 0.000269162 -0.000514262 -8.17275e-06 -0.00109573 8.44565e-05 -0.000571862 0.000229946 -0.000108087 6.93871e-05 -0.000230327 -0.000514646 0.000380917 5.94512e-05 1.05478e-05 -0.000620948 5.42722e-05 -0.000343784
internal_weight=1760 701 100 43 601 573 553 305 67 42 238 148 128 90 101 54 47 248 45 203 68 170 57 46 98 1059 942 61 881 148
internal_count=1760 701 100 43 601 573 553 305 67 42 238 148 128 90 101 54 47 248 45 203 68 170 57 46 98 1059 942 61 881 148
is_linear=0
shrinkage=0.05


Tree=289
num_leaves=31
num_cat=0
split_feature=308 130 319 90 257 326 317 159 329 331 10 262 314 207 281 312 148 164 318 292 189 175 265 284 268 277 265 111 199 208
split_gain=0.0036551 0.0111628 0.00628272 0.00483894 0.0155107 0.0192146 0.0422099 0.0145332 0.0173907 0.0135287 0.0111583 0.0143825 0.00587973 0.0164831 0.0186402 0.0266005 0.0146447 0.0141511 0.0113755 0.0110506 0.0104631 0.0103024 0.0100033 0.00990174 0.00968873 0.0101911 0.0094394 0.00897741 0.00841292 0.00801235
threshold=-0.065092250380712591 -0.006210939549006248 -0.0040809240583022906 0.057210123370350995 0.018330983718192782 -0.012138972106987236 -0.021077285278946017 -0.013724709988180263 -0.00016811429828812342 -0.012603091385774487 0.25211864406779666 -0.00050590134546353376 -0.014529782833980339 -0.0022793751868263432 0.0005619935352127733 0.021174087975730137 0.035990936734366825 0.013262273177050749 0.020481195572335398 0.027904648180474504 -0.0032883365915981973 0.0040969917818499809 -0.092767355312082786 0.0062280702517686351 -0.010740957676206751 0.014562441859775071 0.0014270457164751486 0.01726511651434413 0.061820055984467694 0.0083726003499463939
decision_type=2 2 2 2 2 2 2 2 2 2 2 2 2 2 2 2 2 2 2 2 2 2 2 2 2 2 2 2 2 2
left_child=1 -1 -3 10 5 9 -7 -8 -9 -5 12 -12 13 16 18 19 17 23 21 24 -19 27 -14 -2 -16 -26 -23 -15 -24 -25
right_child=3 2 -4 4 -6 6 7 8 -10 -11 11 -13 22 14 15 -17 -18 20 -20 -21 -22 26 28 29 25 -27 -28 -29 -30 -31
leaf_value=0.0013523828488541769 0.00010186629918809639 0.0004720070925368755 -0.00065255419214499063 -0.0011636550466601666 -0.00071704912439796522 0.0028230567595788412 -0.00081880701057213774 0.0014179077760451725 -0.00018755736227537838 0.00034205910548085482 -4.6445221648485007e-05 -0.0017774461387445974 -0.00095897641973958039 -0.00061489618413026245 -0.0014704035511762226 -0.0021334132577673398 0.0012053711609526848 0.0015704430617569461 -0.00082376363922864379 0.00046913725140620955 2.6777833852026125e-05 0.00016687795514767261 0.000100280587502032 -0.0014585923487320544 0.00013424889915959764 -0.0012382304349427744 0.0016521208873018622 0.00069384177971187466 -0.00079519986509155754 -0.00016547910686906268
leaf_weight=20 67 27 23 26 37 21 21 37 31 35 28 21 24 38 29 30 30 21 31 25 23 23 918 25 38 21 20 20 27 23
leaf_count=20 67 27 23 26 37 21 21 37 31 35 28 21 24 38 29 30 30 21 31 25 23 23 918 25 38 21 20 20 27 23
internal_value=6.77057e-13 0.000354044 -4.52911e-05 -1.46646e-05 0.000211172 0.000412015 0.000806705 0.000330937 0.000686005 -0.000299721 -4.63609e-05 -0.000788303 -2.0991e-05 -0.000167353 -0.000414408 -0.000809909 0.000192119 9.39675e-07 1.40509e-05 -0.000458537 0.000763527 0.000271202 4.90937e-05 -0.000290833 -0.00072208 -0.000354261 0.000857689 -0.000163607 7.46954e-05 -0.000838976
internal_weight=1760 70 50 1690 208 171 110 89 68 61 1482 49 1433 464 275 143 189 159 132 113 44 101 969 115 88 59 43 58 945 48
internal_count=1760 70 50 1690 208 171 110 89 68 61 1482 49 1433 464 275 143 189 159 132 113 44 101 969 115 88 59 43 58 945 48
is_linear=0
shrinkage=0.05


Tree=290
num_leaves=31
num_cat=0
split_feature=294 332 327 232 235 8 232 331 312 207 202 169 332 128 191 278 265 92 237 157 268 100 327 11 133 202 113 336 112 81
split_gain=0.00371931 0.0101694 0.0077772 0.00486278 0.0143448 0.0109105 0.00819356 0.00886652 0.011069 0.0104133 0.00901101 0.0156719 0.0178731 0.0150787 0.0142075 0.0116192 0.0104082 0.0100805 0.0131849 0.0107553 0.00899949 0.0087474 0.00858717 0.00965258 0.0151269 0.0109581 0.0105217 0.00852648 0.00791627 0.0171788
threshold=0.063758564059846715 -0.020111875564484204 -0.0074619095587989516 -0.0041424180694857498 -0.088218716751490983 0.28880463871543272 -0.0050541245483349045 0.032625090999682686 -0.01523625356496954 0.0001656649722839901 0.0032671650180256489 0.006556846870122905 0.03058051428940289 0.0066272875415516229 -0.011030555526760395 0.055784776478957257 -0.00097484542091486742 0.03476015965431329 -0.0057852735270032896 0.0011939241431186769 -0.0017325300150205206 -0.0076561761658974518 0.011828464758342287 3.659045896839749 -0.003857729466069324 -0.014395906203707185 -0.00042288326161330582 0.00035892722776379691 0.036540553976723511 -0.50417404817943212
decision_type=2 2 2 2 2 2 2 2 2 2 2 2 2 2 2 2 2 2 2 2 2 2 2 2 2 2 2 2 2 2
left_child=3 -2 -3 5 -5 6 7 10 -9 -10 15 12 13 20 -13 17 -16 22 19 -19 21 -12 23 25 -25 26 -1 -24 -6 -30
right_child=1 2 -4 4 28 -7 -8 8 9 -11 11 14 -14 -15 16 -17 -18 18 -20 -21 -22 -23 27 24 -26 -27 -28 -29 29 -31
leaf_value=6.6749100220807707e-05 0.0010405013701998659 -0.00087344228086294606 0.00042742668819199841 0.00116933440606642 -3.4768328229196166e-05 -0.0012420167761211772 -0.00093663647119818195 -0.0015667206901707688 -0.00087397976485253492 0.00052797121058504746 -0.00093845401901159094 -0.0017652335098828191 0.0014858979659584295 -0.0010523992516937141 0.00035395697944165609 0.001243665488982515 -0.00098643484981342537 0.0019264038605218627 -0.0001432607048136069 0.0004242894840549875 0.00084684609239903856 0.00048821341700940621 0.0012649321396436012 4.2804148820736867e-05 -0.0018113607429602946 0.00029749243403784934 -0.0015178203181130813 -2.3867074262604794e-05 0.001432560303170855 7.5879769089321305e-05
leaf_weight=22 31 20 27 28 851 21 27 20 27 26 22 25 20 32 28 24 30 22 37 26 34 21 21 22 22 86 20 33 30 105
leaf_count=22 31 20 27 28 851 21 27 20 27 26 22 25 20 32 28 24 30 22 37 26 34 21 21 22 22 86 20 33 30 105
internal_value=-1.12516e-12 0.000337528 -0.000126135 -1.56523e-05 5.33508e-05 -0.000120397 -8.39916e-05 -4.68603e-05 -0.000564447 -0.00018623 2.22143e-05 -0.00023289 0.000111941 -0.000140161 -0.000768832 0.000183653 -0.000339349 0.000101852 0.000566021 0.00111276 0.000238951 -0.000241709 -7.2725e-05 -0.000245418 -0.000884278 -2.58092e-05 -0.000687808 0.000477333 2.16596e-05 0.000377364
internal_weight=1760 78 47 1682 1014 668 647 620 73 53 547 212 129 109 83 335 58 311 85 48 77 43 226 172 44 128 42 54 986 135
internal_count=1760 78 47 1682 1014 668 647 620 73 53 547 212 129 109 83 335 58 311 85 48 77 43 226 172 44 128 42 54 986 135
is_linear=0
shrinkage=0.05


Tree=291
num_leaves=31
num_cat=0
split_feature=244 334 179 243 276 335 330 203 166 193 256 324 244 123 134 138 279 100 276 183 252 132 320 244 194 84 88 93 157 124
split_gain=0.00353835 0.00949194 0.0125093 0.0193024 0.0136225 0.0160043 0.0115911 0.00916821 0.0101539 0.0101259 0.00793698 0.00664834 0.00627253 0.0170776 0.0157266 0.0141506 0.0122209 0.012164 0.00900616 0.0175337 0.00838622 0.0102069 0.015074 0.0141967 0.0122239 0.0164265 0.0149275 0.0148266 0.0152842 0.013712
threshold=-0.036572914145098195 -0.0407037105932887 0.011246395583835977 -0.015270138827633464 0.030025721306057941 -0.025394354762208766 0.0092419176284395856 -0.010310908736515639 -0.0091202148867516458 -0.0038273208588814225 -0.0073975066927968241 0.011619189034481168 -0.020757736140166527 0.036451995911059784 0.0032334730602604856 0.014681843617441197 0.0053060190943821977 0.013324009658218545 0.075550511197971251 0.014721696626116004 0.079552291336394673 -0.0081080162287815189 -0.064556627223200172 -0.014612282158283155 -0.0063734958172985941 0.15829430082842141 0.054216584009795357 0.060658264758910001 0.0010427053878949732 -0.00088403138293454309
decision_type=2 2 2 2 2 2 2 2 2 2 2 2 2 2 2 2 2 2 2 2 2 2 2 2 2 2 2 2 2 2
left_child=1 -1 4 -4 5 -3 -6 11 -9 -10 -5 -7 13 14 15 16 -2 -16 20 -20 21 23 -23 -14 27 26 -26 28 29 -25
right_child=12 2 3 10 6 7 -8 8 9 -11 -12 -13 18 -15 17 -17 -18 -19 19 -21 -22 22 -24 24 25 -27 -28 -29 -30 -31
leaf_value=0.0010471411372741891 0.0016925385049034959 0.0016505578029900791 -0.0015803839578158937 -0.00061287572444416582 0.00020835527958787192 0.00025889084830520338 -0.0013927125890040772 0.0013082926294737264 -0.00052526378203765489 0.00071448033271735766 0.00056821897124984498 -0.0010006869431526866 0.0013963188814712973 -0.0016276191771877084 -0.0012797686375253963 -0.00067215041301096792 1.9033879798371345e-05 0.00015589377621654421 0.0014992810665197405 -0.00032249627728015188 -0.00069568377835417376 -0.001404337110315365 -7.5585054382217658e-05 -0.00034408944185189389 0.00033195921098344903 -0.00026322265132746128 0.001371892648555028 0.00096827429055834245 8.3227561275555717e-05 -0.0018193877624331175
leaf_weight=27 24 25 26 25 26 22 20 30 28 40 33 20 23 22 36 20 20 25 28 25 45 22 716 36 148 84 45 22 69 28
leaf_count=27 24 25 26 25 26 22 20 30 28 40 33 20 23 22 36 20 20 25 28 25 45 22 716 36 148 84 45 22 69 28
internal_value=1.58578e-12 0.000149819 6.76907e-05 -0.000448341 0.000273125 0.000485251 -0.000487761 0.00027716 0.000542047 0.000203997 5.91264e-05 -0.000340908 -3.35477e-05 -0.000343016 -0.000116926 0.000430603 0.000931855 -0.000691382 1.69001e-06 0.000639952 -2.56346e-05 -3.60346e-07 -0.000115196 0.0001859 0.000121456 0.000320413 0.000574431 -0.000234099 -0.000432988 -0.000989532
internal_weight=1760 322 295 84 211 165 46 140 98 68 58 42 1438 147 125 64 44 61 1291 53 1238 1193 738 455 432 277 193 155 133 64
internal_count=1760 322 295 84 211 165 46 140 98 68 58 42 1438 147 125 64 44 61 1291 53 1238 1193 738 455 432 277 193 155 133 64
is_linear=0
shrinkage=0.05


Tree=292
num_leaves=31
num_cat=0
split_feature=128 231 231 245 207 303 239 280 267 295 207 144 279 295 115 310 153 101 263 191 91 165 262 222 301 104 199 324 213 276
split_gain=0.00351478 0.00933367 0.0284516 0.0228192 0.0146564 0.026884 0.0174361 0.0157284 0.0174246 0.0149065 0.0120553 0.0117622 0.0131725 0.0182039 0.0117573 0.0108604 0.0107897 0.011404 0.0108612 0.0107431 0.0197921 0.0168334 0.0189298 0.0126035 0.0155708 0.0149494 0.0181188 0.0196958 0.0128534 0.0127381
threshold=-0.0064095635688855681 0.0024613626031779984 0.0017539216264806569 -0.062448770050638355 -0.0022793751868263432 -0.047806504299799137 0.0071448379119339817 0.032032790093685835 0.013159845823659812 0.040362124111538437 -0.005024198560448302 0.018388083111272772 -0.00022654743188238937 -0.010869790313920611 -0.024529309911967265 -0.013009420864983219 0.01473234841327563 0.0020032546164479095 -0.011958682288643959 -0.022151388834812536 -0.0077366124538564727 0.021999752597197424 -0.0085703911789396792 0.004142384236938826 0.011778217104717013 -0.019963080877399463 0.0054138912160528281 0.013566126553877548 0.014874276448772924 -0.015332027720431327
decision_type=2 2 2 2 2 2 2 2 2 2 2 2 2 2 2 2 2 2 2 2 2 2 2 2 2 2 2 2 2 2
left_child=-1 2 3 -2 5 -5 7 9 -9 11 16 12 13 -6 -8 -16 18 -18 -7 20 -3 23 -23 24 29 -25 27 -27 -26 -21
right_child=1 19 -4 4 6 10 14 8 -10 -11 -12 -13 -14 -15 15 -17 17 -19 -20 21 -22 22 -24 25 28 26 -28 -29 -30 -31
leaf_value=-8.5421608007611496e-05 0.0017441767380616858 -0.001763392993150494 0.0020479459413400036 0.0021316919937089552 -0.0017837742250994782 -0.0012576940221428548 0.0013287567619786221 -0.0022658990995426263 -0.00025234056017573245 -0.0012900074467045042 0.00099999331279449453 0.00087578011199741844 0.00024819752498057813 -2.7485947551516195e-05 0.00092413229206365292 -0.00050159346554959057 -1.5773120139783714e-05 0.0014837433854977247 -1.5678195826088389e-05 -0.00092596789336312217 0.00013642301421676729 -0.00016773584112524987 0.0017416443835288561 -0.00054547053885636908 -0.0020854409961473374 -0.0002120627355085866 0.0019065212964778765 0.0015924185034964468 -0.00048334127434739661 9.1662685741382194e-05
leaf_weight=715 21 26 20 20 25 23 27 21 22 26 38 31 73 36 22 34 32 21 75 40 29 25 27 44 21 62 20 20 31 133
leaf_count=715 21 26 20 20 25 23 27 21 22 26 38 31 73 36 22 34 32 21 75 40 29 25 27 44 21 62 20 20 31 133
internal_value=-1.55427e-12 5.84464e-05 0.000195648 0.000127923 6.33954e-05 0.000388443 -0.000150911 -0.00037176 -0.00123571 -0.000177259 0.000203972 -1.91665e-06 -0.000204966 -0.000747276 0.000471725 5.85131e-05 3.6493e-06 0.000578375 -0.000307172 -0.000104302 -0.000761672 -1.88279e-05 0.000823673 -0.000136914 -0.000371669 0.000224864 0.000557166 0.000228055 -0.00113034 -0.000143628
internal_weight=1760 1045 567 547 526 209 317 234 43 191 189 165 134 61 83 56 151 53 98 478 55 423 52 371 225 146 102 82 52 173
internal_count=1760 1045 567 547 526 209 317 234 43 191 189 165 134 61 83 56 151 53 98 478 55 423 52 371 225 146 102 82 52 173
is_linear=0
shrinkage=0.05


Tree=293
num_leaves=31
num_cat=0
split_feature=301 206 277 127 188 302 199 302 303 139 99 297 317 317 177 247 153 149 334 230 323 323 320 241 326 1 209 169 186 131
split_gain=0.00374127 0.010158 0.0183078 0.012081 0.00691606 0.00582402 0.0161628 0.00820457 0.00615352 0.0120224 0.0178861 0.00678437 0.00729587 0.0134508 0.00914417 0.0131219 0.0121672 0.0147518 0.00800262 0.0138278 0.00927162 0.0085607 0.0202874 0.016114 0.0117876 0.0168111 0.0104232 0.0103197 0.0121739 0.0128226
threshold=0.045817531668576932 -0.019934830945897413 -0.0079052520234424526 -0.0088853237020231225 -0.0023487781102870275 0.063287260127861622 -0.0030234010426609696 0.053915030376800267 0.048420456510162559 -0.0063625291291491684 0.010924133913714868 0.073988698961723734 0.03892382837343477 0.03401201906401554 0.0052582856140429542 -0.025345519116648244 0.0017282180795888003 -0.0051698681382425218 -0.058772884008983561 -0.0022265645603988362 0.064265418099098748 0.025674306714321912 0.023471106853290492 0.0037911998987720393 0.018340554294051566 4.5798392285869785 0.099257796682043167 -0.049548531415002102 0.033639977714912055 0.0005857070030087794
decision_type=2 2 2 2 2 2 2 2 2 2 2 2 2 2 2 2 2 2 2 2 2 2 2 2 2 2 2 2 2 2
left_child=5 -2 3 -3 -4 7 -7 8 11 -10 -11 12 13 18 16 -16 17 -14 19 -1 21 27 24 -24 25 26 -23 -20 -29 -30
right_child=1 2 4 -5 -6 6 -8 -9 9 10 -12 -13 14 -15 15 -17 -18 -19 20 -21 -22 22 23 -25 -26 -27 -28 28 29 -31
leaf_value=0.0016664495745135355 -0.00053972165705999946 0.00047212994439810839 -0.00075159737648589173 0.0021308509185300434 0.00031831116020012736 -0.0015786703874420547 0.00016061730258276358 0.00080160066680682283 -0.0013045899166846302 0.00059936305034893737 -0.0012105645591786709 -0.00079576971956367534 0.00156806378508918 0.0011210968976856435 -0.00011006849012558412 -0.0016732008497929202 -0.00066186505460600047 -0.00023815446217598105 -0.0011225621946366682 -9.7426933236420161e-05 -0.00083230159907543566 0.0012236414985690156 0.00032400661696626166 -0.0015146234424636615 -0.00036000396946540359 0.0020739205920108361 6.3693670365157443e-05 -4.0134748256852047e-05 0.0017461882959469222 1.5125065755969644e-05
leaf_weight=20 32 23 23 21 44 22 34 31 27 39 21 26 20 29 29 25 38 26 21 25 32 34 26 22 22 24 45 936 20 23
leaf_count=20 32 23 23 21 44 22 34 31 27 39 21 26 20 29 29 25 38 26 21 25 32 34 26 22 22 24 45 936 20 23
internal_value=-1.12237e-12 0.000245138 0.000471404 0.00126379 -4.89709e-05 -2.16789e-05 -0.000522674 -3.70593e-06 -2.00226e-05 -0.000428398 -3.41116e-05 4.59878e-06 1.92844e-05 5.65517e-05 -0.000326113 -0.000833741 2.189e-07 0.000547158 3.18543e-05 0.000686518 7.40627e-06 3.03139e-05 0.000355066 -0.000518699 0.000690592 0.000914991 0.000562912 -2.58683e-05 -2.3437e-06 0.000820271
internal_weight=1760 143 111 44 67 1617 56 1561 1530 87 60 1443 1417 1279 138 54 84 46 1250 45 1205 1173 173 48 125 103 79 1000 979 43
internal_count=1760 143 111 44 67 1617 56 1561 1530 87 60 1443 1417 1279 138 54 84 46 1250 45 1205 1173 173 48 125 103 79 1000 979 43
is_linear=0
shrinkage=0.05


Tree=294
num_leaves=31
num_cat=0
split_feature=294 120 275 190 286 170 122 297 133 133 284 103 148 258 237 169 162 315 123 132 310 175 120 9 297 263 179 108 243 108
split_gain=0.00343377 0.0101791 0.007762 0.00470407 0.00610709 0.00568691 0.0107073 0.00454407 0.0050096 0.0111394 0.0263706 0.0148946 0.00981896 0.0160759 0.0240756 0.0103756 0.00915 0.0164476 0.0206725 0.0144223 0.017564 0.0238537 0.0140973 0.0118813 0.015787 0.011448 0.0155775 0.0107311 0.0115949 0.0165999
threshold=0.063758564059846715 0.024299387089023065 -0.013668172013177807 -0.060323119252641694 -0.0086515870914025076 -0.055084601032143632 -0.0044355419520286125 0.073988698961723734 -0.0060056189764206951 -0.002860698805068037 0.0034188601614921076 0.0042275180228991223 0.032417835829499454 0.02204084074706188 -0.018654474969259639 0.006556846870122905 0.0044785412091812044 0.025893889092137749 0.041299876569677867 0.035696942434515239 0.0082267759632049277 0.0029339746649978946 0.00033644436310403656 0.016263956892519128 -0.0072574039095982179 -0.038114791257993157 -0.0051608841854984587 -0.06564370051705247 0.0050479082053353662 -0.0023837038519006547
decision_type=2 2 2 2 2 2 2 2 2 2 2 2 2 2 2 2 2 2 2 2 2 2 2 2 2 2 2 2 2 2
left_child=3 2 -2 4 -1 6 -5 8 16 10 11 -10 -11 14 -14 -16 19 18 23 25 21 -21 -19 24 -18 26 -7 -27 29 -29
right_child=1 -3 -4 5 -6 7 -8 -9 9 12 -12 -13 13 -15 15 -17 17 22 -20 20 -22 -23 -24 -25 -26 27 -28 28 -30 -31
leaf_value=0.0011119843366378475 0.00068702302039879305 0.0012653466596800303 -0.00050227557786617098 0.00018585717973663757 -5.5572987381916994e-05 0.0001813640973220269 -0.0013398137338378508 -0.00064438885622491527 0.0010494589780656886 3.8800499834539753e-05 -0.0018730871406400446 -0.00083371298844992598 -0.0024058476719073952 0.0003030519493111614 0.00042303545614350181 -0.0010788149860910263 0.00018972196255792649 -9.3833134005948598e-05 -0.0018293083931150086 0.00013193175273836064 0.00060104909935034814 -0.0021709878017480313 0.0012200161551092087 0.00014357598503755237 -0.0014368176636552173 -0.00053977363460165054 0.0020852100679886378 0.0013891840483455991 -4.2894887674458705e-05 0.00029328979945400264
leaf_weight=21 23 21 34 23 24 21 23 28 21 720 28 21 20 41 23 23 26 49 22 23 28 22 35 99 35 35 22 52 94 103
leaf_count=21 23 21 34 23 24 21 23 28 21 720 28 21 20 41 23 23 26 49 22 23 28 22 35 99 35 35 22 52 94 103
internal_value=4.58623e-14 0.000324313 -2.23832e-05 -1.50395e-05 0.000489287 -2.89031e-05 -0.000576978 -1.30568e-05 -1.74694e-06 -7.88787e-05 -0.000684511 0.000107873 -2.7616e-05 -0.00047453 -0.000957574 -0.00032789 0.000102138 -0.000125127 -0.000392234 0.000253269 -0.000382163 -0.00099394 0.000453604 -0.000194636 -0.000743538 0.000395124 0.00115542 0.000280008 0.000395238 0.000660945
internal_weight=1760 78 57 1682 45 1637 46 1591 1563 897 70 42 827 107 66 46 666 266 182 400 73 45 84 160 61 327 43 284 249 155
internal_count=1760 78 57 1682 45 1637 46 1591 1563 897 70 42 827 107 66 46 666 266 182 400 73 45 84 160 61 327 43 284 249 155
is_linear=0
shrinkage=0.05


Tree=295
num_leaves=31
num_cat=0
split_feature=81 208 280 269 176 226 9 331 327 268 1 249 322 90 135 319 285 166 234 10 208 211 0 303 179 199 136 273 110 84
split_gain=0.0035479 0.0145113 0.0154643 0.0117012 0.0168637 0.0206761 0.0172121 0.0116201 0.0218239 0.0101744 0.01372 0.010216 0.0100764 0.0182162 0.0146068 0.0131231 0.0125353 0.0113495 0.0152878 0.0093153 0.00896046 0.0113365 0.013948 0.00869497 0.0128475 0.00778115 0.00805739 0.0103568 0.0150429 0.00966456
threshold=-0.44372660130646174 -0.033773445781221219 -0.06263119943199226 -0.0075184901289461845 -0.0039868823471742318 0.012363010915242485 0.021655324909747295 -0.021348718976727601 0.0056675642210176841 0.016972665394371048 5.2600927804663344 -0.00928638891724619 0.00098475640873312616 -0.022672508239656896 -0.0018155091558527243 0.003771838366408228 0.011257549338523262 0.012857724564289092 -0.0010324795121390078 0.0052736688418160852 -0.03754266538213126 -0.0095246011548605226 5.5510178349084196 -0.00055081380243267623 -0.0051608841854984587 0.061820055984467694 -0.039207151604658839 -0.035546290620137456 -0.008404757449091407 1.0000000180025095e-35
decision_type=2 2 2 2 2 2 2 2 2 2 2 2 2 2 2 2 2 2 2 2 2 2 2 2 2 2 2 2 2 2
left_child=1 -1 -3 4 5 6 -4 8 -5 12 11 -11 13 -9 16 17 -15 18 -14 -17 21 -2 -23 -6 -25 26 27 -22 -29 -28
right_child=20 2 3 7 23 -7 -8 9 -10 10 -12 -13 15 14 -16 19 -18 -19 -20 -21 25 22 -24 24 -26 -27 29 28 -30 -31
leaf_value=-0.0010331624119364854 0.001386746866046451 -0.0010887372709641402 0.00054733570778525665 -0.0015735203683208158 0.00040393049332326179 -0.00013018089147018535 0.0022700104862451555 0.0014493224659500731 0.0002363263571638644 0.00071790956258595436 0.0013805823435110076 -0.00051259313310052874 -0.0020918315345490423 -0.00015558844498757805 0.00034358578775526752 0.00069231549823598479 -0.0017247565346769989 0.00013409140943126244 -0.00054408490765266702 -0.00055647625829026643 -0.0012287512271611308 0.00097377424403517093 -0.0008277443347781497 -0.0011574400402849961 0.00013594685224234128 -0.00095463954668957747 -9.9870493125514941e-05 -0.00069230680200370385 0.00063601685441636415 0.00025336743372906845
leaf_weight=38 28 33 29 36 63 35 29 22 31 31 27 37 27 35 76 32 20 22 39 28 26 22 21 32 48 20 344 47 39 443
leaf_count=38 28 33 29 36 63 35 29 22 31 31 27 37 27 35 76 32 20 22 39 28 26 22 21 32 48 20 344 47 39 443
internal_value=1.56427e-12 -8.04955e-05 -3.10401e-05 1.88941e-05 0.000305431 0.000829534 0.00140867 -0.000127159 -0.000736129 -2.41266e-05 0.000427 4.83713e-05 -0.000166509 0.000118019 -0.000105559 -0.000460649 -0.000726195 -0.000849418 -0.00117725 0.000109546 6.26076e-05 0.000603793 9.39628e-05 -3.54197e-05 -0.000381408 2.07968e-05 4.24973e-05 -0.000354297 -8.99275e-05 9.89661e-05
internal_weight=1760 770 732 699 236 93 58 463 67 396 95 68 301 153 131 148 55 88 66 60 990 71 43 143 80 919 899 112 86 787
internal_count=1760 770 732 699 236 93 58 463 67 396 95 68 301 153 131 148 55 88 66 60 990 71 43 143 80 919 899 112 86 787
is_linear=0
shrinkage=0.05


Tree=296
num_leaves=31
num_cat=0
split_feature=307 293 297 335 274 268 132 113 287 85 126 292 148 102 8 331 300 133 135 310 148 148 268 324 199 281 214 281 236 136
split_gain=0.00349262 0.0110219 0.0186716 0.014035 0.017861 0.0103075 0.0101845 0.00777817 0.00555039 0.0136781 0.0276228 0.0107388 0.0150496 0.013876 0.0119236 0.0110137 0.0102081 0.01045 0.00964256 0.0266301 0.0102611 0.0213568 0.0126518 0.0152092 0.0158247 0.0134319 0.0159026 0.0135375 0.0129369 0.0143874
threshold=0.042658833732887043 -0.02337867058590563 -0.0093488027286692827 0.028589353455930291 0.02643294959906459 -0.010393859315780718 -0.015754412912093198 -0.00042288326161330582 -0.0090432061339673925 0.20306578289346125 -0.0020006873039587099 -0.021774804671917551 0.0057469308679760842 -0.020375872495445833 0.026153290773673815 0.030586736138215897 -0.064014404788412901 0.021773292317844004 0.049103852806476528 0.0082267759632049277 -0.022791650930531145 -0.029560520344166726 0.022335904701161636 0.0021296706156923302 -0.0091127913822858422 0.042448235338882735 0.0012134102459213127 0.037260968120969566 0.01864461516683022 -0.023307672382093473
decision_type=2 2 2 2 2 2 2 2 2 2 2 2 2 2 2 2 2 2 2 2 2 2 2 2 2 2 2 2 2 2
left_child=8 2 -2 4 5 6 -3 -7 9 11 -11 12 14 -14 -1 -13 17 -10 20 -20 21 -18 25 -24 -25 27 -27 28 29 -22
right_child=1 3 -4 -5 -6 7 -8 -9 16 10 -12 15 13 -15 -16 -17 18 -19 19 -21 22 -23 23 24 -26 26 -28 -29 -30 -31
leaf_value=0.00050457514614960105 -0.0016173487350897632 -0.0010099048550182487 0.000398292823444569 -0.00055563236318417265 0.0020327791526142391 0.00029362426247206278 0.00054906774656212135 0.001544885077442893 -0.0014361438199715772 -0.0022743571491446349 -5.8586578383349269e-05 0.00018472644889553768 -0.00012623337514179928 -0.0017574528541445034 -0.00077669680467806756 -0.00060729327253248623 5.2661343943327663e-07 8.8119146213020113e-05 -0.00027942996145406316 0.0018904050373328993 0.00097235961028491148 -0.001302448460667553 8.3877611058009676e-05 4.3631634087598125e-05 0.0017059146463530275 -7.3255094267973082e-05 -0.0017158809543141853 0.0013473213744527174 -0.00045169244943406062 6.6910115662351178e-05
leaf_weight=46 20 20 27 29 20 27 22 23 23 22 39 315 22 32 30 51 135 22 31 26 50 41 79 22 41 41 23 21 102 358
leaf_count=46 20 20 27 29 20 27 22 23 23 22 39 315 22 32 30 51 135 22 31 26 50 41 79 22 41 41 23 21 102 358
internal_value=-1.01879e-12 0.000203674 -0.000459427 0.000424708 0.000678546 0.000384148 -0.0001933 0.000869204 -2.4358e-05 -0.000151185 -0.000857717 -6.42927e-05 -0.000454662 -0.00109288 -1.1901e-06 7.4363e-05 4.52405e-05 -0.000690949 7.93936e-05 0.000710319 4.0004e-05 -0.000303007 0.000121917 0.000545977 0.00112543 2.07129e-05 -0.000663574 0.000103188 5.19592e-05 0.000177872
internal_weight=1760 188 47 141 112 92 42 50 1572 557 61 496 130 54 76 366 1015 45 970 57 913 176 737 142 63 595 64 531 510 408
internal_count=1760 188 47 141 112 92 42 50 1572 557 61 496 130 54 76 366 1015 45 970 57 913 176 737 142 63 595 64 531 510 408
is_linear=0
shrinkage=0.05


Tree=297
num_leaves=31
num_cat=0
split_feature=84 84 98 205 259 139 260 137 260 95 267 293 233 305 259 173 259 328 186 189 263 258 331 327 222 180 318 274 135 274
split_gain=0.0034029 0.00594298 0.00412586 0.00879555 0.0106737 0.0100602 0.00835306 0.00964183 0.00913138 0.00811781 0.0111045 0.0133167 0.00953914 0.00840391 0.00815166 0.0112245 0.0110172 0.00854055 0.0085637 0.0131491 0.0210143 0.0204867 0.0107327 0.00776582 0.00821085 0.0138565 0.00972407 0.0114235 0.0131299 0.0106256
threshold=-0.50822582261722049 -0.48616611796302417 -0.045046010130702176 0.0065310085199435626 -0.01274275751270992 0.0047866188662248274 0.0034711959975533067 -0.002151101874679272 -0.0097315194665755222 -0.061591673401731044 0.053664626062106945 0.03546838107389879 -0.0099948927974835757 0.0019198093254715872 -0.073425473393115115 0.012047282623265926 -0.065306269330683328 0.056905457877829801 0.018409506822171188 -0.021650732932000628 -0.0027430790413221729 -0.0065236474676937826 -0.0092433124122863006 0.058673186425982522 -0.023405199509234424 0.0036976335783906172 -0.048103135983161814 0.048523829385608591 -0.0013535366743261279 0.039587395647709932
decision_type=2 2 2 2 2 2 2 2 2 2 2 2 2 2 2 2 2 2 2 2 2 2 2 2 2 2 2 2 2 2
left_child=-1 -2 3 6 -5 -6 8 -8 -3 10 11 12 13 -4 15 -11 -16 18 23 22 21 -21 -20 24 25 -18 -26 29 -29 -28
right_child=1 2 9 4 5 -7 7 -9 -10 14 -12 -13 -14 -15 16 -17 17 -19 19 20 -22 -23 -24 -25 26 -27 27 28 -30 -31
leaf_value=0.000632671578066601 -0.00084367444838530251 -0.0005137810022193555 0.00043895951743858552 0.0010622731177136302 -0.00092166481854860649 0.00059671133072697563 -0.0017846065761876247 -0.000367314960645412 0.00066892890160185443 0.0011153486047987826 0.0014158756548394672 -0.00068961294737699286 0.00011185353579749455 0.0017621429084101693 -0.0012058306136168541 -0.00026375341782113536 -1.3359398337453251e-05 0.00068673705667961476 -0.00036105862741048141 -0.0025398162865630271 -0.00011725031292169458 -0.000592672827021618 0.0010000672361327038 0.00074490595128736455 0.00080809569394776383 -0.0012440573063213379 4.1324226803033417e-06 -1.6283787103490004e-05 -0.0015740241501286318 0.00080433182387919678
leaf_weight=21 21 51 30 25 24 20 21 28 24 36 21 34 93 20 20 25 66 41 30 22 90 35 28 35 39 35 726 31 24 44
leaf_count=21 21 51 30 25 24 20 21 28 24 36 21 34 93 20 20 25 66 41 30 22 90 35 28 35 39 35 726 31 24 44
internal_value=8.18158e-13 -7.64008e-06 2.5792e-06 -0.000215228 0.000237262 -0.000231494 -0.000467017 -0.000974726 -0.000135314 3.01443e-05 0.000328791 0.000199815 0.000411287 0.000968233 -1.44164e-05 0.000550143 -4.16187e-05 -2.29315e-05 -4.70779e-05 -0.000341473 -0.000593007 -0.0013442 0.000296037 1.32731e-05 -1.32628e-05 -0.000439839 3.66031e-05 1.3256e-07 -0.000696025 4.98581e-05
internal_weight=1760 1739 1718 193 69 44 124 49 75 1525 198 177 143 50 1327 61 1266 1246 1205 205 147 57 58 1000 965 101 864 825 55 770
internal_count=1760 1739 1718 193 69 44 124 49 75 1525 198 177 143 50 1327 61 1266 1246 1205 205 147 57 58 1000 965 101 864 825 55 770
is_linear=0
shrinkage=0.05


Tree=298
num_leaves=31
num_cat=0
split_feature=127 127 86 128 122 101 317 167 121 193 112 205 266 141 327 235 107 123 98 98 187 127 151 178 246 217 143 149 162 274
split_gain=0.00341154 0.00916935 0.020365 0.0288286 0.00852425 0.0148761 0.0101817 0.00741875 0.00671727 0.00649788 0.00579056 0.00903648 0.0127079 0.0109941 0.00904229 0.00818774 0.00792716 0.00748042 0.0144877 0.0132958 0.0236668 0.0119508 0.0136791 0.0144905 0.0110573 0.0176943 0.0155243 0.0179674 0.0150096 0.0108378
threshold=0.055316088372763472 0.037940572477701939 -0.048764077483168168 -0.0071171456829794187 0.016666472451550483 -0.013808283478494289 -0.017684687176944252 -0.0026241780908976375 -0.030868268287800763 0.0034781010666935955 -0.054300797082307797 -0.010572606596237613 -0.017075933827309899 0.010424726792598921 0.0038317711420438462 0.012468423575276803 -0.11334430912228936 0.0037429049889926851 -0.017444647002031393 -0.030659458171173441 -0.0033538742293869979 0.004292325191522341 0.0054758379500180901 -0.011829925929072041 -0.020042637454901303 -0.0036911521546848258 0.0066181570450105998 -0.0059474332444139971 0.00022792546518916345 -0.013243488607335171
decision_type=2 2 2 2 2 2 2 2 2 2 2 2 2 2 2 2 2 2 2 2 2 2 2 2 2 2 2 2 2 2
left_child=1 10 3 -3 5 7 -6 -2 -4 -8 11 15 -13 14 -14 -1 -12 -18 19 29 -21 22 24 -24 25 -20 27 -26 -29 -19
right_child=4 2 8 -5 6 -7 9 -9 -10 -11 16 12 13 -15 -16 -17 17 18 21 20 -22 -23 23 -25 26 -27 -28 28 -30 -31
leaf_value=0.0010282481374981052 -0.00077624725410714752 -0.002636496289189728 -0.00068291875844200454 -9.9775453418260443e-05 -0.0011403919986332767 0.0012757032476843168 0.000774875085213959 0.0005157354683033191 0.00023679747610973816 -0.00044541066497913565 0.00085486290889093654 0.00011372076012776233 0.00030423875155282163 -0.0017197670479719011 -0.0011812743920017966 -0.00036956867785193026 0.00014235011786331597 -0.00087894037022688901 -0.00036307041649706666 0.0019893819776674111 6.3642110021296854e-05 0.00013880787693724687 -0.0010158088931348176 0.00023710926868079695 0.00071169883154248567 -0.0024179410530698743 -0.0014125762953578185 -0.001727169375953963 4.7335529234260325e-05 0.00030833818386063767
leaf_weight=22 20 21 27 24 20 39 24 25 75 20 30 50 21 27 20 20 700 29 20 27 39 134 30 100 36 22 33 22 26 57
leaf_count=22 20 21 27 24 20 39 24 25 75 20 30 50 21 27 20 20 700 29 20 27 39 134 30 100 36 22 33 22 26 57
internal_value=2.39362e-13 -2.10929e-05 -0.000397551 -0.00128358 0.000229742 0.000560963 -0.000204985 -5.84791e-05 -6.65682e-06 0.0002202 1.66814e-05 -0.000267213 -0.000491391 -0.000936326 -0.000420402 0.000362621 5.14883e-05 3.25854e-05 -0.000101041 0.000317641 0.000851445 -0.000251489 -0.000432458 -5.20257e-05 -0.000743503 -0.00143943 -0.000493683 -0.000132689 -0.000765979 -9.20232e-05
internal_weight=1760 1612 147 45 148 84 64 45 102 44 1465 160 118 68 41 42 1305 1275 575 152 66 423 289 130 159 42 117 84 48 86
internal_count=1760 1612 147 45 148 84 64 45 102 44 1465 160 118 68 41 42 1305 1275 575 152 66 423 289 130 159 42 117 84 48 86
is_linear=0
shrinkage=0.05


Tree=299
num_leaves=31
num_cat=0
split_feature=307 299 290 334 293 202 101 315 290 213 313 213 215 172 287 315 177 289 177 167 264 84 311 172 298 234 195 304 324 300
split_gain=0.00330624 0.00954169 0.00921931 0.014656 0.00711486 0.00935048 0.00498618 0.0100258 0.00975438 0.0148374 0.0246719 0.0138735 0.0200219 0.00921594 0.00895098 0.0115923 0.0101849 0.0157338 0.0144359 0.0115606 0.0119301 0.0156637 0.0147299 0.0157686 0.0233881 0.0133871 0.0117082 0.0115842 0.0112876 0.0111152
threshold=0.042658833732887043 0.049213221779254794 0.022315316477556291 0.037881168804723094 -0.02337867058590563 0.0017742002509030747 -0.0017052085749002523 -0.061142627161688466 -0.0043509048395961331 -0.072549807286661369 -0.010187275721892134 -0.15134823762141755 -0.0013547043143218415 -0.055918568884210922 -0.031112954521808261 0.023357287648797274 0.017275800574184329 0.061019700964895111 0.020679844104788042 0.028776755879807835 -0.00094854290254091356 -0.26106970157389303 -0.0042759498884025167 -0.0011733739772362367 0.0073159063480447368 -0.016317912135713684 0.0010300989478748506 0.0024753035045193086 0.007975563850223211 0.011524333084087108
decision_type=2 2 2 2 2 2 2 2 2 2 2 2 2 2 2 2 2 2 2 2 2 2 2 2 2 2 2 2 2 2
left_child=6 2 3 4 -2 -6 7 -1 9 10 -8 12 -10 -9 15 -15 17 19 -18 20 22 27 25 24 -24 -16 -27 -22 -21 -23
right_child=1 -3 -4 -5 5 -7 8 13 11 -11 -12 -13 -14 14 16 -17 18 -19 -20 28 21 29 23 -25 -26 26 -28 -29 -30 -31
leaf_value=0.0011405437680271765 -0.00044392003869870683 -0.00078030209247530874 -0.00038024314728520242 0.0017689780422369952 0.0010988581879294208 4.4093172510521133e-05 0.00018997624772600831 -0.00087421888709758176 4.5814554476620338e-05 -0.00015864371354191759 -0.0018432986208338391 -7.619259185911191e-05 0.0019411894084028478 -0.00010519383910995645 0.00098922164434043234 -0.0014544860972091557 -0.0012693097935644565 0.0016160177465644667 -2.8219426059405563e-06 0.0001308532700932119 -0.0017410850286250935 -0.00011116600214684856 0.0024666908345534469 0.00040657191471065308 0.00025931338110240175 -0.00081426329547650228 0.00044426956923085859 -3.9309759849857072e-05 -0.0013825851664560932 0.00070635967118398506
leaf_weight=21 25 22 36 20 38 47 25 27 38 248 37 388 22 78 30 20 27 20 135 28 20 107 30 66 20 42 33 20 22 68
leaf_count=21 25 22 36 20 38 47 25 27 38 248 37 388 22 78 30 20 27 20 135 28 20 107 30 66 20 42 33 20 22 68
internal_value=4.42655e-13 0.000198166 0.000327842 0.000523927 0.000297554 0.000515635 -2.36992e-05 6.22319e-05 -0.000115979 -0.000331601 -0.00102343 3.32241e-05 0.000740785 3.36763e-05 6.56778e-05 -0.00038056 0.000131144 0.000241613 -0.000213903 0.000185054 0.000267635 2.46418e-06 0.000525607 0.000913972 0.00158374 9.6557e-05 -0.000260509 -0.000890197 -0.00053506 0.000206501
internal_weight=1760 188 166 130 110 85 1572 814 758 310 62 448 60 793 766 98 668 506 162 486 436 215 221 116 50 105 75 40 50 175
internal_count=1760 188 166 130 110 85 1572 814 758 310 62 448 60 793 766 98 668 506 162 486 436 215 221 116 50 105 75 40 50 175
is_linear=0
shrinkage=0.05


end of trees

feature_importances:
Column_303=80
Column_331=76
Column_280=69
Column_162=68
Column_323=66
Column_127=60
Column_304=59
Column_220=57
Column_294=55
Column_215=54
Column_295=54
Column_95=53
Column_290=53
Column_283=52
Column_307=52
Column_0=51
Column_305=50
Column_222=49
Column_176=48
Column_297=48
Column_314=48
Column_315=48
Column_241=47
Column_327=47
Column_332=47
Column_1=46
Column_121=46
Column_263=46
Column_288=46
Column_115=45
Column_251=45
Column_286=45
Column_287=45
Column_309=45
Column_330=45
Column_97=44
Column_173=44
Column_261=44
Column_100=43
Column_102=43
Column_123=43
Column_149=43
Column_253=43
Column_306=43
Column_310=43
Column_148=42
Column_277=42
Column_301=42
Column_167=41
Column_188=41
Column_202=41
Column_210=41
Column_233=41
Column_274=41
Column_284=41
Column_94=40
Column_108=40
Column_189=40
Column_289=40
Column_316=40
Column_81=39
Column_128=39
Column_208=39
Column_237=39
Column_268=39
Column_319=39
Column_61=38
Column_104=38
Column_157=38
Column_165=38
Column_175=38
Column_230=38
Column_243=38
Column_271=38
Column_298=38
Column_308=38
Column_93=37
Column_132=37
Column_171=37
Column_182=37
Column_192=37
Column_238=37
Column_278=37
Column_293=37
Column_322=37
Column_98=36
Column_135=36
Column_136=36
Column_252=36
Column_255=36
Column_259=36
Column_265=36
Column_285=36
Column_296=36
Column_320=36
Column_321=36
Column_324=36
Column_325=36
Column_335=36
Column_106=35
Column_129=35
Column_144=35
Column_159=35
Column_174=35
Column_179=35
Column_185=35
Column_235=35
Column_275=35
Column_300=35
Column_302=35
Column_101=34
Column_110=34
Column_117=34
Column_130=34
Column_211=34
Column_219=34
Column_246=34
Column_249=34
Column_334=34
Column_133=33
Column_141=33
Column_142=33
Column_214=33
Column_276=33
Column_333=33
Column_153=32
Column_158=32
Column_196=32
Column_213=32
Column_242=32
Column_244=32
Column_266=32
Column_273=32
Column_281=32
Column_311=32
Column_312=32
Column_86=31
Column_103=31
Column_112=31
Column_120=31
Column_163=31
Column_181=31
Column_195=31
Column_198=31
Column_234=31
Column_260=31
Column_269=31
Column_279=31
Column_282=31
Column_4=30
Column_11=30
Column_82=30
Column_92=30
Column_147=30
Column_155=30
Column_169=30
Column_177=30
Column_200=30
Column_205=30
Column_217=30
Column_247=30
Column_248=30
Column_256=30
Column_258=30
Column_84=29
Column_87=29
Column_91=29
Column_109=29
Column_113=29
Column_114=29
Column_116=29
Column_137=29
Column_152=29
Column_156=29
Column_168=29
Column_180=29
Column_190=29
Column_193=29
Column_194=29
Column_207=29
Column_225=29
Column_229=29
Column_254=29
Column_317=29
Column_326=29
Column_96=28
Column_218=28
Column_221=28
Column_262=28
Column_299=28
Column_328=28
Column_336=28
Column_124=27
Column_125=27
Column_160=27
Column_170=27
Column_184=27
Column_199=27
Column_226=27
Column_240=27
Column_318=27
Column_8=26
Column_131=26
Column_134=26
Column_138=26
Column_164=26
Column_183=26
Column_186=26
Column_191=26
Column_197=26
Column_228=26
Column_272=26
Column_291=26
Column_313=26
Column_90=25
Column_140=25
Column_151=25
Column_172=25
Column_245=25
Column_257=25
Column_122=24
Column_143=24
Column_146=24
Column_166=24
Column_201=24
Column_209=24
Column_224=24
Column_239=24
Column_264=24
Column_292=24
Column_119=23
Column_161=23
Column_236=23
Column_267=23
Column_105=22
Column_107=22
Column_118=22
Column_139=22
Column_145=22
Column_187=22
Column_203=22
Column_227=22
Column_19=21
Column_88=21
Column_126=21
Column_154=21
Column_212=21
Column_223=21
Column_232=21
Column_9=20
Column_111=20
Column_206=20
Column_270=20
Column_329=20
Column_178=19
Column_83=18
Column_150=18
Column_216=18
Column_7=16
Column_10=16
Column_89=16
Column_99=16
Column_204=16
Column_231=16
Column_250=15
Column_2=13
Column_53=13
Column_80=12
Column_85=12
Column_52=10
Column_6=5
Column_67=5
Column_5=4
Column_49=3
Column_50=3
Column_68=3
Column_55=2
Column_21=1
Column_56=1
Column_65=1
Column_79=1

parameters:
[boosting: gbdt]
[objective: regression]
[metric: l2]
[tree_learner: serial]
[device_type: cpu]
[data_sample_strategy: bagging]
[data: ]
[valid: ]
[num_iterations: 300]
[learning_rate: 0.05]
[num_leaves: 31]
[num_threads: 4]
[seed: 42]
[deterministic: 1]
[force_col_wise: 1]
[force_row_wise: 0]
[histogram_pool_size: -1]
[max_depth: -1]
[min_data_in_leaf: 20]
[min_sum_hessian_in_leaf: 0.001]
[bagging_fraction: 1]
[pos_bagging_fraction: 1]
[neg_bagging_fraction: 1]
[bagging_freq: 0]
[bagging_seed: 400]
[bagging_by_query: 0]
[feature_fraction: 1]
[feature_fraction_bynode: 1]
[feature_fraction_seed: 30056]
[extra_trees: 0]
[extra_seed: 12879]
[early_stopping_round: 0]
[early_stopping_min_delta: 0]
[first_metric_only: 0]
[max_delta_step: 0]
[lambda_l1: 0]
[lambda_l2: 0]
[linear_lambda: 0]
[min_gain_to_split: 0]
[drop_rate: 0.1]
[max_drop: 50]
[skip_drop: 0.5]
[xgboost_dart_mode: 0]
[uniform_drop: 0]
[drop_seed: 17869]
[top_rate: 0.2]
[other_rate: 0.1]
[min_data_per_group: 100]
[max_cat_threshold: 32]
[cat_l2: 10]
[cat_smooth: 10]
[max_cat_to_onehot: 4]
[top_k: 20]
[monotone_constraints: ]
[monotone_constraints_method: basic]
[monotone_penalty: 0]
[feature_contri: ]
[forcedsplits_filename: ]
[refit_decay_rate: 0.9]
[cegb_tradeoff: 1]
[cegb_penalty_split: 0]
[cegb_penalty_feature_lazy: ]
[cegb_penalty_feature_coupled: ]
[path_smooth: 0]
[interaction_constraints: ]
[verbosity: -1]
[saved_feature_importance_type: 0]
[use_quantized_grad: 0]
[num_grad_quant_bins: 4]
[quant_train_renew_leaf: 0]
[stochastic_rounding: 1]
[linear_tree: 0]
[max_bin: 255]
[max_bin_by_feature: ]
[min_data_in_bin: 3]
[bin_construct_sample_cnt: 200000]
[data_random_seed: 175]
[is_enable_sparse: 1]
[enable_bundle: 1]
[use_missing: 1]
[zero_as_missing: 0]
[feature_pre_filter: 1]
[pre_partition: 0]
[two_round: 0]
[header: 0]
[label_column: ]
[weight_column: ]
[group_column: ]
[ignore_column: ]
[categorical_feature: ]
[forcedbins_filename: ]
[precise_float_parser: 0]
[parser_config_file: ]
[objective_seed: 16083]
[num_class: 1]
[is_unbalance: 0]
[scale_pos_weight: 1]
[sigmoid: 1]
[boost_from_average: 1]
[reg_sqrt: 0]
[alpha: 0.9]
[fair_c: 1]
[poisson_max_delta_step: 0.7]
[tweedie_variance_power: 1.5]
[lambdarank_truncation_level: 30]
[lambdarank_norm: 1]
[label_gain: ]
[lambdarank_position_bias_regularization: 0]
[eval_at: ]
[multi_error_top_k: 1]
[auc_mu_weights: ]
[num_machines: 1]
[local_listen_port: 12400]
[time_out: 120]
[machine_list_filename: ]
[machines: ]
[gpu_platform_id: -1]
[gpu_device_id: -1]
[gpu_device_id_list: ]
[gpu_use_dp: 0]
[num_gpu: 1]

end of parameters

pandas_categorical:null
